rutaImagen,etiqueta,estado,m00,m10,m01,m20,m02,m11,m30,m03,m21,m12,mu20,mu02,mu11,mu30,mu03,mu21,mu12,nu20,nu02,nu11,nu30,nu03,nu21,nu12
C:\Users\damba\.cache\kagglehub\datasets\salmaneunus\mechanical-tools-dataset\versions\20\Mechanical Tools Image dataset\Mechanical Tools Image dataset\pliers\000000.jpg,pliers,exito,2477070.0,276979725.0,255983790.0,39747920235.0,36643279680.0,29907297600.0,6414458984325.0,6051671261310.0,4424962982040.0,4918595296530.0,8776745394.936691,10189565920.290302,1283835300.3242764,7159607326.612221,158897534294.66086,30248273440.23828,555889526935.2441,0.0014303981538439391,0.001660653878516605,0.00020923423897917123,7.413845047778287e-07,1.64539987180006e-05,3.132238990470828e-06,5.756291690833244e-05
C:\Users\damba\.cache\kagglehub\datasets\salmaneunus\mechanical-tools-dataset\versions\20\Mechanical Tools Image dataset\Mechanical Tools Image dataset\pliers\000001.jpg,pliers,exito,2183565.0,253133910.0,240709035.0,35051772660.0,31153468575.0,31346080530.0,5306125869720.0,4424514068055.0,4612846834650.0,4335744876930.0,5706744510.21371,4618495019.996495,3441429556.9917083,-80447632025.88979,-27997451603.173344,-49053961309.69922,-34523782725.09766,0.001196895352952673,0.000968653006486505,0.0007217829774760846,-1.1418208104112352e-05,-3.9737742521366825e-06,-6.962396834563961e-06,-4.900078793735807e-06
C:\Users\damba\.cache\kagglehub\datasets\salmaneunus\mechanical-tools-dataset\versions\20\Mechanical Tools Image dataset\Mechanical Tools Image dataset\pliers\000002.jpg,pliers,exito,2244000.0,248636475.0,256796985.0,33390426495.0,32446625085.0,25482190035.0,4997241828135.0,4353760279875.0,3219242667495.0,2904442583325.0,5841363794.275569,3059507658.4892044,-2971061810.37784,3110745930.895477,-59582046248.99441,56527791959.71094,-10662165549.166016,0.0011600282063866823,0.0006075833155575105,-0.0005900189791866923,4.123893207444477e-07,-7.898748443950844e-06,7.493848178960111e-06,-1.4134755155718196e-06
C:\Users\damba\.cache\kagglehub\datasets\salmaneunus\mechanical-tools-dataset\versions\20\Mechanical Tools Image dataset\Mechanical Tools Image dataset\pliers\000003.jpg,pliers,exito,4520130.0,529007190.0,613127610.0,83816673180.0,94662083790.0,71191440090.0,14668724287860.0,15746234992740.0,11042428787520.0,10982608195740.0,21905045179.98759,11495124843.175003,-565105424.7342876,-267898231642.03168,-212574606824.05344,-194510601262.98047,57267670498.08984,0.0010721172962654788,0.0005626156926787906,-2.7658436451187574e-05,-6.167263913004481e-06,-4.893663140109403e-06,-4.4778131028087505e-06,1.3183544940924806e-06
C:\Users\damba\.cache\kagglehub\datasets\salmaneunus\mechanical-tools-dataset\versions\20\Mechanical Tools Image dataset\Mechanical Tools Image dataset\pliers\000004.jpg,pliers,exito,1952025.0,195486570.0,224089410.0,22731098820.0,29319096750.0,24254686845.0,2970150044670.0,4183559263290.0,2956306076055.0,3291112365255.0,3153993480.485958,3593983765.2031345,1813135054.3089497,62015530379.47051,-7394487521.755182,-16343161865.999023,-61354118676.54199,0.0008277325623547463,0.0009432034052824333,0.00047583830901486884,1.1648956503142623e-05,-1.388975680396212e-06,-3.0698887929508877e-06,-1.1524717363189474e-05
C:\Users\damba\.cache\kagglehub\datasets\salmaneunus\mechanical-tools-dataset\versions\20\Mechanical Tools Image dataset\Mechanical Tools Image dataset\pliers\000005.jpg,pliers,exito,1114605.0,110774805.0,125568630.0,13639929855.0,14277828930.0,12497776440.0,1919859425205.0,1638213131610.0,1541237595000.0,1424932873260.0,2630597021.5854497,131579056.65751627,18162135.051476035,41374837301.01512,61659225.77487971,986906078.0322266,1841370551.25,0.002117446032334062,0.00010591190865478838,1.4619244410261381e-05,3.154523969311077e-05,4.701057897120704e-08,7.524425669548349e-07,1.4039082493646839e-06
C:\Users\damba\.cache\kagglehub\datasets\salmaneunus\mechanical-tools-dataset\versions\20\Mechanical Tools Image dataset\Mechanical Tools Image dataset\pliers\000006.jpg,pliers,exito,1686315.0,192440850.0,193520265.0,25272104460.0,25055385825.0,19499618715.0,3622989192270.0,3554224268685.0,2302180520265.0,2268520760475.0,3310916456.14396,2847143020.0257077,-2584751221.1182504,-16720125247.696136,25414616877.482563,-8088265902.361328,2469481383.4921875,0.0011643158674629164,0.001001225442883263,-0.0009089528232002225,-4.5278576892181385e-06,6.882350864153873e-06,-2.190325515862618e-06,6.687426143633008e-07
C:\Users\damba\.cache\kagglehub\datasets\salmaneunus\mechanical-tools-dataset\versions\20\Mechanical Tools Image dataset\Mechanical Tools Image dataset\pliers\000007.jpg,pliers,exito,2994720.0,322872840.0,321287505.0,42702054180.0,43599099555.0,34299808515.0,6276240035100.0,6724280897295.0,4491154460415.0,4270867115715.0,7891831251.089917,9129880105.727602,-339493054.3835164,-29340935612.04675,87774407035.71751,-16916502015.164062,-356882838187.25586,0.0008799648896422895,0.0010180113694871992,-3.785458135507604e-05,-1.890529248821466e-06,5.655582561956656e-06,-1.089983709799771e-06,-2.2995089622104947e-05
C:\Users\damba\.cache\kagglehub\datasets\salmaneunus\mechanical-tools-dataset\versions\20\Mechanical Tools Image dataset\Mechanical Tools Image dataset\pliers\000008.jpg,pliers,exito,6315330.0,724253805.0,666031440.0,107715512625.0,89446935480.0,74001297840.0,17890724995065.0,13667096615070.0,10900342160220.0,9823718100540.0,24656737540.091053,19205494562.664948,-2380428003.2463846,-117651739132.00163,182861010549.04883,86362541386.55469,67869461538.953125,0.0006182206597765864,0.00048154114065418734,-5.968469138809706e-05,-1.1738381734788057e-06,1.8244459130566208e-06,8.616587275810751e-07,6.771490617617646e-07
C:\Users\damba\.cache\kagglehub\datasets\salmaneunus\mechanical-tools-dataset\versions\20\Mechanical Tools Image dataset\Mechanical Tools Image dataset\pliers\000009.jpg,pliers,exito,2879205.0,327860385.0,294899340.0,46901702475.0,39787890210.0,34365466425.0,7500469646535.0,6253382442000.0,4929219716235.0,5159035482225.0,9567635587.665398,9583156357.27482,784734539.4114782,-19282370161.38317,215064387996.9824,-53352848477.259766,467563913481.6738,0.0011541425428904877,0.0011560148111578674,9.466241774278929e-05,-1.370815309664293e-06,1.528927995689392e-05,-3.792941474243572e-06,3.323988521550366e-05
C:\Users\damba\.cache\kagglehub\datasets\salmaneunus\mechanical-tools-dataset\versions\20\Mechanical Tools Image dataset\Mechanical Tools Image dataset\pliers\000010.jpg,pliers,exito,3355035.0,367459335.0,388918095.0,52322168625.0,50971953315.0,43122496395.0,8374421028645.0,7247461571385.0,6235900620945.0,5669660159295.0,12076280615.294518,5888285151.0526705,526343282.3895999,-1453851062.4828002,-26392879977.539696,55381594180.458984,-35057950109.81055,0.0010728501984591512,0.0005231120486625811,4.6760050793631846e-05,-7.05143132117301e-08,-1.280100729243613e-06,2.6861039476332287e-06,-1.7003717494849198e-06
C:\Users\damba\.cache\kagglehub\datasets\salmaneunus\mechanical-tools-dataset\versions\20\Mechanical Tools Image dataset\Mechanical Tools Image dataset\pliers\000011.jpg,pliers,exito,3675315.0,421991850.0,444496875.0,60991421730.0,60343948425.0,48891080385.0,9793349866470.0,8836158985575.0,6850741303095.0,6488010054675.0,12539215193.57455,6585978867.352386,-2145105248.1957266,-89007461852.1066,-54940294563.443924,-33039405913.73828,78309315165.01953,0.0009282847621024602,0.000487563514279973,-0.00015880328108783804,-3.4370828367942684e-06,-2.121556323066472e-06,-1.2758388189147224e-06,3.0239667272169436e-06
C:\Users\damba\.cache\kagglehub\datasets\salmaneunus\mechanical-tools-dataset\versions\20\Mechanical Tools Image dataset\Mechanical Tools Image dataset\pliers\000012.jpg,pliers,exito,1774035.0,199129755.0,218963655.0,22601328555.0,33944052405.0,24545649240.0,2592470276265.0,5761607294295.0,2790325451760.0,3804034144290.0,249650416.54161304,6918045471.11255,-32320740.329883274,-501491707.34130573,-135748070019.87593,7969147599.1171875,1901320391.4101562,7.932460668721758e-05,0.0021981587038482583,-1.0269680499733231e-05,-1.1963501171404868e-07,-3.238382950156058e-05,1.9011063441623557e-06,4.535757699851768e-07
C:\Users\damba\.cache\kagglehub\datasets\salmaneunus\mechanical-tools-dataset\versions\20\Mechanical Tools Image dataset\Mechanical Tools Image dataset\pliers\000013.jpg,pliers,exito,2776440.0,294138675.0,298662375.0,39717650205.0,40521102165.0,39173912175.0,6080874337395.0,6216837617055.0,5873328042705.0,5917121354595.0,8556321261.908984,8393912583.867101,7533338182.818242,60219468888.33277,52101355548.60628,4712130786.619141,3551226275.96875,0.001109968099372317,0.0010888996464508216,0.0009772617002983,4.68830858558332e-06,4.056283408809432e-06,3.668568260584278e-07,2.7647611223285103e-07
C:\Users\damba\.cache\kagglehub\datasets\salmaneunus\mechanical-tools-dataset\versions\20\Mechanical Tools Image dataset\Mechanical Tools Image dataset\pliers\000014.jpg,pliers,exito,2832540.0,285154770.0,296560155.0,37265999370.0,35492779095.0,35000394495.0,5555888938290.0,4674217786905.0,5026280411625.0,4713373391355.0,8559169862.295645,4443641030.356949,5145372927.717863,80960532646.94206,27731659525.336098,88639348504.14844,62861679093.51172,0.00106679148929528,0.0005538432475268898,0.0006413051892707204,5.995607966528293e-06,2.0536939832180735e-06,6.564269856732757e-06,4.655280439000909e-06
C:\Users\damba\.cache\kagglehub\datasets\salmaneunus\mechanical-tools-dataset\versions\20\Mechanical Tools Image dataset\Mechanical Tools Image dataset\pliers\000015.jpg,pliers,exito,3472335.0,386239320.0,446793660.0,53278412250.0,67020829920.0,44310362385.0,8268541831710.0,10675575908820.0,5700152064285.0,6252029659605.0,10315733731.34831,9530819706.067406,-5387975885.561802,47301173330.626495,-400861570496.447,43335966836.23242,183648342038.38672,0.0008555726397116919,0.0007904729597426803,-0.0004468712426246902,2.105318801977937e-06,-1.7841870337075556e-05,1.92883219078921e-06,8.173968640121466e-06
C:\Users\damba\.cache\kagglehub\datasets\salmaneunus\mechanical-tools-dataset\versions\20\Mechanical Tools Image dataset\Mechanical Tools Image dataset\pliers\000016.jpg,pliers,exito,5969550.0,775289760.0,455119410.0,121751898120.0,55984936860.0,58333502415.0,20939910726840.0,8612166676260.0,9178315998615.0,6946801230075.0,21061860854.06578,21286563053.138832,-774708111.7970978,-343283143117.26056,1098084799409.1257,97161555378.23047,-206062698408.37695,0.0005910354780043268,0.0005973410448560862,-2.1739768501102697e-05,-3.942743211342741e-06,1.2611939954389496e-05,1.1159390449305118e-06,-2.3667119156592926e-06
C:\Users\damba\.cache\kagglehub\datasets\salmaneunus\mechanical-tools-dataset\versions\20\Mechanical Tools Image dataset\Mechanical Tools Image dataset\pliers\000017.jpg,pliers,exito,3145680.0,342603465.0,395584815.0,48249029655.0,57705545535.0,43529901735.0,7682349178365.0,9333283417455.0,6084153435435.0,6372441722955.0,10935274209.434584,7958798930.582441,445821879.33001125,45459726022.23051,74809078014.76505,-80511664405.17188,-24534632339.15039,0.0011050974975213492,0.0008043007073269368,4.505389016791144e-05,2.590242716164144e-06,4.262534915761306e-06,-4.587461705989315e-06,-1.3979550312109735e-06
C:\Users\damba\.cache\kagglehub\datasets\salmaneunus\mechanical-tools-dataset\versions\20\Mechanical Tools Image dataset\Mechanical Tools Image dataset\pliers\000018.jpg,pliers,exito,2918475.0,320949375.0,308342940.0,44648763195.0,37540855200.0,34371902625.0,7009274646015.0,5022381693930.0,4834896854865.0,4433546001285.0,9353445841.625164,4963783733.61992,462935140.72739154,41951699650.83923,7244335419.348455,15842931472.105469,207297848380.52148,0.0010981449811120199,0.000582774977981066,5.435108194113863e-05,2.8830994092684606e-06,4.978615727586687e-07,1.0887937020066415e-06,1.4246390710812317e-05
C:\Users\damba\.cache\kagglehub\datasets\salmaneunus\mechanical-tools-dataset\versions\20\Mechanical Tools Image dataset\Mechanical Tools Image dataset\pliers\000019.jpg,pliers,exito,2208300.0,181586775.0,227135385.0,21533347755.0,29032405095.0,18283388055.0,3236490914925.0,4242685161375.0,2157265140225.0,2147265993525.0,6601609832.208427,5670324254.94284,-393776302.43937874,380130251852.96277,90102145402.82802,7205775551.708984,-159041911912.54492,0.0013537351581442059,0.0011627644615625657,-8.074830815590419e-05,5.2455043588180745e-05,1.2433401291939575e-05,9.943414627198552e-07,-2.1946557478795734e-05
C:\Users\damba\.cache\kagglehub\datasets\salmaneunus\mechanical-tools-dataset\versions\20\Mechanical Tools Image dataset\Mechanical Tools Image dataset\pliers\000020.jpg,pliers,exito,3499110.0,450076020.0,462576120.0,65355117900.0,69672384180.0,65747155665.0,10257437189400.0,11321434087170.0,10142022161385.0,10482898277295.0,7463704432.278102,8520643653.336258,6247906131.07784,-68971560749.30238,-141959092026.88095,-105092764965.63672,-130695958988.44531,0.0006095919761168576,0.0006959166255247117,0.0005102926408185582,-3.0114528311455965e-06,-6.198251930895053e-06,-4.588585514818679e-06,-5.706478314237994e-06
C:\Users\damba\.cache\kagglehub\datasets\salmaneunus\mechanical-tools-dataset\versions\20\Mechanical Tools Image dataset\Mechanical Tools Image dataset\pliers\000021.jpg,pliers,exito,3903030.0,428185035.0,423552705.0,49197470535.0,59183186895.0,46329990180.0,5890669850655.0,9317052719475.0,5308342905000.0,6451549267020.0,2223088017.327522,13219693426.382795,-136198861.53174916,5650600494.131736,25381192500.289978,-631173004.3164062,-11629381262.93164,0.00014593278777297593,0.0008677959217895884,-8.940662447871681e-06,1.877542945648609e-07,8.433489322162976e-07,-2.0972185575122696e-08,-3.8641313919027116e-07
C:\Users\damba\.cache\kagglehub\datasets\salmaneunus\mechanical-tools-dataset\versions\20\Mechanical Tools Image dataset\Mechanical Tools Image dataset\pliers\000022.jpg,pliers,exito,2113695.0,215033340.0,201528540.0,27679035690.0,24929685360.0,25568209440.0,4100298696660.0,3563243479710.0,3740562422220.0,3569902331430.0,5802966857.195079,5715109730.814333,5066029578.8925085,103705913489.37872,96537766141.20955,70758513430.08789,67688153238.75391,0.0012988692941943555,0.0012792043664874855,0.001133921737868481,1.5966058681412007e-05,1.4862485535512296e-05,1.0893637012801273e-05,1.0420939272253137e-05
C:\Users\damba\.cache\kagglehub\datasets\salmaneunus\mechanical-tools-dataset\versions\20\Mechanical Tools Image dataset\Mechanical Tools Image dataset\pliers\000023.jpg,pliers,exito,2003025.0,196641465.0,196752390.0,27623542845.0,25409411760.0,21111312810.0,4482734239545.0,3720313713210.0,3062497416450.0,2785617351570.0,8318808377.209418,6082891636.330998,1795688585.7135556,137516747886.86554,29391519332.05237,-3471177740.3535156,-61654147859.29004,0.00207342523966815,0.001516133137949005,0.0004475672316726045,2.4218077726850615e-05,5.1761411655798944e-06,-6.113091940536236e-07,-1.0857913439513787e-05
C:\Users\damba\.cache\kagglehub\datasets\salmaneunus\mechanical-tools-dataset\versions\20\Mechanical Tools Image dataset\Mechanical Tools Image dataset\pliers\000024.jpg,pliers,exito,4391610.0,493220745.0,492621750.0,66957862515.0,70202922900.0,55018400415.0,10052716402575.0,11177207556480.0,7615060707075.0,7831598734245.0,11564350045.004936,14943874721.071884,-307839059.4077338,-64885461555.0365,-50301755108.110725,173317431156.52344,16186732362.324219,0.00059961667018188,0.0007748465209884149,-1.5961591532220737e-05,-1.6054174712698097e-06,-1.2445826006431175e-06,4.288276994350629e-06,4.004974660649021e-07
C:\Users\damba\.cache\kagglehub\datasets\salmaneunus\mechanical-tools-dataset\versions\20\Mechanical Tools Image dataset\Mechanical Tools Image dataset\pliers\000025.jpg,pliers,exito,4994175.0,576076875.0,564653640.0,82797538905.0,79093711590.0,64515685440.0,13211514540465.0,12293436843750.0,9408230681910.0,8990651381490.0,16347211091.143732,15252590050.356401,-616974987.1125858,-110455160393.73282,-98081902214.39464,189274261541.89453,6724334401.2734375,0.0006554146702823312,0.0006115276314148632,-2.473660219448166e-05,-1.981648486150575e-06,-1.759662946928752e-06,3.395722323110627e-06,1.206396065077808e-07
C:\Users\damba\.cache\kagglehub\datasets\salmaneunus\mechanical-tools-dataset\versions\20\Mechanical Tools Image dataset\Mechanical Tools Image dataset\pliers\000026.jpg,pliers,exito,2881245.0,305641725.0,297486825.0,40279127565.0,34887400935.0,36444749940.0,6016195293855.0,4488225137205.0,5257594475250.0,4751298927570.0,7856732363.975574,4172063971.7842298,4887424423.505178,76515573581.54387,24595606921.68813,61885177256.828125,41205148355.79492,0.0009464149264911174,0.0005025630802032863,0.0005887347579397482,5.4299941974434875e-06,1.745448627200537e-06,4.391735403436783e-06,2.9241591744498556e-06
C:\Users\damba\.cache\kagglehub\datasets\salmaneunus\mechanical-tools-dataset\versions\20\Mechanical Tools Image dataset\Mechanical Tools Image dataset\pliers\000027.jpg,pliers,exito,2019855.0,230016120.0,261549930.0,32525179110.0,39628737570.0,29654305980.0,5136244217430.0,6501056179800.0,4359967640580.0,4474134081240.0,6331509039.6957445,5760778789.293014,-130356822.46433634,-9676547822.325235,-122367836078.37613,177989241922.4668,-4929426174.388672,0.0015519111157235575,0.0014120198806125278,-3.195165647311899e-05,-1.6688602211453312e-06,-2.1104098044932975e-05,3.0696811620245836e-05,-8.501506329075386e-07
C:\Users\damba\.cache\kagglehub\datasets\salmaneunus\mechanical-tools-dataset\versions\20\Mechanical Tools Image dataset\Mechanical Tools Image dataset\pliers\000028.jpg,pliers,exito,1599105.0,180063405.0,203167170.0,21688793715.0,30559752840.0,23020291770.0,2759651283735.0,5128564085100.0,2841630911670.0,3486495090330.0,1413183407.863181,4747252118.778503,143137102.59926793,-819904388.4786218,39648687487.130356,53822513883.70508,9015705021.966797,0.0005526428649795828,0.001856471705727914,5.597553581876926e-05,-2.535541702877233e-07,1.2261295585270182e-05,1.6644529584607946e-05,2.788092902692465e-06
C:\Users\damba\.cache\kagglehub\datasets\salmaneunus\mechanical-tools-dataset\versions\20\Mechanical Tools Image dataset\Mechanical Tools Image dataset\pliers\000029.jpg,pliers,exito,1213035.0,137825970.0,118820820.0,15905614290.0,15065397450.0,13346596215.0,1862625975450.0,2216407403190.0,1524568299825.0,1689290768145.0,245721536.33592656,3426502228.1206656,-153916773.24469155,-420297869.3106462,69426905851.37581,1536668092.9580078,7702040231.625488,0.00016699234305705228,0.0023286507324365114,-0.00010460183093098329,-2.593425989531847e-07,4.283950863302126e-05,9.48192998479398e-07,4.752503585583004e-06
C:\Users\damba\.cache\kagglehub\datasets\salmaneunus\mechanical-tools-dataset\versions\20\Mechanical Tools Image dataset\Mechanical Tools Image dataset\pliers\000030.jpg,pliers,exito,1128885.0,128179575.0,125177715.0,17104803555.0,14030137995.0,14217385515.0,2516367328605.0,1588879540035.0,1898357538075.0,1597513762005.0,2550616505.6720123,149662718.40298194,4045530.704765779,-5023538939.91066,-59536637.58295281,752969539.1894531,3560484240.1054688,0.0020014546817025123,0.0001174395083533156,3.174505595419342e-06,-3.710099158513501e-06,-4.3970362654572125e-08,5.561003283041677e-07,2.6295704564302247e-06
C:\Users\damba\.cache\kagglehub\datasets\salmaneunus\mechanical-tools-dataset\versions\20\Mechanical Tools Image dataset\Mechanical Tools Image dataset\pliers\000031.jpg,pliers,exito,2636445.0,347700915.0,335674860.0,53181239655.0,48706880370.0,45905909880.0,8859753044685.0,7702838522970.0,7338175033980.0,6997419709530.0,7325579365.543091,5968415643.438437,1636275594.2489622,-86152136529.35782,-18380550556.09799,135493309747.69531,157170801061.8125,0.001053912477752418,0.0008586607836943645,0.00023540680945074804,-7.633421834185161e-06,-1.6285898596542727e-06,1.2005245959995697e-05,1.3925957879324051e-05
C:\Users\damba\.cache\kagglehub\datasets\salmaneunus\mechanical-tools-dataset\versions\20\Mechanical Tools Image dataset\Mechanical Tools Image dataset\pliers\000032.jpg,pliers,exito,3145170.0,392077800.0,327038520.0,57669938100.0,36711252480.0,42625985895.0,9249907730310.0,4404917925210.0,6484073918535.0,5040435314235.0,8793406385.38998,2705397927.212585,1857269597.6755316,-131620554826.72961,25017205484.556805,24429587563.183594,77757777398.34375,0.000888932726783632,0.0002734909147912892,0.00018775292025364863,-7.502627867627696e-06,1.4260294168011447e-06,1.3925340512921946e-06,4.4323446926781225e-06
C:\Users\damba\.cache\kagglehub\datasets\salmaneunus\mechanical-tools-dataset\versions\20\Mechanical Tools Image dataset\Mechanical Tools Image dataset\pliers\000033.jpg,pliers,exito,2594880.0,287659635.0,283707135.0,37299574455.0,39414677055.0,31400754060.0,5338422079485.0,6241734600705.0,4343444598870.0,4342948508100.0,5410598622.463148,8396002414.974943,-50060968.43897446,3915812097.248282,96465191161.77193,276453306197.7246,-15482828771.794922,0.0008035460306963522,0.001246918295927625,-7.434721236749303e-06,3.6101782622053084e-07,8.893596718709648e-06,2.5487579377242327e-05,-1.4274375399335427e-06
C:\Users\damba\.cache\kagglehub\datasets\salmaneunus\mechanical-tools-dataset\versions\20\Mechanical Tools Image dataset\Mechanical Tools Image dataset\pliers\000034.jpg,pliers,exito,1282905.0,140166360.0,154473900.0,15573161100.0,21758976600.0,16849583235.0,1757811077370.0,3349216914900.0,1877965359945.0,2370985276125.0,259004186.08228987,3158857509.9582577,-27772670.545617096,-261931197.6105432,-31482399254.8455,8878138233.669922,352811615.17089844,0.00015736849367181338,0.001919291944988441,-1.68744119356384e-05,-1.4050797806196936e-07,-1.688813056326032e-05,4.762507343712511e-06,1.8925903877303228e-07
C:\Users\damba\.cache\kagglehub\datasets\salmaneunus\mechanical-tools-dataset\versions\20\Mechanical Tools Image dataset\Mechanical Tools Image dataset\pliers\000035.jpg,pliers,exito,4688175.0,474993855.0,525021540.0,56937644145.0,71112633360.0,54280101210.0,7639099347465.0,10669224417270.0,6613234843440.0,7398222987330.0,8812486213.019855,12316274976.626598,1086266670.411207,84606461861.32083,-53132062747.59571,16759754593.455078,-50025138895.64844,0.00040095055713131684,0.0005603659619194692,4.94229682936779e-05,1.7778454196110496e-06,-1.1164702117567696e-06,3.521746717953843e-07,-1.0511840596385236e-06
C:\Users\damba\.cache\kagglehub\datasets\salmaneunus\mechanical-tools-dataset\versions\20\Mechanical Tools Image dataset\Mechanical Tools Image dataset\pliers\000036.jpg,pliers,exito,1097775.0,126310170.0,119957610.0,15961570470.0,14643635610.0,14262534540.0,2167578657300.0,1994527684470.0,1825445742270.0,1799581821060.0,1428301771.5609772,1535459347.1846695,460192428.09756243,2356495484.4947944,58798052653.49993,-24629011736.24707,14109141370.160156,0.001185204529113899,0.0012741238642900111,0.00038186758632180836,1.8663078008543733e-06,4.656714390683379e-05,-1.9505794529687485e-05,1.117422069159294e-05
C:\Users\damba\.cache\kagglehub\datasets\salmaneunus\mechanical-tools-dataset\versions\20\Mechanical Tools Image dataset\Mechanical Tools Image dataset\pliers\000037.jpg,pliers,exito,1766385.0,204861135.0,198277035.0,29271950565.0,22669235055.0,23002800300.0,4662870297105.0,2637325633065.0,3287558259150.0,2641696294560.0,5512642920.5803385,412602096.5049813,7100928.382417454,-10707426624.196402,70587826.8185447,129428407.70703125,10978118737.677734,0.0017668070599684861,0.00013223934645599283,2.275853992201801e-06,-2.5820918492325925e-06,1.7022227532367994e-08,3.121161118622747e-08,2.6473691492228832e-06
C:\Users\damba\.cache\kagglehub\datasets\salmaneunus\mechanical-tools-dataset\versions\20\Mechanical Tools Image dataset\Mechanical Tools Image dataset\pliers\000038.jpg,pliers,exito,1339260.0,149444025.0,158539110.0,16919750565.0,22007423100.0,17684868630.0,1942362802905.0,3368534151750.0,2007629283570.0,2454602417670.0,243737984.7686586,3239857877.718963,-6037331.738386372,-57636298.78273653,-3720407176.2337785,6048029977.263672,289153971.52441406,0.00013589185290541434,0.0018063261275065978,-3.3660087791104347e-06,-2.7767311954026622e-08,-1.7923723216145375e-06,2.913746000919238e-06,1.3930506815383892e-07
C:\Users\damba\.cache\kagglehub\datasets\salmaneunus\mechanical-tools-dataset\versions\20\Mechanical Tools Image dataset\Mechanical Tools Image dataset\pliers\000039.jpg,pliers,exito,1796730.0,161491755.0,179309370.0,17373630165.0,20960350770.0,16808727135.0,2068445121735.0,2779041332010.0,1852689671205.0,2038517286435.0,2858601789.573516,3065703176.985524,692235035.8841887,-6980382239.178458,75348566768.55539,-5594645934.46875,16414751487.876953,0.000885498893207791,0.0009496519522326688,0.00021443118112878394,-1.6131403580002858e-06,1.7412773370723207e-05,-1.2929018549958284e-06,3.7933879813945516e-06
C:\Users\damba\.cache\kagglehub\datasets\salmaneunus\mechanical-tools-dataset\versions\20\Mechanical Tools Image dataset\Mechanical Tools Image dataset\pliers\000040.jpg,pliers,exito,3335910.0,379251300.0,437111565.0,47518329450.0,62424700485.0,52538495835.0,6420247742640.0,9442965896295.0,6839008166085.0,7762370648805.0,4402193657.460629,5149018510.14179,2844370612.411707,17058342258.04044,-86053052663.06764,-34161031211.378906,-79946257439.3125,0.0003955856174330268,0.00046269606132763374,0.0002555980478078967,8.392686692402605e-07,-4.23380126275478e-06,-1.6807191912880783e-06,-3.933347571344762e-06
C:\Users\damba\.cache\kagglehub\datasets\salmaneunus\mechanical-tools-dataset\versions\20\Mechanical Tools Image dataset\Mechanical Tools Image dataset\pliers\000041.jpg,pliers,exito,925395.0,111585195.0,116349615.0,14957754555.0,15129535815.0,14132978475.0,2150597430315.0,2031597110205.0,1904037931335.0,1866964239195.0,1502683214.4502618,500936232.4993109,103407883.03664917,-15416388429.57054,3400347973.032266,-1533809732.446289,16624504341.43164,0.0017547414619061355,0.0005849626644423315,0.00012075339506519422,-1.871392017455607e-05,4.127674962508196e-06,-1.8618882773412751e-06,2.0180449435898084e-05
C:\Users\damba\.cache\kagglehub\datasets\salmaneunus\mechanical-tools-dataset\versions\20\Mechanical Tools Image dataset\Mechanical Tools Image dataset\pliers\000042.jpg,pliers,exito,4766970.0,528493110.0,444750090.0,63321833580.0,56069452020.0,49382975130.0,8070440114310.0,8186457128730.0,5925033622350.0,6232474229550.0,4730114454.964162,14575034695.156738,75478284.64962219,1411243241.676732,235622569881.54037,479725334.93359375,2215381303.1015625,0.00020815498303445578,0.0006413938031695983,3.3215223881577232e-06,2.844433783702145e-08,4.749094827745478e-06,9.669112377549385e-09,4.4652156596599145e-08
C:\Users\damba\.cache\kagglehub\datasets\salmaneunus\mechanical-tools-dataset\versions\20\Mechanical Tools Image dataset\Mechanical Tools Image dataset\pliers\000043.jpg,pliers,exito,2541075.0,278153235.0,345489555.0,35230209165.0,55722687975.0,35171443140.0,4934281373415.0,9538797003105.0,4264075707600.0,5555026781760.0,4782771706.064227,8749248539.289516,-2646817785.7737055,30811978144.153484,-416499334363.8537,53563452811.85547,175197329580.9961,0.0007407039905753064,0.001354989053600437,-0.0004099105323723667,2.9934766333556645e-06,-4.046416687021305e-05,5.203851036242622e-06,1.702094912158492e-05
C:\Users\damba\.cache\kagglehub\datasets\salmaneunus\mechanical-tools-dataset\versions\20\Mechanical Tools Image dataset\Mechanical Tools Image dataset\pliers\000044.jpg,pliers,exito,1592220.0,176550015.0,201738915.0,23160260505.0,27567572385.0,23575670805.0,3318590320185.0,3975353238465.0,3244231915755.0,3404402481585.0,3583877972.1212363,2006663826.2724211,1206269296.8329594,-44268932326.59106,-26038848242.71358,42250060046.71289,41953676541.021484,0.0014136668180597743,0.0007915319908404021,0.0004758149947744273,-1.383857464859155e-05,-8.13980654676175e-06,1.3207470321408928e-05,1.3114820125152487e-05
C:\Users\damba\.cache\kagglehub\datasets\salmaneunus\mechanical-tools-dataset\versions\20\Mechanical Tools Image dataset\Mechanical Tools Image dataset\pliers\000045.jpg,pliers,exito,4467855.0,562960185.0,502512435.0,86350780305.0,70354009635.0,65201585715.0,14661313862145.0,11090490541605.0,10236676054575.0,9376579126935.0,15416479640.534788,13834998313.095142,1883843001.2368023,-104111541402.23988,65450097193.536354,49819479285.50391,88046856521.16406,0.0007723018472174665,0.0006930761757930919,9.437274031728356e-05,-2.4674661371609405e-06,1.5511815147851493e-06,1.1807324764603582e-06,2.086729617325272e-06
C:\Users\damba\.cache\kagglehub\datasets\salmaneunus\mechanical-tools-dataset\versions\20\Mechanical Tools Image dataset\Mechanical Tools Image dataset\pliers\000046.jpg,pliers,exito,5768865.0,712536810.0,717305310.0,108317823390.0,104814881760.0,83853573465.0,18109438946160.0,16763939125740.0,12379144671135.0,11988909664335.0,20309401351.18021,15624563083.068558,-4743826089.931709,-286350944574.7038,-154368961778.124,82679341012.04297,222484518010.98438,0.0006102620593716021,0.0004694908470702328,-0.00014254369338041707,-3.582388484328218e-06,-1.9312301966839995e-06,1.0343584498151288e-06,2.783388671714106e-06
C:\Users\damba\.cache\kagglehub\datasets\salmaneunus\mechanical-tools-dataset\versions\20\Mechanical Tools Image dataset\Mechanical Tools Image dataset\pliers\000047.jpg,pliers,exito,1758990.0,192568860.0,211364145.0,24226208700.0,29138694705.0,23199878325.0,3332674972080.0,4555388756925.0,2904131208435.0,3177521524365.0,3144357272.9312835,3740709616.0677,60376424.74775194,-8005749495.025827,155034535397.1871,-20163487405.319336,-27003824852.345703,0.0010162607329550334,0.0012090026565756546,1.9513746162233808e-05,-1.9509384606907287e-06,3.778070223526457e-05,-4.913683984882628e-06,-6.580620655558922e-06
C:\Users\damba\.cache\kagglehub\datasets\salmaneunus\mechanical-tools-dataset\versions\20\Mechanical Tools Image dataset\Mechanical Tools Image dataset\pliers\000048.jpg,pliers,exito,2056320.0,210377040.0,233519565.0,27785528280.0,28893070035.0,23934786285.0,4159889387070.0,3811374331275.0,3168585042735.0,2870411753145.0,6262370911.904761,2374149226.0844507,43974122.11309498,35844828810.61401,-9002718565.680994,4210447081.453125,-95554723964.69727,0.0014810079426728312,0.0005614700742553367,1.0399579494365966e-05,5.911528146999469e-06,-1.4847280895585963e-06,6.943868128083145e-07,-1.5758882355962252e-05
C:\Users\damba\.cache\kagglehub\datasets\salmaneunus\mechanical-tools-dataset\versions\20\Mechanical Tools Image dataset\Mechanical Tools Image dataset\pliers\000049.jpg,pliers,exito,2037195.0,238858245.0,236918205.0,35008553985.0,28937058045.0,26997812115.0,5701473731835.0,3682709394885.0,3883883500695.0,3211276851015.0,7002761115.647769,1384351573.394669,-780513796.2898958,-45357683577.16813,-4552762010.824964,-4452892537.6640625,-10750271.255859375,0.0016873458526635524,0.0003335655532752933,-0.00018806820557873844,-7.657188933226126e-06,-7.685877261697185e-07,-7.517279713422097e-07,-1.8148382280038104e-09
C:\Users\damba\.cache\kagglehub\datasets\salmaneunus\mechanical-tools-dataset\versions\20\Mechanical Tools Image dataset\Mechanical Tools Image dataset\pliers\000050.jpg,pliers,exito,6640965.0,756048990.0,798882615.0,109201304550.0,113574301335.0,91154470560.0,17749356306240.0,17724041391105.0,13221378528240.0,13004413133310.0,23127958992.536568,17471787235.130745,204677239.40444165,51133821127.17357,-142089359102.61923,38277009022.41406,25160571253.847656,0.0005244147831656261,0.00039616394673580086,4.6409529762594545e-06,4.4991478951975116e-07,-1.2502117519177255e-06,3.36790642243109e-07,2.213821081690261e-07
C:\Users\damba\.cache\kagglehub\datasets\salmaneunus\mechanical-tools-dataset\versions\20\Mechanical Tools Image dataset\Mechanical Tools Image dataset\pliers\000051.jpg,pliers,exito,2139195.0,231516795.0,211715790.0,30533135175.0,26021575980.0,26184519705.0,4482535777635.0,3751893731760.0,3645938108775.0,3496820220615.0,5476968548.26797,5068097809.32173,3271339208.7418046,-7449476743.105358,173364809129.58807,-84010200137.17969,33077924278.25879,0.0011968493749489263,0.001107501283202541,0.0007148663083827118,-1.1130119611475024e-06,2.590210196734569e-05,-1.2551802070879235e-05,4.942108907945444e-06
C:\Users\damba\.cache\kagglehub\datasets\salmaneunus\mechanical-tools-dataset\versions\20\Mechanical Tools Image dataset\Mechanical Tools Image dataset\pliers\000052.jpg,pliers,exito,3342285.0,351767910.0,362028855.0,44388375300.0,50075422785.0,38652678405.0,6294805337640.0,7887734096115.0,4776802390725.0,5473897069845.0,7365601208.0933895,10861264850.350197,549963141.9260743,72603971417.31319,110740054690.49063,-147012141905.82422,84430920616.78516,0.0006593579419916676,0.0009722846834667433,4.923190316537837e-05,3.555098822420893e-06,5.422455966797273e-06,-7.198541379601987e-06,4.134212779289762e-06
C:\Users\damba\.cache\kagglehub\datasets\salmaneunus\mechanical-tools-dataset\versions\20\Mechanical Tools Image dataset\Mechanical Tools Image dataset\pliers\000053.jpg,pliers,exito,2424030.0,271087695.0,269044125.0,36783049515.0,35828766585.0,35185754760.0,5571587744775.0,5319547766925.0,5170046570160.0,5090462626170.0,6466370934.118978,5967444242.860823,5097615710.7547865,11698101832.116388,18239290831.83358,-52687949480.208984,-47965885520.541016,0.0011004862810297443,0.0010155759063291364,0.0008675432035684258,1.2787051714766017e-06,1.993714522701491e-06,-5.759255171627475e-06,-5.243092148606645e-06
C:\Users\damba\.cache\kagglehub\datasets\salmaneunus\mechanical-tools-dataset\versions\20\Mechanical Tools Image dataset\Mechanical Tools Image dataset\pliers\000054.jpg,pliers,exito,5217300.0,689623530.0,504224505.0,111915052290.0,60780928155.0,65892309315.0,19703622357420.0,8186806262745.0,10523375510535.0,7930001592555.0,20760506235.59237,12050291342.377567,-756164617.992672,-577580680533.8922,-16543705021.405851,-92723624406.8164,42127640411.984375,0.0007626869576035796,0.00044269633591102373,-2.7779519699551693e-05,-9.289623944834092e-06,-2.6608368922773487e-07,-1.4913372807849998e-06,6.775675681340005e-07
C:\Users\damba\.cache\kagglehub\datasets\salmaneunus\mechanical-tools-dataset\versions\20\Mechanical Tools Image dataset\Mechanical Tools Image dataset\pliers\000055.jpg,pliers,exito,2542860.0,280390605.0,367488915.0,39347039835.0,59947348455.0,46101273795.0,6337225082085.0,10415596856595.0,6917189372415.0,8072446613175.0,8429533022.880566,6838603715.660354,5579798288.033995,139611358718.13293,-224473048952.63477,313487409.3105469,-150460404521.6875,0.001303642816332979,0.0010576026671311556,0.0008629260879622079,1.3539874161393124e-05,-2.176998249532944e-05,3.040282762246802e-08,-1.459204295553752e-05
C:\Users\damba\.cache\kagglehub\datasets\salmaneunus\mechanical-tools-dataset\versions\20\Mechanical Tools Image dataset\Mechanical Tools Image dataset\pliers\000056.jpg,pliers,exito,1365015.0,155278935.0,144726270.0,17904414705.0,20387760510.0,16563764955.0,2091996239355.0,3290952957360.0,1930154695245.0,2342382418785.0,240471338.27199703,5043098928.909023,100252779.58621335,547637104.8121406,59939139409.57904,9023098538.97461,1889339426.0576172,0.00012905905259684412,0.0027065910415526246,5.3804868582559164e-05,2.5156447188223365e-07,2.7533850095527807e-05,4.14488170862191e-06,8.678934841084387e-07
C:\Users\damba\.cache\kagglehub\datasets\salmaneunus\mechanical-tools-dataset\versions\20\Mechanical Tools Image dataset\Mechanical Tools Image dataset\pliers\000057.jpg,pliers,exito,887910.0,101932425.0,104185860.0,12805710615.0,12866827740.0,12194463120.0,1732257897885.0,1672086850170.0,1540392105780.0,1529586753630.0,1103827241.2564616,641834864.6639862,233884502.22286016,8717548300.18434,11691372847.119942,-15908422762.186035,-2417469326.1445312,0.001400113403997796,0.0008141143501280645,0.0002966631138554191,1.173470008121969e-05,1.5737768140127994e-05,-2.1414343052800077e-05,-3.254157765578938e-06
C:\Users\damba\.cache\kagglehub\datasets\salmaneunus\mechanical-tools-dataset\versions\20\Mechanical Tools Image dataset\Mechanical Tools Image dataset\pliers\000058.jpg,pliers,exito,8504760.0,968845215.0,971455395.0,141721513455.0,147901426215.0,111854319705.0,23170062083565.0,25407889112415.0,16468486802685.0,17090894645025.0,31352608203.306095,36937026928.646706,1188067978.7096703,-117821295215.89206,75606179687.39606,9675879630.148438,-29153325190.132812,0.0004334605225833013,0.0005106670198327028,1.6425445805866834e-05,-5.585584628152133e-07,3.5842817232776935e-07,4.5870692922681144e-08,-1.3820792306106147e-07
C:\Users\damba\.cache\kagglehub\datasets\salmaneunus\mechanical-tools-dataset\versions\20\Mechanical Tools Image dataset\Mechanical Tools Image dataset\pliers\000059.jpg,pliers,exito,2845035.0,318622755.0,314113080.0,43560631785.0,41726814840.0,28934573835.0,6618504210105.0,6188292040620.0,3510639025575.0,3198802618215.0,7877253547.547729,7046388403.388008,-6243754351.1683235,-24350082788.981724,25392864859.038853,99728512731.65625,-95576143971.72656,0.0009731943915039176,0.0008705452519895424,-0.0007713839195104793,-1.783534063741114e-06,1.8599131610576507e-06,7.304665085723368e-06,-7.000522746958911e-06
C:\Users\damba\.cache\kagglehub\datasets\salmaneunus\mechanical-tools-dataset\versions\20\Mechanical Tools Image dataset\Mechanical Tools Image dataset\pliers\000060.jpg,pliers,exito,1681725.0,177956340.0,180834525.0,25309944930.0,19716059655.0,18755194155.0,4062582390750.0,2177434147455.0,2633979045705.0,2009789609145.0,6479007085.705838,271069878.44579244,-380306723.3472326,13153416954.099745,-913601436.5811641,-7092404183.760742,5268867594.594727,0.002290859710206228,9.584540578015344e-05,-0.0001344695782103482,3.5863373266485472e-06,-2.4909747369253193e-07,-1.9337753793299686e-06,1.4365800604970864e-06
C:\Users\damba\.cache\kagglehub\datasets\salmaneunus\mechanical-tools-dataset\versions\20\Mechanical Tools Image dataset\Mechanical Tools Image dataset\pliers\000061.jpg,pliers,exito,1121745.0,120406155.0,129955140.0,15817431465.0,15377972370.0,13941891420.0,2334192667935.0,1855726308360.0,1830893491890.0,1662683761380.0,2893244451.1207094,322555664.4032741,-7267016.085473856,15265474726.448193,-561961532.1081274,-9729023.959960938,13722765269.121094,0.0022993063782716172,0.0002563400048076839,-5.775210743032841e-06,1.1454468929353483e-05,-4.2166857070432626e-07,-7.300185854635194e-09,1.0296894870070724e-05
C:\Users\damba\.cache\kagglehub\datasets\salmaneunus\mechanical-tools-dataset\versions\20\Mechanical Tools Image dataset\Mechanical Tools Image dataset\pliers\000062.jpg,pliers,exito,2117265.0,231807495.0,191063595.0,30512634705.0,23774132205.0,22416398475.0,4509169751415.0,3657926003025.0,2956903510965.0,2934514779735.0,5133329451.205586,6532408880.652776,1497914797.87667,44473126758.427704,333551294810.6446,-124576338603.90527,61272174387.106445,0.001145113938405795,0.0014572126203286047,0.00033414631379056174,6.8180411558229925e-06,5.113574469251965e-05,-1.9098423375015136e-05,9.393452566248672e-06
C:\Users\damba\.cache\kagglehub\datasets\salmaneunus\mechanical-tools-dataset\versions\20\Mechanical Tools Image dataset\Mechanical Tools Image dataset\pliers\000063.jpg,pliers,exito,2946270.0,334935615.0,310960770.0,45825444885.0,39613289670.0,38724601920.0,6933279638325.0,5743927740120.0,5645918385060.0,5356633297440.0,7749550212.947462,6793283194.356933,3374197258.912063,-38170465806.65118,129008467987.15773,42157258237.87891,141093820976.21094,0.0008927531871935897,0.0007825906093412026,0.0003887097024135432,-2.5618051874059685e-06,8.658384316892698e-06,2.829378173891514e-06,9.46949100172634e-06
C:\Users\damba\.cache\kagglehub\datasets\salmaneunus\mechanical-tools-dataset\versions\20\Mechanical Tools Image dataset\Mechanical Tools Image dataset\pliers\000064.jpg,pliers,exito,1514955.0,171819255.0,164210310.0,23280932625.0,18756836100.0,18944494935.0,3515774139075.0,2253161013210.0,2595641687295.0,2231370553035.0,3793979950.659822,957610439.6364249,320513940.5024411,14765781369.78159,12457569936.729006,-547702085.4443359,34573293764.88281,0.001653086449324004,0.00041724333340740767,0.00013965209588729638,5.227055383469791e-06,4.409953416755347e-06,-1.938853801613476e-07,1.223887288943967e-05
C:\Users\damba\.cache\kagglehub\datasets\salmaneunus\mechanical-tools-dataset\versions\20\Mechanical Tools Image dataset\Mechanical Tools Image dataset\pliers\000065.jpg,pliers,exito,3365745.0,381333630.0,446557275.0,44996652300.0,71970240435.0,50506835355.0,5500490023560.0,12620954507985.0,5955011768895.0,8127432023475.0,1792150066.7717197,12722317655.518593,-87403566.44481274,-3655697622.221686,-303768386237.2193,4791952279.126953,-3490443954.2226562,0.0001582019943872968,0.0011230622165237084,-7.715547254946088e-06,-1.7590056848026366e-07,-1.4616370757980303e-05,2.3057353674576187e-07,-1.6794908639712233e-07
C:\Users\damba\.cache\kagglehub\datasets\salmaneunus\mechanical-tools-dataset\versions\20\Mechanical Tools Image dataset\Mechanical Tools Image dataset\pliers\000066.jpg,pliers,exito,2982990.0,383181870.0,377208240.0,55803475290.0,51299715270.0,45395516925.0,8735218771440.0,7359413509680.0,6359863060005.0,5802046595775.0,6581605455.807835,3600575707.3807497,-3059006483.5963373,-123940590957.55551,-38200615956.86735,89235585366.71875,-14049309331.695312,0.0007396533854379021,0.0004046395715105592,-0.0003437769882835993,-8.064622978502726e-06,-2.4856551260451276e-06,5.806421824267662e-06,-9.141668761873512e-07
C:\Users\damba\.cache\kagglehub\datasets\salmaneunus\mechanical-tools-dataset\versions\20\Mechanical Tools Image dataset\Mechanical Tools Image dataset\pliers\000067.jpg,pliers,exito,5325930.0,599856390.0,591339900.0,81759696810.0,78070324170.0,76047862560.0,12382202711970.0,11432950218480.0,11177635774410.0,10877030048490.0,14198221420.00574,12413644992.464808,9445594472.1804,-24619057522.23018,8191563256.468744,-27876002618.21875,-13480454649.425781,0.000500544895066544,0.00043763133749918063,0.0003329955178228764,-3.760822078683644e-07,1.2513481446657188e-07,-4.2583549763176813e-07,-2.0592823844079262e-07
C:\Users\damba\.cache\kagglehub\datasets\salmaneunus\mechanical-tools-dataset\versions\20\Mechanical Tools Image dataset\Mechanical Tools Image dataset\pliers\000068.jpg,pliers,exito,2665260.0,275942640.0,319934220.0,36333275670.0,41961797850.0,33309902850.0,5440474595460.0,5864504027550.0,4430047529550.0,4376633330820.0,7764077704.259472,3557325067.9793334,186120069.65556887,71099672944.16124,-26566677281.14454,30110886114.871094,-12485042809.035156,0.0010929762129386763,0.0005007770180943482,2.6200769316415375e-05,6.1308211827346535e-06,-2.2908058657039417e-06,2.5964178283765554e-06,-1.076567046673982e-06
C:\Users\damba\.cache\kagglehub\datasets\salmaneunus\mechanical-tools-dataset\versions\20\Mechanical Tools Image dataset\Mechanical Tools Image dataset\pliers\000069.jpg,pliers,exito,6533865.0,975403815.0,694916310.0,161708404275.0,96938549880.0,109665584070.0,28497051041955.0,15562296823980.0,18687721042290.0,15927467716560.0,16095875960.35709,23029970822.42594,5925451716.52733,-449208496984.8932,353536914490.5387,-280106425000.7031,195643221045.5547,0.0003770286061731342,0.0005394523305704308,0.00013879734207264242,-4.116447396507954e-06,3.239734156838479e-06,-2.5668333784391255e-06,1.792831242781429e-06
C:\Users\damba\.cache\kagglehub\datasets\salmaneunus\mechanical-tools-dataset\versions\20\Mechanical Tools Image dataset\Mechanical Tools Image dataset\pliers\000070.jpg,pliers,exito,2468655.0,256964010.0,281404230.0,33225535080.0,38245381440.0,24617695410.0,4850547049680.0,5750708911260.0,2871159888210.0,2854906758900.0,6477973174.719555,6167857176.021071,-4673865934.846605,43484638833.119804,-15076228387.241205,56762797533.40625,-60525040911.83984,0.0010629634808057109,0.0010120768882652363,-0.0007669295115812003,4.541348869163678e-06,-1.5744965250925385e-06,5.928062720681148e-06,-6.3209752564788414e-06
C:\Users\damba\.cache\kagglehub\datasets\salmaneunus\mechanical-tools-dataset\versions\20\Mechanical Tools Image dataset\Mechanical Tools Image dataset\pliers\000071.jpg,pliers,exito,3272670.0,374803080.0,367961940.0,54895475370.0,44570516700.0,41907402525.0,8988992563650.0,5720388916050.0,6122821340655.0,5158088683545.0,11971089844.576908,3198795967.8260856,-233500295.86956257,-39903089180.38858,-10199298375.935282,4143822230.6640625,106149901867.05664,0.0011177103164275771,0.0002986634717310915,-2.180133078698196e-05,-2.059448709430994e-06,-5.263986400267219e-07,2.1386788643037742e-07,5.478530181412075e-06
C:\Users\damba\.cache\kagglehub\datasets\salmaneunus\mechanical-tools-dataset\versions\20\Mechanical Tools Image dataset\Mechanical Tools Image dataset\pliers\000072.jpg,pliers,exito,1362720.0,147379800.0,149549595.0,16159750860.0,20694994965.0,16105553670.0,1795257549930.0,3218449197255.0,1765142559930.0,2222407460370.0,220448987.24550804,4282906374.046594,-68414130.5613782,-122502536.77178101,7267191512.101439,6513880043.243164,-765024004.8125,0.00011871206187694587,0.002306350565914633,-3.684109689927945e-05,-5.6510416392253673e-08,3.3523552178856106e-06,3.0048526607953187e-06,-3.529055495606887e-07
C:\Users\damba\.cache\kagglehub\datasets\salmaneunus\mechanical-tools-dataset\versions\20\Mechanical Tools Image dataset\Mechanical Tools Image dataset\pliers\000073.jpg,pliers,exito,2682345.0,281664075.0,282534390.0,38160542175.0,38102729340.0,37187544285.0,5886483133665.0,5846985409230.0,5628995372025.0,5616257287665.0,8583939931.214943,8343066980.134995,7519553174.595017,76630629836.33333,76013341380.72362,30296664679.697266,31131305347.289062,0.0011930465762969484,0.0011595686335444063,0.0010451118300129675,6.503030729448904e-06,6.4506463786437815e-06,2.571036435856961e-06,2.64186573637282e-06
C:\Users\damba\.cache\kagglehub\datasets\salmaneunus\mechanical-tools-dataset\versions\20\Mechanical Tools Image dataset\Mechanical Tools Image dataset\pliers\000074.jpg,pliers,exito,1473135.0,157587705.0,163605195.0,21657788265.0,18474547785.0,17489650320.0,3371348406465.0,2119156543845.0,2405991597330.0,1982952352680.0,4799941043.14523,304685667.1438473,-11914170.781548453,27578463923.136944,-288251693.2847502,3243974944.303711,9295392603.00293,0.002211825226940189,0.00014039994216976314,-5.49008066053974e-06,1.0470410360587971e-05,-1.0943733212398495e-07,1.231604086470886e-06,3.529078896035343e-06
C:\Users\damba\.cache\kagglehub\datasets\salmaneunus\mechanical-tools-dataset\versions\20\Mechanical Tools Image dataset\Mechanical Tools Image dataset\pliers\000075.jpg,pliers,exito,2972535.0,371736450.0,280228170.0,51290828520.0,31604516910.0,35599573095.0,7570613924280.0,4099668564630.0,4948778523765.0,4055963241765.0,4802565721.209574,5186719554.695889,555065593.558806,-44855019154.41831,142303623374.59253,-25363493226.152344,-1059114948.8027344,0.0005435247975091566,0.0005870009614345986,6.281890386444638e-05,-2.944378272037913e-06,9.341110640349481e-06,-1.6649133088310729e-06,-6.952254400136947e-08
C:\Users\damba\.cache\kagglehub\datasets\salmaneunus\mechanical-tools-dataset\versions\20\Mechanical Tools Image dataset\Mechanical Tools Image dataset\pliers\000076.jpg,pliers,exito,1847475.0,233157975.0,202025790.0,34224818625.0,23791361790.0,25783930005.0,5492330859705.0,2982731279040.0,3812745285735.0,3129420106305.0,4799445450.207039,1699360639.7142851,287550300.71428543,-38378551753.21053,9430957104.96338,-2399878325.5195312,63976248725.4082,0.0014061573440648791,0.0004978842802861634,8.424743469477591e-05,-8.272602494991907e-06,2.0328687694723947e-06,-5.17300380458183e-07,1.3790256553434448e-05
C:\Users\damba\.cache\kagglehub\datasets\salmaneunus\mechanical-tools-dataset\versions\20\Mechanical Tools Image dataset\Mechanical Tools Image dataset\pliers\000077.jpg,pliers,exito,3542970.0,396839925.0,407147025.0,53874194505.0,54858396075.0,46712940000.0,8128681051725.0,8076038549295.0,6435906898410.0,6394178321520.0,9425066774.87369,8070334091.311003,1109337693.185911,-17003752527.178885,-82951730124.42256,-3655669410.0039062,-5347744753.582031,0.000750843604390633,0.0006429194490070617,8.837487647924512e-05,-7.196578850656719e-07,-3.510805427711357e-06,-1.5472063074886263e-07,-2.2633513826329518e-07
C:\Users\damba\.cache\kagglehub\datasets\salmaneunus\mechanical-tools-dataset\versions\20\Mechanical Tools Image dataset\Mechanical Tools Image dataset\pliers\000078.jpg,pliers,exito,3802050.0,404467995.0,365959170.0,53574775545.0,42729477390.0,41953823745.0,7946486951385.0,5720193619200.0,5886301888845.0,5289572568435.0,10546840883.61469,7504765956.144873,3022517806.9497004,3140278190.1428347,162633902497.63394,86482363630.44922,162090745940.76758,0.0007296032270899632,0.0005191603363112071,0.0002090899796652269,1.1140984325863644e-07,5.769876580576965e-06,3.068195234087367e-06,5.750606635941063e-06
C:\Users\damba\.cache\kagglehub\datasets\salmaneunus\mechanical-tools-dataset\versions\20\Mechanical Tools Image dataset\Mechanical Tools Image dataset\pliers\000079.jpg,pliers,exito,3255075.0,331271265.0,384050145.0,43296116205.0,52920681675.0,40301041755.0,6565046091195.0,7995400847895.0,5440575742995.0,5569964379075.0,9582407299.767332,7608511026.237369,1215989226.9988244,208353369615.41583,-43828661871.66084,84777709040.13281,-102747567972.07227,0.0009043834940870066,0.0007180880097713174,0.00011476454209080185,1.089928551957133e-05,-2.29274477567478e-06,4.4348524731283445e-06,-5.374883458022653e-06
C:\Users\damba\.cache\kagglehub\datasets\salmaneunus\mechanical-tools-dataset\versions\20\Mechanical Tools Image dataset\Mechanical Tools Image dataset\pliers\000080.jpg,pliers,exito,2982735.0,303044550.0,321110790.0,36023477700.0,43514086890.0,32256905850.0,4727765785920.0,6593728470540.0,3780703709790.0,4335247997190.0,5234286141.010516,8944425336.283663,-367807661.49012446,4194176179.5866203,-16696454582.972485,-22719379511.841797,-6570120323.845703,0.0005883396525783434,0.0010053634732789228,-4.1341995058561315e-05,2.729669037085051e-07,-1.08664474625691e-06,-1.4786309429989514e-06,-4.2759896699648016e-07
C:\Users\damba\.cache\kagglehub\datasets\salmaneunus\mechanical-tools-dataset\versions\20\Mechanical Tools Image dataset\Mechanical Tools Image dataset\pliers\000081.jpg,pliers,exito,4026450.0,447832785.0,428413515.0,63298530915.0,57974840835.0,58397032860.0,10046367419205.0,8889063285795.0,9049809063540.0,8694935133180.0,13489343337.641226,12391724234.854652,10747709621.392967,5488288579.465608,83597027324.77914,-75921937185.38672,-40293801804.99609,0.0008320437981272636,0.0007643409348877194,0.0006629355418361272,1.6870624641594121e-07,2.5697155838819972e-06,-2.3337885495118445e-06,-1.2386039760705637e-06
C:\Users\damba\.cache\kagglehub\datasets\salmaneunus\mechanical-tools-dataset\versions\20\Mechanical Tools Image dataset\Mechanical Tools Image dataset\pliers\000082.jpg,pliers,exito,3865545.0,433984245.0,443691840.0,60567014265.0,59793177240.0,51086147670.0,9492834390405.0,8745622289490.0,7165701034350.0,6912773902320.0,11843658332.467844,8865701584.539879,1272921282.760739,33611383918.64849,-152741001309.24023,-72074121864.92188,-92413322999.8789,0.0007926188628611379,0.0005933236261248983,8.51883253747431e-05,1.1440883440594616e-06,-5.1991075309730764e-06,-2.4533105489961027e-06,-3.1456308355486175e-06
C:\Users\damba\.cache\kagglehub\datasets\salmaneunus\mechanical-tools-dataset\versions\20\Mechanical Tools Image dataset\Mechanical Tools Image dataset\pliers\000083.jpg,pliers,exito,6615210.0,748443615.0,398060355.0,111053540655.0,34221507705.0,45706838520.0,18473554061475.0,3590435802765.0,6701202491790.0,3988261869120.0,26374770845.081913,10268821966.720184,670364835.2064213,-59095861740.90515,295385858667.01917,-132967909209.78516,35770524772.03125,0.000602700322880916,0.00023465691327903844,1.5318772056829497e-05,-5.250467582196114e-07,2.624403519099259e-06,-1.1813749325447774e-06,3.178090227994643e-07
C:\Users\damba\.cache\kagglehub\datasets\salmaneunus\mechanical-tools-dataset\versions\20\Mechanical Tools Image dataset\Mechanical Tools Image dataset\pliers\000084.jpg,pliers,exito,2847075.0,336500550.0,353894865.0,49773160830.0,46779797175.0,42245696745.0,8136061801560.0,6529574535495.0,6351800961645.0,5517139181385.0,10001598735.463501,2790237548.5875463,418271505.174651,-110922540355.47562,21129381389.593548,66064472217.3125,-115826495314.84375,0.0012338762672757175,0.0003442257565339329,5.160127867185197e-05,-8.110031436681251e-06,1.5448613668427616e-06,4.830262134396842e-06,-8.468581004308254e-06
C:\Users\damba\.cache\kagglehub\datasets\salmaneunus\mechanical-tools-dataset\versions\20\Mechanical Tools Image dataset\Mechanical Tools Image dataset\pliers\000085.jpg,pliers,exito,1090380.0,130353195.0,122203650.0,18653789835.0,13885235520.0,14587777860.0,2953757551485.0,1598250147690.0,2086595273820.0,1662123347880.0,3070272669.69247,189338609.45275992,-21474160.544901423,-10365788893.546152,-368865842.6688361,1117960134.9033203,6978928722.512695,0.0025823862032363786,0.00015925146245715784,-1.80617755760406e-05,-8.34944613843258e-06,-2.9711443261096357e-07,9.004956619463622e-07,5.621394577007009e-06
C:\Users\damba\.cache\kagglehub\datasets\salmaneunus\mechanical-tools-dataset\versions\20\Mechanical Tools Image dataset\Mechanical Tools Image dataset\pliers\000086.jpg,pliers,exito,1940295.0,222226380.0,226410165.0,30717234210.0,28458669375.0,26438351805.0,4736569570650.0,3781224748485.0,3682769218905.0,3329677173465.0,5265143693.916414,2039200781.1381247,507082919.0044681,12397520184.37169,-15478123771.755043,-17734296658.42578,-48100190051.41406,0.0013985393782644713,0.0005416571243638715,0.00013469251201870435,2.3640976576974086e-06,-2.951541567198598e-06,-3.3817738198923665e-06,-9.172281629248357e-06
C:\Users\damba\.cache\kagglehub\datasets\salmaneunus\mechanical-tools-dataset\versions\20\Mechanical Tools Image dataset\Mechanical Tools Image dataset\pliers\000087.jpg,pliers,exito,4512225.0,653682300.0,517634445.0,107561603550.0,70008526965.0,76379233785.0,18730882554450.0,10498670079825.0,12675428315355.0,10380170908155.0,12863189944.00961,10626421983.431479,1389960296.460866,-578437254763.0387,29327550971.93606,-66572769234.69141,-80813989396.5,0.0006317819120461783,0.000521921951562909,6.826858482139372e-05,-1.3374556440017077e-05,6.781080964128458e-07,-1.5392875409837912e-06,-1.8685713159488836e-06
C:\Users\damba\.cache\kagglehub\datasets\salmaneunus\mechanical-tools-dataset\versions\20\Mechanical Tools Image dataset\Mechanical Tools Image dataset\pliers\000088.jpg,pliers,exito,2593860.0,259315110.0,221603925.0,31276380870.0,21720711045.0,20957271135.0,4307558009760.0,2389436184135.0,2373286065135.0,1936153920615.0,5351956932.581594,2788193647.9910526,-1197064946.2868679,110675854562.23946,57334939860.97469,-59433782559.11914,-30783382384.476562,0.000795462198379402,0.0004144096592475025,-0.00017791995073416174,1.0213781293933358e-05,5.291186036530641e-06,-5.4848788738166724e-06,-2.8408611472319896e-06
C:\Users\damba\.cache\kagglehub\datasets\salmaneunus\mechanical-tools-dataset\versions\20\Mechanical Tools Image dataset\Mechanical Tools Image dataset\pliers\000089.jpg,pliers,exito,5744385.0,568543665.0,789992550.0,75986602125.0,123346247880.0,78360692160.0,11654887250235.0,20787333990120.0,10542464468580.0,12276070047840.0,19715669899.595146,14703072143.084284,172120241.56211787,231533887196.77966,-219832452580.40332,58389093325.55469,20680610890.660156,0.0005974814952261511,0.00044557519846933334,5.216087498469035e-06,2.927559391960533e-06,-2.779604182356722e-06,7.382830246702014e-07,2.614896565571742e-07
C:\Users\damba\.cache\kagglehub\datasets\salmaneunus\mechanical-tools-dataset\versions\20\Mechanical Tools Image dataset\Mechanical Tools Image dataset\pliers\000090.jpg,pliers,exito,1681470.0,174642870.0,168504000.0,23717687700.0,18245729910.0,19306544955.0,3679323551040.0,2124766970970.0,2761752960075.0,2280767926995.0,5578718796.697,1359554113.8216562,1805178789.3949065,57081124563.21539,23832023843.112,9965263900.28125,23905580248.617188,0.0019731323828974016,0.00048085955683429844,0.0006384721754363193,1.556932242441259e-05,6.500370587982648e-06,2.7181035393935197e-06,6.5204336719259715e-06
C:\Users\damba\.cache\kagglehub\datasets\salmaneunus\mechanical-tools-dataset\versions\20\Mechanical Tools Image dataset\Mechanical Tools Image dataset\pliers\000091.jpg,pliers,exito,3304800.0,353127825.0,436871100.0,43285130805.0,66598612140.0,46984713645.0,5757821119575.0,10763642400780.0,5832058951335.0,7085656734015.0,5552360050.572914,8847353965.462965,303721951.597219,-53898122909.1312,-379336134089.7319,45164720891.76758,-110905157534.76172,0.0005083785953745281,0.000810070914129429,2.780902854480275e-05,-2.71463025775771e-06,-1.9105625425897064e-05,2.274764153153889e-06,-5.585843813017914e-06
C:\Users\damba\.cache\kagglehub\datasets\salmaneunus\mechanical-tools-dataset\versions\20\Mechanical Tools Image dataset\Mechanical Tools Image dataset\pliers\000092.jpg,pliers,exito,2613750.0,279851025.0,274599555.0,36673148085.0,33689857695.0,30351507600.0,5415833071065.0,4607599712145.0,4104841367130.0,3794904309420.0,6709840119.987806,4840535607.501952,950468123.6560991,52455031124.89149,51066846100.539986,48443815007.54297,-11939289105.177734,0.0009821641556872023,0.0007085415573247121,0.0001391263734284012,4.749271905026545e-06,4.623585807930652e-06,4.386096903457e-06,-1.0809817303931193e-06
C:\Users\damba\.cache\kagglehub\datasets\salmaneunus\mechanical-tools-dataset\versions\20\Mechanical Tools Image dataset\Mechanical Tools Image dataset\pliers\000093.jpg,pliers,exito,4064955.0,489824655.0,485177535.0,68143348335.0,69394920975.0,61345673595.0,10294638188505.0,11088254120715.0,8799328456845.0,9135808200375.0,9119769317.306313,11485979678.312527,2882069767.866503,-114448211662.89935,63695345786.9061,-28577247224.03125,85775853971.5,0.0005519152174683529,0.0006951148380434433,0.00017441868399812067,-3.435339439578782e-06,1.911913959336247e-06,-8.577901134223872e-07,2.574694438911596e-06
C:\Users\damba\.cache\kagglehub\datasets\salmaneunus\mechanical-tools-dataset\versions\20\Mechanical Tools Image dataset\Mechanical Tools Image dataset\pliers\000094.jpg,pliers,exito,2960805.0,311052570.0,321218145.0,40176017550.0,43370771025.0,30497712360.0,5903570094360.0,6516410535855.0,3592167930810.0,3936407738460.0,7497843437.349925,8521769933.323569,-3248424090.351393,107409775600.99306,-37946429925.655045,-83995986567.54297,84859166616.9336,0.0008552966217945931,0.0009720983235492201,-0.0003705553702006507,7.120644360314492e-06,-2.515627937329817e-06,-5.5684461185644345e-06,5.625669943083555e-06
C:\Users\damba\.cache\kagglehub\datasets\salmaneunus\mechanical-tools-dataset\versions\20\Mechanical Tools Image dataset\Mechanical Tools Image dataset\pliers\000095.jpg,pliers,exito,1999200.0,225010215.0,204177225.0,26011779645.0,26753146755.0,22938099915.0,3081876855705.0,4015872362595.0,2658219473715.0,3002256470175.0,686851246.4674742,5900636146.406249,-42072801.76339314,-362651965.769495,78330199394.97047,11120951862.90039,-219864081.2294922,0.0001718502643322921,0.0014763398722850106,-1.0526620052631181e-05,-6.417256937044355e-08,1.3860810443447049e-05,1.967892420969111e-06,-3.890573976300018e-08
C:\Users\damba\.cache\kagglehub\datasets\salmaneunus\mechanical-tools-dataset\versions\20\Mechanical Tools Image dataset\Mechanical Tools Image dataset\pliers\000096.jpg,pliers,exito,2528835.0,308710395.0,243489810.0,45102869745.0,32031444030.0,27494917785.0,7137630025155.0,5032804599120.0,3631315179675.0,3667595309265.0,7416698847.706966,8586937933.779367,-2229376375.58183,-179157664178.5566,295052237718.09064,-167123967855.67188,186633175039.60547,0.0011597640905159168,0.0013427567260824187,-0.00034861206012749336,-1.7617089366517273e-05,2.9013336736127448e-05,-1.6433781331654175e-05,1.8352177890378653e-05
C:\Users\damba\.cache\kagglehub\datasets\salmaneunus\mechanical-tools-dataset\versions\20\Mechanical Tools Image dataset\Mechanical Tools Image dataset\pliers\000097.jpg,pliers,exito,1929585.0,206013480.0,214475910.0,27080547630.0,29257991100.0,26949645930.0,4052029208100.0,4533037942920.0,3850184688420.0,3995858161530.0,5085375641.354565,5418711684.826218,4050976736.7450767,74868459271.92337,76379902353.82954,-24864467804.98535,-28434320182.125,0.0013658254777196785,0.0014553525634109505,0.0010880075783786883,1.4475684526476853e-05,1.476791938006098e-05,-4.807500987250672e-06,-5.497725646875078e-06
C:\Users\damba\.cache\kagglehub\datasets\salmaneunus\mechanical-tools-dataset\versions\20\Mechanical Tools Image dataset\Mechanical Tools Image dataset\pliers\000098.jpg,pliers,exito,897855.0,105938220.0,97487520.0,14140169730.0,10934654490.0,11533597215.0,2061225964380.0,1262263941870.0,1545105944235.0,1309125525195.0,1640482746.2794652,349630676.8560064,31011228.382561028,5700232655.838582,-926220786.7673066,2473082551.8847656,12207594705.169434,0.002034975833329961,0.00043370768732947326,3.846861569468603e-05,7.462374976035522e-06,-1.2125481956208786e-06,3.237599316222989e-06,1.598139141779265e-05
C:\Users\damba\.cache\kagglehub\datasets\salmaneunus\mechanical-tools-dataset\versions\20\Mechanical Tools Image dataset\Mechanical Tools Image dataset\pliers\000099.jpg,pliers,exito,2775675.0,314612880.0,285210870.0,42670623900.0,33380854050.0,28555314630.0,6431206622640.0,4185300165630.0,3558439805520.0,3033127041240.0,7010373956.510793,4074382519.2347283,-3772322149.5241175,5441445792.7312355,-82021761825.83716,29033987309.0625,24766168602.503906,0.0009099215645829346,0.0005288403357096597,-0.0004896339758334772,4.239286543813751e-07,-6.390098596087258e-06,2.2619611845988526e-06,1.9294667133993288e-06
C:\Users\damba\.cache\kagglehub\datasets\salmaneunus\mechanical-tools-dataset\versions\20\Mechanical Tools Image dataset\Mechanical Tools Image dataset\pliers\000100.jpg,pliers,exito,4953885.0,590150070.0,491564520.0,86550146190.0,59639227620.0,48297190485.0,14035003812180.0,8151382075590.0,6242313194685.0,4985638772235.0,16246312911.471146,10862221831.042364,-10262270602.109695,-146411427865.32553,77820816251.97226,99170663231.5586,-82496259041.78711,0.0006620075957350551,0.00044261571212455685,-0.00041816879467391647,-2.680465208146233e-06,1.4247247873630918e-06,1.8155926510428793e-06,-1.5103216694746753e-06
C:\Users\damba\.cache\kagglehub\datasets\salmaneunus\mechanical-tools-dataset\versions\20\Mechanical Tools Image dataset\Mechanical Tools Image dataset\pliers\000101.jpg,pliers,exito,3078360.0,351954825.0,287656575.0,46568949915.0,35819189295.0,34628253870.0,6855697657005.0,5352324344925.0,4596473831880.0,4450184425140.0,6329277218.895376,8939193082.493784,1739923877.9833484,84103064535.89073,334567928318.7304,-153007658872.6543,29734059696.578125,0.000667905936438253,0.0009433210017947957,0.000183607929762723,5.058401561216178e-06,2.0122678528772406e-05,-9.202687022054656e-06,1.788363061684633e-06
C:\Users\damba\.cache\kagglehub\datasets\salmaneunus\mechanical-tools-dataset\versions\20\Mechanical Tools Image dataset\Mechanical Tools Image dataset\pliers\000102.jpg,pliers,exito,1966305.0,208522425.0,202868310.0,28816534845.0,21468657570.0,22424044905.0,4486802432025.0,2328739417200.0,3199078489455.0,2471975009985.0,6703179222.204642,538257046.0446112,910296042.6150953,9155221025.764755,2701048916.375832,32938953315.250977,7435186549.1484375,0.0017337204188849682,0.00013921561700827213,0.00023544034613965013,1.688657699844268e-06,4.982017405650851e-07,6.075507842363988e-06,1.3714016276247416e-06
C:\Users\damba\.cache\kagglehub\datasets\salmaneunus\mechanical-tools-dataset\versions\20\Mechanical Tools Image dataset\Mechanical Tools Image dataset\pliers\000103.jpg,pliers,exito,1198245.0,139005600.0,140305080.0,19278634950.0,16868772240.0,15724965405.0,2941683905580.0,2070983042130.0,2155167856005.0,1829982840735.0,3152920399.670141,440149150.55969304,-551498780.9118973,-26311289244.510696,-7293739494.291064,25747260825.63965,2228378723.430664,0.002195946501920908,0.00030655515045547514,-0.0003841079587305241,-1.6740871592794255e-05,-4.640728744627867e-06,1.638200178420147e-05,1.417832540336291e-06
C:\Users\damba\.cache\kagglehub\datasets\salmaneunus\mechanical-tools-dataset\versions\20\Mechanical Tools Image dataset\Mechanical Tools Image dataset\pliers\000104.jpg,pliers,exito,3363450.0,329081325.0,446888775.0,42415296225.0,66753523875.0,40762001430.0,6307608094845.0,10485096461445.0,5015318140380.0,5999324895990.0,10217844660.756256,7377116548.891215,-2961779272.7388163,158241937714.02255,-344528378099.05145,-40677125311.92969,255173425572.76172,0.0009032112617269289,0.000652103742741523,-0.00026180789419919583,7.6270949397000394e-06,-1.6605905407523838e-05,-1.9605946508873595e-06,1.22990906901633e-05
C:\Users\damba\.cache\kagglehub\datasets\salmaneunus\mechanical-tools-dataset\versions\20\Mechanical Tools Image dataset\Mechanical Tools Image dataset\pliers\000105.jpg,pliers,exito,1554480.0,149855085.0,143739165.0,17584297395.0,16736463705.0,14113147890.0,2416628170845.0,2326613723175.0,1643239857360.0,1608493925070.0,3137957461.1589556,3445236056.5920267,256395285.33218387,116454386087.57465,141885694500.2228,-32173463636.785156,-52352325482.828125,0.0012986041139315984,0.001425767484720294,0.0001061059547321167,3.865387192566407e-05,4.7095104336999166e-05,-1.0679107800079636e-05,-1.7376933168512343e-05
C:\Users\damba\.cache\kagglehub\datasets\salmaneunus\mechanical-tools-dataset\versions\20\Mechanical Tools Image dataset\Mechanical Tools Image dataset\pliers\000106.jpg,pliers,exito,1885725.0,200934390.0,243546930.0,22852826640.0,34871816100.0,26099592210.0,2755478267130.0,5315541147000.0,3033766157940.0,3745480926990.0,1442160140.5517259,3417013776.000006,148324758.00000215,13043438651.669607,-70891224901.83621,50646742576.958984,-8616396402.046875,0.000405561546561588,0.0009609261500506083,4.171160785572729e-05,2.6711372449591963e-06,-1.451765874268399e-05,1.0371835529418384e-05,-1.7645329549576825e-06
C:\Users\damba\.cache\kagglehub\datasets\salmaneunus\mechanical-tools-dataset\versions\20\Mechanical Tools Image dataset\Mechanical Tools Image dataset\pliers\000107.jpg,pliers,exito,2192235.0,258169650.0,248336085.0,37262420190.0,29971060095.0,29150372175.0,6006327267390.0,3808215502455.0,4202224515375.0,3581091440985.0,6858942378.030707,1839581894.3840878,-95050941.9652213,2606186019.6427164,-3677318646.973131,3530027434.203125,73069291330.09961,0.0014271937659647565,0.00038277618719409707,-1.9777992632851123e-05,3.662584413081987e-07,-5.167892796917825e-07,4.960898171050972e-07,1.0268739279679588e-05
C:\Users\damba\.cache\kagglehub\datasets\salmaneunus\mechanical-tools-dataset\versions\20\Mechanical Tools Image dataset\Mechanical Tools Image dataset\pliers\000108.jpg,pliers,exito,2037450.0,237090840.0,221738055.0,30726775800.0,30180254445.0,26048354295.0,4288673775660.0,4598159982405.0,3410230436715.0,3749842509975.0,3137354507.744679,6048243826.244681,245482214.74467927,-17057955745.24538,-2867068287.73445,9067870119.097656,184440966158.98438,0.0007557700463553039,0.001456985975172788,5.913520590644307e-05,-2.878787339026225e-06,-4.83861021221966e-07,1.5303398649084165e-06,3.1127195198888156e-05
C:\Users\damba\.cache\kagglehub\datasets\salmaneunus\mechanical-tools-dataset\versions\20\Mechanical Tools Image dataset\Mechanical Tools Image dataset\pliers\000109.jpg,pliers,exito,1796730.0,185412540.0,212711310.0,22850893230.0,29067375540.0,18486213780.0,3137185808220.0,4317756518520.0,1983827615700.0,2196392866800.0,3717350633.5878506,3884904383.0002847,-3464410005.3363614,11880948206.88188,-43324851769.81668,-6428747939.375,17090718574.688477,0.0011515104635117517,0.0012034129915933778,-0.0010731579461443737,2.745642915693389e-06,-1.001221201068451e-05,-1.4856597242212798e-06,3.949601459546987e-06
C:\Users\damba\.cache\kagglehub\datasets\salmaneunus\mechanical-tools-dataset\versions\20\Mechanical Tools Image dataset\Mechanical Tools Image dataset\pliers\000110.jpg,pliers,exito,2378895.0,351940545.0,212702130.0,56018754705.0,23625133410.0,28830523890.0,9393772142385.0,2830765344840.0,4312140272040.0,3026103774120.0,3951661699.6773477,4606977456.6952505,-2637238896.8656893,-63043314194.27754,-105448331527.93065,83704020593.50781,2536249429.442383,0.0006982793688448966,0.0008140771035654419,-0.00046601395877257033,-7.2227212162877254e-06,-1.2080962288909287e-05,9.589768767013689e-06,2.9057201065571396e-07
C:\Users\damba\.cache\kagglehub\datasets\salmaneunus\mechanical-tools-dataset\versions\20\Mechanical Tools Image dataset\Mechanical Tools Image dataset\pliers\000111.jpg,pliers,exito,5386110.0,767183310.0,536274690.0,130292922690.0,65023959600.0,75839221050.0,23512337053740.0,8642732406810.0,12683648442570.0,9560962770240.0,21017354396.267403,11629108188.759588,-546332112.3795058,-1033556499349.5701,-147191407384.20398,-133491008370.38672,407913837554.33984,0.00072448201703601,0.00040086300102637023,-1.8832426921370382e-05,-1.535133593509791e-05,-2.1862227589268236e-06,-1.982731776248712e-06,6.058713149027071e-06
C:\Users\damba\.cache\kagglehub\datasets\salmaneunus\mechanical-tools-dataset\versions\20\Mechanical Tools Image dataset\Mechanical Tools Image dataset\pliers\000112.jpg,pliers,exito,1144185.0,120402585.0,153042075.0,15026849865.0,21427377915.0,15735381900.0,2092906092105.0,3090460957425.0,1963987323360.0,2162857027830.0,2356886113.7864957,957019782.0882578,-369235311.17115927,15600473298.690643,-31603188193.44722,31759132834.433594,6829275003.227539,0.0018003050416990176,0.0007310185793963489,-0.00028204001389222846,1.1140306755602424e-05,-2.256785446115819e-05,2.267921461698284e-05,4.876789120283164e-06
C:\Users\damba\.cache\kagglehub\datasets\salmaneunus\mechanical-tools-dataset\versions\20\Mechanical Tools Image dataset\Mechanical Tools Image dataset\pliers\000113.jpg,pliers,exito,1973955.0,243496440.0,225327180.0,35876899620.0,26253777960.0,27697958730.0,5801121631980.0,3117491623740.0,4075201357980.0,3228131720400.0,5840492360.12143,532655620.963701,-97186633.11070971,-65362422003.44192,-985408430.8204486,3826164441.3515625,11795030928.658203,0.0014989079546447702,0.00013670110294128376,-2.4942044004618277e-05,-1.1939469126683764e-05,-1.8000026890581096e-07,6.989088044920769e-07,2.1545469599272034e-06
C:\Users\damba\.cache\kagglehub\datasets\salmaneunus\mechanical-tools-dataset\versions\20\Mechanical Tools Image dataset\Mechanical Tools Image dataset\pliers\000114.jpg,pliers,exito,2672910.0,282068760.0,315327900.0,37637318130.0,44666338050.0,33031436475.0,5665544382540.0,7001526211680.0,4737847067865.0,4646963012565.0,7870964093.411564,7466550358.52891,-244711897.52432632,32501063340.750385,-29524541093.168888,349354629069.46875,-8880098501.814453,0.0011016896251081153,0.001045084308315426,-3.4252037672073486e-05,2.782509979229255e-06,-2.527681305765238e-06,2.990925962895859e-05,-7.602509012945725e-07
C:\Users\damba\.cache\kagglehub\datasets\salmaneunus\mechanical-tools-dataset\versions\20\Mechanical Tools Image dataset\Mechanical Tools Image dataset\pliers\000115.jpg,pliers,exito,1849515.0,201566025.0,210345420.0,25831755765.0,29341665780.0,22890694140.0,3637644862095.0,4542987455400.0,2738917166670.0,3207821260590.0,3864449506.710327,5419072173.040123,-33418498.37032892,-19901997532.257355,-26664067561.75035,-191645412152.22754,17674610250.76367,0.0011297228717793053,0.0015841971196869638,-9.769474768378692e-06,-4.278110750914156e-06,-5.731677632566119e-06,-4.119587979864579e-05,3.79931411454824e-06
C:\Users\damba\.cache\kagglehub\datasets\salmaneunus\mechanical-tools-dataset\versions\20\Mechanical Tools Image dataset\Mechanical Tools Image dataset\pliers\000116.jpg,pliers,exito,1561365.0,197740770.0,199667040.0,29338390560.0,26483898120.0,24748416315.0,4686187875270.0,3598927367280.0,3660294919365.0,3217577608785.0,4295295498.824103,950517480.3919635,-538633307.1068131,-117369280504.05473,-30932126712.889576,44939079001.44141,1256139622.1230469,0.0017619118121139613,0.00038989819833859654,-0.00022094507501272252,-3.852949728783864e-05,-1.015426938951191e-05,1.475241319592298e-05,4.1236026970502363e-07
C:\Users\damba\.cache\kagglehub\datasets\salmaneunus\mechanical-tools-dataset\versions\20\Mechanical Tools Image dataset\Mechanical Tools Image dataset\pliers\000117.jpg,pliers,exito,3623805.0,402616695.0,401064765.0,46172620245.0,57191769495.0,44540219895.0,5449927750185.0,9164392573785.0,5105739302595.0,6352323307725.0,1440576690.5805302,12803910400.897192,-19399114.64640658,-108389906.18476325,544567482.198921,-106699920.43164062,2422964697.439453,0.00010970002930264097,0.0009750187930645911,-1.4772441197132717e-06,-4.335875372970579e-09,2.1784101657602635e-08,-4.26827159079602e-09,9.692482751388942e-08
C:\Users\damba\.cache\kagglehub\datasets\salmaneunus\mechanical-tools-dataset\versions\20\Mechanical Tools Image dataset\Mechanical Tools Image dataset\pliers\000118.jpg,pliers,exito,11088930.0,1249686150.0,1233454125.0,178201914690.0,181974346185.0,138503831145.0,28515217626240.0,30237938433345.0,19618139950545.0,20339427875535.0,37366372081.125885,44773635342.78929,-502415325.38701695,10308674462.51346,35794641682.07657,-90539228592.28125,-56715627181.328125,0.0003038796728133621,0.0003641187758097612,-4.085861061479462e-06,2.5175535692729194e-08,8.741660070385545e-08,-2.2111218947750024e-07,-1.3850920422710786e-07
C:\Users\damba\.cache\kagglehub\datasets\salmaneunus\mechanical-tools-dataset\versions\20\Mechanical Tools Image dataset\Mechanical Tools Image dataset\pliers\000119.jpg,pliers,exito,1197225.0,127692015.0,134769285.0,17200217415.0,15566449245.0,13642152180.0,2595887602665.0,1838786600475.0,1786832686530.0,1497159631710.0,3581014095.0223637,395733481.95527,-731889091.9073491,-2508046634.885633,-2592147517.0518594,6759419550.310547,1668866600.7070312,0.0024983568840002256,0.0002760903595008479,-0.000510615178430338,-1.5991756375801122e-06,-1.652799872468136e-06,4.3099274625458694e-06,1.0640993564872524e-06
C:\Users\damba\.cache\kagglehub\datasets\salmaneunus\mechanical-tools-dataset\versions\20\Mechanical Tools Image dataset\Mechanical Tools Image dataset\pliers\000120.jpg,pliers,exito,1301520.0,169490850.0,147694470.0,25100336460.0,18133338660.0,19236400830.0,4020434428110.0,2367992801400.0,2849961067050.0,2410273979610.0,3028337386.8221006,1373199385.4741387,2842175.0431038956,-36997126879.47728,-1407402671.4450526,873588095.2519531,48209216952.078125,0.001787732625508068,0.0008106472394464287,1.6778345352377078e-06,-1.9144361376469193e-05,-7.282680471952612e-07,4.520428368442289e-07,2.4946117411056332e-05
C:\Users\damba\.cache\kagglehub\datasets\salmaneunus\mechanical-tools-dataset\versions\20\Mechanical Tools Image dataset\Mechanical Tools Image dataset\pliers\000121.jpg,pliers,exito,1923975.0,192729000.0,223294830.0,21759371340.0,32847271650.0,23513156535.0,2655533480430.0,5485909764120.0,2870127039015.0,3463077534315.0,2453264222.7037764,6931871967.192842,1145199939.3737562,-15651020273.913605,64670775025.67601,115319101020.32617,-93130976393.19336,0.0006627434988541044,0.0018726287362895214,0.0003093730417148447,-3.048204449224941e-06,1.2595328657049759e-05,2.2459634621818844e-05,-1.813825882492509e-05
C:\Users\damba\.cache\kagglehub\datasets\salmaneunus\mechanical-tools-dataset\versions\20\Mechanical Tools Image dataset\Mechanical Tools Image dataset\pliers\000122.jpg,pliers,exito,3131145.0,307497870.0,365673315.0,37363534830.0,50585483985.0,36181406595.0,5221541655720.0,7715371510065.0,4427357764305.0,5209110742575.0,7165335751.216712,7880028535.607137,270017796.8641592,144849794255.97006,-32846452850.95329,10792119405.22461,178233800088.0703,0.0007308532552309714,0.0008037508229231949,2.7541401081583093e-05,8.349489697588544e-06,-1.8933483550326753e-06,6.220836574322881e-07,1.0273823896274287e-05
C:\Users\damba\.cache\kagglehub\datasets\salmaneunus\mechanical-tools-dataset\versions\20\Mechanical Tools Image dataset\Mechanical Tools Image dataset\pliers\000123.jpg,pliers,exito,1322940.0,153715530.0,149204835.0,21571299150.0,17315286165.0,17418455340.0,3359804226240.0,2064386150055.0,2451130897650.0,2051310820290.0,3710727874.521973,487551885.76040864,81992393.39051594,-8932591353.115871,1545346568.6370962,-793708774.609375,20912077332.029297,0.002120209669940004,0.00027857397732779547,4.684823873011478e-05,-4.4373848551780775e-06,7.676716854711699e-07,-3.942855053640227e-07,1.038835558184253e-05
C:\Users\damba\.cache\kagglehub\datasets\salmaneunus\mechanical-tools-dataset\versions\20\Mechanical Tools Image dataset\Mechanical Tools Image dataset\pliers\000124.jpg,pliers,exito,1720485.0,216360360.0,191895660.0,32142078840.0,21821976900.0,24224297985.0,5239477879380.0,2527462233000.0,3609962277825.0,2774725642395.0,4933585084.268563,418742156.98532784,92373510.19341916,-43414002163.13197,121242000.77576506,1737059579.1816406,9887280301.839844,0.0016667130706222808,0.0001414636647279966,3.120654335314008e-05,-1.1181565111413333e-05,3.122668398131488e-08,4.4739125211354485e-07,2.5465348265841842e-06
C:\Users\damba\.cache\kagglehub\datasets\salmaneunus\mechanical-tools-dataset\versions\20\Mechanical Tools Image dataset\Mechanical Tools Image dataset\pliers\000125.jpg,pliers,exito,4272270.0,433305945.0,443523540.0,54884113845.0,55669861920.0,47369328360.0,7900346506275.0,7790876040810.0,6131794674630.0,6069759179370.0,10936975210.89143,9625690897.538496,2385891772.5546145,115322251373.25569,12965179906.147457,-49939775825.24219,-71819058266.13086,0.0005992110929589207,0.0005273689161748282,0.00013071738658513627,3.0567954866187203e-06,3.4366224166086895e-07,-1.3237313660419336e-06,-1.903675748148186e-06
C:\Users\damba\.cache\kagglehub\datasets\salmaneunus\mechanical-tools-dataset\versions\20\Mechanical Tools Image dataset\Mechanical Tools Image dataset\pliers\000126.jpg,pliers,exito,1093695.0,115896480.0,115904895.0,13973128410.0,12612843405.0,12580113645.0,1849927053480.0,1408786837575.0,1548961348905.0,1405837380075.0,1691830537.7500577,329762029.5150379,297924053.50547856,10665828485.395107,2240810282.3615613,5011089097.83252,6136489324.133789,0.001414374463027541,0.0002756818623468472,0.0002490652366165361,8.526170810992027e-06,1.7912843103190211e-06,4.005821175141208e-06,4.905456358035137e-06
C:\Users\damba\.cache\kagglehub\datasets\salmaneunus\mechanical-tools-dataset\versions\20\Mechanical Tools Image dataset\Mechanical Tools Image dataset\pliers\000127.jpg,pliers,exito,5792325.0,696198450.0,798531735.0,101612122050.0,125156170305.0,93894617940.0,16286573276040.0,21123319669365.0,13345217413680.0,14532043816620.0,17933757700.209118,15070335721.804089,-2083517986.905125,-237553132533.95416,-285951475043.59814,-162211836501.46094,63584034355.90625,0.0005345218398712784,0.00044917655921060206,-6.209997293274701e-05,-2.9419037356223615e-06,-3.5412781286613626e-06,-2.0088626181244e-06,7.874369249618059e-07
C:\Users\damba\.cache\kagglehub\datasets\salmaneunus\mechanical-tools-dataset\versions\20\Mechanical Tools Image dataset\Mechanical Tools Image dataset\pliers\000128.jpg,pliers,exito,1309425.0,146960070.0,167722935.0,17125038060.0,22618960275.0,18868023240.0,2063778937170.0,3172055969625.0,2215522201800.0,2549426648310.0,631338784.0545286,1135497743.7254171,44055263.059397236,79240091.51054661,-16073501324.78007,12104385204.11914,-442295223.4277344,0.0003682147764548962,0.0006622546538100559,2.5694285300990676e-05,4.0387167678476746e-08,-8.19235794418169e-06,6.169374940948506e-06,-2.2542946394234952e-07
C:\Users\damba\.cache\kagglehub\datasets\salmaneunus\mechanical-tools-dataset\versions\20\Mechanical Tools Image dataset\Mechanical Tools Image dataset\pliers\000129.jpg,pliers,exito,1975230.0,212368845.0,246244575.0,27422689035.0,32135170125.0,25495275615.0,3959563353375.0,4380287871225.0,3201669705615.0,3183259330365.0,4589638541.318744,1436775144.703716,-979958145.2536814,24266061853.603325,15880951656.350956,-6292530615.212891,-27450414491.646484,0.0011763678253919607,0.00036825907690471216,-0.00025117255355276415,4.4254263514850504e-06,2.8962252866028875e-06,-1.1475752007099776e-06,-5.006159976983684e-06
C:\Users\damba\.cache\kagglehub\datasets\salmaneunus\mechanical-tools-dataset\versions\20\Mechanical Tools Image dataset\Mechanical Tools Image dataset\pliers\000130.jpg,pliers,exito,1773015.0,197919270.0,189808995.0,26301792420.0,23383007085.0,22649141055.0,3899345259690.0,3268998390405.0,3069166963125.0,2921833451235.0,4208331599.119802,3063125649.7555,1461019279.4743252,23770946167.902706,109903471772.41287,-72737941479.74902,-1197033500.5039062,0.0013387057644637544,0.0009744060961028217,0.0004647625514667246,5.67891598878983e-06,2.625611023908747e-05,-1.7377207282508893e-05,-2.8597316392511366e-07
C:\Users\damba\.cache\kagglehub\datasets\salmaneunus\mechanical-tools-dataset\versions\20\Mechanical Tools Image dataset\Mechanical Tools Image dataset\pliers\000131.jpg,pliers,exito,1371390.0,126553695.0,142168875.0,13989039645.0,17412517665.0,14264735700.0,1812998916105.0,2400211223925.0,1693763111400.0,1824821191170.0,2310496183.1452203,2674194490.1441045,1145202638.4761982,95640385638.03798,40639919087.82838,32189613339.00049,-19470214831.87207,0.0012285230202679419,0.0014219064786956347,0.0006089202027265013,4.342490457718499e-05,1.8452294986476698e-05,1.4615487780578686e-05,-8.840326348862696e-06
C:\Users\damba\.cache\kagglehub\datasets\salmaneunus\mechanical-tools-dataset\versions\20\Mechanical Tools Image dataset\Mechanical Tools Image dataset\pliers\000132.jpg,pliers,exito,1794435.0,200107170.0,209943030.0,22743439290.0,30373524810.0,23402104545.0,2631681278190.0,4899536860710.0,2671967133165.0,3384957129675.0,428404482.15859187,5810876485.830612,-9780307.070482953,-110282646.05799796,-13773380771.934458,13240381834.115234,129327022.6484375,0.00013304499546212362,0.0018046217252276466,-3.0373653031222916e-06,-2.556747553869064e-08,-3.19316400684029e-06,3.0695957230536062e-06,2.9982645558909456e-08
C:\Users\damba\.cache\kagglehub\datasets\salmaneunus\mechanical-tools-dataset\versions\20\Mechanical Tools Image dataset\Mechanical Tools Image dataset\pliers\000133.jpg,pliers,exito,10418025.0,1133615760.0,1168017810.0,164614370250.0,178976694960.0,125373640425.0,26890308940110.0,30783757232490.0,17986210786485.0,19382787521025.0,41262324989.94567,48024273125.996346,-1721792478.7111616,-1610424986.90075,-50722425137.37104,-94837594115.09375,293887895726.4219,0.00038017443115114825,0.0004424762957873033,-1.5863901908432023e-05,-4.597026551465841e-09,-1.4478931773157058e-07,-2.707179420155726e-07,8.389154855382582e-07
C:\Users\damba\.cache\kagglehub\datasets\salmaneunus\mechanical-tools-dataset\versions\20\Mechanical Tools Image dataset\Mechanical Tools Image dataset\pliers\000134.jpg,pliers,exito,3653640.0,432081435.0,436908585.0,64832262585.0,59638144635.0,51682153815.0,10754613544125.0,8718113184015.0,7586768616195.0,6917806841655.0,13734079274.20331,7391861025.585225,13109144.310094517,-160883991052.70096,-181382241618.98923,-169085968310.0547,-138167504479.40625,0.0010288404798834323,0.0005537353973978644,9.820256643044008e-07,-6.3051939198170334e-06,-7.1085395105856625e-06,-6.626637071464135e-06,-5.414913587483505e-06
C:\Users\damba\.cache\kagglehub\datasets\salmaneunus\mechanical-tools-dataset\versions\20\Mechanical Tools Image dataset\Mechanical Tools Image dataset\pliers\000135.jpg,pliers,exito,5841285.0,610710210.0,806224830.0,84949371450.0,121619590860.0,90329650110.0,13480892202150.0,19695847100910.0,13006726893660.0,14511244137780.0,21099215089.157467,10342966537.007914,6038310920.675347,187505450182.48727,54578639986.96032,19240609956.160156,128998062602.71094,0.000618371559304853,0.0003031295864941531,0.00017696960402590218,2.273751010843378e-06,6.61838030414747e-07,2.33317785133631e-07,1.564271731591224e-06
C:\Users\damba\.cache\kagglehub\datasets\salmaneunus\mechanical-tools-dataset\versions\20\Mechanical Tools Image dataset\Mechanical Tools Image dataset\pliers\000136.jpg,pliers,exito,1945395.0,214824750.0,245467590.0,27975156990.0,33743172840.0,27422975400.0,4026956610030.0,4892334242910.0,3645708181650.0,3725690636070.0,4252636261.52969,2770368992.7565875,316648070.66457,-1479337443.7021477,-64462148626.74684,45903488287.49414,-80385943302.39062,0.0011236799904093301,0.0007320184496783805,8.3668359842163e-05,-2.8025138112729483e-07,-1.2211957630078153e-05,8.696133560262264e-06,-1.5228622603735883e-05
C:\Users\damba\.cache\kagglehub\datasets\salmaneunus\mechanical-tools-dataset\versions\20\Mechanical Tools Image dataset\Mechanical Tools Image dataset\pliers\000137.jpg,pliers,exito,3978000.0,453361950.0,420213225.0,62418529230.0,58368621525.0,47316106800.0,9672552070740.0,9159617964495.0,6083334477690.0,6707897991600.0,10750088378.365381,13979693806.322113,-574463109.9519259,108563084409.95145,40419591554.087105,-379262816436.0254,177149353783.73047,0.0006793326327964551,0.0008834217789548217,-3.630217010247701e-05,3.4396973094446175e-06,1.2806485839370596e-06,-1.2016509077258702e-05,5.612774903104127e-06
C:\Users\damba\.cache\kagglehub\datasets\salmaneunus\mechanical-tools-dataset\versions\20\Mechanical Tools Image dataset\Mechanical Tools Image dataset\pliers\000138.jpg,pliers,exito,4311285.0,480325905.0,463705005.0,74606067315.0,67627157955.0,51582074730.0,13010740562295.0,11326905988095.0,8104959885060.0,7481683620330.0,21092329528.222034,17752855592.235764,-79906832.26149212,-1067133083.8128709,234336696112.91373,98427221529.51172,-35557631688.046875,0.001134778454785308,0.0009551129954625819,-4.299029726382639e-06,-2.7650421218474723e-08,6.07188405340828e-06,2.5503418232813087e-06,-9.213316582716766e-07
C:\Users\damba\.cache\kagglehub\datasets\salmaneunus\mechanical-tools-dataset\versions\20\Mechanical Tools Image dataset\Mechanical Tools Image dataset\pliers\000139.jpg,pliers,exito,2986560.0,318140040.0,358140870.0,40473245550.0,50085280830.0,36294985890.0,5697379989120.0,7630005565260.0,4522225872030.0,4940332331400.0,6583725483.032786,7137915712.822748,-1855578875.9631152,-16636583541.846006,-88019432531.61916,64101643031.91797,50085364761.01367,0.0007381238287352855,0.0008002559779742634,-0.00020803525116227744,-1.079284735547257e-06,-5.710188616788995e-06,4.158541606444009e-06,3.2492470298911155e-06
C:\Users\damba\.cache\kagglehub\datasets\salmaneunus\mechanical-tools-dataset\versions\20\Mechanical Tools Image dataset\Mechanical Tools Image dataset\pliers\000140.jpg,pliers,exito,3285420.0,399645435.0,399785430.0,57838357185.0,55084617030.0,53867184045.0,9209133128055.0,8375940764130.0,8187633860145.0,7947762973935.0,9224641521.146,6436836825.251477,5236439093.361538,-70656720353.91103,106454834851.59294,-124353787198.03516,-27235608888.339844,0.000854609477700643,0.0005963355589116735,0.000485125678686859,-3.6114053213157963e-06,5.4411180583696125e-06,-6.355969065126556e-06,-1.3920660678270769e-06
C:\Users\damba\.cache\kagglehub\datasets\salmaneunus\mechanical-tools-dataset\versions\20\Mechanical Tools Image dataset\Mechanical Tools Image dataset\pliers\000141.jpg,pliers,exito,2470695.0,278934045.0,262680600.0,35996407665.0,33734161140.0,30141386580.0,5101507549545.0,4915070436630.0,3884583932910.0,3892616700660.0,4505591736.663225,5806352318.449788,485535776.4702232,20285686093.803993,93859437135.74985,-52131395988.51172,-19111650929.871094,0.0007380972104101557,0.000951185260313936,7.953951958203966e-05,2.1141795124496837e-06,9.782055096626533e-06,-5.43314773011187e-06,-1.991821260478084e-06
C:\Users\damba\.cache\kagglehub\datasets\salmaneunus\mechanical-tools-dataset\versions\20\Mechanical Tools Image dataset\Mechanical Tools Image dataset\pliers\000142.jpg,pliers,exito,2749155.0,305428800.0,382039470.0,36260343120.0,58269337530.0,42922726080.0,4569701178900.0,9372330840960.0,5192603094960.0,6592480221570.0,2327461245.591321,5178785473.86606,478463433.9374865,24049705154.511227,-164486014608.8148,47329258990.125,-14174431228.613281,0.0003079526923428844,0.0006852191127840195,6.330679101435958e-05,1.9191622399433725e-06,-1.3125955025556607e-05,3.776866540141761e-06,-1.1311171181458757e-06
C:\Users\damba\.cache\kagglehub\datasets\salmaneunus\mechanical-tools-dataset\versions\20\Mechanical Tools Image dataset\Mechanical Tools Image dataset\pliers\000143.jpg,pliers,exito,2133840.0,221177055.0,242008515.0,30932375415.0,28472539845.0,23281772850.0,4974176456445.0,3456608941665.0,3106511248260.0,2553167039820.0,8006903187.244861,1025251701.3222975,-1802924518.4171855,108104852344.42667,-5148439227.309838,-27916435570.58008,10883485022.643555,0.0017584939297969053,0.00022516806449730277,-0.0003959623024503636,1.6253262818369693e-05,-7.740534680096166e-07,-4.1971581704316945e-06,1.636301596243155e-06
C:\Users\damba\.cache\kagglehub\datasets\salmaneunus\mechanical-tools-dataset\versions\20\Mechanical Tools Image dataset\Mechanical Tools Image dataset\pliers\000144.jpg,pliers,exito,4141200.0,431646660.0,456804195.0,57051290250.0,61084600005.0,49062221850.0,8627228859690.0,9114408309165.0,6536313209610.0,6761976573960.0,12059780762.615767,10695806281.055729,1448485482.3435988,166607045207.7819,16687868624.03732,-58812975405.64844,75433528693.76367,0.0007032131802276626,0.0006236789953359657,8.446207295160719e-05,4.773949810291848e-06,4.781733398641245e-07,-1.6852240097670268e-06,2.1614684994150383e-06
C:\Users\damba\.cache\kagglehub\datasets\salmaneunus\mechanical-tools-dataset\versions\20\Mechanical Tools Image dataset\Mechanical Tools Image dataset\pliers\000145.jpg,pliers,exito,1685295.0,204500565.0,198878835.0,29364272295.0,26793190425.0,25308134685.0,4663941383295.0,3982721173275.0,3794736455925.0,3423208153755.0,4549340140.49932,3323832828.284158,1175366164.3304598,-3310067258.1241097,36421861341.49767,44260513121.33789,-105392765956.98438,0.0016017566817357898,0.0011702733313523083,0.0004138293794395965,-8.977325820880372e-07,9.878074696610653e-06,1.200401732968965e-05,-2.858386628964874e-05
C:\Users\damba\.cache\kagglehub\datasets\salmaneunus\mechanical-tools-dataset\versions\20\Mechanical Tools Image dataset\Mechanical Tools Image dataset\pliers\000146.jpg,pliers,exito,2127465.0,214892325.0,235492500.0,27418595775.0,29394753720.0,24065116275.0,3989423144475.0,3999039318660.0,3102821879445.0,3009340491045.0,5712616431.553399,3327712637.655521,278341477.26537335,65861230204.09419,8587406617.599616,11583922566.194336,-21403436757.82129,0.0012621478060083932,0.0007352261883791871,6.149687959289381e-05,9.97639827215354e-06,1.3007863393474089e-06,1.7546867059121156e-06,-3.242107820142146e-06
C:\Users\damba\.cache\kagglehub\datasets\salmaneunus\mechanical-tools-dataset\versions\20\Mechanical Tools Image dataset\Mechanical Tools Image dataset\pliers\000147.jpg,pliers,exito,2133075.0,239546745.0,271229730.0,30497660085.0,40041892650.0,30541206180.0,4238185475745.0,6477960293790.0,4043533985100.0,4517967414360.0,3596288571.998804,5553857097.629406,81799469.62701692,5529030714.141876,-25933875072.18257,147251996013.78125,415080724.71875,0.0007903915370436473,0.0012206255310252493,1.797787002724278e-05,8.32019850976824e-07,-3.902582566166448e-06,2.2158781550274158e-05,6.246219646429415e-08
C:\Users\damba\.cache\kagglehub\datasets\salmaneunus\mechanical-tools-dataset\versions\20\Mechanical Tools Image dataset\Mechanical Tools Image dataset\pliers\000148.jpg,pliers,exito,2396490.0,275463495.0,257183310.0,34156547985.0,33817839390.0,28426140045.0,4523927316435.0,4947716796330.0,3432031967715.0,3566349417195.0,2493517019.8739095,6217784750.691635,-1135683049.7212172,24585399149.215225,-16044703809.529236,27546397243.51953,-77071911515.60156,0.00043417128274513526,0.001082640928265025,-0.00019774517781887923,2.7652742576180936e-06,-1.8046486105967654e-06,3.098316310640743e-06,-8.668761959323957e-06
C:\Users\damba\.cache\kagglehub\datasets\salmaneunus\mechanical-tools-dataset\versions\20\Mechanical Tools Image dataset\Mechanical Tools Image dataset\pliers\000149.jpg,pliers,exito,2784090.0,306030855.0,259863105.0,41521546725.0,27517295565.0,30220964685.0,6264434203455.0,3287070571395.0,4243785195675.0,3464088640425.0,7882230391.105968,3262033220.6644964,1656468491.951362,-32519507441.016113,109696984552.01607,4059111350.875,130126167821.40039,0.0010169101542956461,0.0004208446773500128,0.00021370596216482626,-2.514408191636438e-06,8.481770428278864e-06,3.13850474208955e-07,1.006135480095585e-05
C:\Users\damba\.cache\kagglehub\datasets\salmaneunus\mechanical-tools-dataset\versions\20\Mechanical Tools Image dataset\Mechanical Tools Image dataset\pliers\000150.jpg,pliers,exito,935085.0,104868495.0,103664895.0,13976682345.0,11619051285.0,11583651675.0,2067547114755.0,1315991027895.0,1539705472125.0,1297500862125.0,2215825050.139079,126608934.45323196,-42223537.39569072,3077982006.6509104,-186148780.33148786,-299415240.5913086,3802188267.0507812,0.002534155655338601,0.00014479786986834256,-4.828946945652342e-05,3.6403098492401446e-06,-2.2015698499877874e-07,-3.541165110718487e-07,4.496824012389385e-06
C:\Users\damba\.cache\kagglehub\datasets\salmaneunus\mechanical-tools-dataset\versions\20\Mechanical Tools Image dataset\Mechanical Tools Image dataset\pliers\000151.jpg,pliers,exito,3439695.0,456655530.0,442232730.0,69869615460.0,62101477530.0,58816723080.0,11509741808940.0,9177926583780.0,8976137727030.0,8223655819830.0,9243811986.267334,5244754046.303651,105697334.54963785,-220606958145.7488,-154909538398.38452,-34883695969.046875,-48144085937.35547,0.0007812881429680916,0.00044328726668699876,8.933551910147583e-06,-1.0053548297035992e-05,-7.059571189639386e-06,-1.5897273828155121e-06,-2.1940327596923614e-06
C:\Users\damba\.cache\kagglehub\datasets\salmaneunus\mechanical-tools-dataset\versions\20\Mechanical Tools Image dataset\Mechanical Tools Image dataset\pliers\000152.jpg,pliers,exito,1983135.0,241057620.0,258593970.0,32443767810.0,39989233110.0,31448894745.0,4687954533630.0,6716235858690.0,4269946637115.0,4879548994515.0,3142295061.0119567,6269470552.04963,15811795.754788179,-19625025805.845833,-133257043646.7337,35547149711.84375,14581642723.054688,0.0007989919505331611,0.0015941394451923774,4.02046825210667e-06,-3.5434763458849937e-06,-2.406076744847438e-05,6.418360180195546e-06,2.6328478028242465e-06
C:\Users\damba\.cache\kagglehub\datasets\salmaneunus\mechanical-tools-dataset\versions\20\Mechanical Tools Image dataset\Mechanical Tools Image dataset\pliers\000153.jpg,pliers,exito,1600890.0,172349910.0,172678350.0,21651239100.0,21057420600.0,20903822625.0,3014654416920.0,2812105667820.0,2830550316855.0,2765542119315.0,3096253137.8114057,2431648336.6199427,2313477203.7352667,17029964551.937626,16194212592.244036,-2970673934.583008,-556362060.6005859,0.001208129464116505,0.0009488067903637219,0.0009026975024303333,5.2518221977832355e-06,4.994087034543553e-06,-9.161176621617812e-07,-1.7157490909363818e-07
C:\Users\damba\.cache\kagglehub\datasets\salmaneunus\mechanical-tools-dataset\versions\20\Mechanical Tools Image dataset\Mechanical Tools Image dataset\pliers\000154.jpg,pliers,exito,5851485.0,673130640.0,755908485.0,108591533250.0,122986799115.0,91152972180.0,19595373415140.0,21549283335105.0,14876331030300.0,15014352165570.0,31157367648.13833,25336777335.059494,4196385554.642447,-64977064536.022804,-884566351645.1664,-117246287423.80469,-217738439464.90625,0.000909973126257891,0.0007399786381588549,0.0001225584306500169,-7.845034307711654e-07,-1.0679850537502322e-05,-1.4155781795615564e-06,-2.6288745727545022e-06
C:\Users\damba\.cache\kagglehub\datasets\salmaneunus\mechanical-tools-dataset\versions\20\Mechanical Tools Image dataset\Mechanical Tools Image dataset\pliers\000155.jpg,pliers,exito,2530620.0,243510975.0,295024545.0,33211801545.0,45280689405.0,23990189115.0,5269350605355.0,7800888461535.0,3001681040235.0,3283782865065.0,9779759221.201633,10886160731.213724,-4398788527.586155,191387267449.83954,-16280462302.968342,-23660604540.305664,-47749983754.28906,0.0015271239577083007,0.0016998902001655973,-0.0006868773753454292,1.8786492424495317e-05,-1.5980832256887566e-06,-2.3225148353817755e-06,-4.687118009586683e-06
C:\Users\damba\.cache\kagglehub\datasets\salmaneunus\mechanical-tools-dataset\versions\20\Mechanical Tools Image dataset\Mechanical Tools Image dataset\pliers\000156.jpg,pliers,exito,1861500.0,210985215.0,207442245.0,28495771875.0,25966440645.0,24389382945.0,4259420681325.0,3549993719745.0,3406449124845.0,3263843378235.0,4582389683.973288,2849446279.896575,877566312.4952058,-9082945326.410742,21265377722.256924,32001676553.313477,125179013867.11523,0.0013224094299724893,0.0008223077674764654,0.0002532525706245915,-1.9211846084354897e-06,4.497959076531323e-06,6.76885373950081e-06,2.6477313921658102e-05
C:\Users\damba\.cache\kagglehub\datasets\salmaneunus\mechanical-tools-dataset\versions\20\Mechanical Tools Image dataset\Mechanical Tools Image dataset\pliers\000157.jpg,pliers,exito,1173255.0,128773725.0,133848480.0,17242147575.0,15435333600.0,14705101575.0,2587245088605.0,1798770292230.0,1969710876135.0,1702078774365.0,3108244672.071289,165494052.49293697,14205431.205172809,12479961245.207298,100612234.28927328,-443793934.57421875,4691458701.504883,0.002258033446416214,0.00012022576892667524,1.0319759917957032e-05,8.370129984674018e-06,6.74791742140306e-08,-2.976461902253628e-07,3.1464936771663498e-06
C:\Users\damba\.cache\kagglehub\datasets\salmaneunus\mechanical-tools-dataset\versions\20\Mechanical Tools Image dataset\Mechanical Tools Image dataset\pliers\000158.jpg,pliers,exito,3414195.0,412549710.0,383055900.0,59333126640.0,54148017330.0,46076717805.0,9443066633790.0,8563412275620.0,6609204079095.0,6889577945895.0,9483231358.364325,11171027871.339905,-209332188.8606354,-18160063055.814255,-18398014044.512714,2907614691.84375,393646405206.6328,0.0008135414815153797,0.0009583331062026296,-1.7958058030961313e-05,-8.431338918074409e-07,-8.541814604499147e-07,1.3499449222594089e-07,1.827618244484095e-05
C:\Users\damba\.cache\kagglehub\datasets\salmaneunus\mechanical-tools-dataset\versions\20\Mechanical Tools Image dataset\Mechanical Tools Image dataset\pliers\000159.jpg,pliers,exito,2553825.0,287380665.0,314141895.0,36433226745.0,46074761955.0,40012635480.0,5138286469335.0,7499823149115.0,5610293171970.0,6359202017640.0,4094422552.918621,7432674030.341488,4662403302.987019,116986778803.58618,3678486957.205459,79384823097.15625,27402404098.03711,0.0006277842164461126,0.0011396272323947513,0.0007148708191427472,1.1224291779512435e-05,3.529322829216943e-07,7.616573654049062e-06,2.6291225572837746e-06
C:\Users\damba\.cache\kagglehub\datasets\salmaneunus\mechanical-tools-dataset\versions\20\Mechanical Tools Image dataset\Mechanical Tools Image dataset\pliers\000160.jpg,pliers,exito,2115990.0,261450480.0,265885695.0,36210899640.0,40423792635.0,36031967415.0,5414105024040.0,6939606745755.0,5377714629645.0,5918966786535.0,3906232088.5321765,7013803549.213664,3179287306.4533625,-25395919341.63579,97491111066.2061,41955669528.49219,125237129020.89453,0.0008724304626783856,0.0015664854870093253,0.0007100722724334811,-3.899239503660631e-06,1.4968593434689631e-05,6.441790975442983e-06,1.9228662456913486e-05
C:\Users\damba\.cache\kagglehub\datasets\salmaneunus\mechanical-tools-dataset\versions\20\Mechanical Tools Image dataset\Mechanical Tools Image dataset\pliers\000161.jpg,pliers,exito,2030055.0,223142850.0,223107405.0,31033421460.0,27969646695.0,25371038085.0,4848474818700.0,3834197649825.0,3600231590025.0,3256371046935.0,6505646840.0402,3449663657.183775,847159565.54893,7096992091.515135,2022508637.969289,3353017801.779297,-4250868036.0126953,0.0015786100928513605,0.0008370687804103415,0.0002055652071674476,1.20866183905483e-06,3.444457846859963e-07,5.710397602848317e-07,-7.239492325388259e-07
C:\Users\damba\.cache\kagglehub\datasets\salmaneunus\mechanical-tools-dataset\versions\20\Mechanical Tools Image dataset\Mechanical Tools Image dataset\pliers\000162.jpg,pliers,exito,2593095.0,309767880.0,259163130.0,44633069220.0,33975566070.0,34879663215.0,7083395639580.0,5183817089340.0,5392810467975.0,4932580335225.0,7628586360.831939,8073881807.989969,3920360391.8236785,-71017630645.85146,174313385295.0355,-4619774798.302734,90272277460.07617,0.0011345070828338174,0.0012007304713961176,0.000583027630731322,-6.558735385080939e-06,1.609847241918063e-05,-4.266529334360902e-07,8.336971750321726e-06
C:\Users\damba\.cache\kagglehub\datasets\salmaneunus\mechanical-tools-dataset\versions\20\Mechanical Tools Image dataset\Mechanical Tools Image dataset\pliers\000163.jpg,pliers,exito,6656265.0,717179595.0,865895850.0,100155927975.0,140364735210.0,100921583070.0,15723379387365.0,24773548252590.0,14650788823080.0,16810263766020.0,22883377755.86599,27722641926.871624,7625592748.824271,932783402.020465,-698857502847.3469,-21469782147.535156,-297327680562.14844,0.0005164864381128284,0.000625710449595531,0.00017211249490166065,8.160265707584507e-09,-6.113812598531023e-06,-1.8782401855387793e-07,-2.60111068695207e-06
C:\Users\damba\.cache\kagglehub\datasets\salmaneunus\mechanical-tools-dataset\versions\20\Mechanical Tools Image dataset\Mechanical Tools Image dataset\pliers\000164.jpg,pliers,exito,4839135.0,461003790.0,516675645.0,55254231300.0,64572032025.0,47594186085.0,7494445043310.0,9095403191805.0,5393580670995.0,5719238495535.0,11336362839.135798,9406445171.943407,-1627302992.2203186,70675607212.40184,192374334742.83508,-195874862302.34766,-84769006899.76367,0.0004841035436748396,0.00040168910485120194,-6.949170173407938e-05,1.3719876540914466e-06,3.7344597753227482e-06,-3.802413639235436e-06,-1.6455752628561818e-06
C:\Users\damba\.cache\kagglehub\datasets\salmaneunus\mechanical-tools-dataset\versions\20\Mechanical Tools Image dataset\Mechanical Tools Image dataset\pliers\000165.jpg,pliers,exito,1689120.0,168973710.0,159248775.0,21313840440.0,19051934085.0,15806904555.0,3187355076870.0,2764168687785.0,1945351105065.0,1781748015345.0,4410296185.498189,4038097093.5484614,-123790910.51177523,172810869933.97034,206552180151.26086,-39332139339.515625,-100799632724.78516,0.0015457766697858431,0.0014153236007282207,-4.3387811918358476e-05,4.660363539951549e-05,5.570299193807919e-05,-1.0607091336106976e-05,-2.7183644950724944e-05
C:\Users\damba\.cache\kagglehub\datasets\salmaneunus\mechanical-tools-dataset\versions\20\Mechanical Tools Image dataset\Mechanical Tools Image dataset\pliers\000166.jpg,pliers,exito,3996360.0,413479695.0,479185290.0,54432162555.0,64027686330.0,50206933680.0,8268052850085.0,9187509827520.0,6826721504910.0,6794928122760.0,11651867942.579437,6570764993.48775,628470388.9835328,225179941341.07547,-65498735252.781654,169961080736.07617,19648681847.003906,0.0007295689577582809,0.00041142125808475477,3.935098551856347e-05,7.052907582358117e-06,-2.0514994530507248e-06,5.323386212333963e-06,6.154204337950835e-07
C:\Users\damba\.cache\kagglehub\datasets\salmaneunus\mechanical-tools-dataset\versions\20\Mechanical Tools Image dataset\Mechanical Tools Image dataset\pliers\000167.jpg,pliers,exito,3070455.0,387151455.0,377836305.0,58910180325.0,62854185765.0,40902824160.0,9735576967785.0,11860195088625.0,5729470160160.0,6469132873110.0,10094532771.586245,16359358980.027407,-6738282852.665479,-237989857739.46378,99425821009.79457,179500256787.46484,202259174727.16406,0.0010707319171726984,0.0017352450282499426,-0.0007147328836847875,-1.4406271901990244e-05,6.0185565265296585e-06,1.0865713061554918e-05,1.2243381686380616e-05
C:\Users\damba\.cache\kagglehub\datasets\salmaneunus\mechanical-tools-dataset\versions\20\Mechanical Tools Image dataset\Mechanical Tools Image dataset\pliers\000168.jpg,pliers,exito,2405415.0,270651900.0,344350980.0,36491354250.0,56482196040.0,38037027060.0,5481107614830.0,10298649934440.0,5228540587170.0,6183033097590.0,6038209585.3122015,7186088122.25591,-708572765.3365849,16370696226.975328,155380463909.34894,164017223400.5625,30656804057.054688,0.0010435857818426122,0.0012419740132399854,-0.00012246286798405802,1.824282586630511e-06,1.7314955374061564e-05,1.8277400081744455e-05,3.416267275845821e-06
C:\Users\damba\.cache\kagglehub\datasets\salmaneunus\mechanical-tools-dataset\versions\20\Mechanical Tools Image dataset\Mechanical Tools Image dataset\pliers\000169.jpg,pliers,exito,2212380.0,309743145.0,244164795.0,49481074395.0,27573295605.0,34449597555.0,8515653246315.0,3183108607005.0,5528069637555.0,3931366273455.0,6115641750.295644,626547253.7257946,265428695.40975127,-124354265932.45584,1743004171.5043738,-7130384056.953125,12393951922.958984,0.0012494606675564,0.00012800719562391236,5.422860404458122e-05,-1.7080924724247248e-05,2.3941376537646204e-07,-9.79407923150319e-07,1.7023956375327625e-06
C:\Users\damba\.cache\kagglehub\datasets\salmaneunus\mechanical-tools-dataset\versions\20\Mechanical Tools Image dataset\Mechanical Tools Image dataset\pliers\000170.jpg,pliers,exito,4012170.0,256923975.0,510568140.0,24995758155.0,72893991450.0,31251517350.0,2919096246045.0,11244507615480.0,2950634886510.0,4138093717500.0,8543332427.824774,7921713210.777925,-1443307654.213805,224299316321.7953,-47760257287.86223,-45349099649.88574,-162422020375.16406,0.0005307239089447224,0.000492108042883865,-8.966031540097988e-05,6.956321317362751e-06,-1.4812158206386926e-06,-1.4064372276780503e-06,-5.037285807522953e-06
C:\Users\damba\.cache\kagglehub\datasets\salmaneunus\mechanical-tools-dataset\versions\20\Mechanical Tools Image dataset\Mechanical Tools Image dataset\pliers\000171.jpg,pliers,exito,3876510.0,496244280.0,459737460.0,72358960140.0,66785597520.0,60356304450.0,11404249516110.0,10606345407000.0,9089221007760.0,9149918330850.0,8833163629.035656,12262706536.29259,1503861188.734379,-120171658257.91501,-222748824633.1459,122730641773.14062,243780231919.5625,0.0005878066002606136,0.0008160269798917654,0.00010007507725862735,-4.061624615984657e-06,-7.528581384554924e-06,4.148114480466948e-06,8.239411898019046e-06
C:\Users\damba\.cache\kagglehub\datasets\salmaneunus\mechanical-tools-dataset\versions\20\Mechanical Tools Image dataset\Mechanical Tools Image dataset\pliers\000172.jpg,pliers,exito,3448365.0,356008815.0,362549565.0,47007223515.0,49196284275.0,37902581625.0,7067588171985.0,7534527120135.0,5132114938935.0,5138494172445.0,10252913470.180433,11079035352.194775,473005285.3678918,97548431514.30336,32568841752.847668,92266622562.9961,-39985074401.416016,0.0008622254452104986,0.0009316987036740186,3.977768796639149e-05,4.41760844553188e-06,1.4749226425795971e-06,4.178414811469608e-06,-1.810776448466173e-06
C:\Users\damba\.cache\kagglehub\datasets\salmaneunus\mechanical-tools-dataset\versions\20\Mechanical Tools Image dataset\Mechanical Tools Image dataset\pliers\000173.jpg,pliers,exito,1053915.0,137157105.0,117739620.0,20938776495.0,13263277260.0,15324639885.0,3466763001885.0,1506185060400.0,2340255276105.0,1730741034465.0,3089071867.9845133,109827391.89450838,1937937.499393766,-62248612330.229515,-79956533.56873918,545535205.2050781,4217495238.916992,0.002781101510518986,9.887796028956267e-05,1.744731471842341e-06,-5.459032880497302e-05,-7.011969093331339e-08,4.784194395988368e-07,3.6986278602403336e-06
C:\Users\damba\.cache\kagglehub\datasets\salmaneunus\mechanical-tools-dataset\versions\20\Mechanical Tools Image dataset\Mechanical Tools Image dataset\pliers\000174.jpg,pliers,exito,2713965.0,336802215.0,282155970.0,48499694145.0,32736317580.0,30918525345.0,7626601330815.0,4132641568620.0,4082439779565.0,3169218110835.0,6702643693.389081,3402117836.5836725,-4096943045.8869686,-55787682837.341736,21828364513.061867,57052841627.83594,-41475613510.546875,0.0009099921546271274,0.00046189245348991043,-0.0005562261997289927,-4.597563293090585e-06,1.7989147842197126e-06,4.70182730477335e-06,-3.418079915426514e-06
C:\Users\damba\.cache\kagglehub\datasets\salmaneunus\mechanical-tools-dataset\versions\20\Mechanical Tools Image dataset\Mechanical Tools Image dataset\pliers\000175.jpg,pliers,exito,4587450.0,597908445.0,531111195.0,81722539485.0,76907942115.0,68366476140.0,11624210097945.0,12376014817455.0,9261158171190.0,9832059333120.0,3793731846.2643175,15418639462.256533,-856266064.1748159,-16070476845.178827,-98168683582.5969,22949976563.58203,6477998616.953125,0.00018027020088141643,0.0007326614915906907,-4.068797206864561e-05,-3.5653355040128767e-07,-2.1779334635253255e-06,5.091595417279103e-07,1.4371843901382556e-07
C:\Users\damba\.cache\kagglehub\datasets\salmaneunus\mechanical-tools-dataset\versions\20\Mechanical Tools Image dataset\Mechanical Tools Image dataset\pliers\000176.jpg,pliers,exito,2993190.0,301776180.0,365879100.0,38335595340.0,49214707260.0,35806722345.0,5717413389390.0,7141630016100.0,4638601407015.0,4737508382475.0,7910242183.203274,4490678442.313855,-1081546405.008516,257347420448.8743,27907341368.80869,170651415276.7578,40046508622.833984,0.0008829197039928821,0.00050123730591133,-0.00012071926619293315,1.660290585841089e-05,1.8004569880540767e-06,1.1009666922258771e-05,2.5836218271130562e-06
C:\Users\damba\.cache\kagglehub\datasets\salmaneunus\mechanical-tools-dataset\versions\20\Mechanical Tools Image dataset\Mechanical Tools Image dataset\pliers\000177.jpg,pliers,exito,4004010.0,440916420.0,454411020.0,63502794330.0,64562766090.0,51258234930.0,10357046911200.0,10305832696410.0,7552330719570.0,7294124670360.0,14949646504.291166,12992121886.453953,1219079146.935415,71729449491.59827,29744697190.705772,76976369637.71875,-92148013009.79688,0.0009324823422713619,0.0008103819875793131,7.60399102428415e-05,2.2359372647682387e-06,9.271962541094957e-07,2.3994932987699797e-06,-2.872420987799253e-06
C:\Users\damba\.cache\kagglehub\datasets\salmaneunus\mechanical-tools-dataset\versions\20\Mechanical Tools Image dataset\Mechanical Tools Image dataset\pliers\000178.jpg,pliers,exito,1511385.0,168565965.0,152608830.0,19049796675.0,20228459970.0,17004281025.0,2180192675235.0,3080030547840.0,1924144618605.0,2252670111945.0,249501213.30015272,4819113579.789103,-16302543.36342083,-100357415.4418622,64306441261.60479,4269090925.671875,-133807089.18945312,0.00010922509888195425,0.0021096817539023606,-7.136826660457354e-06,-3.57364739264977e-08,2.2899010016678773e-05,1.5201891746953302e-06,-4.764763553291757e-08
C:\Users\damba\.cache\kagglehub\datasets\salmaneunus\mechanical-tools-dataset\versions\20\Mechanical Tools Image dataset\Mechanical Tools Image dataset\pliers\000179.jpg,pliers,exito,1586100.0,179072220.0,188126250.0,20546221590.0,25229229780.0,21102886590.0,2392539679740.0,3682592247120.0,2411830745430.0,2818434221610.0,328795213.524114,2915702298.086816,-136748507.26688284,-1391150822.7038498,-1488622819.2441967,5735353058.899414,2469138787.807617,0.00013069662003488625,0.0011589962983446812,-5.435774901658319e-05,-4.390841943075657e-07,-4.6984894847367743e-07,1.8102299447601892e-06,7.793258628643061e-07
C:\Users\damba\.cache\kagglehub\datasets\salmaneunus\mechanical-tools-dataset\versions\20\Mechanical Tools Image dataset\Mechanical Tools Image dataset\pliers\000180.jpg,pliers,exito,1638120.0,177995100.0,199419180.0,19917959730.0,26728134570.0,21327700200.0,2287717253040.0,3805392840900.0,2364517804200.0,2818399169820.0,577340224.7073472,2451519088.916562,-340820351.6189294,-1996990116.14044,-45278985224.59952,13838677217.405273,-2850039948.6914062,0.00021514952495298045,0.0009135742579878647,-0.00012700888247010666,-5.814490076161936e-07,-1.3183550991025628e-05,4.029306439599448e-06,-8.298252887880517e-07
C:\Users\damba\.cache\kagglehub\datasets\salmaneunus\mechanical-tools-dataset\versions\20\Mechanical Tools Image dataset\Mechanical Tools Image dataset\pliers\000181.jpg,pliers,exito,12377190.0,1381796040.0,1371079920.0,207713035110.0,204878013450.0,153124995390.0,35101362823140.0,34524545402640.0,23059894918830.0,22881115973310.0,53448594137.559456,52997001117.86272,56907723.93714008,-21888966407.759476,87780806102.08566,37832455804.10156,-4181718932.1796875,0.0003488929315464914,0.0003459450969953632,3.714728694447536e-07,-4.061347124401973e-08,1.6287124654456653e-07,7.019551893258175e-08,-7.75889178314275e-09
C:\Users\damba\.cache\kagglehub\datasets\salmaneunus\mechanical-tools-dataset\versions\20\Mechanical Tools Image dataset\Mechanical Tools Image dataset\pliers\000182.jpg,pliers,exito,5712000.0,610970310.0,562060545.0,83664681960.0,82629092025.0,61922920155.0,13134721271850.0,14105341176945.0,8296304813145.0,9480961325205.0,18313715625.704464,27322359488.988617,1803468926.460267,267965372107.42215,597604302547.1742,-322103568829.59375,287817168180.0625,0.0005613064964253001,0.0008374170590107556,5.527544738668345e-05,3.4364353581033698e-06,7.663783343634986e-06,-4.130713174587231e-06,3.6910183044347005e-06
C:\Users\damba\.cache\kagglehub\datasets\salmaneunus\mechanical-tools-dataset\versions\20\Mechanical Tools Image dataset\Mechanical Tools Image dataset\pliers\000183.jpg,pliers,exito,1526175.0,158715060.0,169679550.0,19744355220.0,19738475940.0,17261787675.0,2768014341510.0,2383856218290.0,2107833171435.0,1984575073485.0,3238731506.596492,873568777.8446114,-384091702.5438591,41067920430.95077,-4906033366.9033985,-7449173997.37207,17272255241.41504,0.0013904848961512283,0.00037504936388465973,-0.0001649021260442463,1.4272231253037815e-05,-1.7049814554231613e-06,-2.5887927321122683e-06,6.002583488040105e-06
C:\Users\damba\.cache\kagglehub\datasets\salmaneunus\mechanical-tools-dataset\versions\20\Mechanical Tools Image dataset\Mechanical Tools Image dataset\pliers\000184.jpg,pliers,exito,6185535.0,597327555.0,646431885.0,83912943585.0,87247583685.0,62995203825.0,13793652447735.0,13341130218855.0,8851256975085.0,8476287793185.0,26229944788.246273,19690907998.15105,570275772.5209165,624338718077.4564,107467886914.02617,-28376745086.58203,-68272172512.390625,0.0006855558469085702,0.000514649085922599,1.4904945220365264e-05,6.5611066428225816e-06,1.129368155947436e-06,-2.982080804832583e-07,-7.174647216663618e-07
C:\Users\damba\.cache\kagglehub\datasets\salmaneunus\mechanical-tools-dataset\versions\20\Mechanical Tools Image dataset\Mechanical Tools Image dataset\pliers\000185.jpg,pliers,exito,1345890.0,144680115.0,147187530.0,18823726425.0,16453584300.0,15874946205.0,2754307785765.0,1878687217260.0,2070171651255.0,1791834342465.0,3270943005.542818,357046702.20159197,52621373.87267792,27562119850.029053,1217232976.6077218,281592826.6035156,11602013836.918945,0.001805734286019558,0.0001971087453321845,2.9049793536093588e-05,1.3115616247151325e-05,5.79228328279248e-07,1.339978010319276e-07,5.5208946919591965e-06
C:\Users\damba\.cache\kagglehub\datasets\salmaneunus\mechanical-tools-dataset\versions\20\Mechanical Tools Image dataset\Mechanical Tools Image dataset\pliers\000186.jpg,pliers,exito,2273325.0,225171120.0,223337925.0,28799614320.0,26433524145.0,23897920680.0,4292910089130.0,3663694305495.0,3129416153550.0,2995085617980.0,6496585372.509254,4492170074.066179,1776468309.2540662,153366371883.46005,184142407213.94742,-51855693065.67285,27814449400.57715,0.0012570776183397432,0.0008692268528910394,0.0003437434318500447,1.9682321610539645e-05,2.3631973791998794e-05,-6.654916692112709e-06,3.5695761189306826e-06
C:\Users\damba\.cache\kagglehub\datasets\salmaneunus\mechanical-tools-dataset\versions\20\Mechanical Tools Image dataset\Mechanical Tools Image dataset\pliers\000187.jpg,pliers,exito,3986160.0,427273920.0,526703010.0,61474963440.0,77799158700.0,56071085805.0,10016767114830.0,12116942972610.0,8090824580985.0,8228857158105.0,15675747474.718523,8204345460.426046,-385870202.4104441,66758897454.96879,-331016457249.85504,50679745981.44922,-8412172853.4453125,0.000986549327945355,0.0005163384721059484,-2.4284646679599393e-05,2.104371146846344e-06,-1.0434286789079462e-05,1.597524813000427e-06,-2.651681575031289e-07
C:\Users\damba\.cache\kagglehub\datasets\salmaneunus\mechanical-tools-dataset\versions\20\Mechanical Tools Image dataset\Mechanical Tools Image dataset\pliers\000188.jpg,pliers,exito,3014100.0,313432740.0,349883970.0,42265359030.0,49729906710.0,28234020750.0,6476454083250.0,7855480926780.0,3238508960190.0,3239058394410.0,9671854334.10152,9114534803.639593,-8150004796.324875,69799062682.24399,-33360329656.622116,27263499773.539062,-40152266399.29883,0.0010646195404410415,0.0010032731592918558,-0.0008971034985776284,4.425429720275106e-06,-2.115125743345358e-06,1.728571954122042e-06,-2.545750991940798e-06
C:\Users\damba\.cache\kagglehub\datasets\salmaneunus\mechanical-tools-dataset\versions\20\Mechanical Tools Image dataset\Mechanical Tools Image dataset\pliers\000189.jpg,pliers,exito,3075810.0,322381965.0,394245300.0,37623295425.0,59512703250.0,46129516575.0,4796548326435.0,9900545909160.0,5867645115765.0,7477041793365.0,3833779376.4595428,8979882116.025532,4807856750.103631,49520855165.313835,-29572070884.759243,37395521384.46289,6888542741.5390625,0.0004052360819133688,0.0009491866608408418,0.000508197483604805,2.984622264568777e-06,-1.78230890555945e-06,2.2538283183244064e-06,4.1517251606817715e-07
C:\Users\damba\.cache\kagglehub\datasets\salmaneunus\mechanical-tools-dataset\versions\20\Mechanical Tools Image dataset\Mechanical Tools Image dataset\pliers\000190.jpg,pliers,exito,4292670.0,466010970.0,601640370.0,70999605120.0,95316060360.0,67988144625.0,12090417417690.0,16350839759160.0,10448809674825.0,10986527944305.0,20409593737.727222,10992985254.357853,2674246185.3671193,-48597228587.61815,-89659336648.79253,-82790660624.53125,-110574482346.21484,0.0011075908349998229,0.0005965689407382992,0.00014512638534154863,-1.2728954812459887e-06,-2.3484253688663787e-06,-2.1685157952646354e-06,-2.896250733019623e-06
C:\Users\damba\.cache\kagglehub\datasets\salmaneunus\mechanical-tools-dataset\versions\20\Mechanical Tools Image dataset\Mechanical Tools Image dataset\pliers\000191.jpg,pliers,exito,2216970.0,246006915.0,238512720.0,35312994915.0,32531940180.0,25262766615.0,5763338748375.0,4997980838280.0,3539385490245.0,3308373049035.0,8014744497.62077,6871548924.458246,-1203887618.236717,66100592154.7269,19480818712.612644,7416581967.216797,-42505502251.85547,0.00163068489906458,0.0013980896169084236,-0.0002449437233853451,9.032455057901047e-06,2.6619976278110913e-06,1.0134545110475922e-06,-5.808254151561957e-06
C:\Users\damba\.cache\kagglehub\datasets\salmaneunus\mechanical-tools-dataset\versions\20\Mechanical Tools Image dataset\Mechanical Tools Image dataset\pliers\000192.jpg,pliers,exito,1289535.0,143684340.0,148677495.0,17914119750.0,20182053285.0,16543882605.0,2420263703040.0,3029600504715.0,2139233946405.0,2244187567035.0,1904325862.0980823,3040217259.242633,-22265457.618152518,-160777288.7251881,1655626064.7566445,78779554399.58594,569316136.2919922,0.0011451832767609869,0.0018282616606219598,-1.3389530763210053e-05,-8.514161141006027e-08,8.767573589751278e-07,4.171869211709399e-05,3.014884355246363e-07
C:\Users\damba\.cache\kagglehub\datasets\salmaneunus\mechanical-tools-dataset\versions\20\Mechanical Tools Image dataset\Mechanical Tools Image dataset\pliers\000193.jpg,pliers,exito,1483335.0,165599295.0,153054315.0,19518129675.0,19014833115.0,17105736855.0,2409044577945.0,2637647188065.0,2057174547075.0,2127442540365.0,1030649433.1820506,3222295798.6694155,18776282.568332285,-79559861.20960952,10678357934.859125,39051435437.796875,754677865.875,0.00046841681878946134,0.0014644917065071172,8.533577243812138e-06,-2.9689023006408015e-08,3.984798484796755e-06,1.4572661987072098e-05,2.816200051349957e-07
C:\Users\damba\.cache\kagglehub\datasets\salmaneunus\mechanical-tools-dataset\versions\20\Mechanical Tools Image dataset\Mechanical Tools Image dataset\pliers\000194.jpg,pliers,exito,1923210.0,199860075.0,221766105.0,26446126755.0,26618657205.0,21704045520.0,3992267894895.0,3299615645745.0,2761252511610.0,2470818562800.0,5676658221.139618,1046720013.0807489,-1341898697.0942729,64147953564.376656,-11187630722.972807,-9360460611.08496,14076173423.776367,0.0015347559654211446,0.0002829939238228214,-0.0003627991945484511,1.2505931193270584e-05,-2.1810787759083754e-06,-1.824863769380724e-06,2.744213127946911e-06
C:\Users\damba\.cache\kagglehub\datasets\salmaneunus\mechanical-tools-dataset\versions\20\Mechanical Tools Image dataset\Mechanical Tools Image dataset\pliers\000195.jpg,pliers,exito,438090.0,48984480.0,54443775.0,5489780760.0,7539362385.0,6091330605.0,616666397490.0,1114510389645.0,683344686675.0,844045526535.0,12643000.931315862,773344817.2613509,3768671.123399722,6173574.537808715,-14661633887.127008,257646826.3149414,104538778.67675781,6.587543409489378e-05,0.004029456757844721,1.9636385978578658e-05,4.859911337561835e-08,-0.00011541812659561854,2.0282264749965275e-06,8.229417051573701e-07
C:\Users\damba\.cache\kagglehub\datasets\salmaneunus\mechanical-tools-dataset\versions\20\Mechanical Tools Image dataset\Mechanical Tools Image dataset\pliers\000196.jpg,pliers,exito,5174970.0,573466440.0,519852180.0,68160560070.0,70469047020.0,57616843530.0,8577198336540.0,10794658488870.0,6832995681990.0,7813002753420.0,4611639437.363755,18247239154.30176,9209284.615159458,1876231645.4326212,49625798330.777916,-16121931008.117188,2095935000.015625,0.0001722025869863766,0.0006813676199989559,3.4388261627211144e-07,3.079759939545747e-08,8.145878257578649e-07,-2.646351125554703e-07,3.4403942949440815e-08
C:\Users\damba\.cache\kagglehub\datasets\salmaneunus\mechanical-tools-dataset\versions\20\Mechanical Tools Image dataset\Mechanical Tools Image dataset\pliers\000197.jpg,pliers,exito,1295655.0,150368145.0,131986980.0,20530220595.0,15453682380.0,15085050300.0,3115760933895.0,2026363808700.0,2077162356660.0,1755764676870.0,3079140615.575673,2008310819.2678607,-232790750.86006758,18408233965.241787,42944899277.048805,39804272673.22656,9705072620.504883,0.0018342172423248782,0.001196333260655592,-0.00013867142244865016,9.633601714113652e-06,2.2474402273949014e-05,2.0830814633162775e-05,5.078966532532621e-06
C:\Users\damba\.cache\kagglehub\datasets\salmaneunus\mechanical-tools-dataset\versions\20\Mechanical Tools Image dataset\Mechanical Tools Image dataset\pliers\000198.jpg,pliers,exito,8233950.0,925886130.0,1144249515.0,138217640820.0,177414284205.0,127411003980.0,23090650951290.0,29778863466915.0,18925386462570.0,19689782263020.0,34104168461.487152,18401058161.88154,-1256859584.5986297,-121410047854.83351,9796080049.289722,320029174.8125,89334960196.03906,0.0005030266728255603,0.00027141031378887523,-1.8538317266510336e-05,-6.240710932253866e-07,5.035374331614886e-08,1.6450117640020686e-09,4.591989481747738e-07
C:\Users\damba\.cache\kagglehub\datasets\salmaneunus\mechanical-tools-dataset\versions\20\Mechanical Tools Image dataset\Mechanical Tools Image dataset\pliers\000199.jpg,pliers,exito,1252815.0,139477350.0,146538555.0,16815443070.0,18722580165.0,17467336035.0,2165727241020.0,2565079155465.0,2220470711655.0,2348837928915.0,1287267590.761246,1582341501.2802775,1153028396.4186852,7018426805.618354,4982159915.7398205,-3124487617.8535156,-5302224856.375977,0.0008201531289843775,0.0010081527280815055,0.0007346256939253735,3.995051789654662e-06,2.8359613114136426e-06,-1.7785310291285082e-06,-3.018149720484261e-06
C:\Users\damba\.cache\kagglehub\datasets\salmaneunus\mechanical-tools-dataset\versions\20\Mechanical Tools Image dataset\Mechanical Tools Image dataset\pliers\000200.jpg,pliers,exito,2975340.0,389254185.0,365070240.0,61242073725.0,52079954070.0,50008014555.0,10282785368265.0,8012540605320.0,8087550747165.0,7580994005025.0,10317197730.991179,7286323717.281457,2247046484.475495,-428850372207.15686,-165644485424.2986,-14717581438.347656,216121528228.22266,0.0011654363300412191,0.0008230671345042632,0.00025382760673789623,-2.808434433289761e-05,-1.0847645395663729e-05,-9.63817806044381e-07,1.4153261393420245e-05
C:\Users\damba\.cache\kagglehub\datasets\salmaneunus\mechanical-tools-dataset\versions\20\Mechanical Tools Image dataset\Mechanical Tools Image dataset\pliers\000201.jpg,pliers,exito,1612620.0,167618130.0,173276325.0,20703070050.0,20164431255.0,18352049100.0,2871756907980.0,2511252379485.0,2280683135160.0,2184037952070.0,3280591409.8387103,1545857253.991935,341449225.40322644,37869766643.25424,12375104321.498133,-14847154545.96875,14739299330.614258,0.0012615023386644605,0.0005944362761250183,0.0001312991904720362,1.1467335655263977e-05,3.7473026005246126e-06,-4.495863581840426e-06,4.463203967951279e-06
C:\Users\damba\.cache\kagglehub\datasets\salmaneunus\mechanical-tools-dataset\versions\20\Mechanical Tools Image dataset\Mechanical Tools Image dataset\pliers\000202.jpg,pliers,exito,3497070.0,344288505.0,356117700.0,43497260205.0,45521087850.0,43236836355.0,6314139982065.0,6597544929060.0,6149303306895.0,6232773711495.0,9601863580.072556,9256495990.732098,8176848840.584076,141192571241.16794,76752027803.40038,109808991260.06055,85848289194.875,0.0007851395961505865,0.0007568990606173562,0.0006686168516083064,6.1737783474542904e-06,3.3560548066404294e-06,4.801501712432101e-06,3.7537974153896373e-06
C:\Users\damba\.cache\kagglehub\datasets\salmaneunus\mechanical-tools-dataset\versions\20\Mechanical Tools Image dataset\Mechanical Tools Image dataset\pliers\000203.jpg,pliers,exito,645915.0,72291735.0,66269655.0,8135861445.0,8762515275.0,7426283910.0,920599623765.0,1314699803775.0,836540078130.0,982763196600.0,44866578.32214733,1963374252.0805364,9288890.838925883,-20744487.014495585,12805386012.599977,-263140804.21679688,143849818.75341797,0.00010754053917697705,0.004706004637993744,2.2264508828859647e-05,-6.186774319649064e-08,3.8190403686814545e-05,-7.847833348892608e-07,4.290134356795319e-07
C:\Users\damba\.cache\kagglehub\datasets\salmaneunus\mechanical-tools-dataset\versions\20\Mechanical Tools Image dataset\Mechanical Tools Image dataset\pliers\000204.jpg,pliers,exito,3034755.0,342748815.0,349578225.0,52300707825.0,53629731615.0,38752153905.0,8991616759215.0,9141814941615.0,5828914022055.0,5870255158575.0,13590251730.882277,13361263355.074362,-729623822.8737104,14914856325.581049,-114088694773.09918,-30878022553.42578,-18657046190.615234,0.001475639357346857,0.0014507756339656893,-7.922308213347733e-05,9.296296890929303e-07,-7.111046565633112e-06,-1.9245995991870483e-06,-1.1628770449385064e-06
C:\Users\damba\.cache\kagglehub\datasets\salmaneunus\mechanical-tools-dataset\versions\20\Mechanical Tools Image dataset\Mechanical Tools Image dataset\pliers\000205.jpg,pliers,exito,8889300.0,877657215.0,927503595.0,127819057275.0,136303922175.0,92558329710.0,21517875192675.0,22973880312675.0,14023819088880.0,13653669196350.0,41166318921.97375,39528819665.47462,984165029.9703072,769205278775.7537,503199547982.44745,492927543912.26953,-9246211660.609375,0.0005209630336612441,0.0005002403505886883,1.2454686575412122e-05,3.264926041976875e-06,2.1358528780947717e-06,2.0922528996268736e-06,-3.924595692894946e-08
C:\Users\damba\.cache\kagglehub\datasets\salmaneunus\mechanical-tools-dataset\versions\20\Mechanical Tools Image dataset\Mechanical Tools Image dataset\pliers\000206.jpg,pliers,exito,1701105.0,212700090.0,224428050.0,33134974380.0,34364766960.0,27297267795.0,5580979083930.0,5650852554990.0,4194601982445.0,4023826914195.0,6539715247.842902,4755807121.070303,-764413543.6149005,-197504946364.90234,-137791105603.01056,14239201866.998047,-71321441283.85742,0.002259938373678802,0.0016434707939717733,-0.0002641594373921595,-5.2329932429970136e-05,-3.65084489192205e-05,3.7727484059058836e-06,-1.8896975857489617e-05
C:\Users\damba\.cache\kagglehub\datasets\salmaneunus\mechanical-tools-dataset\versions\20\Mechanical Tools Image dataset\Mechanical Tools Image dataset\pliers\000207.jpg,pliers,exito,4124115.0,540046140.0,420506475.0,80943588180.0,48140163525.0,55036883325.0,13081547500890.0,6082372910175.0,8285823686865.0,6398841886215.0,10225426021.840096,5264129389.936927,-27754462.442039546,-195889248633.0444,100373994714.62047,39854416171.94922,100625752981.32422,0.0006012012530608281,0.0003095031129993837,-1.631816372495859e-06,-5.671313865721112e-06,2.9059911759078436e-06,1.1538504773664594e-06,2.9132799891466018e-06
C:\Users\damba\.cache\kagglehub\datasets\salmaneunus\mechanical-tools-dataset\versions\20\Mechanical Tools Image dataset\Mechanical Tools Image dataset\pliers\000208.jpg,pliers,exito,2246805.0,261268920.0,251045205.0,31029089520.0,34145343795.0,28607145930.0,3756478290570.0,5198268784155.0,3343021338000.0,3830397015840.0,647526118.6516821,6094981189.659513,-585556410.2247221,-2323032578.8949246,21025348578.842712,12189887244.47461,-9328656063.210938,0.00012827042316504713,0.0012073734075909576,-0.0001159946546757507,-3.0700245353067756e-07,2.7786237948987554e-06,1.610965479483828e-06,-1.2328369070536096e-06
C:\Users\damba\.cache\kagglehub\datasets\salmaneunus\mechanical-tools-dataset\versions\20\Mechanical Tools Image dataset\Mechanical Tools Image dataset\pliers\000209.jpg,pliers,exito,4213110.0,451927065.0,608587335.0,64501448025.0,100577300685.0,66789926910.0,10436722648815.0,17949820916115.0,9712295481300.0,11271197960580.0,16024652479.781809,12666340771.206577,1508676692.7681303,80026901527.6464,-237983469167.78073,71344256012.98438,46727828100.36328,0.0009027822744616576,0.0007135847685285963,8.499445325525393e-05,2.1964888682067924e-06,-6.531904033091688e-06,1.9581773272688705e-06,1.2825331519610451e-06
C:\Users\damba\.cache\kagglehub\datasets\salmaneunus\mechanical-tools-dataset\versions\20\Mechanical Tools Image dataset\Mechanical Tools Image dataset\pliers\000210.jpg,pliers,exito,4861065.0,553472910.0,577136655.0,78690999780.0,84818161965.0,68141037270.0,12422371592070.0,13729592102535.0,9940214069730.0,10284304197480.0,15673479523.869276,16296815604.7705,2429201713.282275,-106370418754.51,-210285181621.13068,44346585117.14453,50226351191.609375,0.0006632886475693408,0.0006896677132677071,0.00010280180075026233,-2.041701736667014e-06,-4.036268969684746e-06,8.511999944071542e-07,9.640577677053502e-07
C:\Users\damba\.cache\kagglehub\datasets\salmaneunus\mechanical-tools-dataset\versions\20\Mechanical Tools Image dataset\Mechanical Tools Image dataset\pliers\000211.jpg,pliers,exito,2104260.0,261469350.0,241577820.0,40476050550.0,29374357290.0,29757951240.0,6854228837370.0,3745925727570.0,4601404982100.0,3592639422750.0,7986614363.681531,1640216491.8322837,-259820123.71788716,-159997712875.9721,-2980323426.1169815,19154663057.710938,2322375843.1210938,0.0018036983808287995,0.0003704267785834155,-5.8677822055335506e-05,-2.4909515203038372e-05,-4.6399670569279257e-07,2.982126194610012e-06,3.615630206929135e-07
C:\Users\damba\.cache\kagglehub\datasets\salmaneunus\mechanical-tools-dataset\versions\20\Mechanical Tools Image dataset\Mechanical Tools Image dataset\pliers\000212.jpg,pliers,exito,2594625.0,217114650.0,285126465.0,24894352560.0,38689283655.0,24635009655.0,3413355331410.0,5900999743065.0,2907445558185.0,3313912489005.0,6726497380.68796,7356393143.501719,776019375.3980333,204502070492.15198,32581984719.884117,41902717095.42969,-94108940705.86133,0.0009991709084180797,0.0010927372158021098,0.00011527187782643294,1.8858676623633504e-05,3.0046302812960664e-06,3.8641652353570375e-06,-8.678494432322374e-06
C:\Users\damba\.cache\kagglehub\datasets\salmaneunus\mechanical-tools-dataset\versions\20\Mechanical Tools Image dataset\Mechanical Tools Image dataset\pliers\000213.jpg,pliers,exito,1923465.0,224901840.0,213840450.0,31387817400.0,31153558590.0,25031423730.0,4832983141320.0,5100768226260.0,3497315078970.0,3960904378740.0,5091088509.489593,7379932318.556276,28051861.30054296,-27603473782.51047,-3638188167.1926374,1227119075.921875,312025977143.666,0.0013760748931009022,0.001994728545264939,7.582162825980015e-06,-5.379637586867341e-06,-7.090460413256536e-07,2.391530847314555e-07,6.08107040420625e-05
C:\Users\damba\.cache\kagglehub\datasets\salmaneunus\mechanical-tools-dataset\versions\20\Mechanical Tools Image dataset\Mechanical Tools Image dataset\pliers\000214.jpg,pliers,exito,2951625.0,328729425.0,299869800.0,37543596705.0,40125590280.0,33552599610.0,4388387514765.0,6154569175470.0,3839203326090.0,4501736160990.0,932226744.1036723,9660373000.691147,155394027.01943892,-579810143.8854218,115129554437.22961,-9644685940.6875,1280252079.8183594,0.00010700379920963431,0.0011088467686582175,1.7836595410649763e-05,-3.873761324303826e-08,7.69190432362295e-06,-6.44369743718647e-07,8.553474002586504e-08
C:\Users\damba\.cache\kagglehub\datasets\salmaneunus\mechanical-tools-dataset\versions\20\Mechanical Tools Image dataset\Mechanical Tools Image dataset\pliers\000215.jpg,pliers,exito,4232235.0,478229805.0,595962030.0,57427589925.0,95488400580.0,67516105965.0,7256604498975.0,16541411177640.0,8166020361045.0,10794694206975.0,3389062671.5894485,11568027254.388138,174191965.82364875,1552099335.8702009,-162687498910.55615,39989871384.72266,-44265062597.5,0.00018920824226850144,0.0006458322891651871,9.724976745658737e-06,4.212065121026483e-08,-4.414990226150664e-06,1.0852394467361052e-06,-1.2012589783272473e-06
C:\Users\damba\.cache\kagglehub\datasets\salmaneunus\mechanical-tools-dataset\versions\20\Mechanical Tools Image dataset\Mechanical Tools Image dataset\pliers\000216.jpg,pliers,exito,4716990.0,492206100.0,537675660.0,58512277050.0,76943327190.0,55447422870.0,7617966318600.0,12282349281570.0,6517265591910.0,7777922267250.0,7151802493.723649,15655277955.968216,-657686463.1819617,19811284200.52384,-57188865510.34461,-15118959007.09375,-100985890470.28516,0.0003214294027022255,0.0007036081668838412,-2.9558949259496397e-05,4.0996826435592643e-07,-1.1834477612077538e-06,-3.128668147036492e-07,-2.0897691346755697e-06
C:\Users\damba\.cache\kagglehub\datasets\salmaneunus\mechanical-tools-dataset\versions\20\Mechanical Tools Image dataset\Mechanical Tools Image dataset\pliers\000217.jpg,pliers,exito,1208445.0,129133275.0,140273715.0,16703538105.0,17300181495.0,14851387680.0,2465300350815.0,2210438834175.0,1947521754060.0,1823169327180.0,2904480049.2129145,1017508208.3372025,-138127121.55623513,59636359950.71309,-33949649645.786583,38130984528.37012,6555508944.293945,0.0019889076554762677,0.0006967614963030007,-9.458563489411608e-05,3.714872430113965e-05,-2.1147940213888403e-05,2.375258035108337e-05,4.0835623540151845e-06
C:\Users\damba\.cache\kagglehub\datasets\salmaneunus\mechanical-tools-dataset\versions\20\Mechanical Tools Image dataset\Mechanical Tools Image dataset\pliers\000218.jpg,pliers,exito,7100730.0,470345715.0,800674500.0,44130667965.0,116657041980.0,51897159615.0,4873480460145.0,19180275317760.0,4675682782815.0,7300262290605.0,12975407644.03846,26373415514.79853,-1138770519.6153882,231348545689.86765,78385607825.57922,-149605439523.20312,-170176775104.09375,0.00025734457197116613,0.0005230706821139332,-2.2585526403746478e-05,1.7219053511129713e-06,5.834166675335148e-07,-1.1134991408847825e-06,-1.2666096465534057e-06
C:\Users\damba\.cache\kagglehub\datasets\salmaneunus\mechanical-tools-dataset\versions\20\Mechanical Tools Image dataset\Mechanical Tools Image dataset\pliers\000219.jpg,pliers,exito,2901135.0,300535860.0,375535440.0,39644459850.0,54156508830.0,39303583500.0,5942179117020.0,8298512724780.0,5430286597290.0,5733527083170.0,8511195404.89848,5545580108.656945,400924223.2416297,71917754989.74437,-147427262382.7481,215471055860.32227,19523610396.396484,0.0010112410347753356,0.0006588872538727311,4.763502740684629e-05,5.016678568386114e-06,-1.0283902600920129e-05,1.5030349990710243e-05,1.3618845286131295e-06
C:\Users\damba\.cache\kagglehub\datasets\salmaneunus\mechanical-tools-dataset\versions\20\Mechanical Tools Image dataset\Mechanical Tools Image dataset\pliers\000220.jpg,pliers,exito,4897785.0,538698975.0,742278990.0,67094212545.0,124231682850.0,81303972540.0,9080586263805.0,22027143165960.0,10244011666350.0,13546083600870.0,7843635872.881766,11736320355.439693,-338020948.2881186,-24407266211.714703,-358040363207.3178,149970942634.02734,-15489338250.804688,0.0003269775914716455,0.000489251901127762,-1.4091076807929823e-05,-4.5974799723181885e-07,-6.744235035782527e-06,2.8249309005311232e-06,-2.9176525455504376e-07
C:\Users\damba\.cache\kagglehub\datasets\salmaneunus\mechanical-tools-dataset\versions\20\Mechanical Tools Image dataset\Mechanical Tools Image dataset\pliers\000221.jpg,pliers,exito,1763325.0,150472695.0,202402170.0,18814581105.0,24266287050.0,17706532410.0,2782617144735.0,3019994653950.0,2256702414960.0,2208061974840.0,5974048622.013015,1033679095.8741876,434617139.8438178,157495220758.3663,-2696535104.794454,22906564538.79004,37532710805.14258,0.0019213391101057713,0.0003324459173103669,0.00013977906132656468,3.8144898825833104e-05,-6.530932066218127e-07,5.547905406730553e-06,9.09031683264817e-06
C:\Users\damba\.cache\kagglehub\datasets\salmaneunus\mechanical-tools-dataset\versions\20\Mechanical Tools Image dataset\Mechanical Tools Image dataset\pliers\000222.jpg,pliers,exito,2304945.0,300427230.0,291457860.0,44711922360.0,39340333590.0,36877539510.0,7226705233110.0,5616902121720.0,5485389614100.0,4787660790780.0,5554146133.0302,2485795127.789576,-1111166312.2768025,-48918462081.34438,13706168447.591375,121273779232.58203,-58958602202.947266,0.0010454329123959897,0.00046789046917766573,-0.00020915003065756269,-6.064868348631389e-06,1.6992788338394685e-06,1.5035417588630456e-05,-7.309636181644588e-06
C:\Users\damba\.cache\kagglehub\datasets\salmaneunus\mechanical-tools-dataset\versions\20\Mechanical Tools Image dataset\Mechanical Tools Image dataset\pliers\000223.jpg,pliers,exito,1355580.0,170002380.0,139349850.0,24861820170.0,16648317600.0,18137330175.0,3928991945250.0,2222709276840.0,2723534934015.0,2311218809625.0,3541935540.7900677,2323540976.6930013,661558805.8126409,-77295801333.60393,33601490169.78762,1877743430.3876953,87351641543.27148,0.0019274820746232786,0.0012644452533513435,0.00036001297167271803,-3.612792528991921e-05,1.570527901308247e-05,8.776540665371256e-07,4.0828007798337344e-05
C:\Users\damba\.cache\kagglehub\datasets\salmaneunus\mechanical-tools-dataset\versions\20\Mechanical Tools Image dataset\Mechanical Tools Image dataset\pliers\000224.jpg,pliers,exito,5794875.0,723782310.0,636107445.0,112315355880.0,89396189715.0,78759788580.0,19104206671680.0,14091185559825.0,12208280028780.0,10699328169930.0,21914642789.73729,19570234610.80395,-690297220.0039645,-398324321596.00476,-18372576459.576366,51782394209.72656,-314744488290.6328,0.0006525987706819187,0.0005827843589103968,-2.0556443538778467e-05,-4.9275001290458564e-06,-2.2727929972422615e-07,6.405778917249283e-07,-3.893569693295176e-06
C:\Users\damba\.cache\kagglehub\datasets\salmaneunus\mechanical-tools-dataset\versions\20\Mechanical Tools Image dataset\Mechanical Tools Image dataset\pliers\000225.jpg,pliers,exito,927435.0,91529190.0,102587010.0,11547063510.0,11445656130.0,10101451170.0,1685825775360.0,1287648182580.0,1271726276850.0,1127732623890.0,2513985588.575749,98128140.71762462,-22930516.934286885,50024345462.61639,-106738218.79669802,-1011000143.484375,3225905621.4970703,0.0029227779399186205,0.00011408449049112821,-2.6659185856524117e-05,6.039106815189269e-05,-1.28857958782893e-07,-1.2205132921202413e-06,3.894421494929721e-06
C:\Users\damba\.cache\kagglehub\datasets\salmaneunus\mechanical-tools-dataset\versions\20\Mechanical Tools Image dataset\Mechanical Tools Image dataset\pliers\000226.jpg,pliers,exito,8668725.0,945552495.0,1034184630.0,138838954185.0,147230647440.0,107590262745.0,23120532937335.0,23065101165090.0,15581436478575.0,14569384437915.0,35701581526.307396,23851736593.452564,-5214775733.801889,188099562402.79587,-190668445194.2397,155474292500.6328,-245738224502.78906,0.00047509121868479555,0.0003174019223092987,-6.93945212683155e-05,8.501581457418028e-07,-8.617687874822933e-07,7.027009235662741e-07,-1.1106690021628074e-06
C:\Users\damba\.cache\kagglehub\datasets\salmaneunus\mechanical-tools-dataset\versions\20\Mechanical Tools Image dataset\Mechanical Tools Image dataset\pliers\000227.jpg,pliers,exito,4731270.0,396871035.0,737382225.0,47373251025.0,123532996875.0,59849109960.0,6661642786035.0,21818869708935.0,6994760342070.0,9762948723120.0,14082693009.504957,8609827039.849903,-2004398046.5929217,325268606132.8683,-117841350806.86775,-52230886858.26172,25467382239.359375,0.0006291152992136504,0.0003846262863712994,-8.954235358070122e-05,6.680328465844437e-06,-2.420211835405688e-06,-1.0727118255397096e-06,5.230461080976171e-07
C:\Users\damba\.cache\kagglehub\datasets\salmaneunus\mechanical-tools-dataset\versions\20\Mechanical Tools Image dataset\Mechanical Tools Image dataset\pliers\000228.jpg,pliers,exito,1883685.0,209611530.0,221342550.0,28602858870.0,28150565370.0,23091814680.0,4401561211290.0,3779025894960.0,3081852495810.0,2736842325000.0,5277837165.765534,2141692102.706103,-1538604184.9384053,44102264104.708786,-32127830632.737267,63295059169.99219,-34091206933.86328,0.0014874399035639963,0.0006035878324129523,-0.00043362104373221807,9.056078679863351e-06,-6.5972159917369816e-06,1.2997179340478682e-05,-7.0003810133549496e-06
C:\Users\damba\.cache\kagglehub\datasets\salmaneunus\mechanical-tools-dataset\versions\20\Mechanical Tools Image dataset\Mechanical Tools Image dataset\pliers\000229.jpg,pliers,exito,2138940.0,238623135.0,279638100.0,27731229345.0,42962822280.0,31226007405.0,3342660692775.0,7175869984530.0,3672389255205.0,4798416709905.0,1110098992.0082238,6403841209.18455,29190249.09870985,1237610792.998581,-115385483081.53123,40384981030.51367,-2208250353.0859375,0.00024264117692988314,0.0013997270325033448,6.38029261099892e-06,1.849641591696313e-07,-1.7244661228953596e-05,6.0356406890183255e-06,-3.3002877165038603e-07
C:\Users\damba\.cache\kagglehub\datasets\salmaneunus\mechanical-tools-dataset\versions\20\Mechanical Tools Image dataset\Mechanical Tools Image dataset\pliers\000230.jpg,pliers,exito,2344725.0,207487890.0,291952560.0,23142072120.0,38975487240.0,25562108820.0,3017533673430.0,5461910606910.0,2824453852080.0,3314483794830.0,4781187795.973898,2623122979.5628037,-273168517.21370375,123472813684.24042,-44342030444.791084,-8726533950.953125,-66482891380.80664,0.0008696649643515455,0.00047712791253089263,-4.9687462388460664e-05,1.4667009047751489e-05,-5.267272546267671e-06,-1.0366018931216472e-06,-7.897326871457121e-06
C:\Users\damba\.cache\kagglehub\datasets\salmaneunus\mechanical-tools-dataset\versions\20\Mechanical Tools Image dataset\Mechanical Tools Image dataset\pliers\000231.jpg,pliers,exito,1522860.0,171550740.0,171753465.0,24494269800.0,20020363905.0,18080538615.0,3834272079480.0,2401658189805.0,2494993204125.0,1965818793285.0,5169015742.143337,649408768.279473,-1267552488.787674,-89599491920.08195,-2793488977.9763427,18024490051.40039,-3564589911.5683594,0.0022288862026253672,0.00028002589190836193,-0.000546570255208936,-3.1308019688177655e-05,-9.761060698781542e-07,6.2981505509198825e-06,-1.245545580003994e-06
C:\Users\damba\.cache\kagglehub\datasets\salmaneunus\mechanical-tools-dataset\versions\20\Mechanical Tools Image dataset\Mechanical Tools Image dataset\pliers\000232.jpg,pliers,exito,2764200.0,322099935.0,313442685.0,47753627895.0,45831529185.0,36218832180.0,7840689784125.0,7500479649165.0,5850485709570.0,5265966714810.0,10220754685.028135,10289123867.002304,-305250181.88607085,-105786332071.6226,-29966334390.3988,506667165900.50586,-5350736251.75,0.0013376547601395572,0.001346602667073334,-3.995002046487767e-05,-8.327332436190057e-06,-2.3589023598429974e-06,3.988403645661117e-05,-4.2120147919041407e-07
C:\Users\damba\.cache\kagglehub\datasets\salmaneunus\mechanical-tools-dataset\versions\20\Mechanical Tools Image dataset\Mechanical Tools Image dataset\pliers\000233.jpg,pliers,exito,2210085.0,249298965.0,250068810.0,35272754385.0,28694070840.0,28093730460.0,5549390723565.0,3336859786260.0,3971476805220.0,3213359019600.0,7151675806.542054,399046108.0027683,-114187114.11215131,-42824921558.450226,-147668087.35213506,6162233269.0390625,2490256379.5976562,0.0014641644743904583,8.169681495447071e-05,-2.3377557993225037e-05,-5.897583977524179e-06,-2.0335937913416895e-08,8.486247463092001e-07,3.42942744312968e-07
C:\Users\damba\.cache\kagglehub\datasets\salmaneunus\mechanical-tools-dataset\versions\20\Mechanical Tools Image dataset\Mechanical Tools Image dataset\pliers\000234.jpg,pliers,exito,3863250.0,490650600.0,547937625.0,70178009400.0,88650057165.0,72056705070.0,11021974603590.0,15503760963255.0,10636466251290.0,11935613785350.0,7863116167.524745,10934237352.499994,2466094969.999992,111738985950.16946,-171450806973.3322,56474340013.58203,-22902018652.859375,0.0005268525244172546,0.000732626916480556,0.0001652358088976562,3.809102791368297e-06,-5.8446364254254835e-06,1.9251702022994006e-06,-7.80713574915373e-07
C:\Users\damba\.cache\kagglehub\datasets\salmaneunus\mechanical-tools-dataset\versions\20\Mechanical Tools Image dataset\Mechanical Tools Image dataset\pliers\000235.jpg,pliers,exito,1706970.0,188954235.0,185178960.0,24144155055.0,22769411040.0,20472929490.0,3418253299755.0,3059255056770.0,2599921208730.0,2465356950870.0,3227734189.7034664,2680453866.3639092,-25584675.389900856,31006636171.905678,7565117988.291331,-13669456385.144531,-49567832402.393555,0.001107760781552417,0.0009199337663524495,-8.780679678051563e-06,8.144978311273031e-06,1.9872430403361396e-06,-3.5907611895280295e-06,-1.3020726196030273e-05
C:\Users\damba\.cache\kagglehub\datasets\salmaneunus\mechanical-tools-dataset\versions\20\Mechanical Tools Image dataset\Mechanical Tools Image dataset\pliers\000236.jpg,pliers,exito,3530985.0,381724545.0,425611830.0,51558113145.0,54171091770.0,45852061275.0,7871565281025.0,7189897408050.0,6220342441095.0,5819895895035.0,10290979963.902647,2869421036.210729,-159598970.89947593,72711258710.16263,-31423718449.242714,40226355104.16016,2091249046.640625,0.0008254009936704319,0.0002301455238329897,-1.2800836230493313e-05,3.1035731158905842e-06,-1.3412751960344452e-06,1.7170027925000035e-06,8.926188921659422e-08
C:\Users\damba\.cache\kagglehub\datasets\salmaneunus\mechanical-tools-dataset\versions\20\Mechanical Tools Image dataset\Mechanical Tools Image dataset\pliers\000237.jpg,pliers,exito,3056940.0,343607400.0,339472065.0,49412768310.0,48175707465.0,38760019890.0,8030607798510.0,7685585909175.0,5623055180940.0,6040951953810.0,10790471066.756758,10477459244.438187,602544235.4954958,50744189198.555534,8655270266.480787,330557018.8730469,492062064913.18164,0.0011546931119995913,0.0011211975775628053,6.44785268499708e-05,3.105768142687269e-06,5.297407069566414e-07,2.0231547193324887e-08,3.0116368190503603e-05
C:\Users\damba\.cache\kagglehub\datasets\salmaneunus\mechanical-tools-dataset\versions\20\Mechanical Tools Image dataset\Mechanical Tools Image dataset\pliers\000238.jpg,pliers,exito,3143130.0,353763540.0,412776915.0,47802559590.0,67272741615.0,46843397490.0,7194156054930.0,12344588383875.0,6483460893180.0,7623070481730.0,7985993863.055333,13064108323.689362,384796451.9649559,16244348941.127184,78548032509.18138,119089395113.74414,-49635834559.109375,0.0008083590120854569,0.0013223763853826237,3.8949902178534335e-05,9.274626953411584e-07,4.484659262660191e-06,6.799347377912038e-06,-2.8339322845465195e-06
C:\Users\damba\.cache\kagglehub\datasets\salmaneunus\mechanical-tools-dataset\versions\20\Mechanical Tools Image dataset\Mechanical Tools Image dataset\pliers\000239.jpg,pliers,exito,1942845.0,200259660.0,208085865.0,25668651900.0,25250829045.0,18962955915.0,3813056576220.0,3330860050635.0,2245665046725.0,2016859560135.0,5026793479.32537,2964065452.022573,-2485592258.2747087,130970044215.54994,-8521552528.101491,8864935077.418945,-53449295727.93848,0.0013317255591847655,0.0007852563941188138,-0.0006584966646571786,2.489296274327656e-05,-1.6196580742370935e-06,1.6849234489114944e-06,-1.015889805320821e-05
C:\Users\damba\.cache\kagglehub\datasets\salmaneunus\mechanical-tools-dataset\versions\20\Mechanical Tools Image dataset\Mechanical Tools Image dataset\pliers\000240.jpg,pliers,exito,4735860.0,573271110.0,629924970.0,85497909600.0,96207501090.0,76750815705.0,14115722914170.0,15865500279270.0,11251080486045.0,11716420657125.0,16104015869.899855,12420085957.479008,499028961.17381525,-132463401612.53246,-235261100124.23584,-241958985736.51953,-62154416247.859375,0.0007180198968212249,0.0005537667690931851,2.2249898789689538e-05,-2.7139307688585015e-06,-4.820065999892434e-06,-4.957293321765403e-06,-1.273429344423125e-06
C:\Users\damba\.cache\kagglehub\datasets\salmaneunus\mechanical-tools-dataset\versions\20\Mechanical Tools Image dataset\Mechanical Tools Image dataset\pliers\000241.jpg,pliers,exito,2271540.0,305680485.0,232743345.0,43040760735.0,30453060075.0,30612635505.0,6257594451675.0,4536485524815.0,4296385381875.0,3937501048155.0,1905425715.6583977,6606037948.253818,-707569545.3721368,-47213533230.22658,62529615657.11065,76838193092.32617,-15562498091.185547,0.00036927613748380107,0.0012802662195412113,-0.00013712869862570663,-6.071074050851586e-06,8.040532047759766e-06,9.880437414467706e-06,-2.001143991217674e-06
C:\Users\damba\.cache\kagglehub\datasets\salmaneunus\mechanical-tools-dataset\versions\20\Mechanical Tools Image dataset\Mechanical Tools Image dataset\pliers\000242.jpg,pliers,exito,733380.0,81125955.0,82293090.0,10331164605.0,9356684400.0,9114395895.0,1442787737895.0,1077270371970.0,1162658252895.0,1042694263305.0,1357071263.6735046,122518399.08901207,11194940.3094574,-274520933.9325735,-145574356.01383623,914192392.0888672,5152347729.904297,0.0025231584830541476,0.0002277944764336475,2.081438857722955e-05,-5.96008992478981e-07,-3.160546775638374e-07,1.9847917560802955e-06,1.1186198208679674e-05
C:\Users\damba\.cache\kagglehub\datasets\salmaneunus\mechanical-tools-dataset\versions\20\Mechanical Tools Image dataset\Mechanical Tools Image dataset\pliers\000243.jpg,pliers,exito,3483300.0,429924645.0,265874730.0,62665157325.0,33035993070.0,34425965430.0,10282591125585.0,4926802540380.0,5079410072940.0,4219939745580.0,9601912592.02379,12742199238.698391,1610503394.079794,177950916095.869,460034446285.7788,-101272608463.83984,-103366286909.96875,0.0007913634511106733,0.0010501773128670832,0.00013273329784559246,7.858199109009282e-06,2.031482812917312e-05,-4.472133884204638e-06,-4.564589390817812e-06
C:\Users\damba\.cache\kagglehub\datasets\salmaneunus\mechanical-tools-dataset\versions\20\Mechanical Tools Image dataset\Mechanical Tools Image dataset\pliers\000244.jpg,pliers,exito,2860590.0,343997550.0,324132540.0,50974344450.0,42456502950.0,37238986710.0,8415564583770.0,6133946666550.0,5446618027410.0,4673956298430.0,9607243814.815477,5729148283.007668,-1739265900.5722926,-24927158407.12109,24877939218.638,89038883169.625,-37459055812.30859,0.001174052669223391,0.0007001302312812126,-0.0002125468877876443,-1.801083025891811e-06,1.7975267503036664e-06,6.433401613693874e-06,-2.7065607915505255e-06
C:\Users\damba\.cache\kagglehub\datasets\salmaneunus\mechanical-tools-dataset\versions\20\Mechanical Tools Image dataset\Mechanical Tools Image dataset\pliers\000245.jpg,pliers,exito,1611345.0,180421170.0,183130290.0,24954177600.0,23709840330.0,17874332100.0,3877879121520.0,3324244777650.0,2305144781280.0,2016991073580.0,4752545681.218547,2896977091.224876,-2630638085.9249887,19498933821.160217,-28878510761.440235,58189487422.25391,-39836050177.36426,0.001830413576557969,0.0011157528100594353,-0.0010131739893666774,5.916154755529128e-06,-8.76200413524599e-06,1.765522237740924e-05,-1.2086621753777889e-05
C:\Users\damba\.cache\kagglehub\datasets\salmaneunus\mechanical-tools-dataset\versions\20\Mechanical Tools Image dataset\Mechanical Tools Image dataset\pliers\000246.jpg,pliers,exito,1168920.0,131219175.0,122445390.0,16617168075.0,13958766810.0,12795710280.0,2276320156815.0,1732360833480.0,1548044902110.0,1353838005750.0,1886928291.54123,1132505361.6099474,-949612803.1479061,-12710258472.818964,32905980001.27781,20582964216.976562,-14182427440.213867,0.0013809750024092891,0.0008288399731398362,-0.0006949874825629627,-8.603841651677444e-06,2.2274750897451047e-05,1.393304197737e-05,-9.60038383113558e-06
C:\Users\damba\.cache\kagglehub\datasets\salmaneunus\mechanical-tools-dataset\versions\20\Mechanical Tools Image dataset\Mechanical Tools Image dataset\pliers\000247.jpg,pliers,exito,12794880.0,1426629120.0,1426629120.0,212567738880.0,212567738880.0,159069146880.0,35631488901120.0,35631488901120.0,23701302885120.0,23701302885120.0,53498592000.00002,53498592000.00002,2.0273619156796485e-05,-0.0022641292307525865,-0.0022641292307525865,0.0,0.0,0.0003267908725990397,0.0003267908725990397,1.238394030069077e-19,-3.86643460291079e-21,-3.86643460291079e-21,0.0,0.0
C:\Users\damba\.cache\kagglehub\datasets\salmaneunus\mechanical-tools-dataset\versions\20\Mechanical Tools Image dataset\Mechanical Tools Image dataset\pliers\000248.jpg,pliers,exito,3947655.0,446576145.0,483888000.0,64190376585.0,71069926470.0,55375823715.0,10457004879105.0,11570156290110.0,8081062336425.0,8151372831075.0,13671713408.237833,11756841475.490595,636278934.1718808,102297322284.83865,-23529985792.97274,68901463173.1914,-44355840808.23047,0.0008772927974171677,0.0007544184140525175,4.082903945023602e-05,3.3038193174272495e-06,-7.59930170851927e-07,2.225258491094736e-06,-1.4325270733374686e-06
C:\Users\damba\.cache\kagglehub\datasets\salmaneunus\mechanical-tools-dataset\versions\20\Mechanical Tools Image dataset\Mechanical Tools Image dataset\pliers\000249.jpg,pliers,exito,3289755.0,399872640.0,367359120.0,59522560530.0,51313400610.0,43588128435.0,9742966092840.0,8082792143460.0,6876719240925.0,6003471214095.0,10917686239.796139,10291281015.326717,-1064698642.5412766,-146162871927.5322,54340916173.06659,488806541513.4219,4066560398.904297,0.0010087963396330651,0.0009509163746210298,-9.837836239448375e-05,-7.446088241811313e-06,2.7683313253870672e-06,2.4901649736932592e-05,2.0716593189212695e-07
C:\Users\damba\.cache\kagglehub\datasets\salmaneunus\mechanical-tools-dataset\versions\20\Mechanical Tools Image dataset\Mechanical Tools Image dataset\pliers\000250.jpg,pliers,exito,2698410.0,280681050.0,368753715.0,32330631960.0,61578699735.0,39935071620.0,4055809648890.0,11081508343065.0,4785368987970.0,6735280486260.0,3134975321.7936115,11186319656.990643,1578343058.5135128,40685166032.83795,-390939562752.2849,38846918530.84961,-101343241045.0293,0.0004305447037256151,0.0015362834434510205,0.0002167631878251254,3.4014668954932466e-06,-3.268434445535296e-05,3.2477809545611197e-06,-8.472760789975183e-06
C:\Users\damba\.cache\kagglehub\datasets\salmaneunus\mechanical-tools-dataset\versions\20\Mechanical Tools Image dataset\Mechanical Tools Image dataset\pliers\000251.jpg,pliers,exito,1475940.0,170064090.0,139838175.0,19946246880.0,18291520515.0,16179592410.0,2379703163850.0,2813715948195.0,1913811802110.0,2117514545550.0,350738453.1478928,5042529914.209573,66842583.695577525,584530106.2523724,125172235059.90889,8597627998.91211,-2778339616.3046875,0.00016100745175202529,0.0023147872284419915,3.06842719204456e-05,2.208691842798724e-07,4.729728914978075e-05,3.2486796874096887e-06,-1.049816935247344e-06
C:\Users\damba\.cache\kagglehub\datasets\salmaneunus\mechanical-tools-dataset\versions\20\Mechanical Tools Image dataset\Mechanical Tools Image dataset\pliers\000252.jpg,pliers,exito,1738080.0,184316550.0,221607240.0,20191648680.0,32251959870.0,22816210935.0,2278516681680.0,5051964435180.0,2424157090725.0,3224808936525.0,645603271.3292271,3996776667.605636,-684365523.9788711,344354290.0709557,-79385735002.2834,-5153269204.915039,-20869780298.51953,0.00021371066610280753,0.001323032025750969,-0.00022654193137249098,8.646315773907018e-08,-1.993278877495648e-05,-1.2939229769568155e-06,-5.240147017070166e-06
C:\Users\damba\.cache\kagglehub\datasets\salmaneunus\mechanical-tools-dataset\versions\20\Mechanical Tools Image dataset\Mechanical Tools Image dataset\pliers\000253.jpg,pliers,exito,2389860.0,265424145.0,200339985.0,30356271255.0,23062212495.0,22021109205.0,3568908595155.0,3191144256255.0,2486252804745.0,2507282133525.0,877566749.7231096,6267877433.615559,-229177099.61107692,2531421723.157329,206996127335.3683,-7582255236.308594,-15644464642.608398,0.0001536509462237643,0.0010974268325383532,-4.0126039664983166e-05,2.8670373568438424e-07,2.3443965277042128e-05,-8.587509861655126e-07,-1.7718606168172352e-06
C:\Users\damba\.cache\kagglehub\datasets\salmaneunus\mechanical-tools-dataset\versions\20\Mechanical Tools Image dataset\Mechanical Tools Image dataset\pliers\000254.jpg,pliers,exito,3057960.0,386785020.0,383246385.0,58437211680.0,52238014545.0,45523724805.0,9619999764870.0,7543434753105.0,6609333203445.0,5949065298945.0,9514841310.080055,4206715373.144179,-2951062532.6867886,-178373745975.5679,-57857334728.567604,32073669511.671875,81456368342.3086,0.0010175082727691804,0.0004498622261650181,-0.0003155838802363287,-1.0908158309796675e-05,-3.538171848947756e-06,1.9614134507066824e-06,4.981332630311619e-06
C:\Users\damba\.cache\kagglehub\datasets\salmaneunus\mechanical-tools-dataset\versions\20\Mechanical Tools Image dataset\Mechanical Tools Image dataset\pliers\000255.jpg,pliers,exito,4381920.0,506608245.0,414270705.0,72882175515.0,50149629825.0,54480639585.0,11668165340445.0,7131791041275.0,8346002502135.0,7220945045505.0,14311522946.723988,10984100326.242147,6585435013.724686,-67188585703.87091,313705709964.0896,-67072492904.16406,177794653718.35547,0.0007453443476696826,0.0005720521235145943,0.00034296956254744964,-1.6716077974577703e-06,7.804791623300775e-06,-1.6687194849983598e-06,4.423413983020996e-06
C:\Users\damba\.cache\kagglehub\datasets\salmaneunus\mechanical-tools-dataset\versions\20\Mechanical Tools Image dataset\Mechanical Tools Image dataset\pliers\000256.jpg,pliers,exito,3848460.0,365916330.0,512918985.0,53399216970.0,77004863535.0,40657549350.0,8949624904260.0,12387120877335.0,5248371932070.0,5355164874330.0,18607440373.473366,8643522849.783,-8111421245.647361,333924576636.34656,-180012567810.77826,-326135580406.30273,195611922648.47656,0.0012563558955715575,0.000583602079215223,-0.000547675107316825,1.1492934765219716e-05,-6.19562872433324e-06,-1.1224854989660327e-05,6.7325235205627036e-06
C:\Users\damba\.cache\kagglehub\datasets\salmaneunus\mechanical-tools-dataset\versions\20\Mechanical Tools Image dataset\Mechanical Tools Image dataset\pliers\000257.jpg,pliers,exito,6051150.0,823614555.0,597111315.0,128312204835.0,76626272175.0,83066903055.0,21719817268725.0,11303799009585.0,13031597268825.0,10817179005885.0,16211044690.589748,17704922927.166245,1794819238.0082092,-157529054552.025,248374211986.20804,-118489550310.4336,33455778149.726562,0.0004427261408601696,0.00048352418683548094,4.9016791326608644e-05,-1.7489035925343465e-06,2.757475774045917e-06,-1.3154830440962147e-06,3.7142945321090126e-07
C:\Users\damba\.cache\kagglehub\datasets\salmaneunus\mechanical-tools-dataset\versions\20\Mechanical Tools Image dataset\Mechanical Tools Image dataset\pliers\000258.jpg,pliers,exito,2373795.0,262373580.0,231254655.0,35259727710.0,28609725765.0,28318414020.0,5335965432180.0,4237924065045.0,3945482007810.0,3742229791740.0,6259794909.561713,6080941493.751207,2758030025.588139,54957345941.3531,265961736429.88113,-99199436919.68164,42647167345.16406,0.0011108967165151134,0.001079156431852127,0.0004894547734776313,6.330204266591595e-06,3.063452373582892e-05,-1.1426183125774717e-05,4.9122692528582555e-06
C:\Users\damba\.cache\kagglehub\datasets\salmaneunus\mechanical-tools-dataset\versions\20\Mechanical Tools Image dataset\Mechanical Tools Image dataset\pliers\000259.jpg,pliers,exito,2945250.0,320029845.0,356046555.0,41263953885.0,45766089045.0,38735991750.0,5877439336815.0,6159500106645.0,5026832861220.0,4978238283870.0,6489621760.146755,2724191302.0688334,48096389.866236314,-16607707721.281532,-31735339181.545574,28047295709.08789,-6317693098.736328,0.000748126529910101,0.0003140460046753092,5.544573564024944e-06,-1.11558914919923e-06,-2.1317571715043105e-06,1.8840203165031461e-06,-4.243782457641453e-07
C:\Users\damba\.cache\kagglehub\datasets\salmaneunus\mechanical-tools-dataset\versions\20\Mechanical Tools Image dataset\Mechanical Tools Image dataset\pliers\000260.jpg,pliers,exito,5643405.0,621685410.0,614642820.0,85870150440.0,89321763630.0,68844565950.0,13176564893520.0,14512258871520.0,9561462605430.0,10055890273080.0,17384413724.866474,22378881420.13691,1134650826.9038892,-113194113916.03708,-90807584627.26363,-40942883689.95703,-31078004434.503906,0.0005458554009991189,0.0007026773226195979,3.5627044542070766e-05,-1.4961350511978347e-06,-1.2002427120569065e-06,-5.411596174611887e-07,-4.1077128613094306e-07
C:\Users\damba\.cache\kagglehub\datasets\salmaneunus\mechanical-tools-dataset\versions\20\Mechanical Tools Image dataset\Mechanical Tools Image dataset\pliers\000261.jpg,pliers,exito,4654515.0,712617645.0,564061020.0,120816788895.0,85044353850.0,87632556930.0,21954882438705.0,14298058233510.0,14855488644570.0,13278974890170.0,11713282307.236076,16688180482.110886,1273433431.913114,-129128222947.72113,-52848184718.116684,-175719428422.9453,-50167991988.01172,0.0005406668495752322,0.0007703003931555393,5.87797018561488e-05,-2.762708658253433e-06,-1.1306911390922571e-06,-3.7595312259811664e-06,-1.073348201257151e-06
C:\Users\damba\.cache\kagglehub\datasets\salmaneunus\mechanical-tools-dataset\versions\20\Mechanical Tools Image dataset\Mechanical Tools Image dataset\pliers\000262.jpg,pliers,exito,4488510.0,622460355.0,614389605.0,102680469795.0,94245123345.0,86450718375.0,18413644126875.0,15552168378765.0,14365686450735.0,13540187373825.0,16358529207.427288,10147151694.707129,1248018228.0448313,-363097704073.039,-126048479008.1191,-35417037307.80469,128745316957.57812,0.0008119697681392881,0.0005036626645557281,6.194646587170396e-05,-8.5068350165103e-06,-2.9531269489614773e-06,-8.297681031067031e-07,3.016309820251947e-06
C:\Users\damba\.cache\kagglehub\datasets\salmaneunus\mechanical-tools-dataset\versions\20\Mechanical Tools Image dataset\Mechanical Tools Image dataset\pliers\000263.jpg,pliers,exito,1977780.0,218735175.0,209308590.0,26789585235.0,27135166080.0,23147409525.0,3536185625805.0,3971073512520.0,2968903923675.0,3003388929765.0,2598281458.9073,4984023967.23311,-1348710.3210396173,-1364412005.9937418,44437885788.935455,134058646927.09375,2625089574.6689453,0.0006642479649876106,0.001274160567299105,-3.4479639726371743e-07,-2.4802792511144123e-07,8.078085329175428e-06,2.4369682980293905e-05,4.771986156502648e-07
C:\Users\damba\.cache\kagglehub\datasets\salmaneunus\mechanical-tools-dataset\versions\20\Mechanical Tools Image dataset\Mechanical Tools Image dataset\pliers\000264.jpg,pliers,exito,3241050.0,370211295.0,397603905.0,50211961005.0,54626566395.0,44971748490.0,7549819469625.0,7962694133775.0,6167377816290.0,6258854670600.0,7924306403.689611,5849514121.431546,-444846924.17348856,4002348777.125939,-173963871951.9797,109125996186.74219,128240783699.39844,0.0007543793605031153,0.0005568629602869552,-4.2348607068439987e-05,2.1164138954229325e-07,-9.199087246092855e-06,5.7705059589369166e-06,6.781282484237462e-06
C:\Users\damba\.cache\kagglehub\datasets\salmaneunus\mechanical-tools-dataset\versions\20\Mechanical Tools Image dataset\Mechanical Tools Image dataset\pliers\000265.jpg,pliers,exito,2163165.0,236054520.0,217285755.0,27004625460.0,28066317705.0,23467206810.0,3220995437280.0,4135291648215.0,2694786988050.0,3015562167960.0,1245269880.360721,6240382408.376752,-244014756.25250524,2347267353.9451733,62415358710.2631,35480435268.256836,1858038624.3535156,0.00026612408973801147,0.001333619413942059,-5.2147896543944235e-05,3.4106600954075324e-07,9.069166021324627e-06,5.155429122027494e-06,2.6997939459931087e-07
C:\Users\damba\.cache\kagglehub\datasets\salmaneunus\mechanical-tools-dataset\versions\20\Mechanical Tools Image dataset\Mechanical Tools Image dataset\pliers\000266.jpg,pliers,exito,1028925.0,105031185.0,106376820.0,12387526935.0,11583602970.0,10678347870.0,1641241634775.0,1326072493950.0,1256644449240.0,1135914965460.0,1666094544.3940513,585689775.8289957,-180445007.1598521,36595618941.04439,7381160947.537891,12782149119.990234,-9211466899.535156,0.0015737371728847054,0.0005532229699100451,-0.0001704423175649887,3.407766254903529e-05,6.873301211151353e-06,1.1902675155302197e-05,-8.577673220657077e-06
C:\Users\damba\.cache\kagglehub\datasets\salmaneunus\mechanical-tools-dataset\versions\20\Mechanical Tools Image dataset\Mechanical Tools Image dataset\pliers\000267.jpg,pliers,exito,1550655.0,176242995.0,187647105.0,21800891205.0,26068204515.0,21891700275.0,2862130059495.0,3900217736325.0,2752782514995.0,3064480518555.0,1769618428.9343865,3360744754.523926,564269100.251604,-17956138584.870094,-67712691428.678314,-13642688204.167969,-34922871755.8418,0.0007359516184938155,0.001397671668081498,0.00023466909634654038,-5.996874897549715e-06,-2.261424623979691e-05,-4.556296669240949e-06,-1.1663314581422337e-05
C:\Users\damba\.cache\kagglehub\datasets\salmaneunus\mechanical-tools-dataset\versions\20\Mechanical Tools Image dataset\Mechanical Tools Image dataset\pliers\000268.jpg,pliers,exito,2246805.0,246356520.0,250512000.0,33104103060.0,36980390700.0,27376852020.0,5001022938300.0,6138506192010.0,3666212076300.0,4440539183250.0,6091729958.413344,9049056140.926115,-91159017.11270301,35355506434.81127,-2581236133.4147744,-4805136729.9296875,406060220588.5801,0.0012067293612803287,0.0017925551217266654,-1.805796764569755e-05,4.672438656228453e-06,-3.4112557580976527e-07,-6.350271533172142e-07,5.366325256669632e-05
C:\Users\damba\.cache\kagglehub\datasets\salmaneunus\mechanical-tools-dataset\versions\20\Mechanical Tools Image dataset\Mechanical Tools Image dataset\pliers\000269.jpg,pliers,exito,5597250.0,662717460.0,879863220.0,96652205280.0,152429749620.0,103913489655.0,15627388472310.0,27872636850180.0,15167537519205.0,17962741372395.0,18186095710.32711,14119099584.934868,-262796611.61685297,-122772821091.21353,-527574534526.75476,36464089955.42969,-2403359535.4609375,0.0005804837442519692,0.0004506689023898246,-8.388230410634823e-06,-1.6564009568445166e-06,-7.117820996779698e-06,4.91958667690506e-07,-3.24251491396559e-08
C:\Users\damba\.cache\kagglehub\datasets\salmaneunus\mechanical-tools-dataset\versions\20\Mechanical Tools Image dataset\Mechanical Tools Image dataset\pliers\000270.jpg,pliers,exito,3134205.0,403219770.0,405321225.0,61721951340.0,61424588445.0,59952347475.0,10291264308240.0,10097938036275.0,9902076719295.0,9831366411165.0,9847175146.72199,9007693112.531126,7807216215.0414915,-183054512286.3884,-175387367531.8986,-88739063226.4961,-90278569102.2539,0.001002436483513006,0.0009169777193712137,0.0007947698961399277,-1.0525965468203648e-05,-1.0085090780562969e-05,-5.102656599589834e-06,-5.191180971286124e-06
C:\Users\damba\.cache\kagglehub\datasets\salmaneunus\mechanical-tools-dataset\versions\20\Mechanical Tools Image dataset\Mechanical Tools Image dataset\pliers\000271.jpg,pliers,exito,7738740.0,839286855.0,855928155.0,121721338665.0,131660853615.0,92931013740.0,20049415330545.0,22633363043985.0,12978518481540.0,14364609008160.0,30698455744.034706,36992599283.97144,103337746.76305643,189755972035.3628,-111715098965.91895,-506645880181.76953,62781691179.94141,0.0005125969498231058,0.0006176953563104524,1.7255139552949159e-06,1.1389897437638058e-06,-6.70557825300104e-07,-3.041087218797415e-06,3.7684032593595377e-07
C:\Users\damba\.cache\kagglehub\datasets\salmaneunus\mechanical-tools-dataset\versions\20\Mechanical Tools Image dataset\Mechanical Tools Image dataset\pliers\000272.jpg,pliers,exito,1398420.0,162631860.0,152932425.0,23189644920.0,17942466825.0,17668417560.0,3684620607900.0,2234435122635.0,2492395550490.0,2119357764600.0,4276069680.043762,1217644084.778444,-117143810.73304302,-6849349043.833382,5906148955.098971,-16397230541.825195,58327045188.268555,0.002186600889667955,0.0006226516025922712,-5.990238231228845e-05,-2.9617966127364436e-06,2.553937878998615e-06,-7.090493062367845e-06,2.522179024079266e-05
C:\Users\damba\.cache\kagglehub\datasets\salmaneunus\mechanical-tools-dataset\versions\20\Mechanical Tools Image dataset\Mechanical Tools Image dataset\pliers\000273.jpg,pliers,exito,2809590.0,306602055.0,349794465.0,45019689765.0,49957064535.0,40106285250.0,7501118675085.0,7718225077365.0,6014425895010.0,5907505072290.0,11561135267.645216,6407590147.407425,1934273747.7432377,64992742191.77889,-96930798436.84338,-12696534880.271484,-25793077870.48633,0.001464585012630866,0.0008117248245712769,0.00024503721093880877,4.911990181714903e-06,-7.325789221550758e-06,-9.595726010401063e-07,-1.949376822448689e-06
C:\Users\damba\.cache\kagglehub\datasets\salmaneunus\mechanical-tools-dataset\versions\20\Mechanical Tools Image dataset\Mechanical Tools Image dataset\pliers\000274.jpg,pliers,exito,5418495.0,607574730.0,601392000.0,72201445110.0,89495059080.0,67688741475.0,9009161628510.0,14996680882320.0,8066635675215.0,10090468271295.0,4074215586.9363256,22747311289.51574,254780195.3162493,-453474707.2825463,14344526507.498232,-4049541685.6992188,-1149770118.4023438,0.00013876714463229782,0.0007747698589710061,8.677773539097604e-06,-6.63523603716682e-09,2.0988892586537055e-07,-5.925284143845107e-08,-1.682342146444652e-08
C:\Users\damba\.cache\kagglehub\datasets\salmaneunus\mechanical-tools-dataset\versions\20\Mechanical Tools Image dataset\Mechanical Tools Image dataset\pliers\000275.jpg,pliers,exito,1495065.0,174370530.0,175943370.0,20901999630.0,22704403380.0,20565532740.0,2566961673330.0,3115566135570.0,2485197646110.0,2653495373040.0,565036533.090567,1998902651.2979708,45128157.666722514,-2655161410.7192144,-26823380644.4722,14866057729.901367,-5157495556.310547,0.00025278795659250977,0.0008942758336087487,2.0189587917365473e-05,-9.714953830665207e-07,-9.814390322613933e-06,5.439332761727466e-06,-1.887072891656927e-06
C:\Users\damba\.cache\kagglehub\datasets\salmaneunus\mechanical-tools-dataset\versions\20\Mechanical Tools Image dataset\Mechanical Tools Image dataset\pliers\000276.jpg,pliers,exito,939675.0,106865145.0,118016805.0,12283348725.0,17861854185.0,13297007130.0,1425785518035.0,2961895783665.0,1520677594740.0,2002630629240.0,130041234.78154807,3039744133.7503395,-124530081.01628083,-724278867.6614879,-44974404064.79415,6296855765.364258,2560016663.2939453,0.0001472738836222695,0.0034425613117828207,-0.00014103240937286035,-8.461778101534751e-07,-5.254377069895647e-05,7.356641012586499e-06,2.9908773965705773e-06
C:\Users\damba\.cache\kagglehub\datasets\salmaneunus\mechanical-tools-dataset\versions\20\Mechanical Tools Image dataset\Mechanical Tools Image dataset\pliers\000277.jpg,pliers,exito,6800340.0,547988115.0,664729665.0,67660033575.0,97921966815.0,49737893820.0,9908095001835.0,16618724538135.0,5862860097120.0,7469911471380.0,23501804106.877346,32944991026.875843,-3827656741.873589,668216860028.1329,606192533187.8307,-133988684927.04492,327421530505.9961,0.0005082061873425268,0.0007124069371722343,-8.276976654206128e-05,5.5410346003142705e-06,5.026712137590348e-06,-1.111070348030586e-06,2.7150677241894134e-06
C:\Users\damba\.cache\kagglehub\datasets\salmaneunus\mechanical-tools-dataset\versions\20\Mechanical Tools Image dataset\Mechanical Tools Image dataset\pliers\000278.jpg,pliers,exito,5267790.0,582156585.0,548893875.0,70069318965.0,72691753245.0,60619590675.0,9012969692685.0,10802269138035.0,7286161194525.0,8023898570775.0,5733745705.84156,15498037092.208103,-40037707.56970834,2133824003.3687062,-1808736759.4687028,-6081581874.5546875,-1104309344.3203125,0.00020662435973659984,0.0005584956424016308,-1.442820473095603e-06,3.350329045050328e-08,-2.8399077386566977e-08,-9.54872583774732e-08,-1.7338823001127957e-08
C:\Users\damba\.cache\kagglehub\datasets\salmaneunus\mechanical-tools-dataset\versions\20\Mechanical Tools Image dataset\Mechanical Tools Image dataset\pliers\000279.jpg,pliers,exito,3600090.0,452941455.0,410820555.0,70645030935.0,62069386545.0,52823686560.0,12094913033265.0,10491142135575.0,8318166956880.0,8034868586880.0,13658688466.473656,15189022884.505953,1136739865.4430554,-230122050583.32037,-58401195721.52352,-29453250928.535156,-33760380027.38672,0.0010538584535231112,0.0011719339090926078,8.770702396459102e-05,-9.357823299868816e-06,-2.3748618121460614e-06,-1.1977049443861788e-06,-1.3728526667996064e-06
C:\Users\damba\.cache\kagglehub\datasets\salmaneunus\mechanical-tools-dataset\versions\20\Mechanical Tools Image dataset\Mechanical Tools Image dataset\pliers\000280.jpg,pliers,exito,2172855.0,251235435.0,250311060.0,36084890115.0,29825684340.0,26845380000.0,5785851646245.0,3661412837580.0,3675051485550.0,2968193383770.0,7035899823.591129,990061733.6486348,-2096729825.2810683,-13494269870.850092,-2589346827.5441384,2969623113.138672,2694328778.6875,0.0014902466557616082,0.00020970113625272654,-0.0004441002129797112,-1.9389764170780044e-06,-3.720603250339134e-07,4.2670179558391437e-07,3.871450631808459e-07
C:\Users\damba\.cache\kagglehub\datasets\salmaneunus\mechanical-tools-dataset\versions\20\Mechanical Tools Image dataset\Mechanical Tools Image dataset\pliers\000281.jpg,pliers,exito,3938730.0,444080970.0,409133730.0,63675753690.0,49876674000.0,41936182590.0,10151368390530.0,6827791218690.0,5640314217420.0,4645112547180.0,13606846220.80539,7378099834.288493,-4192519727.274373,-96166576550.36859,114081803562.86903,-28584682298.101562,-107353171987.62305,0.0008770918079647376,0.0004755893333390954,-0.00027024812714501696,-3.123443313472112e-06,3.7053211137307194e-06,-9.284164830903275e-07,-3.4867784551854012e-06
C:\Users\damba\.cache\kagglehub\datasets\salmaneunus\mechanical-tools-dataset\versions\20\Mechanical Tools Image dataset\Mechanical Tools Image dataset\pliers\000282.jpg,pliers,exito,1712070.0,188853000.0,189756720.0,26245108470.0,21420266220.0,21026576055.0,4090961503950.0,2460848366250.0,2920865980215.0,2385020445015.0,5413334296.630918,388642054.4235912,95115400.84450133,1691606265.80024,590116040.0418011,-8985811418.982422,1134792315.5566406,0.0018468082790299776,0.00013258877511692006,3.244948494169388e-05,4.410577846535366e-07,1.5386279808216915e-07,-2.34289867441225e-06,2.958779444485538e-07
C:\Users\damba\.cache\kagglehub\datasets\salmaneunus\mechanical-tools-dataset\versions\20\Mechanical Tools Image dataset\Mechanical Tools Image dataset\pliers\000283.jpg,pliers,exito,3737025.0,408530145.0,430428780.0,58021717485.0,62016820080.0,47772631005.0,9341230035495.0,10010754562140.0,7471883010255.0,6949279691355.0,13361358142.014326,12440235857.981573,718321251.7676518,77000918589.39285,1965406851.9218178,631915699130.334,4152811065.421875,0.0009567502815487768,0.0008907926150284834,5.1435943305054014e-05,2.8522060590675463e-06,7.280101892650007e-08,2.3406912786203097e-05,1.538250854658073e-07
C:\Users\damba\.cache\kagglehub\datasets\salmaneunus\mechanical-tools-dataset\versions\20\Mechanical Tools Image dataset\Mechanical Tools Image dataset\pliers\000284.jpg,pliers,exito,3595245.0,425329545.0,462779355.0,58213027665.0,68160257895.0,56114811930.0,8781336388695.0,10856117922555.0,7924261342380.0,8219127788400.0,7895115575.585506,8591374157.113987,1366461679.1705127,26502601067.38354,-129220035572.33626,107775833345.45312,-196240840608.73438,0.0006108034902465589,0.0006646693478949031,0.00010571593980289837,1.0813524584263556e-06,-5.272403368590642e-06,4.397442426527859e-06,-8.006969387509232e-06
C:\Users\damba\.cache\kagglehub\datasets\salmaneunus\mechanical-tools-dataset\versions\20\Mechanical Tools Image dataset\Mechanical Tools Image dataset\pliers\000285.jpg,pliers,exito,5114280.0,609657570.0,512808825.0,85306335240.0,61110925695.0,64279601850.0,13049027590590.0,8114968683255.0,9292558817640.0,7971110896590.0,12630933686.251493,9691587880.51181,3149240953.8317685,-131467361584.34868,43825611875.59436,-11929539273.511719,54716884917.39844,0.0004829102818892964,0.0003705321832563424,0.00012040288347072678,-2.2225763751795414e-06,7.409121808532608e-07,-2.0167980734193278e-07,9.250391448892181e-07
C:\Users\damba\.cache\kagglehub\datasets\salmaneunus\mechanical-tools-dataset\versions\20\Mechanical Tools Image dataset\Mechanical Tools Image dataset\pliers\000286.jpg,pliers,exito,1847730.0,202674510.0,211794840.0,27870551910.0,26382508080.0,21834058290.0,4332302748720.0,3462959472120.0,2980042431030.0,2544521692200.0,5639513282.202597,2105663383.7372367,-1397374558.6999705,38048916175.94937,-43838791970.14281,91950191066.27246,-28986588514.811523,0.001651827163432601,0.000616753928974543,-0.0004092944085856899,8.198719250210792e-06,-9.446312372460845e-06,1.9813279255300584e-05,-6.245983463900718e-06
C:\Users\damba\.cache\kagglehub\datasets\salmaneunus\mechanical-tools-dataset\versions\20\Mechanical Tools Image dataset\Mechanical Tools Image dataset\pliers\000287.jpg,pliers,exito,5349645.0,592154115.0,574281930.0,77140096155.0,78992581650.0,63551147940.0,11108003324505.0,12306013116330.0,8147813056830.0,8744738176440.0,11594345752.602604,17343680624.880592,-16323923.953951841,2573998642.8655777,102523536971.99527,-129526980274.22656,4525842833.921875,0.0004051317877418677,0.0006060261171704856,-5.703935897325037e-07,3.8886235778965724e-08,1.5488564621573183e-06,-1.9568062744095452e-06,6.83733816357025e-08
C:\Users\damba\.cache\kagglehub\datasets\salmaneunus\mechanical-tools-dataset\versions\20\Mechanical Tools Image dataset\Mechanical Tools Image dataset\pliers\000288.jpg,pliers,exito,4416345.0,555333390.0,515484285.0,82359747510.0,74536982205.0,62896777395.0,13382756375760.0,11947608902985.0,9307043434995.0,8917428454065.0,12529339322.031872,14368664720.301403,-1922804290.936255,-124575760792.03236,-106767441594.2239,177421381557.48047,-6359025866.0078125,0.0006423950498966807,0.0007366995858844547,-9.858460423731551e-05,-3.0393174705411832e-06,-2.6048418123974606e-06,4.328610166109396e-06,-1.5514333035016028e-07
C:\Users\damba\.cache\kagglehub\datasets\salmaneunus\mechanical-tools-dataset\versions\20\Mechanical Tools Image dataset\Mechanical Tools Image dataset\pliers\000289.jpg,pliers,exito,2576520.0,316564905.0,347196780.0,46603058715.0,54337305360.0,43607738955.0,7401909230355.0,8955910419660.0,6677156348535.0,7021427160615.0,7708216416.993763,7551096037.981,949302118.8776703,-218134258674.2099,-401350503827.597,163927887604.5371,89412975944.4336,0.0011611460884458835,0.0011374778747325798,0.00014300045334197936,-2.0471048315304226e-05,-3.766517742404403e-05,1.538399207797154e-05,8.391058615452781e-06
C:\Users\damba\.cache\kagglehub\datasets\salmaneunus\mechanical-tools-dataset\versions\20\Mechanical Tools Image dataset\Mechanical Tools Image dataset\pliers\000290.jpg,pliers,exito,12200730.0,1368436845.0,1380393285.0,206277188505.0,208433522055.0,154330794765.0,34914765452925.0,35247050043045.0,23173525776105.0,23278280324865.0,52792979055.765884,52255521126.11367,-494451903.4031132,-63880941815.25085,-159567032076.5163,-53805166845.6875,12210578320.664062,0.0003546537340396412,0.0003510431883752447,-3.321638918305556e-06,-1.2285894156014985e-07,-3.068870951450967e-07,-1.0348071993438056e-07,2.3483979504446634e-08
C:\Users\damba\.cache\kagglehub\datasets\salmaneunus\mechanical-tools-dataset\versions\20\Mechanical Tools Image dataset\Mechanical Tools Image dataset\pliers\000291.jpg,pliers,exito,1879350.0,215781510.0,214113810.0,27505743300.0,31349987130.0,24990384285.0,3781742551230.0,5139691649130.0,3234436995495.0,3699339310665.0,2730336878.694709,6956061766.062418,406458335.25508887,-3365731917.495366,-17007721667.973251,7378767111.871094,7209453572.166016,0.0007730380990267466,0.0019694642101894216,0.00011508022371561094,-6.951209063441577e-07,-3.512586026010199e-06,1.523928645607396e-06,1.4889605067118557e-06
C:\Users\damba\.cache\kagglehub\datasets\salmaneunus\mechanical-tools-dataset\versions\20\Mechanical Tools Image dataset\Mechanical Tools Image dataset\pliers\000292.jpg,pliers,exito,5476380.0,709436265.0,564308115.0,111563959875.0,91578478185.0,70627758255.0,19047739380135.0,17019302516295.0,10896164385825.0,10878376539525.0,19660217969.370697,33429911311.47165,-2475394085.5589924,-498541596145.37585,693185834703.6107,41516017729.14844,-474985275641.6758,0.0006555429890401699,0.0011146745177806072,-8.253861887125566e-05,-7.103419456483035e-06,9.876788182296858e-06,5.915367752120978e-07,-6.767779608809543e-06
C:\Users\damba\.cache\kagglehub\datasets\salmaneunus\mechanical-tools-dataset\versions\20\Mechanical Tools Image dataset\Mechanical Tools Image dataset\pliers\000293.jpg,pliers,exito,3784965.0,503047680.0,386727900.0,78250582140.0,49172213040.0,52584856365.0,13093219370580.0,7060188184440.0,8180712882195.0,6864220829535.0,11392112285.356062,9658381699.839655,1186079127.6221135,-334995980175.4667,62343281867.14727,-129797786113.20312,86523421301.10547,0.000795207598277641,0.0006741873958397487,8.279229617987752e-05,-1.201945915571055e-05,2.2368403634056618e-06,-4.657068385931492e-06,3.1044095746947556e-06
C:\Users\damba\.cache\kagglehub\datasets\salmaneunus\mechanical-tools-dataset\versions\20\Mechanical Tools Image dataset\Mechanical Tools Image dataset\pliers\000294.jpg,pliers,exito,2151690.0,227432715.0,251460090.0,29827160535.0,32588908710.0,27226898505.0,4354516572135.0,4529264869080.0,3538552977465.0,3532386530235.0,5787619591.708344,3201693608.006637,647674275.2808738,-21699414124.51791,-27621226436.51556,-84155270610.29102,-63629833603.68945,0.001250087967997547,0.000691544873183753,0.00013989340624081433,-3.195205201586273e-06,-4.067182914603577e-06,-1.2391733567178795e-05,-9.369394682267462e-06
C:\Users\damba\.cache\kagglehub\datasets\salmaneunus\mechanical-tools-dataset\versions\20\Mechanical Tools Image dataset\Mechanical Tools Image dataset\pliers\000295.jpg,pliers,exito,5915235.0,809167530.0,646395165.0,123871639680.0,88267286865.0,88931915295.0,20373360483540.0,13367160072135.0,13865897282115.0,12147268004325.0,13182530691.717903,17631596256.701733,509058203.6093094,-178090188301.22076,-131797213641.84537,190387229132.1953,-38406447389.38672,0.0003767513223297409,0.0005039037920594312,1.4548674745214385e-05,-2.0927145112595056e-06,-1.5487318204490237e-06,2.2372154297997477e-06,-4.513091402977836e-07
C:\Users\damba\.cache\kagglehub\datasets\salmaneunus\mechanical-tools-dataset\versions\20\Mechanical Tools Image dataset\Mechanical Tools Image dataset\pliers\000296.jpg,pliers,exito,4008600.0,518973705.0,450380490.0,85014030525.0,63345965250.0,51501172410.0,15152520263715.0,9967833279870.0,7955633841930.0,6844027151310.0,17825060190.861645,12744112789.629772,-6807372108.040072,-469273244427.8165,-13004517474.564669,166638562710.8164,172601937686.5625,0.0011092911821471308,0.0007930930830220896,-0.00042363715870729707,-1.4586261266909305e-05,-4.042150107351059e-07,5.17956998764309e-06,5.3649275516244765e-06
C:\Users\damba\.cache\kagglehub\datasets\salmaneunus\mechanical-tools-dataset\versions\20\Mechanical Tools Image dataset\Mechanical Tools Image dataset\pliers\000297.jpg,pliers,exito,5999640.0,645037545.0,487861665.0,87543973245.0,56295151755.0,51655876065.0,13002942395055.0,7653443552385.0,6649281025575.0,5771524302435.0,18194239851.058537,16624604159.382229,-795452796.6004264,-321371262903.8769,372129907408.5941,-298328282626.1758,-151555187649.54688,0.0005054562043431716,0.00046184998031781793,-2.2098562764655444e-05,-3.6449708511554886e-06,4.220671920355307e-06,-3.3836189472016704e-06,-1.7189285573714393e-06
C:\Users\damba\.cache\kagglehub\datasets\salmaneunus\mechanical-tools-dataset\versions\20\Mechanical Tools Image dataset\Mechanical Tools Image dataset\pliers\000298.jpg,pliers,exito,3221160.0,354208515.0,511482570.0,45910275225.0,86281465950.0,53240989470.0,6390578258295.0,15296597545200.0,6746462044500.0,8500589851380.0,6960433522.475062,5064010308.614626,-3003183923.4618444,-188635457941.62408,-12102414375.710594,116925192593.3125,-33440579726.39453,0.0006708287932940872,0.00048805637085501505,-0.00028943919095138936,-1.0129606786325601e-05,-6.498921259494098e-07,6.278810130978544e-06,-1.7957383358964053e-06
C:\Users\damba\.cache\kagglehub\datasets\salmaneunus\mechanical-tools-dataset\versions\20\Mechanical Tools Image dataset\Mechanical Tools Image dataset\pliers\000299.jpg,pliers,exito,1387455.0,160099710.0,171460470.0,22809377700.0,22891380090.0,18607485660.0,3613309443780.0,3194695846020.0,2590977253560.0,2382980056140.0,4335324745.42915,1702445837.9911785,-1177495851.806652,-19199880160.97688,-54974317151.46491,43959056898.75781,32550435315.442383,0.0022520800425233005,0.0008843730332448857,-0.0006116761866117677,-8.467422924834546e-06,-2.424446347699261e-05,1.938657548994357e-05,1.4355209506125248e-05
C:\Users\damba\.cache\kagglehub\datasets\salmaneunus\mechanical-tools-dataset\versions\20\Mechanical Tools Image dataset\Mechanical Tools Image dataset\pliers\000300.jpg,pliers,exito,2899605.0,328422405.0,265524615.0,38249603475.0,34265243775.0,30456987585.0,4570550032845.0,5186904971805.0,3590352665115.0,3969712381935.0,1050993282.927623,9950441872.362148,382466177.7741624,146047891.28092024,226767244178.06488,1094072833.109375,18628652356.38672,0.00012500352514864015,0.0011834902572993525,4.5489939135214444e-05,1.0201127856516089e-08,1.5839199260198092e-05,7.641861006689914e-08,1.3011708886406678e-06
C:\Users\damba\.cache\kagglehub\datasets\salmaneunus\mechanical-tools-dataset\versions\20\Mechanical Tools Image dataset\Mechanical Tools Image dataset\pliers\000301.jpg,pliers,exito,2285565.0,254369640.0,248294775.0,34872768270.0,27800973375.0,27531132375.0,5352436002540.0,3203481431145.0,3771056698965.0,3054499150455.0,6562957018.195918,827207460.532191,-102582934.18219157,10471307267.163431,3564119885.4480147,5450302668.832031,-17293590475.632812,0.0012563550977894486,0.00015835336222493878,-1.963757982090574e-05,1.3259189007646825e-06,4.513031467929534e-07,6.901391716537996e-07,-2.189783747978691e-06
C:\Users\damba\.cache\kagglehub\datasets\salmaneunus\mechanical-tools-dataset\versions\20\Mechanical Tools Image dataset\Mechanical Tools Image dataset\pliers\000302.jpg,pliers,exito,7747920.0,800492430.0,848705025.0,116758486590.0,124665477375.0,90168406980.0,19492128517890.0,20540633770155.0,13337878805400.0,13453639136310.0,34053950341.90957,31698562453.285454,2482686449.140021,392274160315.2512,-59691939318.72579,35178506800.0625,29661107265.710938,0.0005672797000651116,0.0005280430264463305,4.135724666546553e-05,2.3476150330784136e-06,-3.5723406809570796e-07,2.1053028662073483e-07,1.7751070133901732e-07
C:\Users\damba\.cache\kagglehub\datasets\salmaneunus\mechanical-tools-dataset\versions\20\Mechanical Tools Image dataset\Mechanical Tools Image dataset\pliers\000303.jpg,pliers,exito,3934140.0,438227445.0,436060455.0,65539753455.0,60051167115.0,48305783730.0,10975242097695.0,9322824572565.0,7188028845060.0,6605780459040.0,16725198418.517311,11718184451.747799,-267388312.73041975,-51361084358.595314,69058071359.12694,-16834458725.25,-24099157713.0,0.0010806166565616407,0.0007571130091467622,-1.7275984252987984e-05,-1.6730528404473047e-06,2.249520310679824e-06,-5.483711907449049e-07,-7.850138829355689e-07
C:\Users\damba\.cache\kagglehub\datasets\salmaneunus\mechanical-tools-dataset\versions\20\Mechanical Tools Image dataset\Mechanical Tools Image dataset\pliers\000304.jpg,pliers,exito,2593860.0,288673260.0,228428490.0,38731764360.0,29069859240.0,26964495345.0,5807434573140.0,4540475467740.0,3578449995435.0,3617335502355.0,6605030057.05859,8953285853.741644,1542461432.152967,26777251121.389496,403492289417.779,-175790089950.6211,110447965552.01074,0.0009817066534232152,0.0013307282808236516,0.00022925628460616053,2.471153149784815e-06,3.7236504874548554e-05,-1.622288383946304e-05,1.0192750432965775e-05
C:\Users\damba\.cache\kagglehub\datasets\salmaneunus\mechanical-tools-dataset\versions\20\Mechanical Tools Image dataset\Mechanical Tools Image dataset\pliers\000305.jpg,pliers,exito,5080875.0,481899765.0,449184540.0,59631441195.0,49972491780.0,48399828495.0,8401006574355.0,6147851432520.0,6672317561865.0,5913218675475.0,13925261942.99022,10261467404.275034,5796551644.529741,103707700782.50027,-84432527286.45598,300927745478.7246,148625999348.33008,0.0005394191399746987,0.0003974957128098262,0.00022453946760298688,1.782234021360934e-06,-1.4509869711121694e-06,5.171493167015874e-06,2.5541624247643046e-06
C:\Users\damba\.cache\kagglehub\datasets\salmaneunus\mechanical-tools-dataset\versions\20\Mechanical Tools Image dataset\Mechanical Tools Image dataset\pliers\000306.jpg,pliers,exito,2404905.0,291180675.0,272360910.0,39851836305.0,35400673350.0,30751422315.0,5916088704045.0,5192816815560.0,3991000971255.0,3795465392805.0,4596312492.851235,4555186606.852933,-2225445219.232849,-22108165951.16036,151840499596.04236,16594864162.47461,13302109275.423828,0.0007947191847563537,0.0007876083691528048,-0.0003847875907261333,-2.464948798755014e-06,1.6929448508232388e-05,1.8502435060945195e-06,1.4831179733225653e-06
C:\Users\damba\.cache\kagglehub\datasets\salmaneunus\mechanical-tools-dataset\versions\20\Mechanical Tools Image dataset\Mechanical Tools Image dataset\pliers\000307.jpg,pliers,exito,1265565.0,140493525.0,151084185.0,16281999645.0,21589377885.0,16822237035.0,1961584295415.0,3394163615505.0,1986041314305.0,2405849517705.0,685463262.4944595,3552824284.7390695,50005089.266573206,1888962353.0930576,-31472116700.196102,31180497947.788086,-2780428553.0585938,0.0004279719173353055,0.002218221025532357,3.122089118541407e-05,1.0483641551422068e-06,-1.7466858977317374e-05,1.730501210594312e-05,-1.5431231999873222e-06
C:\Users\damba\.cache\kagglehub\datasets\salmaneunus\mechanical-tools-dataset\versions\20\Mechanical Tools Image dataset\Mechanical Tools Image dataset\pliers\000308.jpg,pliers,exito,3307605.0,309053625.0,438392685.0,39129223935.0,69933941505.0,39540204630.0,5749441759905.0,12210862570095.0,5073421705470.0,6107351992860.0,10252092861.114025,11829014749.384012,-1422016818.0668392,177457975361.0973,-193894183744.71362,152940983629.91602,-50134947292.541016,0.0009370985194740738,0.0010812379831760725,-0.0001299802755330161,8.918902634783678e-06,-9.744973945245759e-06,7.686697310096206e-06,-2.5197442526452365e-06
C:\Users\damba\.cache\kagglehub\datasets\salmaneunus\mechanical-tools-dataset\versions\20\Mechanical Tools Image dataset\Mechanical Tools Image dataset\pliers\000309.jpg,pliers,exito,1113840.0,126282120.0,118537515.0,15243359910.0,16465542015.0,13327048170.0,1936983836220.0,2604274904565.0,1651594340760.0,1841614795020.0,926066733.5164844,3850496351.0130506,-112196868.54395525,-1225553007.970308,32414519305.445755,54800288519.24805,-1293052271.6289062,0.0007464430235202752,0.003103638252278076,-9.043470276428632e-05,-9.359983322045311e-07,2.475611892084219e-05,4.1852925434283606e-05,-9.875499156926379e-07
C:\Users\damba\.cache\kagglehub\datasets\salmaneunus\mechanical-tools-dataset\versions\20\Mechanical Tools Image dataset\Mechanical Tools Image dataset\pliers\000310.jpg,pliers,exito,3246660.0,394391925.0,358202835.0,54407707545.0,42522006075.0,44401617960.0,8180722618605.0,5387637428325.0,6223453719300.0,5425536099270.0,6498474516.224078,3001615580.757541,888498127.2773299,-7339039081.266015,33865383464.353104,4808076694.525391,64068952433.92578,0.0006165066981433039,0.0002847616169253773,8.429132797038853e-05,-3.864089477175634e-07,1.7830518469258626e-06,2.5315083289574254e-07,3.3733048996230754e-06
C:\Users\damba\.cache\kagglehub\datasets\salmaneunus\mechanical-tools-dataset\versions\20\Mechanical Tools Image dataset\Mechanical Tools Image dataset\pliers\000311.jpg,pliers,exito,797640.0,91950450.0,89925240.0,11990472810.0,10253114970.0,10338087855.0,1690506625740.0,1181654747940.0,1345652092395.0,1178775008715.0,1390596606.195653,115021608.2608695,-28325921.08695578,-12343454507.46823,-207390218.73355934,387332890.0805664,3201937041.932617,0.002185683710158153,0.00018078632895541784,-4.452154134358199e-05,-2.172298031801942e-05,-3.64981588984922e-07,6.816588291916933e-07,5.635020188177948e-06
C:\Users\damba\.cache\kagglehub\datasets\salmaneunus\mechanical-tools-dataset\versions\20\Mechanical Tools Image dataset\Mechanical Tools Image dataset\pliers\000312.jpg,pliers,exito,1569525.0,173445645.0,177188535.0,23576529645.0,20305079055.0,19587776550.0,3586855898055.0,2360347258545.0,2654647649190.0,2247826838040.0,4409334621.367994,301716932.4175482,6960863.929326219,6915364462.574903,-79477756.84454256,-8518220260.6796875,2374039241.3759766,0.001789932208772739,0.00012247944455137,2.8257040161129388e-06,2.240755543679027e-06,-2.575283272666029e-08,-2.7601219537588873e-06,7.692496353321671e-07
C:\Users\damba\.cache\kagglehub\datasets\salmaneunus\mechanical-tools-dataset\versions\20\Mechanical Tools Image dataset\Mechanical Tools Image dataset\pliers\000313.jpg,pliers,exito,2482170.0,281921880.0,265408080.0,40844189460.0,28959348870.0,30435009900.0,6604245310080.0,3221227301640.0,4439065366890.0,3361142835990.0,8823841771.189642,580370424.0086298,290279732.1265638,-39191199728.761154,611799282.5056685,5827385869.816406,9898058339.988281,0.0014321703127816604,9.419811837464557e-05,4.71144004543758e-05,-4.037474129237703e-06,6.302751108663004e-08,6.003368065612626e-07,1.0196971451236413e-06
C:\Users\damba\.cache\kagglehub\datasets\salmaneunus\mechanical-tools-dataset\versions\20\Mechanical Tools Image dataset\Mechanical Tools Image dataset\pliers\000314.jpg,pliers,exito,8620275.0,1047754965.0,975646830.0,166416052095.0,147709705740.0,120793697370.0,29097738231645.0,25157499796740.0,19040245079310.0,18531069704430.0,39066232433.54475,37285532858.15471,2208291426.5688543,-626014529191.0475,-343780327.1781228,-331618382158.5156,77760195409.67969,0.0005257257972311473,0.000501762398521185,2.971762820298863e-05,-2.869337347110188e-06,-1.575716993739151e-09,-1.5199727235488823e-06,3.564138249249614e-07
C:\Users\damba\.cache\kagglehub\datasets\salmaneunus\mechanical-tools-dataset\versions\20\Mechanical Tools Image dataset\Mechanical Tools Image dataset\pliers\000315.jpg,pliers,exito,2014755.0,255082875.0,240280890.0,35750017995.0,32297755320.0,29888053515.0,5356252416435.0,4690582636560.0,4156268502585.0,3989759061585.0,3454640582.726234,3641712228.3128686,-533283187.8540723,-44730172184.11408,-29892609302.467175,27735095862.765625,27823856027.541016,0.000851056486343333,0.0008971418991597907,-0.00013137520538327574,-7.763274889837718e-06,-5.188098588898133e-06,4.813645080380878e-06,4.829050108458623e-06
C:\Users\damba\.cache\kagglehub\datasets\salmaneunus\mechanical-tools-dataset\versions\20\Mechanical Tools Image dataset\Mechanical Tools Image dataset\pliers\000316.jpg,pliers,exito,3051840.0,330291810.0,356532075.0,43543484820.0,44810390355.0,40698364140.0,6484874109300.0,6022818476685.0,5658398168700.0,5274708880830.0,7796958215.369321,3158429405.603692,2111929603.8494346,84604338341.2578,49863068056.127495,114282127720.91016,-68443520668.1875,0.000837146922232686,0.0003391155092736508,0.00022675450079360273,5.1998190526044756e-06,3.064605626412972e-06,7.023828762757182e-06,-4.206568241952858e-06
C:\Users\damba\.cache\kagglehub\datasets\salmaneunus\mechanical-tools-dataset\versions\20\Mechanical Tools Image dataset\Mechanical Tools Image dataset\pliers\000317.jpg,pliers,exito,12794880.0,1426629120.0,1426629120.0,212567738880.0,212567738880.0,159069146880.0,35631488901120.0,35631488901120.0,23701302885120.0,23701302885120.0,53498592000.00002,53498592000.00002,2.0273619156796485e-05,-0.0022641292307525865,-0.0022641292307525865,0.0,0.0,0.0003267908725990397,0.0003267908725990397,1.238394030069077e-19,-3.86643460291079e-21,-3.86643460291079e-21,0.0,0.0
C:\Users\damba\.cache\kagglehub\datasets\salmaneunus\mechanical-tools-dataset\versions\20\Mechanical Tools Image dataset\Mechanical Tools Image dataset\pliers\000318.jpg,pliers,exito,2309535.0,266291655.0,271160370.0,37284190815.0,34836712800.0,31146595305.0,5797935336345.0,4780549191150.0,4387038200115.0,3999586266885.0,6580501317.919842,3000024350.3610497,-118461815.89764716,-18445039280.076046,-14057237476.350605,36853340164.134766,10696032871.517578,0.0012337009071834795,0.0005624393315649269,-2.2209014583972136e-05,-2.2754548049857177e-06,-1.7341577903246087e-06,4.54637741253473e-06,1.3195059670092235e-06
C:\Users\damba\.cache\kagglehub\datasets\salmaneunus\mechanical-tools-dataset\versions\20\Mechanical Tools Image dataset\Mechanical Tools Image dataset\pliers\000319.jpg,pliers,exito,3797205.0,282850845.0,454516080.0,26438596095.0,69339847350.0,35262526590.0,3055837908615.0,11636911633920.0,3472096935060.0,5402201561820.0,5369256800.120204,14935392763.385263,1405977550.8810644,286543943196.6347,-238356609292.80066,98001795493.34863,-99453793923.8789,0.00037237977716805256,0.0010358301784005263,9.751025637079865e-05,1.0198378421090489e-05,-8.483344207585903e-06,3.4879794883733836e-06,-3.539657528733202e-06
C:\Users\damba\.cache\kagglehub\datasets\salmaneunus\mechanical-tools-dataset\versions\20\Mechanical Tools Image dataset\Mechanical Tools Image dataset\pliers\000320.jpg,pliers,exito,1941315.0,219982380.0,206411790.0,25442050230.0,27103975500.0,22773746550.0,2997668718510.0,4019078271810.0,2569143058590.0,2938934267610.0,514489524.77472997,5157085350.279786,-616046875.7244164,-1926927722.0516005,40565492719.95056,3613912924.6289062,-1381117202.5214844,0.00013651630227172823,0.0013683975836595618,-0.00016346385582247127,-3.6696563770640156e-07,7.725324481294901e-06,6.882364324438007e-07,-2.630210511637477e-07
C:\Users\damba\.cache\kagglehub\datasets\salmaneunus\mechanical-tools-dataset\versions\20\Mechanical Tools Image dataset\Mechanical Tools Image dataset\pliers\000321.jpg,pliers,exito,3789810.0,362563845.0,430867635.0,46633987155.0,63173798685.0,45767846250.0,6923788431225.0,10022833754295.0,6264893444940.0,6781385657220.0,11948200347.433386,14187987024.12697,4547567019.205691,176281667511.52057,-385559822787.9167,92910542406.08984,-296366063216.6074,0.0008318932902248397,0.0009878384077903178,0.00031662429320894686,6.304687375469509e-06,-1.3789489182477677e-05,3.3229316015938927e-06,-1.0599487761013103e-05
C:\Users\damba\.cache\kagglehub\datasets\salmaneunus\mechanical-tools-dataset\versions\20\Mechanical Tools Image dataset\Mechanical Tools Image dataset\pliers\000322.jpg,pliers,exito,1511385.0,172365465.0,168444840.0,25155571245.0,19852354860.0,19108355895.0,4127461292325.0,2451574726680.0,2777963937885.0,2223524241795.0,5498201663.678084,1079068025.324786,-101887142.64467561,4519812932.027935,-1508782661.3134313,-2401438265.8046875,-17821047398.176758,0.0024069687375255604,0.00047238772993326645,-4.460352349780601e-05,1.6094692782481471e-06,-5.372654526761371e-07,-8.551329823927023e-07,-6.3459326137863914e-06
C:\Users\damba\.cache\kagglehub\datasets\salmaneunus\mechanical-tools-dataset\versions\20\Mechanical Tools Image dataset\Mechanical Tools Image dataset\pliers\000323.jpg,pliers,exito,4127685.0,399560010.0,498502560.0,53388286650.0,66971482320.0,47779396410.0,8481927944130.0,9713220449430.0,6682321264140.0,6441385157760.0,14710867808.397474,6767081469.025757,-475663716.5904794,465915742370.22,-9486165922.320572,326679985717.8887,73436299100.70703,0.0008634261518585252,0.00039718085895508687,-2.7918168917268064e-05,1.3459874693048055e-05,-2.740465561055029e-07,9.437482515874224e-06,2.1215067316426713e-06
C:\Users\damba\.cache\kagglehub\datasets\salmaneunus\mechanical-tools-dataset\versions\20\Mechanical Tools Image dataset\Mechanical Tools Image dataset\pliers\000324.jpg,pliers,exito,1484865.0,170186490.0,202199190.0,20403169650.0,31534172610.0,23076554460.0,2542038054930.0,5389615643100.0,2786124983130.0,3582354968280.0,897395469.505412,4000011297.9237537,-98327045.68778698,-2161584634.5960813,6107884533.229526,30294313602.9834,-5127296817.3046875,0.0004070145470735281,0.0018142088321559254,-4.459632272018214e-05,-8.045532957250205e-07,2.2733871033626945e-06,1.1275704620079372e-05,-1.9084071409925323e-06
C:\Users\damba\.cache\kagglehub\datasets\salmaneunus\mechanical-tools-dataset\versions\20\Mechanical Tools Image dataset\Mechanical Tools Image dataset\pliers\000325.jpg,pliers,exito,4510440.0,602710860.0,531297855.0,94052063610.0,68453400795.0,69153723105.0,15952342233180.0,9428919955695.0,10335440650785.0,8869763186985.0,13514381973.188606,5870280139.897384,-1841343252.8731303,-227172338794.30942,-17360119639.547886,-251123964491.52344,156421556913.72266,0.00066429100183646,0.00028854995240844413,-9.051007708695811e-05,-5.257849783895243e-06,-4.0179584266127594e-07,-5.812204467499844e-06,3.6203397543045235e-06
C:\Users\damba\.cache\kagglehub\datasets\salmaneunus\mechanical-tools-dataset\versions\20\Mechanical Tools Image dataset\Mechanical Tools Image dataset\pliers\000326.jpg,pliers,exito,5417475.0,601178820.0,604194960.0,82257291570.0,73449730800.0,67054241295.0,12576321410460.0,9544002094470.0,9168367800405.0,8152349069505.0,15544298225.94351,6065654327.214869,6545993.6377902785,-1705661718.4931502,-598057801.6023649,-6997404843.988281,150378345.3828125,0.0005296357453319703,0.00020667303880973626,2.2303948167328408e-07,-2.4968969146395305e-08,-8.754893560701334e-09,-1.0243413671072673e-07,2.2013698410647075e-09
C:\Users\damba\.cache\kagglehub\datasets\salmaneunus\mechanical-tools-dataset\versions\20\Mechanical Tools Image dataset\Mechanical Tools Image dataset\pliers\000327.jpg,pliers,exito,4789920.0,540931755.0,529933095.0,74273946645.0,72061742085.0,70820225880.0,11339592904155.0,10943968864545.0,10661245552950.0,10540831757130.0,13185835869.166576,13432561393.82373,10974207760.50495,-26444730117.94609,-810939837.7143754,-34719588576.12891,-25456694825.61328,0.0005747131648510055,0.0005854668560490592,0.000478317926626134,-5.266456352487587e-07,-1.6149831141282328e-08,-6.914390768859585e-07,-5.069689559308749e-07
C:\Users\damba\.cache\kagglehub\datasets\salmaneunus\mechanical-tools-dataset\versions\20\Mechanical Tools Image dataset\Mechanical Tools Image dataset\pliers\000328.jpg,pliers,exito,1860990.0,227113455.0,225187440.0,28973448585.0,31185487140.0,27020685105.0,3825143088915.0,4682163406110.0,3445767451935.0,3663785004405.0,1256737886.9107988,3936881218.553027,-460976548.74623066,-17491303776.864304,-44166354173.287766,52375353370.0918,-30502161242.89258,0.0003628746492366593,0.0011367480889594766,-0.00013310389157105698,-3.702218815976462e-06,-9.348274407634801e-06,1.1085795616713699e-05,-6.456103942963437e-06
C:\Users\damba\.cache\kagglehub\datasets\salmaneunus\mechanical-tools-dataset\versions\20\Mechanical Tools Image dataset\Mechanical Tools Image dataset\pliers\000329.jpg,pliers,exito,1847475.0,192022905.0,225718605.0,25682782215.0,29676350985.0,22261886835.0,3959519945745.0,4073711828265.0,2965350300285.0,2764531141725.0,5724300479.312629,2098771508.6086948,-1198859450.9565225,100157267674.8546,-64892537205.91356,76724026495.17578,-27024554680.833008,0.0016771244182538485,0.0006149049928709852,-0.0003512457926553538,2.158917480228424e-05,-1.3987765058150937e-05,1.6538075149141613e-05,-5.825217165991739e-06
C:\Users\damba\.cache\kagglehub\datasets\salmaneunus\mechanical-tools-dataset\versions\20\Mechanical Tools Image dataset\Mechanical Tools Image dataset\pliers\000330.jpg,pliers,exito,1833705.0,218054580.0,216329505.0,30839895330.0,30293609085.0,26250181185.0,4829647367490.0,4663512639555.0,3815145404895.0,3940613880075.0,4909988469.858158,4772353084.96454,525411195.0709238,-5411363672.666523,-36372575969.17415,51881452444.802734,214287075482.0254,0.001460230898557258,0.001419298125906106,0.0001562573244724181,-1.1884558393972912e-06,-7.988226798141959e-06,1.1394321070284943e-05,4.7062208635201324e-05
C:\Users\damba\.cache\kagglehub\datasets\salmaneunus\mechanical-tools-dataset\versions\20\Mechanical Tools Image dataset\Mechanical Tools Image dataset\pliers\000331.jpg,pliers,exito,4098870.0,448690350.0,566765805.0,71359160730.0,98174918655.0,67387380435.0,12825247652670.0,18220024809165.0,10900812748185.0,12022987630755.0,22242445590.67563,19806129765.062527,5345318253.598361,144165257394.6286,-832314241053.9242,-136550625476.45312,-202144129583.14453,0.001323897152361995,0.0011788846999032693,0.0003181597808369644,4.2383835037807415e-06,-2.446960531959745e-05,-4.014517290154713e-06,-5.942932157822639e-06
C:\Users\damba\.cache\kagglehub\datasets\salmaneunus\mechanical-tools-dataset\versions\20\Mechanical Tools Image dataset\Mechanical Tools Image dataset\pliers\000332.jpg,pliers,exito,8431575.0,990262155.0,930366990.0,161340763125.0,141115624530.0,113375961570.0,29057356822305.0,24196167946620.0,18643053030420.0,17344787484240.0,45037565249.72236,38455951090.38046,4107263793.10025,-470654803256.46246,138312354629.7437,-124574126158.35156,-135219247111.38281,0.0006335158563707131,0.0005409363195476652,5.777436512828297e-05,-2.279978368142096e-06,6.70022221000852e-07,-6.034705497661276e-07,-6.550383768258723e-07
C:\Users\damba\.cache\kagglehub\datasets\salmaneunus\mechanical-tools-dataset\versions\20\Mechanical Tools Image dataset\Mechanical Tools Image dataset\pliers\000333.jpg,pliers,exito,1043205.0,115518060.0,122780460.0,13832520390.0,16974818580.0,13562109720.0,1761230355030.0,2582422470210.0,1665890878020.0,1870191306270.0,1040765954.2336823,2524119668.653139,-33837907.84649377,-993223516.3942442,-9590779049.260796,45360457339.68555,-1529825656.9892578,0.0009563431625315347,0.00231937312775106,-3.109311144520834e-05,-8.935581985398875e-07,-8.628389389090822e-06,4.0808748359625245e-05,-1.3763148330418879e-06
C:\Users\damba\.cache\kagglehub\datasets\salmaneunus\mechanical-tools-dataset\versions\20\Mechanical Tools Image dataset\Mechanical Tools Image dataset\pliers\000334.jpg,pliers,exito,3404760.0,365394600.0,308466615.0,48454179450.0,36484445535.0,33506883975.0,7136126025210.0,4877879364165.0,4485158595945.0,4330856702115.0,9240486352.935894,8537790684.273894,402631281.3361322,-47271085873.86716,25413933930.17679,8856210600.169922,342435785698.9082,0.0007971165418651421,0.0007364995656591763,3.4732376886571375e-05,-2.209934075370772e-06,1.1881072233326408e-06,4.1402987094897946e-07,1.6008951295547452e-05
C:\Users\damba\.cache\kagglehub\datasets\salmaneunus\mechanical-tools-dataset\versions\20\Mechanical Tools Image dataset\Mechanical Tools Image dataset\pliers\000335.jpg,pliers,exito,3164805.0,363294420.0,424297815.0,51235408350.0,65895697245.0,51069991635.0,8037959089470.0,10787662340745.0,7657298937675.0,8155037544195.0,9532101004.63863,9011106942.03529,2363980172.1476955,-31876547069.889355,-463010712232.6172,245558427722.07812,-43130227471.515625,0.000951688285416948,0.0008996720566852027,0.0002360206040301178,-1.7889733932791733e-06,-2.5985055507151172e-05,1.3781213276554221e-05,-2.420551674666931e-06
C:\Users\damba\.cache\kagglehub\datasets\salmaneunus\mechanical-tools-dataset\versions\20\Mechanical Tools Image dataset\Mechanical Tools Image dataset\pliers\000336.jpg,pliers,exito,3823470.0,302451675.0,478747455.0,35021251455.0,65900940045.0,39633099090.0,5005342863465.0,9721961221875.0,4813441113810.0,5581208895030.0,11096121740.289114,5955621873.554419,1762272415.0850322,479527994806.5159,-21121621318.318882,149526007246.11328,-73135605688.4961,0.0007590245780109741,0.0004073912926670708,0.00012054735046241886,1.677527888582347e-05,-7.388955222072449e-07,5.230853045919244e-06,-2.5584954271609678e-06
C:\Users\damba\.cache\kagglehub\datasets\salmaneunus\mechanical-tools-dataset\versions\20\Mechanical Tools Image dataset\Mechanical Tools Image dataset\pliers\000337.jpg,pliers,exito,3214275.0,426824100.0,337405290.0,65319096090.0,41676187140.0,44097680910.0,10787495769900.0,5774130956040.0,6624202748400.0,5376205718400.0,8641054434.942474,6258455390.232446,-706422422.6299162,-181131670477.2033,85433529761.02457,-44788650676.50781,-9674376713.882812,0.0008363743013743087,0.0006057607082674032,-6.837516933269685e-05,-9.77882820035661e-06,4.612334264251479e-06,-2.4180228622496953e-06,-5.222944589499446e-07
C:\Users\damba\.cache\kagglehub\datasets\salmaneunus\mechanical-tools-dataset\versions\20\Mechanical Tools Image dataset\Mechanical Tools Image dataset\pliers\000338.jpg,pliers,exito,9321525.0,970852575.0,1002044430.0,139385196825.0,152682769290.0,100782940335.0,22794192295725.0,26410700835630.0,14083842085125.0,15304846730175.0,38269261140.21337,44965090080.425934,-3581679738.4222465,305372204905.06696,330316494752.5508,-153698886894.04688,172724544216.40625,0.0004404292360615852,0.0005174894859088973,-4.122045798665694e-05,1.1510974270655508e-06,1.2451246744777449e-06,-5.793663942059739e-07,6.510834163848819e-07
C:\Users\damba\.cache\kagglehub\datasets\salmaneunus\mechanical-tools-dataset\versions\20\Mechanical Tools Image dataset\Mechanical Tools Image dataset\pliers\000339.jpg,pliers,exito,1559070.0,173667750.0,178444410.0,22973534970.0,25116620760.0,19891825290.0,3367593045690.0,3932366471430.0,2797312322220.0,2800981263750.0,3628356504.592739,4692645274.455348,14565651.383710785,188664560.74441856,-16573093432.961393,164615867832.31738,-140772545.5830078,0.0014927212744856,0.0019305741941088733,5.992370835028011e-06,6.21621878945285e-08,-5.46058965132804e-06,5.423849856187743e-05,-4.638247583114727e-08
C:\Users\damba\.cache\kagglehub\datasets\salmaneunus\mechanical-tools-dataset\versions\20\Mechanical Tools Image dataset\Mechanical Tools Image dataset\pliers\000340.jpg,pliers,exito,4373760.0,487195605.0,537993135.0,64762487955.0,85131483525.0,61233998895.0,9583110113625.0,14951359205235.0,8366658643005.0,9843320570955.0,10493493421.391378,18955787257.45714,1306638707.8448536,31427521864.58619,-183518002220.47308,109472332626.75,39030914000.453125,0.0005485423941448655,0.0009909047928604456,6.830391903829229e-05,7.855480702583651e-07,-4.587132676993245e-06,2.736320732260117e-06,9.755990085882602e-07
C:\Users\damba\.cache\kagglehub\datasets\salmaneunus\mechanical-tools-dataset\versions\20\Mechanical Tools Image dataset\Mechanical Tools Image dataset\pliers\000341.jpg,pliers,exito,2483190.0,214024305.0,292724190.0,25627811355.0,38232946620.0,26345790630.0,3635775628455.0,5325757875000.0,3239722288440.0,3456537770910.0,7181215190.09396,3725940949.4085035,1116109727.0332694,189046343077.88858,-59675548724.97007,26263174304.856445,-101870752014.73438,0.0011646033621774145,0.0006042491753960204,0.00018100350793761062,1.94555451405209e-05,-6.1414588248642295e-06,2.7028524588332387e-06,-1.0483942625141897e-05
C:\Users\damba\.cache\kagglehub\datasets\salmaneunus\mechanical-tools-dataset\versions\20\Mechanical Tools Image dataset\Mechanical Tools Image dataset\pliers\000342.jpg,pliers,exito,1925760.0,218286630.0,209981025.0,32131293870.0,23117678565.0,23631660390.0,5284344629070.0,2569119490215.0,3463482078300.0,2583329884650.0,7388307809.038665,221766893.73742008,-169877865.64751124,-32709148398.33778,51942849.11394813,-1538426742.8105469,-33509890.40625,0.0019922354197969734,5.97987891221233e-05,-4.580706566779049e-05,-6.355706487241598e-06,1.0093002087945168e-08,-2.989313176347888e-07,-6.5112984675743285e-09
C:\Users\damba\.cache\kagglehub\datasets\salmaneunus\mechanical-tools-dataset\versions\20\Mechanical Tools Image dataset\Mechanical Tools Image dataset\pliers\000343.jpg,pliers,exito,1093950.0,129705750.0,134542845.0,15647252880.0,19202899185.0,15738040785.0,1917413085510.0,2986429380075.0,1883969140635.0,2212789429785.0,268504689.4405585,2655728710.395105,-214224508.53146952,-1497170429.3661084,-28545053023.001205,10342724606.175781,-11335705067.335938,0.0002243659402904921,0.002219160754718081,-0.0001790087293822563,-1.1961277311410536e-06,-2.2805372613563867e-05,8.263067099341305e-06,-9.05638457528008e-06
C:\Users\damba\.cache\kagglehub\datasets\salmaneunus\mechanical-tools-dataset\versions\20\Mechanical Tools Image dataset\Mechanical Tools Image dataset\pliers\000344.jpg,pliers,exito,1792395.0,218664285.0,190928190.0,31304978355.0,22781810670.0,23227324740.0,4871739842385.0,2932892330250.0,3327056685600.0,2864894913060.0,4628899960.136576,2443897577.921466,-65072389.36833205,-76740213169.79567,-14509195831.94425,8287753349.916016,99477672932.25098,0.0014408220539846397,0.0007607037434969752,-2.025486282157675e-05,-1.7841801030992948e-05,-3.3733315879705e-06,1.926870413246997e-06,2.312817197362159e-05
C:\Users\damba\.cache\kagglehub\datasets\salmaneunus\mechanical-tools-dataset\versions\20\Mechanical Tools Image dataset\Mechanical Tools Image dataset\pliers\000345.jpg,pliers,exito,1308660.0,143604525.0,149830860.0,17748825945.0,21305177580.0,16429527855.0,2388352344375.0,3366045116130.0,2127980783145.0,2330910190635.0,1990523864.646338,4150770317.3499618,-12015006.126265118,3845912370.656601,-23681819732.755867,98522377726.94238,-4241391147.083008,0.0011622879425154079,0.0024236786997094742,-7.015689185061787e-06,1.963054306651175e-06,-1.2087820453326219e-05,5.028839954181501e-05,-2.1649170222908588e-06
C:\Users\damba\.cache\kagglehub\datasets\salmaneunus\mechanical-tools-dataset\versions\20\Mechanical Tools Image dataset\Mechanical Tools Image dataset\pliers\000346.jpg,pliers,exito,1281630.0,135225480.0,146398050.0,16660853910.0,16916125230.0,15457837350.0,2291219213430.0,1977051166650.0,1899950794140.0,1789541089980.0,2393139794.982093,193366677.3736573,11299283.386390615,28320465619.214294,579988359.2557654,-5569852066.811523,2130105471.8417969,0.0014569435972814411,0.00011772164046490403,6.87900415102727e-06,1.5229783429348358e-05,3.1189801826617914e-07,-2.995277049876458e-06,1.1454982927897386e-06
C:\Users\damba\.cache\kagglehub\datasets\salmaneunus\mechanical-tools-dataset\versions\20\Mechanical Tools Image dataset\Mechanical Tools Image dataset\pliers\000347.jpg,pliers,exito,4337805.0,631224960.0,438288135.0,114170272290.0,59995552635.0,63534452580.0,22004881746540.0,9253965764355.0,11449443129900.0,8851576737690.0,22316223957.49045,15711291520.96232,-243981555.20192516,-1103635282067.845,17154936985.798365,-15217273133.363281,170499125718.4922,0.001185989000477622,0.0008349718555725608,-1.296632626290629e-05,-2.816115827309108e-05,4.377378138154462e-07,-3.8829497765834936e-07,4.350579346997487e-06
C:\Users\damba\.cache\kagglehub\datasets\salmaneunus\mechanical-tools-dataset\versions\20\Mechanical Tools Image dataset\Mechanical Tools Image dataset\pliers\000348.jpg,pliers,exito,1999200.0,213112935.0,228421350.0,24958793355.0,29736133440.0,24939205785.0,3176335284255.0,4220051503410.0,3003226850745.0,3288055103445.0,2241144763.4062486,3637537433.6862216,589693822.6339269,37942135734.93217,-8715086576.60944,25803863997.350586,-16542731216.589844,0.00056073468888512,0.0009101123026457035,0.0001475414652240265,6.713997351003826e-06,-1.5421659075256955e-06,4.566086520120994e-06,-2.927295773292375e-06
C:\Users\damba\.cache\kagglehub\datasets\salmaneunus\mechanical-tools-dataset\versions\20\Mechanical Tools Image dataset\Mechanical Tools Image dataset\pliers\000349.jpg,pliers,exito,2035920.0,234855255.0,274487610.0,28226378655.0,42082255770.0,32310310755.0,3517949952075.0,6952391427540.0,3978517977675.0,5009481711855.0,1134454217.3428087,5075178849.731962,646562846.9827133,140595250.40744114,-89734606531.55597,23800414819.25586,-19294414419.476562,0.0002736941762918824,0.0012244186442930127,0.0001559873312828404,2.3772172762497287e-08,-1.517253650504516e-05,4.024229632671191e-06,-3.2623445785103143e-06
C:\Users\damba\.cache\kagglehub\datasets\salmaneunus\mechanical-tools-dataset\versions\20\Mechanical Tools Image dataset\Mechanical Tools Image dataset\pliers\000350.jpg,pliers,exito,2765475.0,253369275.0,353987430.0,30912747045.0,53747331240.0,30637590570.0,4511223035385.0,9025433762460.0,3633679379280.0,4391203016940.0,7699378812.047025,8436091544.105115,-1794284062.102353,268222334902.2712,-14033376057.36833,5553658822.650391,-73713260298.63281,0.0010067374259578048,0.0011030667919557503,-0.00023461281256763867,2.1089709461780273e-05,-1.1034123013120318e-06,4.3667150635395375e-07,-5.79590526547752e-06
C:\Users\damba\.cache\kagglehub\datasets\salmaneunus\mechanical-tools-dataset\versions\20\Mechanical Tools Image dataset\Mechanical Tools Image dataset\pliers\000351.jpg,pliers,exito,4503555.0,515656410.0,519598200.0,72859207920.0,72340312500.0,49278196650.0,11446804762710.0,11150115067200.0,6189893389110.0,5853860746770.0,13816621968.659754,12391607656.106672,-10215723698.3608,-59566749760.306496,-55523640193.60271,123151343557.0,-71814092617.30469,0.0006812255579056262,0.0006109655354273069,-0.0005036840474908516,-1.383933512912972e-06,-1.2899986440766496e-06,2.861214892445969e-06,-1.6684799803992632e-06
C:\Users\damba\.cache\kagglehub\datasets\salmaneunus\mechanical-tools-dataset\versions\20\Mechanical Tools Image dataset\Mechanical Tools Image dataset\pliers\000352.jpg,pliers,exito,5019675.0,576743700.0,517048965.0,80278383450.0,66129691365.0,68908751490.0,12265656548070.0,9607517994015.0,10246402257180.0,9491435932920.0,14012480679.464062,12871336549.684023,9501572109.806961,-178031899384.66437,144253747145.57602,-206027189656.57422,-64051011594.390625,0.0005561139990120513,0.0005108253566954092,0.00037708935225366666,-3.153616116248439e-06,2.555277696861457e-06,-3.649518248875762e-06,-1.1345848868895766e-06
C:\Users\damba\.cache\kagglehub\datasets\salmaneunus\mechanical-tools-dataset\versions\20\Mechanical Tools Image dataset\Mechanical Tools Image dataset\pliers\000353.jpg,pliers,exito,6349245.0,757407120.0,744431445.0,114509532960.0,120612069795.0,89129361030.0,19237622800200.0,21473827625385.0,13453208416320.0,14276975662770.0,24157759571.716133,33329538359.406,325467528.5067689,-185923428920.24725,-483197218684.45886,-50368770341.97266,-187266455113.88672,0.0005992561274103251,0.0008267707949629481,8.073530583486994e-06,-1.830327927191196e-06,-4.756847315238835e-06,-4.958566413635698e-07,-1.8435493827304118e-06
C:\Users\damba\.cache\kagglehub\datasets\salmaneunus\mechanical-tools-dataset\versions\20\Mechanical Tools Image dataset\Mechanical Tools Image dataset\pliers\000354.jpg,pliers,exito,3181890.0,303457395.0,361518345.0,36457937775.0,44902397415.0,32961675615.0,5099997689445.0,5991714314145.0,3768114341175.0,3889013608035.0,7517153970.347411,3827591632.418258,-1516390948.7125344,189173384524.13153,20254086236.91024,-84907992197.68555,-48758677150.083984,0.0007424772007832272,0.0003780552496582521,-0.00014977552825635036,1.0474833527273958e-05,1.1215012202291169e-06,-4.701491627075997e-06,-2.6998461091236383e-06
C:\Users\damba\.cache\kagglehub\datasets\salmaneunus\mechanical-tools-dataset\versions\20\Mechanical Tools Image dataset\Mechanical Tools Image dataset\pliers\000355.jpg,pliers,exito,4244220.0,487167555.0,497903820.0,74581243575.0,74604247890.0,57237949995.0,12680780544525.0,12353346751830.0,8866373034405.0,8417004545565.0,18662316977.255764,16193464761.276134,86674468.62292418,-164197507079.6713,-198150564522.00226,97097159388.42188,-166688131825.16016,0.0010360239291900364,0.0008989675295743839,4.811665328191461e-06,-4.424577844083606e-06,-5.3395000519179946e-06,2.61644617993506e-06,-4.491691914588156e-06
C:\Users\damba\.cache\kagglehub\datasets\salmaneunus\mechanical-tools-dataset\versions\20\Mechanical Tools Image dataset\Mechanical Tools Image dataset\pliers\000356.jpg,pliers,exito,2518890.0,262085940.0,304896360.0,35229198090.0,39696184050.0,30670854300.0,5399931753270.0,5442555029790.0,3982057340190.0,3970890341430.0,7959630960.953636,2790328557.600731,-1053059452.9540372,78027175550.00119,-37932035372.86284,-63085603786.61719,95507246884.90234,0.001254511157169329,0.0004397814829418833,-0.00016597186972286377,7.748593552203311e-06,-3.7668917609835027e-06,-6.264800683764174e-06,9.48447553284572e-06
C:\Users\damba\.cache\kagglehub\datasets\salmaneunus\mechanical-tools-dataset\versions\20\Mechanical Tools Image dataset\Mechanical Tools Image dataset\pliers\000357.jpg,pliers,exito,3949185.0,463775385.0,444912525.0,68420520585.0,65074335105.0,51849653880.0,11220999120345.0,10648797494625.0,7539447847230.0,7460198325540.0,13956724198.682772,14950789385.598248,-398968955.64763427,-92049914677.3227,-51125060748.09952,-75055553666.58203,-91957941141.04297,0.0008948876999668146,0.000958625916476089,-2.5581390446288966e-05,-2.969987991338889e-06,-1.6495486933431574e-06,-2.421665395937157e-06,-2.9670204676944696e-06
C:\Users\damba\.cache\kagglehub\datasets\salmaneunus\mechanical-tools-dataset\versions\20\Mechanical Tools Image dataset\Mechanical Tools Image dataset\pliers\000358.jpg,pliers,exito,2391390.0,279848730.0,266919465.0,36929562060.0,37825725135.0,30669408960.0,5273867205390.0,5928646267785.0,4017241917360.0,4260077814030.0,4180695633.9411387,8033010104.876839,-566430151.365963,-26236821680.920788,-86581627011.7051,27851048136.429688,-39973066183.55078,0.0007310510971057797,0.0014046803126627008,-9.904796231231938e-05,-2.9667790360282463e-06,-9.790383875282288e-06,3.149310794861236e-06,-4.520031282804606e-06
C:\Users\damba\.cache\kagglehub\datasets\salmaneunus\mechanical-tools-dataset\versions\20\Mechanical Tools Image dataset\Mechanical Tools Image dataset\pliers\000359.jpg,pliers,exito,1943865.0,215423235.0,201707040.0,25864129035.0,25922881800.0,22381217400.0,3308895333405.0,3804063907890.0,2768588316930.0,2878221232440.0,1990470021.7119262,4992554855.710353,27616157.591500986,1401587865.8117166,78036287600.62997,78650881027.21484,-338649386.43066406,0.0005267729197048173,0.0013212671727992637,7.3085471304871185e-06,2.6604498600589794e-07,1.4812601870406602e-05,1.4929262055303674e-05,-6.428135793090197e-08
C:\Users\damba\.cache\kagglehub\datasets\salmaneunus\mechanical-tools-dataset\versions\20\Mechanical Tools Image dataset\Mechanical Tools Image dataset\pliers\000360.jpg,pliers,exito,3822960.0,365486655.0,563615280.0,44979022365.0,94452527340.0,49967770200.0,6302951725485.0,16868034291420.0,5862118156770.0,8001458408340.0,10037381598.921093,11359273984.098192,-3915572391.6275306,83611088792.36366,-406383546519.75977,-20414062432.697266,126046315600.91797,0.000686785199581048,0.0007772327049021673,-0.00026791421048961707,2.925933787045106e-06,-1.4221215946777382e-05,-7.143812604929551e-07,4.410936143471917e-06
C:\Users\damba\.cache\kagglehub\datasets\salmaneunus\mechanical-tools-dataset\versions\20\Mechanical Tools Image dataset\Mechanical Tools Image dataset\pliers\000361.jpg,pliers,exito,4117740.0,411932610.0,490534575.0,55075255470.0,72531621405.0,48813604755.0,8325235005570.0,11887795794435.0,6760696608345.0,7140276154035.0,13866127360.54868,14095642137.141756,-258747500.11827478,41294348651.318245,-111035537837.65889,251508566146.25195,-54032112851.16797,0.000817781614666101,0.0008313176914459834,-1.5260133051970394e-05,1.2001715214923405e-06,-3.2271168994958658e-06,7.309799727049771e-06,-1.5703796090257973e-06
C:\Users\damba\.cache\kagglehub\datasets\salmaneunus\mechanical-tools-dataset\versions\20\Mechanical Tools Image dataset\Mechanical Tools Image dataset\pliers\000362.jpg,pliers,exito,2564790.0,284406090.0,349603725.0,34594497480.0,51969520455.0,38371643415.0,4494991403850.0,8123580008265.0,4725172717185.0,5651058106665.0,3057091287.2559156,4315418351.562432,-395440235.7804732,-19139001900.450253,-136788520468.68513,97334195927.07617,-3967588574.8066406,0.0004647343608233562,0.0006560233244127072,-6.0114222295348586e-05,-1.816727358028405e-06,-1.2984347286879287e-05,9.239232930336678e-06,-3.7661455632556166e-07
C:\Users\damba\.cache\kagglehub\datasets\salmaneunus\mechanical-tools-dataset\versions\20\Mechanical Tools Image dataset\Mechanical Tools Image dataset\pliers\000363.jpg,pliers,exito,2058105.0,176441640.0,216680640.0,20196614550.0,32092009590.0,21857150325.0,2861518565670.0,5420751603630.0,2835848228475.0,3394642223985.0,5070247175.211249,9279519580.59348,3281087647.0270095,260713821864.82828,88126854125.7752,146939578344.08594,-47486892587.35254,0.0011969997956828807,0.0021907379774917767,0.0007746094238384578,4.290374836166262e-05,1.4502385589965083e-05,2.418076129815637e-05,-7.814567234956127e-06
C:\Users\damba\.cache\kagglehub\datasets\salmaneunus\mechanical-tools-dataset\versions\20\Mechanical Tools Image dataset\Mechanical Tools Image dataset\pliers\000364.jpg,pliers,exito,3860700.0,300153360.0,495798030.0,33792602040.0,75329764710.0,35901112635.0,4794076108830.0,12660296368770.0,3905853055275.0,5139187097715.0,10456927286.900925,11658490963.819029,-2645121101.3381786,540876749561.7719,-8096059766.29397,-22559291620.347656,-38006241162.958984,0.0007015715623511983,0.0007821863436298119,-0.000177465300538006,1.8468565925790856e-05,-2.764448899940495e-07,-7.703007475679059e-07,-1.2977462445526137e-06
C:\Users\damba\.cache\kagglehub\datasets\salmaneunus\mechanical-tools-dataset\versions\20\Mechanical Tools Image dataset\Mechanical Tools Image dataset\pliers\000365.jpg,pliers,exito,2612220.0,265248705.0,334155570.0,33903228435.0,47302362810.0,32025791445.0,4927049973255.0,7039722373530.0,3954248469975.0,4470345679095.0,6969480318.770503,4557132713.750488,-1904862256.0806289,69082919998.89905,-177101081684.42838,4187552716.841797,154533912517.74414,0.0010213648215642607,0.0006678396133049889,-0.00027915414195896687,6.263921557852699e-06,-1.605819909609788e-05,3.796959036776094e-07,1.401197728837529e-05
C:\Users\damba\.cache\kagglehub\datasets\salmaneunus\mechanical-tools-dataset\versions\20\Mechanical Tools Image dataset\Mechanical Tools Image dataset\pliers\000366.jpg,pliers,exito,6513465.0,662321955.0,778856700.0,91386877815.0,129409905120.0,78160845345.0,14594444228865.0,23473171501230.0,10676295816405.0,13153975604025.0,24038642724.303722,36277024366.83866,-1037230058.6213458,413025081730.3075,-676951147379.8289,-40476531012.60156,242980581522.28906,0.0005666120093454059,0.0008550814580219642,-2.4448427243136578e-05,3.814575510437751e-06,-6.252117323576927e-06,-3.7382907425695505e-07,2.244095617399001e-06
C:\Users\damba\.cache\kagglehub\datasets\salmaneunus\mechanical-tools-dataset\versions\20\Mechanical Tools Image dataset\Mechanical Tools Image dataset\pliers\000367.jpg,pliers,exito,3137265.0,350462310.0,352945500.0,47838265200.0,47922562080.0,38080644555.0,7322791299630.0,7244809398240.0,5090910831255.0,4951212820065.0,8688295168.60766,8215834733.011465,-1346721394.0368164,37672281029.795265,4892964618.092156,9940543827.746094,-99177662127.98242,0.0008827386819523287,0.0008347362724923328,-0.0001368281170538976,2.160945958743479e-06,2.8066875242777245e-07,5.702064601633997e-07,-5.688998975230211e-06
C:\Users\damba\.cache\kagglehub\datasets\salmaneunus\mechanical-tools-dataset\versions\20\Mechanical Tools Image dataset\Mechanical Tools Image dataset\pliers\000368.jpg,pliers,exito,3069435.0,312998475.0,305075625.0,40018706775.0,34611348135.0,33034157325.0,5774159565255.0,4408849635315.0,4349721719415.0,4007987167935.0,8101417321.948995,4289436457.723688,1924782021.5086854,41099009724.61602,116110521812.55093,-20346275494.203125,95961879779.3164,0.0008598924232888908,0.00045528501539881047,0.00020429826177375803,2.4899192070581873e-06,7.0343743155801854e-06,-1.2326472702034669e-06,5.813700359422978e-06
C:\Users\damba\.cache\kagglehub\datasets\salmaneunus\mechanical-tools-dataset\versions\20\Mechanical Tools Image dataset\Mechanical Tools Image dataset\pliers\000369.jpg,pliers,exito,7457475.0,671201310.0,902378445.0,88796754840.0,147351876225.0,80993388915.0,14030245132230.0,26313364398795.0,10635652848975.0,13599784293885.0,28386066430.62336,38161183932.95505,-224126986.79824874,928487751840.5669,-751938075474.893,-68695325075.16016,391791289614.9531,0.0005104128535361729,0.0006861802720409755,-4.030050981729e-06,6.113594980594614e-06,-4.951109839444226e-06,-4.5232195442243117e-07,2.579735981312076e-06
C:\Users\damba\.cache\kagglehub\datasets\salmaneunus\mechanical-tools-dataset\versions\20\Mechanical Tools Image dataset\Mechanical Tools Image dataset\pliers\000370.jpg,pliers,exito,4574190.0,564300975.0,562295655.0,80919678105.0,80268739095.0,68952331500.0,12530276999625.0,12366698760675.0,9760684497540.0,10065258240720.0,11303944961.875067,11146904708.610493,-416012699.6864235,-241537808680.41223,-241101832249.33633,-83959178903.10547,265078653424.29688,0.0005402585318651671,0.0005327529807537099,-1.9882829501371722e-05,-5.397586632915688e-06,-5.387843973704288e-06,-1.876215339676259e-06,5.923648161797314e-06
C:\Users\damba\.cache\kagglehub\datasets\salmaneunus\mechanical-tools-dataset\versions\20\Mechanical Tools Image dataset\Mechanical Tools Image dataset\pliers\000371.jpg,pliers,exito,1123275.0,133530240.0,138109785.0,16123523520.0,19434460095.0,16275005505.0,1974429254100.0,2968170814995.0,1958191786635.0,2262958691295.0,250006354.16118065,2453477955.500568,-142908841.3518727,-1707295023.3933265,-24673974735.364906,9736543687.398438,-12186666741.420898,0.0001981430576230275,0.0019445090727580447,-0.00011326270038948072,-1.2767131789784011e-06,-1.8451168831857566e-05,7.280975738272706e-06,-9.113174831181695e-06
C:\Users\damba\.cache\kagglehub\datasets\salmaneunus\mechanical-tools-dataset\versions\20\Mechanical Tools Image dataset\Mechanical Tools Image dataset\pliers\000372.jpg,pliers,exito,3631965.0,321441015.0,414356385.0,38874391215.0,58120332615.0,37349122995.0,5710054442565.0,9281273434365.0,4658655322545.0,5190858169995.0,10425789390.855156,10848067108.512953,677201055.7382563,424106913444.5074,175331427767.83893,103762144236.75195,-107503425078.46094,0.0007903612476811128,0.0008223733986352357,5.1337452856445384e-05,1.687023822155045e-05,6.9743804224852245e-06,4.127478322472402e-06,-4.276299992321488e-06
C:\Users\damba\.cache\kagglehub\datasets\salmaneunus\mechanical-tools-dataset\versions\20\Mechanical Tools Image dataset\Mechanical Tools Image dataset\pliers\000373.jpg,pliers,exito,5328480.0,567405855.0,525778125.0,80734521075.0,77041641165.0,53457134865.0,12802871264715.0,12716459069955.0,7345623248145.0,7833580738065.0,20314025119.627922,25161435791.51345,-2530611463.394188,-120482776505.72487,148996171680.78705,-81762721487.33984,129170104042.5,0.0007154665021680545,0.0008861938660244187,-8.912895014152589e-05,-1.8383009733246318e-06,2.2733523858442963e-06,-1.2475184823177257e-06,1.9708503976457487e-06
C:\Users\damba\.cache\kagglehub\datasets\salmaneunus\mechanical-tools-dataset\versions\20\Mechanical Tools Image dataset\Mechanical Tools Image dataset\pliers\000374.jpg,pliers,exito,9550260.0,1120624275.0,1141978740.0,175320996345.0,173605817640.0,136323720120.0,30262506758715.0,29421076875810.0,21258900661950.0,20855738595390.0,43827323322.56129,37052944460.422935,2324321404.372001,-594966154950.6921,-199216450403.57953,-250695147890.8203,-70973848674.00781,0.000480523417787727,0.00040624902826442413,2.548389407780817e-05,-2.1108349357393733e-06,-7.067848142063071e-07,-8.89422149453439e-07,-2.5180269173023995e-07
C:\Users\damba\.cache\kagglehub\datasets\salmaneunus\mechanical-tools-dataset\versions\20\Mechanical Tools Image dataset\Mechanical Tools Image dataset\pliers\000375.jpg,pliers,exito,2094315.0,240038130.0,278685420.0,29266545840.0,40035766020.0,32349641190.0,3761192053290.0,6029580429240.0,4032935579730.0,4709535439140.0,1754780010.171678,2951772771.335684,408349132.6616328,4586595467.819051,-83452394071.64441,44902096824.08789,12194156838.517578,0.0004000724740595219,0.00067297497614773,9.30995605358054e-05,7.225791559243528e-07,-1.314721581426685e-05,7.073943941651105e-06,1.921085828782497e-06
C:\Users\damba\.cache\kagglehub\datasets\salmaneunus\mechanical-tools-dataset\versions\20\Mechanical Tools Image dataset\Mechanical Tools Image dataset\pliers\000376.jpg,pliers,exito,1425960.0,142045455.0,185175900.0,17386148115.0,26564126730.0,17018574285.0,2434406892735.0,4008269497050.0,2004838641855.0,2274857592075.0,3236444556.5853014,2517088986.4377666,-1427521657.7575095,57714840407.14255,-95102625470.4143,31466529080.876953,-541614460.2695312,0.0015916716656317763,0.0012378952117177125,-0.0007020499609996776,2.3769450461373503e-05,-3.916734636912929e-05,1.2959268342474898e-05,-2.230601001704746e-07
C:\Users\damba\.cache\kagglehub\datasets\salmaneunus\mechanical-tools-dataset\versions\20\Mechanical Tools Image dataset\Mechanical Tools Image dataset\pliers\000377.jpg,pliers,exito,3594225.0,450967500.0,445863420.0,65234763510.0,63341230920.0,56701214010.0,10174731687900.0,9674315753760.0,8411964774780.0,8277745893510.0,8651860086.800282,8031897393.5523205,758719631.1422464,-181373909435.7637,-175873460036.46432,129202690610.50781,142081817376.8828,0.0006697287865641982,0.0006217383130592591,5.87314603807072e-05,-7.4056240741643335e-06,-7.181036863043977e-06,5.275436577446974e-06,5.801300366411949e-06
C:\Users\damba\.cache\kagglehub\datasets\salmaneunus\mechanical-tools-dataset\versions\20\Mechanical Tools Image dataset\Mechanical Tools Image dataset\pliers\000378.jpg,pliers,exito,6392850.0,798373380.0,718112130.0,135973315440.0,108512634720.0,86249719725.0,25066888062060.0,18459916349100.0,14510601455925.0,13280277241725.0,36268167674.50817,27846729645.872356,-3431972860.7949805,-972914946464.6243,14561314998.738749,93855305475.98438,499668237638.1836,0.0008874350674800955,0.0006813733912384596,-8.397592882670359e-05,-9.415395972010567e-06,1.4091729917861523e-07,9.082858356134175e-07,4.835545315749997e-06
C:\Users\damba\.cache\kagglehub\datasets\salmaneunus\mechanical-tools-dataset\versions\20\Mechanical Tools Image dataset\Mechanical Tools Image dataset\pliers\000379.jpg,pliers,exito,2381445.0,187986000.0,259562715.0,18039722040.0,33503563875.0,18527683155.0,1998506100630.0,4826516899515.0,1668184867455.0,2198703469485.0,3200523067.9473176,5212839958.146484,-1961623355.118857,69205929383.66476,38502149493.52327,11659617248.93164,-18384219242.487305,0.00056433872166489,0.0009191645789670245,-0.0003458872169060056,7.90754943571421e-06,4.399300077504019e-06,1.3322413356563568e-06,-2.1006021274716182e-06
C:\Users\damba\.cache\kagglehub\datasets\salmaneunus\mechanical-tools-dataset\versions\20\Mechanical Tools Image dataset\Mechanical Tools Image dataset\pliers\000380.jpg,pliers,exito,2248590.0,218406735.0,198058755.0,26853617265.0,24223153035.0,19321823025.0,3882992611275.0,3692668806975.0,2252206604565.0,2303750291595.0,5639655674.243026,6777878248.511568,84271484.8281924,179121103147.87772,365052928949.1554,-129465875728.09961,-63902849490.674805,0.0011154035935823055,0.0013405197394906355,1.6667102114616084e-05,2.362495924266246e-05,4.814821043569782e-05,-1.7075743637347042e-05,-8.42838832597416e-06
C:\Users\damba\.cache\kagglehub\datasets\salmaneunus\mechanical-tools-dataset\versions\20\Mechanical Tools Image dataset\Mechanical Tools Image dataset\pliers\000381.jpg,pliers,exito,4461225.0,484925850.0,435931935.0,67287464550.0,50279203485.0,43248874140.0,10726098067890.0,6431603756325.0,5700765635850.0,4561098333660.0,14577036360.831665,7681788659.958846,-4136017705.181481,243104173439.92822,17270371420.937176,24873740703.476562,-95838064853.5332,0.0007324213282937342,0.0003859704891123565,-0.00020781368081204343,5.783051987054874e-06,4.108339826083075e-07,5.917057431195136e-07,-2.2798313313352993e-06
C:\Users\damba\.cache\kagglehub\datasets\salmaneunus\mechanical-tools-dataset\versions\20\Mechanical Tools Image dataset\Mechanical Tools Image dataset\pliers\000382.jpg,pliers,exito,5058945.0,529271880.0,633023985.0,73768789860.0,93679485915.0,72264842445.0,11800595259780.0,15064006839375.0,10636064842275.0,11062066474965.0,18395837009.40874,14469420261.928026,6037240716.568125,233649074199.04913,-279180650577.0569,142158145533.69922,-249650489990.73828,0.0007187860457309814,0.000565367988897248,0.00023589491359205916,4.0589543774966785e-06,-4.84992944079351e-06,2.469572922935068e-06,-4.336931154834516e-06
C:\Users\damba\.cache\kagglehub\datasets\salmaneunus\mechanical-tools-dataset\versions\20\Mechanical Tools Image dataset\Mechanical Tools Image dataset\pliers\000383.jpg,pliers,exito,6337005.0,685338510.0,734371440.0,97318407570.0,127486932780.0,75967955760.0,15778866491040.0,24165618934380.0,10473286315710.0,13106627986620.0,23199975709.993557,42383415915.53901,-3453321085.474231,235920571028.43555,-431663656190.53217,-57630300443.34375,119473360851.01172,0.0005777226977980602,0.0010554261646952923,-8.599414063195381e-05,2.333757282870105e-06,-4.270073597200516e-06,-5.700865032131301e-07,1.1818461814481209e-06
C:\Users\damba\.cache\kagglehub\datasets\salmaneunus\mechanical-tools-dataset\versions\20\Mechanical Tools Image dataset\Mechanical Tools Image dataset\pliers\000384.jpg,pliers,exito,2149140.0,249341295.0,269363385.0,30388130955.0,37751326845.0,30858189285.0,3858850174665.0,5678365067775.0,3769156459365.0,4253824884825.0,1459777570.7267454,3990551288.890011,-393109021.0589689,-5477688919.135094,-53528616951.73824,51663325791.55664,-27509216409.728516,0.00031605107492708507,0.0008639795881899045,-8.511058887373336e-05,-8.089759233452386e-07,-7.90540736489349e-06,7.629930670088068e-06,-4.062715877826443e-06
C:\Users\damba\.cache\kagglehub\datasets\salmaneunus\mechanical-tools-dataset\versions\20\Mechanical Tools Image dataset\Mechanical Tools Image dataset\pliers\000385.jpg,pliers,exito,3434595.0,389402085.0,381118155.0,51149553165.0,49747677915.0,40280820255.0,7401954550485.0,7322606892555.0,5015251129185.0,4908958276095.0,7000538855.497066,7457088174.257924,-2928991728.175071,15409265763.659365,147435847412.838,3623161543.703125,-81227075337.92578,0.000593444902489927,0.0006321471897775879,-0.00024829448795299044,7.048441703751547e-07,6.743948683028045e-06,1.657291354159973e-07,-3.7154548053537033e-06
C:\Users\damba\.cache\kagglehub\datasets\salmaneunus\mechanical-tools-dataset\versions\20\Mechanical Tools Image dataset\Mechanical Tools Image dataset\pliers\000386.jpg,pliers,exito,2174385.0,180952335.0,285630090.0,20860712325.0,42577180170.0,20752165200.0,2994636792735.0,6806895286020.0,2138135994690.0,2726880980010.0,5801857733.033893,5056433699.890934,-3017972899.6282396,292946883527.28955,-114539064134.67657,-99843320171.42383,-23502428448.228516,0.0012271402141908942,0.0010694769535966437,-0.0006383258743808425,4.201919941887976e-05,-1.6429052663666557e-05,-1.432115040928674e-05,-3.371099961546684e-06
C:\Users\damba\.cache\kagglehub\datasets\salmaneunus\mechanical-tools-dataset\versions\20\Mechanical Tools Image dataset\Mechanical Tools Image dataset\pliers\000387.jpg,pliers,exito,5379990.0,491616540.0,722775060.0,66217053600.0,109508829450.0,69159797460.0,10319237461440.0,18037823813370.0,9787825784640.0,10594320254190.0,21293768909.587635,12407573247.29263,3113545664.8307853,376814377083.2181,-7938311241.045175,322868418080.6875,-249034128082.22266,0.0007356811013114995,0.00042867080928362105,0.00010757028093110434,5.612725380396102e-06,-1.1824273087716609e-07,4.809189550348826e-06,-3.7094130592666176e-06
C:\Users\damba\.cache\kagglehub\datasets\salmaneunus\mechanical-tools-dataset\versions\20\Mechanical Tools Image dataset\Mechanical Tools Image dataset\pliers\000388.jpg,pliers,exito,5682165.0,528728475.0,669642240.0,75452048175.0,101818446630.0,60793737315.0,12575502776055.0,17327605009980.0,8481705789915.0,8935023244965.0,26253582400.805546,22901215329.56828,-1516829229.756092,668829960442.6766,-69491860431.63686,-128022533976.72266,-181721194403.8125,0.0008131316982999916,0.0007093014518846876,-4.6979566780371854e-05,8.690226930143801e-06,-9.02920133166737e-07,-1.6634196107085395e-06,-2.3611358802477816e-06
C:\Users\damba\.cache\kagglehub\datasets\salmaneunus\mechanical-tools-dataset\versions\20\Mechanical Tools Image dataset\Mechanical Tools Image dataset\pliers\000389.jpg,pliers,exito,2727480.0,330758460.0,331602510.0,45637275540.0,45908920920.0,44465467665.0,6828370546050.0,6896209729620.0,6614172339465.0,6636016684455.0,5526565704.704561,5593235878.019823,4252400826.843679,-46411926914.003784,-45353735853.75642,34299997154.626953,34693280002.58789,0.0007429031302879121,0.0007518652024135693,0.0005716247764523692,-3.777684314982689e-06,-3.691553183690546e-06,2.7918375700080835e-06,2.8238487047503793e-06
C:\Users\damba\.cache\kagglehub\datasets\salmaneunus\mechanical-tools-dataset\versions\20\Mechanical Tools Image dataset\Mechanical Tools Image dataset\pliers\000390.jpg,pliers,exito,2121600.0,227735145.0,275685090.0,26034497085.0,39737427240.0,29812822395.0,3151469693655.0,6079863336090.0,3486861419505.0,4312379186895.0,1589127426.171272,3914336719.492791,220446855.08293042,15737086990.343225,-100974119903.21262,56558975596.07617,-10375609765.945312,0.0003530463367799783,0.0008696233020594443,4.8975276217595926e-05,2.4003002959495015e-06,-1.5401084713813076e-05,8.626661716057616e-06,-1.5825406066025632e-06
C:\Users\damba\.cache\kagglehub\datasets\salmaneunus\mechanical-tools-dataset\versions\20\Mechanical Tools Image dataset\Mechanical Tools Image dataset\pliers\000391.jpg,pliers,exito,5273400.0,421720020.0,496751220.0,48984881370.0,57842314530.0,42632527155.0,6655564024380.0,7499366397450.0,5083236767415.0,5078138989485.0,15259433789.918764,11048637856.224371,2906745982.810447,297555415664.47345,-30896616779.247025,3977555120.4179688,-95206720459.29688,0.000548727833103418,0.0003973079993043876,0.0001045263177185117,4.6595188383760335e-06,-4.838203586498359e-07,6.228585345314344e-08,-1.4908735790590428e-06
C:\Users\damba\.cache\kagglehub\datasets\salmaneunus\mechanical-tools-dataset\versions\20\Mechanical Tools Image dataset\Mechanical Tools Image dataset\pliers\000392.jpg,pliers,exito,3141090.0,359263890.0,321105690.0,57646651500.0,43486998750.0,33503765070.0,10664144702010.0,6783032960280.0,5216976005670.0,4246359749880.0,16555647212.338041,10661175818.98685,-3222874182.786167,283654903465.93463,157736908660.31985,61140555453.55469,-68557001584.19336,0.001677974679141412,0.0010805487000715252,-0.0003266499462940681,1.6221437777961552e-05,9.020536637501389e-06,3.4964589149750177e-06,-3.920584914461598e-06
C:\Users\damba\.cache\kagglehub\datasets\salmaneunus\mechanical-tools-dataset\versions\20\Mechanical Tools Image dataset\Mechanical Tools Image dataset\pliers\000393.jpg,pliers,exito,884340.0,102145605.0,85024905.0,12156100665.0,11121416745.0,9745511460.0,1491645021855.0,1636822886145.0,1136062215210.0,1262518201350.0,357782573.749999,2946693821.3970585,-75281856.25000083,4904524110.208428,933831408.3850716,-15295727105.967773,-7583995229.817383,0.00045748898861028455,0.0037678748910702597,-9.626131288491187e-05,6.668815475054729e-06,1.2697560879287563e-06,-2.0798018183696332e-05,-1.0312165587294475e-05
C:\Users\damba\.cache\kagglehub\datasets\salmaneunus\mechanical-tools-dataset\versions\20\Mechanical Tools Image dataset\Mechanical Tools Image dataset\pliers\000394.jpg,pliers,exito,2737425.0,307526430.0,300440235.0,42362491590.0,54797803995.0,33818354235.0,6495956637780.0,10895751420465.0,4684530239865.0,6161510447085.0,7814511225.772708,21823627604.10154,66447644.71495316,-18897023413.031013,91124180778.34387,20195785986.876953,-9142676346.253906,0.0010428392316445421,0.0029123427409380267,8.867376187341696e-06,-1.5241855083884164e-06,7.34984302926471e-06,1.6289403711319404e-06,-7.374248573580306e-07
C:\Users\damba\.cache\kagglehub\datasets\salmaneunus\mechanical-tools-dataset\versions\20\Mechanical Tools Image dataset\Mechanical Tools Image dataset\pliers\000395.jpg,pliers,exito,2082585.0,236542845.0,236105010.0,34604701815.0,46675999170.0,26896060485.0,5642686561215.0,9697363167330.0,3928528207095.0,5280145338285.0,7737842829.319215,19908507928.53802,78931395.83752036,-45512158989.35883,-108447485247.41525,-12576132915.154297,-39275397433.58984,0.001784080441073678,0.004590217246553957,1.8198865317706887e-05,-7.271442895504799e-06,-1.7326571923824885e-05,-2.009279154614569e-06,-6.2750002631907136e-06
C:\Users\damba\.cache\kagglehub\datasets\salmaneunus\mechanical-tools-dataset\versions\20\Mechanical Tools Image dataset\Mechanical Tools Image dataset\pliers\000396.jpg,pliers,exito,5952720.0,777261930.0,671789085.0,119124128220.0,102651860835.0,88030154715.0,19665990081150.0,17596120876215.0,13513869326685.0,13261688189505.0,17635042923.307926,26837682656.765976,312929520.46136945,-493658752702.58636,-46053493637.83327,-11501512929.84375,-212459551887.83594,0.0004976747547447058,0.0007573804720639087,8.831116716033359e-06,-5.710027556093341e-06,-5.326892641663064e-07,-1.3303512883471173e-07,-2.4574665985223004e-06
C:\Users\damba\.cache\kagglehub\datasets\salmaneunus\mechanical-tools-dataset\versions\20\Mechanical Tools Image dataset\Mechanical Tools Image dataset\Rope\000000.jpg,Rope,exito,2707590.0,322780530.0,239967240.0,41637898380.0,28226795580.0,24590633025.0,5717578342260.0,3723855647910.0,2727165570975.0,2663379963285.0,3158191132.1962676,6959071783.850064,-4016635028.818047,793998188.0525508,-11349729285.791327,-5429979611.375,10342245754.470703,0.00043079693711094727,0.0009492607268303591,-0.0005478940303096963,6.582066378720205e-08,-9.408670279564773e-07,-4.5013309570427007e-07,8.573489094216667e-07
C:\Users\damba\.cache\kagglehub\datasets\salmaneunus\mechanical-tools-dataset\versions\20\Mechanical Tools Image dataset\Mechanical Tools Image dataset\Rope\000001.jpg,Rope,exito,890715.0,99107535.0,99333465.0,14660598465.0,11096176845.0,11047839300.0,2443032250905.0,1241563241535.0,1632617631420.0,1233590154240.0,3633161525.2648144,18405314.36873685,-4736281.593187278,3280880890.3422213,876953.8041078941,-1293599573.75,3886457.046875,0.004579385179460581,2.3198809977864396e-05,-5.969802768956957e-06,4.381709173209514e-06,1.1711965951740875e-09,-1.727638798301226e-06,5.190473248725788e-09
C:\Users\damba\.cache\kagglehub\datasets\salmaneunus\mechanical-tools-dataset\versions\20\Mechanical Tools Image dataset\Mechanical Tools Image dataset\Rope\000002.jpg,Rope,exito,2938620.0,329798385.0,329269005.0,48063000525.0,47945737755.0,47639946345.0,7861288176675.0,7837835977125.0,7770996527175.0,7763279907915.0,11050057460.36142,11051522901.194462,10686415068.565168,-13048131036.765398,-11049984109.121653,-13058989457.345703,-12423446897.615234,0.0012796101499459218,0.0012797798497842107,0.0012374999168396883,-8.814338693418143e-07,-7.464540493979543e-07,-8.821673827959689e-07,-8.392348941524843e-07
C:\Users\damba\.cache\kagglehub\datasets\salmaneunus\mechanical-tools-dataset\versions\20\Mechanical Tools Image dataset\Mechanical Tools Image dataset\Rope\000003.jpg,Rope,exito,2150415.0,231224820.0,195117075.0,27699753930.0,24480834615.0,21196991535.0,3573779799210.0,3552329557485.0,2614169250855.0,2673956322885.0,2837149556.410531,6776962126.872997,216896741.29669225,-14787713338.392603,101260392323.84369,54198833530.35156,2278022286.823242,0.0006135326342366853,0.001465515773191408,4.69038471181168e-05,-2.180696975465109e-06,1.4932547461663117e-05,7.99252931462504e-06,3.3593268933745325e-07
C:\Users\damba\.cache\kagglehub\datasets\salmaneunus\mechanical-tools-dataset\versions\20\Mechanical Tools Image dataset\Mechanical Tools Image dataset\Rope\000004.jpg,Rope,exito,260865.0,28386600.0,28161945.0,3090147120.0,4361525865.0,3063735495.0,336519615840.0,761102946945.0,333456109335.0,473745000915.0,1196668.3870968956,1321274600.2346046,-768627.5806450408,-1990854.1380608436,4970937017.967917,23430409.168945312,-698094264.904541,1.7584992601973935e-05,0.019416075765708567,-1.1294950602068289e-05,-5.727959080683503e-08,0.0001430206426840946,6.741248512264875e-07,-2.0085124808429513e-05
C:\Users\damba\.cache\kagglehub\datasets\salmaneunus\mechanical-tools-dataset\versions\20\Mechanical Tools Image dataset\Mechanical Tools Image dataset\Rope\000005.jpg,Rope,exito,2936580.0,369272130.0,366614010.0,57717095250.0,56344861710.0,39491314755.0,9805205410620.0,9403357551840.0,5757334334265.0,5608417234635.0,11281477628.570683,10575350125.680788,-6610046815.446337,-289934257728.7853,-271488264673.84705,214122979125.59375,173552337506.32617,0.0013082246055555887,0.0012263405293419728,-0.000766515360181311,-1.9619816521309313e-05,-1.8371578378889542e-05,1.4489676371290027e-05,1.1744265908389776e-05
C:\Users\damba\.cache\kagglehub\datasets\salmaneunus\mechanical-tools-dataset\versions\20\Mechanical Tools Image dataset\Mechanical Tools Image dataset\Rope\000006.jpg,Rope,exito,1305090.0,143756250.0,146281260.0,15891753510.0,21818652720.0,16101060825.0,1763025331650.0,3655820636580.0,1778671696365.0,2401570125555.0,56937969.26143121,5422689968.62837,-11885701.963656701,-1944943.3494748033,-5333654529.934251,59923103.08300781,900145583.4707031,3.3428820223301076e-05,0.003183712563678801,-6.978208027520178e-06,-9.99552940588335e-10,-2.7410927269000856e-06,3.079591696692467e-08,4.6260636082727205e-07
C:\Users\damba\.cache\kagglehub\datasets\salmaneunus\mechanical-tools-dataset\versions\20\Mechanical Tools Image dataset\Mechanical Tools Image dataset\Rope\000007.jpg,Rope,exito,4167975.0,474796230.0,465469605.0,55956579840.0,69460547775.0,52786806165.0,6800332644780.0,11661876381015.0,6195903123285.0,7856168184165.0,1870012616.7769918,17478001531.59498,-237315532.84827584,-25570593.726402532,882571283.7271042,872185085.4726562,-3447068477.921875,0.00010764511498076905,0.0010061009576209548,-1.3660794366298971e-05,-7.209880203223502e-10,2.4884964715963323e-08,2.459211564885629e-08,-9.71934834366523e-08
C:\Users\damba\.cache\kagglehub\datasets\salmaneunus\mechanical-tools-dataset\versions\20\Mechanical Tools Image dataset\Mechanical Tools Image dataset\Rope\000008.jpg,Rope,exito,1503735.0,171041505.0,166056510.0,19672417935.0,22537591560.0,19100919585.0,2286205995795.0,3419892737850.0,2217593064705.0,2615766065445.0,217396649.5574014,4200075632.4063077,212913795.78344855,-877613242.4324092,3457261675.059364,-3255194914.96875,5216318837.384766,9.614135311212105e-05,0.0018574387199383694,9.415885877051526e-05,-3.1650086203569753e-07,1.2468206352566995e-06,-1.1739476421598967e-06,1.8812038479609404e-06
C:\Users\damba\.cache\kagglehub\datasets\salmaneunus\mechanical-tools-dataset\versions\20\Mechanical Tools Image dataset\Mechanical Tools Image dataset\Rope\000009.jpg,Rope,exito,4717755.0,528964605.0,515786715.0,78995235435.0,59100249165.0,58211416320.0,13259873604915.0,7053989876235.0,8727776264940.0,6713016258270.0,19686612299.036804,2709882270.0486445,380325904.2784124,-11846886262.06909,91163667.87627114,6032369988.683594,3410936976.2617188,0.0008845048556276287,0.00012175299587499466,1.708776014610108e-05,-2.450562368102997e-07,1.8857465910777836e-09,1.2478130166635094e-07,7.05562086871772e-08
C:\Users\damba\.cache\kagglehub\datasets\salmaneunus\mechanical-tools-dataset\versions\20\Mechanical Tools Image dataset\Mechanical Tools Image dataset\Rope\000010.jpg,Rope,exito,3430260.0,419172315.0,361872795.0,59184130395.0,44537652045.0,41533442985.0,9134498209785.0,6047683929075.0,5650871698095.0,4816900773525.0,7961940338.718774,6362143552.60816,-2686836881.736177,-43581258325.07954,6877119267.957052,63939099926.45508,-58637631191.03516,0.0006766511757805024,0.0005406913054122938,-0.00022834274784954762,-1.9997797567592216e-06,3.1556509438749005e-07,2.9339244118325158e-06,-2.690659984286519e-06
C:\Users\damba\.cache\kagglehub\datasets\salmaneunus\mechanical-tools-dataset\versions\20\Mechanical Tools Image dataset\Mechanical Tools Image dataset\Rope\000011.jpg,Rope,exito,3592950.0,408780300.0,416368080.0,59362586790.0,61555727040.0,59763576585.0,9617300779080.0,10165815562410.0,9631879421565.0,9811525161045.0,12854471267.07594,13305019948.92264,12392177413.616037,-61532847490.25571,-51251499931.00607,-67126210900.8125,-63976251327.19141,0.0009957535668741367,0.0010306546878676062,0.0009599426226538382,-2.5146588734281294e-06,-2.094491711900947e-06,-2.743242491875045e-06,-2.6145132989996372e-06
C:\Users\damba\.cache\kagglehub\datasets\salmaneunus\mechanical-tools-dataset\versions\20\Mechanical Tools Image dataset\Mechanical Tools Image dataset\Rope\000012.jpg,Rope,exito,2084370.0,235565940.0,232352685.0,34721984730.0,34173287715.0,34317892860.0,5746637352270.0,5646583104525.0,5683767299640.0,5650821165000.0,8099402324.724737,8272046463.826154,8058457801.181796,-8196777808.647819,-7077027067.418701,-8284857278.371094,-7901258371.089844,0.0018642465358659052,0.0019039841887634361,0.00185482229897566,-1.306790980287715e-06,-1.1282720301625946e-06,-1.3208332612022308e-06,-1.25967708449649e-06
C:\Users\damba\.cache\kagglehub\datasets\salmaneunus\mechanical-tools-dataset\versions\20\Mechanical Tools Image dataset\Mechanical Tools Image dataset\Rope\000013.jpg,Rope,exito,2426325.0,257158320.0,272049810.0,27878214660.0,36695388420.0,28685794050.0,3086604650310.0,5464466229660.0,3099969361470.0,3856718415720.0,622838094.5265387,6192014337.370468,-147883258.65370286,-142113872.81251654,-38525371026.23266,5493485118.236328,655764180.4042969,0.0001057979423544217,0.0010518020360024076,-2.5120082749790496e-05,-1.5497585539372344e-08,-4.201210065556055e-06,5.990671694764921e-07,7.151139630737663e-08
C:\Users\damba\.cache\kagglehub\datasets\salmaneunus\mechanical-tools-dataset\versions\20\Mechanical Tools Image dataset\Mechanical Tools Image dataset\Rope\000014.jpg,Rope,exito,1837530.0,209302980.0,207140835.0,24001748520.0,30820659405.0,23609466465.0,2770653297750.0,5157980540085.0,2709308900175.0,3509798479785.0,161192209.69192368,7470115182.866363,15188251.75270635,24513387.7319924,-546894815.4017683,182996054.5361328,-4238337753.7714844,4.7739203895185585e-05,0.0022123733679000907,4.498201548447333e-06,5.35571229553285e-09,-1.1948618931147444e-07,3.998118212090582e-08,-9.259967601650652e-07
C:\Users\damba\.cache\kagglehub\datasets\salmaneunus\mechanical-tools-dataset\versions\20\Mechanical Tools Image dataset\Mechanical Tools Image dataset\Rope\000015.jpg,Rope,exito,5365965.0,667067760.0,506103855.0,101130741720.0,57682490985.0,70856840310.0,16841159148330.0,7532189372445.0,11376937994580.0,8756226588420.0,18204484013.992306,9948092410.678139,7940745090.926676,-257034017789.8427,215170552644.248,-135751395785.42969,87550319237.32812,0.0006322410680771965,0.00034549688781200836,0.00027578178836364786,-3.853638887494099e-06,3.225991704302097e-06,-2.0352825759353914e-06,1.312617363750453e-06
C:\Users\damba\.cache\kagglehub\datasets\salmaneunus\mechanical-tools-dataset\versions\20\Mechanical Tools Image dataset\Mechanical Tools Image dataset\Rope\000016.jpg,Rope,exito,1773525.0,199968960.0,196554765.0,28846355310.0,22140493065.0,23214943470.0,4671862983030.0,2533310526675.0,3443510351820.0,2732293024530.0,6299402228.717471,356883787.31560236,1052948606.6096354,-1172635711.0986068,437390253.7704949,9105612863.455078,2511654685.350586,0.0020027406378638796,0.00011346245848429424,0.0003347592180137071,-2.7994313963545995e-07,1.0441810677226302e-07,2.1737815326402724e-06,5.99606929622179e-07
C:\Users\damba\.cache\kagglehub\datasets\salmaneunus\mechanical-tools-dataset\versions\20\Mechanical Tools Image dataset\Mechanical Tools Image dataset\Rope\000017.jpg,Rope,exito,2848350.0,313382505.0,352209060.0,35277434655.0,53261516460.0,38701666965.0,4057223770515.0,8894085240240.0,4356558358155.0,5863022057565.0,798317116.7497779,9709557625.557743,-49244091.048341885,247599110.30729905,-93144901834.59756,5208409647.753906,15236842160.941406,9.839855799293658e-05,0.0011967756284545041,-6.069702687269941e-06,1.8082800708201272e-08,-6.80261207227103e-06,3.8038357064415606e-07,1.112785824943653e-06
C:\Users\damba\.cache\kagglehub\datasets\salmaneunus\mechanical-tools-dataset\versions\20\Mechanical Tools Image dataset\Mechanical Tools Image dataset\Rope\000018.jpg,Rope,exito,2917965.0,329921040.0,351360165.0,46850084610.0,43085179185.0,39646282590.0,7438710881100.0,5375090141085.0,5622092596230.0,4853706375240.0,9547412153.448393,776938493.6869712,-80414286.54636346,-17380241503.54876,-20986762.515458953,-1070371364.5703125,1626802207.7714844,0.0011213095328468624,9.124865727015057e-05,-9.444371378578082e-06,-1.194966171299931e-06,-1.442929964233137e-09,-7.359262361967216e-08,1.1184963139240834e-07
C:\Users\damba\.cache\kagglehub\datasets\salmaneunus\mechanical-tools-dataset\versions\20\Mechanical Tools Image dataset\Mechanical Tools Image dataset\Rope\000019.jpg,Rope,exito,5742345.0,648427260.0,744459240.0,86326464780.0,110064700380.0,85776601395.0,12693832572900.0,17749703686620.0,11496184771935.0,12802886809515.0,13105870839.526628,13550199767.205471,1712048468.4721856,-14014284012.672009,-32896633772.87787,-82153373335.40625,-69563851928.76172,0.00039745441072204355,0.000410929325459089,5.1920335817132726e-05,-1.7735674565989168e-07,-4.163209411088915e-07,-1.0396860036927225e-06,-8.803602369194049e-07
C:\Users\damba\.cache\kagglehub\datasets\salmaneunus\mechanical-tools-dataset\versions\20\Mechanical Tools Image dataset\Mechanical Tools Image dataset\Rope\000020.jpg,Rope,exito,2467635.0,264692805.0,259894980.0,31219661985.0,30696085530.0,29273824305.0,3905542962015.0,3824458216290.0,3505100515335.0,3481365023535.0,2827180512.347834,3323560570.1901407,1395985296.549033,-49778056721.92409,-108583724975.3612,-82483529697.17578,-105329168640.67383,0.0004642925292175505,0.0005458103352091348,0.00022925509752718616,-5.203980188481125e-06,-1.1351739918653481e-05,-8.623130003205672e-06,-1.1011496690947298e-05
C:\Users\damba\.cache\kagglehub\datasets\salmaneunus\mechanical-tools-dataset\versions\20\Mechanical Tools Image dataset\Mechanical Tools Image dataset\Rope\000021.jpg,Rope,exito,1650360.0,186688815.0,184437930.0,21234953385.0,27501812220.0,20852961090.0,2428502241255.0,4609388575650.0,2370745123500.0,3112924003560.0,116704247.77889258,6889733629.4592085,-10667810.817368232,-48834.74080838663,-4049543816.7781763,21327446.0390625,4301863048.386719,4.2847874729340513e-05,0.002529560398117619,-3.9166785291732e-06,-1.3956681393669104e-11,-1.1573357799161206e-06,6.095258506148285e-09,1.2294471307037356e-06
C:\Users\damba\.cache\kagglehub\datasets\salmaneunus\mechanical-tools-dataset\versions\20\Mechanical Tools Image dataset\Mechanical Tools Image dataset\Rope\000022.jpg,Rope,exito,7055340.0,806711370.0,729167655.0,113746623450.0,93239548695.0,89852123085.0,17664086896530.0,13746141493905.0,12869752857495.0,11969625641235.0,21506811550.463364,17880250759.22384,6478701261.992566,-259964000611.15237,414018008853.6937,-367489093561.9297,-30578867581.085938,0.00043205609372975865,0.0003592011433127735,0.00013015236373511898,-1.966157676042275e-06,3.1312977343544816e-06,-2.779390609738174e-06,-2.3127384975569245e-07
C:\Users\damba\.cache\kagglehub\datasets\salmaneunus\mechanical-tools-dataset\versions\20\Mechanical Tools Image dataset\Mechanical Tools Image dataset\Rope\000023.jpg,Rope,exito,8127870.0,903334695.0,847495305.0,119246111805.0,112279257825.0,93163978170.0,17463611505255.0,16907184046935.0,12118120672770.0,12207023694780.0,18849135574.97381,23910682540.572105,-1026986111.6761272,20750545548.362907,213446789752.90314,-87425863077.91406,-57569280535.96094,0.0002853237614256781,0.000361941578360195,-1.5545728298777505e-05,1.101761639541467e-07,1.1333074809282529e-06,-4.641924330064164e-07,-3.056672643265856e-07
C:\Users\damba\.cache\kagglehub\datasets\salmaneunus\mechanical-tools-dataset\versions\20\Mechanical Tools Image dataset\Mechanical Tools Image dataset\Rope\000024.jpg,Rope,exito,7561515.0,1096495155.0,870632475.0,175553233515.0,124523628525.0,125167983180.0,30161127874455.0,19987296633375.0,19772195058180.0,17977119130470.0,16550490686.549067,24279047045.676655,-1082416458.5854867,-95816097107.37993,58675379732.157814,-127073459353.17969,169208742135.8828,0.0002894631195301718,0.0004246332528843437,-1.8931139303778916e-05,-6.094196194629615e-07,3.731933220797222e-07,-8.082259826975589e-07,1.07621924035052e-06
C:\Users\damba\.cache\kagglehub\datasets\salmaneunus\mechanical-tools-dataset\versions\20\Mechanical Tools Image dataset\Mechanical Tools Image dataset\Rope\000025.jpg,Rope,exito,4468365.0,495135030.0,515512845.0,62392276470.0,64758760365.0,56959331640.0,8587376031180.0,8671375393245.0,7192536318390.0,7134230203230.0,7526861954.153399,5284323214.052392,-164128053.7493567,5662648165.643624,-19106647140.190193,30746972299.828125,-3752149648.9179688,0.0003769785747656182,0.00026466230495101527,-8.220259672405077e-06,1.3416770010551096e-07,-4.527024862819613e-07,7.285020078952602e-07,-8.890138926542421e-08
C:\Users\damba\.cache\kagglehub\datasets\salmaneunus\mechanical-tools-dataset\versions\20\Mechanical Tools Image dataset\Mechanical Tools Image dataset\Rope\000026.jpg,Rope,exito,5749995.0,627115125.0,406785180.0,95239012365.0,49096227630.0,42479531235.0,16341380494635.0,7510865912130.0,6325391663775.0,4949204716995.0,26843582455.275623,20318083880.72154,-1885922822.5857017,98956235495.73578,1162719763978.6804,-950765160.3964844,-138565971068.66602,0.0008119056072537691,0.0006145366870794913,-5.7041243174465276e-05,1.2481721780171277e-06,1.4665821238636029e-05,-1.1992358188342984e-08,-1.747784654917356e-06
C:\Users\damba\.cache\kagglehub\datasets\salmaneunus\mechanical-tools-dataset\versions\20\Mechanical Tools Image dataset\Mechanical Tools Image dataset\Rope\000027.jpg,Rope,exito,8750580.0,977893635.0,740825235.0,154080741255.0,90070206735.0,83276538300.0,27180300499365.0,12969027402705.0,13778853317970.0,10175043211200.0,44799303753.31289,27351846487.701504,487936635.4384269,-51321191418.806435,712450321548.579,625302169432.793,26912068519.382812,0.0005850561990018628,0.00035720125093671176,6.372205131921346e-06,-2.2657116146434531e-07,3.145302990369703e-06,2.7605641037913704e-06,1.1881054303837157e-07
C:\Users\damba\.cache\kagglehub\datasets\salmaneunus\mechanical-tools-dataset\versions\20\Mechanical Tools Image dataset\Mechanical Tools Image dataset\Rope\000028.jpg,Rope,exito,5559255.0,625087110.0,639301320.0,80605103220.0,82845386850.0,72236998995.0,11380453205790.0,11682395578980.0,9336908229705.0,9400552148175.0,10319805084.16128,9327230594.576853,353443637.6751095,-3583916933.251854,10150497358.384428,-11973052288.125,4059738468.8242188,0.0003339168262313132,0.0003018001999329266,1.1436337874758867e-05,-4.9183162067530367e-08,1.3929830572007216e-07,-1.6430977115185417e-07,5.5713003058583335e-08
C:\Users\damba\.cache\kagglehub\datasets\salmaneunus\mechanical-tools-dataset\versions\20\Mechanical Tools Image dataset\Mechanical Tools Image dataset\Rope\000029.jpg,Rope,exito,6093480.0,675791310.0,677762970.0,89291769510.0,88231928310.0,80688765150.0,13089558004590.0,12653447688420.0,11245276605210.0,11119524581250.0,14343809613.271673,12846000481.694841,5522140271.311513,5171797157.157099,-18034068868.53367,88715212449.25,105822263605.17578,0.0003863080267897311,0.00034596897421392724,0.00014872249209810096,5.6425836747949454e-08,-1.9675702564416102e-07,9.67909208850856e-07,1.1545521970483466e-06
C:\Users\damba\.cache\kagglehub\datasets\salmaneunus\mechanical-tools-dataset\versions\20\Mechanical Tools Image dataset\Mechanical Tools Image dataset\Rope\000030.jpg,Rope,exito,7701765.0,839060415.0,827046090.0,108464548095.0,111038454600.0,93892806930.0,15545402540775.0,16747081726500.0,12490419446730.0,12950908623270.0,17054023362.036545,22226963339.972183,3791169772.864277,12986195103.80293,49692756261.72446,17016094187.222656,39723190842.26172,0.00028750561268904324,0.0003747137304561827,6.39135156095718e-05,7.888714988073204e-08,3.0186824392137456e-07,1.0336755006391267e-07,2.413061935898955e-07
C:\Users\damba\.cache\kagglehub\datasets\salmaneunus\mechanical-tools-dataset\versions\20\Mechanical Tools Image dataset\Mechanical Tools Image dataset\Rope\000031.jpg,Rope,exito,6484650.0,735987120.0,752009535.0,92296236120.0,109307348595.0,85959430275.0,12429778660710.0,17732554580385.0,10903874935575.0,12681014797725.0,8764042276.709398,22098580083.065483,608743364.0349979,-34931921724.820366,-69000515705.22858,62317695402.921875,133789841017.28516,0.00020841615652563903,0.0005255224678486866,1.4476419469110356e-05,-3.2621665245590664e-07,-6.443709976338735e-07,5.81962542549255e-07,1.2494152028932256e-06
C:\Users\damba\.cache\kagglehub\datasets\salmaneunus\mechanical-tools-dataset\versions\20\Mechanical Tools Image dataset\Mechanical Tools Image dataset\Rope\000032.jpg,Rope,exito,4103715.0,468551535.0,486211815.0,66712258755.0,64361241375.0,62986748790.0,10588163794035.0,9222347807415.0,9578200796760.0,9102735471750.0,13214259758.759705,6754431680.468526,7472344828.373511,-46408692281.33084,-3771686238.933767,-32273052127.07422,-16524302230.519531,0.0007846725431074779,0.00040108316172955384,0.0004437133767988067,-1.360367825089806e-06,-1.1055861205215462e-07,-9.46012903465913e-07,-4.843732495238037e-07
C:\Users\damba\.cache\kagglehub\datasets\salmaneunus\mechanical-tools-dataset\versions\20\Mechanical Tools Image dataset\Mechanical Tools Image dataset\Rope\000033.jpg,Rope,exito,5773455.0,652739820.0,634039395.0,85454308680.0,82364696805.0,74887809930.0,12316974959940.0,11816697064695.0,10306271306100.0,10130202326160.0,11656336302.345303,12734647828.78627,3204084922.1478724,19911973268.70691,-25605220748.3015,197200428037.30078,114405979261.16797,0.0003496958663570383,0.00038204574659905604,9.612413572063665e-05,2.4861357446025144e-07,-3.196973684714286e-07,2.4621720126801247e-06,1.4284309776793636e-06
C:\Users\damba\.cache\kagglehub\datasets\salmaneunus\mechanical-tools-dataset\versions\20\Mechanical Tools Image dataset\Mechanical Tools Image dataset\Rope\000034.jpg,Rope,exito,5407020.0,667731270.0,920240430.0,104267012730.0,163993887930.0,111571299030.0,17960848876380.0,30183173729880.0,17242857402690.0,19534133370450.0,21806609599.289764,7374816980.274496,-2072318161.9552786,-301383383453.5029,-237837371294.61856,9109912719.976562,-12638261026.765625,0.0007458855549559917,0.00025225239306389346,-7.08827374213063e-05,-4.4332718596036525e-06,-3.498526405936408e-06,1.3400446714126253e-07,-1.8590556095780798e-07
C:\Users\damba\.cache\kagglehub\datasets\salmaneunus\mechanical-tools-dataset\versions\20\Mechanical Tools Image dataset\Mechanical Tools Image dataset\Rope\000035.jpg,Rope,exito,8705955.0,967641105.0,944232615.0,137135585295.0,122113734705.0,105256030230.0,21785097824625.0,17552648248245.0,14844948791280.0,13643187621270.0,29585143317.569485,19703920821.314842,307372563.4212449,-33718242362.272186,34301276127.11762,-96863447180.30469,3933618199.6796875,0.0003903380079538002,0.0002599679548519861,4.055386611368917e-06,-1.5077310646835563e-07,1.5338017628407192e-07,-4.3313060857967763e-07,1.758940543976209e-08
C:\Users\damba\.cache\kagglehub\datasets\salmaneunus\mechanical-tools-dataset\versions\20\Mechanical Tools Image dataset\Mechanical Tools Image dataset\Rope\000036.jpg,Rope,exito,1652145.0,179655915.0,188524050.0,20024071095.0,27594113550.0,20468116620.0,2284491334485.0,4511419835460.0,2266775319900.0,2987577844230.0,488105550.5185975,6081887063.582341,-32178876.010187875,899450487.3656871,-25299401861.287548,-11146248419.228516,-5690140347.244141,0.00017882054967855948,0.002228137718649599,-1.1788934360746965e-05,2.5636389452529277e-07,-7.210906304932803e-06,-3.1769349110798203e-06,-1.62181972249233e-06
C:\Users\damba\.cache\kagglehub\datasets\salmaneunus\mechanical-tools-dataset\versions\20\Mechanical Tools Image dataset\Mechanical Tools Image dataset\Rope\000037.jpg,Rope,exito,9006855.0,1074164295.0,985280220.0,152662290495.0,136136787780.0,118162653525.0,24068260439535.0,21151711400220.0,16774258092165.0,16259804245335.0,24556649552.31278,28354758212.159897,657394153.8049513,4352010844.727222,55818435070.77281,-82617456529.35938,-119799021537.13281,0.00030270721339173016,0.000349526095834634,8.103627979638996e-06,1.787545236195949e-08,2.2926867892243676e-07,-3.3934299824783357e-07,-4.920625841479493e-07
C:\Users\damba\.cache\kagglehub\datasets\salmaneunus\mechanical-tools-dataset\versions\20\Mechanical Tools Image dataset\Mechanical Tools Image dataset\Rope\000038.jpg,Rope,exito,7519950.0,861824265.0,798853545.0,120603713445.0,110225704065.0,93426862515.0,18669682114575.0,17500064233635.0,13281834159525.0,13061860681065.0,21834298257.02798,25362508650.26094,1874210002.3809807,-156754602466.41443,402070984590.207,40365354384.31641,31238802079.214844,0.000386108473319988,0.0004484998500634291,3.314273507587747e-05,-1.0108411625028804e-06,2.59277810716226e-06,2.602983332462306e-07,2.014452303926233e-07
C:\Users\damba\.cache\kagglehub\datasets\salmaneunus\mechanical-tools-dataset\versions\20\Mechanical Tools Image dataset\Mechanical Tools Image dataset\Rope\000039.jpg,Rope,exito,4582860.0,488420880.0,509773815.0,61551701100.0,64431377595.0,56176787385.0,8735664375780.0,8851912316415.0,7415823679185.0,7261407748845.0,9497971328.640106,7726755926.510404,1847356565.9792995,151253975755.2755,-34072604523.19467,175362367090.48438,-16383445555.726562,0.0004522282343586891,0.00036789510823535354,8.795844598357657e-05,3.3640723166165477e-06,-7.578161503467462e-07,3.9002722510907045e-06,-3.643877482862913e-07
C:\Users\damba\.cache\kagglehub\datasets\salmaneunus\mechanical-tools-dataset\versions\20\Mechanical Tools Image dataset\Mechanical Tools Image dataset\Rope\000040.jpg,Rope,exito,2888130.0,321609315.0,440266170.0,44059378125.0,75037997280.0,49422636810.0,6782118337245.0,13784197336140.0,6987745985670.0,8443799433780.0,8246394812.34814,7923878301.121316,396553721.1592838,39298176190.99245,-70415430355.13431,183023067753.90625,-32999491552.566406,0.0009886228594331165,0.0009499578181879392,4.75410264306398e-05,2.7722382482451785e-06,-4.967364092125265e-06,1.2911122039674841e-05,-2.327905809421176e-06
C:\Users\damba\.cache\kagglehub\datasets\salmaneunus\mechanical-tools-dataset\versions\20\Mechanical Tools Image dataset\Mechanical Tools Image dataset\Rope\000041.jpg,Rope,exito,2649705.0,296045055.0,279071235.0,43902632175.0,30193921935.0,31148770965.0,7313636144025.0,3384182249955.0,4604828175285.0,3367260426495.0,10826242693.924547,801686118.3995754,-31175147.67780108,-10676707566.074038,35239573626.01545,-12102118544.001953,334256983.5722656,0.0015419940857936134,0.00011418506754228868,-4.440311814724851e-06,-9.34207897732985e-07,3.0834494426704753e-06,-1.058930822366315e-06,2.9247360386441603e-08
C:\Users\damba\.cache\kagglehub\datasets\salmaneunus\mechanical-tools-dataset\versions\20\Mechanical Tools Image dataset\Mechanical Tools Image dataset\Rope\000042.jpg,Rope,exito,2532915.0,290310360.0,291902070.0,35080116420.0,36187851720.0,32971899075.0,4438425076170.0,4769860154700.0,3930189051165.0,4027139816565.0,1806159290.2386014,2548026273.7118716,-484492089.50618875,3686944702.8421354,12157226120.547586,-1507216967.0136719,-8866039458.142578,0.0002815236065280267,0.0003971574101909764,-7.551712692741696e-05,3.610896865684966e-07,1.190646815512825e-06,-1.476128735508702e-07,-8.683166326245016e-07
C:\Users\damba\.cache\kagglehub\datasets\salmaneunus\mechanical-tools-dataset\versions\20\Mechanical Tools Image dataset\Mechanical Tools Image dataset\Rope\000043.jpg,Rope,exito,1523115.0,165115050.0,174632160.0,18147282060.0,23707781460.0,18811118460.0,2020808882580.0,3563149580040.0,2057755311870.0,2544249329760.0,247793356.58463195,3685398838.6840787,-120083602.8829722,-192952229.11275947,-152865599.06056213,3121325546.8095703,1716032370.8330078,0.00010681303817839139,0.0015886166291327268,-5.1762866592256305e-05,-6.739350787170822e-08,-5.339222563519029e-08,1.0902028899917195e-06,5.993682561928631e-07
C:\Users\damba\.cache\kagglehub\datasets\salmaneunus\mechanical-tools-dataset\versions\20\Mechanical Tools Image dataset\Mechanical Tools Image dataset\Rope\000044.jpg,Rope,exito,6049365.0,662504280.0,687479490.0,87654436950.0,88581438960.0,77242572495.0,12969874635360.0,12351392924490.0,10429708807005.0,10034061311985.0,15099396707.21115,10452899985.96552,1952338803.1633902,63020853474.50781,-91273567353.7055,40602969146.84375,-110799877407.71875,0.0004126102542647366,0.00028563881091708197,5.3350145413388744e-05,7.001801705977236e-07,-1.0140761103248364e-06,4.5111089895840533e-07,-1.231019143479622e-06
C:\Users\damba\.cache\kagglehub\datasets\salmaneunus\mechanical-tools-dataset\versions\20\Mechanical Tools Image dataset\Mechanical Tools Image dataset\Rope\000045.jpg,Rope,exito,3662565.0,371976405.0,468181530.0,44862651585.0,72852254070.0,47180334855.0,6019998685665.0,12373151652720.0,5710046642115.0,7269648235515.0,7084087688.734946,13005140084.81724,-368987113.8386798,24726302054.98355,-264333972788.20392,50254704298.70117,-35017664500.60547,0.0005280964481604572,0.000969492274572286,-2.7506828373264068e-05,9.631541893329152e-07,-1.0296500168437369e-05,1.9575522806179315e-06,-1.3640296955611668e-06
C:\Users\damba\.cache\kagglehub\datasets\salmaneunus\mechanical-tools-dataset\versions\20\Mechanical Tools Image dataset\Mechanical Tools Image dataset\Rope\000046.jpg,Rope,exito,9896805.0,1148905815.0,1047108030.0,173630034735.0,156877858950.0,126378224400.0,29357683823535.0,26630180222010.0,19155330003960.0,19487695205190.0,40255216120.22339,46091072053.57425,4820963789.106439,-145116356412.59586,278976055315.32086,-334502349270.6719,255829549129.28125,0.00041099083375117457,0.0004705727594458837,4.922025312823191e-05,-4.709543713330157e-07,9.053768713323865e-07,-1.0855795136027293e-06,8.302581973325488e-07
C:\Users\damba\.cache\kagglehub\datasets\salmaneunus\mechanical-tools-dataset\versions\20\Mechanical Tools Image dataset\Mechanical Tools Image dataset\Rope\000047.jpg,Rope,exito,7839210.0,867655095.0,848158815.0,124671181215.0,122685996015.0,94168938525.0,20170077581535.0,19963223630715.0,13318301165355.0,13628362356045.0,28637861036.122414,30919941085.7145,293494799.94194365,31931307018.792755,-1447577153.643658,-235394403588.28516,-14210037221.578125,0.0004660107981414615,0.0005031460417265777,4.775906475654604e-06,1.8558204192544198e-07,-8.413195359015596e-09,-1.3680922628699579e-06,-8.258752834216763e-08
C:\Users\damba\.cache\kagglehub\datasets\salmaneunus\mechanical-tools-dataset\versions\20\Mechanical Tools Image dataset\Mechanical Tools Image dataset\Rope\000048.jpg,Rope,exito,7043610.0,789689100.0,786349110.0,102362516670.0,105670833120.0,88322295465.0,14571286610160.0,15784844835990.0,11467181999115.0,11895003841185.0,13827110158.451231,17882763820.621964,161349449.85989127,-5443222429.215408,-5120310609.980958,3244375580.28125,11770797990.441406,0.0002787024715543205,0.0003604491768645732,3.252197309818678e-06,-4.133974830023431e-08,-3.888732356398354e-08,2.464012294636028e-08,8.939591070282442e-08
C:\Users\damba\.cache\kagglehub\datasets\salmaneunus\mechanical-tools-dataset\versions\20\Mechanical Tools Image dataset\Mechanical Tools Image dataset\Rope\000049.jpg,Rope,exito,200175.0,22186275.0,21377925.0,2459795025.0,3152525985.0,2367717330.0,272807352015.0,524469211785.0,262358671170.0,349731936450.0,792660.1910829692,869445294.0764333,-1692051.6878979285,1750804.8403434646,2084615084.0184402,37038040.49194336,685035789.5986328,1.978187135670474e-05,0.02169814398729158,-4.22273619836528e-05,9.765919625199332e-08,0.00011627899861190964,2.0659671379948808e-06,3.8211023338802256e-05
C:\Users\damba\.cache\kagglehub\datasets\salmaneunus\mechanical-tools-dataset\versions\20\Mechanical Tools Image dataset\Mechanical Tools Image dataset\Rope\000050.jpg,Rope,exito,3112785.0,357901170.0,353374155.0,51066198510.0,42374379945.0,43892052990.0,8114274311370.0,5324307435765.0,6526459848960.0,5608552685280.0,9915509500.842957,2258119611.5802402,3261870204.4040275,-37331757528.71255,1121630778.304287,-20837530275.05664,-4157930693.1367188,0.0010233325421591434,0.00023304977746442315,0.00033664209874259744,-2.183763606022997e-06,6.56110677664262e-08,-1.2189150274822424e-06,-2.43222883815593e-07
C:\Users\damba\.cache\kagglehub\datasets\salmaneunus\mechanical-tools-dataset\versions\20\Mechanical Tools Image dataset\Mechanical Tools Image dataset\Rope\000051.jpg,Rope,exito,5144625.0,576392310.0,568404180.0,81574304670.0,78390802560.0,76782505065.0,12967562584530.0,12072907020060.0,11916206900955.0,11629095140595.0,16996595891.005201,15590635037.299627,13099768553.814867,19638053414.30432,-33169534940.574696,-31872399172.597656,-48292847130.86719,0.0006421766365222084,0.0005890556928988826,0.0004949441266389199,3.271252950638459e-07,-5.525289943789689e-07,-5.309216633525507e-07,-8.044489712840396e-07
C:\Users\damba\.cache\kagglehub\datasets\salmaneunus\mechanical-tools-dataset\versions\20\Mechanical Tools Image dataset\Mechanical Tools Image dataset\Rope\000052.jpg,Rope,exito,4782780.0,559469235.0,514008090.0,78076682085.0,69856013760.0,62094398475.0,11973001279215.0,10657009721430.0,8823960583725.0,8679680307705.0,12632353700.360682,14615271642.351248,1967921217.8166962,-115434341786.5043,8121014187.857114,-27382983947.445312,85234100407.66797,0.0005522344150518321,0.0006389194110363632,8.602940104171268e-05,-2.3074591415446433e-06,1.6233391325644005e-07,-5.473684490631368e-07,1.7037755066057914e-06
C:\Users\damba\.cache\kagglehub\datasets\salmaneunus\mechanical-tools-dataset\versions\20\Mechanical Tools Image dataset\Mechanical Tools Image dataset\Rope\000053.jpg,Rope,exito,1252815.0,143561940.0,122169990.0,21003490650.0,15154734660.0,17025134415.0,3468370455330.0,2206677752220.0,2714924844735.0,2346732995715.0,4552513756.712803,3241158867.404845,3025492988.148789,18190438275.114,96710618442.56635,-26651148804.083984,20059062062.18164,0.0029005301066458234,0.0020650303058321767,0.0019276237192323998,1.0354420584314144e-05,5.504993355181732e-05,-1.5170453817495888e-05,1.1418084708978066e-05
C:\Users\damba\.cache\kagglehub\datasets\salmaneunus\mechanical-tools-dataset\versions\20\Mechanical Tools Image dataset\Mechanical Tools Image dataset\Rope\000054.jpg,Rope,exito,2776440.0,310589745.0,312549675.0,35593085385.0,44185247655.0,35011895250.0,4171545291975.0,7002394281915.0,4016855815740.0,4955054003640.0,848596147.283707,9000875097.838448,48156124.3272412,24266677.8444513,1873482814.4390452,-706554085.7382812,1376933743.3789062,0.00011008406812965066,0.001167637810598799,6.247049421881968e-06,1.8892507054934835e-09,1.4585757274221213e-07,-5.500785123974327e-08,1.0719938933425941e-07
C:\Users\damba\.cache\kagglehub\datasets\salmaneunus\mechanical-tools-dataset\versions\20\Mechanical Tools Image dataset\Mechanical Tools Image dataset\Rope\000055.jpg,Rope,exito,3047250.0,328050870.0,346664595.0,40785885750.0,41348698545.0,37311655590.0,5581063467510.0,5132608097205.0,4651432201470.0,4444483414620.0,5469658559.0058565,1911060862.9870274,-8427103.558997141,12600820277.991596,-6164276264.525261,13317990974.701172,-4982094993.7109375,0.0005890389931209971,0.00020580614939361467,-9.075324431622776e-07,7.773714796185576e-07,-3.8028735072914856e-07,8.2161526957356e-07,-3.073560666225592e-07
C:\Users\damba\.cache\kagglehub\datasets\salmaneunus\mechanical-tools-dataset\versions\20\Mechanical Tools Image dataset\Mechanical Tools Image dataset\Rope\000056.jpg,Rope,exito,603330.0,68195670.0,73117425.0,7715123430.0,11396135385.0,8292513300.0,873601978560.0,1961929806645.0,941400808890.0,1294083993960.0,6822157.480980603,2535051337.081573,27895617.223161504,2962031.6158028273,-33609825601.045864,100559653.32714844,-806695034.5292969,1.8741825884755738e-05,0.006964291120654526,7.663481858954946e-05,1.0476166398066023e-08,-0.00011887183233562559,3.5566118051089945e-07,-2.853133426778754e-06
C:\Users\damba\.cache\kagglehub\datasets\salmaneunus\mechanical-tools-dataset\versions\20\Mechanical Tools Image dataset\Mechanical Tools Image dataset\Rope\000057.jpg,Rope,exito,4155735.0,476846175.0,434851245.0,69434456685.0,52783515645.0,50879687685.0,11182433372715.0,6997645585215.0,7389203146455.0,6256878474405.0,14719159724.984356,7281190477.95975,983062209.0642475,-162636780119.8434,-49350188709.73579,-101938334830.3789,-5452783343.384766,0.000852289869012563,0.0004216059200840306,5.692267609355389e-05,-4.619544474355037e-06,-1.4017456038815347e-06,-2.8954623366475184e-06,-1.5488117229833738e-07
C:\Users\damba\.cache\kagglehub\datasets\salmaneunus\mechanical-tools-dataset\versions\20\Mechanical Tools Image dataset\Mechanical Tools Image dataset\Rope\000058.jpg,Rope,exito,4212345.0,476694195.0,540685680.0,63229127565.0,73840850310.0,62042546010.0,9240732505185.0,10519291173750.0,8273775190080.0,8498753246010.0,9283556737.658453,4439838627.181419,855315387.715358,-15820145830.012278,-98501218871.27644,-35736873562.68359,-77091861806.10156,0.0005231985464760553,0.0002502184434233836,4.820348281128184e-05,-4.344108346642271e-07,-2.7047789043852137e-06,-9.81311123137939e-07,-2.116891992833282e-06
C:\Users\damba\.cache\kagglehub\datasets\salmaneunus\mechanical-tools-dataset\versions\20\Mechanical Tools Image dataset\Mechanical Tools Image dataset\Rope\000059.jpg,Rope,exito,7465635.0,853247085.0,749771655.0,135463627305.0,108666148035.0,89538763275.0,24091242240075.0,18065310189675.0,15044056548705.0,13383937153515.0,37946056721.788086,33366788417.038624,3847394885.790549,-64595768579.098915,449964408420.9317,560044809708.5977,191702425865.22266,0.0006808213168347326,0.0005986609094902466,6.90292662484511e-05,-4.2416730227577865e-07,2.9546856309374326e-06,3.6775272020606003e-06,1.2588115693584993e-06
C:\Users\damba\.cache\kagglehub\datasets\salmaneunus\mechanical-tools-dataset\versions\20\Mechanical Tools Image dataset\Mechanical Tools Image dataset\Rope\000060.jpg,Rope,exito,1450695.0,150942915.0,166258980.0,21937877205.0,19740710250.0,18800731545.0,3648768887745.0,2417467965660.0,2854691741625.0,2389991778645.0,6232464565.749692,686361520.1564422,1501702399.5719805,69201940446.16202,-2267322009.333811,27969541040.91504,-8212783815.170898,0.002961471718922866,0.00032613747089241696,0.0007135618886645165,2.7300964288713016e-05,-8.944847038789709e-07,1.1034306786870801e-05,-3.240038013433136e-06
C:\Users\damba\.cache\kagglehub\datasets\salmaneunus\mechanical-tools-dataset\versions\20\Mechanical Tools Image dataset\Mechanical Tools Image dataset\Rope\000061.jpg,Rope,exito,4473210.0,455128335.0,516468075.0,58247402685.0,68502547455.0,46292136450.0,8568821544975.0,10131418807485.0,5458539746610.0,5337073882500.0,11940209121.569662,8872153958.113956,-6256090674.459867,212697330774.86044,173525623757.54416,6464911330.662109,-188110079604.43164,0.000596723798794071,0.00044339469765296985,-0.0003126543392041606,5.025899754886207e-06,4.100297764585755e-06,1.5276165504177598e-07,-4.444918981970041e-06
C:\Users\damba\.cache\kagglehub\datasets\salmaneunus\mechanical-tools-dataset\versions\20\Mechanical Tools Image dataset\Mechanical Tools Image dataset\Rope\000062.jpg,Rope,exito,6428550.0,707871840.0,913656330.0,105235662870.0,149800839870.0,99161970105.0,17875406575140.0,26521721058240.0,14691204952455.0,16036775096265.0,27289229869.558903,19947624238.314945,-1444167740.1979403,277671933688.6899,-438795993682.69495,52653774992.53125,-47855210335.234375,0.0006603363842640574,0.00048268647107848467,-3.4945526436306025e-05,2.6500216340184716e-06,-4.187743646729026e-06,5.025125909894296e-07,-4.567164603357281e-07
C:\Users\damba\.cache\kagglehub\datasets\salmaneunus\mechanical-tools-dataset\versions\20\Mechanical Tools Image dataset\Mechanical Tools Image dataset\Rope\000063.jpg,Rope,exito,6434670.0,760233285.0,625084560.0,109491954315.0,76428709650.0,63528452175.0,17725140099405.0,10652530872870.0,7973826351555.0,7084867693635.0,19673106165.539158,15705983053.2369,-10323056674.96116,140442148659.19003,176540440518.67572,-223310022499.625,60718463529.28125,0.000475138669589691,0.00037932596051278906,-0.0002493192164657646,1.337155045290273e-06,1.6808482566737457e-06,-2.126143227656455e-06,5.781028033647866e-07
C:\Users\damba\.cache\kagglehub\datasets\salmaneunus\mechanical-tools-dataset\versions\20\Mechanical Tools Image dataset\Mechanical Tools Image dataset\Rope\000064.jpg,Rope,exito,7909590.0,852095505.0,865907325.0,113064779205.0,112763482935.0,93050908110.0,16770144772335.0,16301325515895.0,12302591385570.0,12091330586460.0,21269028775.305794,17967735558.88372,-232781610.8419277,7142168571.037483,22414278507.254097,-25091362161.17578,-5645657966.203125,0.00033996931067268845,0.0002872006398051914,-3.7208376842806905e-06,4.0592440811730254e-08,1.273913188401801e-07,-1.4260649595186804e-07,-3.208703834934604e-08
C:\Users\damba\.cache\kagglehub\datasets\salmaneunus\mechanical-tools-dataset\versions\20\Mechanical Tools Image dataset\Mechanical Tools Image dataset\Rope\000065.jpg,Rope,exito,10170675.0,1118517720.0,1144178880.0,167327177550.0,174437247180.0,133333477665.0,28318056459000.0,29827422293010.0,20439501361755.0,20923986315735.0,44318440179.6683,45719604600.91312,7502659933.654381,168466146193.90616,-83102434338.6581,-34649937797.203125,52222929463.28906,0.0004284349711398492,0.0004419802998099139,7.25296711507904e-05,5.106674762333965e-07,-2.5190645937687604e-07,-1.0503354345255363e-07,1.5830214077454322e-07
C:\Users\damba\.cache\kagglehub\datasets\salmaneunus\mechanical-tools-dataset\versions\20\Mechanical Tools Image dataset\Mechanical Tools Image dataset\Rope\000066.jpg,Rope,exito,3336675.0,369544980.0,377792700.0,53460914730.0,44743576020.0,45005591070.0,8679447702570.0,5510559294240.0,6747362140440.0,5667768999990.0,12532897394.4188,1968261021.2991953,3164118416.641192,-17578917824.449802,-1210861179.3367014,-6580474380.763672,-4202524034.5390625,0.0011257026004456495,0.00017678885259357567,0.00028420054977208546,-8.643852898672644e-07,-5.9540103773295333e-08,-3.235731182023739e-07,-2.066452549608462e-07
C:\Users\damba\.cache\kagglehub\datasets\salmaneunus\mechanical-tools-dataset\versions\20\Mechanical Tools Image dataset\Mechanical Tools Image dataset\Rope\000067.jpg,Rope,exito,1190340.0,128564370.0,138419100.0,14807767380.0,17224245300.0,14881038825.0,1801959337530.0,2264368038300.0,1707687479475.0,1843507673025.0,921989170.8354753,1128132219.0231376,-69113557.90488462,3463783228.8582506,-929797176.9234715,690527605.8212891,-747726906.09375,0.0006507044315994582,0.0007961922521099539,-4.8777686153907466e-05,2.2406454215090783e-06,-6.014654063939115e-07,4.4668716723335533e-07,-4.836881403893049e-07
C:\Users\damba\.cache\kagglehub\datasets\salmaneunus\mechanical-tools-dataset\versions\20\Mechanical Tools Image dataset\Mechanical Tools Image dataset\Rope\000068.jpg,Rope,exito,5078070.0,607078500.0,582063510.0,93720972630.0,84758583000.0,83564161980.0,16213543529730.0,13783894458870.0,13702736572770.0,13316112176760.0,21145308024.697197,18040729627.848743,13979015939.17445,-46514176860.048935,-67151143868.756874,-382196944352.0508,-21329724901.289062,0.0008200052812410226,0.0006996111645665754,0.0005420997832373564,-8.004581517767216e-07,-1.1555978013457059e-06,-6.577191736859884e-06,-3.670612558352343e-07
C:\Users\damba\.cache\kagglehub\datasets\salmaneunus\mechanical-tools-dataset\versions\20\Mechanical Tools Image dataset\Mechanical Tools Image dataset\Rope\000069.jpg,Rope,exito,5720415.0,639130215.0,632557080.0,95461355535.0,74764339440.0,70995430515.0,16039624994625.0,9332425607400.0,10630441938765.0,8426273952135.0,24052649746.00633,4816886421.621719,321127594.63981336,-782404881.056658,-223066411.35831276,2674371679.2890625,1988055435.9375,0.0007350347195639264,0.00014720119394229648,9.81346895094189e-06,-9.99683926219652e-09,-2.8501343909465943e-09,3.417062502104623e-08,2.5401516680931877e-08
C:\Users\damba\.cache\kagglehub\datasets\salmaneunus\mechanical-tools-dataset\versions\20\Mechanical Tools Image dataset\Mechanical Tools Image dataset\Rope\000070.jpg,Rope,exito,8696520.0,974767590.0,975276315.0,138746924940.0,130317391215.0,107966402280.0,22125735350550.0,19275126363945.0,15214435833750.0,14331179742870.0,29488065704.994728,20944459214.616028,-1349478458.114876,-36465981214.13322,-37050816073.62838,-42900887641.74219,26959133462.054688,0.00038990184065772204,0.00027693519409027095,-1.7843290909983713e-05,-1.6350240820965304e-07,-1.661246304767822e-07,-1.9235457843756037e-07,1.2087658408004136e-07
C:\Users\damba\.cache\kagglehub\datasets\salmaneunus\mechanical-tools-dataset\versions\20\Mechanical Tools Image dataset\Mechanical Tools Image dataset\Rope\000071.jpg,Rope,exito,7973085.0,837406995.0,972658740.0,125910177255.0,147023755740.0,105962067855.0,21645343840425.0,24531346580700.0,16205173514535.0,16465009524765.0,37957963616.87499,28366419903.446453,3804467299.645809,447703068693.591,-325485309506.9226,45881418693.890625,94982336049.875,0.0005971041876828132,0.00044622278172970725,5.984681842918787e-05,2.4941587137506247e-06,-1.8132822347485764e-06,2.556058875551913e-07,5.291476375233904e-07
C:\Users\damba\.cache\kagglehub\datasets\salmaneunus\mechanical-tools-dataset\versions\20\Mechanical Tools Image dataset\Mechanical Tools Image dataset\Rope\000072.jpg,Rope,exito,9440865.0,1033654740.0,1015984260.0,154483442100.0,155875949160.0,110003227020.0,26028591351810.0,27091265102010.0,16352911450050.0,16705134161220.0,41311384081.537964,46540203275.72482,-1234138000.5137353,68474548755.92808,299679921012.92584,-1670509985.5546875,-95676372015.39844,0.00046349619234013864,0.0005221613240180608,-1.384650446306453e-05,2.500343693745237e-07,1.0942792822448066e-06,-6.099856346053695e-09,-3.4936165006624354e-07
C:\Users\damba\.cache\kagglehub\datasets\salmaneunus\mechanical-tools-dataset\versions\20\Mechanical Tools Image dataset\Mechanical Tools Image dataset\Rope\000073.jpg,Rope,exito,2282760.0,273751425.0,234847605.0,38545300455.0,27417512025.0,29802275850.0,5967069112395.0,3599130658125.0,4387261239690.0,3659861560890.0,5716688297.116285,3256672701.4460435,1639058285.916554,-26436145206.41798,108364829681.83588,28651233067.49414,34670646118.32031,0.0010970438951653809,0.0006249619919762537,0.0003145385567535715,-3.3577433200124273e-06,1.3763779860769307e-05,3.639089046126968e-06,4.403634852786419e-06
C:\Users\damba\.cache\kagglehub\datasets\salmaneunus\mechanical-tools-dataset\versions\20\Mechanical Tools Image dataset\Mechanical Tools Image dataset\Rope\000074.jpg,Rope,exito,5922375.0,666452955.0,761928015.0,89746905495.0,109749812355.0,87155234670.0,13312907910255.0,17229234263565.0,11772844543080.0,12802242606840.0,14750043386.769423,11725911463.577179,1414433539.7044065,-106119147678.66272,92518407968.91977,-91650423985.10156,88005525736.88672,0.0004205343655363713,0.0003343141852785506,4.032651942885128e-05,-1.2432371967780818e-06,1.0838979457500695e-06,-1.0737290931113537e-06,1.0310273453139288e-06
C:\Users\damba\.cache\kagglehub\datasets\salmaneunus\mechanical-tools-dataset\versions\20\Mechanical Tools Image dataset\Mechanical Tools Image dataset\Rope\000075.jpg,Rope,exito,6518565.0,687383100.0,639181470.0,95166012750.0,86749760700.0,70186763295.0,14848856051220.0,13604432250540.0,9530734347315.0,9726646020675.0,22681420486.885345,24074470725.694176,2785036026.627745,30079355414.7057,376865946880.13635,-388185739970.1367,32701682123.503906,0.0005337848569634646,0.0005665689201527805,6.554307557461675e-05,2.772608332967572e-07,3.473816677004758e-06,-3.5781585161701666e-06,3.014325111280671e-07
C:\Users\damba\.cache\kagglehub\datasets\salmaneunus\mechanical-tools-dataset\versions\20\Mechanical Tools Image dataset\Mechanical Tools Image dataset\Rope\000076.jpg,Rope,exito,7226700.0,794764110.0,794081475.0,106550229180.0,101225776905.0,87761774865.0,15920308220790.0,14220173110995.0,11763753118605.0,11231402556285.0,19145190843.817215,13970821124.605679,431810047.6058518,-8693839358.03616,27048348112.992466,-39135807902.46094,4092828469.2304688,0.0003665891839622694,0.0002675111445549259,8.268232699788345e-06,-6.192436264449103e-08,1.926596119969869e-07,-2.787560088394089e-07,2.9152343853242674e-08
C:\Users\damba\.cache\kagglehub\datasets\salmaneunus\mechanical-tools-dataset\versions\20\Mechanical Tools Image dataset\Mechanical Tools Image dataset\Rope\000077.jpg,Rope,exito,3005175.0,331067520.0,347294445.0,37433001420.0,49227505965.0,38080177140.0,4334523499350.0,7770228256545.0,4289878909230.0,5379587119890.0,960681904.8468409,9092262084.740776,-179794614.03309116,-981786621.3382218,-20274323796.592117,3531146158.4570312,-2044556877.0878906,0.0001063751231644779,0.0010067749733062884,-1.9908435992795133e-05,-6.271085059781855e-08,-1.295006534970786e-06,2.2554919202323717e-07,-1.3059446734264604e-07
C:\Users\damba\.cache\kagglehub\datasets\salmaneunus\mechanical-tools-dataset\versions\20\Mechanical Tools Image dataset\Mechanical Tools Image dataset\Rope\000078.jpg,Rope,exito,3263490.0,293713590.0,287781525.0,39423272850.0,33735300735.0,24837196860.0,6410284616730.0,4811208479415.0,3236021678460.0,2542089261480.0,12989095649.9203,8358110631.36076,-1063095417.1097053,524163063820.0843,362285412674.9931,-49049959057.018555,-306590479500.91504,0.0012195913694044692,0.0007847720784624346,-9.981772638408405e-05,2.7243361838425067e-05,1.882977505960961e-05,-2.5493703677086314e-06,-1.5935032332088615e-05
C:\Users\damba\.cache\kagglehub\datasets\salmaneunus\mechanical-tools-dataset\versions\20\Mechanical Tools Image dataset\Mechanical Tools Image dataset\Rope\000079.jpg,Rope,exito,5874180.0,596500080.0,704164650.0,78067986840.0,106629710640.0,87679624830.0,11613964280820.0,17944339710750.0,12681588416400.0,14632834306740.0,17495729020.18406,22218294185.342068,16174449629.687447,133218386772.63129,-164664025882.81534,38319462176.21484,-72806693705.99219,0.0005070345374601348,0.000643896719160526,0.0004687432331170472,1.5929276267694253e-06,-1.968931483996167e-06,4.581959849702887e-07,-8.705689704526653e-07
C:\Users\damba\.cache\kagglehub\datasets\salmaneunus\mechanical-tools-dataset\versions\20\Mechanical Tools Image dataset\Mechanical Tools Image dataset\Rope\000080.jpg,Rope,exito,3824745.0,421353840.0,485366490.0,52798445130.0,72905175750.0,53368579485.0,7229415491940.0,11880890402850.0,6684058728315.0,8018992501335.0,6379910434.812319,11311362406.909128,-101922305.00733583,7175284374.977428,-241758765585.93124,6304974532.015625,13246650234.039062,0.00043612362251168316,0.0007732322261964171,-6.967296066100275e-06,2.508031022278538e-07,-8.450375654960545e-06,2.2038250882594515e-07,4.63020111705994e-07
C:\Users\damba\.cache\kagglehub\datasets\salmaneunus\mechanical-tools-dataset\versions\20\Mechanical Tools Image dataset\Mechanical Tools Image dataset\Rope\000081.jpg,Rope,exito,6784785.0,745426710.0,748027455.0,111552792150.0,90622185345.0,81535341690.0,18830992953960.0,11794708076055.0,12177818920140.0,9779451788640.0,29654695160.71823,8151617238.011048,-648492399.1160216,58808641103.72666,6103180907.148736,21539229767.73828,-33978885572.722656,0.0006442008357350836,0.00017708085039684643,-1.4087460458260616e-05,4.904569794124992e-07,5.0899793233591996e-08,1.796345804373172e-07,-2.833798106711302e-07
C:\Users\damba\.cache\kagglehub\datasets\salmaneunus\mechanical-tools-dataset\versions\20\Mechanical Tools Image dataset\Mechanical Tools Image dataset\Rope\000082.jpg,Rope,exito,2685660.0,378300915.0,305825835.0,63617164125.0,42579059265.0,43593008625.0,11477778425685.0,6976849332045.0,7193590439175.0,6074413575285.0,10329859592.84134,7753563352.096939,514512757.6381493,-393427188495.3085,362364875340.129,-195674632668.6211,-40433303037.05469,0.0014321626940442332,0.0010749772616926163,7.133359078857495e-05,-3.3284098007615914e-05,3.0656213851072476e-05,-1.6554152437343033e-05,-3.420673660618172e-06
C:\Users\damba\.cache\kagglehub\datasets\salmaneunus\mechanical-tools-dataset\versions\20\Mechanical Tools Image dataset\Mechanical Tools Image dataset\Rope\000083.jpg,Rope,exito,7377405.0,817730685.0,933081465.0,122490558915.0,134826159435.0,103385835240.0,20666244666915.0,21098772425865.0,15268168056750.0,14877910542630.0,31851171055.641697,16811624469.582449,-39331947.54813497,28141092777.492146,-206418321308.16553,-215507338630.2422,-56621028867.390625,0.0005852186433024916,0.00030888899019169193,-7.226669607329002e-07,1.9036271652474125e-07,-1.396333564421057e-06,-1.457816963152282e-06,-3.830175662632112e-07
C:\Users\damba\.cache\kagglehub\datasets\salmaneunus\mechanical-tools-dataset\versions\20\Mechanical Tools Image dataset\Mechanical Tools Image dataset\Rope\000084.jpg,Rope,exito,3776550.0,421179165.0,420334095.0,50260591035.0,59122505055.0,47058360450.0,6329464793055.0,9332628332655.0,5628726093810.0,6617187195030.0,3288648645.7565784,12338866173.092163,180664364.11984652,-9372067498.6966,5571376223.344327,-5629118993.3125,-16657476894.195312,0.00023058284784031825,0.0008651367804168743,1.2667240580950131e-05,-3.381405933410689e-07,2.0101311286436796e-07,-2.0309644981226237e-07,-6.009953642941311e-07
C:\Users\damba\.cache\kagglehub\datasets\salmaneunus\mechanical-tools-dataset\versions\20\Mechanical Tools Image dataset\Mechanical Tools Image dataset\Rope\000085.jpg,Rope,exito,3297660.0,386466780.0,392747175.0,50771806620.0,51961174305.0,45326131170.0,7355639238870.0,7499767480065.0,5818346756010.0,5877745040250.0,5480123413.2508545,5185477759.425072,-701578198.5663428,120997729964.46834,76088901906.42989,-64069953115.57031,-44691477649.06836,0.0005039397152286998,0.00047684476942450363,-6.451553932915107e-05,6.127206703678789e-06,3.853067573858955e-06,-3.244439762211973e-06,-2.2631327176889626e-06
C:\Users\damba\.cache\kagglehub\datasets\salmaneunus\mechanical-tools-dataset\versions\20\Mechanical Tools Image dataset\Mechanical Tools Image dataset\Rope\000086.jpg,Rope,exito,7688250.0,832064745.0,840465465.0,106125079155.0,115461082035.0,90198712455.0,14980833381765.0,17760474022425.0,11424102678555.0,12348338028825.0,16074451265.439299,23582930588.615414,-761087605.681099,16061774234.644705,-17606743470.51539,-12559197825.382812,18905442209.40625,0.00027194505274616074,0.0003989723317410424,-1.287596109214614e-05,9.799970646467792e-08,-1.0742621996190451e-07,-7.662900015519752e-08,1.1535013255948232e-07
C:\Users\damba\.cache\kagglehub\datasets\salmaneunus\mechanical-tools-dataset\versions\20\Mechanical Tools Image dataset\Mechanical Tools Image dataset\Rope\000087.jpg,Rope,exito,4606575.0,498514035.0,433039470.0,63567905265.0,48736669980.0,48150810795.0,8944021510545.0,6252733986180.0,6213481688535.0,5515495930785.0,9619745712.190975,8028946220.399665,1288173476.8272886,-17223981272.55111,161743831979.78363,-41003936987.67383,-874457961.4882812,0.00045332252529394374,0.0003783574207651139,6.0704104973584045e-05,-3.781709623860929e-07,3.5512591213326163e-06,-9.002853676437258e-07,-1.9199661427245845e-08
C:\Users\damba\.cache\kagglehub\datasets\salmaneunus\mechanical-tools-dataset\versions\20\Mechanical Tools Image dataset\Mechanical Tools Image dataset\Rope\000088.jpg,Rope,exito,3871410.0,443139765.0,437530275.0,57874775775.0,56262071625.0,52580042730.0,8253970578105.0,7902379577925.0,7098603738600.0,7010882591610.0,7150917717.017194,6814262805.58392,2498273234.1611805,-7703212495.289105,3641849641.312985,-14085175305.535156,6173312910.246094,0.00047711541220976525,0.00045465350547313894,0.00016668694999704594,-2.6121550952023246e-07,1.2349491984459974e-07,-4.776275153213306e-07,2.0933669923605584e-07
C:\Users\damba\.cache\kagglehub\datasets\salmaneunus\mechanical-tools-dataset\versions\20\Mechanical Tools Image dataset\Mechanical Tools Image dataset\Rope\000089.jpg,Rope,exito,4753200.0,511787805.0,462402720.0,67693288125.0,54582061500.0,48660571350.0,10120016491665.0,7317275688900.0,6311941468710.0,5623592542440.0,12587936499.417648,9598413544.223171,-1127376368.343349,120583662463.83005,139888084365.25372,-30649964601.679688,-34033824868.05078,0.0005571631262063408,0.00042484183942046995,-4.9899563905997667e-05,2.4480667164762433e-06,2.8399814400140683e-06,-6.222497863261852e-07,-6.909482776644652e-07
C:\Users\damba\.cache\kagglehub\datasets\salmaneunus\mechanical-tools-dataset\versions\20\Mechanical Tools Image dataset\Mechanical Tools Image dataset\Rope\000090.jpg,Rope,exito,10242330.0,1143920565.0,1160804625.0,174533838885.0,172675334625.0,127478545320.0,29976336772515.0,28964595126525.0,19197279279780.0,18888652589550.0,46774407287.90059,41116658286.570114,-2166592308.314365,35370174721.44361,74768176669.5508,-99391341241.73438,94405030466.02344,0.0004458725790140964,0.0003919406259460307,-2.0652834663072627e-05,1.0535139587362079e-07,2.226998266504795e-07,-2.9604084854067474e-07,2.811889343327886e-07
C:\Users\damba\.cache\kagglehub\datasets\salmaneunus\mechanical-tools-dataset\versions\20\Mechanical Tools Image dataset\Mechanical Tools Image dataset\Rope\000091.jpg,Rope,exito,2841465.0,354299295.0,325270095.0,45379371345.0,47924644665.0,40294742235.0,5948558836815.0,7808200546245.0,5150951707335.0,5938867159425.0,1202163307.0699062,10690107304.409943,-262845257.04478425,-9540418117.289108,-125311976329.45575,21801550673.45117,23370605894.867188,0.00014889456532083417,0.0013240288328236545,-3.255483682139226e-05,-7.009896909261367e-07,-9.207395574973899e-06,1.6018860054569165e-06,1.7171735663567092e-06
C:\Users\damba\.cache\kagglehub\datasets\salmaneunus\mechanical-tools-dataset\versions\20\Mechanical Tools Image dataset\Mechanical Tools Image dataset\Rope\000092.jpg,Rope,exito,2160870.0,218752770.0,249351750.0,29211192480.0,31366437180.0,29224707990.0,4362319421940.0,4199152147110.0,4143987266790.0,4067142246180.0,7066049837.141846,2592704735.1687527,3981918735.2796793,-25480501085.829777,-18717011142.59991,-33021748555.435547,-27177091936.376953,0.0015132804309345557,0.0005552592225289554,0.0008527762807441194,-3.7122427188512545e-06,-2.7268729174017194e-06,-4.810923663774587e-06,-3.959418275195236e-06
C:\Users\damba\.cache\kagglehub\datasets\salmaneunus\mechanical-tools-dataset\versions\20\Mechanical Tools Image dataset\Mechanical Tools Image dataset\Rope\000093.jpg,Rope,exito,2984265.0,285786915.0,267263460.0,36713687475.0,25547801790.0,23443025160.0,5396603331345.0,2594394950220.0,2851513156170.0,2047229010810.0,9345420653.783646,1612341282.5813906,-2151350582.645475,90811333047.72694,17601762766.24732,-24428307383.591797,-14006388128.729492,0.0010493589804558227,0.00018104319400020138,-0.00024156633902764924,5.902643950271697e-06,1.1440966123876094e-06,-1.5878150441570327e-06,-9.104009310132228e-07
C:\Users\damba\.cache\kagglehub\datasets\salmaneunus\mechanical-tools-dataset\versions\20\Mechanical Tools Image dataset\Mechanical Tools Image dataset\Rope\000094.jpg,Rope,exito,3685515.0,431156805.0,428032800.0,61376808075.0,52098152400.0,50301419340.0,9670505510355.0,6609222981990.0,7271972892270.0,6161120983800.0,10937129903.073412,2386761216.993011,227208684.71736065,-68775008235.58557,4191603775.4023333,90558040737.21875,13546364189.210938,0.0008052060032783097,0.00017571652502495813,1.6727404589020866e-05,-2.6374558186784965e-06,1.6074399772022813e-07,3.4728142910918598e-06,5.194901166770934e-07
C:\Users\damba\.cache\kagglehub\datasets\salmaneunus\mechanical-tools-dataset\versions\20\Mechanical Tools Image dataset\Mechanical Tools Image dataset\Rope\000095.jpg,Rope,exito,4041240.0,418142370.0,524932035.0,48608725770.0,79250272155.0,53884833360.0,5949080919480.0,13046517753855.0,6290657298540.0,8208839254440.0,5344024443.373293,11064853479.236814,-429269540.05616224,-186286910277.19266,-122113345583.09535,65517051609.04492,120425313276.8125,0.00032721947988112655,0.0006775110478632655,-2.62845645850606e-05,-5.674083625686887e-06,-3.7194311378071945e-06,1.9955735439758284e-06,3.668015627965639e-06
C:\Users\damba\.cache\kagglehub\datasets\salmaneunus\mechanical-tools-dataset\versions\20\Mechanical Tools Image dataset\Mechanical Tools Image dataset\Rope\000096.jpg,Rope,exito,7117050.0,799288320.0,474462180.0,112827465240.0,44712264570.0,53639038860.0,17824772419050.0,4910260152330.0,7250856368280.0,5082845495670.0,23062489795.339302,13081973894.740952,354029093.91185766,-26561011037.715866,185257205010.15125,-350369948951.5039,14181138539.9375,0.00045530891873800226,0.0002582695728792037,6.989384293771178e-06,-1.96559735925888e-07,1.3709608886294445e-06,-2.592846505145569e-06,1.0494483220463493e-07
C:\Users\damba\.cache\kagglehub\datasets\salmaneunus\mechanical-tools-dataset\versions\20\Mechanical Tools Image dataset\Mechanical Tools Image dataset\Rope\000097.jpg,Rope,exito,3444795.0,373976370.0,382440330.0,49154214630.0,44089008360.0,41468388915.0,7212660929100.0,5255609813820.0,5452198802115.0,4771016626875.0,8554316720.726183,1630572949.3271194,-50379648.87741423,18984850371.58297,-1193165814.674793,6048169763.892578,-4220472658.8007812,0.0007208726714879983,0.00013740845895845219,-4.245495375088933e-06,8.619830447642986e-07,-5.4174180028383165e-08,2.7460947472807473e-07,-1.916252064974392e-07
C:\Users\damba\.cache\kagglehub\datasets\salmaneunus\mechanical-tools-dataset\versions\20\Mechanical Tools Image dataset\Mechanical Tools Image dataset\Rope\000098.jpg,Rope,exito,4991370.0,560901315.0,546684045.0,68301282075.0,72119771415.0,61318015275.0,8861206270305.0,10629699802575.0,7423923401775.0,8079693316395.0,5270433797.12654,12243736366.994738,-115178363.22341394,1381126725.0063798,48709211279.99546,-30946458135.98047,520208177.015625,0.00021154698185187778,0.0004914444568946028,-4.623079627304449e-06,2.4813276668758248e-08,8.751080649764014e-07,-5.559830345348511e-07,9.346042754751156e-09
C:\Users\damba\.cache\kagglehub\datasets\salmaneunus\mechanical-tools-dataset\versions\20\Mechanical Tools Image dataset\Mechanical Tools Image dataset\Rope\000099.jpg,Rope,exito,2525775.0,314426475.0,326432895.0,44995593285.0,49302963525.0,38862944010.0,7009032015045.0,8151640865655.0,5459558471610.0,5637782600880.0,5853544535.239778,7114552071.8495655,-1773749479.679455,-49722045026.91176,-59287176007.20742,85915061010.19727,-41320515156.18945,0.0009175497184865407,0.0011152140743755357,-0.0002780372346955869,-4.9041340390232355e-06,-5.847552283441675e-06,8.473886682191354e-06,-4.075482912614833e-06
C:\Users\damba\.cache\kagglehub\datasets\salmaneunus\mechanical-tools-dataset\versions\20\Mechanical Tools Image dataset\Mechanical Tools Image dataset\Rope\000100.jpg,Rope,exito,4782780.0,559469235.0,514008090.0,78076682085.0,69856013760.0,62094398475.0,11973001279215.0,10657009721430.0,8823960583725.0,8679680307705.0,12632353700.360682,14615271642.351248,1967921217.8166962,-115434341786.5043,8121014187.857114,-27382983947.445312,85234100407.66797,0.0005522344150518321,0.0006389194110363632,8.602940104171268e-05,-2.3074591415446433e-06,1.6233391325644005e-07,-5.473684490631368e-07,1.7037755066057914e-06
C:\Users\damba\.cache\kagglehub\datasets\salmaneunus\mechanical-tools-dataset\versions\20\Mechanical Tools Image dataset\Mechanical Tools Image dataset\Rope\000101.jpg,Rope,exito,2391135.0,303241410.0,282910770.0,45110324670.0,37211872050.0,33089952090.0,7279444255590.0,5322154467960.0,4753148646570.0,3967210827090.0,6653544630.9022045,3738854515.6521263,-2788516001.0888376,-128995238304.74588,34638792479.85392,123125816665.28516,-92107501289.97852,0.0011637103086857337,0.0006539286626759439,-0.00048771369193659133,-1.4590273670770405e-05,3.917892385392792e-06,1.3926400576427485e-05,-1.0418009754567677e-05
C:\Users\damba\.cache\kagglehub\datasets\salmaneunus\mechanical-tools-dataset\versions\20\Mechanical Tools Image dataset\Mechanical Tools Image dataset\Rope\000102.jpg,Rope,exito,6809010.0,824262255.0,526738200.0,129747976725.0,60897489420.0,69121486260.0,22613156642025.0,8541441501630.0,11231380428660.0,8476200112200.0,29967206096.423298,20149549361.277805,5357383031.095796,-348776682086.9111,712974707727.3488,-102865364779.5625,275392866772.58594,0.0006463657127036818,0.0004346076771939979,0.0001155539388616594,-2.8829526657618277e-06,5.893376592621866e-06,-8.50274668109562e-07,2.2763694942082647e-06
C:\Users\damba\.cache\kagglehub\datasets\salmaneunus\mechanical-tools-dataset\versions\20\Mechanical Tools Image dataset\Mechanical Tools Image dataset\Rope\000103.jpg,Rope,exito,3326730.0,365438205.0,353473860.0,50694931005.0,41713162140.0,42294369615.0,7864392399795.0,5323262758140.0,6156209201595.0,5340438448125.0,10551883125.063238,4155629757.360112,3465593936.5345707,-22627901297.017498,8035668306.576982,8354160872.375,21829234514.490234,0.0009534432818828802,0.0003754929074921721,0.0003131428975624793,-1.1209865172776962e-06,3.9808710983619985e-07,4.1386523558575035e-07,1.0814205547406127e-06
C:\Users\damba\.cache\kagglehub\datasets\salmaneunus\mechanical-tools-dataset\versions\20\Mechanical Tools Image dataset\Mechanical Tools Image dataset\Rope\000104.jpg,Rope,exito,658920.0,75870150.0,65300655.0,11735198430.0,6629075625.0,7069464960.0,2030509599720.0,685631911215.0,1032662420760.0,682562217900.0,2999267420.1315784,157613924.90131554,-449460690.98684233,-11408999313.048466,-2566300135.9801536,-26821043007.10498,8354716240.1521,0.006907959941182859,0.0003630188732364271,-0.0010352049395906365,-3.237172404696188e-05,-7.28158163079358e-06,-7.610162636127864e-05,2.3705546927989874e-05
C:\Users\damba\.cache\kagglehub\datasets\salmaneunus\mechanical-tools-dataset\versions\20\Mechanical Tools Image dataset\Mechanical Tools Image dataset\Rope\000105.jpg,Rope,exito,5843325.0,657859455.0,698593410.0,80487706575.0,103325501220.0,79059551790.0,10518620625495.0,17163503249400.0,9693081746400.0,11705661447990.0,6423870910.7340145,19805800964.507088,409762505.7839821,10629504980.381062,74787782710.8211,-21817506470.179688,-25018035455.226562,0.00018813808582897342,0.0005800592094006178,1.2000853465760762e-05,1.2878430385197492e-07,9.061092262361006e-07,-2.643352054243378e-07,-3.031119780076414e-07
C:\Users\damba\.cache\kagglehub\datasets\salmaneunus\mechanical-tools-dataset\versions\20\Mechanical Tools Image dataset\Mechanical Tools Image dataset\Rope\000106.jpg,Rope,exito,5176755.0,482652270.0,499502670.0,56110035780.0,59718469890.0,42899864565.0,7480588705920.0,8085893864010.0,4702521400215.0,4763768062665.0,11110182834.254469,11521690761.544258,-3671027344.4221964,177491288882.85428,100241509401.5653,-26976774581.882812,-95623415774.9414,0.0004145777428114465,0.0004299332081705605,-0.00013698480510665505,2.91093839223382e-06,1.6440066442081685e-06,-4.4243145296482177e-07,-1.5682677945931752e-06
C:\Users\damba\.cache\kagglehub\datasets\salmaneunus\mechanical-tools-dataset\versions\20\Mechanical Tools Image dataset\Mechanical Tools Image dataset\Rope\000107.jpg,Rope,exito,4786605.0,558463515.0,539398950.0,73660459485.0,70942067430.0,64630225065.0,10597676356365.0,10415745030210.0,8760778701795.0,8801349335415.0,8503318340.879012,10157601767.781685,1697387781.7252643,19350962869.878464,132031179016.85419,63960644627.71094,141830801352.61328,0.00037113614970301853,0.0004433390659018146,7.408425047830695e-05,3.860411531984151e-07,2.633949997658845e-06,1.2759799694427621e-06,2.829447117509871e-06
C:\Users\damba\.cache\kagglehub\datasets\salmaneunus\mechanical-tools-dataset\versions\20\Mechanical Tools Image dataset\Mechanical Tools Image dataset\Rope\000108.jpg,Rope,exito,2385270.0,267371070.0,264487020.0,40906365600.0,29734716660.0,29339836920.0,7036461762990.0,3387321079890.0,4465389237720.0,3266094712290.0,10936052355.400898,407477501.12892884,-307195717.1905071,-538987433.3520532,-132591991.6014096,-1581898195.5273438,1179440669.5683594,0.001922142089751961,7.161904772338249e-05,-5.399332397231999e-05,-6.133872926338467e-08,-1.5089450647765937e-08,-1.8002576522838864e-07,1.342246357451242e-07
C:\Users\damba\.cache\kagglehub\datasets\salmaneunus\mechanical-tools-dataset\versions\20\Mechanical Tools Image dataset\Mechanical Tools Image dataset\Rope\000109.jpg,Rope,exito,2003025.0,222213885.0,209237190.0,30302000625.0,24957237090.0,25478559855.0,4613311237335.0,3317547340860.0,3735306626655.0,3339228549855.0,5649781762.632715,3100195026.5728817,2265964467.33227,-1930805029.5271196,62802966476.481155,67173179858.796875,97085946440.71582,0.0014081824672573032,0.0007727095425830922,0.0005647813611898574,-3.40034119472862e-07,1.106023191339216e-05,1.1829870295641552e-05,1.7097808326738957e-05
C:\Users\damba\.cache\kagglehub\datasets\salmaneunus\mechanical-tools-dataset\versions\20\Mechanical Tools Image dataset\Mechanical Tools Image dataset\Rope\000110.jpg,Rope,exito,3332085.0,255801720.0,440579565.0,24566419500.0,75166851585.0,35260992510.0,2668798699770.0,13793927701365.0,3433304121660.0,5999128401660.0,4928709191.00176,16911929187.885515,1438022650.6321251,26105929562.260056,-617193138456.8126,-35742962006.48242,-151656080182.1582,0.0004439162582081901,0.0015232143007898014,0.0001295190301453938,1.288098228787833e-06,-3.0453058052202854e-05,-1.7636010984546217e-06,-7.482894941613096e-06
C:\Users\damba\.cache\kagglehub\datasets\salmaneunus\mechanical-tools-dataset\versions\20\Mechanical Tools Image dataset\Mechanical Tools Image dataset\Rope\000111.jpg,Rope,exito,8876295.0,1069091070.0,951751800.0,150825443640.0,138098385480.0,105722363010.0,23558803721880.0,22770498528810.0,13932674048730.0,14650742221320.0,22060489799.039906,36047756382.69758,-8909851245.658018,78795428749.63449,232669287660.20786,-93166988171.75781,-71595958800.32812,0.00027999591539290845,0.0004575249524456721,-0.00011308551978076367,3.356770922313841e-07,9.91196458635785e-07,-3.9690149768487033e-07,-3.0500656760146893e-07
C:\Users\damba\.cache\kagglehub\datasets\salmaneunus\mechanical-tools-dataset\versions\20\Mechanical Tools Image dataset\Mechanical Tools Image dataset\Rope\000112.jpg,Rope,exito,2031330.0,233333670.0,280993680.0,27551850360.0,46050405630.0,32795884815.0,3339600481380.0,8030214580860.0,3943732437765.0,5412506469075.0,749409813.3291459,7180577389.417519,518861091.0331372,2624488338.0861783,-326510655227.12726,13287188274.441406,-20733588125.453125,0.0001816178000603396,0.0017401969462284685,0.000125744830417583,4.4626563096944505e-07,-5.551957745769046e-05,2.259341515469405e-06,-3.525520633028665e-06
C:\Users\damba\.cache\kagglehub\datasets\salmaneunus\mechanical-tools-dataset\versions\20\Mechanical Tools Image dataset\Mechanical Tools Image dataset\Rope\000113.jpg,Rope,exito,3752835.0,426996990.0,423982380.0,50211098340.0,63557438280.0,48428515740.0,6080645456280.0,10702702955190.0,5724872889600.0,7253439778380.0,1627446389.1255052,15657368452.665627,187865651.99021953,-2706802708.1815023,-15628820881.605564,9445189619.673828,-20564618342.1875,0.00011555473619965477,0.0011117312946331685,1.333915882069147e-05,-9.921056582704613e-08,-5.728323524234007e-07,3.4618799651679274e-07,-7.537407198459429e-07
C:\Users\damba\.cache\kagglehub\datasets\salmaneunus\mechanical-tools-dataset\versions\20\Mechanical Tools Image dataset\Mechanical Tools Image dataset\Rope\000114.jpg,Rope,exito,1789845.0,202057665.0,200450400.0,27409546845.0,29305618470.0,17111205075.0,4128905885685.0,4821026279550.0,1827836100795.0,2068535768625.0,4599024154.346772,6856544466.295768,-5517871617.29235,-3767724611.217532,3225237374.5965505,3992069954.7558594,-3881504244.5927734,0.0014356046118583975,0.002140299012764042,-0.0017224266878312555,-8.791046857577602e-07,7.525288021973177e-07,9.314500833341359e-07,-9.056523290080591e-07
C:\Users\damba\.cache\kagglehub\datasets\salmaneunus\mechanical-tools-dataset\versions\20\Mechanical Tools Image dataset\Mechanical Tools Image dataset\Rope\000115.jpg,Rope,exito,5118615.0,574605270.0,644226645.0,74725571280.0,87795151305.0,72722661540.0,10666836248940.0,12746780200425.0,9476509743540.0,9966008131650.0,10221556754.240023,6713067552.274697,403093592.1431751,-16606013943.508307,7113367461.766464,-18918899973.953125,8837317811.652344,0.00039013248523089123,0.00025622180560758487,1.5385122703372056e-05,-2.8014587730498015e-07,1.2000354660356602e-07,-3.1916460198566696e-07,1.490868404537321e-07
C:\Users\damba\.cache\kagglehub\datasets\salmaneunus\mechanical-tools-dataset\versions\20\Mechanical Tools Image dataset\Mechanical Tools Image dataset\Rope\000116.jpg,Rope,exito,2232270.0,250134345.0,251399910.0,36714181665.0,36908503650.0,19684009980.0,6053545030635.0,6082521873780.0,2233913017530.0,2229033535920.0,8685676802.873545,8595658542.549692,-8486306254.554489,-6944936493.850813,-10240231081.92058,980328652.8173828,4763564918.2890625,0.0017430515029614856,0.0017249865360610872,-0.0017030415944902409,-9.328277820278072e-07,-1.3754441176039623e-06,1.3167547373192605e-07,6.398310051081819e-07
C:\Users\damba\.cache\kagglehub\datasets\salmaneunus\mechanical-tools-dataset\versions\20\Mechanical Tools Image dataset\Mechanical Tools Image dataset\Rope\000117.jpg,Rope,exito,6649890.0,743193420.0,659779350.0,95917831800.0,81394632180.0,74952663315.0,13554219348330.0,11362693767000.0,9661696341045.0,9334612353015.0,12858343668.422432,15933580841.342896,1215553141.4667602,-39685854217.28641,125245819055.47456,-126644054241.26953,-3278767384.140625,0.0002907743584779358,0.0003603167613862846,2.7488119311497692e-05,-3.480162949650555e-07,1.098315426673217e-06,-1.110576939961702e-06,-2.8752423239610173e-08
C:\Users\damba\.cache\kagglehub\datasets\salmaneunus\mechanical-tools-dataset\versions\20\Mechanical Tools Image dataset\Mechanical Tools Image dataset\Rope\000118.jpg,Rope,exito,1072530.0,116204010.0,118343460.0,16124277810.0,13681388520.0,12879561930.0,2544870998850.0,1647828507900.0,1795236064650.0,1488554194650.0,3534073396.062767,623315995.4350923,57557315.420826845,32071598936.11256,663768258.8289144,3603562295.6679688,-6467177341.822754,0.0030722508084248348,0.0005418628467119651,5.00358903211805e-05,2.6921359675602224e-05,5.571765870725068e-07,3.024881823583794e-06,-5.4286413238060705e-06
C:\Users\damba\.cache\kagglehub\datasets\salmaneunus\mechanical-tools-dataset\versions\20\Mechanical Tools Image dataset\Mechanical Tools Image dataset\Rope\000119.jpg,Rope,exito,3965505.0,442111605.0,445711440.0,65892582165.0,51694379790.0,49642841295.0,11049671246775.0,6169426712220.0,7391813799225.0,5752312368345.0,16601843337.114016,1597686494.4743116,-49240824.49327704,1491893572.1702545,-24783200.9343143,-3344648988.7773438,8230321.447265625,0.0010557456671465828,0.00010160019943261818,-3.1313262057645418e-06,4.7642175905123185e-08,-7.914275122769086e-10,-1.0680812521527376e-07,2.6282734201738986e-10
C:\Users\damba\.cache\kagglehub\datasets\salmaneunus\mechanical-tools-dataset\versions\20\Mechanical Tools Image dataset\Mechanical Tools Image dataset\Rope\000120.jpg,Rope,exito,4710360.0,477302370.0,542647140.0,58171785240.0,73824036630.0,54697451550.0,8040435288900.0,11111025587820.0,6679060145640.0,7350560160090.0,9806574851.066473,11309511508.739706,-289166457.0571736,158461554795.6271,505268660.9294896,36104359113.1875,-63428780172.27344,0.000441986644879661,0.0005097246615552186,-1.3032859495539317e-05,3.290702809360031e-06,1.0492696503872343e-08,7.497636642347786e-07,-1.3171981391724927e-06
C:\Users\damba\.cache\kagglehub\datasets\salmaneunus\mechanical-tools-dataset\versions\20\Mechanical Tools Image dataset\Mechanical Tools Image dataset\Rope\000121.jpg,Rope,exito,3777570.0,422282295.0,443493195.0,51046421985.0,57484083645.0,49456888155.0,6565465467765.0,8017158357735.0,5975799839625.0,6396402760215.0,3840854207.1780047,5417222141.094572,-119777320.81713513,438297891.424143,-3553959475.757129,9641410900.007812,-1432333294.0859375,0.0002691552038200063,0.0003796222014362406,-8.3936248184846e-06,1.580294685085033e-08,-1.281389525351756e-07,3.4762362995853517e-07,-5.1643157227145684e-08
C:\Users\damba\.cache\kagglehub\datasets\salmaneunus\mechanical-tools-dataset\versions\20\Mechanical Tools Image dataset\Mechanical Tools Image dataset\Rope\000122.jpg,Rope,exito,5974650.0,485694165.0,616132530.0,65593432995.0,86750382900.0,47108057910.0,10953481147905.0,13968294006780.0,6046079339790.0,5878238961480.0,26110145787.373234,23212051027.136997,-2978888553.4225416,1376110326109.078,234747715980.74396,-233885218038.42578,-559523000146.0762,0.0007314495190317822,0.0006502623040791773,-8.345057194984757e-05,1.57714666217778e-05,2.690420743805546e-06,-2.6805357387659544e-06,-6.412638691457169e-06
C:\Users\damba\.cache\kagglehub\datasets\salmaneunus\mechanical-tools-dataset\versions\20\Mechanical Tools Image dataset\Mechanical Tools Image dataset\Rope\000123.jpg,Rope,exito,4145535.0,461008635.0,380094330.0,56318302185.0,41511830970.0,42197457120.0,7396294836705.0,5077372778490.0,5159669592510.0,4593263026920.0,5051345918.905698,6661878021.068462,-71337678.38900545,9877452748.660892,49627094148.92309,11843614857.238281,-10022782435.941406,0.00029393136934859385,0.00038764617600969126,-4.151048419897655e-06,2.8228870108649024e-07,1.4182976423649013e-06,3.384798428594572e-07,-2.8644209262331983e-07
C:\Users\damba\.cache\kagglehub\datasets\salmaneunus\mechanical-tools-dataset\versions\20\Mechanical Tools Image dataset\Mechanical Tools Image dataset\Rope\000124.jpg,Rope,exito,4074645.0,451363005.0,460107975.0,64796384595.0,54758189235.0,53745236160.0,10403023022325.0,6822017553315.0,7853103925920.0,6677252530200.0,14797289635.161777,2802902661.9118834,2777429585.32543,-53001758999.22732,5729189697.697622,-79020524417.0039,-15761424607.496094,0.0008912563152651792,0.00016882177480438538,0.00016728750461459586,-1.5814877783237764e-06,1.7094986388544897e-07,-2.3578461538238587e-06,-4.7029571954564915e-07
C:\Users\damba\.cache\kagglehub\datasets\salmaneunus\mechanical-tools-dataset\versions\20\Mechanical Tools Image dataset\Mechanical Tools Image dataset\Rope\000125.jpg,Rope,exito,4635900.0,518090895.0,512875635.0,73398647415.0,72434592885.0,70594742640.0,11669796461205.0,11493750564375.0,11079627906000.0,11025969393300.0,15498741143.962872,15694495605.797857,13277674376.913366,2874337706.890565,7612679278.809903,-8286480422.5859375,-6903276842.933594,0.0007211544806701746,0.0007302629112163849,0.000617808522695434,6.211588023128612e-08,1.6451381937068715e-07,-1.7907500021111553e-07,-1.4918327674271432e-07
C:\Users\damba\.cache\kagglehub\datasets\salmaneunus\mechanical-tools-dataset\versions\20\Mechanical Tools Image dataset\Mechanical Tools Image dataset\Rope\000126.jpg,Rope,exito,2188665.0,317170530.0,239789250.0,50337306510.0,29380597650.0,35324469405.0,8549700956730.0,3887966782800.0,5634219166365.0,4255678830705.0,4374518645.945469,3109384643.184199,575394735.8283783,-12800376003.86542,-12285424891.253471,-47482456175.13867,-128092405497.76562,0.0009132121606853697,0.0006491063584872296,0.00012011778037335425,-1.806236002766551e-06,-1.7335722592184304e-06,-6.700156449890339e-06,-1.80748686148883e-05
C:\Users\damba\.cache\kagglehub\datasets\salmaneunus\mechanical-tools-dataset\versions\20\Mechanical Tools Image dataset\Mechanical Tools Image dataset\Rope\000127.jpg,Rope,exito,4566285.0,509949510.0,520592955.0,73470177210.0,75295579155.0,71487343110.0,11933598046560.0,12226343830215.0,11297771979270.0,11385674942790.0,16520489937.033003,15943824983.801308,13349026664.201708,38739892819.59811,6599776705.910484,-59976359018.29297,-66908978327.40625,0.0007923132060139959,0.0007646566861630494,0.0006402116495208179,8.694625483337499e-07,1.481227297111087e-07,-1.3460852407274644e-06,-1.501678155741418e-06
C:\Users\damba\.cache\kagglehub\datasets\salmaneunus\mechanical-tools-dataset\versions\20\Mechanical Tools Image dataset\Mechanical Tools Image dataset\Rope\000128.jpg,Rope,exito,1723545.0,192141990.0,184025085.0,25325168940.0,21647857545.0,20076161730.0,3700875145320.0,2747881353795.0,2570384772420.0,2318476193520.0,3905046853.7416773,1999265886.9596097,-439082166.631159,6933122187.375062,9583848155.633747,-35717258152.34668,-1079235470.9736328,0.0013145617617088517,0.0006730158650895126,-0.00014780888632579217,1.7777565480229907e-06,2.4574424557180048e-06,-9.158440864259771e-06,-2.7673216676835416e-07
C:\Users\damba\.cache\kagglehub\datasets\salmaneunus\mechanical-tools-dataset\versions\20\Mechanical Tools Image dataset\Mechanical Tools Image dataset\Rope\000129.jpg,Rope,exito,4044555.0,516524430.0,447684120.0,78303224850.0,58498866600.0,53504137485.0,12833051353410.0,8440328251890.0,7828424007195.0,6637868815755.0,12338616435.273308,8945560661.479101,-3668971770.0482354,-318438050305.4751,-15134591389.463734,98307046067.29297,-20716103934.128906,0.0007542667661234483,0.0005468473022636366,-0.0002242863684522346,-9.679392308923347e-06,-4.6003813725571607e-07,2.9881870734477616e-06,-6.296964100191779e-07
C:\Users\damba\.cache\kagglehub\datasets\salmaneunus\mechanical-tools-dataset\versions\20\Mechanical Tools Image dataset\Mechanical Tools Image dataset\Rope\000130.jpg,Rope,exito,2902665.0,336121620.0,363592770.0,43955088480.0,58463749020.0,35880116190.0,6076259060010.0,10359825875700.0,4199317610490.0,5221597645560.0,5033013961.781605,12919498341.305454,-6223051372.459808,-179256185384.91794,-200079875951.63727,134656976648.52539,10656300573.277344,0.0005973574749968353,0.0015333871445602227,-0.0007386004256805773,-1.2487682826331758e-05,-1.3938342074225954e-05,9.380728542943924e-06,7.423593298908896e-07
C:\Users\damba\.cache\kagglehub\datasets\salmaneunus\mechanical-tools-dataset\versions\20\Mechanical Tools Image dataset\Mechanical Tools Image dataset\Rope\000131.jpg,Rope,exito,6529530.0,862421985.0,440855985.0,132581506635.0,42358377675.0,61606377945.0,22106393891505.0,4742885990775.0,9524515405785.0,6065911188315.0,18672591259.568657,12592988816.947395,3378007192.000899,-337566480036.1499,182476085177.99792,-319360958378.47656,15058288981.285156,0.00043796635361574576,0.00029536904206886816,7.923128995876568e-05,-3.0985214800512832e-06,1.6749473154418205e-06,-2.931413063641577e-06,1.3821997923589738e-07
C:\Users\damba\.cache\kagglehub\datasets\salmaneunus\mechanical-tools-dataset\versions\20\Mechanical Tools Image dataset\Mechanical Tools Image dataset\Rope\000132.jpg,Rope,exito,3055920.0,308170815.0,300066915.0,39735604755.0,34960758315.0,28959682155.0,5830033374645.0,4341707645205.0,3586341726255.0,3090432631005.0,8658465557.0615,5496585994.5147705,-1300228362.9735456,76634569504.69296,-170600955299.97272,-53136881131.5918,-179801653794.87305,0.0009271648788139277,0.0005885848311007402,-0.00013923091391217926,4.694288427710206e-06,-1.0450245827660394e-05,-3.2549259138901925e-06,-1.1013839160938223e-05
C:\Users\damba\.cache\kagglehub\datasets\salmaneunus\mechanical-tools-dataset\versions\20\Mechanical Tools Image dataset\Mechanical Tools Image dataset\Rope\000133.jpg,Rope,exito,6137085.0,637026210.0,734151120.0,81777271410.0,101834680440.0,80994796005.0,11863954171890.0,15428909714460.0,10796090361045.0,11556595541835.0,15654284319.717878,14011574356.695892,4790294105.343218,125703179544.56781,-105382333593.95863,18993222318.757812,-159872470647.89453,0.0004156319651388889,0.0003720168910710146,0.00012718558778756865,1.347227430834239e-06,-1.1294381817348465e-06,2.0356040476041717e-07,-1.7134377879098999e-06
C:\Users\damba\.cache\kagglehub\datasets\salmaneunus\mechanical-tools-dataset\versions\20\Mechanical Tools Image dataset\Mechanical Tools Image dataset\Rope\000134.jpg,Rope,exito,6310740.0,685828110.0,734089155.0,96115552680.0,94277799555.0,79681396575.0,15290810902110.0,13003382384295.0,11143454922885.0,10176387807075.0,21582265543.12348,8885771442.827097,-96724175.52166127,154361514233.64148,-30621093992.09037,-16046582840.242188,-46875510255.609375,0.0005419215932497703,0.00022311797655943702,-2.4287032888060317e-06,1.5429018889674113e-06,-3.060694499999162e-07,-1.6039168246437108e-07,-4.685385063677267e-07
C:\Users\damba\.cache\kagglehub\datasets\salmaneunus\mechanical-tools-dataset\versions\20\Mechanical Tools Image dataset\Mechanical Tools Image dataset\Rope\000135.jpg,Rope,exito,3856620.0,469203060.0,394620915.0,69202042290.0,46112254095.0,47816295420.0,11271685937250.0,5872634052555.0,6994409748690.0,5588861774490.0,12117986429.333511,5733459566.257937,-193967675.14546263,-96144605577.89607,-19039491632.868355,-39353700887.5625,18459888387.95117,0.0008147357318155062,0.0003854810700433087,-1.3041143153589308e-05,-3.2916056515667716e-06,-6.518358246415841e-07,-1.3473128676638921e-06,6.319925343688904e-07
C:\Users\damba\.cache\kagglehub\datasets\salmaneunus\mechanical-tools-dataset\versions\20\Mechanical Tools Image dataset\Mechanical Tools Image dataset\Rope\000136.jpg,Rope,exito,3005175.0,331067520.0,347294445.0,37433001420.0,49227505965.0,38080177140.0,4334523499350.0,7770228256545.0,4289878909230.0,5379587119890.0,960681904.8468409,9092262084.740776,-179794614.03309116,-981786621.3382218,-20274323796.592117,3531146158.4570312,-2044556877.0878906,0.0001063751231644779,0.0010067749733062884,-1.9908435992795133e-05,-6.271085059781855e-08,-1.295006534970786e-06,2.2554919202323717e-07,-1.3059446734264604e-07
C:\Users\damba\.cache\kagglehub\datasets\salmaneunus\mechanical-tools-dataset\versions\20\Mechanical Tools Image dataset\Mechanical Tools Image dataset\Rope\000137.jpg,Rope,exito,6084300.0,560511420.0,718094535.0,70432051110.0,107340844185.0,61187269125.0,10451503547610.0,17650731969465.0,7022477700435.0,8617325710545.0,18795371138.529755,22588323566.87364,-4966633132.79296,499987462974.57166,-350020295857.61206,-375113117106.875,-99000699743.11328,0.000507726307066051,0.0006101867328339931,-0.000134165496412864,5.475610722344698e-06,-3.8332458850746764e-06,-4.108049817695145e-06,-1.0842057714966917e-06
C:\Users\damba\.cache\kagglehub\datasets\salmaneunus\mechanical-tools-dataset\versions\20\Mechanical Tools Image dataset\Mechanical Tools Image dataset\Rope\000138.jpg,Rope,exito,7468185.0,813572400.0,850005525.0,105000564090.0,118751252685.0,91755319155.0,15018682345050.0,18494202978705.0,11804078745165.0,12732605385375.0,16371258570.417933,22006274818.15208,-842954051.6104413,13166388982.214067,-31065375401.970745,36902208576.83203,-12085653687.621094,0.0002935296201673941,0.0003945630362434969,-1.511380334770818e-05,8.63831451678214e-08,-2.0381631111357642e-07,2.42111093999416e-07,-7.929256672851465e-08
C:\Users\damba\.cache\kagglehub\datasets\salmaneunus\mechanical-tools-dataset\versions\20\Mechanical Tools Image dataset\Mechanical Tools Image dataset\Rope\000139.jpg,Rope,exito,3576885.0,394501830.0,429139500.0,54716478630.0,54249485910.0,47244741735.0,8515000203810.0,7154388459150.0,6532036092315.0,5958932054235.0,11206079533.202398,2763147808.481502,-85915547.88300882,8327857162.378798,-17256420847.578754,-13663475691.320312,-3737127897.703125,0.0008758782573486739,0.0002159703650254178,-6.715244179372822e-06,3.441682662553771e-07,-7.131621411224898e-07,-5.646752397420987e-07,-1.5444559197502998e-07
C:\Users\damba\.cache\kagglehub\datasets\salmaneunus\mechanical-tools-dataset\versions\20\Mechanical Tools Image dataset\Mechanical Tools Image dataset\Rope\000140.jpg,Rope,exito,3651855.0,390721200.0,412807770.0,52304772270.0,49481437770.0,46926779430.0,7904067488970.0,6224957473680.0,6526247262090.0,5902717422300.0,10500523161.138887,2817412234.382376,2759432351.946792,60892607339.40928,-5416214629.006178,23208712947.308594,-15282327023.492188,0.0007873791073421371,0.00021126295291007258,0.0002069153459027489,2.389355425219422e-06,-2.1252599245480516e-07,9.106830306003775e-07,-5.996608222083183e-07
C:\Users\damba\.cache\kagglehub\datasets\salmaneunus\mechanical-tools-dataset\versions\20\Mechanical Tools Image dataset\Mechanical Tools Image dataset\Rope\000141.jpg,Rope,exito,9275115.0,934428375.0,879416205.0,127750900365.0,116548268925.0,83767073130.0,19970975290545.0,17639454278265.0,11079922978230.0,10698147452610.0,33611217136.798447,33166783992.834522,-4830368021.599401,328241345502.2367,299588305777.38306,-59447919292.16016,-127616078304.08203,0.0003907019991612,0.0003855358393897915,-5.6148946794819356e-05,1.25283831455054e-06,1.1434748035622794e-06,-2.2690204031295304e-07,-4.870876708337963e-07
C:\Users\damba\.cache\kagglehub\datasets\salmaneunus\mechanical-tools-dataset\versions\20\Mechanical Tools Image dataset\Mechanical Tools Image dataset\Rope\000142.jpg,Rope,exito,4839390.0,665031330.0,571200765.0,102572787120.0,72777519435.0,79529058555.0,17217694897740.0,9851621074935.0,12389160748305.0,10235701801575.0,11183857961.248812,5357800433.930604,1034371322.7315819,48310138664.73624,-3202402658.5299025,-1953244174.6757812,-9597280672.054688,0.00047754070614701747,0.00022877327407762628,4.416672793833553e-05,9.376952741073923e-07,-6.215833615241464e-08,-3.791228678687697e-08,-1.8628232042390957e-07
C:\Users\damba\.cache\kagglehub\datasets\salmaneunus\mechanical-tools-dataset\versions\20\Mechanical Tools Image dataset\Mechanical Tools Image dataset\Rope\000143.jpg,Rope,exito,1579470.0,176662470.0,175945920.0,19862538540.0,26255772060.0,19782664125.0,2244643599090.0,4409096983530.0,2235641441955.0,2958051822885.0,102981026.08653678,6656180573.8392,103252161.73232302,-2316191.5548609975,1383256832.1035216,-54190633.58984375,-1639172862.0234375,4.127950224382413e-05,0.0026681014102753736,4.1388185803543264e-05,-7.387474931202962e-10,4.4118868964588957e-07,-1.7284060392621592e-08,-5.228129081419209e-07
C:\Users\damba\.cache\kagglehub\datasets\salmaneunus\mechanical-tools-dataset\versions\20\Mechanical Tools Image dataset\Mechanical Tools Image dataset\Rope\000144.jpg,Rope,exito,10398390.0,1334653425.0,1168556625.0,207350058675.0,174816134595.0,149925380850.0,35176532596515.0,29408915631285.0,23249195861010.0,22402196593230.0,36044715745.54354,43495364184.254616,-61117238.90518318,-690065273965.1414,-12575982943.34409,-36826695784.59375,-22055129741.445312,0.00033335686331442205,0.00040226362930811146,-5.652382224262371e-07,-1.9791327167210926e-06,-3.606838400240381e-08,-1.056203249545144e-07,-6.325492745346843e-08
C:\Users\damba\.cache\kagglehub\datasets\salmaneunus\mechanical-tools-dataset\versions\20\Mechanical Tools Image dataset\Mechanical Tools Image dataset\Rope\000145.jpg,Rope,exito,1825035.0,164199600.0,211521735.0,19587733710.0,24958378215.0,19114284645.0,2693591704620.0,2992395471255.0,2326274659365.0,2268539015925.0,4814587638.741092,442988440.3325388,83534945.2375285,64927175457.00887,-2967812074.4532576,41023018577.15918,3653886241.866211,0.0014454953574594691,0.00013299949693642508,2.507989979346429e-05,1.4429408080573265e-05,-6.595662174938479e-07,9.116950977464218e-06,8.120392623392383e-07
C:\Users\damba\.cache\kagglehub\datasets\salmaneunus\mechanical-tools-dataset\versions\20\Mechanical Tools Image dataset\Mechanical Tools Image dataset\Rope\000146.jpg,Rope,exito,5888205.0,668313435.0,637430385.0,93454446375.0,75770616105.0,72985165680.0,14577886726455.0,9690084790815.0,10205597098020.0,8745452884320.0,17600625490.452126,6765291779.293227,636582338.7741984,-24582282732.82325,22741673086.967735,-55862343652.14844,7633027202.7734375,0.0005076475079952056,0.00019512849213692548,1.8360679175168353e-05,-2.9218970174464334e-07,2.7031186438933803e-07,-6.639904726457195e-07,9.07276173668422e-08
C:\Users\damba\.cache\kagglehub\datasets\salmaneunus\mechanical-tools-dataset\versions\20\Mechanical Tools Image dataset\Mechanical Tools Image dataset\Rope\000147.jpg,Rope,exito,3441990.0,391605540.0,392532975.0,59566165530.0,47066986845.0,45246250380.0,10153811791860.0,5914503647505.0,7171173994290.0,5511961427040.0,15012027093.022669,2301564382.3110814,586594877.6070524,-39136581209.236115,21917033703.412376,244625174436.82227,23215537463.66992,0.001267126959373903,0.00019426918559963137,4.951297909607421e-05,-1.7805692724617453e-06,9.971437348389234e-07,1.1129538028477727e-05,1.056220839283217e-06
C:\Users\damba\.cache\kagglehub\datasets\salmaneunus\mechanical-tools-dataset\versions\20\Mechanical Tools Image dataset\Mechanical Tools Image dataset\Rope\000148.jpg,Rope,exito,5062005.0,571850250.0,615225495.0,79086812820.0,89928265065.0,64484123070.0,12186951652320.0,14449567841895.0,8439922076670.0,9029594732610.0,14485393337.98398,15155045817.291817,-5017359667.003175,-20220265955.298225,-163950421814.32343,-38510245171.9375,90076559467.85938,0.0005653080280256728,0.0005914419350385632,-0.00019580784815912108,-3.50736076168015e-07,-2.843846256046864e-06,-6.67989843147164e-07,1.5624472542703456e-06
C:\Users\damba\.cache\kagglehub\datasets\salmaneunus\mechanical-tools-dataset\versions\20\Mechanical Tools Image dataset\Mechanical Tools Image dataset\Rope\000149.jpg,Rope,exito,6330630.0,709875885.0,729515985.0,91555860705.0,97243440885.0,81033845175.0,12942536335005.0,14236424058525.0,10383572273085.0,10732370480115.0,11954972309.290058,13176993727.209984,-769356950.7792249,-5051936827.999628,-6439555127.806833,5589669126.109375,5435361310.71875,0.0002983010015689494,0.00032879293442110246,-1.9197028905130476e-05,-5.010032954743524e-08,-6.386141494365149e-08,5.543304970226453e-08,5.3902770788251226e-08
C:\Users\damba\.cache\kagglehub\datasets\salmaneunus\mechanical-tools-dataset\versions\20\Mechanical Tools Image dataset\Mechanical Tools Image dataset\Rope\000150.jpg,Rope,exito,3546285.0,404569740.0,445737450.0,61852476150.0,60166145850.0,51075647535.0,10579714798710.0,8672204580060.0,7851327987855.0,6901056944295.0,15698071040.521315,4140791336.050184,224719238.2717267,-58338610164.97287,68915230858.4302,25731849110.367188,-19349493372.289062,0.0012482426570670645,0.0003292578028427571,1.7868701087561882e-05,-2.4633265669630576e-06,2.9099205236790094e-06,1.0865179569997678e-06,-8.170253104496017e-07
C:\Users\damba\.cache\kagglehub\datasets\salmaneunus\mechanical-tools-dataset\versions\20\Mechanical Tools Image dataset\Mechanical Tools Image dataset\Rope\000151.jpg,Rope,exito,1947690.0,217727925.0,299951400.0,28596265335.0,55700687340.0,33454570980.0,4144836462945.0,11114848207650.0,4629681152820.0,6209912721030.0,4256945769.3578176,9507072153.825605,-76327634.68970735,-3625280216.690129,-391509761779.0623,242816453118.08398,6766474017.265625,0.001122169469058794,0.002506150345620102,-2.0120655966726965e-05,-6.847656945573283e-07,-7.395082253679728e-05,4.5864696583691384e-05,1.2780941067135875e-06
C:\Users\damba\.cache\kagglehub\datasets\salmaneunus\mechanical-tools-dataset\versions\20\Mechanical Tools Image dataset\Mechanical Tools Image dataset\Rope\000152.jpg,Rope,exito,7149435.0,907988700.0,751122645.0,145528963080.0,108878396265.0,97524154320.0,25515149764710.0,17839778397675.0,15802216777290.0,14247991809420.0,30213070379.711098,29965135590.303886,2130479998.307237,-641449602026.2461,104668869345.79776,-28265379808.421875,-27381982444.453125,0.0005910870141043924,0.000586236430151107,4.168060528049507e-05,-4.6933531612705335e-06,7.658403205472906e-07,-2.06811898018671e-07,-2.0034826346695583e-07
C:\Users\damba\.cache\kagglehub\datasets\salmaneunus\mechanical-tools-dataset\versions\20\Mechanical Tools Image dataset\Mechanical Tools Image dataset\Rope\000153.jpg,Rope,exito,1882410.0,208818225.0,205060035.0,27369539895.0,24547891455.0,22808965875.0,3975640795845.0,3152303619645.0,3019496952855.0,2739508138605.0,4205058675.631943,2209709042.984964,61385630.98415108,6556208920.147122,-3245654066.42708,24381284213.29883,3004082420.6503906,0.001186707309913339,0.0006236007809564715,1.7323605360057743e-05,1.3485505519383888e-06,-6.676005350029475e-07,5.015000998789563e-06,6.179115180401522e-07
C:\Users\damba\.cache\kagglehub\datasets\salmaneunus\mechanical-tools-dataset\versions\20\Mechanical Tools Image dataset\Mechanical Tools Image dataset\Rope\000154.jpg,Rope,exito,5720415.0,639130215.0,632557080.0,95461355535.0,74764339440.0,70995430515.0,16039624994625.0,9332425607400.0,10630441938765.0,8426273952135.0,24052649746.00633,4816886421.621719,321127594.63981336,-782404881.056658,-223066411.35831276,2674371679.2890625,1988055435.9375,0.0007350347195639264,0.00014720119394229648,9.81346895094189e-06,-9.99683926219652e-09,-2.8501343909465943e-09,3.417062502104623e-08,2.5401516680931877e-08
C:\Users\damba\.cache\kagglehub\datasets\salmaneunus\mechanical-tools-dataset\versions\20\Mechanical Tools Image dataset\Mechanical Tools Image dataset\Rope\000155.jpg,Rope,exito,3814545.0,398882475.0,468282255.0,45866502945.0,62861773035.0,49574632875.0,5692706268795.0,9012266078325.0,5769929733885.0,6707677250595.0,4155832639.072131,5374374053.500235,606909365.9101552,27359069636.480156,-24329592220.54508,12325498517.847656,-14715429000.371094,0.00028560944440336045,0.00036935365803824813,4.170982372367537e-05,9.62707750669456e-07,-8.561068527752542e-07,4.337082039578965e-07,-5.178047989685196e-07
C:\Users\damba\.cache\kagglehub\datasets\salmaneunus\mechanical-tools-dataset\versions\20\Mechanical Tools Image dataset\Mechanical Tools Image dataset\Rope\000156.jpg,Rope,exito,9610440.0,1123721505.0,1156720290.0,167630820585.0,166889961180.0,136352886000.0,27827248114215.0,26594263846860.0,20502186194370.0,19953954258570.0,36237250592.42265,27666176494.003918,1100861624.129961,-247586496658.15805,-152592664276.75912,68564511892.67969,174983025118.85938,0.00039234551817323565,0.00029954536216061375,1.1919174807556041e-05,-8.647066032912948e-07,-5.329365138847024e-07,2.3946453859680263e-07,6.111358225367035e-07
C:\Users\damba\.cache\kagglehub\datasets\salmaneunus\mechanical-tools-dataset\versions\20\Mechanical Tools Image dataset\Mechanical Tools Image dataset\Rope\000157.jpg,Rope,exito,2284800.0,264572700.0,235933140.0,39280789560.0,24797973270.0,27341169870.0,6492148459620.0,2652161914290.0,4036809965070.0,2877404246100.0,8644097689.6875,435032728.04464066,20849549.0625,-58363218281.68945,1627524283.0650368,-24233656055.92578,1570500596.0048828,0.0016558587454757294,8.333463747873549e-05,3.993928504018795e-06,-7.396372183742002e-06,2.0625619508380582e-07,-3.071131867631338e-06,1.9902958172690577e-07
C:\Users\damba\.cache\kagglehub\datasets\salmaneunus\mechanical-tools-dataset\versions\20\Mechanical Tools Image dataset\Mechanical Tools Image dataset\Rope\000158.jpg,Rope,exito,6544830.0,760506900.0,947879880.0,111110607870.0,147451278030.0,114158683050.0,17980445463180.0,24329263632450.0,16931705300070.0,18364300159860.0,22739978694.359077,10170971756.37421,4015380762.366557,-215322089858.87616,27972582758.295387,-93482398671.85938,67428946091.86719,0.0005308762697218064,0.00023744646457427016,9.374108873578881e-05,-1.964909988665679e-06,2.552622785083293e-07,-8.530685311254038e-07,6.153191704016325e-07
C:\Users\damba\.cache\kagglehub\datasets\salmaneunus\mechanical-tools-dataset\versions\20\Mechanical Tools Image dataset\Mechanical Tools Image dataset\Rope\000159.jpg,Rope,exito,3933630.0,459327930.0,499769655.0,63738320490.0,67889141385.0,60944755710.0,9844429448400.0,9782037406275.0,8731283402340.0,8620491784680.0,10102836909.163755,4393157253.59491,2586912926.6258335,42332875622.221054,40382462061.27885,29153013635.089844,35774883609.22266,0.0006529145206026248,0.0002839159127235963,0.00016718403241733077,1.3794120069336425e-06,1.3158579996779283e-06,9.499476814524333e-07,1.1657205722946861e-06
C:\Users\damba\.cache\kagglehub\datasets\salmaneunus\mechanical-tools-dataset\versions\20\Mechanical Tools Image dataset\Mechanical Tools Image dataset\Rope\000160.jpg,Rope,exito,10371615.0,1177945215.0,1304342595.0,175555609095.0,201319319895.0,146278906095.0,29339538245385.0,34272347323005.0,21811028301855.0,22485506463345.0,41771725915.63053,37284152263.793686,-1860425966.683044,-87363835832.11427,-423500909670.7134,155606363888.1797,88814733947.78906,0.00038831989846251726,0.00034660234653890174,-1.7294962241650174e-05,-2.5218295318457466e-07,-1.2224704771703206e-06,4.4917066662507874e-07,2.5637109085156e-07
C:\Users\damba\.cache\kagglehub\datasets\salmaneunus\mechanical-tools-dataset\versions\20\Mechanical Tools Image dataset\Mechanical Tools Image dataset\Rope\000161.jpg,Rope,exito,434520.0,48203415.0,50168700.0,5359907475.0,7578128250.0,5583939000.0,597418354125.0,1266615887130.0,623532723330.0,849806508720.0,12468421.188380687,1785763204.2253525,18481331.514084928,51408205.58611063,-20698113752.389374,589437114.2111816,4860292871.166748,6.603769753354569e-05,0.009458109295911975,9.788445241821608e-05,4.130551276369265e-07,-0.00016630539658724625,4.736014798972511e-06,3.905152629554194e-05
C:\Users\damba\.cache\kagglehub\datasets\salmaneunus\mechanical-tools-dataset\versions\20\Mechanical Tools Image dataset\Mechanical Tools Image dataset\Rope\000162.jpg,Rope,exito,5779065.0,641073570.0,693292725.0,85776722520.0,99045840555.0,77586204120.0,12754192556490.0,15534911968785.0,10713627282690.0,11256903601020.0,14662221791.500685,15874115970.15355,679015453.5326308,-14017433329.127768,-155961716511.67233,272669200505.02344,106798255875.39453,0.00043902032431291266,0.00047530719699229916,2.0331269630376e-05,-1.745920848784606e-07,-1.942558284933228e-06,3.396191234196318e-06,1.3302100118373585e-06
C:\Users\damba\.cache\kagglehub\datasets\salmaneunus\mechanical-tools-dataset\versions\20\Mechanical Tools Image dataset\Mechanical Tools Image dataset\Rope\000163.jpg,Rope,exito,2246550.0,269738745.0,365723040.0,37916944755.0,60055886400.0,44147196300.0,5814732767235.0,9946654908690.0,6230473192530.0,7293303151140.0,5529955569.727017,518666223.8002265,235565654.26107055,-65819921561.54681,1094952165.6690226,1285027921.3222656,5816559793.0625,0.0010956944562284837,0.00010276749946454344,4.667451269675066e-05,-8.70095932212063e-06,1.4474545133338442e-07,1.6987221202868146e-07,7.689108244651309e-07
C:\Users\damba\.cache\kagglehub\datasets\salmaneunus\mechanical-tools-dataset\versions\20\Mechanical Tools Image dataset\Mechanical Tools Image dataset\Rope\000164.jpg,Rope,exito,3807150.0,422440905.0,391528785.0,61007736375.0,43401612765.0,43862326110.0,9934325468715.0,5001683562975.0,6473355525210.0,4905919360770.0,14133744486.784662,3136640414.6654396,418339330.1383132,28357227293.316227,-106901791947.35706,106458452873.60742,4037282522.5742188,0.0009751181934675754,0.00021640373770488058,2.8862152718434286e-05,1.0026833280445019e-06,-3.7799409446833035e-06,3.7642649163706124e-06,1.42754290964997e-07
C:\Users\damba\.cache\kagglehub\datasets\salmaneunus\mechanical-tools-dataset\versions\20\Mechanical Tools Image dataset\Mechanical Tools Image dataset\Rope\000165.jpg,Rope,exito,7538820.0,827163135.0,930407535.0,121993296675.0,131220845505.0,89400352590.0,20341355029875.0,20220597581265.0,12105888926100.0,11349910595580.0,31236540060.167953,16394097925.832947,-12684431696.96031,101611073642.95259,-20666686401.36661,-166495063650.16406,83205157702.84375,0.0005496119600846905,0.00028845679699100957,-0.00022318462141127576,6.511523393093954e-07,-1.324379392280625e-07,-1.0669471967220988e-06,5.332020530674864e-07
C:\Users\damba\.cache\kagglehub\datasets\salmaneunus\mechanical-tools-dataset\versions\20\Mechanical Tools Image dataset\Mechanical Tools Image dataset\Rope\000166.jpg,Rope,exito,3593460.0,394735920.0,289584120.0,48608182620.0,29106143700.0,34013825760.0,6509701018950.0,3412784244630.0,4381866802410.0,3529180651620.0,5247063659.931875,5769592700.079478,2203466377.7916536,17405379583.68968,137322194244.04227,-19387822510.08008,-23222368031.38672,0.00040634105460292955,0.0004468065444454885,0.00017063998261945663,7.110521626181202e-07,5.609946207906426e-06,-7.92039786203062e-07,-9.486903132698623e-07
C:\Users\damba\.cache\kagglehub\datasets\salmaneunus\mechanical-tools-dataset\versions\20\Mechanical Tools Image dataset\Mechanical Tools Image dataset\Rope\000167.jpg,Rope,exito,5445780.0,565374270.0,912046770.0,85420832790.0,161584325100.0,96798279480.0,14724156803430.0,29723343075540.0,14532634812270.0,17379609207120.0,26724362279.249863,8836819569.583252,2110690779.279834,306887906939.29297,-298370486356.97723,-211709460523.1914,-102866629633.79688,0.000901129412753292,0.00029797223769595127,7.117122281765495e-05,4.434345660210616e-06,-4.311274056079757e-06,-3.0590743599494514e-06,-1.4863609232648989e-06
C:\Users\damba\.cache\kagglehub\datasets\salmaneunus\mechanical-tools-dataset\versions\20\Mechanical Tools Image dataset\Mechanical Tools Image dataset\Rope\000168.jpg,Rope,exito,5887695.0,693624480.0,684170865.0,95903723670.0,90433861215.0,79163923035.0,14583214908870.0,13036305959595.0,10812106895745.0,10304025795735.0,14188397170.364681,10930800591.980598,-1437680897.7402608,-58170162762.069534,-12821694787.955494,6500924338.050781,-15785470447.210938,0.00040930092738374963,0.00031532714834691257,-4.147361521258189e-05,-6.915713902065358e-07,-1.5243411515932996e-07,7.728796119210535e-08,-1.8766974723612523e-07
C:\Users\damba\.cache\kagglehub\datasets\salmaneunus\mechanical-tools-dataset\versions\20\Mechanical Tools Image dataset\Mechanical Tools Image dataset\Rope\000169.jpg,Rope,exito,6176865.0,668534520.0,762251355.0,91319538690.0,105586455915.0,81911173185.0,14096683899660.0,15789756622275.0,10857309884355.0,11250757391865.0,18962703235.181034,11521403789.150394,-588823776.9336896,108243586457.59505,-83640382584.35254,-284449578135.03906,-31750349519.63672,0.0004970087437153465,0.0003019737403504329,-1.5432956051360397e-05,1.1415157272630878e-06,-8.8205514320928e-07,-2.9997497097133034e-06,-3.348329864972084e-07
C:\Users\damba\.cache\kagglehub\datasets\salmaneunus\mechanical-tools-dataset\versions\20\Mechanical Tools Image dataset\Mechanical Tools Image dataset\Rope\000170.jpg,Rope,exito,1108485.0,124835505.0,122439015.0,18678208635.0,17757418935.0,13681282185.0,3141810412485.0,2858584645575.0,1875310823205.0,1975805168565.0,4619467823.347135,4233273462.42236,-107570410.41407965,-2166100109.3669357,-38014360521.623344,-163583933349.84375,-238467622.04492188,0.003759519182917478,0.0034452178036778153,-8.754537036108464e-05,-1.6743797875153853e-06,-2.938482696043602e-05,-0.0001264492025916996,-1.8433375475225409e-07
C:\Users\damba\.cache\kagglehub\datasets\salmaneunus\mechanical-tools-dataset\versions\20\Mechanical Tools Image dataset\Mechanical Tools Image dataset\Rope\000171.jpg,Rope,exito,7670655.0,806756760.0,839489325.0,107455332300.0,108715168215.0,88042391910.0,16075469543670.0,15580066071345.0,11736777694470.0,11400871608120.0,22605150691.55879,16840051058.908953,-250418533.38286743,18948686775.926342,-3910704417.932443,29361484132.570312,21628310008.660156,0.0003841868593909782,0.00028620584824156346,-4.255999492610525e-06,1.1627811738735392e-07,-2.3997934672354722e-08,1.801759741456825e-07,1.3272155478722465e-07
C:\Users\damba\.cache\kagglehub\datasets\salmaneunus\mechanical-tools-dataset\versions\20\Mechanical Tools Image dataset\Mechanical Tools Image dataset\Rope\000172.jpg,Rope,exito,4537980.0,472791165.0,645119145.0,67813209015.0,102317484945.0,59142952740.0,11261175470925.0,17192728249875.0,7790635898130.0,8673992301930.0,18555282426.064564,10607360342.086145,-8069029712.182234,329652352084.34106,-368607603402.40765,-168338690426.71094,308192582845.4453,0.0009010365620175472,0.0005150888720124792,-0.00039182862452523366,7.514493878972309e-06,-8.402486929022033e-06,-3.837315434904255e-06,7.0253139790861935e-06
C:\Users\damba\.cache\kagglehub\datasets\salmaneunus\mechanical-tools-dataset\versions\20\Mechanical Tools Image dataset\Mechanical Tools Image dataset\Rope\000173.jpg,Rope,exito,2518635.0,265721985.0,290221365.0,31234021545.0,37885603725.0,30456040260.0,3986473564575.0,5372577139035.0,3561946392120.0,3973443300960.0,3199719904.4922566,4443504849.036144,-163004261.02409455,16053851753.748936,-17013536970.599205,-2743503646.4570312,13987807623.359375,0.0005044074524719242,0.0007004791131255681,-2.5696175446419006e-05,1.5946528843501665e-06,-1.689979839064391e-06,-2.725162827061897e-07,1.389429659278895e-06
C:\Users\damba\.cache\kagglehub\datasets\salmaneunus\mechanical-tools-dataset\versions\20\Mechanical Tools Image dataset\Mechanical Tools Image dataset\Rope\000174.jpg,Rope,exito,10075305.0,1067614110.0,1040408160.0,159028447860.0,150769504290.0,108217925100.0,26984843956890.0,25032911106750.0,16087582709220.0,15512523707520.0,45900370062.743034,43333636155.52808,-2027316287.2470934,406117030692.9853,514431531210.0135,95440349432.10156,-44839302473.640625,0.00045216795728765383,0.0004268828707809464,-1.997124343719783e-05,1.2603921720375875e-06,1.5965483493268588e-06,2.962009968296328e-07,-1.3915965489299152e-07
C:\Users\damba\.cache\kagglehub\datasets\salmaneunus\mechanical-tools-dataset\versions\20\Mechanical Tools Image dataset\Mechanical Tools Image dataset\Rope\000175.jpg,Rope,exito,8750835.0,989949015.0,994362810.0,137696588355.0,144522993180.0,107018525205.0,21359757711915.0,23523130154670.0,14378503856925.0,15068855732715.0,25707383633.45398,31532930184.743423,-5469995526.12247,-33697909545.40769,-65320060669.01722,-30444907142.929688,-37368358963.97656,0.0003357058337684315,0.00041178008504355726,-7.143120571853433e-05,-1.4875762031962234e-07,-2.883519160487675e-07,-1.3439741510764686e-07,-1.6496062306892066e-07
C:\Users\damba\.cache\kagglehub\datasets\salmaneunus\mechanical-tools-dataset\versions\20\Mechanical Tools Image dataset\Mechanical Tools Image dataset\Rope\000176.jpg,Rope,exito,8248740.0,829879395.0,1020388875.0,105457839015.0,158860656585.0,106632263445.0,15303570124695.0,27275240540805.0,13873613901375.0,16908970770735.0,21966322705.167694,32636111233.37469,3974196606.945853,273870457393.77887,-450532887151.9549,28564419391.871094,-56727940297.61719,0.00032283612790791203,0.00047964859307452124,5.840823980198222e-05,1.4014452952097096e-06,-2.3054593074583177e-06,1.4616936615976923e-07,-2.9028726133364544e-07
C:\Users\damba\.cache\kagglehub\datasets\salmaneunus\mechanical-tools-dataset\versions\20\Mechanical Tools Image dataset\Mechanical Tools Image dataset\Rope\000177.jpg,Rope,exito,3722235.0,436082640.0,411427455.0,65338130820.0,55152783375.0,49272656010.0,10876044015510.0,8412029937735.0,7360738855860.0,6709058544030.0,14248377242.010008,9676731828.609991,1071408441.0310397,-117287815358.88594,176677898417.87747,-112283702010.70312,10721369231.542969,0.0010283899602090147,0.0006984271746284626,7.732990679042968e-05,-4.38776567018886e-06,6.609563107531658e-06,-4.20056057397571e-06,4.0108902794069564e-07
C:\Users\damba\.cache\kagglehub\datasets\salmaneunus\mechanical-tools-dataset\versions\20\Mechanical Tools Image dataset\Mechanical Tools Image dataset\Rope\000178.jpg,Rope,exito,6301815.0,774955965.0,726131370.0,114472976415.0,100783692330.0,89075397420.0,18624062001045.0,15717057632130.0,13277291736150.0,12374922089670.0,19173963719.596977,17114659440.574198,-219486126.26754627,-168852582848.54498,160081935671.67276,141038922217.8125,31784117080.679688,0.00048281483085738005,0.0004309599999157702,-5.526825776826616e-06,-1.6937276763745141e-06,1.6057510069473783e-06,1.4147342135749856e-06,3.1882034530062266e-07
C:\Users\damba\.cache\kagglehub\datasets\salmaneunus\mechanical-tools-dataset\versions\20\Mechanical Tools Image dataset\Mechanical Tools Image dataset\Rope\000179.jpg,Rope,exito,9018585.0,1109408610.0,970446360.0,176609975190.0,137403293730.0,123720289020.0,30845251901820.0,22029390084180.0,19810095408810.0,18070350079800.0,40137627926.86149,32978249486.668087,4342188428.038008,-755125219618.1774,146825291664.63885,-262347221540.6875,233392395721.15625,0.0004934860689017971,0.00040546259305840077,5.338655043810668e-05,-3.0915264599317315e-06,6.011112625770104e-07,-1.0740647458347498e-06,9.555220090300412e-07
C:\Users\damba\.cache\kagglehub\datasets\salmaneunus\mechanical-tools-dataset\versions\20\Mechanical Tools Image dataset\Mechanical Tools Image dataset\Rope\000180.jpg,Rope,exito,6846240.0,733737000.0,712287930.0,99847955550.0,84612461880.0,74497675995.0,15361095264870.0,11018190935010.0,9955955077695.0,8625585391065.0,21210632702.860554,10505492912.554388,-1840870257.3092918,113573796679.0038,29048438495.82939,-37715073142.07422,-59595761288.80859,0.0004525320930965405,0.00022413629821084756,-3.927524851943676e-05,9.260785927944152e-07,2.3686041879117676e-07,-3.0752799399024983e-07,-4.85942711828482e-07
C:\Users\damba\.cache\kagglehub\datasets\salmaneunus\mechanical-tools-dataset\versions\20\Mechanical Tools Image dataset\Mechanical Tools Image dataset\Rope\000181.jpg,Rope,exito,5884380.0,648361725.0,592892850.0,92398886625.0,67245878640.0,64563562455.0,14756197133445.0,8306480093700.0,9132441710775.0,7263201713115.0,20960106932.836063,7507736035.150806,-763461116.9253768,-43554700151.83282,18067947054.091373,-9157114325.148438,7662030223.191406,0.000605329825161053,0.00021682411049122677,-2.2048827608875596e-05,-5.185411797517398e-07,2.1510823283044134e-07,-1.090201711579046e-07,9.122042345319573e-08
C:\Users\damba\.cache\kagglehub\datasets\salmaneunus\mechanical-tools-dataset\versions\20\Mechanical Tools Image dataset\Mechanical Tools Image dataset\Rope\000182.jpg,Rope,exito,2330700.0,251486100.0,300128880.0,34000543320.0,45634516950.0,33320065365.0,5211066290400.0,7529981328210.0,4556721473115.0,5173588337325.0,6864807921.53173,6986323441.588623,935699496.9912481,60909007052.46767,-145751851190.1772,-23523011616.48242,8570283849.009766,0.0012637339060031928,0.0012861035461383306,0.000172251750332168,7.3445565524267664e-06,-1.7575113525738842e-05,-2.836462084365033e-06,1.0334257188789915e-06
C:\Users\damba\.cache\kagglehub\datasets\salmaneunus\mechanical-tools-dataset\versions\20\Mechanical Tools Image dataset\Mechanical Tools Image dataset\Rope\000183.jpg,Rope,exito,7921830.0,894877620.0,890248860.0,136898150460.0,132515158950.0,99655297440.0,23455068646290.0,22180567002480.0,15126126113610.0,14621259996480.0,35809645054.447945,32469710773.0889,-910327048.8508372,-99790640615.30086,-9219345939.560825,-52710061532.47656,-143512135737.48438,0.0005706226149057984,0.0005174011425805403,-1.4505957829096703e-05,-5.64970816238391e-07,-5.219589100281949e-08,-2.984212377469496e-07,-8.125027354047202e-07
C:\Users\damba\.cache\kagglehub\datasets\salmaneunus\mechanical-tools-dataset\versions\20\Mechanical Tools Image dataset\Mechanical Tools Image dataset\Rope\000184.jpg,Rope,exito,3761250.0,404639100.0,433118775.0,55583064510.0,52029523485.0,44556477930.0,8636159768040.0,6493201290615.0,5956044851670.0,5114463824400.0,12051578634.61017,2154648574.3983026,-2038880344.271186,63434992195.76855,5623762438.273751,-5815539500.490234,-13359330730.511719,0.000851882187286651,0.0001523042578937513,-0.00014412102347367546,2.312056213148359e-06,2.0497290906183045e-07,-2.1196273175887707e-07,-4.86916172759359e-07
C:\Users\damba\.cache\kagglehub\datasets\salmaneunus\mechanical-tools-dataset\versions\20\Mechanical Tools Image dataset\Mechanical Tools Image dataset\Rope\000185.jpg,Rope,exito,7015815.0,741986250.0,918482460.0,108050598180.0,129842854830.0,98363116815.0,17864910183030.0,19493793982050.0,14334586991925.0,13967573950275.0,29578803358.00675,9598802025.350542,1225242428.891601,181121639571.44156,-17987231148.351997,-70126543301.66406,-85296643515.67969,0.0006009306327613788,0.0001950117489551414,2.489234264037973e-05,1.3892327708326923e-06,-1.379650218878276e-07,-5.378821232537618e-07,-6.542392874445917e-07
C:\Users\damba\.cache\kagglehub\datasets\salmaneunus\mechanical-tools-dataset\versions\20\Mechanical Tools Image dataset\Mechanical Tools Image dataset\Rope\000186.jpg,Rope,exito,8639145.0,1083171660.0,970496595.0,167695488330.0,144095814885.0,125918820990.0,28611818276640.0,23902700956155.0,19899904971120.0,19021739893020.0,31887969758.757637,35073030696.68113,4238445463.197555,-409953061167.5414,-164612584080.9673,-1350122701.15625,2809571988.1171875,0.00042725321845496283,0.0004699284827316815,5.678911135130052e-05,-1.8687759030457584e-06,-7.503884215243958e-07,-6.154550384110214e-09,1.2807467309336624e-08
C:\Users\damba\.cache\kagglehub\datasets\salmaneunus\mechanical-tools-dataset\versions\20\Mechanical Tools Image dataset\Mechanical Tools Image dataset\Rope\000187.jpg,Rope,exito,8617215.0,954874785.0,905684010.0,141565982835.0,114694300860.0,102537546630.0,23649916805175.0,16223475154470.0,15264441668310.0,13177853496240.0,35756175950.896935,19505364995.027374,2178576321.5316806,38677086779.43284,68813967827.76227,-97201531592.89844,10617985420.144531,0.0004815231908428833,0.00026267589699353904,2.933856862320232e-05,1.77433832403769e-07,3.1568887554070765e-07,-4.459188036678937e-07,4.8710748465818514e-08
C:\Users\damba\.cache\kagglehub\datasets\salmaneunus\mechanical-tools-dataset\versions\20\Mechanical Tools Image dataset\Mechanical Tools Image dataset\Rope\000188.jpg,Rope,exito,4486980.0,495902835.0,530527755.0,71392841385.0,73712851785.0,58268586555.0,11578403816055.0,11226258275025.0,8339760926805.0,8005928094495.0,16585460527.265572,10984758763.560186,-365554392.9617532,21974718526.147537,-86952968225.49724,-20723172393.628906,-54401720494.04297,0.0008237952198038025,0.0005456099181112543,-1.8156985210336036e-05,5.152737122075614e-07,-2.038914795277377e-06,-4.859268597810084e-07,-1.2756375666923292e-06
C:\Users\damba\.cache\kagglehub\datasets\salmaneunus\mechanical-tools-dataset\versions\20\Mechanical Tools Image dataset\Mechanical Tools Image dataset\Rope\000189.jpg,Rope,exito,10642170.0,1169605950.0,1146736020.0,178014584040.0,167493241200.0,127121867385.0,30618941744760.0,27980998198500.0,19725044022825.0,18627897227055.0,49471431818.6577,43927887558.267136,1092188092.9647386,180499331210.7229,466129080478.24854,303197257730.4297,-15480424865.679688,0.0004368115323571437,0.0003878644133017051,9.64355259130033e-06,4.885399872387959e-07,1.2616262536874538e-06,8.206345332633701e-07,-4.189936059929851e-08
C:\Users\damba\.cache\kagglehub\datasets\salmaneunus\mechanical-tools-dataset\versions\20\Mechanical Tools Image dataset\Mechanical Tools Image dataset\Rope\000190.jpg,Rope,exito,2563005.0,299948085.0,301901895.0,38796905385.0,41305466355.0,34538439045.0,5396533001325.0,6140685440115.0,4321868397345.0,4638461279415.0,3694026656.645111,5743790039.662722,-793093770.2387812,-8485684692.485156,-77921531524.0896,-62471602245.36328,-8670703908.722656,0.0005623427730874934,0.0008743788605655874,-0.00012073289976730623,-8.068880002517327e-07,-7.409413739318596e-06,-5.940308653339822e-06,-8.244811339596384e-07
C:\Users\damba\.cache\kagglehub\datasets\salmaneunus\mechanical-tools-dataset\versions\20\Mechanical Tools Image dataset\Mechanical Tools Image dataset\Rope\000191.jpg,Rope,exito,7503885.0,885866175.0,677473290.0,126402260445.0,78418265040.0,80498467830.0,19878095067705.0,10507615189380.0,11424455240790.0,9586591447830.0,21821915729.012146,17253940338.405552,519807165.96188253,-196583716395.57993,312303365466.46423,-110251703520.51562,235115586606.03906,0.00038754356939064207,0.00030641918463230944,9.2314500245218e-06,-1.2744773361721728e-06,2.0247025979322325e-06,-7.147758725271015e-07,1.5242843710780506e-06
C:\Users\damba\.cache\kagglehub\datasets\salmaneunus\mechanical-tools-dataset\versions\20\Mechanical Tools Image dataset\Mechanical Tools Image dataset\Rope\000192.jpg,Rope,exito,2218500.0,246030885.0,261618015.0,36654558585.0,31140889935.0,29307868335.0,6150778034625.0,3740514624255.0,4383565746795.0,3522374001135.0,9369818276.736208,289420125.42586106,294520684.6086222,7580895215.008444,-54610614.55558188,-4270731491.6972656,-603030266.0078125,0.0019037604573332154,5.880440517295701e-05,5.984073721223865e-05,1.0341223183150148e-06,-7.449523272267407e-09,-5.825774695251475e-07,-8.22603451190724e-08
C:\Users\damba\.cache\kagglehub\datasets\salmaneunus\mechanical-tools-dataset\versions\20\Mechanical Tools Image dataset\Mechanical Tools Image dataset\Rope\000193.jpg,Rope,exito,4786350.0,555694980.0,483785235.0,85246390350.0,62053499025.0,48116189445.0,14499188046330.0,8952948920295.0,6507188041635.0,5787824372655.0,20730232777.486416,13154410240.43447,-8051250564.113479,-211471173738.89484,21636854254.720882,-239678766261.71094,210993257667.51367,0.0009048889245220986,0.0005741990581078524,-0.00035144262692172074,-4.219296478448378e-06,4.317009327917382e-07,-4.782097515075598e-06,4.20976104361194e-06
C:\Users\damba\.cache\kagglehub\datasets\salmaneunus\mechanical-tools-dataset\versions\20\Mechanical Tools Image dataset\Mechanical Tools Image dataset\Rope\000194.jpg,Rope,exito,4789410.0,534366525.0,572432415.0,77873976975.0,91293681435.0,67105904805.0,12518717274345.0,16693934439075.0,10087369978455.0,10468292725425.0,18253359186.885048,22876304400.515125,3238179886.709881,-243024714878.29474,314100829799.17926,57253832160.20703,-491630431787.5781,0.0007957538831325423,0.0009972908477860556,0.00014116821965474158,-4.8411150144855e-06,6.256969559514421e-06,1.1405111066436895e-06,-9.793405029182908e-06
C:\Users\damba\.cache\kagglehub\datasets\salmaneunus\mechanical-tools-dataset\versions\20\Mechanical Tools Image dataset\Mechanical Tools Image dataset\Rope\000195.jpg,Rope,exito,1994100.0,187434690.0,261435435.0,28224098700.0,43119202305.0,33080182785.0,4988233998780.0,7762790355855.0,5420082867405.0,6220276241055.0,10606244522.47826,8843846669.054344,8506656023.934782,341460266954.25165,-209265816581.5511,120617248487.62695,-63218545119.45508,0.0026672748402175516,0.002224064291664911,0.0021392670646937584,6.080969732988778e-05,-3.726755994576922e-05,2.148038610383665e-05,-1.125841266581383e-05
C:\Users\damba\.cache\kagglehub\datasets\salmaneunus\mechanical-tools-dataset\versions\20\Mechanical Tools Image dataset\Mechanical Tools Image dataset\Rope\000196.jpg,Rope,exito,6868170.0,766358895.0,823661220.0,99528584115.0,117338257140.0,92068827885.0,14241083342025.0,18468998204700.0,11846660324085.0,13105075776375.0,14017311687.90209,18561173094.047672,163691230.905543,7423031446.138204,-54598179657.85142,-125775925849.03906,-26933087840.38672,0.0002971547370886837,0.00039348062122208347,3.470110800592437e-06,6.004525725115253e-08,-4.416472928598306e-07,-1.0174074942840848e-06,-2.1786303879734356e-07
C:\Users\damba\.cache\kagglehub\datasets\salmaneunus\mechanical-tools-dataset\versions\20\Mechanical Tools Image dataset\Mechanical Tools Image dataset\Rope\000197.jpg,Rope,exito,3459840.0,372114105.0,380803485.0,51311651565.0,44525482935.0,38618143500.0,7972952548155.0,5496353894235.0,5067507586860.0,4298221420380.0,11289885489.126251,2612766107.590289,-2338186272.9536424,25752513801.032894,20563120246.445103,-77097814687.71289,24098550706.695312,0.0009431429142985484,0.00021826721302590384,-0.00019532915703798057,1.1565904186258106e-06,9.235256813311529e-07,-3.462597649834888e-06,1.082308044390375e-06
C:\Users\damba\.cache\kagglehub\datasets\salmaneunus\mechanical-tools-dataset\versions\20\Mechanical Tools Image dataset\Mechanical Tools Image dataset\Rope\000198.jpg,Rope,exito,7305495.0,788855250.0,944995320.0,112857476700.0,138287404740.0,101216407695.0,18291446990850.0,21823662025170.0,14309713476945.0,14680985561235.0,27676033765.25534,16048438753.177433,-825208842.6103785,127998509077.6425,-216233878442.88528,-110643617657.05469,-37949740129.92969,0.0005185666178096517,0.00030070004524305376,-1.5461961136797778e-05,8.873210641991617e-07,-1.4989930470164115e-06,-7.670121572021608e-07,-2.6307809396236645e-07
C:\Users\damba\.cache\kagglehub\datasets\salmaneunus\mechanical-tools-dataset\versions\20\Mechanical Tools Image dataset\Mechanical Tools Image dataset\Rope\000199.jpg,Rope,exito,2478600.0,237340230.0,239656140.0,28173791280.0,24976554360.0,23081644005.0,3893203453110.0,2800746845820.0,2732637977055.0,2418791101245.0,5447096865.228393,1804172596.22222,133187865.03703481,152218805317.54977,36869379094.202194,-16996390883.617188,1386221204.196289,0.0008866499780244924,0.0002936737921817276,2.1679625042479305e-05,1.5738096201661587e-05,3.8119720744726243e-06,-1.7572785060912016e-06,1.4332317628503344e-07
C:\Users\damba\.cache\kagglehub\datasets\salmaneunus\mechanical-tools-dataset\versions\20\Mechanical Tools Image dataset\Mechanical Tools Image dataset\Rope\000200.jpg,Rope,exito,7701510.0,876372780.0,888268020.0,123437728620.0,124471523100.0,100529808465.0,19428563921250.0,19379382349200.0,14087765654865.0,14031656421315.0,23713226603.52163,22021474297.26906,-548280646.4204268,-14469721528.024054,-56548541424.48935,-24374733959.710938,-5774472312.4609375,0.00039979640455986196,0.00037127407393172267,-9.243812948512469e-06,-8.790639373956983e-08,-3.435434702894631e-07,-1.4808128522789992e-07,-3.5081050851899414e-08
C:\Users\damba\.cache\kagglehub\datasets\salmaneunus\mechanical-tools-dataset\versions\20\Mechanical Tools Image dataset\Mechanical Tools Image dataset\Rope\000201.jpg,Rope,exito,2204985.0,237610785.0,212923215.0,28331874195.0,26308065165.0,23877293220.0,3663065767215.0,3625972597665.0,2954682638700.0,3061781048010.0,2726763435.3729615,5747247070.574766,932532933.2525728,22326411268.485497,-24411628392.559723,17849279202.348633,46705736309.53906,0.0005608363870144177,0.001182084679780619,0.00019180189754370656,3.0924652058827192e-06,-3.3812918034654935e-06,2.472330829149577e-06,6.469282622964979e-06
C:\Users\damba\.cache\kagglehub\datasets\salmaneunus\mechanical-tools-dataset\versions\20\Mechanical Tools Image dataset\Mechanical Tools Image dataset\Rope\000202.jpg,Rope,exito,5142330.0,561074970.0,606620265.0,67399464630.0,85736147175.0,65191309215.0,8696706393270.0,13391186505675.0,7784112375165.0,9119004500055.0,6181082697.976798,14175561621.62824,-996478613.9154953,-6012835943.801938,-67236079855.179085,50714736761.36328,-487629475.42578125,0.00023374625827472925,0.000536068622586627,-3.768322781537551e-05,-1.0027195820979981e-07,-1.1212501808533222e-06,8.457350263145522e-07,-8.13186370603747e-09
C:\Users\damba\.cache\kagglehub\datasets\salmaneunus\mechanical-tools-dataset\versions\20\Mechanical Tools Image dataset\Mechanical Tools Image dataset\Rope\000203.jpg,Rope,exito,6242910.0,612279225.0,879341235.0,86638382565.0,142407852585.0,79102119450.0,14329224004815.0,24890074591515.0,10449344174970.0,12569534578320.0,26588526109.180412,18548785648.054676,-7140092895.900057,616694743269.6267,-394051100640.2941,-353509179259.0703,614178277417.5234,0.0006822131957784353,0.0004759280857767945,-0.0001832017906018872,6.33289899506602e-06,-4.046549523057179e-06,-3.630220543484632e-06,6.307057159636372e-06
C:\Users\damba\.cache\kagglehub\datasets\salmaneunus\mechanical-tools-dataset\versions\20\Mechanical Tools Image dataset\Mechanical Tools Image dataset\Rope\000204.jpg,Rope,exito,8224260.0,924646320.0,834557115.0,141735422940.0,107851079295.0,90677288040.0,24338476964520.0,15472553704725.0,13542473464380.0,11703621634650.0,37778250247.314896,23164362411.399147,-3151234552.2535048,-91462916946.80669,-172848132743.03522,-131553231968.98438,217562932114.33594,0.0005585321488650079,0.0003424732757612605,-4.6589394546480045e-05,-4.7152309476512325e-07,-8.910921409030607e-07,-6.782025889295167e-07,1.121612457608239e-06
C:\Users\damba\.cache\kagglehub\datasets\salmaneunus\mechanical-tools-dataset\versions\20\Mechanical Tools Image dataset\Mechanical Tools Image dataset\Rope\000205.jpg,Rope,exito,5403450.0,450139005.0,777508005.0,62112755925.0,133000320675.0,73694624640.0,10143094732695.0,24456502407135.0,10698630908640.0,13327805741340.0,24613542677.46555,21123890276.07337,8923657989.02053,867834413712.4772,-760127998468.2571,274376404466.79688,-319968005806.1289,0.0008430083043257897,0.0007234884939460611,0.00030563328035645846,1.2786716168567333e-05,-1.1199764395855102e-05,4.042675828284592e-06,-4.714424789590079e-06
C:\Users\damba\.cache\kagglehub\datasets\salmaneunus\mechanical-tools-dataset\versions\20\Mechanical Tools Image dataset\Mechanical Tools Image dataset\Rope\000206.jpg,Rope,exito,4259775.0,492313710.0,495576435.0,61200704820.0,69759622995.0,53551437945.0,8039341180290.0,10841776430835.0,6260844118635.0,7257279012225.0,4302678737.87968,12104933973.324154,-3723670083.809934,-28334109911.102875,-90506452563.0336,1546515679.453125,61384272627.625,0.00023711858770350785,0.0006670971789572407,-0.00020520969496828494,-7.565592112004507e-07,-2.4166451875309486e-06,4.129406874707232e-08,1.639043436514351e-06
C:\Users\damba\.cache\kagglehub\datasets\salmaneunus\mechanical-tools-dataset\versions\20\Mechanical Tools Image dataset\Mechanical Tools Image dataset\Rope\000207.jpg,Rope,exito,4866165.0,741308205.0,527394825.0,123335966535.0,72330332565.0,81445387125.0,21555608877345.0,11210649351705.0,13624118215095.0,11364951066015.0,10405588136.338627,15171296355.422106,1102424844.2226076,-403666998141.7289,82960615689.69215,-78915621975.53125,107236764012.89844,0.00043943330628541113,0.0006406916005849868,4.6555964725928365e-05,-7.727805239714398e-06,1.5881988955451885e-06,-1.5107614935212327e-06,2.052941733269787e-06
C:\Users\damba\.cache\kagglehub\datasets\salmaneunus\mechanical-tools-dataset\versions\20\Mechanical Tools Image dataset\Mechanical Tools Image dataset\Rope\000208.jpg,Rope,exito,1484610.0,166800855.0,165543195.0,22199818815.0,22932756645.0,18569889735.0,3270578213325.0,3551788325595.0,2466510281955.0,2571934986525.0,3459189808.9101686,4473666775.736001,-29437000.931810193,-947907780.2680211,-3038860004.0147176,-2292097934.7285156,1928570347.0185547,0.0015694577528872625,0.00202973279665885,-1.3355765912346571e-05,-3.5296783739102504e-07,-1.1315656080466741e-06,-8.534974265965026e-07,7.181324162685143e-07
C:\Users\damba\.cache\kagglehub\datasets\salmaneunus\mechanical-tools-dataset\versions\20\Mechanical Tools Image dataset\Mechanical Tools Image dataset\Rope\000209.jpg,Rope,exito,6966600.0,798582735.0,803470575.0,109035036135.0,113598715035.0,93235362615.0,16362187551135.0,18037666930485.0,12742304273145.0,13174872386355.0,17493339376.167828,20933000785.462112,1133371790.85011,-147050093357.10953,107640053159.76416,-92740866170.03125,-108398407734.2461,0.0003604383316214035,0.0004313102099431371,2.33523530651508e-05,-1.147923947257159e-06,8.402755271025671e-07,-7.239673143723519e-07,-8.461955055037079e-07
C:\Users\damba\.cache\kagglehub\datasets\salmaneunus\mechanical-tools-dataset\versions\20\Mechanical Tools Image dataset\Mechanical Tools Image dataset\Rope\000210.jpg,Rope,exito,3122730.0,342671805.0,359010675.0,46879061025.0,44425470405.0,43605122910.0,7191196671555.0,5823487330335.0,6313464235890.0,5834942247810.0,9276077116.06198,3151115989.4867682,4209198184.9938755,11122622404.991888,-8520776055.705855,132496911.41601562,-7910094487.376953,0.0009512517733264164,0.0003231435697926862,0.0004316487657077175,6.454626327133798e-07,-4.944735463831509e-07,7.688996547306172e-09,-4.5903476958297804e-07
C:\Users\damba\.cache\kagglehub\datasets\salmaneunus\mechanical-tools-dataset\versions\20\Mechanical Tools Image dataset\Mechanical Tools Image dataset\Rope\000211.jpg,Rope,exito,4994430.0,569149800.0,620944380.0,72572809770.0,85189882350.0,70622195175.0,10028174868780.0,12583421665650.0,8984208497175.0,9674742358815.0,7714258375.738792,7989496509.456756,-138706406.98713395,-184201110.59078014,5360787582.378282,-6965454587.203125,1256781131.71875,0.00030925898024838764,0.0003202930758688801,-5.560638481291563e-06,-3.3042843832987927e-09,9.616427736957015e-08,-1.2494953337281477e-07,2.2544718940314076e-08
C:\Users\damba\.cache\kagglehub\datasets\salmaneunus\mechanical-tools-dataset\versions\20\Mechanical Tools Image dataset\Mechanical Tools Image dataset\Rope\000212.jpg,Rope,exito,2755275.0,310336530.0,323755140.0,35924308710.0,48226605210.0,36552414765.0,4264966336920.0,7983951078360.0,4253760449385.0,5446816189695.0,969989503.2272116,10184162740.039799,86709266.54188079,175468187.8086313,-76210389681.12653,12986769224.519531,-5497084300.681641,0.0001277724232002092,0.0013415146733349336,1.1421827827113878e-05,1.3924705270417493e-08,-6.047861028864815e-06,1.030596691769489e-06,-4.362345088849526e-07
C:\Users\damba\.cache\kagglehub\datasets\salmaneunus\mechanical-tools-dataset\versions\20\Mechanical Tools Image dataset\Mechanical Tools Image dataset\Rope\000213.jpg,Rope,exito,3855345.0,436419750.0,467734770.0,53020237500.0,69595929060.0,48124068435.0,6810244808430.0,11448927028260.0,5334139602855.0,6757463168565.0,3618122205.503011,12849823311.499441,-4822864041.784177,-10706045898.411205,-112438860941.89354,-6451797813.162109,49530271578.46484,0.00024342026817043873,0.0008645112737404319,-0.00032447297015426727,-3.668351832333658e-07,-3.852639017948868e-06,-2.2106634470221915e-07,1.6971201527149156e-06
C:\Users\damba\.cache\kagglehub\datasets\salmaneunus\mechanical-tools-dataset\versions\20\Mechanical Tools Image dataset\Mechanical Tools Image dataset\Rope\000214.jpg,Rope,exito,7784895.0,838741410.0,816912900.0,131914464120.0,130514727300.0,87525572955.0,23488620447240.0,23770899734220.0,13869983424555.0,14075697106155.0,41548806927.60524,44791453423.29262,-488289479.00699925,323306920473.3626,674814739647.0541,132671588750.64453,116571587737.94922,0.0006855719478872972,0.0007390769132219648,-8.0569718846316e-06,1.911978932376955e-06,3.990732903500932e-06,7.845958949620175e-07,6.893833869759495e-07
C:\Users\damba\.cache\kagglehub\datasets\salmaneunus\mechanical-tools-dataset\versions\20\Mechanical Tools Image dataset\Mechanical Tools Image dataset\Rope\000215.jpg,Rope,exito,4648395.0,482502075.0,540656865.0,62315187165.0,69725955855.0,53021199615.0,9081736011375.0,9698660156745.0,6808323193455.0,6355303951215.0,12231609418.421743,6841918316.961986,-3098828744.357345,74162222770.12888,-2769458716.288673,203731471780.53125,-161378110701.77734,0.0005660796646225165,0.0003166444164254747,-0.00014341399208565997,1.5919344255922361e-06,-5.9448011481287467e-08,4.373212282340513e-06,-3.4640732217463954e-06
C:\Users\damba\.cache\kagglehub\datasets\salmaneunus\mechanical-tools-dataset\versions\20\Mechanical Tools Image dataset\Mechanical Tools Image dataset\Rope\000216.jpg,Rope,exito,4535175.0,518762820.0,485831610.0,71868895020.0,56226831390.0,52275966705.0,11072603542890.0,6918148302210.0,6926155406505.0,5739669067485.0,12529428866.135506,4182014315.6440773,-3296613415.665732,-14623378679.922514,-1161650642.3290417,-18639454237.179688,14379171289.160156,0.0006091765470816894,0.0002033281060029685,-0.00016028021700544015,-3.3385862586618393e-07,-2.6521031539518254e-08,-4.255475232317108e-07,3.2828325606342925e-07
C:\Users\damba\.cache\kagglehub\datasets\salmaneunus\mechanical-tools-dataset\versions\20\Mechanical Tools Image dataset\Mechanical Tools Image dataset\Rope\000217.jpg,Rope,exito,6801105.0,741675150.0,793432500.0,99563504070.0,114303092100.0,100357849215.0,14980196419560.0,18333560728410.0,14631895101195.0,15642212456925.0,18682231375.70657,21739437803.198235,13832326016.58224,47906691425.14213,-73645320049.09605,-301415314.50390625,-50207672309.16406,0.00040389621821305976,0.00046999079168923494,0.0002990448011714761,3.971435181024662e-07,-6.105151624127907e-07,-2.4987143726903174e-09,-4.162185077580325e-07
C:\Users\damba\.cache\kagglehub\datasets\salmaneunus\mechanical-tools-dataset\versions\20\Mechanical Tools Image dataset\Mechanical Tools Image dataset\Rope\000218.jpg,Rope,exito,7161165.0,989775360.0,977506035.0,154724814390.0,157633227855.0,129522887460.0,26012036930310.0,27448600022835.0,19853246946390.0,20277548889840.0,17923712437.576107,24202696864.383053,-5582418407.732086,-327770450845.46625,-675873584631.4767,276298300169.3672,14394852579.554688,0.00034951080538113844,0.00047195044569739995,-0.00010885666462548932,-2.3884194407457965e-06,-4.9250004228765795e-06,2.013348762426008e-06,1.0489336564353008e-07
C:\Users\damba\.cache\kagglehub\datasets\salmaneunus\mechanical-tools-dataset\versions\20\Mechanical Tools Image dataset\Mechanical Tools Image dataset\Rope\000219.jpg,Rope,exito,5407020.0,636840570.0,582867525.0,90749091960.0,83161937985.0,68322600840.0,14164441341960.0,13220632257735.0,9775941259740.0,9652931985690.0,15741802991.598763,20329813876.040615,-327725375.82483673,-232165482276.59073,-127121137443.36511,70543277776.71875,-71251581468.73047,0.0005384414943980541,0.0006953724023920001,-1.1209703310698551e-05,-3.4150943809644767e-06,-1.86991915390526e-06,1.0376734266770872e-06,-1.0480923913521366e-06
C:\Users\damba\.cache\kagglehub\datasets\salmaneunus\mechanical-tools-dataset\versions\20\Mechanical Tools Image dataset\Mechanical Tools Image dataset\Rope\000220.jpg,Rope,exito,1144185.0,123443460.0,120576750.0,18420471210.0,12749586900.0,12945630135.0,3113549567010.0,1352628656520.0,1926855180885.0,1361924707275.0,5102443254.056163,42941872.6989093,-63115142.69110709,25226262245.919224,-1674363.9666408154,-716189816.4160156,-296159930.66503906,0.0038974960485055423,3.280110543637705e-05,-4.821043703796293e-05,1.801408805593092e-05,-1.1956642501655061e-09,-5.114315506557513e-07,-2.1148797303498437e-07
C:\Users\damba\.cache\kagglehub\datasets\salmaneunus\mechanical-tools-dataset\versions\20\Mechanical Tools Image dataset\Mechanical Tools Image dataset\Rope\000221.jpg,Rope,exito,4029255.0,426170025.0,508257330.0,55278329055.0,70501891020.0,52839909660.0,8120362599315.0,10396664098800.0,6562703596680.0,7254988041480.0,10202777815.750898,6389415264.87184,-917928707.7710304,115358441240.22154,-108512956349.44797,-216025605536.71875,29656145073.203125,0.0006284473831467758,0.0003935605945321908,-5.654047404849317e-05,3.539871485470262e-06,-3.3298119830311986e-06,-6.628928693466532e-06,9.100239322321788e-07
C:\Users\damba\.cache\kagglehub\datasets\salmaneunus\mechanical-tools-dataset\versions\20\Mechanical Tools Image dataset\Mechanical Tools Image dataset\Rope\000222.jpg,Rope,exito,10662315.0,1238806065.0,1029268230.0,188959291395.0,136373300790.0,124618657590.0,32202856427655.0,20739185219580.0,19453093879320.0,17179022248500.0,45028028186.13925,37014663450.23533,5032645937.200878,-214672508808.49756,428329632372.1806,42793206699.65625,362790757053.71094,0.00039607726234848115,0.0003255897972150713,4.426835252335838e-05,-5.782926327830851e-07,1.1538499837651981e-06,1.1527790076581705e-07,9.772989713979364e-07
C:\Users\damba\.cache\kagglehub\datasets\salmaneunus\mechanical-tools-dataset\versions\20\Mechanical Tools Image dataset\Mechanical Tools Image dataset\Rope\000223.jpg,Rope,exito,6614700.0,703248945.0,703232115.0,88172462565.0,88895371755.0,75085709565.0,12229271991645.0,12492753212085.0,9399682622655.0,9507247615665.0,13405794591.605429,14132282337.887617,320830891.1570861,4618857904.285897,37066651926.620926,-42462192045.97656,-11976774613.929688,0.00030638835600428166,0.0003229921749513538,7.332564185233895e-06,4.104490182823121e-08,3.293881563270542e-07,-3.773349473083788e-07,-1.0643010641038497e-07
C:\Users\damba\.cache\kagglehub\datasets\salmaneunus\mechanical-tools-dataset\versions\20\Mechanical Tools Image dataset\Mechanical Tools Image dataset\Rope\000224.jpg,Rope,exito,1020765.0,113388555.0,112722240.0,16771978575.0,12475207410.0,12536973765.0,2794023824115.0,1383672926190.0,1855735375905.0,1389189004335.0,4176558076.660004,27383091.35897967,15568828.542342205,3079595539.056032,-1759474.1989969416,160735170.91601562,-19724412.68408203,0.004008362437952161,2.628033725946e-05,1.4941850774393567e-05,2.9253595739909313e-06,-1.671354120354205e-09,1.5268504099092336e-07,-1.8736551198023307e-08
C:\Users\damba\.cache\kagglehub\datasets\salmaneunus\mechanical-tools-dataset\versions\20\Mechanical Tools Image dataset\Mechanical Tools Image dataset\Rope\000225.jpg,Rope,exito,4562715.0,636876525.0,521111115.0,104032436445.0,74558014605.0,72065786385.0,18161742520695.0,11846402621595.0,11982480716025.0,10457139914355.0,15135429269.211994,15041521864.045717,-672360981.2228154,-584687139078.3995,-104731425290.96933,288557886857.0508,203705349339.08203,0.0007270228456297587,0.0007225120499519266,-3.229652659098171e-05,-1.314816620046733e-05,-2.3551504627038657e-06,6.488952469234012e-06,4.580828976769016e-06
C:\Users\damba\.cache\kagglehub\datasets\salmaneunus\mechanical-tools-dataset\versions\20\Mechanical Tools Image dataset\Mechanical Tools Image dataset\Rope\000226.jpg,Rope,exito,4404870.0,490893615.0,488039145.0,70145018265.0,69493359645.0,41129076735.0,11240112295485.0,11171948782515.0,4814824425825.0,4796727090105.0,15438173057.816084,15420888254.849777,-13259656678.37183,-18050318403.89157,55281534128.97354,-1515929066.359375,-9631217408.484375,0.000795664008800166,0.0007947731718100644,-0.0006833860165005614,-4.4325345344953964e-07,1.3575234722382078e-06,-3.7225980108110546e-08,-2.365094222556003e-07
C:\Users\damba\.cache\kagglehub\datasets\salmaneunus\mechanical-tools-dataset\versions\20\Mechanical Tools Image dataset\Mechanical Tools Image dataset\Rope\000227.jpg,Rope,exito,3621000.0,420307830.0,420650805.0,53534745900.0,59248720875.0,49058160720.0,7309890602280.0,9281655643665.0,6232836463680.0,6935365427910.0,4747484933.607045,10381805728.03838,231088906.32887578,-6288094111.752909,-13360099222.315248,-39930979517.396484,4374881045.9921875,0.00036208167487250797,0.0007918006394499651,1.762471275173533e-05,-2.5202737786207676e-07,-5.35473979100266e-07,-1.6004372524297845e-06,1.753456260171249e-07
C:\Users\damba\.cache\kagglehub\datasets\salmaneunus\mechanical-tools-dataset\versions\20\Mechanical Tools Image dataset\Mechanical Tools Image dataset\Rope\000228.jpg,Rope,exito,6373470.0,716501805.0,644888115.0,110156532765.0,87579694155.0,78746928675.0,18858867064395.0,13845037161645.0,12582626695755.0,11292438169005.0,29607814944.368843,22327848477.80167,6248980395.562331,-181853337231.84683,465036610986.60754,31622260899.785156,182195974511.61328,0.000728877368726742,0.0005496610769287688,0.00015383574899061373,-1.7732967188877598e-06,4.534686627025612e-06,3.0835646104151633e-07,1.7766378594641563e-06
C:\Users\damba\.cache\kagglehub\datasets\salmaneunus\mechanical-tools-dataset\versions\20\Mechanical Tools Image dataset\Mechanical Tools Image dataset\Rope\000229.jpg,Rope,exito,4687920.0,516847515.0,560184510.0,67061449125.0,74456360640.0,63800701650.0,9702400834365.0,10624753500510.0,8414357185800.0,8625165663360.0,10078532658.491354,7516932227.411881,2039841410.27905,86478964680.7106,-68909764761.92253,-48961075981.70703,-71219960651.83594,0.0004586030343120748,0.0003420426410291886,9.281881519540812e-05,1.8174396651811051e-06,-1.448205818131773e-06,-1.0289646952601456e-06,-1.4967568346728338e-06
C:\Users\damba\.cache\kagglehub\datasets\salmaneunus\mechanical-tools-dataset\versions\20\Mechanical Tools Image dataset\Mechanical Tools Image dataset\Rope\000230.jpg,Rope,exito,3596520.0,420844350.0,343575270.0,58275598290.0,36842694780.0,37289366805.0,8945354432010.0,4371067082700.0,4879657050255.0,3687223948545.0,9030781932.264606,4020976520.2453175,-2913860531.2095857,12813145497.637236,83240240702.7411,-5479396755.7734375,-67177278038.51367,0.0006981687340248222,0.000310861241887969,-0.0002252702294727367,5.223355182830769e-07,3.393338058753177e-06,-2.2337087679471847e-07,-2.7385218054039796e-06
C:\Users\damba\.cache\kagglehub\datasets\salmaneunus\mechanical-tools-dataset\versions\20\Mechanical Tools Image dataset\Mechanical Tools Image dataset\Rope\000231.jpg,Rope,exito,7945290.0,971885325.0,942255090.0,149236822455.0,145501549050.0,114164326965.0,25471186981095.0,24607579190760.0,17202930699405.0,17605648931325.0,30353674709.56144,33756772631.403828,-1094385351.0456295,-209645274711.61536,-654501471251.4601,-227763642588.5078,67152545217.71875,0.0004808302351688142,0.0005347384485801722,-1.7336074486652433e-05,-1.1781774184261847e-06,-3.678207652502178e-06,-1.2800001374006864e-06,3.773880068329344e-07
C:\Users\damba\.cache\kagglehub\datasets\salmaneunus\mechanical-tools-dataset\versions\20\Mechanical Tools Image dataset\Mechanical Tools Image dataset\Rope\000232.jpg,Rope,exito,6363525.0,740229045.0,652599825.0,105392804325.0,81538473855.0,86104580610.0,16626985591065.0,11394838562865.0,12971639211390.0,11436144278100.0,19286591328.019238,14612276253.822878,10191726456.53677,-119676841385.02483,35736238173.41678,-207809214191.91406,-139104414473.94922,0.00047627739419361595,0.0003608463900667285,0.0002516820539460246,-1.171563227557594e-06,3.498359586590319e-07,-2.034325362177804e-06,-1.361747309692965e-06
C:\Users\damba\.cache\kagglehub\datasets\salmaneunus\mechanical-tools-dataset\versions\20\Mechanical Tools Image dataset\Mechanical Tools Image dataset\Rope\000233.jpg,Rope,exito,4785840.0,535540290.0,598169055.0,70762613730.0,81893498625.0,65673278850.0,10229968787280.0,11935089412275.0,8549654341710.0,8906258361900.0,10835118825.597832,7129984098.899459,-1262437593.4510806,-113359872727.94456,-82869479866.70987,-12235189573.273438,57871078120.16406,0.00047306119884132013,0.00031129504713658045,-5.511801495055297e-05,-2.2623714503179047e-06,-1.6538616429385101e-06,-2.441829098223533e-07,1.1549578504943182e-06
C:\Users\damba\.cache\kagglehub\datasets\salmaneunus\mechanical-tools-dataset\versions\20\Mechanical Tools Image dataset\Mechanical Tools Image dataset\Rope\000234.jpg,Rope,exito,2221305.0,260564100.0,264164445.0,37909401600.0,38797007895.0,25105262040.0,6120869195040.0,6310999317915.0,3148248287070.0,3170470398750.0,7344643402.089315,7381756949.201012,-5881824768.621281,-49075907147.78636,-58583208331.71067,19847964035.078125,18463135599.11328,0.0014885188076108908,0.0014960405087839114,-0.0011920533526071227,-6.6734106588089705e-06,-7.966226803118785e-06,2.6989539765098764e-06,2.510643064245743e-06
C:\Users\damba\.cache\kagglehub\datasets\salmaneunus\mechanical-tools-dataset\versions\20\Mechanical Tools Image dataset\Mechanical Tools Image dataset\Rope\000235.jpg,Rope,exito,8328300.0,1073474775.0,1006879995.0,168749817705.0,155373527505.0,128547621600.0,29078506297395.0,26589265188705.0,19730158802370.0,19416298020390.0,30384473930.003838,33643123421.189392,-1233999629.377668,-505274933249.232,-329994742083.97797,-353349315501.4375,-312167980843.21875,0.00043806544783976133,0.00048504673677033554,-1.7791079796962582e-05,-2.524276076162765e-06,-1.6486031225522977e-06,-1.7652789896244538e-06,-1.5595433573544908e-06
C:\Users\damba\.cache\kagglehub\datasets\salmaneunus\mechanical-tools-dataset\versions\20\Mechanical Tools Image dataset\Mechanical Tools Image dataset\Rope\000236.jpg,Rope,exito,8992065.0,1035263025.0,975365565.0,159979670535.0,146769873405.0,116515473120.0,27684914614785.0,25107688605975.0,18277624005930.0,17532633017490.0,40789080728.08128,40972374678.31496,4220921723.5483437,-125815385455.51393,299108234985.7991,-47220189869.5,-280773193824.78906,0.0005044580334096799,0.0005067249171937783,5.2202153954685486e-05,-5.189017776935426e-07,1.233615382530364e-06,-1.947507483095051e-07,-1.1579959706588614e-06
C:\Users\damba\.cache\kagglehub\datasets\salmaneunus\mechanical-tools-dataset\versions\20\Mechanical Tools Image dataset\Mechanical Tools Image dataset\Rope\000237.jpg,Rope,exito,8225025.0,889010070.0,943721085.0,125037833220.0,129722014665.0,104092203090.0,19951812595680.0,19954715588355.0,15109353087240.0,14700328542120.0,28948288864.64486,21441555180.247406,2089163848.6206772,179163456809.6822,150387228791.27682,311171315022.2969,199782551585.16406,0.00042790606720939054,0.0003169434848095075,3.088147594489177e-05,9.234350752767925e-07,7.751181206950015e-07,1.6038231893283313e-06,1.02970895319355e-06
C:\Users\damba\.cache\kagglehub\datasets\salmaneunus\mechanical-tools-dataset\versions\20\Mechanical Tools Image dataset\Mechanical Tools Image dataset\Rope\000238.jpg,Rope,exito,2297040.0,222661155.0,290190255.0,27732711915.0,39675831225.0,27307192140.0,3962605395765.0,5719758190125.0,3394074892590.0,3648696576120.0,6149287183.199933,3015440419.021426,-822094832.819161,82214788917.86244,-54474051710.57169,49916509425.015625,10475827764.021484,0.0011654339358420389,0.0005714965801952604,-0.00015580622405559345,1.0280838838646588e-05,-6.811900314966459e-06,6.241986332885567e-06,1.309986905773406e-06
C:\Users\damba\.cache\kagglehub\datasets\salmaneunus\mechanical-tools-dataset\versions\20\Mechanical Tools Image dataset\Mechanical Tools Image dataset\Rope\000239.jpg,Rope,exito,3269865.0,372407610.0,358949220.0,49921589700.0,40944755340.0,41186733510.0,7372006129290.0,4833565653120.0,5549520517800.0,4735363763880.0,7507781183.161506,1541127808.4020886,305712082.03150475,-23739444678.93008,503357925.4542571,-254379821.15234375,5012906892.416016,0.0007021856680685791,0.00014413817256008415,2.859255448725437e-05,-1.2278519345514969e-06,2.603468661124101e-08,-1.3157037147966091e-08,2.5927764987032304e-07
C:\Users\damba\.cache\kagglehub\datasets\salmaneunus\mechanical-tools-dataset\versions\20\Mechanical Tools Image dataset\Mechanical Tools Image dataset\Rope\000240.jpg,Rope,exito,4831485.0,500062395.0,630631830.0,60839726565.0,93672699090.0,69824850975.0,8247507526605.0,14927449384470.0,8818574635395.0,10693084192245.0,9082885988.420328,11359185748.004965,4553973952.090302,70377965196.47955,-264549315580.73264,-65238590328.63281,-190930993027.8125,0.0003891012192801159,0.0004866154909588093,0.000195087422608549,1.3716241316350986e-06,-5.155906742189147e-06,-1.2714608124686879e-06,-3.7211299983293696e-06
C:\Users\damba\.cache\kagglehub\datasets\salmaneunus\mechanical-tools-dataset\versions\20\Mechanical Tools Image dataset\Mechanical Tools Image dataset\Rope\000241.jpg,Rope,exito,9435765.0,1053072225.0,1168715490.0,158429419455.0,181924696920.0,131140830330.0,26779554233955.0,30972750386100.0,19827414991470.0,20499174688230.0,40901999996.54054,37167393557.10996,707121834.0523621,-31535437899.803898,-767593767256.9918,46483894200.296875,20422424948.382812,0.0004593992819684038,0.00041745327647101744,7.942185293025074e-06,-1.1530710688920455e-07,-2.8066525300775845e-06,1.699650841764096e-07,7.467315798632301e-08
C:\Users\damba\.cache\kagglehub\datasets\salmaneunus\mechanical-tools-dataset\versions\20\Mechanical Tools Image dataset\Mechanical Tools Image dataset\Rope\000242.jpg,Rope,exito,3920625.0,468593865.0,357872610.0,64793962095.0,36529348740.0,42377551380.0,9835367919615.0,4120569971130.0,5711526985200.0,4317227908620.0,8787531917.250732,3862923109.338537,-395452796.00195074,-9394131484.074385,80978802395.26888,-108302970220.7539,23426470447.40039,0.0005716843529133211,0.00025130750236945114,-2.5726697543633884e-05,-3.086514860231992e-07,2.6606214462774737e-06,-3.5583782019691066e-06,7.696948811208951e-07
C:\Users\damba\.cache\kagglehub\datasets\salmaneunus\mechanical-tools-dataset\versions\20\Mechanical Tools Image dataset\Mechanical Tools Image dataset\Rope\000243.jpg,Rope,exito,6818955.0,780764355.0,792815655.0,128492812155.0,125391272145.0,96185890605.0,23576449429395.0,21897581841075.0,16126626679515.0,15321809916165.0,39095979643.48379,33213414568.130966,5409194834.170374,-88775266062.03804,-404426840337.3289,-51471880014.875,-293196255582.90625,0.000840807256210598,0.0007142954397631983,0.00011633140564071715,-7.311347425320937e-07,-3.3307758669680175e-06,-4.2391176519842587e-07,-2.4147037609234383e-06
C:\Users\damba\.cache\kagglehub\datasets\salmaneunus\mechanical-tools-dataset\versions\20\Mechanical Tools Image dataset\Mechanical Tools Image dataset\Rope\000244.jpg,Rope,exito,3412920.0,398473455.0,349654215.0,59641979325.0,47803552815.0,50264814855.0,9926088520935.0,7563814939605.0,8197050027885.0,7657609561335.0,13118446883.677898,11981421013.707783,9441143891.026972,-100648488024.35194,211335991371.56274,-117870894008.40234,141840553181.81055,0.0011262380720375483,0.0010286227190154428,0.0008105361700163567,-4.677265083336112e-06,9.821056159882605e-06,-5.477612507738035e-06,6.591513492362102e-06
C:\Users\damba\.cache\kagglehub\datasets\salmaneunus\mechanical-tools-dataset\versions\20\Mechanical Tools Image dataset\Mechanical Tools Image dataset\Rope\000245.jpg,Rope,exito,2407200.0,273036915.0,240669765.0,38323546845.0,35440611705.0,27519437565.0,6000131604555.0,6026702139945.0,3722725036815.0,4065218813565.0,7354305837.722986,11378657656.663664,221443975.19650325,-15046593439.986795,208123949936.69626,-159064499915.89844,1084124054.9863281,0.0012691628086210149,0.001963661755239099,3.821549765730352e-05,-1.6736234395157543e-06,2.314950040538637e-05,-1.7692647609300526e-05,1.2058645945374712e-07
C:\Users\damba\.cache\kagglehub\datasets\salmaneunus\mechanical-tools-dataset\versions\20\Mechanical Tools Image dataset\Mechanical Tools Image dataset\Rope\000246.jpg,Rope,exito,5900445.0,739369440.0,672954945.0,106718520000.0,101401057275.0,78800947875.0,16709807526840.0,17030886695565.0,11055718323405.0,11458420086915.0,14070055552.672117,24649497350.29042,-5525288676.629712,-188977320663.01813,-156689019270.77014,269024003277.39844,12452493310.835938,0.00040413482794202224,0.000708008602611741,-0.00015870311103609533,-2.234589588454746e-06,-1.8527919110039945e-06,3.181113133887994e-06,1.472463034456695e-07
C:\Users\damba\.cache\kagglehub\datasets\salmaneunus\mechanical-tools-dataset\versions\20\Mechanical Tools Image dataset\Mechanical Tools Image dataset\Rope\000247.jpg,Rope,exito,9726975.0,1156648380.0,1069145385.0,176111090130.0,159523698915.0,133142796570.0,29654267359740.0,26438147650725.0,20522182558950.0,20686698777660.0,38572392337.86786,42008042272.84782,6009203901.701129,-460747567258.0708,-330651030355.4028,-264283035522.39844,396500318252.21094,0.00040768147367195346,0.00044399373598238615,6.351281198173635e-05,-1.5614157352048227e-06,-1.1205348836262787e-06,-8.95622070601697e-07,1.3436898638814842e-06
C:\Users\damba\.cache\kagglehub\datasets\salmaneunus\mechanical-tools-dataset\versions\20\Mechanical Tools Image dataset\Mechanical Tools Image dataset\Rope\000248.jpg,Rope,exito,6840885.0,718456125.0,785462985.0,96128654325.0,110098341765.0,87225882165.0,14510838607455.0,16996179010725.0,12320178839355.0,12653509717935.0,20673621306.609013,19912335012.20263,4733530293.270959,72589726625.76794,-217818353694.437,288523953430.91016,3559651402.875,0.0004417656841383323,0.00042549808613574823,0.00010114876428194379,5.930542692151732e-07,-1.7795645551591144e-06,2.357225606251288e-06,2.9082165748829415e-08
C:\Users\damba\.cache\kagglehub\datasets\salmaneunus\mechanical-tools-dataset\versions\20\Mechanical Tools Image dataset\Mechanical Tools Image dataset\Rope\000249.jpg,Rope,exito,7472520.0,815916615.0,846378405.0,118875640665.0,126677947575.0,98000670270.0,19675833113535.0,21556678240755.0,14533151011320.0,14902771948680.0,29786561929.43846,30812509349.295143,5585500659.654471,191199830351.58057,228456402417.9817,-151102857790.6797,-194348762864.57812,0.0005334407713310091,0.0005518142306208011,0.00010002946252119241,1.252621285729394e-06,1.4967029625691214e-06,-9.899310875700382e-07,-1.2732511151902938e-06
C:\Users\damba\.cache\kagglehub\datasets\salmaneunus\mechanical-tools-dataset\versions\20\Mechanical Tools Image dataset\Mechanical Tools Image dataset\Rope\000250.jpg,Rope,exito,200175.0,22186275.0,21377925.0,2459795025.0,3152525985.0,2367717330.0,272807352015.0,524469211785.0,262358671170.0,349731936450.0,792660.1910829692,869445294.0764333,-1692051.6878979285,1750804.8403434646,2084615084.0184402,37038040.49194336,685035789.5986328,1.978187135670474e-05,0.02169814398729158,-4.22273619836528e-05,9.765919625199332e-08,0.00011627899861190964,2.0659671379948808e-06,3.8211023338802256e-05
C:\Users\damba\.cache\kagglehub\datasets\salmaneunus\mechanical-tools-dataset\versions\20\Mechanical Tools Image dataset\Mechanical Tools Image dataset\Rope\000251.jpg,Rope,exito,2739975.0,304341990.0,305961495.0,34330673970.0,45635098095.0,34057978755.0,3930117585630.0,7656779518485.0,3850042243125.0,5085590170575.0,525968862.41321576,11469663584.59935,73387562.86319248,3458822.0004006485,-638404160.2807178,177129003.57421875,294098540.1933594,7.005946780815684e-05,0.0015277682465627196,9.775281324341249e-06,2.783310846622875e-10,-5.137232339891061e-08,1.4253554442596885e-08,2.36660821748362e-08
C:\Users\damba\.cache\kagglehub\datasets\salmaneunus\mechanical-tools-dataset\versions\20\Mechanical Tools Image dataset\Mechanical Tools Image dataset\Rope\000252.jpg,Rope,exito,11706795.0,1279834545.0,1349542110.0,189210228225.0,202962575850.0,151123988460.0,31523940828075.0,33994198156530.0,22595064396360.0,22971500913540.0,49293499301.724495,47389346228.80546,3586544410.6090245,60774961563.302986,-328977355292.7794,-1003741853.4296875,-44098260957.953125,0.000359677791269102,0.0003457838380864795,2.6169786892188995e-05,1.296073584679346e-07,-7.015699379892305e-07,-2.140558000538213e-09,-9.404299021788363e-08
C:\Users\damba\.cache\kagglehub\datasets\salmaneunus\mechanical-tools-dataset\versions\20\Mechanical Tools Image dataset\Mechanical Tools Image dataset\Rope\000253.jpg,Rope,exito,7458750.0,788682615.0,841008615.0,100765694685.0,112924367535.0,89009738235.0,14324225386695.0,16818861608925.0,11371518555825.0,11974746869475.0,17370988172.08052,18096750239.311287,82119838.38821265,-4253827628.9098015,5131205051.763456,-7646894727.90625,15690396497.800781,0.0003122427928808585,0.0003252883359780177,1.4761006935962468e-06,-2.799721036909119e-08,3.3771802671276293e-08,-5.0329195031899876e-08,1.0326871933829711e-07
C:\Users\damba\.cache\kagglehub\datasets\salmaneunus\mechanical-tools-dataset\versions\20\Mechanical Tools Image dataset\Mechanical Tools Image dataset\Rope\000254.jpg,Rope,exito,8702130.0,958690095.0,993382335.0,140128974195.0,145615874475.0,104023010115.0,23082726736275.0,23786931220335.0,14577781740915.0,15045686028795.0,34512682752.43261,32217377384.0519,-5415231454.876777,40759563120.14738,-191173513303.05432,-225328540261.9375,239919394703.8125,0.0004557509531366225,0.0004254407156832509,-7.150985377517645e-05,1.8245913145794143e-07,-8.557832941491151e-07,-1.0086773900811685e-06,1.0739929730977544e-06
C:\Users\damba\.cache\kagglehub\datasets\salmaneunus\mechanical-tools-dataset\versions\20\Mechanical Tools Image dataset\Mechanical Tools Image dataset\Rope\000255.jpg,Rope,exito,4699905.0,577430670.0,573251475.0,90957714090.0,87824193765.0,66934547610.0,15579808616460.0,15018336010425.0,10119392986320.0,10070510122290.0,20014539992.51316,17904215895.30357,-3495170285.944331,-513238426808.84845,-61242184852.240265,-115964265532.3086,133041172524.78906,0.0009060818974862031,0.0008105450296378391,-0.0001582304927273113,-1.0717573393179948e-05,-1.278874645052712e-06,-2.4215948415172284e-06,2.7781990910438968e-06
C:\Users\damba\.cache\kagglehub\datasets\salmaneunus\mechanical-tools-dataset\versions\20\Mechanical Tools Image dataset\Mechanical Tools Image dataset\Rope\000256.jpg,Rope,exito,6855420.0,747273930.0,882247980.0,122912574480.0,144674040390.0,99343327380.0,22628110157970.0,25976509717800.0,16192631101620.0,16470991449150.0,41456102599.70019,31134461747.97945,3174031370.541583,192213888680.93027,-655704189385.8777,-317387590742.4453,-116132937313.25,0.0008821051063787883,0.0006624806957238269,6.753720451718109e-05,1.5620667822466056e-06,-5.328718649045437e-06,-2.5793173219602055e-06,-9.437788546221363e-07
C:\Users\damba\.cache\kagglehub\datasets\salmaneunus\mechanical-tools-dataset\versions\20\Mechanical Tools Image dataset\Mechanical Tools Image dataset\Rope\000257.jpg,Rope,exito,3905835.0,435151635.0,534304305.0,61538150145.0,91040964195.0,59521131000.0,9767010413355.0,16948226263275.0,8526181875780.0,10142879963790.0,13057621540.188671,17950039887.76914,-6061497.452839366,1488476222.2529278,-416856049381.04016,109332929740.14844,1604909144.0351562,0.0008559261427838385,0.0011766238098314718,-3.973307174154701e-07,4.936932272771551e-08,-1.3826153569147219e-05,3.6263210741372773e-06,5.323113415987754e-08
C:\Users\damba\.cache\kagglehub\datasets\salmaneunus\mechanical-tools-dataset\versions\20\Mechanical Tools Image dataset\Mechanical Tools Image dataset\Rope\000258.jpg,Rope,exito,8983650.0,1103224350.0,933546075.0,170848518450.0,128146896495.0,113998083540.0,29108710084260.0,19498564584015.0,17529236108430.0,15510759453810.0,35368622591.08715,31136408091.29932,-644713295.0198603,-558885720603.1824,-289113628381.9594,-66333287850.28125,-92145541162.13281,0.0004382404890800031,0.0003858005687098531,-7.988421629885115e-06,-2.3104201024173266e-06,-1.195188773432205e-06,-2.7422021364818557e-07,-3.8092744688367804e-07
C:\Users\damba\.cache\kagglehub\datasets\salmaneunus\mechanical-tools-dataset\versions\20\Mechanical Tools Image dataset\Mechanical Tools Image dataset\Rope\000259.jpg,Rope,exito,8589420.0,944247915.0,924790140.0,139551934185.0,136368997920.0,102147675345.0,23421317154075.0,22801314066030.0,15160945312245.0,14983937197905.0,35749334593.66005,36800365458.062,484098350.56287795,220205531426.99545,194672997585.20105,29484693418.023438,-111554781690.9375,0.000484551881664204,0.0004987977127774755,6.561542175315897e-06,1.0184005523452095e-06,9.00318384296326e-07,1.363600081617347e-07,-5.159155201715002e-07
C:\Users\damba\.cache\kagglehub\datasets\salmaneunus\mechanical-tools-dataset\versions\20\Mechanical Tools Image dataset\Mechanical Tools Image dataset\Rope\000260.jpg,Rope,exito,5946600.0,689857620.0,547523505.0,103098699630.0,78049205325.0,66401299260.0,16970791301250.0,13169618912565.0,10014901580730.0,9561811226640.0,23069180934.93653,27636870793.085117,2883783023.266719,-342013337046.8517,894125825804.0189,-146831303340.58984,-23618599733.53125,0.0006523711130219428,0.0007815403681031542,8.155021827208486e-05,-3.966169091124069e-06,1.0368760015326213e-05,-1.7027341154217436e-06,-2.738938810036242e-07
C:\Users\damba\.cache\kagglehub\datasets\salmaneunus\mechanical-tools-dataset\versions\20\Mechanical Tools Image dataset\Mechanical Tools Image dataset\Rope\000261.jpg,Rope,exito,6480315.0,1000991535.0,756866265.0,172227291975.0,116418760035.0,113381049075.0,31166580594165.0,19737913548975.0,19377683553225.0,17263681884615.0,17607639513.40573,28020812852.640778,-3529428948.3780003,-876345956697.0726,-404540639703.50653,352810502028.8672,105321234129.97656,0.0004192845932493793,0.0006672498667689951,-8.404506350192874e-05,-8.197573042002606e-06,-3.7841806846771198e-06,3.300283225209189e-06,9.852028220777032e-07
C:\Users\damba\.cache\kagglehub\datasets\salmaneunus\mechanical-tools-dataset\versions\20\Mechanical Tools Image dataset\Mechanical Tools Image dataset\Rope\000262.jpg,Rope,exito,3067905.0,344288250.0,372641700.0,52650473730.0,47038699950.0,38500112670.0,9020646107370.0,6151418667300.0,5689333207590.0,4468059167280.0,14013554044.396147,1775943580.7871332,-3318704656.489898,-33201211443.266823,6455773972.102409,39034388150.3418,-4535713616.234375,0.0014888963947189717,0.00018868846448811077,-0.00035260201534390934,-2.0139522177042527e-06,3.9160078030073683e-07,2.3677868717664576e-06,-2.7513184306228404e-07
C:\Users\damba\.cache\kagglehub\datasets\salmaneunus\mechanical-tools-dataset\versions\20\Mechanical Tools Image dataset\Mechanical Tools Image dataset\Rope\000263.jpg,Rope,exito,10058475.0,1124494920.0,1233956220.0,166736608770.0,192016391280.0,135624869925.0,27824164823790.0,32933337085050.0,19975597404735.0,21005490084855.0,41022837536.70605,40636788221.217384,-2326211217.2608647,11358770395.724762,-593400868237.9136,40761348560.046875,109621580936.99219,0.00040547250993790205,0.00040165677230710224,-2.2992429523299163e-05,3.5399813076306924e-08,-1.8493445226119512e-06,1.2703347893245117e-07,3.4163763674273723e-07
C:\Users\damba\.cache\kagglehub\datasets\salmaneunus\mechanical-tools-dataset\versions\20\Mechanical Tools Image dataset\Mechanical Tools Image dataset\Rope\000264.jpg,Rope,exito,4153185.0,446459865.0,330893610.0,60926402085.0,52124996760.0,36556914750.0,9384882325755.0,10073833017090.0,5135177206140.0,5932615096200.0,12932775252.62479,25761957035.347206,986451009.5302982,54904625139.87529,1815890672278.349,68950033667.5,172086805777.51953,0.0007497719292167127,0.001493538072802287,5.7189061283903175e-05,1.5619090407626896e-06,5.165787127846756e-05,1.9614682856280167e-06,4.895469863515606e-06
C:\Users\damba\.cache\kagglehub\datasets\salmaneunus\mechanical-tools-dataset\versions\20\Mechanical Tools Image dataset\Mechanical Tools Image dataset\Rope\000265.jpg,Rope,exito,7744860.0,787121250.0,1008190950.0,98242056840.0,153536242050.0,101685341220.0,13784991301590.0,25433553494850.0,12940833826740.0,15351476124270.0,18245793227.54444,22294490531.973515,-778553647.3943183,91817541511.12341,-357494620959.9987,310376933366.1406,-49935557789.28125,0.0003041834670211278,0.00037168104126312606,-1.2979602737623515e-05,5.500367798995778e-07,-2.141586312463355e-06,1.8593258561942193e-06,-2.9914102421897313e-07
C:\Users\damba\.cache\kagglehub\datasets\salmaneunus\mechanical-tools-dataset\versions\20\Mechanical Tools Image dataset\Mechanical Tools Image dataset\Rope\000266.jpg,Rope,exito,7068345.0,787005225.0,576604980.0,106721224275.0,64852715370.0,64008706935.0,16145522459505.0,8397627917940.0,8254869689745.0,7183473564075.0,19094315263.44203,17815777733.14152,-191771680.71846798,10937506015.30592,200556188154.6582,-408281126916.7461,-6083940457.863281,0.00038218057637074267,0.00035659012164637716,-3.838389094208256e-06,8.234248277507836e-08,1.5098775210226402e-06,-3.0737246327897387e-06,-4.5802650225303456e-08
C:\Users\damba\.cache\kagglehub\datasets\salmaneunus\mechanical-tools-dataset\versions\20\Mechanical Tools Image dataset\Mechanical Tools Image dataset\Rope\000267.jpg,Rope,exito,3657975.0,385841775.0,399001815.0,42314770125.0,56587321575.0,42786817455.0,4801413905445.0,9071603168175.0,4750039698555.0,6125414874765.0,1616330322.882541,13065305056.764034,700261771.0979472,-2911311452.7689376,48959526059.15373,-13265291400.625,3841043812.033203,0.00012079491553800578,0.0009764231967111225,5.2333400108102725e-05,-1.137592804269882e-07,1.9130898720020075e-06,-5.183402837075925e-07,1.5008850383556427e-07
C:\Users\damba\.cache\kagglehub\datasets\salmaneunus\mechanical-tools-dataset\versions\20\Mechanical Tools Image dataset\Mechanical Tools Image dataset\Rope\000268.jpg,Rope,exito,6906420.0,723286590.0,953383290.0,108719856390.0,152601122370.0,94318294830.0,18936567503160.0,26109887649360.0,13591863868170.0,14786379252450.0,32972437137.503323,20993184009.572433,-5526392980.338946,644506285342.2166,-751563258642.4562,-258635016335.59766,330727266860.77344,0.0006912658109688417,0.000440121253660355,-0.00011586060530968026,5.141557453611099e-06,-5.9956058803702305e-06,-2.0632642787944843e-06,2.638381165107706e-06
C:\Users\damba\.cache\kagglehub\datasets\salmaneunus\mechanical-tools-dataset\versions\20\Mechanical Tools Image dataset\Mechanical Tools Image dataset\Rope\000269.jpg,Rope,exito,2744310.0,226909965.0,358530255.0,23192700075.0,49579035195.0,27983462595.0,2563238189595.0,7148453672025.0,2781773110545.0,3699362228025.0,4430923083.223843,2738866354.612059,-1661179451.084837,-87153335319.3778,-44435264056.30656,26469107054.319336,34028881415.17578,0.0005883393208777554,0.0003636675114375909,-0.00022057191509545373,-6.985557819476653e-06,-3.5615975585047535e-06,2.12156513666728e-06,2.7274999606925193e-06
C:\Users\damba\.cache\kagglehub\datasets\salmaneunus\mechanical-tools-dataset\versions\20\Mechanical Tools Image dataset\Mechanical Tools Image dataset\Rope\000270.jpg,Rope,exito,7359045.0,855973290.0,837900420.0,131518606710.0,128531848320.0,93815676060.0,22652717247930.0,22008642361080.0,14281166364390.0,14074576094790.0,31955378982.295647,33128557018.455242,-3645391130.0744987,-78807867505.4503,-170017148437.81076,154498988089.0703,-45582099424.59375,0.0005900666308189378,0.0006117297508692743,-6.731335163735779e-05,-5.364335467951854e-07,-1.1572816882298053e-06,1.0516518563474043e-06,-3.10270637167216e-07
C:\Users\damba\.cache\kagglehub\datasets\salmaneunus\mechanical-tools-dataset\versions\20\Mechanical Tools Image dataset\Mechanical Tools Image dataset\Rope\000271.jpg,Rope,exito,5655900.0,716635935.0,545076780.0,110169769305.0,78268483650.0,60669316695.0,18615126634785.0,13029057071790.0,8618492121855.0,7960763903625.0,19367763729.702656,25737728846.137054,-8395130675.37241,-252053932978.23364,525227482979.0848,128512018931.17188,-338185223680.5625,0.0006054468638635302,0.0008045754497183156,-0.00026243636643159216,-3.3131353083444445e-06,6.903878460492655e-06,1.6892325481160562e-06,-4.445292291603295e-06
C:\Users\damba\.cache\kagglehub\datasets\salmaneunus\mechanical-tools-dataset\versions\20\Mechanical Tools Image dataset\Mechanical Tools Image dataset\Rope\000272.jpg,Rope,exito,3951225.0,466601805.0,455050305.0,61835256765.0,63939664665.0,53389371165.0,8888297639625.0,9827534339505.0,6789530797095.0,7476204280035.0,6734055383.337852,11532935086.0484,-347708773.196514,-4308378219.66285,-192622741984.6711,-249721426782.63672,5631741848.6875,0.0004313334726093179,0.0007387139928120671,-2.2271636341256033e-05,-1.3883035020716132e-07,-6.2069487320192225e-06,-8.046859251177451e-06,1.8147355066491711e-07
C:\Users\damba\.cache\kagglehub\datasets\salmaneunus\mechanical-tools-dataset\versions\20\Mechanical Tools Image dataset\Mechanical Tools Image dataset\Rope\000273.jpg,Rope,exito,5556450.0,619687230.0,459377145.0,96233545260.0,61822171695.0,55072253355.0,16903542443190.0,9937346591925.0,9009572913165.0,7884227885895.0,27122464799.44102,23843361240.779945,3839874676.102794,121318314488.17276,883745253132.2081,197015636859.14844,354544065831.6914,0.0008784849645720881,0.0007722762112430784,0.00012437188853377893,1.6669894112754023e-06,1.2143211727359693e-05,2.7071178979485248e-06,4.871656897521247e-06
C:\Users\damba\.cache\kagglehub\datasets\salmaneunus\mechanical-tools-dataset\versions\20\Mechanical Tools Image dataset\Mechanical Tools Image dataset\Rope\000274.jpg,Rope,exito,4585410.0,487450350.0,495137325.0,62361129240.0,71588501865.0,41763330585.0,8939939817600.0,11709064149375.0,4384269101565.0,5297553993975.0,10542896254.264261,18123060256.03687,-10872063495.205208,69145011302.88797,64969844575.770355,-38048729109.43945,35317592523.91992,0.000501422231605409,0.0008619363311505393,-0.0005170774907053215,1.5357319427177099e-06,1.4430002070770957e-06,-8.450739622735267e-07,7.84414579690822e-07
C:\Users\damba\.cache\kagglehub\datasets\salmaneunus\mechanical-tools-dataset\versions\20\Mechanical Tools Image dataset\Mechanical Tools Image dataset\Rope\000275.jpg,Rope,exito,5291250.0,406509015.0,640888440.0,43287771075.0,90457916130.0,50617817730.0,5394413123085.0,13899895782630.0,5196957241380.0,7296681783330.0,12057045012.8653,12832025740.085781,1380505474.9966238,216153890347.02448,-165065553805.31836,-258276950355.3828,12683033408.332031,0.0004306498688705039,0.0004583303949196768,4.930847493294919e-05,3.356350849816891e-06,-2.5630716657494684e-06,-4.010420818342385e-06,1.9693705206956604e-07
C:\Users\damba\.cache\kagglehub\datasets\salmaneunus\mechanical-tools-dataset\versions\20\Mechanical Tools Image dataset\Mechanical Tools Image dataset\Rope\000276.jpg,Rope,exito,1484610.0,164404110.0,166317630.0,22601486910.0,18749536980.0,18476262150.0,3476719636770.0,2126755553280.0,2545179348420.0,2089402662660.0,4395553105.908622,117334550.52902813,58427205.15973781,337736618.1180174,-3772625.9037004584,243585711.02539062,8216516.9921875,0.0019942920976832477,5.323547714409553e-05,2.6508817145936065e-05,1.2576135166985167e-07,-1.4047944686538998e-09,9.070283357699313e-08,3.0595447088734822e-09
C:\Users\damba\.cache\kagglehub\datasets\salmaneunus\mechanical-tools-dataset\versions\20\Mechanical Tools Image dataset\Mechanical Tools Image dataset\Rope\000277.jpg,Rope,exito,2806530.0,334613295.0,308279955.0,47511703275.0,39704082675.0,38934940455.0,7318441867905.0,5677057249275.0,5734619526885.0,5287905329985.0,7616866166.272488,5841437110.975379,2179740430.413865,-162489016443.62668,32517992691.632286,-4013590495.3085938,75256795163.17578,0.000967023319233432,0.0007416181118110877,0.00027673583598196026,-1.2314018099692112e-05,2.4643336474951124e-06,-3.0416471885734526e-07,5.703238028311156e-06
C:\Users\damba\.cache\kagglehub\datasets\salmaneunus\mechanical-tools-dataset\versions\20\Mechanical Tools Image dataset\Mechanical Tools Image dataset\Rope\000278.jpg,Rope,exito,9185100.0,1055485035.0,1089226635.0,160378364565.0,160962337005.0,125850582990.0,27248071999815.0,26611601833635.0,19193041360830.0,18795020553780.0,39089684081.50485,31795026644.36994,684562699.9751502,-165251412879.90518,-17225774214.338024,17041346390.953125,136037444212.85938,0.0004633342264674095,0.00037686986789310184,8.114195254177068e-06,-6.463019392598771e-07,-6.737038483338284e-08,6.664908352751285e-08,5.320454601536403e-07
C:\Users\damba\.cache\kagglehub\datasets\salmaneunus\mechanical-tools-dataset\versions\20\Mechanical Tools Image dataset\Mechanical Tools Image dataset\Rope\000279.jpg,Rope,exito,6411465.0,697074375.0,843362775.0,100801109595.0,140869306515.0,92268184590.0,16481350941195.0,25334230668705.0,13408654598550.0,15289943766960.0,25013019933.48884,29933542184.11764,575166023.8235236,82955107444.1034,-1070592512700.5013,24229899315.996094,-177118912708.70312,0.0006084873830488815,0.0007281880715495242,1.3991963768694397e-05,7.969846201149966e-07,-1.0285632715351502e-05,2.327868373239798e-07,-1.7016559161886903e-06
C:\Users\damba\.cache\kagglehub\datasets\salmaneunus\mechanical-tools-dataset\versions\20\Mechanical Tools Image dataset\Mechanical Tools Image dataset\Rope\000280.jpg,Rope,exito,5306295.0,613446105.0,603074490.0,98460327405.0,95858594790.0,62612386095.0,17717806108155.0,16874434350780.0,9568877620635.0,9233223510495.0,27541518002.26777,27317580675.86573,-7107389551.7293,-32917934171.91286,-229579887659.26166,21931802403.76172,-233176481668.61328,0.0009781491734151494,0.0009701959403835165,-0.00025242207835425226,-5.075210920921698e-07,-3.5396095848154297e-06,3.381394546017469e-07,-3.595061039025936e-06
C:\Users\damba\.cache\kagglehub\datasets\salmaneunus\mechanical-tools-dataset\versions\20\Mechanical Tools Image dataset\Mechanical Tools Image dataset\Rope\000281.jpg,Rope,exito,5951445.0,662626425.0,664970640.0,98717513265.0,79684942350.0,74028247770.0,16550329231695.0,10107089548440.0,11030310478110.0,8868297243240.0,24941517837.287804,5386019640.975629,-8749616.880327765,5330412606.776241,92513557.4010554,2290808882.0273438,-1769101830.5273438,0.0007041708296719126,0.00015206283530767867,-2.470268657315107e-07,6.16885789907257e-08,1.0706544341788907e-09,2.6511408233567535e-08,-2.0473720528949036e-08
C:\Users\damba\.cache\kagglehub\datasets\salmaneunus\mechanical-tools-dataset\versions\20\Mechanical Tools Image dataset\Mechanical Tools Image dataset\Rope\000282.jpg,Rope,exito,5084955.0,572677470.0,864307965.0,83639244180.0,156165644205.0,96989124540.0,13694315271210.0,29203268194605.0,14355101168940.0,17494039936920.0,19143199545.268536,9256132053.478268,-350910661.304355,-37186564360.56159,-487359837219.0257,217680548318.91406,25654028863.382812,0.0007403554854574394,0.000357977156520046,-1.3571327634537931e-05,-6.377761451850481e-07,-8.35856938236573e-06,3.733376916525342e-06,4.3998492246588275e-07
C:\Users\damba\.cache\kagglehub\datasets\salmaneunus\mechanical-tools-dataset\versions\20\Mechanical Tools Image dataset\Mechanical Tools Image dataset\Rope\000283.jpg,Rope,exito,6908715.0,753555600.0,801325770.0,119102442000.0,119136648720.0,87031401570.0,21276047622870.0,20004052727490.0,13666375408770.0,12800375328540.0,36909727104.196655,26192738070.03211,-371758266.2086155,233440531615.9032,109600752625.34015,-66941857586.30078,-108000519984.92188,0.0007732969181033166,0.000548764925003747,-7.788719779124787e-06,1.860728758811788e-06,8.736155242009984e-07,-5.335861716767407e-07,-8.608602461256603e-07
C:\Users\damba\.cache\kagglehub\datasets\salmaneunus\mechanical-tools-dataset\versions\20\Mechanical Tools Image dataset\Mechanical Tools Image dataset\Rope\000284.jpg,Rope,exito,7045905.0,754759710.0,1090729860.0,114014127630.0,180996241410.0,120123979905.0,19474029274770.0,31601412231450.0,18192234337965.0,20278186990875.0,33164014005.237232,12147580025.036743,3284630975.098075,155716993809.7303,-178389167199.2491,-161238737862.1797,-127135085556.96875,0.0006680262422272835,0.0002446899894264611,6.61626691826748e-05,1.1816641303834945e-06,-1.3537127513899162e-06,-1.223566088058779e-06,-9.647692691747764e-07
C:\Users\damba\.cache\kagglehub\datasets\salmaneunus\mechanical-tools-dataset\versions\20\Mechanical Tools Image dataset\Mechanical Tools Image dataset\Rope\000285.jpg,Rope,exito,2046630.0,228329550.0,226849020.0,28608478560.0,26350374510.0,25397040180.0,3885266744370.0,3199510770810.0,3146599061820.0,2970366446340.0,3135196431.230998,1206368082.379764,88931408.73162112,-5948089966.742959,11399842737.637941,-44215429368.01367,10907648200.743164,0.0007484901413411595,0.00028800575539547884,2.1231295758098266e-05,-9.926112410650928e-07,1.9023942326060443e-06,-7.378626158077849e-06,1.8202573058204348e-06
C:\Users\damba\.cache\kagglehub\datasets\salmaneunus\mechanical-tools-dataset\versions\20\Mechanical Tools Image dataset\Mechanical Tools Image dataset\Rope\000286.jpg,Rope,exito,3829080.0,428128170.0,423373185.0,56877802530.0,54412141995.0,40650326730.0,8392664223600.0,7697364614685.0,4758318220770.0,4631670627630.0,9008933259.170223,7600674546.671887,-6686889238.619468,18604206417.901287,349811901.76747674,-35220986423.75586,26577083304.367188,0.0006144470867353279,0.0005183979277093739,-0.00045607393170653656,6.484478420916635e-07,1.2192660506112044e-08,-1.2276241259529464e-06,9.263417063156519e-07
C:\Users\damba\.cache\kagglehub\datasets\salmaneunus\mechanical-tools-dataset\versions\20\Mechanical Tools Image dataset\Mechanical Tools Image dataset\Rope\000287.jpg,Rope,exito,8229615.0,769121055.0,1024318425.0,100992833895.0,162090674775.0,100995266850.0,15401663924535.0,28320871701585.0,13805807811450.0,16305098900580.0,29112533632.556007,34596468084.349144,5264802218.06541,521521886887.90875,-466387980691.9697,251423915695.14062,-154118039762.95312,0.00042985399409425657,0.0005108256868093923,7.773614932026868e-05,2.684254830386684e-06,-2.4004825520885268e-06,1.2940700613864543e-06,-7.93240136386355e-07
C:\Users\damba\.cache\kagglehub\datasets\salmaneunus\mechanical-tools-dataset\versions\20\Mechanical Tools Image dataset\Mechanical Tools Image dataset\Rope\000288.jpg,Rope,exito,8536890.0,945872010.0,1131969480.0,130246184250.0,177363214080.0,123334526805.0,19868587218540.0,30200219302290.0,17055665099625.0,19274868386565.0,25445272055.81217,27266995943.012123,-2085649313.7335045,-201035482494.40732,-548748957909.3648,247531125732.375,176447642751.8047,0.00034914652802660263,0.0003741432570395159,-2.8618173740641377e-05,-9.441119678691682e-07,-2.5770597910862748e-06,1.1624669203883667e-06,8.286414376074961e-07
C:\Users\damba\.cache\kagglehub\datasets\salmaneunus\mechanical-tools-dataset\versions\20\Mechanical Tools Image dataset\Mechanical Tools Image dataset\Rope\000289.jpg,Rope,exito,8502210.0,974195370.0,958050045.0,157925984430.0,150498374265.0,105843591540.0,28350931759740.0,26501885568315.0,16916126372400.0,16416482051940.0,46301286977.28631,42542926360.925415,-3931151505.3131146,-354988422309.7646,-44327624024.714836,21509878648.179688,58107035520.02344,0.0006405151514838063,0.0005885233586703562,-5.438211907946839e-05,-1.684164931721269e-06,-2.103027174892076e-07,1.0204891491709886e-07,2.7567612169534624e-07
C:\Users\damba\.cache\kagglehub\datasets\salmaneunus\mechanical-tools-dataset\versions\20\Mechanical Tools Image dataset\Mechanical Tools Image dataset\Rope\000290.jpg,Rope,exito,2984265.0,333263835.0,339285915.0,61507322175.0,47291278725.0,37872121365.0,12258100044585.0,7303231296405.0,6952223878005.0,5278494591195.0,24290525503.488853,8717314242.158424,-17183101.722631857,-35872989155.98488,-55561790575.6005,-36805270073.37305,1210924641.7929688,0.00272748354743747,0.000978831485960007,-1.9294200628014976e-06,-2.33170767693115e-06,-3.611459671393298e-06,-2.3923049849134355e-06,7.870886563638105e-08
C:\Users\damba\.cache\kagglehub\datasets\salmaneunus\mechanical-tools-dataset\versions\20\Mechanical Tools Image dataset\Mechanical Tools Image dataset\Rope\000292.jpg,Rope,exito,8922450.0,980257740.0,1021548360.0,147486397650.0,159530314890.0,106038758850.0,25147887927720.0,27832148516280.0,15386208675180.0,16137952147260.0,39791175280.59389,42571289978.82767,-6192824030.745353,201163883749.12158,-180919023249.47375,-139051793017.98438,29339885963.304688,0.0004998256286800987,0.0005347472555747225,-7.778941291995738e-05,8.459402794739645e-07,-7.6080599676971e-07,-5.847446890302108e-07,1.233809512371805e-07
C:\Users\damba\.cache\kagglehub\datasets\salmaneunus\mechanical-tools-dataset\versions\20\Mechanical Tools Image dataset\Mechanical Tools Image dataset\Rope\000293.jpg,Rope,exito,8290305.0,1079549130.0,844617120.0,175304244120.0,113885100180.0,112985541525.0,31230043933620.0,17468163210120.0,18630405115335.0,15848086153575.0,34727229874.59446,27835421742.70555,3000965917.817213,-642009726879.8871,193786354556.57285,-11170325362.273438,406688617449.16406,0.000505276528826314,0.00040500164647051383,4.3663650903236995e-05,-3.2442576446951236e-06,9.79257534403965e-07,-5.644682928155607e-08,2.0551131874311725e-06
C:\Users\damba\.cache\kagglehub\datasets\salmaneunus\mechanical-tools-dataset\versions\20\Mechanical Tools Image dataset\Mechanical Tools Image dataset\Rope\000294.jpg,Rope,exito,4733055.0,531753030.0,515816550.0,62885197080.0,76801957230.0,57320307345.0,7808552581140.0,12877749939780.0,6653495019915.0,8538469317765.0,3143384463.374815,20587374206.15969,-631060933.3416871,37165492854.29022,20443763370.32051,-58045048188.48047,47410135053.046875,0.00014031832762031877,0.0009190049618049406,-2.8170087313453905e-05,7.625810667172633e-07,4.194758546530262e-07,-1.1909987293526967e-06,9.727860061941445e-07
C:\Users\damba\.cache\kagglehub\datasets\salmaneunus\mechanical-tools-dataset\versions\20\Mechanical Tools Image dataset\Mechanical Tools Image dataset\Rope\000295.jpg,Rope,exito,5687010.0,529865775.0,637903665.0,63409494165.0,80648846685.0,60908032650.0,8731274086935.0,11063657213415.0,7519666106970.0,7881976511550.0,14041242743.541162,9096117602.330513,1473757023.5169487,206852870050.41043,-23203613272.46673,132491556810.14062,37205064894.265625,0.00043414775901651616,0.0002812471192850083,4.556778347764476e-05,2.6819555225775847e-06,-3.0084696791821575e-07,1.7178222491922026e-06,4.823831027179655e-07
C:\Users\damba\.cache\kagglehub\datasets\salmaneunus\mechanical-tools-dataset\versions\20\Mechanical Tools Image dataset\Mechanical Tools Image dataset\Rope\000296.jpg,Rope,exito,3318570.0,295775010.0,418672515.0,31727790030.0,63431646525.0,37210533300.0,3786052609170.0,10634212752285.0,3953455166760.0,5618924928090.0,5366177485.892117,10611704557.096582,-104595599.1493774,1696753333.244561,-45913040428.71021,-30694668404.935547,-8171465881.119141,0.000487262587568073,0.0009635698100915825,-9.49754688952217e-06,8.457485345534949e-08,-2.2885404671770372e-06,-1.5299790672836692e-06,-4.073076008576363e-07
C:\Users\damba\.cache\kagglehub\datasets\salmaneunus\mechanical-tools-dataset\versions\20\Mechanical Tools Image dataset\Mechanical Tools Image dataset\Rope\000297.jpg,Rope,exito,5083680.0,574954620.0,717510330.0,84669161130.0,117080686230.0,81258955095.0,13995242377710.0,20433546986040.0,12059767121745.0,13282361228205.0,19642877992.716698,15811315684.11417,109890021.81983107,-23824964694.615803,-554431502377.7631,84709428364.63672,9736690006.648438,0.0007600614542887945,0.0006118029953422807,4.252084130806971e-06,-4.088714177990557e-07,-9.514859617017036e-06,1.4537383169438137e-06,1.6709591383310302e-07
C:\Users\damba\.cache\kagglehub\datasets\salmaneunus\mechanical-tools-dataset\versions\20\Mechanical Tools Image dataset\Mechanical Tools Image dataset\Rope\000298.jpg,Rope,exito,6553500.0,752145450.0,734102415.0,122191783320.0,120768990675.0,84796116705.0,22138076340240.0,22224555477855.0,13753558106175.0,13865174994105.0,35868020757.14007,38537151854.70058,543153971.1536894,-119027661820.09494,62773193709.91125,-58655948066.86719,-117171556772.42578,0.0008351429222924576,0.0008972903700117361,1.2646674813628998e-05,-1.08259157501656e-06,5.709406503334287e-07,-5.334930908562868e-07,-1.0657097539656728e-06
C:\Users\damba\.cache\kagglehub\datasets\salmaneunus\mechanical-tools-dataset\versions\20\Mechanical Tools Image dataset\Mechanical Tools Image dataset\Rope\000299.jpg,Rope,exito,5936655.0,684568410.0,635838675.0,88458353010.0,86042771925.0,72014586720.0,12441164882460.0,13083159009345.0,9118055006790.0,9659771535000.0,9519302657.583002,17941994530.026623,-1305333464.2210438,45460257465.76384,24332085466.492138,-55134586056.05469,17607628213.609375,0.0002700980896335248,0.0005090812448236403,-3.7037174644296235e-05,5.293919862978473e-07,2.833510361347184e-07,-6.420510937032362e-07,2.0504365337166403e-07
C:\Users\damba\.cache\kagglehub\datasets\salmaneunus\mechanical-tools-dataset\versions\20\Mechanical Tools Image dataset\Mechanical Tools Image dataset\Rope\000300.jpg,Rope,exito,6528000.0,737035935.0,724805370.0,98746284405.0,92059873560.0,82532859615.0,14618947825545.0,12833838750060.0,11070900261975.0,10573646879655.0,15532134668.277542,11584563452.641401,699587009.1527373,-37155552177.85485,39935821602.66524,-50894887397.05078,24387714932.476562,0.0003644776110628072,0.00027184376794310165,1.6416533031183197e-05,-3.412505464426154e-07,3.6678558508052095e-07,-4.6743776144794955e-07,2.2398593371341578e-07
C:\Users\damba\.cache\kagglehub\datasets\salmaneunus\mechanical-tools-dataset\versions\20\Mechanical Tools Image dataset\Mechanical Tools Image dataset\Rope\000302.jpg,Rope,exito,6528765.0,768702855.0,730309545.0,120415620345.0,108385011555.0,85478952390.0,20961745931865.0,18138832608735.0,13342493307330.0,12446680978200.0,29907832228.081867,26692374200.445652,-508371747.91137725,-258852938973.92032,43220377609.17574,-7520558540.199219,-200937727898.39062,0.0007016537690740292,0.0006262174008616952,-1.19266735981569e-05,-2.3767062521644225e-06,3.9683591035056606e-07,-6.905140259605422e-08,-1.8449470038272738e-06
C:\Users\damba\.cache\kagglehub\datasets\salmaneunus\mechanical-tools-dataset\versions\20\Mechanical Tools Image dataset\Mechanical Tools Image dataset\Rope\000303.jpg,Rope,exito,6559875.0,705962145.0,430011855.0,102115319925.0,38721037785.0,47379625005.0,16734349375815.0,3975680171925.0,6973087757685.0,4323969884985.0,26140922520.62857,10532970872.057142,1102509735.0857131,118399565567.43481,56533850972.01505,41940682504.95508,12337208447.080078,0.0006074769197391136,0.00024477088350687714,2.5620718523752797e-05,1.074264437840025e-06,5.12943652641979e-07,3.805367316837925e-07,1.1193811593311262e-07
C:\Users\damba\.cache\kagglehub\datasets\salmaneunus\mechanical-tools-dataset\versions\20\Mechanical Tools Image dataset\Mechanical Tools Image dataset\Rope\000304.jpg,Rope,exito,5940735.0,692118195.0,779429940.0,103547446845.0,126139259820.0,89128782180.0,17181687729075.0,21966914066730.0,13358727386100.0,14512785709680.0,22913047928.021214,23877329037.29322,-1677766706.9236271,-220897431683.8777,-848129188177.4172,164138744812.78516,257331861320.9297,0.0006492358653753722,0.0006765585455534956,-4.753912806752547e-05,-2.5679715985811763e-06,-9.859651380121853e-06,1.908141854311832e-06,2.9915282683225863e-06
C:\Users\damba\.cache\kagglehub\datasets\salmaneunus\mechanical-tools-dataset\versions\20\Mechanical Tools Image dataset\Mechanical Tools Image dataset\Rope\000305.jpg,Rope,exito,1001385.0,114179055.0,119386665.0,19872136485.0,18749222565.0,13664041380.0,3800192729685.0,3276607893345.0,2210818939980.0,2146914164160.0,6853310957.662338,4515760130.649351,51438246.038961396,-28495439423.168343,-35455136612.98436,-170097932168.21875,-3158580840.631836,0.0068343666521828205,0.004503277413913494,5.129605756213426e-05,-2.8397012608702107e-05,-3.5332670133297656e-05,-0.00016951039261980247,-3.1476707070571032e-06
C:\Users\damba\.cache\kagglehub\datasets\salmaneunus\mechanical-tools-dataset\versions\20\Mechanical Tools Image dataset\Mechanical Tools Image dataset\Rope\000306.jpg,Rope,exito,5387130.0,603224175.0,702072630.0,81373245075.0,103164395280.0,79261054575.0,12205929843975.0,16260513802470.0,11073025086195.0,11575725521985.0,13827185242.690287,11667442766.30219,646433613.2206762,-2443343348.812768,-225385511861.32202,323364887258.9375,-144604955664.57812,0.00047645168736098147,0.0004020321342068586,2.227455410338614e-05,-3.627361677340351e-08,-3.3460494561714065e-06,4.800640894004931e-06,-2.1467898680145177e-06
C:\Users\damba\.cache\kagglehub\datasets\salmaneunus\mechanical-tools-dataset\versions\20\Mechanical Tools Image dataset\Mechanical Tools Image dataset\Rope\000307.jpg,Rope,exito,4207500.0,402323190.0,485171160.0,48367580430.0,70070677350.0,41891189115.0,6718307305290.0,11054318103870.0,4549226286675.0,5710593267765.0,9897241936.410908,14125091017.083633,-4501112438.701818,200617668380.57654,-283161491997.6935,-167292138480.5586,48456951529.23828,0.0005590696768198376,0.0007978899698227888,-0.0002542562354848654,5.524702123280625e-06,-7.797832108701886e-06,-4.606968270204369e-06,1.3344299391090336e-06
C:\Users\damba\.cache\kagglehub\datasets\salmaneunus\mechanical-tools-dataset\versions\20\Mechanical Tools Image dataset\Mechanical Tools Image dataset\Rope\000308.jpg,Rope,exito,4811085.0,536233125.0,614056065.0,79940595915.0,92838494385.0,68770289550.0,13411120193805.0,15151305663015.0,10287371113080.0,10441707646110.0,20173211978.265224,14464312477.325487,328929095.9333765,4189207832.423221,-390269293172.9442,10942175459.582031,10165119426.472656,0.0008715433475937356,0.0006249017425044754,1.4210724881076096e-05,8.25133713810206e-08,-7.68699869148298e-06,2.155242288111829e-07,2.0021882606950798e-07
C:\Users\damba\.cache\kagglehub\datasets\salmaneunus\mechanical-tools-dataset\versions\20\Mechanical Tools Image dataset\Mechanical Tools Image dataset\Rope\000309.jpg,Rope,exito,8320140.0,1082412270.0,1032203025.0,169542423240.0,159998720055.0,133742947740.0,29037021051960.0,27064495575585.0,20796262495350.0,20934279736260.0,28725523254.35638,31942811762.693558,-541958450.4146749,-493794158587.0002,-710769827859.5201,-96289454622.02344,253647503155.45312,0.00041496042544633005,0.00046143642507849396,-7.82897171852914e-06,-2.472972932553104e-06,-3.5596098394556758e-06,-4.822276870426171e-07,1.2702932969236367e-06
C:\Users\damba\.cache\kagglehub\datasets\salmaneunus\mechanical-tools-dataset\versions\20\Mechanical Tools Image dataset\Mechanical Tools Image dataset\Rope\000310.jpg,Rope,exito,6934215.0,857368650.0,849975435.0,137941742550.0,137552914725.0,104610972795.0,24231705583530.0,24438847679505.0,16714524254445.0,16809112460145.0,31933924505.300983,33365455855.691895,-482724363.0940067,-720681539362.0238,-601655713990.8505,-74592777198.55469,-80030593585.89062,0.0006641370182530447,0.0006939088980740342,-1.0039327270600123e-05,-5.691806662907933e-06,-4.7517631778125804e-06,-5.891196639217161e-07,-6.32066510558731e-07
C:\Users\damba\.cache\kagglehub\datasets\salmaneunus\mechanical-tools-dataset\versions\20\Mechanical Tools Image dataset\Mechanical Tools Image dataset\Rope\000313.jpg,Rope,exito,7041570.0,503781825.0,809359545.0,55527539025.0,120853894965.0,57780077955.0,7683672257085.0,20232781184955.0,6246555122235.0,8572642196715.0,19484990672.809986,27825937693.73705,-124711553.77001311,922945136530.1228,-54829388021.32868,-117947239018.25195,-45055673361.546875,0.00039297163187767496,0.0005611911407939831,-2.515171991711036e-06,7.014587439828572e-06,-4.1671549188053685e-07,-8.964251379993981e-07,-3.424330959076574e-07
C:\Users\damba\.cache\kagglehub\datasets\salmaneunus\mechanical-tools-dataset\versions\20\Mechanical Tools Image dataset\Mechanical Tools Image dataset\Rope\000316.jpg,Rope,exito,5297115.0,560657025.0,603346320.0,81478162275.0,92267843400.0,64703231820.0,13338260280045.0,15955162338870.0,9478924922490.0,9961501716060.0,22137124808.02965,23546136988.57748,843875771.3021708,28378743129.917404,81915491430.49692,19851610356.92578,3456012669.65625,0.0007889371565935911,0.0008391524430396398,3.0074589961559494e-05,4.394350087369478e-07,1.2684330143748882e-06,3.073953110150849e-07,5.351515924200187e-08
C:\Users\damba\.cache\kagglehub\datasets\salmaneunus\mechanical-tools-dataset\versions\20\Mechanical Tools Image dataset\Mechanical Tools Image dataset\Rope\000317.jpg,Rope,exito,4523190.0,503692575.0,499604925.0,67021042335.0,65939834685.0,53951262900.0,9895413637635.0,9670514427705.0,6991443836040.0,6988556205840.0,10930935549.715588,10756417432.075487,-1683652094.9331896,-2393781750.5939655,11007661207.604296,-36330082587.65234,17572592431.85547,0.000534278467582999,0.0005257484317014272,-8.229296176274826e-05,-5.5013905138038794e-08,2.5297812940404945e-07,-8.349381545073173e-07,4.038534143038062e-07
C:\Users\damba\.cache\kagglehub\datasets\salmaneunus\mechanical-tools-dataset\versions\20\Mechanical Tools Image dataset\Mechanical Tools Image dataset\Rope\000318.jpg,Rope,exito,6987510.0,617235660.0,703087020.0,84018823410.0,90590902200.0,57010343115.0,13799945372670.0,13074930795060.0,7244859328005.0,6668933606805.0,29495844555.495953,19845907532.016644,-5096241466.221806,1167235282404.2683,-34186392417.61631,-308815764466.79297,-307762363295.91016,0.0006041098973662248,0.0004064677361500481,-0.00010437707261849202,9.043828134523016e-06,-2.648787799897918e-07,-2.3927281338825324e-06,-2.3845663011399972e-06
C:\Users\damba\.cache\kagglehub\datasets\salmaneunus\mechanical-tools-dataset\versions\20\Mechanical Tools Image dataset\Mechanical Tools Image dataset\Rope\000320.jpg,Rope,exito,4913850.0,848457675.0,610908600.0,152205957285.0,96808324440.0,103041587025.0,28056463445475.0,16880763262080.0,18108218737755.0,16221652477455.0,5705672118.296561,20857833978.557335,-2441911737.3767614,-194776465955.9278,-341068552430.4113,28665888942.078125,113265751486.71094,0.0002362996186370412,0.000863824298442037,-0.00010113143558268726,-3.638997388869922e-06,-6.372163934839778e-06,5.355631364287147e-07,2.116137449592054e-06
C:\Users\damba\.cache\kagglehub\datasets\salmaneunus\mechanical-tools-dataset\versions\20\Mechanical Tools Image dataset\Mechanical Tools Image dataset\Rope\000321.jpg,Rope,exito,6589200.0,528124380.0,569917860.0,57322430730.0,63834171930.0,47664025995.0,7032256481490.0,8051702856090.0,5337411795495.0,5381818522125.0,14993261673.000004,14540423501.210533,1985109516.0000048,34443812298.59952,15229725539.266851,61225533675.80469,-77885418837.9961,0.00034532716332514473,0.00033489732325965663,4.5721354899348494e-05,3.09050527704372e-07,1.3665022541347865e-07,5.493521834184015e-07,-6.988346581292174e-07
C:\Users\damba\.cache\kagglehub\datasets\salmaneunus\mechanical-tools-dataset\versions\20\Mechanical Tools Image dataset\Mechanical Tools Image dataset\Rope\2018-03-15-PHOTO-00007811+(1).jpg,Rope,exito,6466545.0,876518640.0,661288185.0,144262082790.0,88402242555.0,87546011715.0,25592638412970.0,13541546604915.0,13900285441755.0,11610375910365.0,25452900101.647945,20776939766.479355,-2089399553.9648576,-861718182857.1128,251845828815.14664,-285963255440.03125,55082791752.78125,0.0006086850914868877,0.0004968633606414948,-4.996626528131543e-05,-8.103721302107993e-06,2.368394271372547e-06,-2.6892394414216376e-06,5.18006468688625e-07
C:\Users\damba\.cache\kagglehub\datasets\salmaneunus\mechanical-tools-dataset\versions\20\Mechanical Tools Image dataset\Mechanical Tools Image dataset\Rope\5d03854eec0f8c0001d4eddf.jpg,Rope,exito,7647960.0,681969960.0,882534090.0,85300835400.0,136178174790.0,81641033070.0,12639351101760.0,23517089323500.0,10590175735620.0,12669842929740.0,24489452188.99974,34338413597.19459,2945310543.2168655,665602708042.8904,-122093250446.66,221643241638.71094,-152935737311.0703,0.0004186854364807017,0.0005870688153430475,5.0354684165286496e-05,4.114822070913519e-06,-7.547926046225086e-07,1.3702205407869474e-06,-9.454639227196067e-07
C:\Users\damba\.cache\kagglehub\datasets\salmaneunus\mechanical-tools-dataset\versions\20\Mechanical Tools Image dataset\Mechanical Tools Image dataset\Rope\andrew-buchanan-Csf7vDp-Whc-unsplash.jpg,Rope,exito,12176505.0,1355539455.0,1352653365.0,201659148195.0,200096815215.0,148751689035.0,33805593292185.0,33298914037845.0,22058420691525.0,21880347615075.0,50754827615.18692,49834393785.71276,-1831339937.2720864,55574336151.77418,-1195584769.3599486,64423373902.140625,11610108987.921875,0.0003423198271659298,0.0003361118906162845,-1.2351612649778017e-05,1.0741567331332355e-07,-2.31086058595868e-09,1.2451934767003982e-07,2.244035215774475e-08
C:\Users\damba\.cache\kagglehub\datasets\salmaneunus\mechanical-tools-dataset\versions\20\Mechanical Tools Image dataset\Mechanical Tools Image dataset\Rope\engin-akyurt-MGScaQTG8To-unsplash.jpg,Rope,exito,1192890.0,129873030.0,124355850.0,18358806600.0,15689755770.0,13820957670.0,2950500835050.0,2274742540410.0,1901873589510.0,1759741785390.0,4219192787.0072675,2725964113.415989,282013561.385207,33020980971.623207,70773956670.14297,-73393963378.35156,-7241083177.136719,0.0029650264654860663,0.0019156640021601712,0.00019818427726461647,2.1246577224584922e-05,4.553784568586372e-05,-4.7223627671042215e-05,-4.659105465246126e-06
C:\Users\damba\.cache\kagglehub\datasets\salmaneunus\mechanical-tools-dataset\versions\20\Mechanical Tools Image dataset\Mechanical Tools Image dataset\Rope\eric-barbeau-aveIX3ZBiyA-unsplash.jpg,Rope,exito,9741765.0,1016263995.0,1161630570.0,148132608195.0,178656708210.0,124543250265.0,24629176719465.0,30375079040100.0,18345744827565.0,19555994758365.0,42115627952.3684,40141194731.84435,3361583104.857343,388905185134.6593,-501417326418.04694,-19292498266.429688,116784777890.25781,0.0004437802624726739,0.0004229752897003362,3.542163099846183e-05,1.3129543041058027e-06,-1.6927983015856369e-06,-6.513199001728909e-08,3.942685329123659e-07
C:\Users\damba\.cache\kagglehub\datasets\salmaneunus\mechanical-tools-dataset\versions\20\Mechanical Tools Image dataset\Mechanical Tools Image dataset\Rope\Ha676193c3003477f9d841b93c3123549s.jpg_350x350.jpg,Rope,exito,7431465.0,761904555.0,707117805.0,104000080515.0,88775476365.0,68761223280.0,16268090712585.0,12463562785275.0,9301081640820.0,8258085739290.0,25886471565.789047,21491893632.925236,-3735421264.662692,297595492268.33954,-73577776789.58797,171221014307.01562,-132678940884.2461,0.000468731332283103,0.00038915786225424576,-6.763799313375475e-05,1.9766976991339746e-06,-4.887205144768411e-07,1.1372893535594398e-06,-8.812840381766889e-07
C:\Users\damba\.cache\kagglehub\datasets\salmaneunus\mechanical-tools-dataset\versions\20\Mechanical Tools Image dataset\Mechanical Tools Image dataset\Rope\HTB13093XOLxK1Rjy0Ffq6zYdVXa4.jpg,Rope,exito,5150490.0,565398495.0,643556250.0,74770064445.0,91418729610.0,69443154480.0,10735261982235.0,13993296229440.0,9029374602330.0,10013310632160.0,12703065353.988264,11006060734.987625,-1203664598.9310846,-261647044735.09952,-179944210855.45132,-48915420763.27734,278555223409.71484,0.0004788631696331823,0.00041489175894673236,-4.537413836404677e-05,-4.346047444424738e-06,-2.988935260167493e-06,-8.125019704175692e-07,4.626898110225631e-06
C:\Users\damba\.cache\kagglehub\datasets\salmaneunus\mechanical-tools-dataset\versions\20\Mechanical Tools Image dataset\Mechanical Tools Image dataset\Rope\il_340x270.1549969063_me9u.jpg,Rope,exito,7134135.0,885060630.0,1105161585.0,136019551530.0,183935099325.0,133877833560.0,22932250696440.0,32346103578315.0,20456579430600.0,21884265197670.0,26218949386.082493,12732545832.570677,-3228488183.5468473,-447776411629.56024,-92453720357.83836,186600296685.52344,65542584272.265625,0.0005151487360798096,0.0002501684867742547,-6.343319035070074e-05,-3.2938809877433765e-06,-6.80097351766626e-07,1.3726474945897826e-06,4.821367687420445e-07
C:\Users\damba\.cache\kagglehub\datasets\salmaneunus\mechanical-tools-dataset\versions\20\Mechanical Tools Image dataset\Mechanical Tools Image dataset\Rope\il_340x270.1597533795_8ivp.jpg,Rope,exito,10903545.0,1231229505.0,1250263215.0,191934889455.0,188337844665.0,140705733450.0,33410536287915.0,31767709294935.0,21756782755950.0,21200623942170.0,52904317839.75512,44975469695.92927,-474126799.50222796,-210695437025.66513,-142484119534.21198,-144499272175.8203,42225947175.875,0.0004449955605216069,0.0003783034195372063,-3.988035939559258e-06,-5.367052327539518e-07,-3.629503021892019e-07,-3.680835076483092e-07,1.0756230475234954e-07
C:\Users\damba\.cache\kagglehub\datasets\salmaneunus\mechanical-tools-dataset\versions\20\Mechanical Tools Image dataset\Mechanical Tools Image dataset\Rope\images.jpg,Rope,exito,7471245.0,840919110.0,886098990.0,116999044410.0,120991821660.0,101759242005.0,18095700494760.0,18216411906180.0,14346359714115.0,14088358586985.0,22350167340.222187,15899374540.541311,2025185091.7681448,-104224410967.1033,95259351927.4143,14241202062.992188,-10143592553.148438,0.0004004006950881124,0.00028483547888441416,3.6280959604573e-05,-6.831042759694827e-07,6.243457748898903e-07,9.333922767139393e-08,-6.648280745798567e-08
C:\Users\damba\.cache\kagglehub\datasets\salmaneunus\mechanical-tools-dataset\versions\20\Mechanical Tools Image dataset\Mechanical Tools Image dataset\Rope\index.jpg,Rope,exito,4934760.0,482200665.0,560414775.0,68964763005.0,82173068895.0,54807938205.0,11427741015495.0,13374984454905.0,7579095209745.0,8495778199515.0,21846467216.26008,18529706292.097195,46941280.970184945,419380604504.18896,-165622237386.9045,-262044455846.6328,455565171711.0,0.0008971171226194302,0.000760915557979866,1.9276263983175813e-06,7.752526365355865e-06,-3.061636013303948e-06,-4.844064153248318e-06,8.421421894326355e-06
C:\Users\damba\.cache\kagglehub\datasets\salmaneunus\mechanical-tools-dataset\versions\20\Mechanical Tools Image dataset\Mechanical Tools Image dataset\Rope\jon-moore-uoTXJDmFRvE-unsplash.jpg,Rope,exito,8835495.0,969252450.0,1094742030.0,148884045510.0,172904312130.0,120982892835.0,25730186198370.0,29900284279410.0,18256379463525.0,19077437858745.0,42557200004.34328,37262776228.670105,889859598.5516222,60592517973.09471,-756953627574.2612,-385996476740.27344,-110650817014.99219,0.0005451440489534899,0.0004773241826640833,1.1398815347462948e-05,2.6112099185351655e-07,-3.2620608720547836e-06,-1.6634361176925882e-06,-4.76845195659081e-07
C:\Users\damba\.cache\kagglehub\datasets\salmaneunus\mechanical-tools-dataset\versions\20\Mechanical Tools Image dataset\Mechanical Tools Image dataset\Rope\kynda-light-fabric-cord-jute-round-twisted-raw-yar.jpg,Rope,exito,2386035.0,220872075.0,295589115.0,24196836525.0,40290147135.0,25169149740.0,2915970867105.0,5878019521485.0,2644358528220.0,3146317044570.0,3751003368.820134,3671688098.78166,-2193140074.4677787,-18348741165.25864,-22963073575.107616,52814524801.055664,-39902659833.67578,0.0006588610504979057,0.0006449293802220372,-0.0003852234805663232,-2.086480112775395e-06,-2.6111871060329967e-06,6.0056684363574e-06,-4.537428777263615e-06
C:\Users\damba\.cache\kagglehub\datasets\salmaneunus\mechanical-tools-dataset\versions\20\Mechanical Tools Image dataset\Mechanical Tools Image dataset\Rope\mae-mu-TVoh0JsOCv0-unsplash.jpg,Rope,exito,5458020.0,935738820.0,596784915.0,167042938230.0,89548094235.0,102784056150.0,30762368924400.0,15098647188915.0,18434743173930.0,15429197155050.0,6617153924.520642,24295084027.71654,469514950.82881206,-144886365769.64612,-5517163587.155601,9125014769.234375,-25862905695.640625,0.00022212681610050017,0.0008155454329047861,1.5760833483519427e-05,-2.0818033936898364e-06,-7.927350388195587e-08,1.3111300440970677e-07,-3.7161181151763495e-07
C:\Users\damba\.cache\kagglehub\datasets\salmaneunus\mechanical-tools-dataset\versions\20\Mechanical Tools Image dataset\Mechanical Tools Image dataset\Rope\pexels-david-waschb├╝sch-1887836.jpg,Rope,exito,5161965.0,628260330.0,521158545.0,96074037150.0,76976569755.0,64344704115.0,16192970585670.0,12855715344135.0,9910526155515.0,9596393267625.0,19608768158.11244,24359740887.210884,914742954.081661,-273303128334.19717,165282277014.5377,-11896571830.6875,42903980010.55078,0.000735902368385306,0.0009142028131295158,3.432961728878255e-05,-4.514472002217913e-06,2.730163451084039e-06,-1.9650979035388138e-07,7.086959367128221e-07
C:\Users\damba\.cache\kagglehub\datasets\salmaneunus\mechanical-tools-dataset\versions\20\Mechanical Tools Image dataset\Mechanical Tools Image dataset\Rope\regine-tholen-IOUbVsWf_TE-unsplash.jpg,Rope,exito,5863980.0,712059450.0,575217270.0,117258606360.0,84187331490.0,70921595520.0,21295373001360.0,13953757856220.0,12188206099830.0,10515927170910.0,30793669519.440777,27762359422.180378,1073319620.9175531,-421779089107.1624,248938914232.8893,425254965567.3711,82540815209.54688,0.0008955224624466349,0.0008073677759444567,3.121361776353282e-05,-5.065284503456362e-06,2.989589709722985e-06,5.1070274528450895e-06,9.912599343618648e-07
C:\Users\damba\.cache\kagglehub\datasets\salmaneunus\mechanical-tools-dataset\versions\20\Mechanical Tools Image dataset\Mechanical Tools Image dataset\Rope\Rope_Drawing_Day_5_Pencil_Charcoal_on_Paper_15x22_inches_2018.jpg,Rope,exito,12672480.0,1406741160.0,1426239735.0,209290063740.0,212565743505.0,159005471595.0,35084124857820.0,35631476513475.0,23690789622465.0,23700974748825.0,53131151574.57178,52047851056.72859,682070078.3282192,55424663510.80071,-7572534823.778278,-15446027782.484375,-48959872497.640625,0.0003308460851163861,0.00032410040532757263,4.247229892489618e-06,9.695027134873214e-08,-1.3246076014876672e-08,-2.7018595872577478e-08,-8.564188978649538e-08
C:\Users\damba\.cache\kagglehub\datasets\salmaneunus\mechanical-tools-dataset\versions\20\Mechanical Tools Image dataset\Mechanical Tools Image dataset\Rope\thomas-kinto--U23q5CyYKc-unsplash.jpg,Rope,exito,7607415.0,728773425.0,876784095.0,104620656165.0,130789147845.0,90181810800.0,17793599862195.0,21603185398305.0,13657120578000.0,14128129689780.0,34805784097.91405,29736379033.916466,6187845977.694993,1102540561130.2966,-325237461333.70294,413620289530.10547,172473911971.45312,0.0006014190839411671,0.0005138233860209798,0.00010692155789409129,6.907196388298697e-06,-2.0375477306345595e-06,2.5912484952395093e-06,1.080514607665469e-06
C:\Users\damba\.cache\kagglehub\datasets\salmaneunus\mechanical-tools-dataset\versions\20\Mechanical Tools Image dataset\Mechanical Tools Image dataset\Rope\unnamed.jpg,Rope,exito,9194535.0,844919295.0,1064653305.0,108654838275.0,164995081425.0,97623114210.0,16029654995445.0,28424275634175.0,12327863392110.0,15225241220070.0,31012128223.50778,41716779711.27299,-211753989.4271561,345331602933.73,-341765664813.7799,-214576504067.32422,112281325230.5625,0.0003668360684688111,0.0004934591830709225,-2.504794266430318e-06,1.3471374163151898e-06,-1.33322670375706e-06,-8.370622174034651e-07,4.380090703733605e-07
C:\Users\damba\.cache\kagglehub\datasets\salmaneunus\mechanical-tools-dataset\versions\20\Mechanical Tools Image dataset\Mechanical Tools Image dataset\Rope\vasileia-eleftheriou-KurXWo1VNEk-unsplash.jpg,Rope,exito,7523775.0,1087093560.0,932346555.0,182097065190.0,151043224605.0,126737504865.0,32432126039490.0,26816546419935.0,20678136545505.0,19861649468475.0,25025328170.555157,35506795269.94306,-7975180672.33808,-1110383278657.2563,-700744649322.9741,417291915244.71875,14318534334.21875,0.0004420874461310832,0.000627248855008327,-0.0001408863544900999,-7.151273938698331e-06,-4.513051524375941e-06,2.68751237133876e-06,9.221659168758291e-08
C:\Users\damba\.cache\kagglehub\datasets\salmaneunus\mechanical-tools-dataset\versions\20\Mechanical Tools Image dataset\Mechanical Tools Image dataset\Toolbox\000000.jpg,Toolbox,exito,4234785.0,459437070.0,482350350.0,63276139110.0,59425366260.0,51463437510.0,9892468136460.0,7802212918530.0,7028632811640.0,6221210627100.0,13431242311.181429,4484711623.431082,-867349417.193352,113217198943.86786,11911720993.102337,9555598380.261719,-28335351800.992188,0.00074895108112262,0.0002500758709487121,-4.836501856401216e-05,3.067849077606611e-06,3.227721812788727e-07,2.589282719439061e-07,-7.67803687931117e-07
C:\Users\damba\.cache\kagglehub\datasets\salmaneunus\mechanical-tools-dataset\versions\20\Mechanical Tools Image dataset\Mechanical Tools Image dataset\Toolbox\000001.jpg,Toolbox,exito,5853525.0,655284975.0,661439655.0,93424567005.0,82522125645.0,70828133685.0,15002573907075.0,11053497782385.0,9860999519505.0,8478838852965.0,20067333806.072746,7780424327.158353,-3218097908.900028,51008872823.78787,-29733036978.360165,24675090592.61328,-31990758080.066406,0.0005856723482184637,0.00022707447984165823,-9.392134387738377e-05,6.153214190095547e-07,-3.5867043304779977e-07,2.9765628834980863e-07,-3.859053840499289e-07
C:\Users\damba\.cache\kagglehub\datasets\salmaneunus\mechanical-tools-dataset\versions\20\Mechanical Tools Image dataset\Mechanical Tools Image dataset\Toolbox\000002.jpg,Toolbox,exito,7711200.0,911685180.0,842894850.0,125456373390.0,115001644710.0,96450099420.0,18804626917860.0,17441657758380.0,13014360817950.0,13118826105420.0,17669016372.72221,22866603710.347214,-3204266054.0277877,-205887282340.45798,-127926622322.5979,58664262078.07031,222833724494.5,0.00029714500805974456,0.0003845543521200139,-5.3887077942809156e-05,-1.2468798392759412e-06,-7.747400639197737e-07,3.552783097607198e-07,1.3495096706532374e-06
C:\Users\damba\.cache\kagglehub\datasets\salmaneunus\mechanical-tools-dataset\versions\20\Mechanical Tools Image dataset\Mechanical Tools Image dataset\Toolbox\000003.jpg,Toolbox,exito,5265495.0,582242520.0,728261385.0,79118876520.0,107735397015.0,78924669285.0,12030468263580.0,16820452043925.0,10486815752025.0,11459020786845.0,14736258723.202097,7010841226.395471,-1604273202.0957367,22760180425.05142,-19556222490.3113,-101186031318.40625,-10265311244.699219,0.0005315068039123157,0.00025286674745409545,-5.786286317744556e-05,3.5774839063222123e-07,-3.073880343696226e-07,-1.5904592662533602e-06,-1.613519097189535e-07
C:\Users\damba\.cache\kagglehub\datasets\salmaneunus\mechanical-tools-dataset\versions\20\Mechanical Tools Image dataset\Mechanical Tools Image dataset\Toolbox\000004.jpg,Toolbox,exito,4413285.0,490504230.0,474684285.0,67947532560.0,54087913065.0,52667596725.0,10534371076620.0,6471931674315.0,7289753583015.0,5991896353035.0,13431588167.581898,3031801704.423642,-90076914.2563762,-3143215426.9604206,2152453382.3116965,1472926809.5625,-201134205.72460938,0.0006896097911180302,0.0001556599349245293,-4.624763747210652e-06,-7.681909952580552e-08,5.260521731415548e-08,3.59978225505934e-08,-4.915650526233297e-09
C:\Users\damba\.cache\kagglehub\datasets\salmaneunus\mechanical-tools-dataset\versions\20\Mechanical Tools Image dataset\Mechanical Tools Image dataset\Toolbox\000005.jpg,Toolbox,exito,7520205.0,866600160.0,872621475.0,125530526880.0,118959682035.0,92950857075.0,20247121690080.0,17875693709475.0,12733614774825.0,11969885217465.0,25666781501.778843,17703368060.690037,-7606762013.10146,-134031295955.01826,-36511011285.55882,-79412419018.97656,26749131495.664062,0.0004538497017404899,0.0003130376246663199,-0.00013450563213847916,-8.642353331055692e-07,-2.3542341940039048e-07,-5.120521883681348e-07,1.724787065865445e-07
C:\Users\damba\.cache\kagglehub\datasets\salmaneunus\mechanical-tools-dataset\versions\20\Mechanical Tools Image dataset\Mechanical Tools Image dataset\Toolbox\000006.jpg,Toolbox,exito,5517945.0,610643400.0,612916980.0,86303657070.0,73489162470.0,65343171660.0,13730797821840.0,9367417889070.0,9045099231900.0,7563449382060.0,18726803374.72757,5408160507.798418,-2485287772.8018928,35199849513.51244,3014594830.5893116,8813494514.851562,-17112200478.40625,0.000615047865840519,0.0001776212155318144,-8.162476585428334e-05,4.921498855272463e-07,4.2148830784518674e-08,1.232266721740988e-07,-2.3925578157185003e-07
C:\Users\damba\.cache\kagglehub\datasets\salmaneunus\mechanical-tools-dataset\versions\20\Mechanical Tools Image dataset\Mechanical Tools Image dataset\Toolbox\000007.jpg,Toolbox,exito,8186775.0,968412735.0,960290730.0,136610498985.0,134085469350.0,114114222015.0,21340797935085.0,20618232848460.0,16315912910745.0,16001524713285.0,22057060627.382965,21445475442.272854,521534756.0431434,-37097972427.79649,-140712619055.43555,168416784985.53125,18219189413.367188,0.00032909548763667475,0.00031997052179805755,7.781396522364125e-06,-1.9344968967896532e-07,-7.337547232040276e-07,8.782198233499309e-07,9.500509886565562e-08
C:\Users\damba\.cache\kagglehub\datasets\salmaneunus\mechanical-tools-dataset\versions\20\Mechanical Tools Image dataset\Mechanical Tools Image dataset\Toolbox\000008.jpg,Toolbox,exito,5311905.0,591623205.0,581931930.0,80938186515.0,69236865600.0,64858953690.0,12368577165135.0,8797269524880.0,8850138979350.0,7718890281840.0,15045062166.113483,5484827272.220244,45212947.56660566,2594507468.3661256,10452918363.479733,-26904783154.71875,-2399546593.1328125,0.0005332039866481041,0.00019438482442505988,1.6023678482980615e-06,3.9895983608827e-08,1.6073550173914735e-07,-4.137173628625807e-07,-3.6898052025469845e-08
C:\Users\damba\.cache\kagglehub\datasets\salmaneunus\mechanical-tools-dataset\versions\20\Mechanical Tools Image dataset\Mechanical Tools Image dataset\Toolbox\000009.jpg,Toolbox,exito,6857970.0,729051375.0,1008250365.0,98737601145.0,162812729205.0,106613604330.0,15086220317265.0,28089173610255.0,14576170194210.0,17142942528000.0,21234213496.848923,14580993206.937416,-570637500.6732012,75007236308.62988,-134714376058.98833,181214502556.9375,2571083135.84375,0.000451486758598095,0.0003100244499810613,-1.2133026521170372e-05,6.089956793578891e-07,-1.0937674417138692e-06,1.4713093632736187e-06,2.0875032837580063e-08
C:\Users\damba\.cache\kagglehub\datasets\salmaneunus\mechanical-tools-dataset\versions\20\Mechanical Tools Image dataset\Mechanical Tools Image dataset\Toolbox\000010.jpg,Toolbox,exito,6988530.0,794226060.0,789786765.0,101393455980.0,111837684015.0,89271454680.0,14086498330620.0,17683273219185.0,11392646291400.0,12512482285410.0,11131979763.524778,22582413712.20882,-485508602.1345654,33193571543.789314,-59872421831.515724,44336643695.08594,-87807989975.4336,0.00022792960638968738,0.0004623796286100191,-9.94088984476373e-06,2.5709249521514836e-07,-4.637268485234263e-07,3.4339836983186463e-07,-6.800947952476302e-07
C:\Users\damba\.cache\kagglehub\datasets\salmaneunus\mechanical-tools-dataset\versions\20\Mechanical Tools Image dataset\Mechanical Tools Image dataset\Toolbox\000011.jpg,Toolbox,exito,6667485.0,894151380.0,712200210.0,133100663430.0,93978260490.0,94611762600.0,21310096869660.0,13782136271100.0,14059598474460.0,12279579714330.0,13189378986.779747,17903227831.652203,-898733577.7626483,-77089562644.57104,-81067335533.3537,83247165328.03906,-131492049835.91797,0.0002966881857825669,0.00040272375146312503,-2.0216542033976237e-05,-6.715687260237521e-07,-7.062212493964439e-07,7.252109215121743e-07,-1.145498111043934e-06
C:\Users\damba\.cache\kagglehub\datasets\salmaneunus\mechanical-tools-dataset\versions\20\Mechanical Tools Image dataset\Mechanical Tools Image dataset\Toolbox\000012.jpg,Toolbox,exito,6712110.0,796132950.0,760881495.0,111988862550.0,99930711975.0,86144821140.0,17426551745040.0,14374847516475.0,11734035934470.0,10944841848630.0,17558396709.049465,13677559176.038866,-4104419294.7902894,-21860132531.689526,-54211731895.96517,12695509775.394531,22467343146.132812,0.000389732592719877,0.00030359210399944007,-9.110319124659449e-05,-1.8728591951005642e-07,-4.6445711349874324e-07,1.0876833516388144e-07,1.9248817517330183e-07
C:\Users\damba\.cache\kagglehub\datasets\salmaneunus\mechanical-tools-dataset\versions\20\Mechanical Tools Image dataset\Mechanical Tools Image dataset\Toolbox\000013.jpg,Toolbox,exito,4001460.0,445254225.0,451619025.0,59584954695.0,53709137085.0,50252231625.0,8865554506845.0,6674837198505.0,6736319301435.0,5975828249175.0,10040207307.708708,2737805685.47317,-745781.1544066871,954517928.7818558,-4964272094.417066,11515100067.195312,-377083449.7890625,0.00062705512295262,0.00017098801131393613,-4.6577314505566155e-08,2.980148397553491e-08,-1.5499203400062684e-07,3.595187264498507e-07,-1.1773111900233783e-08
C:\Users\damba\.cache\kagglehub\datasets\salmaneunus\mechanical-tools-dataset\versions\20\Mechanical Tools Image dataset\Mechanical Tools Image dataset\Toolbox\000014.jpg,Toolbox,exito,5343015.0,575368995.0,677459775.0,73202514675.0,94708470585.0,71379661965.0,10356868509375.0,14260821827655.0,8861023694895.0,9750588043605.0,11243212594.18794,8810948915.483702,-1573408519.4879053,52489958724.099144,18057000539.90011,-81713348515.00781,-49211428282.64844,0.0003938380167769198,0.0003086383556058237,-5.511486025047298e-05,7.954451674007652e-07,2.736400288046342e-07,-1.238303282539169e-06,-7.457615467765614e-07
C:\Users\damba\.cache\kagglehub\datasets\salmaneunus\mechanical-tools-dataset\versions\20\Mechanical Tools Image dataset\Mechanical Tools Image dataset\Toolbox\000015.jpg,Toolbox,exito,9296280.0,1031331180.0,944561565.0,145576901040.0,129962417955.0,106540658010.0,23114594680680.0,20299099618395.0,15065060676090.0,14780368998840.0,31160811718.229095,33988915642.75799,1750807294.0042763,50290403209.38657,187103034910.87192,-114954316912.42188,6525652850.0390625,0.0003605706478526357,0.00039329544570074253,2.025909100098753e-05,1.908587730576171e-07,7.100809180185751e-07,-4.362669313314687e-07,2.4765721029771592e-08
C:\Users\damba\.cache\kagglehub\datasets\salmaneunus\mechanical-tools-dataset\versions\20\Mechanical Tools Image dataset\Mechanical Tools Image dataset\Toolbox\000016.jpg,Toolbox,exito,5443740.0,625618275.0,616030530.0,83509306635.0,78708964020.0,69107475285.0,12205009912605.0,10880027968740.0,9049438153035.0,8695470257565.0,11610533729.97963,8997035476.006186,-1689432268.6186,-60908836525.7616,-63187887714.81171,-12420610066.570312,32256624004.80078,0.00039179368831086586,0.0003036020388887286,-5.700934298690816e-05,-8.809208056780646e-07,-9.138825846933381e-07,-1.7963852949692156e-07,4.665255950956321e-07
C:\Users\damba\.cache\kagglehub\datasets\salmaneunus\mechanical-tools-dataset\versions\20\Mechanical Tools Image dataset\Mechanical Tools Image dataset\Toolbox\000017.jpg,Toolbox,exito,7732620.0,770528910.0,890698425.0,102555003930.0,135781932075.0,91336464570.0,15819771587250.0,22733771354385.0,12310222308000.0,14155942697880.0,25774455920.943798,33184923002.075077,2581438905.4817867,463847948632.76843,-551514919355.1528,-17258815922.390625,31044376982.75,0.00043105845662702163,0.000554992964213742,4.3172630836010314e-05,2.789709422266053e-06,-3.3169627494967438e-06,-1.0379927633131967e-07,1.867094405234131e-07
C:\Users\damba\.cache\kagglehub\datasets\salmaneunus\mechanical-tools-dataset\versions\20\Mechanical Tools Image dataset\Mechanical Tools Image dataset\Toolbox\000018.jpg,Toolbox,exito,8107215.0,944759445.0,830290710.0,137967512595.0,101754550770.0,100771591305.0,22449817932225.0,13959135851610.0,14902828915425.0,12748096826115.0,27871701775.044197,16721322576.063608,4015184774.7357955,-123928740050.8995,113077027193.46553,-162752972823.9453,67896023930.44141,0.00042405296627937727,0.0002544059381707003,6.108887887897212e-05,-6.622055376126987e-07,6.042200828761761e-07,-8.696604179359877e-07,3.62798193624468e-07
C:\Users\damba\.cache\kagglehub\datasets\salmaneunus\mechanical-tools-dataset\versions\20\Mechanical Tools Image dataset\Mechanical Tools Image dataset\Toolbox\000019.jpg,Toolbox,exito,2494920.0,304754835.0,287863380.0,44551046685.0,34225616010.0,35550371865.0,7219639433775.0,4150791391500.0,5215358727075.0,4310658728415.0,7325199982.148917,1011995715.551923,387818807.41005784,-11825745616.749899,-31681201476.64971,-19676542435.121094,40501919636.29492,0.0011768096926593299,0.00016257936573655803,6.230395520503618e-05,-1.2027821423120693e-06,-3.222256305693957e-06,-2.001277097478581e-06,4.119400775786562e-06
C:\Users\damba\.cache\kagglehub\datasets\salmaneunus\mechanical-tools-dataset\versions\20\Mechanical Tools Image dataset\Mechanical Tools Image dataset\Toolbox\000020.jpg,Toolbox,exito,5134425.0,585345615.0,538487580.0,78416575665.0,63872464770.0,63360631065.0,11631076060155.0,8209892529390.0,8649429862725.0,7674498304665.0,11684762657.754162,7397032016.720635,1970827204.789423,27040968224.016163,-40485793862.43517,-24098757563.566406,-20618308504.328125,0.00044323726523379415,0.00028059108584138187,7.475924724235039e-05,4.526814537026824e-07,-6.777556139309096e-07,-4.034271449132129e-07,-3.451624139086913e-07
C:\Users\damba\.cache\kagglehub\datasets\salmaneunus\mechanical-tools-dataset\versions\20\Mechanical Tools Image dataset\Mechanical Tools Image dataset\Toolbox\000021.jpg,Toolbox,exito,3589635.0,426669060.0,420021720.0,54857417130.0,54147729180.0,48552257550.0,7471369222230.0,7478606820420.0,6120144498810.0,6107600763210.0,4142933133.3586745,5001159884.860415,-1372114273.8715591,-33930166758.294025,-27564112821.383907,27483467031.1875,-7373354121.984375,0.0003215195177508249,0.00038812369464228123,-0.0001064853101494683,-1.3898254705490748e-06,-1.1290633006654233e-06,1.1257599401453892e-06,-3.0202254634091686e-07
C:\Users\damba\.cache\kagglehub\datasets\salmaneunus\mechanical-tools-dataset\versions\20\Mechanical Tools Image dataset\Mechanical Tools Image dataset\Toolbox\000022.jpg,Toolbox,exito,5405235.0,600632865.0,614158065.0,72456227595.0,86093835675.0,67439169915.0,9333578020995.0,13478736881205.0,8060390401365.0,9307088505735.0,5713553406.346184,16311461956.827856,-806432384.2166313,12412989123.981909,-10196597550.1304,6931680287.53125,-76450466211.05078,0.0001955586951135738,0.000558294985416416,-2.7601888621460323e-05,1.8274265244433752e-07,-1.5011318092740952e-07,1.0204743023517974e-07,-1.1254953046742058e-06
C:\Users\damba\.cache\kagglehub\datasets\salmaneunus\mechanical-tools-dataset\versions\20\Mechanical Tools Image dataset\Mechanical Tools Image dataset\Toolbox\000023.jpg,Toolbox,exito,2731815.0,295302240.0,363459915.0,35856758700.0,50009788845.0,38916955560.0,4729568042790.0,7081026151275.0,4700937820380.0,5308298568660.0,3935339076.409966,1652520943.6936445,-372135044.4917428,2743549880.971683,-12354566757.836031,10755708913.5625,1390771251.8515625,0.0005273264885492881,0.00022143404915621177,-4.986524984703015e-05,2.224255367279151e-07,-1.0016115111343585e-06,8.719886394560696e-07,1.1275284050941991e-07
C:\Users\damba\.cache\kagglehub\datasets\salmaneunus\mechanical-tools-dataset\versions\20\Mechanical Tools Image dataset\Mechanical Tools Image dataset\Toolbox\000024.jpg,Toolbox,exito,5168340.0,597400485.0,581669025.0,82670665695.0,71956701975.0,67986290265.0,12653068391475.0,9528537581475.0,9503226551775.0,8513853915315.0,13618060897.66948,6492964170.511399,752060774.5877746,-50888420871.01942,-31301159176.044697,25226177595.28125,27208382347.76172,0.0005098155992836952,0.00024307531333505212,2.815469231451604e-05,-8.379947238874493e-07,-5.154454744738323e-07,4.154069504784379e-07,4.480485042113271e-07
C:\Users\damba\.cache\kagglehub\datasets\salmaneunus\mechanical-tools-dataset\versions\20\Mechanical Tools Image dataset\Mechanical Tools Image dataset\Toolbox\000025.jpg,Toolbox,exito,5512080.0,616996470.0,628227945.0,84446632830.0,77752249665.0,70293288015.0,12899247377160.0,10273577020425.0,9590090177115.0,8695387494765.0,15382932014.253328,6151265847.834243,-27611612.790990364,2899018358.1145954,9769123653.351574,-28359132349.73047,-1541941008.8007812,0.0005063001970744132,0.00020245731490784035,-9.087841631665284e-07,4.064079410173664e-08,1.3695151044454768e-07,-3.9756135227748567e-07,-2.1616181518923487e-08
C:\Users\damba\.cache\kagglehub\datasets\salmaneunus\mechanical-tools-dataset\versions\20\Mechanical Tools Image dataset\Mechanical Tools Image dataset\Toolbox\000026.jpg,Toolbox,exito,5913195.0,606421110.0,683746545.0,74335910370.0,93143943075.0,64213269720.0,10064446365090.0,13943306161785.0,7398660609660.0,8268494380290.0,12145070620.316101,14081889853.444311,-5907593667.316829,-50038222791.31719,-83583926218.88477,14844776326.128906,82419030037.76172,0.000347340673808238,0.0004027323729190002,-0.00016895311926458777,-5.884998736445322e-07,-9.830311165060613e-07,1.7458951387306527e-07,9.693307647118151e-07
C:\Users\damba\.cache\kagglehub\datasets\salmaneunus\mechanical-tools-dataset\versions\20\Mechanical Tools Image dataset\Mechanical Tools Image dataset\Toolbox\000027.jpg,Toolbox,exito,4616775.0,534270135.0,525217125.0,72155255685.0,65802103575.0,58700767185.0,10738347315465.0,8838279361065.0,7736253129075.0,7139126057625.0,10327556229.661974,6051947157.74648,-2079284751.267604,-2008867772.790834,-24522970064.58272,8916090776.785156,-2644299835.5703125,0.0004845294167248643,0.0002839342010039658,-9.755208350674571e-05,-4.3863630826172964e-08,-5.354590880711726e-07,1.946828554585364e-07,-5.7738290868207855e-08
C:\Users\damba\.cache\kagglehub\datasets\salmaneunus\mechanical-tools-dataset\versions\20\Mechanical Tools Image dataset\Mechanical Tools Image dataset\Toolbox\000028.jpg,Toolbox,exito,5548800.0,611247495.0,633413625.0,82423041825.0,79286621385.0,68109765090.0,12478940242545.0,10664921631165.0,9004334275530.0,8317922608740.0,15088933523.425781,6980389346.425782,-1666130883.9257822,74992815598.17465,20426658353.357845,-37447920190.93359,-35784265317.61719,0.000490072578019982,0.0002267156520555352,-5.4114166275340316e-05,1.0340034333275373e-06,2.8164344411272815e-07,-5.163331679113996e-07,-4.933946392382193e-07
C:\Users\damba\.cache\kagglehub\datasets\salmaneunus\mechanical-tools-dataset\versions\20\Mechanical Tools Image dataset\Mechanical Tools Image dataset\Toolbox\000029.jpg,Toolbox,exito,7505925.0,884969595.0,839382990.0,120884926935.0,114900274050.0,96784828995.0,17978997307725.0,17403909992610.0,13092414186915.0,13254321314475.0,16544531304.286388,21032589001.010014,-2180778136.7244825,-174967615573.5739,-149440256709.86554,88166645439.70312,195007126609.1953,0.0002936608335743177,0.0003733226106358432,-3.870820597409372e-05,-1.1335668108294614e-06,-9.681821098882459e-07,5.712073217948734e-07,1.2633972628291858e-06
C:\Users\damba\.cache\kagglehub\datasets\salmaneunus\mechanical-tools-dataset\versions\20\Mechanical Tools Image dataset\Mechanical Tools Image dataset\Toolbox\000030.jpg,Toolbox,exito,4081275.0,426384480.0,402565185.0,50843742630.0,45524225625.0,40964776665.0,6636535453650.0,5622849345195.0,4763604084915.0,4530175148445.0,6297926730.588564,5816357820.432983,-1092557641.6391778,8788195563.595093,-14946352161.211166,-23189604345.74414,-10359839336.763672,0.00037809931100473245,0.0003491880706997649,-6.559226698055334e-05,2.611620478744873e-07,-4.441662580706566e-07,-6.891340226225176e-07,-3.078671653652937e-07
C:\Users\damba\.cache\kagglehub\datasets\salmaneunus\mechanical-tools-dataset\versions\20\Mechanical Tools Image dataset\Mechanical Tools Image dataset\Toolbox\000031.jpg,Toolbox,exito,4850610.0,550952745.0,554336085.0,81296367675.0,66656140905.0,64669327275.0,13438652264835.0,8367244471335.0,9704512687755.0,7975234032645.0,18716830828.49306,3305656093.1665993,1705496399.4393346,-47205302437.626175,-5886558488.215388,26388487417.828125,14334228948.117188,0.0007954989293367212,0.00014049632157097175,7.248666038463396e-05,-9.109612215532369e-07,-1.1359796959790281e-07,5.092412820540713e-07,2.766199142533711e-07
C:\Users\damba\.cache\kagglehub\datasets\salmaneunus\mechanical-tools-dataset\versions\20\Mechanical Tools Image dataset\Mechanical Tools Image dataset\Toolbox\000032.jpg,Toolbox,exito,6245205.0,648264060.0,735779550.0,83576723790.0,104780195130.0,82421316750.0,12309063566580.0,16596867328140.0,11328769898610.0,12262382411310.0,16285691471.976236,18094242275.257442,6046011480.121269,252670984964.92612,-11373986504.337734,226993716963.35547,-38622586098.88281,0.0004175541510012517,0.00046392417443600595,0.00015501565867620542,2.5923200954206678e-06,-1.1669331080626876e-07,2.32887988345801e-06,-3.962548612186201e-07
C:\Users\damba\.cache\kagglehub\datasets\salmaneunus\mechanical-tools-dataset\versions\20\Mechanical Tools Image dataset\Mechanical Tools Image dataset\Toolbox\000033.jpg,Toolbox,exito,7327935.0,812185710.0,770854035.0,107363684790.0,99368136585.0,85015953480.0,15793265747400.0,14334516497685.0,11206917316290.0,10879373351610.0,17345742828.423645,18278997110.40297,-421025931.36756486,48696579067.629425,35917179651.57013,6241117217.917969,-45434454081.03906,0.0003230202034530752,0.00034039968330702686,-7.840533746788564e-06,3.349997107770568e-07,2.4708603818952653e-07,4.293468869804141e-08,-3.1255848496715555e-07
C:\Users\damba\.cache\kagglehub\datasets\salmaneunus\mechanical-tools-dataset\versions\20\Mechanical Tools Image dataset\Mechanical Tools Image dataset\Toolbox\000034.jpg,Toolbox,exito,3395070.0,377809785.0,382542840.0,50224043925.0,45164793180.0,42550091265.0,7409886713595.0,5550044054220.0,5655975666405.0,5022381254055.0,8180659358.040784,2061403725.5069842,-19996578.163587138,142129956.35380825,-3484657168.535831,1382802764.2480469,864258734.3417969,0.0007097262084453445,0.00017884038268152098,-1.7348351741322947e-06,6.6921210804744415e-09,-1.6407341769482067e-07,6.510860740523076e-08,4.0693209534767643e-08
C:\Users\damba\.cache\kagglehub\datasets\salmaneunus\mechanical-tools-dataset\versions\20\Mechanical Tools Image dataset\Mechanical Tools Image dataset\Toolbox\000035.jpg,Toolbox,exito,4646610.0,570125430.0,509343375.0,83994514770.0,60848046195.0,64428154395.0,13634154234540.0,7807480620555.0,9654032258415.0,7889146938405.0,14041795274.99506,5015799964.6534395,1933214925.2518928,-117500840696.49707,37928586758.28812,-27520446787.816406,-553064573.640625,0.0006503545625783234,0.000232309923917026,8.953806279464669e-05,-2.5246455704912853e-06,8.149408803094733e-07,-5.91309591224679e-07,-1.1883251368763027e-08
C:\Users\damba\.cache\kagglehub\datasets\salmaneunus\mechanical-tools-dataset\versions\20\Mechanical Tools Image dataset\Mechanical Tools Image dataset\Toolbox\000036.jpg,Toolbox,exito,8005980.0,828167070.0,740992260.0,109666297560.0,91840478700.0,74180730120.0,16661281036530.0,13056378670920.0,9244339531950.0,8820382894710.0,23997747821.881134,23258052890.803925,-2470146956.4950933,352183920560.9734,250806058834.09302,-394766353894.9531,-222674994608.42578,0.00037440486524229703,0.00036286439140092037,-3.8538409739098576e-05,1.9419286614821507e-06,1.382935011193907e-06,-2.1767265694479457e-06,-1.227821399502596e-06
C:\Users\damba\.cache\kagglehub\datasets\salmaneunus\mechanical-tools-dataset\versions\20\Mechanical Tools Image dataset\Mechanical Tools Image dataset\Toolbox\000037.jpg,Toolbox,exito,5195625.0,572752950.0,608413680.0,76410999900.0,77248722840.0,65105468055.0,11360671555290.0,10467660922380.0,8462107170255.0,8055762444615.0,13272120220.71166,6002779183.338409,-1964562988.4944737,11138510948.036867,15881649490.004997,-52571842837.08594,157989809.48046875,0.0004916598125557266,0.00022237029495015585,-7.277636538959251e-05,1.8102253461414036e-07,2.581077899861268e-07,-8.543950160037169e-07,2.567642648894664e-09
C:\Users\damba\.cache\kagglehub\datasets\salmaneunus\mechanical-tools-dataset\versions\20\Mechanical Tools Image dataset\Mechanical Tools Image dataset\Toolbox\000038.jpg,Toolbox,exito,8443560.0,954495855.0,918375870.0,136974382965.0,120364926600.0,105505503360.0,21990269734245.0,17529263180760.0,15198120522690.0,14015340681600.0,29074120846.63038,20476462658.456753,1688397631.2530243,-67219814361.35697,-16703520575.291798,-81821255948.47656,41496614157.46094,0.0004078076830695313,0.0002872127703621629,2.3682281907457266e-05,-3.244765563437787e-07,-8.062951209522983e-08,-3.9495912950850114e-07,2.0030817683245392e-07
C:\Users\damba\.cache\kagglehub\datasets\salmaneunus\mechanical-tools-dataset\versions\20\Mechanical Tools Image dataset\Mechanical Tools Image dataset\Toolbox\000039.jpg,Toolbox,exito,4567815.0,509797530.0,591583425.0,72144173640.0,79611136425.0,66091350840.0,11447440650090.0,11086031742675.0,9370052860170.0,8905197483870.0,15247490741.480494,2994428275.757824,66836087.55485272,-7749142616.655625,-130246158.40933095,11652163021.238281,2770622638.4023438,0.0007307711030091554,0.00014351487015527617,3.2032733943823847e-06,-1.7377303567740798e-07,-2.9207451006854825e-09,2.612975190386276e-07,6.213068082614705e-08
C:\Users\damba\.cache\kagglehub\datasets\salmaneunus\mechanical-tools-dataset\versions\20\Mechanical Tools Image dataset\Mechanical Tools Image dataset\Toolbox\000040.jpg,Toolbox,exito,5634225.0,660238350.0,662606790.0,85857006210.0,92337277350.0,77589904935.0,12027041431800.0,14113490956800.0,10087136466285.0,10716590270235.0,8487948564.854043,14412139792.642231,-56694859.718258105,-23280737924.913628,-135579733896.78175,3305763295.6054688,-90482369398.9414,0.0002673833538897428,0.0004540044328780363,-1.7859747410046901e-06,-3.089664167242957e-07,-1.799323745562829e-06,4.38718842708552e-08,-1.2008216208644387e-06
C:\Users\damba\.cache\kagglehub\datasets\salmaneunus\mechanical-tools-dataset\versions\20\Mechanical Tools Image dataset\Mechanical Tools Image dataset\Toolbox\000041.jpg,Toolbox,exito,2188155.0,243782040.0,263795205.0,28184590530.0,34414475895.0,29345127150.0,3368800249860.0,4761496236045.0,3391147764930.0,3817313449830.0,1024867829.1119928,2612382267.724041,-44259441.49749314,398232548.3075439,-17251866988.989876,3188263511.0566406,-6126974787.037109,0.0002140482570957217,0.0005456077899904455,-9.243783484526986e-06,5.622656428748943e-08,-2.4357958998031017e-06,4.5015181213023693e-07,-8.650692747623485e-07
C:\Users\damba\.cache\kagglehub\datasets\salmaneunus\mechanical-tools-dataset\versions\20\Mechanical Tools Image dataset\Mechanical Tools Image dataset\Toolbox\000042.jpg,Toolbox,exito,5754075.0,625147545.0,611086335.0,86396417145.0,72150125085.0,64350689985.0,13426032383175.0,9235743132345.0,8712000432645.0,7390651822875.0,18477689457.3131,7252377171.7850685,-2040367154.209613,24560821192.23271,32941173755.335953,-20004081645.078125,-14672681183.429688,0.0005580802164355265,0.00021904298321779616,-6.1625050343e-05,3.092459976991626e-07,4.147632550076104e-07,-2.5187196054926916e-07,-1.847441458075679e-07
C:\Users\damba\.cache\kagglehub\datasets\salmaneunus\mechanical-tools-dataset\versions\20\Mechanical Tools Image dataset\Mechanical Tools Image dataset\Toolbox\000043.jpg,Toolbox,exito,5751270.0,633419235.0,717002625.0,85264886775.0,98815301175.0,74177680830.0,12753434862495.0,14624096644785.0,9533455311300.0,9723573084270.0,15502916415.760174,9427606934.094837,-4789791436.211095,-52103786544.53844,-45718573604.84814,-41343921449.29297,34769322556.26172,0.0004686902212212863,0.00028501909324856394,-0.00014480684457276823,-6.568404571010022e-07,-5.763459966377821e-07,-5.211974419534405e-07,4.383155090163216e-07
C:\Users\damba\.cache\kagglehub\datasets\salmaneunus\mechanical-tools-dataset\versions\20\Mechanical Tools Image dataset\Mechanical Tools Image dataset\Toolbox\000044.jpg,Toolbox,exito,5283600.0,585347400.0,569503740.0,84670437150.0,69855887790.0,63463508265.0,13770179615880.0,9344477909550.0,9188620024335.0,7803416122005.0,19822307335.71429,8470750786.065637,370629640.7142903,-2152196622.5502524,-11157994751.98609,-19878881235.070312,-15516466694.285156,0.0007100588461409819,0.0003034324625905031,1.3276398684278218e-05,-3.3539541147429966e-08,-1.7388468143937296e-07,-3.097897971601089e-07,-2.418065188388949e-07
C:\Users\damba\.cache\kagglehub\datasets\salmaneunus\mechanical-tools-dataset\versions\20\Mechanical Tools Image dataset\Mechanical Tools Image dataset\Toolbox\000045.jpg,Toolbox,exito,5202765.0,604552725.0,559794615.0,87181664145.0,65059891395.0,65362331595.0,13975590878955.0,8049892778115.0,9464506036485.0,7660719355695.0,16933633087.490072,4828454652.614319,315119211.0895428,-90095478833.43054,10693874836.412033,10910021551.082031,33056236958.472656,0.0006255783717878526,0.00017837736203611465,1.1641433469944632e-05,-1.4592089098927678e-06,1.732006716055136e-07,1.76701437858986e-07,5.353870818147162e-07
C:\Users\damba\.cache\kagglehub\datasets\salmaneunus\mechanical-tools-dataset\versions\20\Mechanical Tools Image dataset\Mechanical Tools Image dataset\Toolbox\000046.jpg,Toolbox,exito,5204040.0,607388325.0,596333310.0,80319809475.0,77097902580.0,68253930360.0,11518358336205.0,10791921047550.0,8893357991460.0,8712117867540.0,9428621600.520632,8763797420.24794,-1346973995.5786927,-57068429026.90956,-51257730315.03772,3898017130.4570312,22354724569.414062,0.00034815044486157643,0.00032360191126639114,-4.9736813677176567e-05,-9.23728519573984e-07,-8.296746230443129e-07,6.309459809193722e-08,3.618409860599463e-07
C:\Users\damba\.cache\kagglehub\datasets\salmaneunus\mechanical-tools-dataset\versions\20\Mechanical Tools Image dataset\Mechanical Tools Image dataset\Toolbox\000047.jpg,Toolbox,exito,5948130.0,694988220.0,595982685.0,97679338140.0,67703616645.0,70960317525.0,15214358731440.0,8392532992185.0,10104306182385.0,8211552089025.0,16475896732.571373,7988149629.348152,1324827816.6427965,-48773989405.695526,8085954063.922509,7574324491.808594,35475759435.38672,0.000465680612804451,0.00022577990594069056,3.744540522003589e-05,-5.652455478211187e-07,9.370874907322136e-08,8.777943426229791e-08,4.111313288242888e-07
C:\Users\damba\.cache\kagglehub\datasets\salmaneunus\mechanical-tools-dataset\versions\20\Mechanical Tools Image dataset\Mechanical Tools Image dataset\Toolbox\000048.jpg,Toolbox,exito,4162620.0,458677170.0,464177265.0,56200790790.0,57566506275.0,51176120085.0,7440424864110.0,7709501416695.0,6283636185915.0,6349678711395.0,5659365851.0891905,5805708185.604326,28642225.252998095,479950458.56653166,-4587049775.322171,10326484481.169922,64207893.08203125,0.0003266135791673687,0.00033505929462690167,1.6530014053428383e-06,1.3576239618840592e-08,-1.2975273964591918e-07,2.921027060903778e-07,1.8162327514095219e-09
C:\Users\damba\.cache\kagglehub\datasets\salmaneunus\mechanical-tools-dataset\versions\20\Mechanical Tools Image dataset\Mechanical Tools Image dataset\Toolbox\000049.jpg,Toolbox,exito,6217665.0,692517270.0,658586205.0,87085460550.0,87153050595.0,74509362900.0,11922878380530.0,12935180442825.0,9494571058980.0,10006003186410.0,9953583993.72801,17394421042.53906,1156694213.8838556,6147095572.8438225,18876922019.370186,12660339642.597656,53945882654.375,0.0002574689414211611,0.00044994076257140383,2.9920160917345683e-05,6.376783431133962e-08,1.9582263222928738e-07,1.3133396594986752e-07,5.596158488376498e-07
C:\Users\damba\.cache\kagglehub\datasets\salmaneunus\mechanical-tools-dataset\versions\20\Mechanical Tools Image dataset\Mechanical Tools Image dataset\Toolbox\000050.jpg,Toolbox,exito,5365455.0,597631005.0,624608220.0,84555573675.0,77957125590.0,68470346565.0,13453593151905.0,10250811110280.0,9728129310795.0,8406265686705.0,17988466479.559906,5244666256.808607,-1101616716.7461145,28084397303.910202,-45498291514.42936,130176154331.46484,-20501027418.003906,0.0006248575585907798,0.00018218169717672603,-3.82663821238423e-05,4.211615509031874e-07,-6.823052248657104e-07,1.952158362366533e-06,-3.074391951175375e-07
C:\Users\damba\.cache\kagglehub\datasets\salmaneunus\mechanical-tools-dataset\versions\20\Mechanical Tools Image dataset\Mechanical Tools Image dataset\Toolbox\000051.jpg,Toolbox,exito,2597175.0,288338190.0,331388055.0,38745634320.0,43262157855.0,36044562630.0,5798177814570.0,5767749055485.0,4752359129340.0,4620897835920.0,6734348283.257733,978506196.3004448,-746116460.2886586,1346388162.8599224,-2017277960.5039184,-25745025238.867188,8338371791.515625,0.0009983737316166894,0.0001450645023868511,-0.00011061249631696767,1.2385605710277076e-07,-1.8557211149094807e-07,-2.368319481749007e-06,7.670580306947781e-07
C:\Users\damba\.cache\kagglehub\datasets\salmaneunus\mechanical-tools-dataset\versions\20\Mechanical Tools Image dataset\Mechanical Tools Image dataset\Toolbox\000052.jpg,Toolbox,exito,5441700.0,535334760.0,568409025.0,66561792180.0,66204284475.0,54558156780.0,9396328153500.0,8388588450225.0,6633297737520.0,6172690255770.0,13897495128.663538,6831511315.610357,-1359866811.930652,113849244251.28952,46103902818.40108,-51810858781.28516,-56159846770.96094,0.0004693181385179258,0.00023070000343398004,-4.592267562600497e-05,1.6481383434858882e-06,6.674230515894994e-07,-7.500397875096251e-07,-8.129979029392151e-07
C:\Users\damba\.cache\kagglehub\datasets\salmaneunus\mechanical-tools-dataset\versions\20\Mechanical Tools Image dataset\Mechanical Tools Image dataset\Toolbox\000053.jpg,Toolbox,exito,6810795.0,815744490.0,721900410.0,111820059690.0,98200110870.0,86741561685.0,16765270334880.0,14802567018630.0,11983884479805.0,11906242961085.0,14116476926.84826,21683316287.55139,277898957.4856849,-9199327790.189518,-202596128313.1256,65109061791.85547,85680148331.6289,0.0003043201473687228,0.00046744453607402525,5.990889379404084e-06,-7.599089728096073e-08,-1.6735420160352718e-06,5.378323437894026e-07,7.077594688852975e-07
C:\Users\damba\.cache\kagglehub\datasets\salmaneunus\mechanical-tools-dataset\versions\20\Mechanical Tools Image dataset\Mechanical Tools Image dataset\Toolbox\000054.jpg,Toolbox,exito,4917165.0,570021645.0,539823525.0,76364061795.0,67171281705.0,60073733850.0,11242004257785.0,9075409686285.0,7816995171630.0,7207425144150.0,10284384629.70129,7907572200.9614725,-2505230600.084272,5079767324.003019,-35129632243.2916,14319099957.40625,-29330113664.57422,0.0004253522625382595,0.00032704958516913227,-0.00010361392949544684,9.474512342969634e-08,-6.552192513234342e-07,2.6707225082063784e-07,-5.470497095853707e-07
C:\Users\damba\.cache\kagglehub\datasets\salmaneunus\mechanical-tools-dataset\versions\20\Mechanical Tools Image dataset\Mechanical Tools Image dataset\Toolbox\000055.jpg,Toolbox,exito,5533755.0,607628790.0,592915035.0,79641166500.0,73099120845.0,59982771270.0,11613664642050.0,9928339616055.0,7363786804050.0,6929249619600.0,12921055754.789185,9571147754.566614,-5121709374.672131,31171997870.10609,45118800160.46367,-44609281909.88672,201737497.51953125,0.00042194723536761927,0.0003125533556216956,-0.0001672534467780093,4.3272782258708867e-07,6.26336503439296e-07,-6.192634013539148e-07,2.800507955876421e-09
C:\Users\damba\.cache\kagglehub\datasets\salmaneunus\mechanical-tools-dataset\versions\20\Mechanical Tools Image dataset\Mechanical Tools Image dataset\Toolbox\000056.jpg,Toolbox,exito,5567160.0,650898975.0,588599160.0,84410918295.0,74911216890.0,69556704960.0,11758283925015.0,10693113102870.0,9035157910020.0,9009605937450.0,8309373583.504256,12680389834.067425,739104975.472697,-53861889693.800705,91655098134.89856,-62184531219.484375,94879681130.11719,0.0002681025093084959,0.0004091336488074604,2.3847272790815775e-05,-7.365416805857366e-07,1.2533500105232788e-06,-8.503507654709485e-07,1.297445005927049e-06
C:\Users\damba\.cache\kagglehub\datasets\salmaneunus\mechanical-tools-dataset\versions\20\Mechanical Tools Image dataset\Mechanical Tools Image dataset\Toolbox\000057.jpg,Toolbox,exito,6849300.0,829281165.0,798722730.0,116043799365.0,108371006190.0,96303122520.0,17832014614635.0,16194363837840.0,13377091075440.0,13037026804050.0,15638319881.876587,15228933362.316458,-402484775.10758996,-4854173270.918951,5004870179.268442,-57752505946.875,9843473089.070312,0.00033334789333119857,0.0003246213718836027,-8.579403215526012e-06,-3.9536644036681984e-08,4.0764051813519414e-08,-4.703870550990228e-07,8.017387717467191e-08
C:\Users\damba\.cache\kagglehub\datasets\salmaneunus\mechanical-tools-dataset\versions\20\Mechanical Tools Image dataset\Mechanical Tools Image dataset\Toolbox\000058.jpg,Toolbox,exito,4145025.0,487288935.0,484401825.0,60780124905.0,66186468135.0,55694452590.0,7951641655005.0,9906669484515.0,6827263475790.0,7513844594670.0,3494461688.629967,9577610995.819752,-1251802116.8609588,-15284325761.344778,-66652858758.84048,18613398408.535156,25546427825.902344,0.00020338830403173494,0.0005574461049190082,-7.285869247331908e-05,-4.369466356359815e-07,-1.90546464691637e-06,5.3211780089971e-07,7.303184887145021e-07
C:\Users\damba\.cache\kagglehub\datasets\salmaneunus\mechanical-tools-dataset\versions\20\Mechanical Tools Image dataset\Mechanical Tools Image dataset\Toolbox\000059.jpg,Toolbox,exito,4478055.0,511806420.0,521131770.0,72862126650.0,66076828590.0,61085870670.0,11547866228580.0,8878131050490.0,8740038927810.0,7909227017190.0,14366683527.212002,5430337713.194583,1524613483.1268137,-63698596102.54466,-75438668381.9186,-87763089906.26172,2313383557.3085938,0.0007164364585840842,0.00027079958382793934,7.602928556837845e-05,-1.501088515907982e-06,-1.7777490508768813e-06,-2.0681800610928436e-06,5.4516012961666516e-08
C:\Users\damba\.cache\kagglehub\datasets\salmaneunus\mechanical-tools-dataset\versions\20\Mechanical Tools Image dataset\Mechanical Tools Image dataset\Toolbox\000060.jpg,Toolbox,exito,6755970.0,885090465.0,878000190.0,144502968795.0,146014155150.0,116121971145.0,25868041124895.0,26370649189230.0,18556154473395.0,18938408145435.0,28548467630.264786,31909987481.991398,1096357289.8188372,-543288828385.4377,-899218218198.0383,-510594612891.3281,-475671593793.15625,0.00062547128624615,0.0006991191671983477,2.4020203575527984e-05,-4.579430725850278e-06,-7.579591779750304e-06,-4.303848223194664e-06,-4.009478933156247e-06
C:\Users\damba\.cache\kagglehub\datasets\salmaneunus\mechanical-tools-dataset\versions\20\Mechanical Tools Image dataset\Mechanical Tools Image dataset\Toolbox\000061.jpg,Toolbox,exito,3388695.0,433388565.0,382337055.0,63626978055.0,44988181965.0,47962877835.0,10172898722655.0,5489510068575.0,6956163666255.0,5549925435105.0,8199845110.678,1850152834.000298,-935151528.1548685,-61909345353.76267,-3876906058.4118557,16505936536.289062,7296942052.876953,0.0007140698317159844,0.00016111747295116977,-8.143611072225227e-05,-2.928700808136301e-06,-1.8340200241915886e-07,7.808344507060475e-07,3.451911818008854e-07
C:\Users\damba\.cache\kagglehub\datasets\salmaneunus\mechanical-tools-dataset\versions\20\Mechanical Tools Image dataset\Mechanical Tools Image dataset\Toolbox\000062.jpg,Toolbox,exito,5471280.0,609066735.0,631616130.0,83589900405.0,78885706050.0,70236871305.0,12829422903585.0,10485642521250.0,9645402801375.0,8768730605985.0,15788163392.169321,5970604706.954699,-75080207.70553905,9037550161.53906,391383462.93640715,12323944699.621094,4453200774.1328125,0.0005274165218630167,0.00019945293760532373,-2.5081157969551117e-06,1.2907090893908414e-07,5.589592135256896e-09,1.7600596573886335e-07,6.359894676453697e-08
C:\Users\damba\.cache\kagglehub\datasets\salmaneunus\mechanical-tools-dataset\versions\20\Mechanical Tools Image dataset\Mechanical Tools Image dataset\Toolbox\000063.jpg,Toolbox,exito,7468695.0,810742920.0,743199285.0,106447620750.0,95051049825.0,82304614725.0,15644713215660.0,13664212186395.0,10890722790375.0,10522159290585.0,18439731509.62717,21096339233.054394,1628732464.0679145,86249734399.90605,7282731291.2206135,-55334353340.94922,-119982514601.73047,0.00033057129895934306,0.0003781966272077648,2.919848404642352e-05,5.657778685322606e-07,4.777299565857544e-08,-3.629802770718714e-07,-7.870569323467022e-07
C:\Users\damba\.cache\kagglehub\datasets\salmaneunus\mechanical-tools-dataset\versions\20\Mechanical Tools Image dataset\Mechanical Tools Image dataset\Toolbox\000064.jpg,Toolbox,exito,5840520.0,657336195.0,758158605.0,91885478805.0,108597989595.0,83422916970.0,14477731680015.0,16537424433435.0,11414621937420.0,11643130351560.0,17903902976.63574,10181329719.58719,-1905973713.913073,106165804022.16489,-202972957832.25763,-84017809179.3789,-84477553354.78125,0.0005248614607614326,0.0002984705399761082,-5.587452908803045e-05,1.287822072925302e-06,-2.4621209975365072e-06,-1.019160455446093e-06,-1.0247372859748605e-06
C:\Users\damba\.cache\kagglehub\datasets\salmaneunus\mechanical-tools-dataset\versions\20\Mechanical Tools Image dataset\Mechanical Tools Image dataset\Toolbox\000065.jpg,Toolbox,exito,7631640.0,767777715.0,819017670.0,94776476025.0,108034326630.0,83027714400.0,13122705160575.0,15891023584740.0,10341071691600.0,10923355751610.0,17534543799.341915,20138416475.402966,630809512.292495,59650542972.6113,-25536991344.545326,42859048353.88672,-80784474539.07812,0.00030106392548170214,0.0003457717968857421,1.0830848533915334e-05,3.707402275493906e-07,-1.5871758261028104e-07,2.6637768153369596e-07,-5.020919002669837e-07
C:\Users\damba\.cache\kagglehub\datasets\salmaneunus\mechanical-tools-dataset\versions\20\Mechanical Tools Image dataset\Mechanical Tools Image dataset\Toolbox\000066.jpg,Toolbox,exito,6239850.0,942350970.0,542721345.0,154583596410.0,63182884335.0,81868082010.0,26844172759110.0,8342306866185.0,13423081901850.0,9505661063040.0,12268420458.664486,15978791557.35165,-94462907.01798242,-206848958116.00284,67306271902.81303,6448018910.8984375,-19875331037.777344,0.000315094158547,0.00041038892474587604,-2.4261240720449512e-06,-2.126757452225338e-06,6.920224141063157e-07,6.629654988715278e-08,-2.043520488816439e-07
C:\Users\damba\.cache\kagglehub\datasets\salmaneunus\mechanical-tools-dataset\versions\20\Mechanical Tools Image dataset\Mechanical Tools Image dataset\Toolbox\000067.jpg,Toolbox,exito,7121130.0,748942650.0,767073150.0,95351185590.0,99206645340.0,82432372275.0,13572533490660.0,14231015392500.0,10651094116425.0,10800917369775.0,16583476955.41215,16579138546.707008,1757844818.7047806,56038781138.191315,-27055728305.905727,10313200983.917969,-11535005499.695312,0.0003270225972064139,0.0003269370447202668,3.4664321580105466e-05,4.141106458479366e-07,-1.9993413302505206e-07,7.621162047900473e-08,-8.52404081658886e-08
C:\Users\damba\.cache\kagglehub\datasets\salmaneunus\mechanical-tools-dataset\versions\20\Mechanical Tools Image dataset\Mechanical Tools Image dataset\Toolbox\000068.jpg,Toolbox,exito,3680415.0,424345755.0,411047505.0,56177364195.0,48703578885.0,48308689200.0,8139949172265.0,6065006673735.0,6479523156660.0,5821833570420.0,7251001329.257953,2795698559.8939953,915592538.321557,-9264786045.999557,1067030840.6601098,-5783800225.009766,1875492294.3613281,0.0005353088219073987,0.00020639385300708803,6.759407987672725e-05,-3.565278123555672e-07,4.106151717348454e-08,-2.225723973641849e-07,7.217275838626525e-08
C:\Users\damba\.cache\kagglehub\datasets\salmaneunus\mechanical-tools-dataset\versions\20\Mechanical Tools Image dataset\Mechanical Tools Image dataset\Toolbox\000069.jpg,Toolbox,exito,3610035.0,412977855.0,503399835.0,58546228005.0,71770342365.0,57801869745.0,9297198818805.0,10445324414895.0,8225035605705.0,8267905730895.0,11302722410.067808,1573960923.2612772,214343844.10044214,13675591748.669477,-1621900740.9596815,12040429888.839844,-2197842621.6523438,0.0008672818077587318,0.00012077335223695487,1.6447056722175307e-05,5.522905296676035e-07,-6.550066978857066e-08,4.862543078898194e-07,-8.87601566313578e-08
C:\Users\damba\.cache\kagglehub\datasets\salmaneunus\mechanical-tools-dataset\versions\20\Mechanical Tools Image dataset\Mechanical Tools Image dataset\Toolbox\000070.jpg,Toolbox,exito,5621730.0,590389770.0,692559855.0,75949621770.0,101432509995.0,75815018745.0,11013217852080.0,15949235881575.0,10057261953525.0,11208178246155.0,13947341240.580605,16113728630.967743,3082914303.0073485,107568718689.90689,-516785706578.112,53241630083.55469,-203775300494.72266,0.00044131781533218354,0.000509866030636984,9.75486998985125e-05,1.435525914013499e-06,-6.8966078876819815e-06,7.105201272276082e-07,-2.7194218547804414e-06
C:\Users\damba\.cache\kagglehub\datasets\salmaneunus\mechanical-tools-dataset\versions\20\Mechanical Tools Image dataset\Mechanical Tools Image dataset\Toolbox\000071.jpg,Toolbox,exito,6764130.0,841861845.0,744552825.0,120528326265.0,98178950205.0,87468977235.0,18821203783695.0,14262200872755.0,11998491064425.0,11161392944295.0,15750421927.442322,16223264963.072268,-5197872005.694978,-100306839392.51556,-116229206002.36163,25343656029.38672,86364583206.84766,0.0003442455230004589,0.0003545801095180397,-0.00011360611006694979,-8.42947800830097e-07,-9.767544684418549e-07,2.1298028374085127e-07,7.257813716863281e-07
C:\Users\damba\.cache\kagglehub\datasets\salmaneunus\mechanical-tools-dataset\versions\20\Mechanical Tools Image dataset\Mechanical Tools Image dataset\Toolbox\000072.jpg,Toolbox,exito,6584355.0,753178965.0,685350750.0,95980981275.0,92043076200.0,77645884575.0,13234823311695.0,13886162250690.0,9848733528375.0,10341144829935.0,9825457564.861156,20706453170.779594,-750825284.5038948,7785575258.252375,-4971767272.959305,30060950544.63672,-31283680378.41797,0.0002266346492274909,0.00047761640820555664,-1.731858530367342e-05,6.998542621319597e-08,-4.469178449749909e-08,2.7022132166922905e-07,-2.812125799542308e-07
C:\Users\damba\.cache\kagglehub\datasets\salmaneunus\mechanical-tools-dataset\versions\20\Mechanical Tools Image dataset\Mechanical Tools Image dataset\Toolbox\000073.jpg,Toolbox,exito,5372340.0,544085340.0,563901390.0,64474269870.0,72230817540.0,54993637110.0,8368979757810.0,10258206593760.0,6306956099370.0,6756476829330.0,9371864362.732107,13041567112.07993,-2115644786.6451473,-58947934765.79941,-61202463783.398735,-31985176276.371094,-114588450949.72266,0.0003247125051563007,0.000451858857984258,-7.33019911624227e-05,-8.811703369024898e-07,-9.148716718498007e-07,-4.781234265002197e-07,-1.712900449009178e-06
C:\Users\damba\.cache\kagglehub\datasets\salmaneunus\mechanical-tools-dataset\versions\20\Mechanical Tools Image dataset\Mechanical Tools Image dataset\Toolbox\000074.jpg,Toolbox,exito,7526070.0,857297505.0,983811675.0,123021541845.0,148671217155.0,110023218765.0,19650399102435.0,24193820977365.0,15625135459335.0,16586704673145.0,25366455979.57155,20066857659.764687,-2043144472.03752,-142037020126.9283,-486855240904.1171,9168051757.414062,185671363371.0625,0.0004478404197505917,0.0003542769224310137,-3.6071364431249915e-05,-9.140730801708636e-07,-3.1331357786362353e-06,5.900059929148418e-08,1.1948800028643705e-06
C:\Users\damba\.cache\kagglehub\datasets\salmaneunus\mechanical-tools-dataset\versions\20\Mechanical Tools Image dataset\Mechanical Tools Image dataset\Toolbox\000075.jpg,Toolbox,exito,2538780.0,283231050.0,308958510.0,36827249430.0,38478287220.0,33912178425.0,5285816501820.0,4897824255210.0,4355628645495.0,4154840821335.0,5229463216.108878,879377152.4005634,-555811394.4154294,10482191662.920013,1150893866.8811712,-2073093768.2128906,-2589271466.6445312,0.0008113476372707241,0.00013643476306941858,-8.623375726938399e-05,1.0206795780779726e-06,1.1206567330916051e-07,-2.0186279174236786e-07,-2.521244214082484e-07
C:\Users\damba\.cache\kagglehub\datasets\salmaneunus\mechanical-tools-dataset\versions\20\Mechanical Tools Image dataset\Mechanical Tools Image dataset\Toolbox\000076.jpg,Toolbox,exito,5451390.0,631559775.0,786352680.0,96645986085.0,122348788350.0,91126264500.0,16559290896105.0,20003142580470.0,14017877496060.0,14114550433860.0,23477904293.374264,8918903982.309849,24963427.897837576,-77404906705.97208,-218508358479.39078,71092921301.03906,-67123113383.46875,0.0007900322527831338,0.00030012141277401997,8.400201710032399e-07,-1.1155790725209704e-06,-3.1491976705878676e-06,1.0246091440828576e-06,-9.673952693656905e-07
C:\Users\damba\.cache\kagglehub\datasets\salmaneunus\mechanical-tools-dataset\versions\20\Mechanical Tools Image dataset\Mechanical Tools Image dataset\Toolbox\000077.jpg,Toolbox,exito,6478275.0,646649400.0,697004250.0,84104336640.0,89287281510.0,68488527810.0,12528093315540.0,12591603321270.0,8801625989250.0,8721207138540.0,19556992397.84294,14295879552.216095,-1085144202.9895716,228668912378.13705,-91123530273.32779,-30611664439.808594,42219788762.56641,0.00046599720042254104,0.00034063723671771354,-2.5856437961476314e-05,2.1407141361573975e-06,-8.530649285203398e-07,-2.865751278391542e-07,3.9524611233619693e-07
C:\Users\damba\.cache\kagglehub\datasets\salmaneunus\mechanical-tools-dataset\versions\20\Mechanical Tools Image dataset\Mechanical Tools Image dataset\Toolbox\000078.jpg,Toolbox,exito,4661400.0,514623660.0,542702985.0,68526648780.0,68166461535.0,57972136560.0,10163239194390.0,9095827430715.0,7550309772660.0,7049054162790.0,11711633670.420134,4982325883.069203,-1942866750.9420106,11867852990.458963,-578887108.1902795,1091415851.2226562,-24201673225.78125,0.0005389949993202493,0.00022929753538489988,-8.941497766859008e-05,2.529771108726246e-07,-1.2339653033208152e-08,2.3264800214905275e-08,-5.158868563558707e-07
C:\Users\damba\.cache\kagglehub\datasets\salmaneunus\mechanical-tools-dataset\versions\20\Mechanical Tools Image dataset\Mechanical Tools Image dataset\Toolbox\000079.jpg,Toolbox,exito,5126010.0,558822300.0,564745950.0,78274945860.0,66493485840.0,60298088205.0,12365294416260.0,8270413624530.0,8367890415405.0,6948315856635.0,17353807786.275993,4273945097.511695,-1268828499.158788,48273021524.13454,2908645373.40146,20782364407.570312,-21025049808.26172,0.0006604438260215912,0.00016265598231640773,-4.828853464727064e-05,8.114389686570352e-07,4.8892489582445966e-08,3.493384049453463e-07,-3.534177930803256e-07
C:\Users\damba\.cache\kagglehub\datasets\salmaneunus\mechanical-tools-dataset\versions\20\Mechanical Tools Image dataset\Mechanical Tools Image dataset\Toolbox\000080.jpg,Toolbox,exito,8081715.0,929999280.0,903942870.0,136042194000.0,119853237990.0,110353151280.0,22211607828630.0,17659756635450.0,16387898996880.0,15235088972760.0,29022995624.34355,18746887144.43853,6332381151.242237,-122992257835.0158,60433983600.31909,-285862835619.47656,26479584784.273438,0.0004443602211251931,0.0002870265710933195,9.695271725344684e-05,-6.623978993056949e-07,3.254785666039647e-07,-1.539567978806559e-06,1.426107760304579e-07
C:\Users\damba\.cache\kagglehub\datasets\salmaneunus\mechanical-tools-dataset\versions\20\Mechanical Tools Image dataset\Mechanical Tools Image dataset\Toolbox\000081.jpg,Toolbox,exito,6703695.0,573586800.0,696176010.0,70751760930.0,88826979480.0,62919562410.0,10383893718180.0,12570676845210.0,7909406414790.0,8106610305750.0,21674078079.834526,16529382871.037306,3352805597.1276894,621187281844.7263,-87108418675.13812,-11886050287.605469,-190048262312.375,0.0004822943118021379,0.0003678139068677678,7.460705189474894e-05,5.338717471461806e-06,-7.486425596340754e-07,-1.0215319307354178e-07,-1.6333463483266363e-06
C:\Users\damba\.cache\kagglehub\datasets\salmaneunus\mechanical-tools-dataset\versions\20\Mechanical Tools Image dataset\Mechanical Tools Image dataset\Toolbox\000082.jpg,Toolbox,exito,5907330.0,670851960.0,851223660.0,96508743810.0,131097279390.0,94540602045.0,15513211857660.0,21288797564730.0,13407713966025.0,14239742213895.0,20325027607.27532,8439205548.891468,-2126599670.3897963,-62902758734.5265,-33933491100.26189,-15822388625.554688,-35140502980.66406,0.0005824366285505915,0.00024183496930564388,-6.0940116108638074e-05,-7.416373811517588e-07,-4.00083334645882e-07,-1.865494471132131e-07,-4.1431427058588526e-07
C:\Users\damba\.cache\kagglehub\datasets\salmaneunus\mechanical-tools-dataset\versions\20\Mechanical Tools Image dataset\Mechanical Tools Image dataset\Toolbox\000083.jpg,Toolbox,exito,6288555.0,686800680.0,728943510.0,88257155970.0,98826680550.0,75414983925.0,12548852994570.0,14670017075640.0,9368666177055.0,9782639537265.0,13248640651.542519,14330537831.82069,-4196134742.1002784,16017462055.432209,-107840873665.69273,54815114784.40625,-37858340101.69531,0.00033501911993646607,0.0003623771146720495,-0.00010610789479519862,1.6151636973093786e-07,-1.0874423402918677e-06,5.527428949556552e-07,-3.817547147047082e-07
C:\Users\damba\.cache\kagglehub\datasets\salmaneunus\mechanical-tools-dataset\versions\20\Mechanical Tools Image dataset\Mechanical Tools Image dataset\Toolbox\000084.jpg,Toolbox,exito,7473795.0,823836150.0,1024156500.0,118775572800.0,156655413270.0,114557256975.0,19353485825730.0,25667097318510.0,16749348137175.0,17758248514005.0,27964144061.745552,16312182489.352442,1664523369.452232,95885614144.81163,-270477262003.60788,106215167526.75,33938788963.234375,0.0005006326480788611,0.00029203150640185854,2.9799400989997717e-05,6.27914483879825e-07,-1.7712416183279301e-06,6.955583764321874e-07,2.2225082819171504e-07
C:\Users\damba\.cache\kagglehub\datasets\salmaneunus\mechanical-tools-dataset\versions\20\Mechanical Tools Image dataset\Mechanical Tools Image dataset\Toolbox\000085.jpg,Toolbox,exito,3742380.0,412198320.0,432302775.0,54609000210.0,52319429415.0,48840609000.0,7999978685160.0,6602663395905.0,6558321870990.0,6057599872590.0,9208090892.714634,2381772289.667824,1225327391.4145517,-43260466452.12664,8696972665.207329,-19785674246.10742,11873417391.53711,0.0006574668049923124,0.00017006089924091479,8.748958872031591e-05,-1.596693249098254e-06,3.209950950828444e-07,-7.302661087248607e-07,4.382339569494202e-07
C:\Users\damba\.cache\kagglehub\datasets\salmaneunus\mechanical-tools-dataset\versions\20\Mechanical Tools Image dataset\Mechanical Tools Image dataset\Toolbox\000086.jpg,Toolbox,exito,11088930.0,1249686150.0,1233454125.0,178201914690.0,181974346185.0,138503831145.0,28515217626240.0,30237938433345.0,19618139950545.0,20339427875535.0,37366372081.125885,44773635342.78929,-502415325.38701695,10308674462.51346,35794641682.07657,-90539228592.28125,-56715627181.328125,0.0003038796728133621,0.0003641187758097612,-4.085861061479462e-06,2.5175535692729194e-08,8.741660070385545e-08,-2.2111218947750024e-07,-1.3850920422710786e-07
C:\Users\damba\.cache\kagglehub\datasets\salmaneunus\mechanical-tools-dataset\versions\20\Mechanical Tools Image dataset\Mechanical Tools Image dataset\Toolbox\000087.jpg,Toolbox,exito,6093225.0,569012100.0,662231940.0,71280697740.0,95334140370.0,63109118190.0,10434717645270.0,15440102743110.0,8245030726140.0,9121173440550.0,18143849856.25863,23360572619.561825,1266992408.2548606,389508461612.49524,1062271736.6217939,261373012741.2422,-56948997829.71875,0.0004886917560359243,0.0006292004919518483,3.412554390493225e-05,4.250097160005434e-06,1.159091145871398e-08,2.8519552426534025e-06,-6.21395419599477e-07
C:\Users\damba\.cache\kagglehub\datasets\salmaneunus\mechanical-tools-dataset\versions\20\Mechanical Tools Image dataset\Mechanical Tools Image dataset\Toolbox\000088.jpg,Toolbox,exito,4430880.0,496233315.0,530487210.0,68879510895.0,66897158490.0,59359759350.0,10700995816125.0,8828687782650.0,8260078650990.0,7480086743010.0,13304206911.166262,3384565060.797647,-51785711.79385526,6892291553.728502,8989682809.796072,25077032804.23047,386230687.76953125,0.0006776555723302254,0.00017239429517882152,-2.637727780281253e-06,1.6677796471026094e-07,2.1753011907883484e-07,6.068078315403707e-07,9.345914564510903e-09
C:\Users\damba\.cache\kagglehub\datasets\salmaneunus\mechanical-tools-dataset\versions\20\Mechanical Tools Image dataset\Mechanical Tools Image dataset\Toolbox\000089.jpg,Toolbox,exito,8065395.0,899123625.0,1100145735.0,122809847475.0,172025815455.0,122520389580.0,18736144789275.0,29180330208675.0,16813877020140.0,19144345721880.0,22576282592.79144,21962410223.30459,-122955387.17014576,11832671253.606014,-276028848468.90405,89634037772.69531,591808289.953125,0.0003470572724217897,0.000337620427835284,-1.8901500335782106e-06,6.404993517437782e-08,-1.494136824371216e-06,4.851866654378046e-07,3.203442552805259e-09
C:\Users\damba\.cache\kagglehub\datasets\salmaneunus\mechanical-tools-dataset\versions\20\Mechanical Tools Image dataset\Mechanical Tools Image dataset\Toolbox\000090.jpg,Toolbox,exito,4198065.0,462069435.0,337626120.0,59312166915.0,33367299780.0,37515979440.0,8394983535045.0,3814562806140.0,4873021342080.0,3745547985360.0,8453458733.678549,6213981070.962766,354403687.9232197,5759152675.248264,131514402391.2589,24869870393.63672,15896052635.126953,0.00047966288992775795,0.00035259131349155593,2.010943715535632e-05,1.594908216048382e-07,3.64208786830729e-06,6.887325768136496e-07,4.4021658011364677e-07
C:\Users\damba\.cache\kagglehub\datasets\salmaneunus\mechanical-tools-dataset\versions\20\Mechanical Tools Image dataset\Mechanical Tools Image dataset\Toolbox\000091.jpg,Toolbox,exito,6506580.0,673887990.0,798568965.0,86100242040.0,112551307125.0,82990321710.0,12249622183260.0,17365733256915.0,10660959694890.0,11727529657920.0,16305507622.496468,14540925040.837309,282349979.8083497,-45330090001.33727,-17261151855.268425,35173845354.37891,1257792727.2890625,0.0003851490012157929,0.00034346816338949067,6.669330095951679e-06,-4.197634750538255e-07,-1.5984087139437647e-07,3.2571511674749323e-07,1.1647350492547221e-08
C:\Users\damba\.cache\kagglehub\datasets\salmaneunus\mechanical-tools-dataset\versions\20\Mechanical Tools Image dataset\Mechanical Tools Image dataset\Toolbox\000092.jpg,Toolbox,exito,2586465.0,238575705.0,281280045.0,31169242365.0,33814437945.0,22437825360.0,4877782933875.0,4393472332575.0,2575899648240.0,2413824384390.0,9163003341.372375,3225018132.5524983,-3507464848.1824894,312337843484.72516,14679997198.463676,-166721689070.7295,57657325782.30762,0.001369697405439041,0.00048207981641851326,-0.0005243003110707869,2.9030739089694917e-05,1.3644557564696548e-06,-1.5496213337473117e-05,5.3590521171590625e-06
C:\Users\damba\.cache\kagglehub\datasets\salmaneunus\mechanical-tools-dataset\versions\20\Mechanical Tools Image dataset\Mechanical Tools Image dataset\Toolbox\000093.jpg,Toolbox,exito,8537655.0,958188000.0,984081210.0,127449951150.0,145348474080.0,111931555635.0,18768395397900.0,24118003264290.0,15080181805065.0,16644883482105.0,19911728611.844032,31919689727.02907,1487316971.3997521,-4835966305.678204,6249390058.880263,55990655327.03906,-10561725215.304688,0.0002731692194763266,0.0004379065674625795,2.0404517564059833e-05,-2.2705797639324884e-08,2.9342095679933397e-08,2.628869618169612e-07,-4.9589343742797564e-08
C:\Users\damba\.cache\kagglehub\datasets\salmaneunus\mechanical-tools-dataset\versions\20\Mechanical Tools Image dataset\Mechanical Tools Image dataset\Toolbox\000094.jpg,Toolbox,exito,3567195.0,390881850.0,384391335.0,45220417860.0,48783152145.0,42194628150.0,5481227137920.0,6856622160015.0,4881820802520.0,5357341758840.0,2388831512.9058566,7362176161.60626,74251734.14111288,2596910781.9487705,13224357244.28569,-7282288529.638672,-4162786242.1132812,0.00018772919519576282,0.000578565461080403,5.835161758748202e-06,1.0805376476190734e-07,5.502466995532156e-07,-3.030056701137128e-07,-1.732076159435369e-07
C:\Users\damba\.cache\kagglehub\datasets\salmaneunus\mechanical-tools-dataset\versions\20\Mechanical Tools Image dataset\Mechanical Tools Image dataset\Toolbox\000095.jpg,Toolbox,exito,4384725.0,475626765.0,501153030.0,64856941995.0,60163421940.0,53949522780.0,9936131026305.0,7533400649220.0,7344325485060.0,6422443542030.0,13264009807.83542,2884035096.3140435,-412334446.81534946,23278188206.246532,-2252568413.427344,20942969792.839844,-9441794875.378906,0.000689906303737828,0.00015000848325464995,-2.1446918256809045e-05,5.782202187881115e-07,-5.595283401384463e-08,5.202143941958132e-07,-2.3453013826604688e-07
C:\Users\damba\.cache\kagglehub\datasets\salmaneunus\mechanical-tools-dataset\versions\20\Mechanical Tools Image dataset\Mechanical Tools Image dataset\Toolbox\000096.jpg,Toolbox,exito,6725370.0,696966000.0,805755375.0,90987994830.0,110090414325.0,81132670425.0,13514521253820.0,16445243564415.0,10287616343775.0,10777314106695.0,18759759780.32987,13554205262.689577,-2369664865.437556,196983590494.3313,7680937098.350501,-122355778135.85547,-63804717382.78906,0.0004147581305888555,0.00029966891379202426,-5.2390743869839164e-05,1.6793437160431207e-06,6.548227401616276e-08,-1.0431194122229602e-06,-5.439541990365822e-07
C:\Users\damba\.cache\kagglehub\datasets\salmaneunus\mechanical-tools-dataset\versions\20\Mechanical Tools Image dataset\Mechanical Tools Image dataset\Toolbox\000097.jpg,Toolbox,exito,5241015.0,581281935.0,590588670.0,77864819925.0,73642857600.0,61797903345.0,11594286792465.0,9899110597800.0,7927137305565.0,7341679915905.0,13394733890.645155,7091821754.392054,-3704394375.322587,-12939453588.321936,2299296822.930936,-25422528420.210938,8803350945.164062,0.0004876444487767003,0.00025818262150458865,-0.0001348610108982677,-2.0576780768906944e-07,3.6564238455010236e-08,-4.0427811755985216e-07,1.399940277183548e-07
C:\Users\damba\.cache\kagglehub\datasets\salmaneunus\mechanical-tools-dataset\versions\20\Mechanical Tools Image dataset\Mechanical Tools Image dataset\Toolbox\000098.jpg,Toolbox,exito,4592295.0,377843955.0,498257760.0,42797035815.0,58617839910.0,40964424000.0,5530192663515.0,7347021729600.0,4568340349470.0,4762473973110.0,11708864360.413124,4557550795.250706,-31131086.909882136,82187143048.58156,-1910277218.132013,-69957019017.58984,-53717899121.87695,0.0005552073643019639,0.0002161085556049762,-1.4761643981057436e-06,1.81856755125081e-06,-4.2268997727966414e-08,-1.5479497163251302e-06,-1.188624213481476e-06
C:\Users\damba\.cache\kagglehub\datasets\salmaneunus\mechanical-tools-dataset\versions\20\Mechanical Tools Image dataset\Mechanical Tools Image dataset\Toolbox\000099.jpg,Toolbox,exito,6284475.0,719307825.0,588990585.0,92884182735.0,71378681745.0,67788730800.0,13017370228755.0,9796942388325.0,8748039483450.0,8304874784040.0,10553718041.253809,16177585516.811928,374104018.6336006,-29871330778.687313,74847442862.48468,-42846154931.68359,64897410124.9375,0.0002672190903746327,0.0004096148551024523,9.472276516579077e-06,-3.017046916429643e-07,7.559698239223436e-07,-4.327522619438631e-07,6.554730773541951e-07
C:\Users\damba\.cache\kagglehub\datasets\salmaneunus\mechanical-tools-dataset\versions\20\Mechanical Tools Image dataset\Mechanical Tools Image dataset\Toolbox\000100.jpg,Toolbox,exito,2725440.0,300764850.0,415340175.0,38910824340.0,64402036785.0,45534913185.0,5563019856210.0,10144373614815.0,5881890205245.0,7012851413715.0,5720038633.647079,1106766674.841404,-299787058.9418054,6566083871.373165,-7426666043.846281,18287348040.029297,-2838425095.5273438,0.0007700620319246548,0.00014899881785439178,-4.0358928765879806e-05,5.354449931877554e-07,-6.056229599186319e-07,1.491279907252818e-06,-2.314652897695552e-07
C:\Users\damba\.cache\kagglehub\datasets\salmaneunus\mechanical-tools-dataset\versions\20\Mechanical Tools Image dataset\Mechanical Tools Image dataset\Toolbox\000101.jpg,Toolbox,exito,4492080.0,513179595.0,569364765.0,69033812925.0,79715812395.0,67014684165.0,10270843116975.0,11858783909955.0,9121512123645.0,9589733838585.0,10407676096.545464,7549636453.452824,1969898784.959973,6386970515.000672,-158893593868.27588,-78512006470.6914,-16441972510.78125,0.0005157732375466361,0.00037413735782860667,9.762228037584967e-05,1.493400203316897e-07,-3.7152469207635074e-06,-1.835766207950558e-06,-3.8444588139027855e-07
C:\Users\damba\.cache\kagglehub\datasets\salmaneunus\mechanical-tools-dataset\versions\20\Mechanical Tools Image dataset\Mechanical Tools Image dataset\Toolbox\000102.jpg,Toolbox,exito,6709305.0,777555435.0,778878630.0,106102081725.0,107084140530.0,91967696670.0,15991386730815.0,16173927029610.0,12787576047240.0,12872806736730.0,15989550770.148613,16664652927.233866,1701817870.0566363,-11131342094.621193,-126573954249.38315,75803438512.0664,67475243574.78516,0.00035520673542115177,0.00037020408192207547,3.7805763188341105e-05,-9.546709167904951e-08,-1.0855516964432036e-06,6.501223080292823e-07,5.786961904201027e-07
C:\Users\damba\.cache\kagglehub\datasets\salmaneunus\mechanical-tools-dataset\versions\20\Mechanical Tools Image dataset\Mechanical Tools Image dataset\Toolbox\000103.jpg,Toolbox,exito,3586320.0,416181420.0,414686865.0,62659301250.0,49665280785.0,47043050760.0,10424750800950.0,6130269441345.0,7039781391240.0,5533754670540.0,14362725831.962452,1714959563.3777707,-1080086141.070824,-180169070691.7975,-9138642137.283281,45155805506.78906,20032523531.703125,0.0011167058571803301,0.00013333857456149098,-8.397699253640133e-05,-7.3970344794120865e-06,-3.7519675671818935e-07,1.85392003742267e-06,8.224567441274382e-07
C:\Users\damba\.cache\kagglehub\datasets\salmaneunus\mechanical-tools-dataset\versions\20\Mechanical Tools Image dataset\Mechanical Tools Image dataset\Toolbox\000104.jpg,Toolbox,exito,5879535.0,616186590.0,668640345.0,81336685470.0,86248509495.0,66204038145.0,12232523294430.0,12239243728395.0,8480667472755.0,8074857936015.0,16759144270.59765,10208497663.840055,-3870757586.63074,195500846141.64877,108886490239.94377,42113812002.57031,-83760999331.82422,0.00048480364853887995,0.00029530844974066207,-0.0001119721490732899,2.3323364062632784e-06,1.2990221287985992e-06,5.024202139204807e-07,-9.992735684891198e-07
C:\Users\damba\.cache\kagglehub\datasets\salmaneunus\mechanical-tools-dataset\versions\20\Mechanical Tools Image dataset\Mechanical Tools Image dataset\Toolbox\000105.jpg,Toolbox,exito,5046450.0,539975505.0,569779140.0,71553830025.0,69833082120.0,60837323700.0,10664813794215.0,9120823773330.0,8021068089900.0,7428387907350.0,13775877999.317585,5501072810.655889,-129648896.57099435,60410924587.17331,-6033035743.461278,-30109525761.195312,-14549466422.28125,0.0005409378103063372,0.00021601078934346932,-5.090927070000228e-06,1.0559674857043016e-06,-1.0545591925172485e-07,-5.26306796842985e-07,-2.5432094577704225e-07
C:\Users\damba\.cache\kagglehub\datasets\salmaneunus\mechanical-tools-dataset\versions\20\Mechanical Tools Image dataset\Mechanical Tools Image dataset\Toolbox\000106.jpg,Toolbox,exito,6114135.0,680942055.0,645594720.0,95786939025.0,75614559420.0,70098445830.0,15171688930935.0,9573925812540.0,9677502967140.0,8011955900010.0,19949215084.06264,7445874480.613089,-1802582742.9624252,60168800646.67301,17317262416.169125,-35176469100.97266,-28700329683.179688,0.0005336490803270214,0.00019917997034299436,-4.821977300569352e-05,6.509292621611794e-07,1.8734481535376564e-07,-3.8055259256023996e-07,-3.104912217572638e-07
C:\Users\damba\.cache\kagglehub\datasets\salmaneunus\mechanical-tools-dataset\versions\20\Mechanical Tools Image dataset\Mechanical Tools Image dataset\Toolbox\000107.jpg,Toolbox,exito,8051880.0,871019055.0,835444005.0,114318203145.0,111188253585.0,91883845020.0,16796592712395.0,16649014498935.0,12139308511590.0,12201854284290.0,20094966562.60023,24504561640.95215,1508970116.1868167,82541975935.78282,27313961895.09418,-48545868891.44141,-139165159528.32812,0.0003099507561841302,0.0003779656655268876,2.3274805017184303e-05,4.486747468991474e-07,1.484709422225211e-07,-2.6388156075658274e-07,-7.564622971605376e-07
C:\Users\damba\.cache\kagglehub\datasets\salmaneunus\mechanical-tools-dataset\versions\20\Mechanical Tools Image dataset\Mechanical Tools Image dataset\Toolbox\000108.jpg,Toolbox,exito,5292270.0,498121590.0,606277290.0,56095904190.0,79588300920.0,60018901200.0,7106830407840.0,11383156578090.0,7030722417810.0,8127536945010.0,9211463595.675047,10133765839.638618,2954577634.5562263,92933011709.41531,-56230221711.118095,48245977526.33594,-40458573437.77344,0.0003288854453341299,0.00036181525948234477,0.00010549003109250999,1.442331304601529e-06,-8.726996741720084e-07,7.487832625603602e-07,-6.279218324623439e-07
C:\Users\damba\.cache\kagglehub\datasets\salmaneunus\mechanical-tools-dataset\versions\20\Mechanical Tools Image dataset\Mechanical Tools Image dataset\Toolbox\000109.jpg,Toolbox,exito,6478530.0,761299440.0,731350200.0,107770249140.0,94388640150.0,86865688290.0,16838993016150.0,13356738362640.0,12344853969180.0,11281491348210.0,18309084748.64677,11827763679.559948,923893206.2559978,-128254530910.3899,30933663637.55023,-38281097520.90625,-18818729987.445312,0.00043622814918927176,0.00028180564620325295,2.201247243903789e-05,-1.2005535357381366e-06,2.8956107039479763e-07,-3.583382719848794e-07,-1.7615668362090217e-07
C:\Users\damba\.cache\kagglehub\datasets\salmaneunus\mechanical-tools-dataset\versions\20\Mechanical Tools Image dataset\Mechanical Tools Image dataset\Toolbox\000110.jpg,Toolbox,exito,5841795.0,730331985.0,609834030.0,102363972975.0,76143593640.0,76755159375.0,15427900302825.0,10542105903390.0,10805473700085.0,9650174446035.0,11059021617.7476,12482074509.999561,514672050.3935059,-134644770361.0931,-12687986253.541208,-9146992104.84375,23367796816.007812,0.00032405899565883696,0.0003657582622822525,1.5081271518317448e-05,-1.6323891831429924e-06,-1.5382499788593723e-07,-1.1089514230814773e-07,2.8330353012623856e-07
C:\Users\damba\.cache\kagglehub\datasets\salmaneunus\mechanical-tools-dataset\versions\20\Mechanical Tools Image dataset\Mechanical Tools Image dataset\Toolbox\000111.jpg,Toolbox,exito,6382650.0,719343015.0,774832035.0,96626201145.0,110538691065.0,87386508960.0,14307175680225.0,17061335317875.0,11702628226560.0,12521099224500.0,15554174129.686577,16476713287.393332,60709773.84918176,-88875472228.64194,-358120475141.2681,-41148789416.26953,48330850849.15625,0.00038180788800512176,0.0004044534315402022,1.490241162363259e-06,-8.635338100175874e-07,-3.4795780049243564e-06,-3.998107690593091e-07,4.69593271671119e-07
C:\Users\damba\.cache\kagglehub\datasets\salmaneunus\mechanical-tools-dataset\versions\20\Mechanical Tools Image dataset\Mechanical Tools Image dataset\Toolbox\000112.jpg,Toolbox,exito,5006415.0,562924230.0,543191820.0,73035176280.0,66251330190.0,62889420645.0,10356033203070.0,8815152366330.0,8273295503715.0,7875433731495.0,9739646700.232267,7315474230.213928,1812614783.7602565,-46347863768.015114,39493107983.84831,-58582674666.88672,32761064450.660156,0.0003885881112651688,0.0002918695514961598,7.23189020045176e-05,-8.264424266029231e-07,7.042132547819184e-07,-1.0446049477258329e-06,5.841722012953491e-07
C:\Users\damba\.cache\kagglehub\datasets\salmaneunus\mechanical-tools-dataset\versions\20\Mechanical Tools Image dataset\Mechanical Tools Image dataset\Toolbox\000113.jpg,Toolbox,exito,4972245.0,612577575.0,593287845.0,81181989465.0,83593498455.0,70598940195.0,11364627026295.0,12891213991545.0,9117024438825.0,9764856265665.0,5712802931.979079,12802443906.251091,-2493763275.3792467,-44572675890.735916,-138328049549.9101,44856703166.19531,61299081706.77344,0.00023107034008553037,0.0005178307570848654,-0.00010086725115425335,-8.085137463197866e-07,-2.5091634578293735e-06,8.136657806535926e-07,1.1119177659021139e-06
C:\Users\damba\.cache\kagglehub\datasets\salmaneunus\mechanical-tools-dataset\versions\20\Mechanical Tools Image dataset\Mechanical Tools Image dataset\Toolbox\000114.jpg,Toolbox,exito,12794880.0,1426629120.0,1426629120.0,212567738880.0,212567738880.0,159069146880.0,35631488901120.0,35631488901120.0,23701302885120.0,23701302885120.0,53498592000.00002,53498592000.00002,2.0273619156796485e-05,-0.0022641292307525865,-0.0022641292307525865,0.0,0.0,0.0003267908725990397,0.0003267908725990397,1.238394030069077e-19,-3.86643460291079e-21,-3.86643460291079e-21,0.0,0.0
C:\Users\damba\.cache\kagglehub\datasets\salmaneunus\mechanical-tools-dataset\versions\20\Mechanical Tools Image dataset\Mechanical Tools Image dataset\Toolbox\000115.jpg,Toolbox,exito,4633605.0,519550005.0,493953105.0,73500086415.0,55996984335.0,57233127945.0,11612356942125.0,6691967306985.0,8223385419105.0,6684682970355.0,15244752243.118702,3340430757.5714054,1847885100.0627334,-47634030926.40328,10362687603.458477,-26289149273.53125,11958243721.5,0.0007100392441244676,0.00015558382926339403,8.60670556498983e-05,-1.0306704204195668e-06,2.2422027657989006e-07,-5.688254386047422e-07,2.587437561805496e-07
C:\Users\damba\.cache\kagglehub\datasets\salmaneunus\mechanical-tools-dataset\versions\20\Mechanical Tools Image dataset\Mechanical Tools Image dataset\Toolbox\000116.jpg,Toolbox,exito,6432885.0,717931335.0,747810705.0,98452601925.0,96640474515.0,83526073395.0,15025809830925.0,13488707502075.0,11460728129145.0,10830367140765.0,18329080087.615658,9708895524.765142,67914611.1975337,-53000035485.865166,-2846193178.1576486,640515331.8046875,29179270914.023438,0.0004429238778658426,0.00023461633835780284,1.6411627212915786e-06,-5.049654811803329e-07,-2.7117515951925344e-08,6.102602191924831e-09,2.780097115504905e-07
C:\Users\damba\.cache\kagglehub\datasets\salmaneunus\mechanical-tools-dataset\versions\20\Mechanical Tools Image dataset\Mechanical Tools Image dataset\Toolbox\000117.jpg,Toolbox,exito,6340830.0,914943825.0,743118705.0,146215250955.0,106261275165.0,106061182020.0,24621611883345.0,16815630929265.0,16953532126050.0,15183038588490.0,14194332099.640272,19170876948.85526,-1166400233.7028472,-572688230556.9513,-131238123549.66351,154326571206.28906,123566896853.30469,0.00035303904736542254,0.0004768148362088219,-2.9010510988656897e-05,-5.656567625201556e-06,-1.29626781423685e-06,1.524317490416883e-06,1.2204974207471764e-06
C:\Users\damba\.cache\kagglehub\datasets\salmaneunus\mechanical-tools-dataset\versions\20\Mechanical Tools Image dataset\Mechanical Tools Image dataset\Toolbox\000118.jpg,Toolbox,exito,7405965.0,743553225.0,912754140.0,107311394235.0,137148179490.0,86442299805.0,17943695633025.0,23210996964540.0,12046148199045.0,12608379744495.0,32659218805.072815,24655058055.16474,-5197518156.481261,611792471226.9431,230793676171.15762,-135877584586.57422,119952006507.91406,0.0005954461366423446,0.00044951347903521397,-9.476166974099515e-05,4.0987364129540934e-06,1.5462145889195757e-06,-9.103191520685631e-07,8.036248891636272e-07
C:\Users\damba\.cache\kagglehub\datasets\salmaneunus\mechanical-tools-dataset\versions\20\Mechanical Tools Image dataset\Mechanical Tools Image dataset\Toolbox\000119.jpg,Toolbox,exito,6342105.0,705622740.0,754425915.0,100713945240.0,100728706935.0,83774798100.0,16165841321310.0,14559222776145.0,11821458549900.0,11174205087030.0,22206343867.095016,10985875300.457973,-162645583.02118382,19048985607.21463,-36625912492.60807,-122789841929.88672,5822018861.183594,0.0005520904117553233,0.0002731289965796569,-4.043667315870345e-06,1.8805647177301398e-07,-3.6158040227708297e-07,-1.2122128137970203e-06,5.7476463482415356e-08
C:\Users\damba\.cache\kagglehub\datasets\salmaneunus\mechanical-tools-dataset\versions\20\Mechanical Tools Image dataset\Mechanical Tools Image dataset\Toolbox\000120.jpg,Toolbox,exito,4146810.0,460498890.0,462513900.0,58873799220.0,57440009700.0,51011860050.0,8221774279890.0,7842058289310.0,6509189225280.0,6326478246570.0,7735881714.439803,5853583581.318418,-349822197.2143604,-34222275591.084587,129737144929.63881,20402659695.847656,25860313518.121094,0.00044986431668389424,0.0003404031337561067,-2.034319157400572e-05,-9.772901946501242e-07,3.7049213540513065e-06,5.826415374531578e-07,7.384965025067417e-07
C:\Users\damba\.cache\kagglehub\datasets\salmaneunus\mechanical-tools-dataset\versions\20\Mechanical Tools Image dataset\Mechanical Tools Image dataset\Toolbox\000121.jpg,Toolbox,exito,6795495.0,758727255.0,752472360.0,113732940915.0,94140944880.0,83051085660.0,19136971700985.0,12864484755630.0,12449333596830.0,10254898673070.0,29019899778.21231,10818883343.059782,-963587026.2681566,-41713569434.80243,44185376421.08557,70736455449.9414,-42681633363.30078,0.0006284253760866277,0.0002342827124028931,-2.0866458671555906e-05,-3.465170519459355e-07,3.6705049661326206e-07,5.87611857238196e-07,-3.5455881540908754e-07
C:\Users\damba\.cache\kagglehub\datasets\salmaneunus\mechanical-tools-dataset\versions\20\Mechanical Tools Image dataset\Mechanical Tools Image dataset\Toolbox\000122.jpg,Toolbox,exito,7175190.0,786821370.0,978193770.0,105737978190.0,151435213920.0,110721849405.0,15994713428430.0,25436177766150.0,15418585102335.0,17667529520205.0,19456239547.72336,18078041264.38907,3454479169.9449077,132545183064.83565,-138146745454.28067,245698031174.67188,119455882009.04688,0.00037791322762040246,0.00035114344200596167,6.709895659226139e-05,9.611262416416321e-07,-1.0017449082894792e-06,1.7816326464775987e-06,8.662116590172884e-07
C:\Users\damba\.cache\kagglehub\datasets\salmaneunus\mechanical-tools-dataset\versions\20\Mechanical Tools Image dataset\Mechanical Tools Image dataset\Toolbox\000123.jpg,Toolbox,exito,4331175.0,503678805.0,495596835.0,61794362415.0,68554182915.0,56734624620.0,7923550864695.0,10483548876135.0,6878610607290.0,7801758061260.0,3220802444.2696495,11845270700.181334,-899070997.1436565,-11711614762.82532,-71599187875.63992,16868834488.390625,35243097738.73047,0.00017169301372159742,0.0006314420893714404,-4.792725158412496e-05,-2.999870099852923e-07,-1.8339765030835803e-06,4.320865501973102e-07,9.02733886604605e-07
C:\Users\damba\.cache\kagglehub\datasets\salmaneunus\mechanical-tools-dataset\versions\20\Mechanical Tools Image dataset\Mechanical Tools Image dataset\Toolbox\000124.jpg,Toolbox,exito,9196575.0,1081218105.0,946613550.0,168026248065.0,123445177680.0,116209265295.0,28985983406055.0,18073695342180.0,18504029402175.0,15813689251005.0,40910165112.40178,26009206892.657703,4918300049.968807,-387848038720.4237,13035453826.791233,52439185851.24219,288059326485.25,0.00048370324216187946,0.0003075210687972468,5.8151749658269177e-05,-1.512154991024351e-06,5.082306624388725e-08,2.044516632643571e-07,1.1230954001801069e-06
C:\Users\damba\.cache\kagglehub\datasets\salmaneunus\mechanical-tools-dataset\versions\20\Mechanical Tools Image dataset\Mechanical Tools Image dataset\Toolbox\000125.jpg,Toolbox,exito,4448730.0,480443970.0,506660775.0,55834741860.0,70172826015.0,55836729075.0,6901150024650.0,10780500430635.0,6612477637515.0,7725488024595.0,3948830979.9598722,12469809440.92141,1119514457.7324274,18320743285.338554,-51747209383.42804,11717078028.75,-107879979829.34375,0.0001995245996564354,0.0006300684301552877,5.656627876003035e-05,4.388872534697737e-07,-1.2396435148563542e-06,2.80691460746817e-07,-2.5843464598712827e-06
C:\Users\damba\.cache\kagglehub\datasets\salmaneunus\mechanical-tools-dataset\versions\20\Mechanical Tools Image dataset\Mechanical Tools Image dataset\Toolbox\000126.jpg,Toolbox,exito,7855530.0,925960845.0,855679530.0,127390098315.0,119266877730.0,101120505510.0,19276284758565.0,18629944902300.0,13942084259160.0,14052308925630.0,18243613421.795578,26060250289.073544,258343358.2415653,-40551467658.926636,-38772716835.50354,4955749507.8203125,-62407348141.46875,0.0002956377429744742,0.0004223063380419572,4.186453942930857e-06,-2.3445950742510033e-07,-2.2417516838712803e-07,2.8653034171254186e-08,-3.6082531532578346e-07
C:\Users\damba\.cache\kagglehub\datasets\salmaneunus\mechanical-tools-dataset\versions\20\Mechanical Tools Image dataset\Mechanical Tools Image dataset\Toolbox\000127.jpg,Toolbox,exito,6414015.0,703284900.0,710162250.0,95012296200.0,88469322090.0,77876516520.0,14434678458960.0,11959735723530.0,10585055521770.0,9648564544590.0,17898405669.963818,9839879950.394379,8537262.85373255,91701382151.28325,-14572943040.47597,63384726930.390625,-53823744606.00781,0.00043506525848383606,0.00023918275141413198,2.0751940361016034e-07,8.801383675003737e-07,-1.3986928000889425e-07,6.083586613006171e-07,-5.165935517976906e-07
C:\Users\damba\.cache\kagglehub\datasets\salmaneunus\mechanical-tools-dataset\versions\20\Mechanical Tools Image dataset\Mechanical Tools Image dataset\Toolbox\000128.jpg,Toolbox,exito,1986450.0,217202625.0,213382725.0,25497979635.0,23881823805.0,23232188610.0,3169730789865.0,2769536485725.0,2723201116320.0,2588484696900.0,1748587348.8157904,960437750.2663665,-99527768.28947273,-660427295.1108268,-2166950138.0635085,5995552905.329102,-1421823481.5527344,0.00044313092119996724,0.0002433962851892937,-2.5222549892608868e-05,-1.1874926188899644e-07,-3.89632184118191e-07,1.0780406676026058e-06,-2.5565340836268296e-07
C:\Users\damba\.cache\kagglehub\datasets\salmaneunus\mechanical-tools-dataset\versions\20\Mechanical Tools Image dataset\Mechanical Tools Image dataset\Toolbox\000129.jpg,Toolbox,exito,3190305.0,321462945.0,327871350.0,34755071235.0,38658092820.0,33052616265.0,3985582729725.0,4989492429390.0,3578836135815.0,3906482640075.0,2363677619.633124,4962373397.931421,15496067.361922674,7236743945.083915,-3422420972.717666,3894257823.466797,8013434449.8828125,0.00023223294739019147,0.00048755659006965865,1.5224992471582568e-06,3.98072975537779e-07,-1.882577731768598e-07,2.142121941942948e-07,4.407965405365475e-07
C:\Users\damba\.cache\kagglehub\datasets\salmaneunus\mechanical-tools-dataset\versions\20\Mechanical Tools Image dataset\Mechanical Tools Image dataset\Toolbox\000130.jpg,Toolbox,exito,8241090.0,838619010.0,878310270.0,104310521850.0,127305181020.0,92658392220.0,14285536217280.0,21051399949020.0,11566991373930.0,13655608621800.0,18972072211.253166,33697547759.415188,3280932551.4084973,-190396868917.29562,300837528770.3997,-217846241748.54688,1601884217.7148438,0.00027934792830165163,0.0004961682651542477,4.8308993394500515e-05,-9.765582639363344e-07,1.54301578851348e-06,-1.1173479314905411e-06,8.216171198477714e-09
C:\Users\damba\.cache\kagglehub\datasets\salmaneunus\mechanical-tools-dataset\versions\20\Mechanical Tools Image dataset\Mechanical Tools Image dataset\Toolbox\000131.jpg,Toolbox,exito,5427420.0,618887295.0,607130265.0,87586172685.0,74766190995.0,70831241115.0,13832688098655.0,9887724079995.0,10099803325065.0,8902548603795.0,17014614944.412937,6850467008.470448,1600334456.1301901,-35084715914.56336,-8519264409.488319,-62865043677.28125,18941168360.33203,0.0005776107451458497,0.00023255908912937214,5.4328022156708955e-05,-5.112512556101203e-07,-1.2414193795474312e-07,-9.160636384304919e-07,2.760089644312274e-07
C:\Users\damba\.cache\kagglehub\datasets\salmaneunus\mechanical-tools-dataset\versions\20\Mechanical Tools Image dataset\Mechanical Tools Image dataset\Toolbox\000132.jpg,Toolbox,exito,5230305.0,579832770.0,664083495.0,78103308420.0,93815769645.0,73520152875.0,11641035980460.0,14284824079545.0,9878527390245.0,10337700438855.0,13822919194.921753,9498146039.6051,-100290372.02500625,-82337841886.5399,-38743710090.447685,-15888850908.304688,-37269132021.61719,0.0005052958590327729,0.00034720407423521486,-3.666107641265045e-06,-1.3160789477246887e-06,-6.192751721261994e-07,-2.539656335998102e-07,-5.957056795490374e-07
C:\Users\damba\.cache\kagglehub\datasets\salmaneunus\mechanical-tools-dataset\versions\20\Mechanical Tools Image dataset\Mechanical Tools Image dataset\Toolbox\000133.jpg,Toolbox,exito,4107030.0,439531770.0,422206305.0,55516752270.0,46997873685.0,44667018645.0,7796212607370.0,5589550418055.0,5571699589815.0,4899263612655.0,8478338418.790512,3594693289.007507,-517234828.14479136,40151762032.95392,19052288330.86831,-24763197765.515625,-24074905882.197266,0.0005026376281543112,0.00021311110968683276,-3.0664226216932336e-05,1.1745862721774277e-06,5.573492966171017e-07,-7.244143389452527e-07,-7.042792774569583e-07
C:\Users\damba\.cache\kagglehub\datasets\salmaneunus\mechanical-tools-dataset\versions\20\Mechanical Tools Image dataset\Mechanical Tools Image dataset\Toolbox\000134.jpg,Toolbox,exito,5909115.0,412872540.0,605317980.0,36979856220.0,82734760710.0,37594704315.0,3731868329820.0,12889111948770.0,3086175539115.0,4789641871245.0,8132264950.232598,20727191571.257496,-4699136964.154188,11658968807.866915,167423219622.94528,-45305679203.54297,-28332835772.820312,0.00023289846996674528,0.0005936023030724569,-0.00013457773643791378,1.3735802421985236e-07,1.9724662648052507e-06,-5.337606338853971e-07,-3.337981605778197e-07
C:\Users\damba\.cache\kagglehub\datasets\salmaneunus\mechanical-tools-dataset\versions\20\Mechanical Tools Image dataset\Mechanical Tools Image dataset\Toolbox\000135.jpg,Toolbox,exito,12794880.0,1426629120.0,1426629120.0,212567738880.0,212567738880.0,159069146880.0,35631488901120.0,35631488901120.0,23701302885120.0,23701302885120.0,53498592000.00002,53498592000.00002,2.0273619156796485e-05,-0.0022641292307525865,-0.0022641292307525865,0.0,0.0,0.0003267908725990397,0.0003267908725990397,1.238394030069077e-19,-3.86643460291079e-21,-3.86643460291079e-21,0.0,0.0
C:\Users\damba\.cache\kagglehub\datasets\salmaneunus\mechanical-tools-dataset\versions\20\Mechanical Tools Image dataset\Mechanical Tools Image dataset\Toolbox\000136.jpg,Toolbox,exito,5493720.0,614788425.0,669564720.0,81387418995.0,90465216270.0,74387310720.0,11967902438445.0,13116947462280.0,9819121730640.0,9981029461020.0,12587988460.866362,8859871573.022652,-541997589.1904993,42660100229.81081,-68440955698.29814,21076558609.86328,-10590588750.226562,0.0004170837738461802,0.0002935583141783761,-1.7958262403709475e-05,6.030531209622859e-07,-9.674973034090145e-07,2.9794314547673434e-07,-1.4971103125044222e-07
C:\Users\damba\.cache\kagglehub\datasets\salmaneunus\mechanical-tools-dataset\versions\20\Mechanical Tools Image dataset\Mechanical Tools Image dataset\Toolbox\000137.jpg,Toolbox,exito,5564865.0,624614850.0,618976800.0,86427101040.0,75637835310.0,69485295015.0,13368167203050.0,9937101778920.0,9659655174675.0,8494938229515.0,16318713713.349218,6789394433.49356,9737012.158959681,4056377621.606398,13586915599.12452,44231584022.91406,2985751649.7148438,0.0005269587949224659,0.00021924099973641724,3.1442454862318407e-07,5.552669125883859e-08,1.8598773043563798e-07,6.054745733847859e-07,4.0871172631020664e-08
C:\Users\damba\.cache\kagglehub\datasets\salmaneunus\mechanical-tools-dataset\versions\20\Mechanical Tools Image dataset\Mechanical Tools Image dataset\Toolbox\000138.jpg,Toolbox,exito,3912720.0,386799300.0,462222690.0,47473278600.0,58422485430.0,47461295130.0,6610309949070.0,7768733560530.0,6013910071320.0,6214363260000.0,9235505776.876955,3818574301.466376,1767401128.8660066,91263027626.88472,-35111780592.728905,56293483232.78906,21320497734.57617,0.0006032580747887852,0.00024942713882633816,0.00011544565377769433,3.0136856254182173e-06,-1.1594604212316715e-06,1.8589221247071716e-06,7.04044991934125e-07
C:\Users\damba\.cache\kagglehub\datasets\salmaneunus\mechanical-tools-dataset\versions\20\Mechanical Tools Image dataset\Mechanical Tools Image dataset\Toolbox\000139.jpg,Toolbox,exito,6572115.0,735490125.0,801759525.0,94295076315.0,114688428465.0,87179600175.0,13236983756865.0,18014015715675.0,10942175476575.0,12212947075245.0,11985846489.819588,16878463799.405197,-2545885952.706311,1664391354.7616634,-95448005847.90169,8552489002.546875,-751249188.5234375,0.00027749707052897093,0.0003907712536901285,-5.894251143437542e-05,1.5031162358017248e-08,-8.619934659863903e-07,7.723775444678853e-08,-6.784551296615875e-09
C:\Users\damba\.cache\kagglehub\datasets\salmaneunus\mechanical-tools-dataset\versions\20\Mechanical Tools Image dataset\Mechanical Tools Image dataset\Toolbox\000140.jpg,Toolbox,exito,4089690.0,504340020.0,471231330.0,66694854240.0,62109212190.0,57923903820.0,9304259185620.0,8879780389470.0,7683272938560.0,7628648548080.0,4499710898.181821,7811950937.052005,-188280330.1010077,-30348740669.073524,-76956851120.22388,44847958482.33203,12737773093.101562,0.0002690319333041006,0.00046706650961089334,-1.1257039031257687e-05,-8.972525487236649e-07,-2.2752090955699095e-06,1.325918116079574e-06,3.7658891673537103e-07
C:\Users\damba\.cache\kagglehub\datasets\salmaneunus\mechanical-tools-dataset\versions\20\Mechanical Tools Image dataset\Mechanical Tools Image dataset\Toolbox\000141.jpg,Toolbox,exito,6306150.0,707866230.0,733245360.0,100553402850.0,95243528160.0,82175971815.0,16003313430420.0,13371281465010.0,11758201368765.0,10660751215815.0,21095318349.248676,9985683363.804281,-130923620.12172267,-19725211249.75536,-25289672566.2878,95782420090.09375,97895392.7578125,0.0005304659229360794,0.0002511014365382426,-3.2922242666452004e-06,-1.975199291086139e-07,-2.5324009305782093e-07,9.59124674838726e-07,9.802830901404341e-10
C:\Users\damba\.cache\kagglehub\datasets\salmaneunus\mechanical-tools-dataset\versions\20\Mechanical Tools Image dataset\Mechanical Tools Image dataset\Toolbox\000142.jpg,Toolbox,exito,6343635.0,629319855.0,725390595.0,76172334435.0,98748128055.0,77632854840.0,10378406114355.0,14840728705755.0,9901447412190.0,11141432445720.0,13740703375.328207,15800178604.179754,5670532911.994404,95444157501.42433,-64537010594.868866,66100186468.19531,48287881902.65625,0.0003414543039568645,0.00039263193741386447,0.00014091184531398073,9.416811612204497e-07,-6.367418254780619e-07,6.521645952957312e-07,4.764229670348412e-07
C:\Users\damba\.cache\kagglehub\datasets\salmaneunus\mechanical-tools-dataset\versions\20\Mechanical Tools Image dataset\Mechanical Tools Image dataset\Toolbox\000143.jpg,Toolbox,exito,4389315.0,470203425.0,548587875.0,55763813865.0,83517945015.0,60588128265.0,7191715104405.0,13785641910885.0,7530821684025.0,9430356216675.0,5393480252.185557,14954021806.705399,1820895168.6120956,62492880691.15989,-390629801542.5751,171191664354.3672,28373033124.027344,0.0002799468560875079,0.0007761836875095292,9.451297749932898e-05,1.5482413829484936e-06,-9.677729966554802e-06,4.241219419522657e-06,7.029329350247335e-07
C:\Users\damba\.cache\kagglehub\datasets\salmaneunus\mechanical-tools-dataset\versions\20\Mechanical Tools Image dataset\Mechanical Tools Image dataset\Toolbox\000144.jpg,Toolbox,exito,5300175.0,617140035.0,648591225.0,83758424295.0,92254213395.0,68950241265.0,12408946266645.0,14152633767645.0,8654822449725.0,9348472921365.0,11900075693.34039,12885027066.812605,-6570210662.944432,-114923824577.01071,-290192036431.04486,-64795098863.49219,214622337428.92188,0.00042361302521201394,0.0004586748384101259,-0.00023388311863996742,-1.7769882141319198e-06,-4.487040267506562e-06,-1.0018821374743103e-06,3.3185578839231343e-06
C:\Users\damba\.cache\kagglehub\datasets\salmaneunus\mechanical-tools-dataset\versions\20\Mechanical Tools Image dataset\Mechanical Tools Image dataset\Toolbox\000145.jpg,Toolbox,exito,2491095.0,271944240.0,315613500.0,32334951660.0,43697163120.0,33118328490.0,4166366533440.0,6420174409230.0,3738410217120.0,4484782021890.0,2647737937.0478067,3709976207.317025,-1336107567.7336442,58382688329.83589,-56195116536.87061,-66604746826.48242,53074422153.08789,0.0004266722696252633,0.0005978476746065902,-0.00021530833562177835,5.960852340857694e-06,-5.737502015343007e-06,-6.800321677376033e-06,5.4188801951626855e-06
C:\Users\damba\.cache\kagglehub\datasets\salmaneunus\mechanical-tools-dataset\versions\20\Mechanical Tools Image dataset\Mechanical Tools Image dataset\Toolbox\000146.jpg,Toolbox,exito,5172165.0,590761815.0,581226855.0,84413662605.0,69981831015.0,67691225430.0,13445865664035.0,8916440834985.0,9757183116000.0,8304287286480.0,16937176053.992004,4665922304.974109,1303816716.9094732,-64925709517.3026,3492728731.8518295,-26723216290.796875,17966164246.632812,0.0006331349088426157,0.00017441858570810744,4.873846003468764e-05,-1.0671753289560643e-06,5.740952176078938e-08,-4.3924598356980786e-07,2.9530747345732845e-07
C:\Users\damba\.cache\kagglehub\datasets\salmaneunus\mechanical-tools-dataset\versions\20\Mechanical Tools Image dataset\Mechanical Tools Image dataset\Toolbox\000147.jpg,Toolbox,exito,6516525.0,564171690.0,932175960.0,66670586910.0,151932329280.0,82073552850.0,9348887514900.0,26676376656450.0,10127306255460.0,13663535283030.0,17827116533.157112,18586409422.1123,1369912991.2451544,490060668538.94745,-374739236397.995,353009277938.98047,117984718734.625,0.00041980631956646514,0.0004376867183731036,3.225973925235052e-05,4.520741598243397e-06,-3.456917404796267e-06,3.2564615562854196e-06,1.0883926423454162e-06
C:\Users\damba\.cache\kagglehub\datasets\salmaneunus\mechanical-tools-dataset\versions\20\Mechanical Tools Image dataset\Mechanical Tools Image dataset\Toolbox\000149.jpg,Toolbox,exito,5799975.0,654524565.0,808516515.0,82641595185.0,127766926605.0,91236759060.0,11308423090335.0,21768812470965.0,11562612217110.0,14410536977070.0,8778792985.259615,15059724413.999996,-3965301.0000025043,990651544.7602842,-240548264395.2009,43268813182.78906,-6797586412.3671875,0.00026096518029128406,0.0004476769988124213,-1.1787559999562518e-07,1.2228005266049706e-08,-2.9691827154778155e-06,5.340841371048323e-07,-8.390530745799959e-08
C:\Users\damba\.cache\kagglehub\datasets\salmaneunus\mechanical-tools-dataset\versions\20\Mechanical Tools Image dataset\Mechanical Tools Image dataset\Toolbox\000150.jpg,Toolbox,exito,6123570.0,612400605.0,651191715.0,80526586935.0,83094306375.0,69437483535.0,11990109238395.0,11583343199205.0,9422059497915.0,9055175918235.0,19282165624.495502,13845379738.309113,4313674998.968309,80169391886.90285,-197744798205.53116,-4082541382.7265625,-172294713629.57422,0.0005142170060975249,0.00036922873996436385,0.00011503713257339392,8.639664389581928e-07,-2.131048584840892e-06,-4.399657596641886e-08,-1.8567790859117564e-06
C:\Users\damba\.cache\kagglehub\datasets\salmaneunus\mechanical-tools-dataset\versions\20\Mechanical Tools Image dataset\Mechanical Tools Image dataset\Toolbox\000151.jpg,Toolbox,exito,5468220.0,625116690.0,643076085.0,88985319690.0,82487039175.0,75847223205.0,14109033004470.0,11401978488915.0,11061566770845.0,10112780112885.0,17523148066.22552,6859714177.29925,2331967111.909629,-70029494530.08119,87861922534.3829,63502659838.08984,134525862264.58984,0.0005860304368300808,0.0002294109072558949,7.798848129919086e-05,-1.0015347999837241e-06,1.2565673021366674e-06,9.081905295211909e-07,1.923936956276754e-06
C:\Users\damba\.cache\kagglehub\datasets\salmaneunus\mechanical-tools-dataset\versions\20\Mechanical Tools Image dataset\Mechanical Tools Image dataset\Toolbox\000152.jpg,Toolbox,exito,4384725.0,489851940.0,640467690.0,60629883240.0,107931979830.0,71586475635.0,8092062206400.0,19132520209080.0,8862137903115.0,12070555036485.0,5904689956.096542,14380192218.704863,34818358.017159946,-694713879.4464691,-833850038309.8468,-1723101654.3203125,2457316690.9257812,0.0003071230254912813,0.0007479627506597246,1.8110213298884227e-06,-1.7256395034252814e-08,-2.0712477591302126e-05,-4.280110662941927e-08,6.103869347862319e-08
C:\Users\damba\.cache\kagglehub\datasets\salmaneunus\mechanical-tools-dataset\versions\20\Mechanical Tools Image dataset\Mechanical Tools Image dataset\Toolbox\000153.jpg,Toolbox,exito,5590110.0,633699990.0,723794040.0,83166272220.0,102747244350.0,82004959380.0,12001264630830.0,15644332693440.0,10764379236540.0,11626385669970.0,11329460900.36584,9032127413.20957,-44995971.5153744,4823703426.830331,1949436696.0224488,6411277330.8125,-9484122414.925781,0.0003625505240748869,0.0002890342758554859,-1.4399019686480311e-06,6.528745114189335e-08,2.6385070097357034e-08,8.677481147873905e-08,-1.2836489394105988e-07
C:\Users\damba\.cache\kagglehub\datasets\salmaneunus\mechanical-tools-dataset\versions\20\Mechanical Tools Image dataset\Mechanical Tools Image dataset\Toolbox\000154.jpg,Toolbox,exito,6511935.0,587889240.0,944303250.0,69244834860.0,152698031040.0,83399636745.0,9180260871630.0,26490898438140.0,9797962572945.0,13388461912275.0,16170939234.84748,15763521103.92685,-1850864061.907617,9141120973.36178,-223793185691.67297,90876050948.85938,139869056285.67188,0.0003813424314760875,0.00037173471367959044,-4.3647001046084596e-05,8.447424407214355e-08,-2.068100864750773e-06,8.397969713492684e-07,1.292547471283598e-06
C:\Users\damba\.cache\kagglehub\datasets\salmaneunus\mechanical-tools-dataset\versions\20\Mechanical Tools Image dataset\Mechanical Tools Image dataset\Toolbox\000155.jpg,Toolbox,exito,5934105.0,576292860.0,555485115.0,72711823530.0,61633628265.0,58786655520.0,10171872442260.0,7623448842315.0,7652691880470.0,6924448708080.0,16744923637.43328,9635270806.450943,4840507682.91607,-141943138171.26294,50097493020.39381,-93958320074.32812,32646180349.242188,0.0004755243035238833,0.0002736235493638778,0.0001374613043606268,-1.6547269347531058e-06,5.84020278348576e-07,-1.0953355334694222e-06,3.8057855164171165e-07
C:\Users\damba\.cache\kagglehub\datasets\salmaneunus\mechanical-tools-dataset\versions\20\Mechanical Tools Image dataset\Mechanical Tools Image dataset\Toolbox\000156.jpg,Toolbox,exito,12794880.0,1426629120.0,1426629120.0,212567738880.0,212567738880.0,159069146880.0,35631488901120.0,35631488901120.0,23701302885120.0,23701302885120.0,53498592000.00002,53498592000.00002,2.0273619156796485e-05,-0.0022641292307525865,-0.0022641292307525865,0.0,0.0,0.0003267908725990397,0.0003267908725990397,1.238394030069077e-19,-3.86643460291079e-21,-3.86643460291079e-21,0.0,0.0
C:\Users\damba\.cache\kagglehub\datasets\salmaneunus\mechanical-tools-dataset\versions\20\Mechanical Tools Image dataset\Mechanical Tools Image dataset\Toolbox\000157.jpg,Toolbox,exito,5793090.0,669216135.0,613264545.0,90341761845.0,77149909575.0,67691388375.0,13491955456455.0,10758656811375.0,8718275784765.0,8220641237625.0,13034101279.681967,12228873969.812256,-3152760177.4018435,44308957923.81626,2329211730.9344935,-117016522339.97266,-24183584707.132812,0.0003883832932929498,0.0003643895535063696,-9.394428924462599e-05,5.48549529801815e-07,2.8835884653613685e-08,-1.4486767759016402e-06,-2.993953060875212e-07
C:\Users\damba\.cache\kagglehub\datasets\salmaneunus\mechanical-tools-dataset\versions\20\Mechanical Tools Image dataset\Mechanical Tools Image dataset\Toolbox\000158.jpg,Toolbox,exito,5439405.0,589063515.0,600761640.0,84554907105.0,74651402490.0,65412138195.0,13707200037435.0,10061886765360.0,9421123038975.0,8163390634785.0,20761932560.14533,8299559210.1762705,352308427.66982275,53426373971.05818,-16386978359.705252,6047540095.605469,1151506052.2382812,0.0007017218242498284,0.0002805125107001885,1.1907490396034995e-05,7.742428607072415e-07,-2.3747636346121581e-07,8.763957565976257e-08,1.6687363819405594e-08
C:\Users\damba\.cache\kagglehub\datasets\salmaneunus\mechanical-tools-dataset\versions\20\Mechanical Tools Image dataset\Mechanical Tools Image dataset\Toolbox\000159.jpg,Toolbox,exito,5233620.0,540519675.0,637090215.0,75154485615.0,90231542175.0,61046798295.0,12002578986255.0,13978669696935.0,8245577563695.0,7936520772615.0,19330501630.280895,12678349155.876295,-4750832399.907178,247902288866.8123,-91923311953.0947,78314631132.03906,-225804000870.29688,0.0007057302795655018,0.00046286925530114164,-0.0001734464186125012,3.95617114074713e-06,-1.4669665035086096e-06,1.2497911374641906e-06,-3.603513609300526e-06
C:\Users\damba\.cache\kagglehub\datasets\salmaneunus\mechanical-tools-dataset\versions\20\Mechanical Tools Image dataset\Mechanical Tools Image dataset\Toolbox\000160.jpg,Toolbox,exito,5318535.0,606786270.0,569000115.0,85214749440.0,66881120775.0,67464530430.0,13316688018780.0,8465277762225.0,9662086253130.0,8196115891230.0,15987118624.274824,6007002080.657813,2547883757.4819007,-53284749627.9723,24732544095.767086,-35930962935.74609,20549102535.472656,0.0005651791790888796,0.0002123605000075724,9.007319482079778e-05,-8.168134408264558e-07,3.791305126570475e-07,-5.507934948116498e-07,3.1500163302041206e-07
C:\Users\damba\.cache\kagglehub\datasets\salmaneunus\mechanical-tools-dataset\versions\20\Mechanical Tools Image dataset\Mechanical Tools Image dataset\Toolbox\000161.jpg,Toolbox,exito,11548950.0,1348048320.0,1350163290.0,200313587910.0,204474463200.0,151851726075.0,33243150187770.0,34439603590920.0,22344393108825.0,22567652185785.0,42962982612.13116,46629731889.91344,-5745748570.761974,-168090550149.2964,-367839371055.147,267497852688.84375,43867858029.125,0.00032211386689786346,0.0003496052261331949,-4.307860343542393e-05,-3.708404042407047e-07,-8.115251032052635e-07,5.90152222933078e-07,9.678101588843336e-08
C:\Users\damba\.cache\kagglehub\datasets\salmaneunus\mechanical-tools-dataset\versions\20\Mechanical Tools Image dataset\Mechanical Tools Image dataset\Toolbox\000162.jpg,Toolbox,exito,7519950.0,885774375.0,943087410.0,122709906855.0,144794228010.0,109341746310.0,18660440351025.0,24223242598650.0,15189768781560.0,16777416822810.0,18374606300.256863,26520321547.788406,-1744452556.09868,-122237974463.603,-587504307731.3282,211506227682.34375,159663468975.5625,0.0003249287475572711,0.00046897412246696874,-3.084815940890666e-05,-7.88258681178181e-07,-3.7885556663628214e-06,1.3639101991459995e-06,1.0295991572118583e-06
C:\Users\damba\.cache\kagglehub\datasets\salmaneunus\mechanical-tools-dataset\versions\20\Mechanical Tools Image dataset\Mechanical Tools Image dataset\Toolbox\000163.jpg,Toolbox,exito,4971480.0,570181020.0,603391965.0,79531633800.0,79766657355.0,69845029890.0,12348396629610.0,11157974034855.0,9758378791110.0,9312465824610.0,14137345666.840378,6532557363.335299,641765255.8258111,-15953710162.809904,-109082328801.5691,-41639218532.41016,8213157350.488281,0.0005720005991164915,0.0002643089313685682,2.5965985374859626e-05,-2.894992588781559e-07,-1.979430052475992e-06,-7.55593700924749e-07,1.4903761831895124e-07
C:\Users\damba\.cache\kagglehub\datasets\salmaneunus\mechanical-tools-dataset\versions\20\Mechanical Tools Image dataset\Mechanical Tools Image dataset\Toolbox\000164.jpg,Toolbox,exito,6730215.0,856045455.0,811439580.0,124160756895.0,113193260700.0,102559997595.0,19717668279915.0,17242225269420.0,14860811186895.0,14196696994995.0,15276594795.25176,15360696362.816656,-650548348.3478686,38925369914.57401,-109084596838.57375,56654928344.71875,-43979566119.16406,0.00033726298767139564,0.00033911970681103015,-1.436222420828294e-05,3.3125344451602285e-07,-9.283058459231255e-07,4.821313247422718e-07,-3.742644654955157e-07
C:\Users\damba\.cache\kagglehub\datasets\salmaneunus\mechanical-tools-dataset\versions\20\Mechanical Tools Image dataset\Mechanical Tools Image dataset\Toolbox\000165.jpg,Toolbox,exito,3400680.0,418460355.0,414477255.0,57177038145.0,55873209375.0,50527793295.0,8396101879875.0,8028518170665.0,6819055222905.0,6691340818905.0,5684669352.074458,5356431873.931084,-474447217.6990868,-38664458109.94379,-87038955907.68295,-32958820485.04297,-68315446660.48047,0.000491556761791703,0.0004631738705693749,-4.102573492478329e-05,-1.8129987710148878e-06,-4.081306910918908e-06,-1.5454581275539849e-06,-3.2033507487573133e-06
C:\Users\damba\.cache\kagglehub\datasets\salmaneunus\mechanical-tools-dataset\versions\20\Mechanical Tools Image dataset\Mechanical Tools Image dataset\Toolbox\000166.jpg,Toolbox,exito,4903395.0,539668995.0,569550405.0,68270269485.0,74781567495.0,61024714530.0,9490504659405.0,10724197119645.0,7472234057280.0,7838007597480.0,8874152271.455093,8625839915.299807,-1660158842.060169,23276871928.08001,34139865893.176052,-92216109792.1914,-6803006771.1171875,0.0003690907122124239,0.00035876298945300005,-6.904875988805501e-05,4.3720227926180574e-07,6.412385318915198e-07,-1.7320666415304094e-06,-1.277787700751106e-07
C:\Users\damba\.cache\kagglehub\datasets\salmaneunus\mechanical-tools-dataset\versions\20\Mechanical Tools Image dataset\Mechanical Tools Image dataset\Toolbox\000167.jpg,Toolbox,exito,3275220.0,358762305.0,417829230.0,47900498205.0,54702661200.0,46254755490.0,7136327229645.0,7336740055140.0,6213374776470.0,6116516240490.0,8602255189.59553,1398985281.3157933,486416981.0829946,4829819788.815376,1219175964.2817528,-3992129038.7851562,367924628.55078125,0.0008019205951359461,0.00013041639484679592,4.534482950774283e-05,2.487881743872131e-07,6.280080327486147e-08,-2.0563800284588724e-07,1.8952114292383048e-08
C:\Users\damba\.cache\kagglehub\datasets\salmaneunus\mechanical-tools-dataset\versions\20\Mechanical Tools Image dataset\Mechanical Tools Image dataset\Toolbox\000168.jpg,Toolbox,exito,6069765.0,679256505.0,606847215.0,87299474655.0,78070095945.0,67738491720.0,12230105909985.0,11272039958595.0,8748891781170.0,8829101324820.0,11285098549.036253,17398300191.250683,-172690727.73621264,-65211823154.46408,-12225632015.993145,59454798846.33203,126947824272.73047,0.00030631030087685513,0.0004722403214443318,-4.687327145764249e-06,-7.184501661052444e-07,-1.346919458428083e-07,6.55024013141351e-07,1.398606587327088e-06
C:\Users\damba\.cache\kagglehub\datasets\salmaneunus\mechanical-tools-dataset\versions\20\Mechanical Tools Image dataset\Mechanical Tools Image dataset\Toolbox\000169.jpg,Toolbox,exito,5334855.0,597632790.0,646923780.0,76083217290.0,87645717480.0,72104851110.0,10547894219790.0,12837916931400.0,9159208497990.0,9758646534990.0,9133890329.251465,9197404052.645662,-366258893.69198847,-21699544848.042755,-20940084362.073666,15142562775.40625,29034110061.390625,0.0003209301749818973,0.0003231618057140261,-1.2868944842134844e-05,-3.3009889821398233e-07,-3.1854579553781885e-07,2.30352448556013e-07,4.4167413690029584e-07
C:\Users\damba\.cache\kagglehub\datasets\salmaneunus\mechanical-tools-dataset\versions\20\Mechanical Tools Image dataset\Mechanical Tools Image dataset\Toolbox\000170.jpg,Toolbox,exito,8612115.0,964576260.0,984915825.0,144805514310.0,154134940485.0,115390704585.0,24445956415230.0,26939322784635.0,17727095544465.0,18214055738055.0,36770802586.388824,41496037923.26799,5077915810.893461,-9412317360.17164,-179468699218.06595,29083305413.851562,-210865864672.9375,0.0004957736816097921,0.0005594831237394134,6.846456534519884e-05,-4.324361687457816e-08,-8.245446230707443e-07,1.3361930634476687e-07,-9.687946458784588e-07
C:\Users\damba\.cache\kagglehub\datasets\salmaneunus\mechanical-tools-dataset\versions\20\Mechanical Tools Image dataset\Mechanical Tools Image dataset\Toolbox\000171.jpg,Toolbox,exito,5232855.0,640975140.0,665132310.0,90684566250.0,99186370290.0,78567263325.0,13760155840770.0,16129473540570.0,10989965091345.0,11551437593085.0,12171186823.660156,14643421974.799957,-2905140462.3729315,-329554060317.73694,-200366625134.95218,175029572965.02734,140574496458.125,0.00044448338056024496,0.0005347677097254456,-0.00010609373370291872,-5.261140680395309e-06,-3.198737716885227e-06,2.7942462784730647e-06,2.2441908354242864e-06
C:\Users\damba\.cache\kagglehub\datasets\salmaneunus\mechanical-tools-dataset\versions\20\Mechanical Tools Image dataset\Mechanical Tools Image dataset\Toolbox\000172.jpg,Toolbox,exito,4513755.0,523111080.0,564005175.0,66530190030.0,80638264695.0,62522000580.0,8993704520460.0,12467723828865.0,7693443801240.0,8689582878510.0,5905454744.463588,10164382655.150558,-2842060211.921362,-85454002262.98192,-148363536836.08624,39075077885.05859,54445083136.33984,0.0002898527203361796,0.0004988902786691121,-0.00013949457229469505,-1.974183198856661e-06,-3.4275375522304083e-06,9.027238070991469e-07,1.2578061359529537e-06
C:\Users\damba\.cache\kagglehub\datasets\salmaneunus\mechanical-tools-dataset\versions\20\Mechanical Tools Image dataset\Mechanical Tools Image dataset\Toolbox\000173.jpg,Toolbox,exito,2816985.0,292718835.0,268782750.0,35122454835.0,29817521280.0,28602797160.0,4613135865165.0,3736908906660.0,3505729972890.0,3251450270370.0,4705425151.222049,4171603144.98597,673016402.1698179,-14413517785.97509,95801375644.4373,14650271840.767578,24617152547.24707,0.0005929660116277994,0.0005256950858805798,8.481185842496799e-05,-1.0822027974800867e-06,7.193005778626224e-06,1.0999788813074846e-06,1.8483170970619887e-06
C:\Users\damba\.cache\kagglehub\datasets\salmaneunus\mechanical-tools-dataset\versions\20\Mechanical Tools Image dataset\Mechanical Tools Image dataset\Toolbox\000174.jpg,Toolbox,exito,3077085.0,340231965.0,370301310.0,39677153655.0,51297525330.0,40665351585.0,4839607492305.0,7621987369230.0,4714158610305.0,5608787329905.0,2057851618.247285,6734875878.419655,-278704995.6190449,-2549858940.412157,-172209915014.5305,979325726.1796875,3921623335.1054688,0.00021733770178236387,0.0007112963987422508,-2.943511703467638e-05,-1.5352086996471104e-07,-1.0368344519209478e-05,5.896284499472197e-08,2.3611150269433653e-07
C:\Users\damba\.cache\kagglehub\datasets\salmaneunus\mechanical-tools-dataset\versions\20\Mechanical Tools Image dataset\Mechanical Tools Image dataset\Toolbox\000175.jpg,Toolbox,exito,3093660.0,389587470.0,404519250.0,58877238660.0,55610808510.0,48265917540.0,9882664922580.0,7976269147260.0,6991323735120.0,6316272160740.0,9816127619.678535,2716882344.6933737,-2675566389.6488633,-4108381283.6942167,-5766683175.803531,-33443738905.4375,12852271827.375,0.0010256401933585971,0.00028387403274562624,-0.00027955712634806715,-2.4405588639161693e-07,-3.425662996752923e-07,-1.9867049280968964e-06,7.634813753594813e-07
C:\Users\damba\.cache\kagglehub\datasets\salmaneunus\mechanical-tools-dataset\versions\20\Mechanical Tools Image dataset\Mechanical Tools Image dataset\Toolbox\000176.jpg,Toolbox,exito,3327495.0,358713090.0,388787025.0,44907529800.0,47499884535.0,41980711200.0,6176606084730.0,6035718863955.0,5253634330860.0,5141403747180.0,6237274566.754538,2073715357.179856,68403265.75599349,-9339452337.057293,1207603972.4314275,-8143434303.191406,4801299819.396484,0.0005633263149435856,0.00018728988405105468,6.177916206193367e-06,-4.6241070663305055e-07,5.979033738511917e-08,-4.031940069566267e-07,2.3771976793917726e-07
C:\Users\damba\.cache\kagglehub\datasets\salmaneunus\mechanical-tools-dataset\versions\20\Mechanical Tools Image dataset\Mechanical Tools Image dataset\Toolbox\000177.jpg,Toolbox,exito,7390410.0,725099385.0,777790290.0,98544310125.0,105936350850.0,76155144375.0,15309044601375.0,16156380533160.0,9816978846045.0,10632577548465.0,27402233010.553272,24079223137.425987,-156624652.42495546,263451288684.02304,-61046773745.81403,-523404254713.3281,271753103973.0547,0.0005017055321262686,0.0004408647810817789,-2.8676296037148236e-06,1.7743079395942366e-06,-4.111415658084789e-07,-3.5250551606490656e-06,1.8302195157112182e-06
C:\Users\damba\.cache\kagglehub\datasets\salmaneunus\mechanical-tools-dataset\versions\20\Mechanical Tools Image dataset\Mechanical Tools Image dataset\Toolbox\000178.jpg,Toolbox,exito,6911265.0,689221650.0,839878965.0,90209052960.0,120474752805.0,84764757825.0,13298110286520.0,19003750649505.0,11536289399685.0,12390901876575.0,21476847954.29953,18409982339.75649,1008344772.1663746,18537083386.93142,-111205081589.11212,372684454865.52734,131556729366.09766,0.0004496301772247018,0.0003854235798354758,2.1110278360098195e-05,1.4762079496194765e-07,-8.855860550083263e-07,2.96788736117977e-06,1.047657205086995e-06
C:\Users\damba\.cache\kagglehub\datasets\salmaneunus\mechanical-tools-dataset\versions\20\Mechanical Tools Image dataset\Mechanical Tools Image dataset\Toolbox\000179.jpg,Toolbox,exito,6684570.0,744503865.0,951553665.0,103318015695.0,147182317545.0,104816766465.0,16130022033075.0,24262500133485.0,14449495149555.0,15986928195045.0,20397797191.799614,11727923713.394955,-1163929577.889102,79155679275.11989,-27973489766.95211,1365149203.109375,-74347453295.17188,0.0004564953083113579,0.0002624666821155886,-2.6048322106310607e-05,6.85170082196127e-07,-2.4213800523798316e-07,1.1816706018697873e-08,-6.435501678694736e-07
C:\Users\damba\.cache\kagglehub\datasets\salmaneunus\mechanical-tools-dataset\versions\20\Mechanical Tools Image dataset\Mechanical Tools Image dataset\Toolbox\000180.jpg,Toolbox,exito,3502170.0,376975680.0,393294915.0,51042095910.0,46672237665.0,40386625365.0,7774829492100.0,5802273733455.0,5282288155305.0,4583620338855.0,10464207540.371342,2505081254.8722124,-1947875251.0943644,27880508845.990627,-1677869043.4778275,-30416133085.44336,-2713182437.6445312,0.0008531627739083664,0.0002042430890277224,-0.0001588132351197757,1.2146681307661928e-06,-7.309960036847592e-08,-1.3251374902845148e-06,-1.1820502481378754e-07
C:\Users\damba\.cache\kagglehub\datasets\salmaneunus\mechanical-tools-dataset\versions\20\Mechanical Tools Image dataset\Mechanical Tools Image dataset\Toolbox\000181.jpg,Toolbox,exito,4173840.0,448586820.0,460278825.0,51701151060.0,60644475105.0,48788489295.0,6314548911030.0,8846089250145.0,5579816293875.0,6323230714215.0,3488920816.935487,9886277200.101728,-680348614.4758035,7976849487.916186,-22064740100.284145,24607129621.916016,-44529457760.57031,0.00020027167005463525,0.0005674938897657555,-3.905349544737055e-05,2.241258272664478e-07,-6.199537970331212e-07,6.913874069605095e-07,-1.251145777970711e-06
C:\Users\damba\.cache\kagglehub\datasets\salmaneunus\mechanical-tools-dataset\versions\20\Mechanical Tools Image dataset\Mechanical Tools Image dataset\Toolbox\000182.jpg,Toolbox,exito,7163970.0,782050065.0,729586110.0,105485788545.0,93361507290.0,76213183650.0,15730513180665.0,13501743717900.0,9753789419940.0,9714355207080.0,20113808460.42341,19059703694.37745,-3431603353.379005,-176194722346.43903,111591458787.42899,-239774885005.52344,221563841212.61328,0.0003919104042538608,0.0003713715477861833,-6.686357087012648e-05,-1.2826509859377195e-06,8.123563108462026e-07,-1.7454977570254881e-06,1.6129261739220894e-06
C:\Users\damba\.cache\kagglehub\datasets\salmaneunus\mechanical-tools-dataset\versions\20\Mechanical Tools Image dataset\Mechanical Tools Image dataset\Toolbox\000183.jpg,Toolbox,exito,6455580.0,769970205.0,759012090.0,105780281925.0,104837490570.0,89534066940.0,15953724828135.0,15770325002370.0,12428249628180.0,12216770362410.0,13944363759.97966,15596964890.484282,-994854479.1100463,10749200153.895157,-223511750680.41272,228494338921.33984,-53471962988.82031,0.0003346017196251336,0.00037425667912269715,-2.3872012034163516e-05,1.0151681438987806e-07,-2.1108734215501585e-06,2.1579296190712453e-06,-5.049960242699046e-07
C:\Users\damba\.cache\kagglehub\datasets\salmaneunus\mechanical-tools-dataset\versions\20\Mechanical Tools Image dataset\Mechanical Tools Image dataset\Toolbox\000184.jpg,Toolbox,exito,4362540.0,487661745.0,565625700.0,68707581225.0,85251349080.0,64363102365.0,10751434360185.0,13759610801220.0,9139647445695.0,9895265068515.0,14194848382.104576,11915074226.247372,1135254395.9621289,-102478273044.2247,-383365171233.1155,-22449407332.160156,71153477390.27734,0.0007458507213049209,0.0006260628128477888,5.9650535694372596e-05,-2.5780019591259688e-06,-9.6441531764799e-06,-5.647501110654925e-07,1.7899775109558989e-06
C:\Users\damba\.cache\kagglehub\datasets\salmaneunus\mechanical-tools-dataset\versions\20\Mechanical Tools Image dataset\Mechanical Tools Image dataset\Toolbox\000185.jpg,Toolbox,exito,8148270.0,762903645.0,848427840.0,107892625425.0,124585843170.0,79407933810.0,17974815235305.0,21078061566840.0,11573166499830.0,11650001256180.0,36463724375.53968,36244416132.47355,-28399504.36940639,1045050551746.2411,557921561909.7229,344307494119.2617,-8768520655.195312,0.0005491995876549742,0.000545896469316847,-4.277400719863461e-07,5.514088988682183e-06,2.9438089247780098e-06,1.8166988753523765e-06,-4.6266090296831104e-08
C:\Users\damba\.cache\kagglehub\datasets\salmaneunus\mechanical-tools-dataset\versions\20\Mechanical Tools Image dataset\Mechanical Tools Image dataset\Toolbox\000186.jpg,Toolbox,exito,7310085.0,823441155.0,822774585.0,113896251585.0,116072795925.0,92794110870.0,17570287901805.0,18216860356065.0,13001761892190.0,13093028409240.0,21140102272.40869,23466756771.977524,113047027.7812454,-22137004245.15639,-130046502843.08028,156888504102.85547,-7385824424.542969,0.00039560541751172153,0.000439145278996156,2.1155061620599797e-06,-1.532190556165165e-07,-9.001038320804921e-07,1.0858880528510133e-06,-5.112024331501321e-08
C:\Users\damba\.cache\kagglehub\datasets\salmaneunus\mechanical-tools-dataset\versions\20\Mechanical Tools Image dataset\Mechanical Tools Image dataset\Toolbox\000187.jpg,Toolbox,exito,6633060.0,785468595.0,746649690.0,107895014775.0,103380758700.0,81872361930.0,16218418338975.0,15964034472780.0,10628453537250.0,10778733995400.0,14881999103.30789,19334216142.402733,-6543826520.200299,-82780732909.84932,-25717529094.819565,33066357153.902344,9881127993.351562,0.00033824658649511593,0.0004394391215406589,-0.00014873183150387206,-7.305407610805936e-07,-2.2695744067042946e-07,2.9181091870352853e-07,8.720104921587301e-08
C:\Users\damba\.cache\kagglehub\datasets\salmaneunus\mechanical-tools-dataset\versions\20\Mechanical Tools Image dataset\Mechanical Tools Image dataset\Toolbox\000188.jpg,Toolbox,exito,8665920.0,1169582490.0,1084402545.0,188677300920.0,167756794665.0,138737616165.0,32917066282710.0,28646117027925.0,21795207790755.0,21158552301285.0,30826409045.323097,32061002458.00097,-7617096172.921077,-868351066454.0688,-369839777259.38007,241293066826.10938,423833694621.35156,0.00041048149738623,0.0004269212245031345,-0.00010142851988366568,-3.927883997460776e-06,-1.6729267675730048e-06,1.0914608301855996e-06,1.917161907206504e-06
C:\Users\damba\.cache\kagglehub\datasets\salmaneunus\mechanical-tools-dataset\versions\20\Mechanical Tools Image dataset\Mechanical Tools Image dataset\Toolbox\000189.jpg,Toolbox,exito,2655825.0,289912560.0,398087895.0,33793957110.0,66103211145.0,42925836315.0,4156463262660.0,11416441627875.0,4948386471975.0,7114917174645.0,2146806998.1689842,6432874377.505521,-529843462.26740664,-1214763422.4689841,-420402673588.69147,-1393238868.0605469,57862349827.703125,0.00030436456757231787,0.0009120237775572938,-7.511880500277047e-05,-1.0568006450296864e-07,-3.657352603832434e-05,-1.2120678868106185e-07,5.0338170782724e-06
C:\Users\damba\.cache\kagglehub\datasets\salmaneunus\mechanical-tools-dataset\versions\20\Mechanical Tools Image dataset\Mechanical Tools Image dataset\Toolbox\000190.jpg,Toolbox,exito,5086485.0,567599910.0,597543540.0,70541954070.0,87740496900.0,68555667270.0,9475362447540.0,14367904150290.0,8714947302150.0,10220080926660.0,7203586251.750643,17543045772.99745,1875895379.37585,-4094701689.3662467,-61359764995.87715,9248759735.835938,-11612762620.332031,0.00027842820293903667,0.0006780620843494308,7.250585487948152e-05,-7.017426093442768e-08,-1.0515726141608823e-06,1.5850358054357597e-07,-1.9901743670486435e-07
C:\Users\damba\.cache\kagglehub\datasets\salmaneunus\mechanical-tools-dataset\versions\20\Mechanical Tools Image dataset\Mechanical Tools Image dataset\Toolbox\000191.jpg,Toolbox,exito,5450115.0,657257145.0,594712785.0,89837781375.0,74266808175.0,71388613230.0,13314518303595.0,10195593902175.0,9680071872330.0,8929614606990.0,10575792471.362,9372159779.056755,-330832536.575351,-70255050975.76363,46283876579.08677,-43171226727.93359,45602135515.09375,0.00035604229164685667,0.0003155210594810514,-1.1137735048469698e-05,-1.0131258294532065e-06,6.674451188665932e-07,-6.225585816219637e-07,6.576139469958546e-07
C:\Users\damba\.cache\kagglehub\datasets\salmaneunus\mechanical-tools-dataset\versions\20\Mechanical Tools Image dataset\Mechanical Tools Image dataset\Toolbox\000192.jpg,Toolbox,exito,6783255.0,785980635.0,730774155.0,111633130665.0,101680674975.0,85187251260.0,17536229231235.0,15557654477325.0,11815129872690.0,11892913940490.0,20560989252.8014,22952856897.106125,511924386.9149652,-163615121572.7154,-342133831137.9089,-329973332352.2344,799652198.84375,0.00044685612881690574,0.0004988390710301943,1.1125756011599563e-05,-1.3652999689176824e-06,-2.854964165464833e-06,-2.753489873513608e-06,6.6727641781026686e-09
C:\Users\damba\.cache\kagglehub\datasets\salmaneunus\mechanical-tools-dataset\versions\20\Mechanical Tools Image dataset\Mechanical Tools Image dataset\Toolbox\000193.jpg,Toolbox,exito,5144370.0,567725115.0,516408660.0,73194144555.0,60082895490.0,57558400590.0,10431353438175.0,7753272790680.0,7465000082130.0,6702030508410.0,10540834975.447367,8244107820.56806,568299589.1979849,27213061009.72093,66814605529.80889,-7900585737.515625,-42725100200.14844,0.00039830028790492183,0.0003115152192497079,2.1473999974484892e-05,4.5336386596671174e-07,1.1131172584816703e-06,-1.3162209470232177e-07,-7.117911723945776e-07
C:\Users\damba\.cache\kagglehub\datasets\salmaneunus\mechanical-tools-dataset\versions\20\Mechanical Tools Image dataset\Mechanical Tools Image dataset\Toolbox\000194.jpg,Toolbox,exito,9681330.0,1109838540.0,981983070.0,153787442550.0,137529811470.0,113315251935.0,23652023381850.0,21902979833820.0,15430341924765.0,16046547561225.0,26558891837.51199,37926683618.08039,743667585.1722641,-66969173093.414116,259396884758.82812,-338913627586.1172,129682510138.63281,0.0002833608865245711,0.00040464559887160376,7.934303415339349e-06,-2.29634627118089e-07,8.8946158591654e-07,-1.1621213298754393e-06,4.446761619392211e-07
C:\Users\damba\.cache\kagglehub\datasets\salmaneunus\mechanical-tools-dataset\versions\20\Mechanical Tools Image dataset\Mechanical Tools Image dataset\Toolbox\000195.jpg,Toolbox,exito,7307790.0,919509600.0,941821335.0,138039927240.0,139485429675.0,111827179800.0,22933855878600.0,22498682256225.0,16307999698470.0,15703965085530.0,22341760695.509796,18104351803.1424,-6678381938.544222,-57495153836.53537,-144617997154.9658,198166774075.125,-125513657056.76562,0.00041835530279577015,0.0003390087148345029,-0.00012505444562598822,-3.9825945343734285e-07,-1.0017450282486374e-06,1.372668579285542e-06,-8.694124134438834e-07
C:\Users\damba\.cache\kagglehub\datasets\salmaneunus\mechanical-tools-dataset\versions\20\Mechanical Tools Image dataset\Mechanical Tools Image dataset\Toolbox\000196.jpg,Toolbox,exito,6220725.0,629860200.0,540888915.0,83445175410.0,67316837235.0,55424854095.0,12652269671040.0,9231995970075.0,7212997298835.0,6888066479295.0,19670636020.452965,20286817684.243908,658825990.6097581,219909078228.53574,-149026445372.9979,-175933562104.98828,-42460093519.90234,0.0005083190626555161,0.0005242421312049038,1.7025062618800486e-05,2.278456024957208e-06,-1.5440481360446298e-06,-1.8228300886865247e-06,-4.39924793828336e-07
C:\Users\damba\.cache\kagglehub\datasets\salmaneunus\mechanical-tools-dataset\versions\20\Mechanical Tools Image dataset\Mechanical Tools Image dataset\Toolbox\000197.jpg,Toolbox,exito,6485670.0,694223730.0,709044840.0,98182231290.0,104481378480.0,77236239315.0,15869466644130.0,17438642679690.0,11195269727955.0,11394628270485.0,23872778712.99363,26965164252.229298,1340340577.929936,249409843049.37198,120308038408.1702,174573801886.79297,-82085072188.15625,0.0005675358205478587,0.0006410521709300286,3.186437988029535e-05,2.328233161059097e-06,1.1230718128010091e-06,1.6296410343537803e-06,-7.662616068386818e-07
C:\Users\damba\.cache\kagglehub\datasets\salmaneunus\mechanical-tools-dataset\versions\20\Mechanical Tools Image dataset\Mechanical Tools Image dataset\Toolbox\000198.jpg,Toolbox,exito,2869515.0,226964535.0,315632880.0,25847103705.0,42836676840.0,25956554040.0,3442031657565.0,6531692104710.0,3030168469530.0,3557527378800.0,7895324345.851772,8118574673.92162,991544329.3308446,148690061106.03195,33854702818.606316,30258527485.875977,-48773485480.05859,0.0009588550883202975,0.0009859679343114085,0.00012041903331983349,1.066008559026814e-05,2.427156374776652e-06,2.169334590594459e-06,-3.4967335804802683e-06
C:\Users\damba\.cache\kagglehub\datasets\salmaneunus\mechanical-tools-dataset\versions\20\Mechanical Tools Image dataset\Mechanical Tools Image dataset\Toolbox\000199.jpg,Toolbox,exito,9608655.0,1073937345.0,1091270205.0,166061568435.0,173954006625.0,121779763500.0,28784398525845.0,30868892326305.0,18768736617480.0,19397915940960.0,46030052995.46669,50016716721.18496,-189005972.45016497,-65269374599.05521,-248296280190.28363,-48889854091.66406,-1593236376.5859375,0.0004985586714749532,0.0005417388470638719,-2.0471531183087325e-06,-2.280620116294835e-07,-8.67588351936402e-07,-1.7082925247729032e-07,-5.567031939213923e-09
C:\Users\damba\.cache\kagglehub\datasets\salmaneunus\mechanical-tools-dataset\versions\20\Mechanical Tools Image dataset\Mechanical Tools Image dataset\Toolbox\000200.jpg,Toolbox,exito,7455945.0,654341985.0,729861255.0,90833217735.0,98805712665.0,59676872250.0,15328906182135.0,15500638154205.0,8226656501220.0,7531668161370.0,33407440944.299397,27359711983.641037,-4376559256.172746,1493534483553.0796,472087260054.91534,103190817199.13672,-282789173276.58203,0.0006009492782737697,0.0004921597915195266,-7.87276741940389e-05,9.839171148212278e-06,3.1100368955129187e-06,6.79804934219391e-07,-1.8629707618872417e-06
C:\Users\damba\.cache\kagglehub\datasets\salmaneunus\mechanical-tools-dataset\versions\20\Mechanical Tools Image dataset\Mechanical Tools Image dataset\Toolbox\000201.jpg,Toolbox,exito,4814400.0,509058795.0,685876050.0,68849166405.0,103857718860.0,72419882190.0,10605748829655.0,16553305110510.0,9550994849310.0,10971508277790.0,15022966511.586065,6145448179.623943,-102391724.16579038,148906825187.04962,6372279929.321753,-235842032588.15625,19109401154.625,0.0006481437810848287,0.00026513631755289166,-4.417540250883758e-06,2.927919811066496e-06,1.252966385072402e-07,-4.637306306340535e-06,3.7574365142739965e-07
C:\Users\damba\.cache\kagglehub\datasets\salmaneunus\mechanical-tools-dataset\versions\20\Mechanical Tools Image dataset\Mechanical Tools Image dataset\Toolbox\000202.jpg,Toolbox,exito,7320030.0,784707420.0,921979785.0,105983288700.0,140468199165.0,99243623145.0,16083735883770.0,23595209216355.0,13222361324505.0,15186084728475.0,21862631407.194313,24342073459.415966,407364498.58670354,34974989239.105545,-229097429193.85406,-213891480277.23047,25272296769.054688,0.00040801554626890876,0.0004542886084880531,7.602517982657799e-06,2.4125450799786957e-07,-1.5802946267083261e-06,-1.475405281369543e-06,1.7432615865331899e-07
C:\Users\damba\.cache\kagglehub\datasets\salmaneunus\mechanical-tools-dataset\versions\20\Mechanical Tools Image dataset\Mechanical Tools Image dataset\Toolbox\000203.jpg,Toolbox,exito,5743875.0,550023270.0,710456520.0,65824991610.0,98035372200.0,65964222375.0,8884176878130.0,14673189302670.0,7573619191335.0,8998727153205.0,13155740008.686792,10159423156.799992,-2067832348.2000005,61351971468.51469,34025634851.354954,-172211393127.98047,122571936557.72266,0.00039875424730333197,0.00030793502541482683,-6.267659067536407e-05,7.759184389567135e-07,4.303222349085116e-07,-2.1779576455012073e-06,1.5501673931142861e-06
C:\Users\damba\.cache\kagglehub\datasets\salmaneunus\mechanical-tools-dataset\versions\20\Mechanical Tools Image dataset\Mechanical Tools Image dataset\Toolbox\000204.jpg,Toolbox,exito,4503555.0,477098625.0,629231115.0,61307771925.0,93751250565.0,65947692765.0,8850572557635.0,14729498751765.0,8430005867955.0,9729551999145.0,10764790219.016474,5835860149.174442,-711934967.6949241,74930445782.58116,-67891244.25456274,15002321161.386719,-3347781035.6835938,0.0005307556535396669,0.0002877358224751522,-3.5101799604896023e-05,1.740883218797415e-06,-1.5773391789098377e-09,3.4855376716494705e-07,-7.778007676800232e-08
C:\Users\damba\.cache\kagglehub\datasets\salmaneunus\mechanical-tools-dataset\versions\20\Mechanical Tools Image dataset\Mechanical Tools Image dataset\Toolbox\000205.jpg,Toolbox,exito,4201635.0,453400200.0,466122660.0,57631406070.0,55485383190.0,49400984760.0,8115763524120.0,6999817419960.0,6187773722010.0,5778967425270.0,8704799794.100256,3774481561.116097,-898507525.3917631,18057042326.78169,6887959305.073367,-11845548455.019531,-9125638475.751953,0.0004930853991553311,0.00021380638167333506,-5.0896166744942325e-05,4.990003045885228e-07,1.9034644373221413e-07,-3.273477560777451e-07,-2.521839566278833e-07
C:\Users\damba\.cache\kagglehub\datasets\salmaneunus\mechanical-tools-dataset\versions\20\Mechanical Tools Image dataset\Mechanical Tools Image dataset\Toolbox\000206.jpg,Toolbox,exito,10552155.0,1209249780.0,1254821595.0,179458397100.0,192548948835.0,142778402010.0,29697409804020.0,32833921630155.0,21104866529340.0,21789354603630.0,40881487413.77492,43330401980.983536,-1020920279.4279984,-237886496563.89157,-368625844199.377,-1644589817.5234375,-33451106782.289062,0.00036715070355698915,0.00038914404976773996,-9.168736819034842e-06,-6.576834079070459e-07,-1.0191377188597324e-06,-4.546787864890598e-09,-9.248207958256068e-08
C:\Users\damba\.cache\kagglehub\datasets\salmaneunus\mechanical-tools-dataset\versions\20\Mechanical Tools Image dataset\Mechanical Tools Image dataset\Toolbox\000207.jpg,Toolbox,exito,5116320.0,765207570.0,420866535.0,123166457580.0,43726115055.0,59952321975.0,21003300187950.0,5079954443115.0,9227302264635.0,6081955948455.0,8720405498.56161,9105794144.09016,-2993361356.3142915,-26218355111.77473,-15017449163.477297,-8936807730.445312,34651830904.265625,0.0003331357806913208,0.00034785834689754844,-0.00011435199572903752,-4.428036503890118e-07,-2.53630759091089e-07,-1.5093437666075064e-07,5.852372184165199e-07
C:\Users\damba\.cache\kagglehub\datasets\salmaneunus\mechanical-tools-dataset\versions\20\Mechanical Tools Image dataset\Mechanical Tools Image dataset\Toolbox\000208.jpg,Toolbox,exito,5941245.0,648581790.0,631045950.0,86401186920.0,76497576990.0,66820550370.0,12900764190090.0,10171837463910.0,8736971624610.0,7897108796010.0,15598124881.722816,9471391230.718485,-2068194636.0131383,63125617103.89404,34694104500.73139,11471780238.765625,-14479384093.898438,0.0004418933535393841,0.0002683235879544666,-5.859175191954667e-05,7.336889566385225e-07,4.0323853453591434e-07,1.3333285059714952e-07,-1.6828927297671418e-07
C:\Users\damba\.cache\kagglehub\datasets\salmaneunus\mechanical-tools-dataset\versions\20\Mechanical Tools Image dataset\Mechanical Tools Image dataset\Toolbox\000209.jpg,Toolbox,exito,6596595.0,707978685.0,560761065.0,100613940615.0,63985875255.0,60321385005.0,16138662681045.0,8926626697785.0,8575189121925.0,6963297612555.0,24630221982.23124,16316892693.55213,137777947.434764,53414199100.58489,713216021276.1393,-7339924228.035156,72597662249.8789,0.0005660159681711059,0.00037497111565408243,3.1662125646360537e-06,4.779221596578276e-07,6.381481833116602e-06,-6.567378146364387e-08,6.49565698125234e-07
C:\Users\damba\.cache\kagglehub\datasets\salmaneunus\mechanical-tools-dataset\versions\20\Mechanical Tools Image dataset\Mechanical Tools Image dataset\Toolbox\000210.jpg,Toolbox,exito,3476925.0,367065105.0,401874645.0,43502562675.0,51013713135.0,42686377545.0,5634824961705.0,6944289704985.0,5062475361015.0,5440040937105.0,4750852094.915291,4563694715.31133,259762428.55005422,39071017577.05401,-7020502588.702401,-20543794654.86328,-5615162999.095703,0.00039298942550529447,0.00037750780881418416,2.148749014371623e-05,1.733270779494979e-06,-3.1144394871131076e-07,-9.113650266465504e-07,-2.491001911900504e-07
C:\Users\damba\.cache\kagglehub\datasets\salmaneunus\mechanical-tools-dataset\versions\20\Mechanical Tools Image dataset\Mechanical Tools Image dataset\Toolbox\000211.jpg,Toolbox,exito,5077050.0,538050765.0,579906720.0,62516301585.0,79860949980.0,61891908840.0,7794994064115.0,12188493288990.0,7233381469710.0,8610723278850.0,5495270530.138367,13623311213.16524,435107287.0035092,4955967577.488199,-45461665425.97309,472001426.88671875,47898703619.43359,0.0002131896892329339,0.0005285180170711472,1.6880040171002732e-05,8.532962859989746e-08,-7.827385804442988e-07,8.126709028084086e-09,8.246984118355171e-07
C:\Users\damba\.cache\kagglehub\datasets\salmaneunus\mechanical-tools-dataset\versions\20\Mechanical Tools Image dataset\Mechanical Tools Image dataset\Toolbox\000212.jpg,Toolbox,exito,3063570.0,350244795.0,310306695.0,46229785635.0,33266877465.0,34180166085.0,6714205405635.0,3742263467295.0,4403538479505.0,3528761258985.0,6187803103.315716,1836146336.994754,-1295865073.877559,14102763466.917383,722780490.8707931,17259727376.10547,-11983513139.445312,0.0006592966512549177,0.0001956373063237819,-0.0001380715399990467,8.584889347583208e-07,4.39984018116269e-08,1.0506653539280135e-06,-7.294820943340589e-07
C:\Users\damba\.cache\kagglehub\datasets\salmaneunus\mechanical-tools-dataset\versions\20\Mechanical Tools Image dataset\Mechanical Tools Image dataset\Toolbox\000213.jpg,Toolbox,exito,4547415.0,480147660.0,622015125.0,56029352250.0,94808355105.0,66125434395.0,7037508914370.0,15505211479245.0,7759122634755.0,10165047287955.0,5332027417.435655,9726431478.331738,448757260.10963076,-4444228069.908914,-123932954521.84871,419274680.73828125,31756735278.746094,0.00025784765964793167,0.0004703534691537576,2.1701127959491176e-05,-1.0078243869740767e-07,-2.810446537668987e-06,9.507955969898513e-09,7.201523360446323e-07
C:\Users\damba\.cache\kagglehub\datasets\salmaneunus\mechanical-tools-dataset\versions\20\Mechanical Tools Image dataset\Mechanical Tools Image dataset\Toolbox\000214.jpg,Toolbox,exito,3671745.0,405872025.0,446014380.0,52705296945.0,56604305340.0,48872921835.0,7574976356415.0,7465886165820.0,6310768279755.0,6144944845875.0,7840498142.90437,2426025757.190085,-429183727.80991477,15605181174.852957,656717842.2341789,3431304492.951172,-7786295185.628906,0.000581565495822432,0.00017994939181703614,-3.1834513944573626e-05,6.040703713059521e-07,2.542128709411681e-08,1.328244354164204e-07,-3.0140439711523693e-07
C:\Users\damba\.cache\kagglehub\datasets\salmaneunus\mechanical-tools-dataset\versions\20\Mechanical Tools Image dataset\Mechanical Tools Image dataset\Toolbox\000215.jpg,Toolbox,exito,7490880.0,963926775.0,788697405.0,156588590265.0,115248777195.0,104278309995.0,27769552016175.0,19027552027185.0,17192389684845.0,15442892205195.0,32550449544.296864,32208654184.92188,2788692479.765616,-757461435382.9542,110926016422.5506,-12158444558.773438,25444432898.789062,0.0005800845664854454,0.0005739933998304364,4.969754614247689e-05,-4.9320608556526285e-06,7.222728945857751e-07,-7.916731555268118e-08,1.656764102200807e-07
C:\Users\damba\.cache\kagglehub\datasets\salmaneunus\mechanical-tools-dataset\versions\20\Mechanical Tools Image dataset\Mechanical Tools Image dataset\Toolbox\000216.jpg,Toolbox,exito,6780705.0,780532815.0,831175560.0,107935196145.0,128176300800.0,98313931905.0,16607007861375.0,21744964040940.0,14364576330675.0,15414429336225.0,18087388978.66195,26291200129.595726,2636594577.0965686,18384148108.61176,-412350659780.06354,526930499735.58594,13559540542.515625,0.00039339259205529157,0.0005718218024407858,5.7344748659221604e-05,1.5355232053229246e-07,-3.4441302533126663e-06,4.401150410430935e-06,1.1325512084400845e-07
C:\Users\damba\.cache\kagglehub\datasets\salmaneunus\mechanical-tools-dataset\versions\20\Mechanical Tools Image dataset\Mechanical Tools Image dataset\Toolbox\000217.jpg,Toolbox,exito,6790650.0,806479575.0,809798655.0,114709658745.0,110391876345.0,89688627030.0,18029537513655.0,16414209346845.0,12156880269870.0,11598089366490.0,18929533883.28859,13821759840.71705,-6485682516.210096,-90018304322.36436,-46788944128.42474,18044310323.58203,34454138433.73828,0.00041050384222738055,0.00029973720197978506,-0.00014064781567186993,-7.491218433505779e-07,-3.8937214311872664e-07,1.5016264873402354e-07,2.867233268703733e-07
C:\Users\damba\.cache\kagglehub\datasets\salmaneunus\mechanical-tools-dataset\versions\20\Mechanical Tools Image dataset\Mechanical Tools Image dataset\Toolbox\000218.jpg,Toolbox,exito,6993885.0,785809530.0,820440060.0,107785696020.0,110991186270.0,91194042990.0,16426770749100.0,16389410874540.0,12430501491870.0,12318399969810.0,19494765094.081013,14746839665.38703,-987858477.0346746,-64402829287.33098,-90615829157.7291,8340461384.0390625,79569251170.57812,0.0003985483656460257,0.00030148241431585425,-2.0195646349761835e-05,-4.978617134153187e-07,-7.004995349775953e-07,6.447537229779481e-08,6.151047114128984e-07
C:\Users\damba\.cache\kagglehub\datasets\salmaneunus\mechanical-tools-dataset\versions\20\Mechanical Tools Image dataset\Mechanical Tools Image dataset\Toolbox\000219.jpg,Toolbox,exito,5981280.0,694100310.0,680235450.0,94386207450.0,89939065080.0,81372270465.0,14061407688240.0,13053698626020.0,11345973888495.0,11061241496925.0,13839026856.197989,12577652901.218452,2434043744.6342087,-103594035929.41034,-35685447235.451004,46756106690.36328,70587550438.6211,0.0003868274504297143,0.0003515696193615817,6.803620989792052e-05,-1.1839937766236889e-06,-4.0785501852246933e-07,5.343834598573347e-07,8.067570654683906e-07
C:\Users\damba\.cache\kagglehub\datasets\salmaneunus\mechanical-tools-dataset\versions\20\Mechanical Tools Image dataset\Mechanical Tools Image dataset\Toolbox\000220.jpg,Toolbox,exito,2234310.0,254603985.0,275257200.0,33787603785.0,40602480570.0,31452196740.0,4897115553345.0,6508040007090.0,4180155422820.0,4648142528070.0,4774982806.765008,6691999861.485961,86101605.5101578,-41285057617.57664,-142857765957.8904,-1952179224.5097656,195946036.3828125,0.0009564999542932313,0.0013405069338832158,1.7247430005059025e-05,-5.532664326602936e-06,-1.9144555224186358e-05,-2.6161407971445503e-07,2.6258983467492682e-08
C:\Users\damba\.cache\kagglehub\datasets\salmaneunus\mechanical-tools-dataset\versions\20\Mechanical Tools Image dataset\Mechanical Tools Image dataset\Toolbox\000221.jpg,Toolbox,exito,3152820.0,357937890.0,407616225.0,46132471260.0,55593479475.0,46108710360.0,6464640962940.0,7876308393735.0,5950454132220.0,6266912895510.0,5495982942.35037,2894312734.3517456,-167731525.76108226,-20664414154.731056,-59552803449.18913,24245579848.66797,-1212959550.3476562,0.0005529005506959302,0.0002911703186664123,-1.6873933914123647e-05,-1.1707796235423433e-06,-3.374071400285495e-06,1.3736770195970143e-06,-6.872240921492515e-08
C:\Users\damba\.cache\kagglehub\datasets\salmaneunus\mechanical-tools-dataset\versions\20\Mechanical Tools Image dataset\Mechanical Tools Image dataset\Toolbox\000222.jpg,Toolbox,exito,3677865.0,422539335.0,455057190.0,54422487345.0,59741092980.0,52985842335.0,7651735257915.0,8223235676730.0,6917295763515.0,7024597699545.0,5878158060.960961,3437491251.6341906,705630187.5805966,48642809440.44073,-19079937966.02698,21540431424.58203,-13498011042.953125,0.00043455994367836917,0.0002541265459712451,5.216576543071927e-05,1.8751205373133483e-06,-7.355081653860515e-07,8.303571650457209e-07,-5.203317409228666e-07
C:\Users\damba\.cache\kagglehub\datasets\salmaneunus\mechanical-tools-dataset\versions\20\Mechanical Tools Image dataset\Mechanical Tools Image dataset\Toolbox\000223.jpg,Toolbox,exito,7632150.0,841325835.0,1004766810.0,117959241045.0,154001614500.0,110364884340.0,18739106917725.0,25856389377510.0,15714836545920.0,16982287142400.0,25216152840.70014,21724819301.061825,-395029367.61008114,176557877607.8363,-137919658596.91226,272682826496.5625,110014962809.60938,0.00043289745601358547,0.00037296010486599586,-6.781653385802981e-06,1.0971597235084745e-06,-8.57055468398173e-07,1.694495983855207e-06,6.83651093983409e-07
C:\Users\damba\.cache\kagglehub\datasets\salmaneunus\mechanical-tools-dataset\versions\20\Mechanical Tools Image dataset\Mechanical Tools Image dataset\Toolbox\000224.jpg,Toolbox,exito,6318900.0,704389815.0,807879015.0,98614787025.0,116203876125.0,89152715970.0,15397858731915.0,17878998758355.0,12209637676320.0,12803831870880.0,20093998363.091408,12915565995.488497,-904374649.9231198,-74971534109.25337,-280348984488.2952,-196754642199.3164,81431420923.53125,0.0005032495527544902,0.0003234673703736043,-2.2649854442721705e-05,-7.469519949802074e-07,-2.7931565725872113e-06,-1.960294320484726e-06,8.113127607108322e-07
C:\Users\damba\.cache\kagglehub\datasets\salmaneunus\mechanical-tools-dataset\versions\20\Mechanical Tools Image dataset\Mechanical Tools Image dataset\Toolbox\000225.jpg,Toolbox,exito,6172275.0,625770255.0,521286045.0,83704021065.0,61012158585.0,55631449230.0,12749357866395.0,8778229351395.0,7779622891320.0,6818267083440.0,20260896440.32514,16986391633.310057,2781357277.261104,154841376064.91385,756175137610.6122,146340285336.60938,162802201297.40234,0.0005318242323842956,0.00044587240835920137,7.300729280772747e-05,1.6359644183380784e-06,7.989309127840898e-06,1.5461468107837548e-06,1.7200738931563548e-06
C:\Users\damba\.cache\kagglehub\datasets\salmaneunus\mechanical-tools-dataset\versions\20\Mechanical Tools Image dataset\Mechanical Tools Image dataset\Toolbox\000226.jpg,Toolbox,exito,2035155.0,240024870.0,247009575.0,34048029930.0,39850556205.0,35107149225.0,5257674507510.0,7153749887385.0,5423790344535.0,6031701999915.0,5739651345.313873,9870662712.03233,5974999030.970432,-111789780818.37454,-78999143841.40173,-118041178820.31445,-118634714027.5039,0.0013857680034955336,0.002383149731002144,0.0014425897985590715,-1.8919444315011235e-05,-1.3369915316940105e-05,-1.997743884298006e-05,-2.0077889494365307e-05
C:\Users\damba\.cache\kagglehub\datasets\salmaneunus\mechanical-tools-dataset\versions\20\Mechanical Tools Image dataset\Mechanical Tools Image dataset\Toolbox\000227.jpg,Toolbox,exito,4670070.0,565083060.0,572982450.0,78537829950.0,79149048120.0,70666922175.0,11822041130550.0,11693604463530.0,9869136582255.0,9942540387555.0,10162224295.488703,8848412795.903687,1335482566.5365355,-140391740158.1137,-188655543660.89395,-90053616817.94922,37720448335.75391,0.00046595287489125677,0.0004057126924768032,6.123383258929807e-05,-2.978743320139936e-06,-4.002774236250384e-06,-1.910700795137945e-06,8.003286616881277e-07
C:\Users\damba\.cache\kagglehub\datasets\salmaneunus\mechanical-tools-dataset\versions\20\Mechanical Tools Image dataset\Mechanical Tools Image dataset\Toolbox\000228.jpg,Toolbox,exito,5578890.0,616838625.0,620435400.0,84775328085.0,75043060050.0,67623246510.0,13051122698385.0,9700848146760.0,9183840802350.0,8069922695850.0,16573608873.491861,6043655943.957403,-976155707.5244564,12833535576.570213,10969485332.91542,-28270119664.527344,-10210603661.910156,0.0005325023009371304,0.00019417983860938265,-3.136342629402046e-05,1.7457289852768558e-07,1.4921646794045507e-07,-3.845547239975783e-07,-1.3889350026280376e-07
C:\Users\damba\.cache\kagglehub\datasets\salmaneunus\mechanical-tools-dataset\versions\20\Mechanical Tools Image dataset\Mechanical Tools Image dataset\Toolbox\000229.jpg,Toolbox,exito,11847300.0,1295307945.0,1288494345.0,192038673435.0,186995378295.0,139305838530.0,32197282229655.0,30676380566925.0,20510528468880.0,20030772683190.0,50417994260.83179,46860691311.72287,-1569885235.4209068,176241442162.8632,146052222902.78705,-32023429522.289062,-72628318516.41406,0.0003592086553369702,0.00033386425146471327,-1.1184823448778016e-05,3.6480398451138273e-07,3.023150072299417e-07,-6.62856280797737e-08,-1.5033410790332614e-07
C:\Users\damba\.cache\kagglehub\datasets\salmaneunus\mechanical-tools-dataset\versions\20\Mechanical Tools Image dataset\Mechanical Tools Image dataset\Toolbox\000230.jpg,Toolbox,exito,5433030.0,585802830.0,633677805.0,74872112130.0,85041707205.0,72090268170.0,10699124502450.0,12512468370825.0,9573071288670.0,9913886019960.0,11709391578.85103,11133122023.3209,3765548542.6119432,101155298751.59845,-3322450905.6684484,28391127547.90625,-133907167069.51562,0.00039668896855772656,0.00037716619710926344,0.0001275686748849298,1.4702235644928356e-06,-4.82895673649239e-08,4.12645756165036e-07,-1.9462497260131903e-06
C:\Users\damba\.cache\kagglehub\datasets\salmaneunus\mechanical-tools-dataset\versions\20\Mechanical Tools Image dataset\Mechanical Tools Image dataset\Toolbox\000231.jpg,Toolbox,exito,3139815.0,372257670.0,345679020.0,49401121440.0,40388609520.0,40179156090.0,7075896639870.0,4964976030690.0,5213277165900.0,4625492796690.0,5266109385.522617,2330958076.1536593,-804681031.9589058,-29823150079.728775,5122802111.871957,-34749827467.36328,14187043524.691406,0.0005341727827883076,0.00023644293556167952,-8.162358102172195e-05,-1.7072352304859032e-06,2.9325635356474495e-07,-1.9892643649979197e-06,8.121415899071366e-07
C:\Users\damba\.cache\kagglehub\datasets\salmaneunus\mechanical-tools-dataset\versions\20\Mechanical Tools Image dataset\Mechanical Tools Image dataset\Toolbox\000232.jpg,Toolbox,exito,7651530.0,804411270.0,922312050.0,98354658210.0,139941429600.0,97017469830.0,13291260597900.0,23531845889940.0,11905962531720.0,14667249347970.0,13786278905.07499,28766342058.658276,54090286.718661696,52434929526.069,-271596643063.3787,38962322195.57031,-57941477473.890625,0.00023547808189030507,0.000491346729426726,9.238952042902847e-07,3.2377996756593743e-07,-1.6770796314002566e-06,2.4058808757439957e-07,-3.5778230021062146e-07
C:\Users\damba\.cache\kagglehub\datasets\salmaneunus\mechanical-tools-dataset\versions\20\Mechanical Tools Image dataset\Mechanical Tools Image dataset\Toolbox\000233.jpg,Toolbox,exito,9418425.0,1096632855.0,946104825.0,165401616705.0,132469205145.0,115720407345.0,27973122070365.0,21116098294275.0,17743199350365.0,17038123187055.0,37715340213.39434,37430561222.23364,5560838694.294029,-68149116679.72542,289237826497.67615,-166765899072.92188,496890945233.39844,0.0004251688731420539,0.0004219585305578095,6.268790120944102e-05,-2.5033093506124095e-07,1.0624521503707915e-06,-6.125782032868642e-07,1.8252206485421122e-06
C:\Users\damba\.cache\kagglehub\datasets\salmaneunus\mechanical-tools-dataset\versions\20\Mechanical Tools Image dataset\Mechanical Tools Image dataset\Toolbox\000234.jpg,Toolbox,exito,4880700.0,555417540.0,472927335.0,82261264980.0,60208115535.0,55044004455.0,13579090988040.0,8937492522675.0,8447647294275.0,7054202593665.0,19055445376.32602,14382667507.011757,1225466744.332288,-119109397463.41003,316192943945.7242,197828155688.7461,-34894638605.3457,0.0007999353259461018,0.0006037751200761552,5.144430477502502e-05,-2.26329280603794e-06,6.008234703497314e-06,3.7590908117861782e-06,-6.630609020504371e-07
C:\Users\damba\.cache\kagglehub\datasets\salmaneunus\mechanical-tools-dataset\versions\20\Mechanical Tools Image dataset\Mechanical Tools Image dataset\Toolbox\000235.jpg,Toolbox,exito,4406145.0,472545090.0,518567745.0,58953788640.0,67871914095.0,53420056335.0,8135066688030.0,9574296445605.0,6467930686065.0,6755106456525.0,8274825037.325079,6840671102.682452,-2194691189.67793,37562125033.584045,-23864354161.522625,292389378.37890625,-7346352469.8828125,0.0004262272869718775,0.00035235556909198247,-0.00011304616922992923,9.217288717764936e-07,-5.856022314314759e-07,7.174879792121933e-09,-1.802705562500345e-07
C:\Users\damba\.cache\kagglehub\datasets\salmaneunus\mechanical-tools-dataset\versions\20\Mechanical Tools Image dataset\Mechanical Tools Image dataset\Toolbox\000236.jpg,Toolbox,exito,9131805.0,1009503945.0,1010130735.0,139733966445.0,140102127285.0,111639457725.0,21694053932775.0,21779010211665.0,15451088255565.0,15496893921885.0,28135195449.499874,28364732345.92276,-28603731.44257324,26139213181.50505,6136100271.790566,492993173.0390625,15194172430.421875,0.0003373934742957829,0.00034014604984131954,-3.4301209481752007e-07,1.0372917843222016e-07,2.435010708053417e-08,1.956362513934357e-09,6.02955801393561e-08
C:\Users\damba\.cache\kagglehub\datasets\salmaneunus\mechanical-tools-dataset\versions\20\Mechanical Tools Image dataset\Mechanical Tools Image dataset\Toolbox\000237.jpg,Toolbox,exito,6017490.0,708918360.0,751994235.0,102815200830.0,118268950785.0,90359261730.0,16620685495530.0,20335860851895.0,13213365613770.0,14321732124960.0,19297780585.83016,24293667157.900467,1767087948.9626267,-38866158825.44395,-515850487769.6581,-51613717485.375,-53150181473.19531,0.0005329379042424873,0.0006709069990671707,4.8800852716907664e-05,-4.3755553101150773e-07,-5.807448971541628e-06,-5.810676497057524e-07,-5.983651737314778e-07
C:\Users\damba\.cache\kagglehub\datasets\salmaneunus\mechanical-tools-dataset\versions\20\Mechanical Tools Image dataset\Mechanical Tools Image dataset\Toolbox\000238.jpg,Toolbox,exito,5718120.0,619081605.0,668062515.0,78899834325.0,88047619155.0,72455883855.0,11123192004255.0,12602790107265.0,9189137353035.0,9554617595295.0,11873952802.860552,9996174983.117422,127004078.6860064,9866717983.741787,-19794499503.394135,-56431737853.57422,-7678178726.988281,0.0003631522907074245,0.0003057224416924419,3.884285449820721e-06,1.2619424572434074e-07,-2.531694874058166e-07,-7.217557657044607e-07,-9.820306758392927e-08
C:\Users\damba\.cache\kagglehub\datasets\salmaneunus\mechanical-tools-dataset\versions\20\Mechanical Tools Image dataset\Mechanical Tools Image dataset\Toolbox\000239.jpg,Toolbox,exito,7290450.0,875793165.0,830146380.0,118790726685.0,116963769750.0,97732420980.0,17424280987125.0,18308491026630.0,13105925099010.0,13737920822010.0,13582726100.575539,22436955599.007343,-1992085127.783852,-109262738983.59798,-119584741887.63025,58118357711.5,140869119478.52344,0.0002555514041269661,0.00042213878607312593,-3.747996887929876e-05,-7.613533161173708e-07,-8.332780290896295e-07,4.049743286921307e-07,9.815896274539483e-07
C:\Users\damba\.cache\kagglehub\datasets\salmaneunus\mechanical-tools-dataset\versions\20\Mechanical Tools Image dataset\Mechanical Tools Image dataset\Toolbox\000240.jpg,Toolbox,exito,7465890.0,798806115.0,780505275.0,100113687225.0,108811322595.0,82847517375.0,13927944775635.0,17092846637895.0,10267802325105.0,11463593875755.0,14646152964.33004,27215091696.496864,-661935143.0195056,82268151844.4258,27117498760.45981,-56719640642.9375,-40173542256.04297,0.0002627606889034984,0.00048825491992057085,-1.187550987708786e-05,5.401666581154447e-07,1.780515102562108e-07,-3.7241700522874245e-07,-2.6377653537353256e-07
C:\Users\damba\.cache\kagglehub\datasets\salmaneunus\mechanical-tools-dataset\versions\20\Mechanical Tools Image dataset\Mechanical Tools Image dataset\Toolbox\000241.jpg,Toolbox,exito,4755750.0,524124960.0,457893810.0,78938198310.0,52411982940.0,49262609520.0,13427343977460.0,7106041751490.0,7432657303500.0,5456674068690.0,21175074997.16783,8324984835.323326,-1201265757.400534,60314444058.1193,456608831986.56915,97098107872.05078,-88260831796.95508,0.000936239422240976,0.0003680827101406002,-5.311302835135031e-05,1.2228516888091725e-06,9.257564917317594e-06,1.968626040506936e-06,-1.7894537354038617e-06
C:\Users\damba\.cache\kagglehub\datasets\salmaneunus\mechanical-tools-dataset\versions\20\Mechanical Tools Image dataset\Mechanical Tools Image dataset\Toolbox\000242.jpg,Toolbox,exito,6725115.0,729804135.0,930209145.0,100419533205.0,152487701175.0,103875121845.0,15314928522375.0,27061337695875.0,14624763574335.0,17043907668255.0,21221768488.248215,23822384159.36073,2929564715.37255,-188458312980.42282,-620724742387.1267,99036503499.76562,-314363622626.58594,0.00046922607938761285,0.0005267272577661185,6.477443981484225e-05,-1.6068154950037534e-06,-5.29236475922109e-06,8.443956962033707e-07,-2.680297472228691e-06
C:\Users\damba\.cache\kagglehub\datasets\salmaneunus\mechanical-tools-dataset\versions\20\Mechanical Tools Image dataset\Mechanical Tools Image dataset\Toolbox\000243.jpg,Toolbox,exito,3066120.0,352618335.0,355380750.0,47047969455.0,43943874090.0,41210068815.0,6867779344335.0,5717602529010.0,5487182571375.0,5136657499245.0,6495189336.096556,2753223537.97904,339597875.81586665,-36915303219.956314,-13970998346.742891,-44055457787.08203,4181010824.0839844,0.0006908973379572509,0.0002928621037449439,3.612323771274763e-05,-2.2425057743622697e-06,-8.487007212022499e-07,-2.676251035811527e-06,2.5398520661780395e-07
C:\Users\damba\.cache\kagglehub\datasets\salmaneunus\mechanical-tools-dataset\versions\20\Mechanical Tools Image dataset\Mechanical Tools Image dataset\Toolbox\000244.jpg,Toolbox,exito,8342835.0,856182135.0,1032523815.0,110727180435.0,152428382565.0,102759627150.0,16110773564115.0,24879022448835.0,13097772861210.0,14802089020620.0,22861622948.46716,24641433818.9018,-3202967623.2449465,55073069195.01818,-85113793559.61479,51391930635.671875,-48040140480.484375,0.0003284579279852364,0.0003540288593240265,-4.601773510595713e-05,2.739398061452835e-07,-4.2336583830922007e-07,2.5562939784444246e-07,-2.389572065398258e-07
C:\Users\damba\.cache\kagglehub\datasets\salmaneunus\mechanical-tools-dataset\versions\20\Mechanical Tools Image dataset\Mechanical Tools Image dataset\Toolbox\000245.jpg,Toolbox,exito,8897460.0,1054063410.0,1038143250.0,162446376060.0,152984727540.0,128856562260.0,27563438864580.0,25149225385890.0,20545913336820.0,19616412019800.0,37573696407.51174,31855617937.870575,5869910545.523894,-583796213201.6533,-134558044695.65181,201104296299.40625,122846484173.84375,0.0004746263369695687,0.0004023962691818338,7.414799199804223e-05,-2.472271503471167e-06,-5.698290121470036e-07,8.516403664901951e-07,5.202326689633886e-07
C:\Users\damba\.cache\kagglehub\datasets\salmaneunus\mechanical-tools-dataset\versions\20\Mechanical Tools Image dataset\Mechanical Tools Image dataset\Toolbox\000246.jpg,Toolbox,exito,7399335.0,685901805.0,954462960.0,86238836835.0,146726194200.0,88297560465.0,12215790792915.0,24787975046400.0,10987950418455.0,13695914506005.0,22657273613.13506,23607083899.95796,-179021156.13795534,21086325353.604073,-228988231774.49384,-103072437549.58594,140909452526.48438,0.0004138302839259197,0.00043117836681457806,-3.2697833436750156e-06,1.4158563007515492e-07,-1.5375577551754816e-06,-6.920872067140825e-07,9.461465326436045e-07
C:\Users\damba\.cache\kagglehub\datasets\salmaneunus\mechanical-tools-dataset\versions\20\Mechanical Tools Image dataset\Mechanical Tools Image dataset\Toolbox\000247.jpg,Toolbox,exito,4303380.0,445239180.0,521575470.0,68254809600.0,72861824730.0,54441612855.0,11939125570380.0,11044272568590.0,8412441821385.0,7378491491505.0,22189175747.755394,9646173101.345106,478022707.0431411,285798119173.4781,-124937451598.37213,40951673387.13672,-275861350280.3672,0.001198179198827768,0.0005208775706548185,2.581244434932967e-05,7.439352261730882e-06,-3.252133764250101e-06,1.065975958537839e-06,-7.1806972210572566e-06
C:\Users\damba\.cache\kagglehub\datasets\salmaneunus\mechanical-tools-dataset\versions\20\Mechanical Tools Image dataset\Mechanical Tools Image dataset\Toolbox\000248.jpg,Toolbox,exito,9753495.0,1067089575.0,1210181040.0,156775371645.0,180318394290.0,131652071925.0,25936871854035.0,29894270780160.0,19297720968405.0,19409170644165.0,40029511717.488815,30163178177.67496,-748833765.3866879,25799567508.432648,35874932668.38237,9410788840.820312,-132894008314.24219,0.0004207845266024566,0.00031707103348885745,-7.871633900907837e-06,8.683838971731932e-08,1.207509150345768e-07,3.167563753304952e-08,-4.473060132235497e-07
C:\Users\damba\.cache\kagglehub\datasets\salmaneunus\mechanical-tools-dataset\versions\20\Mechanical Tools Image dataset\Mechanical Tools Image dataset\Toolbox\000249.jpg,Toolbox,exito,4789410.0,494574795.0,527929050.0,58269758025.0,65679458520.0,53522736675.0,7506850362615.0,8926010589990.0,6178490006115.0,6568732891905.0,7197866529.118038,7486678650.683632,-993456692.929401,3103480208.6478686,35778925463.59893,-39315677126.62305,5407672929.953125,0.0003137904745188371,0.0003263812182213275,-4.3309673196514364e-05,6.182212637413387e-08,7.127254252750747e-07,-7.831784307932464e-07,1.077222398048414e-07
C:\Users\damba\.cache\kagglehub\datasets\salmaneunus\mechanical-tools-dataset\versions\20\Mechanical Tools Image dataset\Mechanical Tools Image dataset\Toolbox\000250.jpg,Toolbox,exito,1115625.0,107861430.0,124326780.0,13096393530.0,13986831090.0,12022585980.0,1814006325990.0,1588115932080.0,1459558746960.0,1350535480860.0,2668079283.147428,131684221.50171421,2360296.553142233,31900844617.799587,54152991.30991096,-377707601.90527344,-2272585180.5185547,0.0021436913478669636,0.00010580282530090889,1.896400654707096e-06,2.4266469015182816e-05,4.119332580204458e-08,-2.8731621147482764e-07,-1.7287196789970462e-06
C:\Users\damba\.cache\kagglehub\datasets\salmaneunus\mechanical-tools-dataset\versions\20\Mechanical Tools Image dataset\Mechanical Tools Image dataset\Toolbox\000251.jpg,Toolbox,exito,6253620.0,722872470.0,703066875.0,102443837190.0,96194852835.0,83865602070.0,15972693821940.0,14654449657905.0,11816958806130.0,11629599165180.0,18885097150.806557,17152149453.236216,2596243121.6738715,-235016795750.26022,-16993570981.281673,-300562538683.3867,-73586501156.28906,0.0004828989349350385,0.00043858681989680033,6.638689905999172e-05,-2.403090801285468e-06,-1.7376244951235337e-07,-3.073308312349649e-06,-7.524357715070452e-07
C:\Users\damba\.cache\kagglehub\datasets\salmaneunus\mechanical-tools-dataset\versions\20\Mechanical Tools Image dataset\Mechanical Tools Image dataset\Toolbox\000252.jpg,Toolbox,exito,9348300.0,1056679965.0,1019454045.0,156951754125.0,146972212335.0,112875201750.0,26030091111615.0,24083885218245.0,16158314262420.0,16185988898850.0,37510513639.30729,35798357209.804825,-2358227278.776182,-190825047956.6952,248431018947.20993,-424520860091.91406,87405893451.70312,0.000429227687918307,0.0004096357155807249,-2.6984872886258728e-05,-7.141735760523592e-07,9.297671930580294e-07,-1.5887934210265097e-06,3.271215187045059e-07
C:\Users\damba\.cache\kagglehub\datasets\salmaneunus\mechanical-tools-dataset\versions\20\Mechanical Tools Image dataset\Mechanical Tools Image dataset\Toolbox\000253.jpg,Toolbox,exito,5166300.0,576398685.0,558561180.0,83673862215.0,70092977610.0,62491566075.0,13635639987195.0,9682205793420.0,9070217106495.0,7863248616675.0,19365664071.31318,9703416066.343533,173479699.0542956,-20979016600.85213,5818564716.520045,-15000196949.632812,5536487499.7578125,0.0007255596976049103,0.0003635510561840203,6.499641712409935e-06,-3.458088255989503e-07,9.591064584073772e-08,-2.4725660833381413e-07,9.126100983001994e-08
C:\Users\damba\.cache\kagglehub\datasets\salmaneunus\mechanical-tools-dataset\versions\20\Mechanical Tools Image dataset\Mechanical Tools Image dataset\Toolbox\000254.jpg,Toolbox,exito,6321450.0,691535775.0,674033595.0,91772821335.0,82717484205.0,72310257945.0,13607107629195.0,11169340541025.0,9435802301145.0,8719259125455.0,16122182936.396738,10847693699.874748,-1425727389.750903,40232676603.18333,36169636877.57775,-37670034616.97266,-25589482023.88672,0.0004034506600615916,0.0002714588465238302,-3.567821173671968e-05,4.00439728557232e-07,3.599999004820098e-07,-3.7493350456252087e-07,-2.5469459406423353e-07
C:\Users\damba\.cache\kagglehub\datasets\salmaneunus\mechanical-tools-dataset\versions\20\Mechanical Tools Image dataset\Mechanical Tools Image dataset\Toolbox\000255.jpg,Toolbox,exito,6932430.0,679718820.0,507299040.0,90947775210.0,56913797310.0,44056194960.0,14139317519490.0,7853691040470.0,5296818875130.0,4468681263240.0,24301927467.982788,19790838118.93401,-5684041126.903551,456399787627.9912,792377605616.8757,-243896227503.29102,-279778069962.7871,0.0005056729637698221,0.000411806503014011,-0.00011827316687607002,3.6068800621135384e-06,6.2620778204531535e-06,-1.927486523993236e-06,-2.2110569937160355e-06
C:\Users\damba\.cache\kagglehub\datasets\salmaneunus\mechanical-tools-dataset\versions\20\Mechanical Tools Image dataset\Mechanical Tools Image dataset\Toolbox\000256.jpg,Toolbox,exito,5966490.0,714028815.0,727225830.0,94940094225.0,104952271680.0,82934429280.0,13592001511305.0,16748519946390.0,10541953751520.0,11632089599730.0,9489997325.431875,16314327458.32379,-4094996334.1033406,-41177470764.47088,-20535819464.985588,-49700313653.24219,70355319877.36719,0.00026658042492739615,0.0004582804606898794,-0.00011503120869127527,-4.7354622060886825e-07,-2.3616457043643087e-07,-5.71560012225792e-07,8.09095245752725e-07
C:\Users\damba\.cache\kagglehub\datasets\salmaneunus\mechanical-tools-dataset\versions\20\Mechanical Tools Image dataset\Mechanical Tools Image dataset\Toolbox\000257.jpg,Toolbox,exito,7117560.0,902937915.0,881083140.0,140391424275.0,150339416190.0,104817315480.0,24114195028755.0,27923288639010.0,15988412714010.0,17397858898200.0,25844180789.2342,41270086308.3749,-6957418189.01763,-253161390042.62753,-904888341269.7511,374595116049.46875,48229071634.390625,0.0005101530608149379,0.0008146538295028689,-0.00013733645548460964,-1.8731373746886174e-06,-6.695255432382312e-06,2.77162371454009e-06,3.5684618657568695e-07
C:\Users\damba\.cache\kagglehub\datasets\salmaneunus\mechanical-tools-dataset\versions\20\Mechanical Tools Image dataset\Mechanical Tools Image dataset\Toolbox\000258.jpg,Toolbox,exito,4760085.0,543462375.0,540073170.0,77311937595.0,65331347820.0,62155049715.0,12272120072085.0,8322227183160.0,8921951740965.0,7582437461085.0,15264442006.026144,4055335111.4351535,494502131.9255919,-40145156901.447525,-10410468396.675673,37322617348.19141,11298686014.832031,0.0006736766851734158,0.00017897704443178844,2.1824221082913088e-05,-8.120754657123725e-07,-2.1058794195943224e-07,7.549797834653464e-07,2.2855523344839017e-07
C:\Users\damba\.cache\kagglehub\datasets\salmaneunus\mechanical-tools-dataset\versions\20\Mechanical Tools Image dataset\Mechanical Tools Image dataset\Toolbox\000259.jpg,Toolbox,exito,6763110.0,717415725.0,662819205.0,98129721945.0,80835699975.0,77177149695.0,14919745989765.0,11249813943885.0,11116748027265.0,10185668166405.0,22027851285.307102,15876044059.772827,6866756917.269245,-162968828314.57242,215637625958.00793,42715064492.11719,264841945167.66797,0.00048159196617724337,0.00034709582767895224,0.000150126987976112,-1.3700563037255212e-06,1.8128355699649922e-06,3.590996141820723e-07,2.2264894472180912e-06
C:\Users\damba\.cache\kagglehub\datasets\salmaneunus\mechanical-tools-dataset\versions\20\Mechanical Tools Image dataset\Mechanical Tools Image dataset\Toolbox\000260.jpg,Toolbox,exito,6420135.0,935946645.0,727829670.0,162230883975.0,110578447860.0,108660514065.0,29657583176505.0,18957768106260.0,18993973866375.0,16412097007425.0,25785759022.52532,28066782835.462513,2555309459.8075614,-1511175870400.9624,58173348011.34842,-142651357085.22656,-287736775763.9297,0.0006255925944265077,0.0006809328930710994,6.199478840732042e-05,-1.446953616352812e-05,5.5701085445493e-07,-1.3658893121244576e-06,-2.755084807824834e-06
C:\Users\damba\.cache\kagglehub\datasets\salmaneunus\mechanical-tools-dataset\versions\20\Mechanical Tools Image dataset\Mechanical Tools Image dataset\Toolbox\000261.jpg,Toolbox,exito,6036105.0,688077210.0,707691045.0,95399444850.0,91533298305.0,79173535260.0,14819842425090.0,12672633187425.0,10978554004290.0,10030355086140.0,16963061301.108112,8561478700.604118,-1498699531.40678,77558181494.54602,-66551957053.71883,135321351127.24219,-52429100807.96875,0.00046557608047206525,0.00023498233165094727,-4.1134005310238925e-05,8.664343326545591e-07,-7.434792743399828e-07,1.511730449302635e-06,-5.857070407642996e-07
C:\Users\damba\.cache\kagglehub\datasets\salmaneunus\mechanical-tools-dataset\versions\20\Mechanical Tools Image dataset\Mechanical Tools Image dataset\Toolbox\000262.jpg,Toolbox,exito,9695865.0,1027741290.0,1271518740.0,154419137730.0,196836413010.0,137584259325.0,26417899169430.0,33239688655590.0,20436101182065.0,21348601428765.0,45480723347.07861,30089051514.023357,2805948147.320179,408073498689.2,-465274603944.54956,-409321580683.4375,-251590027225.97656,0.0004837870548297384,0.00032006293091476674,2.984740105907278e-05,1.3940295876589848e-06,-1.5894356442367615e-06,-1.3982931902535668e-06,-8.59462677776245e-07
C:\Users\damba\.cache\kagglehub\datasets\salmaneunus\mechanical-tools-dataset\versions\20\Mechanical Tools Image dataset\Mechanical Tools Image dataset\Toolbox\000263.jpg,Toolbox,exito,4086630.0,406975410.0,448006695.0,47966534280.0,53346787185.0,45990616290.0,6242194742850.0,6807620766885.0,5480903128800.0,5613882347460.0,7437055383.043807,4232969989.7014265,1374952924.2512207,-15919469177.018394,31251091660.954144,-51399172495.36719,-231682326.61523438,0.00044531813131251977,0.00025346298886163774,8.232982482102239e-05,-4.7153646711946594e-07,9.256608490882406e-07,-1.5224492689943328e-06,-6.862456566320447e-09
C:\Users\damba\.cache\kagglehub\datasets\salmaneunus\mechanical-tools-dataset\versions\20\Mechanical Tools Image dataset\Mechanical Tools Image dataset\Toolbox\000264.jpg,Toolbox,exito,7267755.0,836013930.0,777501375.0,130511650980.0,126540538275.0,92732454420.0,22714998870210.0,23119866750345.0,14784495561330.0,15260578614150.0,34344500167.397636,43363767989.41791,3296035595.458755,-199163668874.16718,304537810946.3201,64124355417.19531,-667413355.6640625,0.0006502144893984559,0.0008209684265080084,6.24009693340877e-05,-1.3986511976302594e-06,2.1386539844919257e-06,4.5032112035550927e-07,-4.686991831847347e-09
C:\Users\damba\.cache\kagglehub\datasets\salmaneunus\mechanical-tools-dataset\versions\20\Mechanical Tools Image dataset\Mechanical Tools Image dataset\Toolbox\000265.jpg,Toolbox,exito,4386765.0,491167485.0,489706335.0,61046493825.0,60715659885.0,54839193810.0,8190755442135.0,8128336514085.0,6816720092280.0,6799773575130.0,6052552202.591412,6048429126.312855,8850960.424638165,281020448.553909,79951607.24840592,-45648210.7890625,-277649089.3046875,0.00031452111335018043,0.0003143068575291395,4.599405067144545e-07,6.9723149756146384e-09,1.9836556073092438e-09,-1.1325642149259426e-09,-6.8886691815007815e-09
C:\Users\damba\.cache\kagglehub\datasets\salmaneunus\mechanical-tools-dataset\versions\20\Mechanical Tools Image dataset\Mechanical Tools Image dataset\Toolbox\000266.jpg,Toolbox,exito,6408405.0,787283175.0,698719635.0,127582762545.0,110971783065.0,95798286525.0,23043049208535.0,19734072021405.0,15811131713715.0,15782111119455.0,30863719719.51056,34789155978.45767,9959421366.25283,-214022851965.46054,48378546518.81287,-546503458610.53125,-22742698383.164062,0.0007515335362352126,0.000847118158560808,0.00024251254308484946,-2.0586630539394557e-06,4.653480944064991e-07,-5.256758653385278e-06,-2.1875959729694792e-07
C:\Users\damba\.cache\kagglehub\datasets\salmaneunus\mechanical-tools-dataset\versions\20\Mechanical Tools Image dataset\Mechanical Tools Image dataset\Toolbox\000267.jpg,Toolbox,exito,4764420.0,502062615.0,533791245.0,60289195335.0,67179721695.0,55270275645.0,7930298490075.0,9231177112545.0,6491875329885.0,6842630615505.0,7383097765.802018,7375360778.319686,-979305275.4070383,21149882619.24642,51937392559.26638,-56350792709.046875,-17162934344.667969,0.0003252509256505517,0.0003249100846620941,-4.314177563731708e-05,4.2685744818979907e-07,1.0482262834549115e-06,-1.1372997199221868e-06,-3.4639087552889046e-07
C:\Users\damba\.cache\kagglehub\datasets\salmaneunus\mechanical-tools-dataset\versions\20\Mechanical Tools Image dataset\Mechanical Tools Image dataset\Toolbox\000268.jpg,Toolbox,exito,7415145.0,821935380.0,699880650.0,106299701370.0,87745017030.0,77481549060.0,15138530171940.0,12377313678570.0,10010884669770.0,9693876300390.0,15191871530.429174,21686575253.82131,-97064441.47529238,-12213183447.715975,1686725482.2021337,-725715794.2109375,-13940184233.875,0.00027629433685328,0.0003944134148562036,-1.765309523302182e-06,-8.156986822793075e-08,1.1265365488770364e-08,-4.846937897734174e-09,-9.310422592914658e-08
C:\Users\damba\.cache\kagglehub\datasets\salmaneunus\mechanical-tools-dataset\versions\20\Mechanical Tools Image dataset\Mechanical Tools Image dataset\Toolbox\000269.jpg,Toolbox,exito,2585445.0,265543230.0,283012770.0,30537868230.0,33161661150.0,30222055065.0,3835958549520.0,4097984707830.0,3603170972985.0,3665753349915.0,3264726856.3359303,2181993052.990431,1154670116.9360883,28886112818.789764,-9717206524.412687,23192925670.64258,7030232464.376953,0.0004884006630478543,0.0003264245067786101,0.00017273777425473572,2.6875146751529043e-06,-9.040723235998491e-07,2.1578302518792812e-06,6.540808393388052e-07
C:\Users\damba\.cache\kagglehub\datasets\salmaneunus\mechanical-tools-dataset\versions\20\Mechanical Tools Image dataset\Mechanical Tools Image dataset\Toolbox\000270.jpg,Toolbox,exito,3332850.0,378533730.0,364733130.0,45596631600.0,47511756060.0,41216005725.0,5774624782410.0,6872486562480.0,4931134540815.0,5369494363965.0,2604062253.1308317,7596891568.769697,-209138566.9648072,4393949746.212067,10255264984.993383,-11263154024.199219,19045735320.94922,0.00023443358359205045,0.000683918563193211,-1.882793073088736e-05,2.166784227155715e-07,5.057168993328194e-07,-5.55418834926348e-07,9.392005205246498e-07
C:\Users\damba\.cache\kagglehub\datasets\salmaneunus\mechanical-tools-dataset\versions\20\Mechanical Tools Image dataset\Mechanical Tools Image dataset\Toolbox\000271.jpg,Toolbox,exito,3479730.0,404129355.0,399518700.0,53891713515.0,48539228580.0,47203180305.0,7856174802435.0,6191777210280.0,6379896585735.0,5830742800455.0,6956883636.61402,2669235319.117685,803823302.750251,-18627327733.574467,5909815206.125731,5711085700.775391,8908341999.332031,0.0005745444641536832,0.00022044272352799774,6.638492935576322e-05,-8.246823261750493e-07,2.61643549797425e-07,2.528452555334261e-07,3.9439646456267464e-07
C:\Users\damba\.cache\kagglehub\datasets\salmaneunus\mechanical-tools-dataset\versions\20\Mechanical Tools Image dataset\Mechanical Tools Image dataset\Toolbox\000272.jpg,Toolbox,exito,10949700.0,1263881490.0,1302967380.0,185152252320.0,197545829130.0,150112423860.0,30525223383330.0,33524549417730.0,22100434523400.0,22747488588510.0,39267303804.09363,42498294188.94552,-284057656.0046494,88869746293.49821,-96787557632.14738,133685235341.40625,13141424251.328125,0.0003275115658606392,0.00035445985661935423,-2.3692018218751983e-06,2.2400019118437387e-07,-2.4395739065427914e-07,3.3695964626821325e-07,3.312355067393536e-08
C:\Users\damba\.cache\kagglehub\datasets\salmaneunus\mechanical-tools-dataset\versions\20\Mechanical Tools Image dataset\Mechanical Tools Image dataset\Toolbox\000273.jpg,Toolbox,exito,2815965.0,311460315.0,323521050.0,35220548235.0,45898913190.0,35503691055.0,4064185459725.0,7246751765880.0,3985709258685.0,5038395736515.0,771424108.8481383,8730173595.188808,-279412833.7666403,-2036613215.0629284,-32477360008.69736,1094134518.7382812,25940647908.523438,9.728339142994336e-05,0.0011009519735910938,-3.5236425419030853e-05,-1.5305249932821592e-07,-2.440689809998994e-06,8.222475502742643e-08,1.9494526340241257e-06
C:\Users\damba\.cache\kagglehub\datasets\salmaneunus\mechanical-tools-dataset\versions\20\Mechanical Tools Image dataset\Mechanical Tools Image dataset\Toolbox\000274.jpg,Toolbox,exito,6820230.0,727697325.0,624516165.0,100897860675.0,78500995965.0,67517230260.0,15740394499515.0,11496879840735.0,9356119322550.0,8206538499600.0,23254819778.70242,21315176667.65852,883298165.3699594,12472771940.139769,405100571368.7991,-71406205135.95312,-331037614276.375,0.0004999366051018277,0.00045823778303946455,1.8989314485771965e-05,1.0267516980054629e-07,3.3347655317686877e-06,-5.87811937260874e-07,-2.7250833591216664e-06
C:\Users\damba\.cache\kagglehub\datasets\salmaneunus\mechanical-tools-dataset\versions\20\Mechanical Tools Image dataset\Mechanical Tools Image dataset\Toolbox\000275.jpg,Toolbox,exito,11242185.0,1287532230.0,1121078940.0,194744247150.0,151919659860.0,130724493615.0,32881151032620.0,23500821648480.0,20000663444205.0,17890719610995.0,47287214261.04,40124845087.64716,2330834586.5961733,-253610552313.88083,348723649909.7317,46737808565.4375,26971809682.3125,0.0003741470062974529,0.0003174767408546868,1.8442084110419317e-05,-5.984674031508968e-07,8.229142489326807e-07,1.1029136865922981e-07,6.364778102322792e-08
C:\Users\damba\.cache\kagglehub\datasets\salmaneunus\mechanical-tools-dataset\versions\20\Mechanical Tools Image dataset\Mechanical Tools Image dataset\Toolbox\000276.jpg,Toolbox,exito,8947185.0,1063219950.0,1027276170.0,165101398320.0,163017056880.0,116462022060.0,28451126546910.0,28840566589170.0,17737666712520.0,18043091952210.0,38755887181.24491,45069755080.62188,-5612185425.772501,-379300601832.1122,-225749643307.26675,115279658686.53906,-39965273729.32031,0.00048413318048287407,0.0005630051447080498,-7.010664384825978e-05,-1.5840449035654302e-06,-9.427814515329221e-07,4.814338678745397e-07,-1.669040013771145e-07
C:\Users\damba\.cache\kagglehub\datasets\salmaneunus\mechanical-tools-dataset\versions\20\Mechanical Tools Image dataset\Mechanical Tools Image dataset\Toolbox\000277.jpg,Toolbox,exito,4044045.0,432849495.0,387353160.0,62105002395.0,45623261250.0,41506179405.0,10270060545945.0,6183867735540.0,6079948303875.0,4737906225825.0,15775477050.510752,8521183859.173339,46299583.52071463,245707831510.5971,181528640827.49625,121396796114.30078,-154194176688.43164,0.0009646072951542845,0.0005210362949780604,2.831034261828581e-06,7.4710053983494464e-06,5.519569511640783e-06,3.6911974418412145e-06,-4.6884363406366935e-06
C:\Users\damba\.cache\kagglehub\datasets\salmaneunus\mechanical-tools-dataset\versions\20\Mechanical Tools Image dataset\Mechanical Tools Image dataset\Toolbox\000278.jpg,Toolbox,exito,8970135.0,1075471680.0,986591940.0,165629694060.0,135949808010.0,119104653870.0,28108399029510.0,21113204969670.0,18435316739310.0,16201455714240.0,36686335405.752045,27438213025.8706,817505328.0595214,-546718744339.5017,124933949683.41882,22290754593.367188,-278035034933.0469,0.0004559386131613659,0.0003410027372938455,1.0159974862712645e-05,-2.268644862448649e-06,5.18421521173785e-07,9.249693084776188e-08,-1.153724396890069e-06
C:\Users\damba\.cache\kagglehub\datasets\salmaneunus\mechanical-tools-dataset\versions\20\Mechanical Tools Image dataset\Mechanical Tools Image dataset\Toolbox\000279.jpg,Toolbox,exito,7317990.0,623888610.0,912447885.0,77062013880.0,138578782785.0,80682348840.0,11559110860050.0,23219413798755.0,10394592354360.0,12740532149880.0,23872955451.69768,24809681865.078922,2892430751.824171,918724263443.9542,-246182730985.5286,292886724644.6914,204834668570.59375,0.0004457820368483455,0.0004632736209704547,5.4010642905098596e-05,6.341699467251594e-06,-1.699331296732112e-06,2.0217160464246435e-06,1.4139170589435894e-06
C:\Users\damba\.cache\kagglehub\datasets\salmaneunus\mechanical-tools-dataset\versions\20\Mechanical Tools Image dataset\Mechanical Tools Image dataset\Toolbox\000280.jpg,Toolbox,exito,8472630.0,1028454525.0,666872430.0,161713578735.0,74151688170.0,87441902355.0,28075902953805.0,9681133002810.0,14287888435965.0,10353626392455.0,36874100321.21638,21662810702.896526,6493251436.543076,-505745538489.8794,434608735059.4448,-16802652723.722656,330530852699.0547,0.0005136708850906456,0.0003017715700281227,9.045357536780608e-05,-2.420396171703094e-06,2.0799497740851646e-06,-8.04141079492068e-08,1.5818540147508599e-06
C:\Users\damba\.cache\kagglehub\datasets\salmaneunus\mechanical-tools-dataset\versions\20\Mechanical Tools Image dataset\Mechanical Tools Image dataset\Toolbox\000281.jpg,Toolbox,exito,6256680.0,740314980.0,603916755.0,98812198590.0,75884205345.0,70525466280.0,14316002883900.0,10684604538015.0,9318148494000.0,8731600618260.0,11215219103.6909,17592036499.90484,-932338881.7614957,-29902649993.53113,-36096255606.254036,1083621626.8867188,-67331693802.00781,0.00028649686607860685,0.000449394994298821,-2.38169370815052e-05,-3.053864890188518e-07,-3.6863986197563253e-07,1.1066691551799597e-08,-6.876377034923589e-07
C:\Users\damba\.cache\kagglehub\datasets\salmaneunus\mechanical-tools-dataset\versions\20\Mechanical Tools Image dataset\Mechanical Tools Image dataset\Toolbox\000282.jpg,Toolbox,exito,6981390.0,789666915.0,785644290.0,113620591995.0,104620554420.0,93798719580.0,18724903008195.0,15340123234080.0,13901696777250.0,12764776692570.0,24301153223.4062,16208798249.72386,4934281012.370148,375826999706.10077,-81338793112.6309,-727561865.03125,-179432105345.46875,0.000498589449818997,0.00033255770733435925,0.00010123718955199119,2.918322126662313e-06,-6.316012417474691e-07,-5.649567196866643e-09,-1.393302460102055e-06
C:\Users\damba\.cache\kagglehub\datasets\salmaneunus\mechanical-tools-dataset\versions\20\Mechanical Tools Image dataset\Mechanical Tools Image dataset\Toolbox\000283.jpg,Toolbox,exito,7636995.0,782569245.0,800586525.0,113275468365.0,104022016125.0,90314362095.0,18827887513215.0,14672876721375.0,13604492960175.0,12397324029645.0,33084945362.186726,20096495156.14045,8277593388.66674,439971954631.4404,-445188807864.61835,33396789069.13672,2620343822.1835938,0.0005672642432306253,0.00034456829205966265,0.00014192505678910735,2.729723937831118e-06,-2.7620909307743077e-06,2.072041492851202e-07,1.6257434551150595e-08
C:\Users\damba\.cache\kagglehub\datasets\salmaneunus\mechanical-tools-dataset\versions\20\Mechanical Tools Image dataset\Mechanical Tools Image dataset\Toolbox\000284.jpg,Toolbox,exito,5613825.0,618650910.0,723565050.0,82286410530.0,106906772730.0,80892482610.0,12310157207520.0,16975583715660.0,11052721294890.0,12013605021270.0,14110265309.25869,13646583539.652512,1154660959.5752923,132146723964.36372,-321426105293.9444,192348045594.65625,-65310310874.12109,0.0004477312825988904,0.00043301824716877174,3.663842040293087e-05,1.7697390157795381e-06,-4.304611587512042e-06,2.5759688222736617e-06,-8.746505537117365e-07
C:\Users\damba\.cache\kagglehub\datasets\salmaneunus\mechanical-tools-dataset\versions\20\Mechanical Tools Image dataset\Mechanical Tools Image dataset\Toolbox\000285.jpg,Toolbox,exito,3818880.0,412205715.0,502459140.0,52380508545.0,68889089970.0,54305978865.0,7345220422095.0,9788570380560.0,6927978726885.0,7452014750025.0,7887476169.365982,2779343822.0352573,71090871.14182289,-11405207600.949656,-6701090362.658031,20803480995.804688,-2505188473.9140625,0.0005408365533538244,0.00019057689697154709,4.874631745017995e-06,-4.001871738957428e-07,-2.3512859283936443e-07,7.299548204814497e-07,-8.790232764972911e-08
C:\Users\damba\.cache\kagglehub\datasets\salmaneunus\mechanical-tools-dataset\versions\20\Mechanical Tools Image dataset\Mechanical Tools Image dataset\Toolbox\000286.jpg,Toolbox,exito,6089145.0,714644895.0,776875095.0,106301519265.0,115511536335.0,84234784695.0,17378719510845.0,18666107738775.0,12312399983775.0,11875912531785.0,22428114057.937103,16395007950.266346,-6942190183.146274,-361720650366.6915,-254739520015.34128,379591464905.4375,90464748995.28125,0.0006048951802238707,0.0004421799025646798,-0.00018723363770733805,-3.953507009099891e-06,-2.7842327410791705e-06,4.14883008635753e-06,9.887547721335201e-07
C:\Users\damba\.cache\kagglehub\datasets\salmaneunus\mechanical-tools-dataset\versions\20\Mechanical Tools Image dataset\Mechanical Tools Image dataset\Toolbox\000287.jpg,Toolbox,exito,5044920.0,545332800.0,550230075.0,70991157990.0,66272400585.0,58228259325.0,10336783728900.0,8600229573165.0,7516222934025.0,6905223271995.0,12043174125.867367,6260916669.594875,-1249097589.2741613,59339746473.58222,6444688236.304499,43533096820.390625,13948156971.882812,0.00047318655702356893,0.0002459967423649369,-4.9078106940724126e-05,1.038030171656731e-06,1.1273692986173329e-07,7.615244528443841e-07,2.439951067580707e-07
C:\Users\damba\.cache\kagglehub\datasets\salmaneunus\mechanical-tools-dataset\versions\20\Mechanical Tools Image dataset\Mechanical Tools Image dataset\Toolbox\000288.jpg,Toolbox,exito,2955450.0,345406935.0,370936515.0,42899875785.0,52963396215.0,42657903735.0,5584744856865.0,8094122847885.0,5235114866355.0,6046779041175.0,2531759002.0755005,6407407055.871877,-693885239.8537488,-20793670570.30826,-161655494343.53918,12971074464.919922,31062446933.45508,0.0002898512182530037,0.0007335590549751588,-7.944021604525097e-05,-1.3847523736621396e-06,-1.07654311801682e-05,8.638073828049469e-07,2.0686004896257477e-06
C:\Users\damba\.cache\kagglehub\datasets\salmaneunus\mechanical-tools-dataset\versions\20\Mechanical Tools Image dataset\Mechanical Tools Image dataset\Toolbox\000289.jpg,Toolbox,exito,7514340.0,840050325.0,735848655.0,131684045355.0,102219780165.0,84126912300.0,23368339475055.0,16738322747055.0,13650357199230.0,11722097983500.0,37772331414.373726,30161123907.057312,1864211679.1120872,201628405408.53467,821245176782.1788,338264465437.0703,-70463287677.0625,0.0006689476128605101,0.0005341532037691027,3.3015170255923436e-05,1.302640604620127e-06,5.305737113068583e-06,2.1853916212134945e-06,-4.55235161321597e-07
C:\Users\damba\.cache\kagglehub\datasets\salmaneunus\mechanical-tools-dataset\versions\20\Mechanical Tools Image dataset\Mechanical Tools Image dataset\Toolbox\000290.jpg,Toolbox,exito,3855855.0,430932660.0,448583505.0,58485733590.0,54974362935.0,50735731515.0,8825204585670.0,7022775445575.0,6964781101575.0,6295136359005.0,10324441877.869852,2786933439.314864,601770813.217052,-18927559050.62534,-21300939907.213154,26143429567.51953,11150739062.296875,0.0006944247578819629,0.00018744989818555372,4.047526793331143e-05,-6.483251589734726e-07,-7.29620508100969e-07,8.95490173093075e-07,3.819459580550872e-07
C:\Users\damba\.cache\kagglehub\datasets\salmaneunus\mechanical-tools-dataset\versions\20\Mechanical Tools Image dataset\Mechanical Tools Image dataset\Toolbox\000291.jpg,Toolbox,exito,8031735.0,892757295.0,875997165.0,129156076845.0,114338701575.0,102915939090.0,20968597621215.0,16620623140125.0,15282617922960.0,13897577305800.0,29922774479.357075,18796327095.75768,5545587671.151057,-39637860051.00875,49927403017.90359,-36872181694.41406,-21276850653.59375,0.0004638559349340618,0.00029137631887524255,8.596641851293497e-05,-2.16813725910703e-07,2.7309613231962225e-07,-2.0168583988476138e-07,-1.163814913296218e-07
C:\Users\damba\.cache\kagglehub\datasets\salmaneunus\mechanical-tools-dataset\versions\20\Mechanical Tools Image dataset\Mechanical Tools Image dataset\Toolbox\000292.jpg,Toolbox,exito,4033590.0,509829150.0,429192030.0,78049910400.0,51166764900.0,53116191705.0,12950578360020.0,6569117945220.0,7994742587325.0,6377368608045.0,13609607297.869513,5498811881.591856,-1131911806.183465,-355005132060.5996,-45451250970.193565,-23979250504.61328,150981393314.91406,0.0008364925755222791,0.0003379756088822147,-6.957113466210754e-05,-1.0864387627694287e-05,-1.3909658315010131e-06,-7.338481869023561e-07,4.620553995998552e-06
C:\Users\damba\.cache\kagglehub\datasets\salmaneunus\mechanical-tools-dataset\versions\20\Mechanical Tools Image dataset\Mechanical Tools Image dataset\Toolbox\000293.jpg,Toolbox,exito,3609270.0,386098815.0,436590600.0,48453478965.0,55458674490.0,45942297870.0,6703180845285.0,7348889901930.0,5674705934820.0,5767068076710.0,7150862384.803946,2647066600.216196,-761637635.0021158,-10007637986.043957,6398825.358517293,-23454268420.347656,18681051643.04297,0.0005489334259860134,0.00020320113288121457,-5.846684411520233e-05,-4.0437393819554074e-07,2.585543375627222e-10,-9.477056326235528e-07,7.548364991885291e-07
C:\Users\damba\.cache\kagglehub\datasets\salmaneunus\mechanical-tools-dataset\versions\20\Mechanical Tools Image dataset\Mechanical Tools Image dataset\Toolbox\000294.jpg,Toolbox,exito,3639105.0,411035010.0,343851435.0,56656139190.0,49337177895.0,39677887545.0,8597706241830.0,8095991206365.0,5640987615045.0,5844117763125.0,10229949386.270758,16847373574.553291,840047465.1618655,-112509988560.06403,250477933945.41177,97901444536.64648,112760612899.5625,0.0007724747844617786,0.0012721637986025584,6.34329125283319e-05,-4.453532378298762e-06,9.914778262373999e-06,3.875275952884938e-06,4.463452951796557e-06
C:\Users\damba\.cache\kagglehub\datasets\salmaneunus\mechanical-tools-dataset\versions\20\Mechanical Tools Image dataset\Mechanical Tools Image dataset\Toolbox\000295.jpg,Toolbox,exito,8904855.0,892628265.0,869618850.0,123749042055.0,123512510430.0,85042502295.0,19354964113515.0,20325180051690.0,11558355049485.0,12032384029365.0,34271423443.926575,38588393835.70144,-2128638087.0494857,79504243519.17233,726523293971.9744,-99817329016.26953,67163901662.41797,0.00043219370671300944,0.00048663461543231546,-2.684405526947677e-05,3.359875456514282e-07,3.0703113141548184e-06,-4.21831312457806e-07,2.8383685545649994e-07
C:\Users\damba\.cache\kagglehub\datasets\salmaneunus\mechanical-tools-dataset\versions\20\Mechanical Tools Image dataset\Mechanical Tools Image dataset\Toolbox\000296.jpg,Toolbox,exito,6997200.0,788442915.0,831065910.0,107816188155.0,121193650080.0,97435987560.0,16422653683065.0,19469421880710.0,13865743381200.0,14613976376910.0,18974618639.522785,22486946432.23689,3791668598.4828806,-2161519506.6018815,-266498242998.50854,205795543955.11328,57221135242.140625,0.0003875470907573731,0.00045928462834441845,7.74429337619132e-05,-1.6689696551444553e-08,-2.0577074569780657e-06,1.5890049429393941e-06,4.4182038635490034e-07
C:\Users\damba\.cache\kagglehub\datasets\salmaneunus\mechanical-tools-dataset\versions\20\Mechanical Tools Image dataset\Mechanical Tools Image dataset\Toolbox\000297.jpg,Toolbox,exito,5121420.0,571204080.0,575878230.0,73597269720.0,74511252450.0,65538228555.0,10386800752860.0,10607180309640.0,8493125301405.0,8615297460435.0,9889528310.655252,9756607100.09062,1309168146.133244,-27681672242.418423,34596254592.68813,-74551200842.59766,10462419589.847656,0.0003770463941257934,0.0003719786637374561,4.9913111454673996e-05,-4.663546799596226e-07,5.828450354112397e-07,-1.25596824877794e-06,1.7626096778755935e-07
C:\Users\damba\.cache\kagglehub\datasets\salmaneunus\mechanical-tools-dataset\versions\20\Mechanical Tools Image dataset\Mechanical Tools Image dataset\Toolbox\000298.jpg,Toolbox,exito,9822855.0,1102738830.0,1066586715.0,155213787090.0,149650098915.0,119425108545.0,24453296370420.0,23515352889525.0,16863621061245.0,16617974558655.0,31417505134.3192,33837820243.01601,-312644500.59045964,-25419408462.20904,-82343144132.5073,80370892790.0625,-114233139129.01562,0.00032560887082087257,0.00035069285079331806,-3.2402261850643647e-06,-8.405646207786553e-08,-2.7229089073557507e-07,2.6576908396651927e-07,-3.7774417691540513e-07
C:\Users\damba\.cache\kagglehub\datasets\salmaneunus\mechanical-tools-dataset\versions\20\Mechanical Tools Image dataset\Mechanical Tools Image dataset\Toolbox\000299.jpg,Toolbox,exito,11533395.0,1288451505.0,1354229520.0,192823094745.0,206013611070.0,150982265070.0,32370813542415.0,34874854156230.0,22502713237320.0,22987812205800.0,48883926725.80313,47002531258.77092,-305284099.9909416,-92510963794.52379,-352773469763.33746,-70001867405.375,44724090528.00781,0.00036749526867354496,0.0003533514799284964,-2.2950378552284607e-06,-2.0478601270207685e-07,-7.809136268471889e-07,-1.549589661554776e-07,9.900305645177599e-08
C:\Users\damba\.cache\kagglehub\datasets\salmaneunus\mechanical-tools-dataset\versions\20\Mechanical Tools Image dataset\Mechanical Tools Image dataset\Toolbox\000300.jpg,Toolbox,exito,6862305.0,701142900.0,659385120.0,93845041350.0,81783589800.0,68201170605.0,14348146824240.0,11548706644830.0,9014217685125.0,8586169822275.0,22207105376.531906,18424596505.849655,829756006.8951391,221771944170.80234,149520550620.21414,-172721531057.96875,70628637041.03906,0.0004715762450364378,0.00039125324481604975,1.7620181261514178e-05,1.7977593744300244e-06,1.2120648197970681e-06,-1.4001399175462103e-06,5.725399342937287e-07
C:\Users\damba\.cache\kagglehub\datasets\salmaneunus\mechanical-tools-dataset\versions\20\Mechanical Tools Image dataset\Mechanical Tools Image dataset\Toolbox\000301.jpg,Toolbox,exito,6079710.0,568906020.0,741623130.0,67904530890.0,107974227720.0,67119141345.0,9339590727450.0,17320943593980.0,8008491878775.0,9535168660125.0,14669416124.289072,17508585945.804043,-2277896215.7130256,240088498793.8311,-121620170252.43521,151578802375.83594,-12738577577.847656,0.00039686892987974816,0.0004736803230030126,-6.162659957612788e-05,2.6342937161862032e-06,-1.3344381420478037e-06,1.6631495828068996e-06,-1.3976993914769222e-07
C:\Users\damba\.cache\kagglehub\datasets\salmaneunus\mechanical-tools-dataset\versions\20\Mechanical Tools Image dataset\Mechanical Tools Image dataset\Toolbox\000302.jpg,Toolbox,exito,7291725.0,824232420.0,788989380.0,122313011340.0,114210362880.0,91357170060.0,19993254023700.0,18752931170250.0,13828461076110.0,13421458897740.0,29144511132.01679,28839035553.0939,2172426253.6030803,-421401111315.9127,154019532752.2554,102650615672.01562,41370335498.19922,0.0005481459532881695,0.0005424006106520738,4.0858693917886416e-05,-2.93508020415977e-06,1.0727538905235245e-06,7.149667666108233e-07,2.8814649392128346e-07
C:\Users\damba\.cache\kagglehub\datasets\salmaneunus\mechanical-tools-dataset\versions\20\Mechanical Tools Image dataset\Mechanical Tools Image dataset\Toolbox\000303.jpg,Toolbox,exito,4235550.0,447606345.0,493098345.0,68760457515.0,62461753515.0,51988764540.0,11904825749115.0,8436111770025.0,7909585440090.0,6604608470880.0,21458114233.900963,5055754803.678202,-121102639.23269196,103007039744.38612,-12792371558.377716,-69839943309.01953,31944667789.847656,0.001196112219573612,0.0002818164743616489,-6.750469544056678e-06,2.789924008660877e-06,-3.464786933688543e-07,-1.8916001768895352e-06,8.652146089893723e-07
C:\Users\damba\.cache\kagglehub\datasets\salmaneunus\mechanical-tools-dataset\versions\20\Mechanical Tools Image dataset\Mechanical Tools Image dataset\Toolbox\000304.jpg,Toolbox,exito,6777390.0,777200730.0,658795815.0,116143989120.0,83653336755.0,75148813140.0,19360004427960.0,12098980564785.0,10862153163360.0,9492614484270.0,27018090401.97832,19615126490.943447,-398940248.6857599,-155495240263.77777,154088113437.49854,-336119426036.7461,-22817571489.421875,0.0005882063321386536,0.0004270376416694781,-8.685261501854732e-06,-1.3003519280304082e-06,1.2885846219801938e-06,-2.8108483767986576e-06,-1.9081531388940633e-07
C:\Users\damba\.cache\kagglehub\datasets\salmaneunus\mechanical-tools-dataset\versions\20\Mechanical Tools Image dataset\Mechanical Tools Image dataset\Toolbox\000305.jpg,Toolbox,exito,6113370.0,574085835.0,620401995.0,86015439495.0,81133767945.0,54382584690.0,15114352163085.0,11717963960985.0,7391375727840.0,6694489986030.0,32104986512.82369,18173627237.014057,-3877261734.3519998,1007193364396.9949,-204340869804.69064,-609512192070.2578,-137556019224.59375,0.0008590355343227376,0.0004862731083190087,-0.0001037441833014878,1.0899614859687867e-05,-2.2113298793406898e-06,-6.596000709185897e-06,-1.4885995918743222e-06
C:\Users\damba\.cache\kagglehub\datasets\salmaneunus\mechanical-tools-dataset\versions\20\Mechanical Tools Image dataset\Mechanical Tools Image dataset\Toolbox\000306.jpg,Toolbox,exito,5362395.0,501051540.0,538984065.0,53559746610.0,68079946665.0,51812946630.0,6277255657770.0,9600791593305.0,5688575745390.0,6684520911480.0,6742485715.125305,13905678949.935333,1451345926.6370268,12730343440.610027,-37417664410.45029,33966532257.402344,31511057835.09961,0.00023447817872858173,0.00048358697547564887,5.0472327856711134e-05,1.9118029026555533e-07,-5.619267049959678e-07,5.100986887415312e-07,4.732231468533236e-07
C:\Users\damba\.cache\kagglehub\datasets\salmaneunus\mechanical-tools-dataset\versions\20\Mechanical Tools Image dataset\Mechanical Tools Image dataset\Toolbox\000307.jpg,Toolbox,exito,10009260.0,1115812935.0,1217201190.0,166026951165.0,194971078320.0,135379808295.0,27759816460935.0,33957333913740.0,20088374860395.0,21659100348375.0,41638284479.0198,46950271893.00979,-311424853.0441698,-32057513196.991528,-1171624888876.5105,-32315257705.1875,-154954905.3828125,0.00041561277355559435,0.0004686344061671203,-3.1084889434637376e-06,-1.0114045503456446e-07,-3.6964400096359295e-06,-1.0195363092507762e-07,-4.888778971703368e-10
C:\Users\damba\.cache\kagglehub\datasets\salmaneunus\mechanical-tools-dataset\versions\20\Mechanical Tools Image dataset\Mechanical Tools Image dataset\Toolbox\000308.jpg,Toolbox,exito,5790285.0,608934900.0,591079035.0,75490130130.0,71524647315.0,59312581800.0,10437672576090.0,9719470760295.0,6987957646380.0,6903063448260.0,11451535753.728365,11186611170.57339,-2848201834.971595,90158697276.68634,134266891243.4733,-119100861128.41016,-37325354034.58984,0.0003415575208193328,0.00033365578730755924,-8.495146663880802e-05,1.1175263623333267e-06,1.6642519810667552e-06,-1.4762674717796318e-06,-4.62651617392711e-07
C:\Users\damba\.cache\kagglehub\datasets\salmaneunus\mechanical-tools-dataset\versions\20\Mechanical Tools Image dataset\Mechanical Tools Image dataset\Toolbox\000309.jpg,Toolbox,exito,4066995.0,459156825.0,476906865.0,57800296905.0,62074754295.0,51614090235.0,7866187118865.0,8738495112165.0,6294986942775.0,6458135774985.0,5962271546.207913,6151361744.940752,-2227884479.5259886,-5628842759.359414,16790325954.30179,20216094799.80078,-27502955655.566406,0.0003604661389609928,0.0003718981264718509,-0.00013469311321397668,-1.6874659592521216e-07,5.033557465345877e-07,6.060565779165586e-07,-8.245087566253248e-07
C:\Users\damba\.cache\kagglehub\datasets\salmaneunus\mechanical-tools-dataset\versions\20\Mechanical Tools Image dataset\Mechanical Tools Image dataset\Toolbox\000310.jpg,Toolbox,exito,9228705.0,1070206950.0,1248531765.0,159549702030.0,191952703755.0,140245093035.0,26465023221960.0,32082326217195.0,20584243712565.0,21160077683235.0,35443132817.06032,23041511099.690815,-4540916724.632233,-257488129753.72104,-121018137064.92924,52280690169.69531,128940586096.67969,0.00041615064743303275,0.000270538719346961,-5.331654638569627e-05,-9.951883957499197e-07,-4.6773358367037654e-07,2.020642125461933e-07,4.983537499275913e-07
C:\Users\damba\.cache\kagglehub\datasets\salmaneunus\mechanical-tools-dataset\versions\20\Mechanical Tools Image dataset\Mechanical Tools Image dataset\Toolbox\000311.jpg,Toolbox,exito,5603370.0,634987230.0,770570730.0,89430350280.0,122119291410.0,88675650495.0,14035302958290.0,21400872819750.0,12739572680505.0,14130003280605.0,17472085474.52171,16151052665.684908,1352740645.7882075,-59113922588.19974,164972207329.80475,134594538677.8086,-80901099410.96875,0.00055647562304743,0.0005144015067986552,4.3083992164775184e-05,-7.953650934659711e-07,2.2196655095317654e-06,1.810940522103909e-06,-1.0885068639879033e-06
C:\Users\damba\.cache\kagglehub\datasets\salmaneunus\mechanical-tools-dataset\versions\20\Mechanical Tools Image dataset\Mechanical Tools Image dataset\Toolbox\000312.jpg,Toolbox,exito,5569200.0,627814590.0,632823300.0,86450284110.0,81519697950.0,76256612700.0,13270355175660.0,11356240537080.0,11015088831450.0,10361499365730.0,15676894858.964289,9612542699.175827,4918592763.214288,-9670018373.380991,-91300627950.69409,82875466073.20312,54012481985.5,0.0005054455958481512,0.0003099221762926151,0.00015858249176913187,-1.3211291133515303e-07,-1.2473597566781594e-06,1.1322542190124533e-06,7.379247864910721e-07
C:\Users\damba\.cache\kagglehub\datasets\salmaneunus\mechanical-tools-dataset\versions\20\Mechanical Tools Image dataset\Mechanical Tools Image dataset\Toolbox\000313.jpg,Toolbox,exito,5280795.0,601080645.0,588548160.0,77619814905.0,75573682920.0,67524805800.0,10905103738245.0,10662881527890.0,8748129916650.0,8726564733930.0,9202475888.125452,9979594030.091263,533963014.7066495,-24809029196.41751,15678704280.330805,-24206238881.57422,5452860773.324219,0.0003299940209537229,0.00035786090629425296,1.9147521211219615e-05,-3.871341640094596e-07,2.446593950235623e-07,-3.7772788201582334e-07,8.508953253381148e-08
C:\Users\damba\.cache\kagglehub\datasets\salmaneunus\mechanical-tools-dataset\versions\20\Mechanical Tools Image dataset\Mechanical Tools Image dataset\Toolbox\000314.jpg,Toolbox,exito,4329390.0,487991970.0,515448330.0,61086315390.0,71500375650.0,58524236295.0,8245773275940.0,10759781351940.0,7368263377755.0,8180326857075.0,6081762142.433732,10132150357.340084,424909140.38696575,-10663211676.670206,-165533573526.37344,-336760048.63671875,19905508383.398438,0.0003244710928477466,0.0005405653529929455,2.2669537202121453e-05,-2.734143196488429e-07,-4.244429423058043e-06,-8.63482995319023e-09,5.103951039271438e-07
C:\Users\damba\.cache\kagglehub\datasets\salmaneunus\mechanical-tools-dataset\versions\20\Mechanical Tools Image dataset\Mechanical Tools Image dataset\Toolbox\000315.jpg,Toolbox,exito,3601875.0,428404590.0,436628085.0,61663875090.0,55510755435.0,49913604630.0,9905942404800.0,7335582215145.0,6942596690880.0,6135886423500.0,10709721285.920713,2581632516.8623033,-2018646138.5330923,24068481146.088272,-19470741026.446075,-52256032093.23047,22884937551.503906,0.0008255072558482112,0.00019899270183671222,-0.00015559760985934753,9.775232426565846e-07,-7.907894889408722e-07,-2.12233940438918e-06,9.294545105508375e-07
C:\Users\damba\.cache\kagglehub\datasets\salmaneunus\mechanical-tools-dataset\versions\20\Mechanical Tools Image dataset\Mechanical Tools Image dataset\Toolbox\000316.jpg,Toolbox,exito,3842595.0,440188650.0,431169810.0,56281384560.0,56339351160.0,50847108885.0,7785668778120.0,8109901227120.0,6656597457015.0,6787934354805.0,5855553165.116458,7958659191.307979,1454431128.2609937,-3214196825.0383863,2126538941.1755464,8152321109.0546875,7579798715.40625,0.00039656894491690083,0.0005390023776493931,9.850174726870381e-05,-1.1104804941845104e-07,7.347029889095307e-08,2.8165647801689146e-07,2.618762658756259e-07
C:\Users\damba\.cache\kagglehub\datasets\salmaneunus\mechanical-tools-dataset\versions\20\Mechanical Tools Image dataset\Mechanical Tools Image dataset\Toolbox\000317.jpg,Toolbox,exito,5609235.0,626305755.0,756269820.0,83762484915.0,109696297800.0,84328146060.0,12437003560665.0,16855396681140.0,11287866556800.0,12219763853310.0,13831576556.530436,7731584137.115057,-114053384.09783131,-4357578870.314977,-19333452158.76928,19988707548.83203,2248924837.6289062,0.0004396068129047234,0.000245731717373688,-3.62494069127452e-06,-5.8477145964317925e-08,-2.5944799567122664e-07,2.682412880542136e-07,3.017976493522414e-08
C:\Users\damba\.cache\kagglehub\datasets\salmaneunus\mechanical-tools-dataset\versions\20\Mechanical Tools Image dataset\Mechanical Tools Image dataset\Toolbox\000318.jpg,Toolbox,exito,5159160.0,594161475.0,626055600.0,86311101795.0,82294828590.0,72669042690.0,13919757371295.0,11468544582180.0,10616571906090.0,9668386945620.0,17883710829.382416,6324008865.207591,568522696.8208781,-139577008935.6977,-52614020932.77732,11912002315.367188,52815733242.36328,0.0006718922711606675,0.00023759345696327486,2.135943762553885e-05,-2.3086941126176406e-06,-8.702699770891685e-07,1.9703223206083714e-07,8.736064293110251e-07
C:\Users\damba\.cache\kagglehub\datasets\salmaneunus\mechanical-tools-dataset\versions\20\Mechanical Tools Image dataset\Mechanical Tools Image dataset\Toolbox\000319.jpg,Toolbox,exito,6749085.0,753436005.0,812398380.0,107400523875.0,109445645550.0,90655062240.0,17191544749485.0,15888038205390.0,12962035827750.0,12209110530630.0,23290483235.36365,11655926228.547623,-37259740.78287286,1777702539.9909778,-92198569493.91524,42378430233.77734,85093591.41015625,0.0005113152006209811,0.0002558921683910749,-8.179938407011299e-07,1.5022660353396068e-08,-7.791336083612178e-07,3.581233358171155e-07,7.190922515146579e-10
C:\Users\damba\.cache\kagglehub\datasets\salmaneunus\mechanical-tools-dataset\versions\20\Mechanical Tools Image dataset\Mechanical Tools Image dataset\Toolbox\000320.jpg,Toolbox,exito,6904635.0,706647075.0,599821965.0,98744956875.0,77816849835.0,55043001540.0,15864490243905.0,11946686803605.0,7074996246600.0,6385267414350.0,26423959659.93278,25708897756.94501,-6345100378.204567,349888450480.8887,719767651578.96,-204447318617.19922,-476382501635.8828,0.0005542637131417148,0.0005392647171329087,-0.00013309356134134776,2.793044103952506e-06,5.745667776959569e-06,-1.6320355160275805e-06,-3.8028043954909685e-06
C:\Users\damba\.cache\kagglehub\datasets\salmaneunus\mechanical-tools-dataset\versions\20\Mechanical Tools Image dataset\Mechanical Tools Image dataset\Toolbox\000321.jpg,Toolbox,exito,3760995.0,342350760.0,286859955.0,44463428430.0,40801787295.0,22701820740.0,6890182097250.0,6857582326815.0,2455536729000.0,3191752231590.0,13300387034.683708,18922302269.73354,-3410078799.3016477,421446102000.7815,859036616824.0011,-314977707039.90625,-2108113338.2285156,0.0009402833951522007,0.0013377299905546966,-0.00024107873423400304,1.536332264326691e-05,3.1315170893722256e-05,-1.1482142356323203e-05,-7.684879568234584e-08
C:\Users\damba\.cache\kagglehub\datasets\salmaneunus\mechanical-tools-dataset\versions\20\Mechanical Tools Image dataset\Mechanical Tools Image dataset\Toolbox\000322.jpg,Toolbox,exito,6435435.0,737666040.0,686784360.0,109095217410.0,86048203170.0,83133684495.0,18014464091100.0,11866274127210.0,12338713081875.0,10856570423115.0,24539754326.419548,12755137955.199512,4410568004.019303,-116419649138.1206,-39155522503.692024,-314967910216.28125,51853177228.26953,0.0005925355264142026,0.0003079848429710276,0.0001064973267166577,-1.1081065339774336e-06,-3.726904405644217e-07,-2.9979303484225666e-06,4.935493700549294e-07
C:\Users\damba\.cache\kagglehub\datasets\salmaneunus\mechanical-tools-dataset\versions\20\Mechanical Tools Image dataset\Mechanical Tools Image dataset\Toolbox\000323.jpg,Toolbox,exito,8930100.0,994735620.0,990482985.0,143899060200.0,137535362055.0,102807922875.0,23413335807330.0,21408466542525.0,14001941028555.0,13705000079505.0,33094147187.067963,27675837125.322815,-7523283515.009708,11428224384.351667,14380531414.345474,-282581485427.2344,53646229065.625,0.00041499087727505133,0.00034704686188279153,-9.43397637121411e-05,4.795544809387759e-08,6.034400486109666e-08,-1.185776661442874e-06,2.2511186925166364e-07
C:\Users\damba\.cache\kagglehub\datasets\salmaneunus\mechanical-tools-dataset\versions\20\Mechanical Tools Image dataset\Mechanical Tools Image dataset\Toolbox\000324.jpg,Toolbox,exito,7510515.0,827494635.0,713381625.0,118314667185.0,91783501755.0,78135467745.0,18875208034065.0,13538778288705.0,10920530246805.0,10224640804275.0,27142840625.332233,24023389047.996475,-463598683.21188825,-141578741494.7275,257085586632.4924,-215358396179.89062,200173811023.47656,0.00048118918858261575,0.00042588744643849995,-8.218692998348146e-06,-9.158487414701164e-07,1.6630428303125094e-06,-1.3931167491958583e-06,1.2948902565852742e-06
C:\Users\damba\.cache\kagglehub\datasets\salmaneunus\mechanical-tools-dataset\versions\20\Mechanical Tools Image dataset\Mechanical Tools Image dataset\Toolbox\000325.jpg,Toolbox,exito,7989915.0,907762260.0,763479945.0,135972992610.0,101164656975.0,80455704075.0,22980099687960.0,15670811304135.0,11900099532705.0,10294188602085.0,32838939158.82967,28209985189.73032,-6285929639.23547,69837147712.65936,612740895948.0424,335471682678.8789,1826891444.0195312,0.0005144045493477058,0.0004418944427054337,-9.84657509081833e-05,3.8701793894127306e-07,3.3956386596793068e-06,1.859090232861924e-06,1.0124121395148562e-08
C:\Users\damba\.cache\kagglehub\datasets\salmaneunus\mechanical-tools-dataset\versions\20\Mechanical Tools Image dataset\Mechanical Tools Image dataset\Toolbox\000326.jpg,Toolbox,exito,9262620.0,997849935.0,1062193575.0,149816641455.0,168723897975.0,112579641705.0,25557909493005.0,29817058967805.0,16650291081465.0,17986421216055.0,42319573370.64545,46916548567.24272,-1849082540.5339394,300294151768.6517,-291738896795.0674,-131576273108.20312,234104545512.46094,0.0004932573734209873,0.0005468375901045473,-2.1552050848769378e-05,1.1500381723362128e-06,-1.1172740650908906e-06,-5.038983801614104e-07,8.965514715190525e-07
C:\Users\damba\.cache\kagglehub\datasets\salmaneunus\mechanical-tools-dataset\versions\20\Mechanical Tools Image dataset\Mechanical Tools Image dataset\Toolbox\000327.jpg,Toolbox,exito,5257080.0,612139230.0,457249680.0,85013285160.0,52517602920.0,54822682815.0,12981593646900.0,6966467221500.0,7613154992625.0,6364790790675.0,13735230250.241554,12746994548.032593,1580109555.1396925,-116117146187.4131,181184234435.6288,-149099248884.82422,-25276354926.68164,0.0004969889950505337,0.0004612311475615735,5.717392759868813e-05,-1.8324616257464383e-06,2.859294838831699e-06,-2.3529570005801113e-06,-3.98889844977191e-07
C:\Users\damba\.cache\kagglehub\datasets\salmaneunus\mechanical-tools-dataset\versions\20\Mechanical Tools Image dataset\Mechanical Tools Image dataset\Toolbox\000328.jpg,Toolbox,exito,10628910.0,1248015900.0,1109322165.0,182061106620.0,158808767655.0,131431085355.0,29760991584600.0,25861530628605.0,19113800009595.0,18869177831295.0,35522685779.78119,43030605476.536995,1177682123.396419,41960267080.43029,304846564762.8643,-164183620738.04688,-23514350543.171875,0.00031443315605562364,0.00038089037441738376,1.042438933771706e-05,1.1392431333874897e-07,8.276743209883698e-07,-4.457670924305224e-07,-6.38426879910609e-08
C:\Users\damba\.cache\kagglehub\datasets\salmaneunus\mechanical-tools-dataset\versions\20\Mechanical Tools Image dataset\Mechanical Tools Image dataset\Toolbox\000329.jpg,Toolbox,exito,6833235.0,752726850.0,795105300.0,99888763710.0,108045358440.0,82537236435.0,14762386481460.0,16185083446380.0,10388626007415.0,10777016700195.0,16970832347.925882,15528060544.04149,-5048966569.478118,20063583434.78609,-562680325.766968,-121930124939.8086,50073728406.03516,0.00036345481757459096,0.0003325557813910974,-0.00010813089103871526,1.6437759067564847e-07,-4.609946003454259e-09,-9.989531647490677e-07,4.1024570004080097e-07
C:\Users\damba\.cache\kagglehub\datasets\salmaneunus\mechanical-tools-dataset\versions\20\Mechanical Tools Image dataset\Mechanical Tools Image dataset\Toolbox\000330.jpg,Toolbox,exito,7089255.0,859242645.0,562264035.0,127892930265.0,64392549255.0,73868442585.0,21026447386335.0,8676904587315.0,11146534429365.0,8958877363275.0,23749698996.468113,19798181432.925434,5720063577.364842,-231719804019.60858,429320698129.1802,-383512117745.91406,246932822545.35156,0.00047255995163474626,0.00039393457836204605,0.00011381504110301294,-1.7316561398256277e-06,3.2083395979685396e-06,-2.8660093003360332e-06,1.845343949319695e-06
C:\Users\damba\.cache\kagglehub\datasets\salmaneunus\mechanical-tools-dataset\versions\20\Mechanical Tools Image dataset\Mechanical Tools Image dataset\Toolbox\000331.jpg,Toolbox,exito,8361450.0,895909605.0,975776370.0,126974657415.0,133056814140.0,100328602755.0,20347815452325.0,20063722400070.0,13940004755325.0,13286458139805.0,30980060744.41583,19184277169.692593,-4223529018.201282,103900444940.61554,58481230090.28351,27218113582.632812,15501766115.554688,0.00044311767227047223,0.0002743988242553086,-6.041048023604949e-05,5.139411768031034e-07,2.8927606836209286e-07,1.3463377691032983e-07,7.667913187963918e-08
C:\Users\damba\.cache\kagglehub\datasets\salmaneunus\mechanical-tools-dataset\versions\20\Mechanical Tools Image dataset\Mechanical Tools Image dataset\Toolbox\000332.jpg,Toolbox,exito,5191545.0,544082790.0,645209925.0,67799890620.0,88978351305.0,66022894815.0,9496455089250.0,13252923337155.0,8194928053545.0,8862490555365.0,10779084217.63152,8791076164.65052,-1596208193.7749836,131577758942.30347,9487219804.653692,103266799147.9961,-65836347251.58984,0.00039993426951580844,0.0003261735925967073,-5.922380279099596e-05,2.1425991492105087e-06,1.544889443719555e-07,1.6815862937231712e-06,-1.0720725352241248e-06
C:\Users\damba\.cache\kagglehub\datasets\salmaneunus\mechanical-tools-dataset\versions\20\Mechanical Tools Image dataset\Mechanical Tools Image dataset\Toolbox\000333.jpg,Toolbox,exito,6010605.0,696896385.0,580487100.0,105452300925.0,65301832080.0,69423425895.0,17856264016095.0,8137846120200.0,10574089566795.0,8139573670485.0,24651021947.913963,9240042415.497011,2119159264.7467237,-86645802247.48677,46427372818.68404,-101602682814.32422,158862919655.26562,0.0006823364187665832,0.0002557629239210949,5.8657995865589975e-05,-9.782549552031962e-07,5.241778174921476e-07,-1.1471222534376646e-06,1.793606087308385e-06
C:\Users\damba\.cache\kagglehub\datasets\salmaneunus\mechanical-tools-dataset\versions\20\Mechanical Tools Image dataset\Mechanical Tools Image dataset\Toolbox\000334.jpg,Toolbox,exito,5697465.0,670242765.0,575089260.0,95119073625.0,69343814130.0,68192767335.0,14875812231015.0,9439534995990.0,9576181667235.0,8365316569335.0,16272540292.22039,11295601992.260221,539975129.3078436,-142441625519.78687,159821731307.17114,-151966993666.61328,98787944200.60156,0.0005012934425975243,0.0003479734022609044,1.6634525810157764e-05,-1.8383692888826888e-06,2.0626790901817562e-06,-1.961304871810269e-06,1.2749694625256505e-06
C:\Users\damba\.cache\kagglehub\datasets\salmaneunus\mechanical-tools-dataset\versions\20\Mechanical Tools Image dataset\Mechanical Tools Image dataset\Toolbox\000335.jpg,Toolbox,exito,2373540.0,262757610.0,231035610.0,33345647220.0,23832354060.0,24412961775.0,4643205480720.0,2601659270370.0,3003328015875.0,2385393094365.0,4257634541.506231,1343812435.2234628,-1163335531.3407824,9083317120.65491,20257857550.770752,15098865057.597656,-26442613161.90625,0.0007557449789676453,0.00023853139359282177,-0.00020649611376800397,1.04653338975642e-06,2.334006844658336e-06,1.7396140881474751e-06,-3.0465827867465492e-06
C:\Users\damba\.cache\kagglehub\datasets\salmaneunus\mechanical-tools-dataset\versions\20\Mechanical Tools Image dataset\Mechanical Tools Image dataset\Toolbox\000336.jpg,Toolbox,exito,8982375.0,965132925.0,861399435.0,147397976655.0,117503378565.0,87113564610.0,25371058801965.0,18538061378835.0,13154818535850.0,11189522646840.0,43696944030.66005,34896163143.87594,-5441573234.378278,143281164105.7143,576618626991.8364,188887941083.5,-392229755237.5781,0.0005415875858415075,0.00043250916446153323,-6.744381275539234e-05,5.925310943156599e-07,2.3845734935694877e-06,7.811353232073198e-07,-1.622043815351838e-06
C:\Users\damba\.cache\kagglehub\datasets\salmaneunus\mechanical-tools-dataset\versions\20\Mechanical Tools Image dataset\Mechanical Tools Image dataset\Toolbox\000337.jpg,Toolbox,exito,5014320.0,531745380.0,707952675.0,69342560550.0,112694426385.0,75644566800.0,10170265660740.0,19419449265255.0,9986046020430.0,12130161753390.0,12953429191.940603,12741294147.79623,569469042.0006119,69506541701.75395,-89235295490.96461,75055836916.44531,18638187841.351562,0.0005151819795208027,0.0005067449741264297,2.2648843328392637e-05,1.234512710530916e-06,-1.5849171000950272e-06,1.3330743035737762e-06,3.3103473756673264e-07
C:\Users\damba\.cache\kagglehub\datasets\salmaneunus\mechanical-tools-dataset\versions\20\Mechanical Tools Image dataset\Mechanical Tools Image dataset\Toolbox\000338.jpg,Toolbox,exito,7422030.0,729041940.0,1025925945.0,101446192020.0,167850426075.0,107616108015.0,16474300371990.0,29980108143465.0,15800391174405.0,18197064686175.0,29834766267.346935,26039621669.17801,6842729136.292512,648425187726.4404,-420140026703.3854,433496475299.1758,-182040082547.90625,0.000541598220747364,0.0004727039802687024,0.0001242178300330197,4.3206900504815985e-06,-2.7995439837112443e-06,2.888542800614e-06,-1.2129984897894108e-06
C:\Users\damba\.cache\kagglehub\datasets\salmaneunus\mechanical-tools-dataset\versions\20\Mechanical Tools Image dataset\Mechanical Tools Image dataset\Toolbox\000339.jpg,Toolbox,exito,5024265.0,556893225.0,598537530.0,66775037205.0,90285873240.0,67973068515.0,8464513726125.0,15237596508120.0,8293747193745.0,10434599512695.0,5048582877.670404,18982473674.391716,1630728816.5099213,-56057744416.21125,-40843099600.44905,-22623358722.296875,38711573577.11328,0.0001999974297919877,0.0007519824944864978,6.46006176173159e-05,-9.907276293064513e-07,-7.218340242205379e-07,-3.9983033187130625e-07,6.841628380910126e-07
C:\Users\damba\.cache\kagglehub\datasets\salmaneunus\mechanical-tools-dataset\versions\20\Mechanical Tools Image dataset\Mechanical Tools Image dataset\Toolbox\000340.jpg,Toolbox,exito,3808935.0,414490770.0,385054080.0,54195398370.0,41378152830.0,41423481630.0,7932549745080.0,4692080541750.0,5333817274440.0,4397740322400.0,9090244720.700943,2452142140.753164,-478352376.3145211,56558826783.525375,13281548821.812712,-40812108842.72461,-8341524449.363281,0.0006265683482580084,0.00016902016370656006,-3.2971660007143515e-05,1.9975216202345193e-06,4.690723346032876e-07,-1.4413854462139074e-06,-2.9460256481436536e-07
C:\Users\damba\.cache\kagglehub\datasets\salmaneunus\mechanical-tools-dataset\versions\20\Mechanical Tools Image dataset\Mechanical Tools Image dataset\Toolbox\000341.jpg,Toolbox,exito,5695170.0,539334945.0,659050560.0,72692882385.0,100112364030.0,63495813450.0,11333198092185.0,16957175301360.0,8843926841730.0,9702540743430.0,21617640926.333614,23846398196.440403,1083453936.6195006,354753184820.82635,-146980280929.80502,226629380463.3789,-28898036319.61328,0.0006664919593128047,0.0007352066171632193,3.340389173376717e-05,4.5831025234144856e-06,-1.8988573612433798e-06,2.927854434925419e-06,-3.733374888375852e-07
C:\Users\damba\.cache\kagglehub\datasets\salmaneunus\mechanical-tools-dataset\versions\20\Mechanical Tools Image dataset\Mechanical Tools Image dataset\Toolbox\000342.jpg,Toolbox,exito,8904600.0,1007618985.0,830826720.0,152279909835.0,105913805280.0,91161173235.0,26003797493985.0,15346683119790.0,13670412206925.0,11400693243015.0,38260636770.24355,28395102736.824734,-2852794412.876292,113312108947.24588,165895708193.821,107853710341.58984,-51859968128.96484,0.00048252893688396903,0.000358108486761181,-3.597838330449097e-05,4.788949793218507e-07,7.011309072188502e-07,4.5582595596969466e-07,-2.1917762007514112e-07
C:\Users\damba\.cache\kagglehub\datasets\salmaneunus\mechanical-tools-dataset\versions\20\Mechanical Tools Image dataset\Mechanical Tools Image dataset\Toolbox\000343.jpg,Toolbox,exito,6826605.0,781793535.0,809401365.0,108743853165.0,112405939275.0,85314502125.0,16735356798195.0,17096898422655.0,11126944038555.0,11251169069985.0,19211628674.52542,16438680342.65175,-7379414452.445929,-118452022516.8287,-128721237421.14264,-76145369004.83203,128155454963.08594,0.0004122442767115854,0.00035274218561882713,-0.00015834791651670002,-9.728156402576253e-07,-1.0571540302641277e-06,-6.253621029608402e-07,1.0525074061501091e-06
C:\Users\damba\.cache\kagglehub\datasets\salmaneunus\mechanical-tools-dataset\versions\20\Mechanical Tools Image dataset\Mechanical Tools Image dataset\Toolbox\000344.jpg,Toolbox,exito,5503665.0,653937300.0,677159385.0,89879568990.0,93406029525.0,80052039840.0,13547329688970.0,13876685196855.0,10880353696050.0,11030049812520.0,12179710381.002182,10089760694.397442,-407032413.9544959,-26377379529.517765,-98642480551.15326,-81513769674.33203,31844959375.453125,0.00040209898708277265,0.0003331017264132151,-1.3437702231101131e-05,-3.7119461765485393e-07,-1.3881423593172642e-06,-1.1470992610926228e-06,4.4813691619281887e-07
C:\Users\damba\.cache\kagglehub\datasets\salmaneunus\mechanical-tools-dataset\versions\20\Mechanical Tools Image dataset\Mechanical Tools Image dataset\Toolbox\000345.jpg,Toolbox,exito,4729485.0,536197935.0,511657500.0,69069181425.0,64786155270.0,55877011680.0,9709342712625.0,9050193717780.0,6909428286000.0,6815025268440.0,8278582554.6654415,9432687121.512373,-2131353908.9092607,1590136329.1388788,385448632.2045878,-79516507257.46484,-68843957716.3125,0.0003701078351427675,0.00042170400392450906,-9.528572988680675e-05,3.268885651369013e-08,7.923770308648453e-09,-1.6346420420547798e-06,-1.415243595397752e-06
C:\Users\damba\.cache\kagglehub\datasets\salmaneunus\mechanical-tools-dataset\versions\20\Mechanical Tools Image dataset\Mechanical Tools Image dataset\Toolbox\000346.jpg,Toolbox,exito,5557470.0,663910605.0,930637545.0,103875183045.0,162410690595.0,108767119620.0,18036417034215.0,29270347463895.0,16849772189490.0,18740261511570.0,24562601702.866615,6568870456.76677,-2409393350.2301087,-241428664230.53214,-126475429922.20442,30805691829.023438,145174893630.66406,0.0007952800936934616,0.00021268479518226296,-7.801057039864706e-05,-3.315858688845984e-06,-1.7370541090043312e-06,4.230952494507531e-07,1.9938785395750518e-06
C:\Users\damba\.cache\kagglehub\datasets\salmaneunus\mechanical-tools-dataset\versions\20\Mechanical Tools Image dataset\Mechanical Tools Image dataset\Toolbox\000347.jpg,Toolbox,exito,7462320.0,803855370.0,773049840.0,119912787630.0,108689739360.0,80977569480.0,20038627594560.0,17159224184160.0,12004185126450.0,11125831548270.0,33319951102.23961,28606594289.294693,-2296836490.4811397,-57184634263.01146,-27285091569.00385,76806965562.36328,-106558979808.55078,0.0005983518226311817,0.0005137104727359496,-4.12460479353111e-05,-3.7591934595909737e-07,-1.7936625649958042e-07,5.04912283368095e-07,-7.004955529043119e-07
C:\Users\damba\.cache\kagglehub\datasets\salmaneunus\mechanical-tools-dataset\versions\20\Mechanical Tools Image dataset\Mechanical Tools Image dataset\Toolbox\000348.jpg,Toolbox,exito,7401630.0,857689695.0,911975370.0,126443737215.0,133265913120.0,105939404220.0,20997733411215.0,20990653052910.0,15994430933820.0,15452138541660.0,27055951969.15645,20898897275.295944,261077021.4218329,75218669014.37926,-579432127848.8158,354440800216.72656,-54850054663.86719,0.0004938648039166794,0.0003814772371234607,4.765559612858236e-06,5.046696827688128e-07,-3.887623006086679e-06,2.37807353612578e-06,-3.680091664713476e-07
C:\Users\damba\.cache\kagglehub\datasets\salmaneunus\mechanical-tools-dataset\versions\20\Mechanical Tools Image dataset\Mechanical Tools Image dataset\Toolbox\000349.jpg,Toolbox,exito,2075955.0,257401335.0,226156185.0,35132209095.0,32955281235.0,28454408070.0,5033808431355.0,5409722560635.0,3907921580850.0,4259771174490.0,3216561954.391356,8317646982.930846,412902383.4571953,-119950780618.87689,7285947422.05052,-21802150637.740234,83623694978.3418,0.0007463732234002442,0.0019300324625427941,9.581014986198355e-05,-1.931782558737471e-05,1.1733867909135094e-06,-3.511191350956959e-06,1.3467423440087276e-05
C:\Users\damba\.cache\kagglehub\datasets\salmaneunus\mechanical-tools-dataset\versions\20\Mechanical Tools Image dataset\Mechanical Tools Image dataset\Toolbox\000350.jpg,Toolbox,exito,8446110.0,844423320.0,878361270.0,119021481540.0,117049168740.0,84454282065.0,19321842331560.0,17600297665290.0,11320642974405.0,10772189266635.0,34597913369.585175,25703150201.760162,-3362326974.2874784,504293857935.98785,81610386134.46892,-384793619441.0664,-230789866728.1953,0.000484994083213203,0.0003603071559440519,-4.713315138221963e-05,2.432438370197435e-06,3.936439667391486e-07,-1.856034432714444e-06,-1.1132043717131158e-06
C:\Users\damba\.cache\kagglehub\datasets\salmaneunus\mechanical-tools-dataset\versions\20\Mechanical Tools Image dataset\Mechanical Tools Image dataset\Toolbox\000351.jpg,Toolbox,exito,7251945.0,827878920.0,832044345.0,113483384400.0,118009166475.0,95401253820.0,17121227868870.0,18745734734925.0,13034520194850.0,13402936097580.0,18973083207.64864,22545426465.046936,415429502.4262355,-165904477700.9459,32624139712.45607,-80728045048.50781,-164267297909.4922,0.0003607687469634286,0.00042869601985786704,7.899294985515835e-06,-1.171444866237284e-06,2.3035774266716295e-07,-5.700174898468548e-07,-1.159884805361393e-06
C:\Users\damba\.cache\kagglehub\datasets\salmaneunus\mechanical-tools-dataset\versions\20\Mechanical Tools Image dataset\Mechanical Tools Image dataset\Toolbox\000352.jpg,Toolbox,exito,7561515.0,813523695.0,892190940.0,106754986275.0,134056335600.0,88323445005.0,15577313683965.0,22448213452590.0,10808971087815.0,12702719301735.0,19230091815.827057,28785808011.5361,-7665053352.05191,-46008043561.04102,-162165854845.5231,-137833422089.76562,88762553009.72656,0.00033632853981694076,0.0005034551508486568,-0.00013405948480146098,-2.926251981207594e-07,-1.031424327783778e-06,-8.766626295066762e-07,5.645569263495092e-07
C:\Users\damba\.cache\kagglehub\datasets\salmaneunus\mechanical-tools-dataset\versions\20\Mechanical Tools Image dataset\Mechanical Tools Image dataset\Toolbox\000353.jpg,Toolbox,exito,5376165.0,626717070.0,645874200.0,95511008880.0,106548664500.0,76038129975.0,16122564234990.0,19173181779270.0,11777154097395.0,12666777341925.0,22452558138.740215,28955532178.793335,746470174.2695504,-246200960916.2701,-584451367798.7213,128749025660.01562,66695595714.9375,0.0007768204522844618,0.0010018123308834508,2.5826602688644423e-05,-3.673738762739369e-06,-8.72101244782881e-06,1.9211553215382585e-06,9.95212181016989e-07
C:\Users\damba\.cache\kagglehub\datasets\salmaneunus\mechanical-tools-dataset\versions\20\Mechanical Tools Image dataset\Mechanical Tools Image dataset\Toolbox\000354.jpg,Toolbox,exito,5452920.0,738330315.0,763672215.0,111349089735.0,121175417835.0,98746894620.0,18027678600375.0,20743165280235.0,14322868404450.0,15310835140740.0,11378495255.711967,14224416910.173252,-4655016109.975463,-130406328756.08487,-211457872012.94864,-10796306300.328125,207427884950.28125,0.0003826719067906368,0.00047838353136092095,-0.0001565535557130205,-1.878130879379413e-06,-3.045446972579139e-06,-1.5548997076523113e-07,2.9874065138215574e-06
C:\Users\damba\.cache\kagglehub\datasets\salmaneunus\mechanical-tools-dataset\versions\20\Mechanical Tools Image dataset\Mechanical Tools Image dataset\Toolbox\000355.jpg,Toolbox,exito,5952465.0,672603555.0,652323150.0,98182765005.0,77476334310.0,75303347220.0,16040118193185.0,9813926052090.0,11106805032330.0,9122993637690.0,22181387055.085464,5989061049.943452,1593569892.657755,-66929283491.55715,10724725104.43769,-13054066993.8125,19218487475.453125,0.0006260297890366755,0.00016903048561898976,4.4975646529147495e-05,-7.74237227415793e-07,1.2406350399229715e-07,-1.5100930577068489e-07,2.2231925521803887e-07
C:\Users\damba\.cache\kagglehub\datasets\salmaneunus\mechanical-tools-dataset\versions\20\Mechanical Tools Image dataset\Mechanical Tools Image dataset\Toolbox\000356.jpg,Toolbox,exito,4199085.0,439788045.0,508055880.0,63359341785.0,67910055210.0,54017952285.0,10415772447555.0,9818825316600.0,7899527056635.0,7327752031635.0,17298467922.022224,6439335469.253051,807097487.8347594,156394551190.74582,44032151551.357285,64489233062.13281,19938147061.734375,0.0009810661890804057,0.00036520079914058995,4.577376795307845e-05,4.328475396297646e-06,1.218661923864883e-06,1.7848451657059e-06,5.518208808900505e-07
C:\Users\damba\.cache\kagglehub\datasets\salmaneunus\mechanical-tools-dataset\versions\20\Mechanical Tools Image dataset\Mechanical Tools Image dataset\Toolbox\000357.jpg,Toolbox,exito,6441300.0,744512790.0,785746290.0,97755404640.0,110840179350.0,90757723200.0,13999652780700.0,17133946050990.0,11960937521700.0,12798548995080.0,11701456760.909739,14990392467.109255,-62167598.448932126,-4339811845.586842,-44193492354.85374,50550273940.82422,2337787359.5195312,0.0002820284229092365,0.0003612983265820858,-1.4983629905960451e-06,-4.1213270947144294e-08,-4.196860231102595e-07,4.800535623437473e-07,2.22009311216254e-08
C:\Users\damba\.cache\kagglehub\datasets\salmaneunus\mechanical-tools-dataset\versions\20\Mechanical Tools Image dataset\Mechanical Tools Image dataset\Toolbox\000358.jpg,Toolbox,exito,6495870.0,878510955.0,801713625.0,131370539685.0,121399754595.0,103502282010.0,21039422429955.0,20226771532635.0,14893835541000.0,15272033669580.0,12559433850.829672,22453079783.05939,-4922640646.281893,-124433794174.81499,-298534130971.1639,11708263438.429688,68847923588.60938,0.0002976428217056379,0.0005321098149794494,-0.000116660406002729,-1.1570310967546244e-06,-2.775879938941579e-06,1.0886773144783048e-07,6.401732669751708e-07
C:\Users\damba\.cache\kagglehub\datasets\salmaneunus\mechanical-tools-dataset\versions\20\Mechanical Tools Image dataset\Mechanical Tools Image dataset\Toolbox\000359.jpg,Toolbox,exito,4852140.0,567305640.0,576129660.0,78923604660.0,73990264500.0,68935485180.0,12181207623300.0,10080305743290.0,9877762900500.0,9055238356260.0,12594997246.403198,5582224927.416439,1575185293.9121315,8386558762.231359,-30729104972.20793,138255688980.33594,30330523514.25,0.0005349724662764725,0.00023710498528158033,6.690599013566683e-05,1.6171506749174767e-07,-5.925385399934214e-07,2.6659358991511366e-06,5.848528337100641e-07
C:\Users\damba\.cache\kagglehub\datasets\salmaneunus\mechanical-tools-dataset\versions\20\Mechanical Tools Image dataset\Mechanical Tools Image dataset\Toolbox\000360.jpg,Toolbox,exito,8130930.0,1082451795.0,870270630.0,172297612305.0,120042882510.0,119904992535.0,29739765487875.0,18658761419040.0,19556881969665.0,17086157684955.0,28193323066.410793,26895976874.28589,4047888171.8729124,-704437823955.7379,52851336590.131355,37732346759.09375,238619945860.65625,0.0004264477462641467,0.0004068242929219199,6.122771636242805e-05,-3.7367333782007975e-06,2.8035313664712866e-07,2.0015353346700974e-07,1.265774048580911e-06
C:\Users\damba\.cache\kagglehub\datasets\salmaneunus\mechanical-tools-dataset\versions\20\Mechanical Tools Image dataset\Mechanical Tools Image dataset\Toolbox\000361.jpg,Toolbox,exito,9566325.0,991756710.0,1030464690.0,141068244000.0,146030178330.0,106166392215.0,22911973560540.0,23443267656840.0,14950996660515.0,14812183065825.0,38251188147.305885,35030658939.13715,-663583844.3090668,356068071646.0521,166339823853.4002,-106992364719.05469,-184046915954.22656,0.00041797919689769576,0.00038278776161908344,-7.25112750094077e-06,1.2579697691752356e-06,5.876698487740729e-07,-3.7799839712372073e-07,-6.502280738344303e-07
C:\Users\damba\.cache\kagglehub\datasets\salmaneunus\mechanical-tools-dataset\versions\20\Mechanical Tools Image dataset\Mechanical Tools Image dataset\Toolbox\000362.jpg,Toolbox,exito,8779905.0,955489845.0,1081877280.0,141431232675.0,160148387460.0,112053243165.0,23617178562855.0,26366711284410.0,16158968217315.0,15945445183665.0,37448234692.88926,26837326693.37458,-5684107589.503789,74905325130.96649,19012780541.23563,-31300715453.578125,-82193406369.39062,0.00048579351872983376,0.00034814456474638837,-7.373652321369157e-05,3.2793528748379696e-07,8.3237895860609e-08,-1.3703443784231294e-07,-3.598424851623213e-07
C:\Users\damba\.cache\kagglehub\datasets\salmaneunus\mechanical-tools-dataset\versions\20\Mechanical Tools Image dataset\Mechanical Tools Image dataset\Toolbox\000363.jpg,Toolbox,exito,7906785.0,1021178355.0,820264365.0,158396152665.0,114244000185.0,99230270325.0,26799811160595.0,17979943811625.0,15218797092375.0,13357262250705.0,26508763198.80027,29148271834.114864,-6708643521.24972,-504721972612.03033,80271613566.72957,519361547640.0781,-5663102848.875,0.0004240231873197112,0.000466243673281676,-0.0001073086807988378,-2.8711268958045904e-06,4.566276112140408e-07,2.954404581118454e-06,-3.221473957031578e-08
C:\Users\damba\.cache\kagglehub\datasets\salmaneunus\mechanical-tools-dataset\versions\20\Mechanical Tools Image dataset\Mechanical Tools Image dataset\Toolbox\000364.jpg,Toolbox,exito,4462245.0,610468980.0,477867960.0,92806332000.0,57842388480.0,64521439770.0,15009495205560.0,7592470281810.0,9779675733720.0,7801713288870.0,9289542683.805925,6666850786.627808,-854523700.3788837,-228875194828.2114,-29875186564.226833,74728532387.3789,71459817533.05078,0.00046653852439590887,0.0003348219427187921,-4.2915807570493e-05,-5.441456955420949e-06,-7.102759294052285e-07,1.7766542706076627e-06,1.6989413004768377e-06
C:\Users\damba\.cache\kagglehub\datasets\salmaneunus\mechanical-tools-dataset\versions\20\Mechanical Tools Image dataset\Mechanical Tools Image dataset\Toolbox\000365.jpg,Toolbox,exito,6361740.0,725456640.0,756652065.0,96313125660.0,111089987805.0,86836577235.0,14083889764260.0,18211467963885.0,11614972385835.0,12908186787465.0,13586177290.514668,21095371950.098003,552280057.81866,2308061071.322067,-19422039392.018253,33732679809.328125,108742455714.58203,0.0003356954430713959,0.0005212371428781629,1.3646067966326973e-05,2.26103615277257e-08,-1.902633070310058e-07,3.3045403142259136e-07,1.0652691419950358e-06
C:\Users\damba\.cache\kagglehub\datasets\salmaneunus\mechanical-tools-dataset\versions\20\Mechanical Tools Image dataset\Mechanical Tools Image dataset\Toolbox\000366.jpg,Toolbox,exito,8818155.0,878762130.0,951831105.0,132119113350.0,145887483135.0,93568219725.0,23192417508990.0,25257864126525.0,13977782049585.0,14483296380795.0,44547180091.61014,43146892564.12424,-1285310206.1538048,1147667423881.351,196232398424.36996,-26974929920.328125,222535603458.9961,0.0005728814514869211,0.0005548736056570514,-1.6529225306699567e-05,4.970175609055312e-06,8.498189110019192e-07,-1.1681967785804448e-07,9.637295661122233e-07
C:\Users\damba\.cache\kagglehub\datasets\salmaneunus\mechanical-tools-dataset\versions\20\Mechanical Tools Image dataset\Mechanical Tools Image dataset\Toolbox\000367.jpg,Toolbox,exito,4983975.0,550891290.0,508820625.0,65011437060.0,67761791835.0,56952742695.0,8103002656530.0,10220234228325.0,6770460557835.0,7610665325625.0,4120037444.6600194,15815618664.911743,711519477.6170415,6328834488.09018,73067916237.01537,-23935441901.460938,-24495863445.203125,0.00016586297571208214,0.0006366994498775181,2.8644093511244086e-05,1.1412586970574123e-07,1.3176106127957896e-06,-4.3162024997430245e-07,-4.4172615433975407e-07
C:\Users\damba\.cache\kagglehub\datasets\salmaneunus\mechanical-tools-dataset\versions\20\Mechanical Tools Image dataset\Mechanical Tools Image dataset\Toolbox\000368.jpg,Toolbox,exito,8647815.0,1120776765.0,818566575.0,181087048695.0,108998020335.0,120779012685.0,31762718111085.0,17167270675245.0,20471179879155.0,17307691827165.0,35831795551.41802,31515877422.91982,14690897032.01367,-994347624513.9908,883640201211.9745,-477723089756.9297,400137357416.08594,0.00047913267691783424,0.00042142143542288444,0.00019644253694103296,-4.521393074453148e-06,4.017995907639434e-06,-2.172252254928528e-06,1.8194625622355667e-06
C:\Users\damba\.cache\kagglehub\datasets\salmaneunus\mechanical-tools-dataset\versions\20\Mechanical Tools Image dataset\Mechanical Tools Image dataset\Toolbox\000369.jpg,Toolbox,exito,8325240.0,922984995.0,990595440.0,134726185665.0,141541045620.0,103534048125.0,22005417755775.0,22512566154780.0,14616949623615.0,14106695588025.0,32398649042.01375,23673053135.844154,-6289179461.88312,-114927321421.42075,37448159563.790016,-19206045168.335938,-88714549256.85156,0.00046744807643788356,0.00034155507957792157,-9.074035272327453e-05,-5.746870083085472e-07,1.872572206521852e-07,-9.603864862348204e-08,-4.436116519144662e-07
C:\Users\damba\.cache\kagglehub\datasets\salmaneunus\mechanical-tools-dataset\versions\20\Mechanical Tools Image dataset\Mechanical Tools Image dataset\Toolbox\000370.jpg,Toolbox,exito,6329610.0,574012905.0,695484705.0,66700460925.0,92615590215.0,64990298070.0,8884255071075.0,13709904285405.0,7886044374570.0,8801914308570.0,14644992245.801908,16197141860.529978,1918924652.0298514,179176175877.87167,-25927036984.18975,209090278225.48828,-18804421125.847656,0.0003655402820839103,0.0004042820716650398,4.789652645953672e-05,1.7776157273504016e-06,-2.572234198039001e-07,2.0743950203683417e-06,-1.8655959461826638e-07
C:\Users\damba\.cache\kagglehub\datasets\salmaneunus\mechanical-tools-dataset\versions\20\Mechanical Tools Image dataset\Mechanical Tools Image dataset\Toolbox\000371.jpg,Toolbox,exito,7331760.0,781696890.0,737047155.0,119504667270.0,107813899785.0,81981029160.0,20598183726930.0,17871196273455.0,12977375843370.0,12274795521120.0,36161782637.15986,33720024822.699818,3398605724.583693,145859483625.3228,253267586456.2562,239106441335.33984,96593353939.35547,0.0006727184688408191,0.0006272943924144621,6.322433996619894e-05,1.002106943290725e-06,1.7400391156618328e-06,1.6427469718950896e-06,6.636309703866359e-07
C:\Users\damba\.cache\kagglehub\datasets\salmaneunus\mechanical-tools-dataset\versions\20\Mechanical Tools Image dataset\Mechanical Tools Image dataset\Toolbox\000372.jpg,Toolbox,exito,6477000.0,715841610.0,417181785.0,108118474590.0,40381784445.0,46662321225.0,18449060755830.0,4758953771805.0,7138907418585.0,4611921351675.0,29003265294.43228,13511220644.508068,555160404.0838581,88833618498.404,417466168244.74207,52312998966.5625,77388819876.97656,0.0006913518049469014,0.00032206741843683617,1.3233377121579004e-05,8.320369438707426e-07,3.910088102535471e-06,4.899760757312162e-07,7.24842219292911e-07
C:\Users\damba\.cache\kagglehub\datasets\salmaneunus\mechanical-tools-dataset\versions\20\Mechanical Tools Image dataset\Mechanical Tools Image dataset\Toolbox\000373.jpg,Toolbox,exito,8280105.0,885428850.0,1066301370.0,123369893520.0,161102271570.0,119008187115.0,19478042149080.0,26634621540690.0,17034598489335.0,18391469426325.0,28687006236.285316,23785340001.634995,4983788174.101986,150283765881.97473,-238015236805.14612,81303073346.00781,-119532470907.24219,0.000418421064101933,0.00034692666050743364,7.269221242155004e-05,7.617675333409671e-07,-1.2064661726737392e-06,4.1211398498270243e-07,-6.05893490775787e-07
C:\Users\damba\.cache\kagglehub\datasets\salmaneunus\mechanical-tools-dataset\versions\20\Mechanical Tools Image dataset\Mechanical Tools Image dataset\Toolbox\000374.jpg,Toolbox,exito,4597140.0,285061185.0,441461100.0,28427313045.0,58870066020.0,24955152975.0,3912429705705.0,8868400171950.0,2216837628225.0,3335616894075.0,10751131942.487518,16476773056.720655,-2419132841.2691374,816377732911.6228,50623724332.05698,-213010307248.11035,149795994475.71973,0.000508719906405459,0.0007796446450586058,-0.00011446804291642488,1.801655807885675e-05,1.117209880705154e-06,-4.700903046734806e-06,3.3058327360627185e-06
C:\Users\damba\.cache\kagglehub\datasets\salmaneunus\mechanical-tools-dataset\versions\20\Mechanical Tools Image dataset\Mechanical Tools Image dataset\Toolbox\000375.jpg,Toolbox,exito,7097160.0,876946275.0,1056540480.0,130894690815.0,174462728820.0,125440142895.0,21538888682895.0,30732199298610.0,18544950017175.0,20121213640545.0,22536591344.73646,17177591401.84537,-5109152643.315599,-204227040777.38757,-354119254091.6118,321514910004.2969,85257428100.82812,0.0004474237540398403,0.0003410303853324813,-0.00010143309698734612,-1.5219547979758544e-06,-2.638991858124369e-06,2.396015522915976e-06,6.353612688467445e-07
C:\Users\damba\.cache\kagglehub\datasets\salmaneunus\mechanical-tools-dataset\versions\20\Mechanical Tools Image dataset\Mechanical Tools Image dataset\Toolbox\000376.jpg,Toolbox,exito,9633390.0,939790770.0,1075606065.0,121918952190.0,151962094665.0,110444543280.0,18080179619370.0,24005397975705.0,14718737682660.0,15777037355130.0,30237135988.51819,31866426674.315086,5513189722.942722,286706233290.7778,-77795404124.97507,30320205139.640625,-278848948966.375,0.00032582347235522567,0.00034338006729609416,5.9407961784623164e-05,9.953808434678482e-07,-2.700884947182298e-07,1.0526506877653031e-07,-9.681020842709432e-07
C:\Users\damba\.cache\kagglehub\datasets\salmaneunus\mechanical-tools-dataset\versions\20\Mechanical Tools Image dataset\Mechanical Tools Image dataset\Toolbox\000377.jpg,Toolbox,exito,6059055.0,617374890.0,668156355.0,78428351820.0,93008392215.0,70383412155.0,11413539174780.0,14523279555105.0,9038827380675.0,10020418830855.0,15522213024.014143,19328104657.470642,2303000907.548716,259036666671.3266,4094592966.0203614,-79101330096.6289,35598541765.140625,0.0004228086364864173,0.000526477092116249,6.273130461753202e-05,2.866480594304357e-06,4.5310462914367363e-08,-8.753294682924076e-07,3.9393083020475764e-07
C:\Users\damba\.cache\kagglehub\datasets\salmaneunus\mechanical-tools-dataset\versions\20\Mechanical Tools Image dataset\Mechanical Tools Image dataset\Toolbox\000378.jpg,Toolbox,exito,6614190.0,730098915.0,720016725.0,106761249075.0,85979755815.0,78213229485.0,17612106740025.0,11019619059195.0,11330765885865.0,9197344169505.0,26170212880.972126,7599170394.906894,-1264897043.6230614,49871579992.43473,5432626822.836805,-11951060218.945312,-18029501174.726562,0.0005982103499412828,0.00017370521217677714,-2.891357844687651e-05,4.432629796944462e-07,4.8285663967813104e-08,-1.06222072049072e-07,-1.602477887070378e-07
C:\Users\damba\.cache\kagglehub\datasets\salmaneunus\mechanical-tools-dataset\versions\20\Mechanical Tools Image dataset\Mechanical Tools Image dataset\Toolbox\000379.jpg,Toolbox,exito,8397405.0,1020768315.0,978768285.0,144815074515.0,142366417125.0,124459503420.0,22509850077105.0,23197685143695.0,18141250557240.0,18565239740640.0,20732938080.239586,28285060358.017666,5482789416.699001,-134013370901.49481,10429799156.089258,-70770603340.10156,-18583298747.835938,0.0002940157881608642,0.0004011131602359022,7.775196382837862e-05,-6.558210964531309e-07,5.1040297489122416e-08,-3.463300293615502e-07,-9.094107012262251e-08
C:\Users\damba\.cache\kagglehub\datasets\salmaneunus\mechanical-tools-dataset\versions\20\Mechanical Tools Image dataset\Mechanical Tools Image dataset\Toolbox\000380.jpg,Toolbox,exito,2454885.0,322982235.0,293603940.0,49760732385.0,41938650480.0,38788249410.0,8409368984175.0,6673354197300.0,5983685902560.0,5527174133910.0,7266878650.264882,6823655853.561855,159614363.5493941,-49674098012.90242,25280048478.14492,-9691503418.759766,-28754505090.039062,0.001205828664303383,0.0011322825410420925,2.648559086580934e-05,-5.260803848990082e-06,2.677318394426342e-06,-1.0263920338255357e-06,-3.045285513069424e-06
C:\Users\damba\.cache\kagglehub\datasets\salmaneunus\mechanical-tools-dataset\versions\20\Mechanical Tools Image dataset\Mechanical Tools Image dataset\Toolbox\000381.jpg,Toolbox,exito,5051550.0,566857860.0,573492450.0,76355550150.0,86435844480.0,64490029380.0,11393640157470.0,14853773082090.0,8788462936170.0,9664185347850.0,12745799985.440683,21328384352.513878,135781093.20544836,-35101033772.599556,198144807128.08243,89495552601.15625,-66011659571.03906,0.0004994796365740727,0.0008358120853359242,5.320959937026877e-06,-6.120096461151599e-07,3.4547852372563736e-06,1.5604139134805297e-06,-1.1509567688312004e-06
C:\Users\damba\.cache\kagglehub\datasets\salmaneunus\mechanical-tools-dataset\versions\20\Mechanical Tools Image dataset\Mechanical Tools Image dataset\Toolbox\000382.jpg,Toolbox,exito,7613790.0,891286455.0,656493930.0,140503883355.0,84882253920.0,80769627690.0,24646161168885.0,12959517841470.0,13138571199120.0,10904156809770.0,36167994807.18518,28276505649.185474,3919051617.0168805,-269327157102.50842,764357073468.6954,106173167473.27344,291824399154.10547,0.0006239110011182268,0.00048777995688618377,6.760505886052751e-05,-1.6837511740427567e-06,4.7785271031950275e-06,6.637622336648404e-07,1.8243970640622442e-06
C:\Users\damba\.cache\kagglehub\datasets\salmaneunus\mechanical-tools-dataset\versions\20\Mechanical Tools Image dataset\Mechanical Tools Image dataset\Toolbox\000383.jpg,Toolbox,exito,3572805.0,405184800.0,410541330.0,55200206490.0,58942840980.0,46603292805.0,8340365332650.0,9340707737100.0,6378141468675.0,6698987586525.0,9248993885.046745,11768650494.325888,44606650.064588785,-17602175130.89795,-136861618742.01202,25117986607.152344,4144464439.7402344,0.0007245625201755528,0.0009219514216589768,3.4944673106164655e-06,-7.295298287680486e-07,-5.672289506455135e-06,1.0410259148227892e-06,1.7176913708531655e-07
C:\Users\damba\.cache\kagglehub\datasets\salmaneunus\mechanical-tools-dataset\versions\20\Mechanical Tools Image dataset\Mechanical Tools Image dataset\Toolbox\000384.jpg,Toolbox,exito,5003355.0,523986750.0,743453010.0,75705519450.0,123945647310.0,82632321345.0,12485434353300.0,22027163573610.0,12345986064885.0,14135993548335.0,20829918143.364254,13475297299.245188,4772659880.319302,194103573236.97787,-394644442122.5099,97181535163.67578,-262819571675.9453,0.0008320797001405852,0.0005382892654157224,0.0001906504564615485,3.466412441917495e-06,-7.047785785153413e-06,1.7355233445637175e-06,-4.693581978136222e-06
C:\Users\damba\.cache\kagglehub\datasets\salmaneunus\mechanical-tools-dataset\versions\20\Mechanical Tools Image dataset\Mechanical Tools Image dataset\Toolbox\000385.jpg,Toolbox,exito,11243715.0,1253728410.0,1319025240.0,182933031180.0,192952720170.0,147096715065.0,30020545426110.0,31434863245560.0,21805840273305.0,21516527480955.0,43136271297.60098,38214932547.57649,19043948.730304237,2826551848.099768,-167007593498.87515,341312113773.15625,-3098902495.5,0.00034121093776662026,0.00030228280236108156,1.5063897294729624e-07,6.667797228868254e-09,-3.9396863350671855e-07,8.051506176777866e-07,-7.310268688656471e-09
C:\Users\damba\.cache\kagglehub\datasets\salmaneunus\mechanical-tools-dataset\versions\20\Mechanical Tools Image dataset\Mechanical Tools Image dataset\Toolbox\000386.jpg,Toolbox,exito,8564430.0,826790835.0,1030397370.0,102101045025.0,160350299520.0,107071577190.0,14519953010235.0,27553188100200.0,14160903388320.0,17440321456380.0,22284514930.1779,36381892970.712204,7599329541.983261,360753427311.69257,-493061395610.8053,409753539126.9297,131893880897.84375,0.00030381293274739086,0.0004960076374543514,0.00010360443573924317,1.680599792431828e-06,-2.2969674475295256e-06,1.90887088152303e-06,6.144385945595702e-07
C:\Users\damba\.cache\kagglehub\datasets\salmaneunus\mechanical-tools-dataset\versions\20\Mechanical Tools Image dataset\Mechanical Tools Image dataset\Toolbox\000387.jpg,Toolbox,exito,3459840.0,368030025.0,389203440.0,49518945465.0,45873596280.0,43985602290.0,7548662895705.0,5624268892710.0,6154660565940.0,5461096315920.0,10370863674.656916,2091422044.2452815,2585262461.196937,74896139910.2996,-6667446996.863685,34189001763.003906,-210239345.484375,0.0008663689812735086,0.0001747147819822909,0.00021596959280307284,3.3637165863332663e-06,-2.99446701508366e-07,1.5354878427396577e-06,-9.44221657287829e-09
C:\Users\damba\.cache\kagglehub\datasets\salmaneunus\mechanical-tools-dataset\versions\20\Mechanical Tools Image dataset\Mechanical Tools Image dataset\Toolbox\000388.jpg,Toolbox,exito,6777900.0,687151560.0,808438995.0,104841521610.0,134546554995.0,81014461350.0,18434052183090.0,24637669632675.0,12277687105350.0,13655010256650.0,35177279527.58013,38119400767.7895,-946045086.9616311,672465240976.5563,-503908406879.72485,-35539948750.41016,240200997324.22266,0.0007657234293800705,0.0008297662205214023,-2.0593090144121775e-05,5.62253216278907e-06,-4.213215869219667e-06,-2.9715216896990917e-07,2.0083384994415438e-06
C:\Users\damba\.cache\kagglehub\datasets\salmaneunus\mechanical-tools-dataset\versions\20\Mechanical Tools Image dataset\Mechanical Tools Image dataset\Toolbox\000389.jpg,Toolbox,exito,3923430.0,435970185.0,502955370.0,56233210725.0,68504812110.0,56185537965.0,8013546965625.0,9763039826460.0,7308488164245.0,7655056797645.0,7788354512.72293,4029568710.2612667,297311156.91537774,34053512591.038353,-51905148927.68244,33722740458.601562,-33400520275.785156,0.0005059573329052272,0.0002617741442138532,1.9314318544454708e-05,1.1168559039532548e-06,-1.702337515710812e-06,1.1060075426281896e-06,-1.0954396603109303e-06
C:\Users\damba\.cache\kagglehub\datasets\salmaneunus\mechanical-tools-dataset\versions\20\Mechanical Tools Image dataset\Mechanical Tools Image dataset\Toolbox\000390.jpg,Toolbox,exito,9849885.0,1044668190.0,1187633685.0,147498025650.0,172410673185.0,123219634770.0,23620423057140.0,27647440979115.0,17261680591320.0,17391246008700.0,36701643032.55054,29213694768.837856,-2739514204.0215497,191867954411.34338,-185478803155.80896,58448569530.39844,-233819379818.91406,0.0003782885417324741,0.00030110929864693003,-2.8236524244312375e-05,6.301218585788603e-07,-6.091389702365599e-07,1.9195347850955672e-07,-7.678963516095111e-07
C:\Users\damba\.cache\kagglehub\datasets\salmaneunus\mechanical-tools-dataset\versions\20\Mechanical Tools Image dataset\Mechanical Tools Image dataset\Toolbox\000391.jpg,Toolbox,exito,9127215.0,922312560.0,915350295.0,127488414330.0,129833309415.0,91064752380.0,19962716991870.0,21441547296255.0,12278477731830.0,12922734934500.0,34287973852.40047,38034643276.79825,-1432145510.3428042,150252436900.70676,791984208158.5077,-217643602243.33984,90226622920.80078,0.00041159042287484856,0.00045656517872943477,-1.7191373825637795e-05,5.970020498037716e-07,3.1468121611585117e-06,-8.647691800953374e-07,3.5849986823299667e-07
C:\Users\damba\.cache\kagglehub\datasets\salmaneunus\mechanical-tools-dataset\versions\20\Mechanical Tools Image dataset\Mechanical Tools Image dataset\Toolbox\000392.jpg,Toolbox,exito,5311140.0,520230090.0,560753160.0,75357514320.0,73325884440.0,54713199840.0,12321128203590.0,10617285954030.0,7980560157210.0,7265220129660.0,24400592351.94641,14121249192.202797,-212986796.87728745,159691832588.16553,-106361252572.56914,65995675070.81641,127870064932.58203,0.000865017453990366,0.0005006078068604096,-7.550525581960226e-06,2.4564805578095164e-06,-1.636115916601649e-06,1.015187126877451e-06,1.966978043534622e-06
C:\Users\damba\.cache\kagglehub\datasets\salmaneunus\mechanical-tools-dataset\versions\20\Mechanical Tools Image dataset\Mechanical Tools Image dataset\Toolbox\000393.jpg,Toolbox,exito,9916440.0,1095371115.0,950975325.0,158193289455.0,122712948495.0,102787181940.0,25849938673365.0,18149838088455.0,14105511118380.0,12996392931450.0,37198468775.77002,31515495703.5894,-2257662992.5299706,157995163974.84525,337205367916.6843,-566282105140.1484,-125478992524.97656,0.00037828009210597,0.0003204885848764972,-2.295871289505245e-05,5.102162926197018e-07,1.0889426507845854e-06,-1.8287037969560088e-06,-4.0521130366966046e-07
C:\Users\damba\.cache\kagglehub\datasets\salmaneunus\mechanical-tools-dataset\versions\20\Mechanical Tools Image dataset\Mechanical Tools Image dataset\Toolbox\000394.jpg,Toolbox,exito,10573830.0,1166702010.0,1049890590.0,173289558480.0,145299376890.0,113641504545.0,28697081025750.0,23226158632140.0,16685404049535.0,15460655576085.0,44557246712.35855,41054249914.19766,-2201994133.6326222,-256224899291.14325,646507752702.4338,-34832121272.72656,-134201654363.98438,0.00039852328308745183,0.00036719222276274143,-1.9694797058256803e-05,-7.047588230833107e-07,1.7782504517294306e-06,-9.580741318105951e-08,-3.691280599467647e-07
C:\Users\damba\.cache\kagglehub\datasets\salmaneunus\mechanical-tools-dataset\versions\20\Mechanical Tools Image dataset\Mechanical Tools Image dataset\Toolbox\000395.jpg,Toolbox,exito,5571495.0,625610625.0,596124210.0,81642873405.0,74507360130.0,70732568355.0,11756463085275.0,10275915590490.0,9549864219345.0,9152288205225.0,11394465372.166685,10724825325.943977,3795123450.9426017,30051006696.081852,8959011274.826887,-37837558881.19531,-26096784103.835938,0.000367071327731585,0.0003454989544046503,0.00012225944426016346,4.101376724931563e-07,1.222730429385758e-07,-5.164089339602579e-07,-3.561702408225545e-07
C:\Users\damba\.cache\kagglehub\datasets\salmaneunus\mechanical-tools-dataset\versions\20\Mechanical Tools Image dataset\Mechanical Tools Image dataset\Toolbox\000396.jpg,Toolbox,exito,3729630.0,417517365.0,400813590.0,52500883335.0,49057439070.0,44816674575.0,7152164905305.0,6741914430090.0,5621518163085.0,5510374448565.0,5761461441.52981,5983049940.598932,-52825604.103650995,-15047625008.963982,183874162949.7065,-8787340038.029297,29941736980.996094,0.00041419147957283626,0.00043012147740709996,-3.7976328306747182e-06,-5.601490272687334e-07,6.844730211895541e-06,-3.2710942568342197e-07,1.1145835196351662e-06
C:\Users\damba\.cache\kagglehub\datasets\salmaneunus\mechanical-tools-dataset\versions\20\Mechanical Tools Image dataset\Mechanical Tools Image dataset\Toolbox\000397.jpg,Toolbox,exito,2789190.0,299561760.0,297615855.0,34087276980.0,40768927995.0,32587080105.0,4070374199820.0,6338240539005.0,3754828668285.0,4515616161105.0,1914048173.6807458,9012325846.210915,622843417.0351069,-1774332550.1374335,64769930268.169235,-16185218702.769531,4074109226.310547,0.0002460348711691753,0.0011584590497757104,8.006130774342848e-05,-1.3656511383939728e-07,4.985149429714981e-06,-1.2457282793397767e-06,3.135721036296963e-07
C:\Users\damba\.cache\kagglehub\datasets\salmaneunus\mechanical-tools-dataset\versions\20\Mechanical Tools Image dataset\Mechanical Tools Image dataset\Toolbox\000398.jpg,Toolbox,exito,9625740.0,1019954610.0,907324425.0,147061791030.0,110606968845.0,97006365345.0,24158990196630.0,15132297768705.0,13876441499475.0,11750004809925.0,38986213831.753204,25082363754.733635,865213595.1761655,314102555348.38995,-22078617016.1616,-168994194386.8828,-133148758224.04297,0.0004207680999535221,0.0002707074502019617,9.338026053705137e-06,1.0926627871396039e-06,-7.680447928323636e-08,-5.878769984675004e-07,-4.631821384066489e-07
C:\Users\damba\.cache\kagglehub\datasets\salmaneunus\mechanical-tools-dataset\versions\20\Mechanical Tools Image dataset\Mechanical Tools Image dataset\Toolbox\000399.jpg,Toolbox,exito,3250230.0,363749595.0,481126095.0,45753330375.0,77337433515.0,53171405580.0,6265080098565.0,12864889236375.0,6685450655250.0,8449660582770.0,5044282749.858389,6117144707.76204,-673836818.2861264,15532525482.35691,-394262662409.0885,63486844358.67578,-6066908922.0390625,0.0004774976440824483,0.0005790559989028751,-6.378617321494737e-05,8.155617298044681e-07,-2.070143321618294e-05,3.3334849933967037e-06,-3.1855339562420837e-07
C:\Users\damba\.cache\kagglehub\datasets\salmaneunus\mechanical-tools-dataset\versions\20\Mechanical Tools Image dataset\Mechanical Tools Image dataset\Toolbox\000400.jpg,Toolbox,exito,6693750.0,763513350.0,750641460.0,104725667460.0,100425837570.0,83854092390.0,15969224766750.0,14960165138340.0,11249574875520.0,11143024346460.0,17636571567.828575,16248418115.892576,-1766789144.7885673,453767847.18875605,54130414952.39893,-91376567884.15625,84347625143.23438,0.0003936182160327412,0.00036263699707931094,-3.943172223711909e-05,3.914353099605228e-09,4.669470498285456e-07,-7.882448127265582e-07,7.2761080356233e-07
C:\Users\damba\.cache\kagglehub\datasets\salmaneunus\mechanical-tools-dataset\versions\20\Mechanical Tools Image dataset\Mechanical Tools Image dataset\Toolbox\000401.jpg,Toolbox,exito,4984485.0,555586350.0,527856630.0,72092631000.0,65884495350.0,58550557905.0,10250996770680.0,9206114110890.0,7505381775795.0,7230810992955.0,10165231819.077103,9984513338.82796,-285999609.9690424,-50771577648.19438,114231837967.27809,-65466223283.19531,-52307064878.32031,0.00040914448393814386,0.00040187067349725864,-1.1511312767869376e-05,-9.153136207884909e-07,2.0593797172042765e-06,-1.1802297397158063e-06,-9.429954940211821e-07
C:\Users\damba\.cache\kagglehub\datasets\salmaneunus\mechanical-tools-dataset\versions\20\Mechanical Tools Image dataset\Mechanical Tools Image dataset\Toolbox\000402.jpg,Toolbox,exito,8044485.0,947336985.0,840840060.0,136729684455.0,108333619620.0,103034468955.0,21873554423235.0,15576358611810.0,15020806195935.0,13720241355045.0,25169110577.506256,20445829848.398262,4015216969.618818,-155990748501.14572,-21233131384.494183,-216380915130.8203,123254706397.85156,0.00038892993975325383,0.0003159426451187174,6.204581958830648e-05,-8.498714232649194e-07,-1.1568270402894156e-07,-1.1788901462207248e-06,6.715183673195369e-07
C:\Users\damba\.cache\kagglehub\datasets\salmaneunus\mechanical-tools-dataset\versions\20\Mechanical Tools Image dataset\Mechanical Tools Image dataset\Toolbox\000403.jpg,Toolbox,exito,3869370.0,426080520.0,434643930.0,54960147960.0,51834032070.0,48981723450.0,7816677093810.0,6496754257890.0,6417733064730.0,5958104651400.0,8041758267.758013,3010749239.501784,1120363148.6476924,-6384932037.877206,-2121572039.4115212,-2646616883.5878906,-1364053322.7558594,0.0005371189734934493,0.00020109166268413912,7.483043935232664e-05,-2.1679817825577766e-07,-7.203725121179724e-08,-8.986496888283295e-08,-4.6315962904991213e-08
C:\Users\damba\.cache\kagglehub\datasets\salmaneunus\mechanical-tools-dataset\versions\20\Mechanical Tools Image dataset\Mechanical Tools Image dataset\Toolbox\000404.jpg,Toolbox,exito,8750325.0,977070240.0,1149306420.0,147902917710.0,187644570300.0,128231358615.0,25165534882950.0,33120072243750.0,19351162735185.0,20928771281595.0,38802255289.61474,36689577536.5065,-101371840.4906107,-14855226027.693384,-1163939303652.035,-52422622364.5625,2815877246.9609375,0.0005067673207764967,0.0004791752121061194,-1.3239420137869834e-06,-6.558715684859968e-08,-5.138896542439844e-06,-2.3145058506883842e-07,1.2432350899174217e-08
C:\Users\damba\.cache\kagglehub\datasets\salmaneunus\mechanical-tools-dataset\versions\20\Mechanical Tools Image dataset\Mechanical Tools Image dataset\Toolbox\000405.jpg,Toolbox,exito,9846570.0,888553620.0,1043873355.0,111214900830.0,151775304105.0,88940736000.0,16169095017270.0,25028153011515.0,10521312390960.0,12620383773870.0,31031899478.75744,41110211460.662315,-5258304722.484601,532440226303.23926,221351797830.06494,-319995827328.27734,39100392494.15625,0.0003200651687674665,0.0004240135792599565,-5.423452049994168e-05,1.7500821194499687e-06,7.275630283987509e-07,-1.0517968929471374e-06,1.285193987738381e-07
C:\Users\damba\.cache\kagglehub\datasets\salmaneunus\mechanical-tools-dataset\versions\20\Mechanical Tools Image dataset\Mechanical Tools Image dataset\Toolbox\000406.jpg,Toolbox,exito,3578160.0,398983455.0,438340155.0,61581247695.0,58345904085.0,46721641620.0,10685307330765.0,8310456727665.0,7138226334240.0,5799606140460.0,17092516793.157423,4647329542.379199,-2155566080.9232507,6868753920.803888,24193691881.47115,74969449465.54688,-178133272222.11328,0.0013350160972971472,0.0003629810532644637,-0.00016836112853621933,2.8361458870141274e-07,9.989707086972025e-07,3.0955293813836276e-06,-7.355219784813412e-06
C:\Users\damba\.cache\kagglehub\datasets\salmaneunus\mechanical-tools-dataset\versions\20\Mechanical Tools Image dataset\Mechanical Tools Image dataset\Toolbox\000407.jpg,Toolbox,exito,6656265.0,785201610.0,710772975.0,113141276400.0,105241055865.0,84115505640.0,18140269598760.0,17763166958085.0,12291479284230.0,12662868857220.0,20515521814.419037,29342902472.616943,269672531.71934515,-46559486932.78691,258638135915.0823,146341397700.10938,190589223132.4414,0.000463043039406152,0.0006622803391902709,6.0866104143602365e-06,-4.073161934028649e-07,2.262643081566241e-06,1.2802379273318039e-06,1.6673310206785943e-06
C:\Users\damba\.cache\kagglehub\datasets\salmaneunus\mechanical-tools-dataset\versions\20\Mechanical Tools Image dataset\Mechanical Tools Image dataset\Toolbox\000408.jpg,Toolbox,exito,4098870.0,444217140.0,480365430.0,61954729620.0,59653255170.0,52141110465.0,9747407169270.0,7779268106250.0,7180771168425.0,6501554418945.0,13812469077.514,3357020759.2758474,81260440.61030419,39164697278.18272,1379319405.4030962,-97601869873.63672,17555703128.41797,0.0008221347964755633,0.0001998139190902882,4.8367193025195985e-06,1.1514217077976852e-06,4.055127233812271e-08,-2.869444155176803e-06,5.161285311139812e-07
C:\Users\damba\.cache\kagglehub\datasets\salmaneunus\mechanical-tools-dataset\versions\20\Mechanical Tools Image dataset\Mechanical Tools Image dataset\Toolbox\000409.jpg,Toolbox,exito,2045355.0,197684415.0,215667780.0,24750184485.0,26681061570.0,21724647225.0,3506599110555.0,3660582984450.0,2737970901705.0,2820732719955.0,5643903211.630716,3940465766.274776,880266213.5625198,23512237872.76124,16272669222.484352,-41911889015.993164,56361660544.5293,0.0013490938540037046,0.0009419116430342375,0.00021041497241785278,3.929816075825999e-06,2.719800533372536e-06,-7.005118615871771e-06,9.420241529826255e-06
C:\Users\damba\.cache\kagglehub\datasets\salmaneunus\mechanical-tools-dataset\versions\20\Mechanical Tools Image dataset\Mechanical Tools Image dataset\Toolbox\000410.jpg,Toolbox,exito,5553900.0,522767085.0,466732365.0,67324355145.0,57193837545.0,43040128335.0,9824195942745.0,8445648014205.0,5613744654855.0,5389873465185.0,18118315216.409782,17971111075.583332,-891580540.9621181,76401681011.12457,618785195505.8783,123858704794.17969,156290443448.78906,0.0005873834413807408,0.0005826111833759886,-2.8904434003009068e-05,1.0510122416949573e-06,8.512257935287974e-06,1.7038501412057957e-06,2.149994177493202e-06
C:\Users\damba\.cache\kagglehub\datasets\salmaneunus\mechanical-tools-dataset\versions\20\Mechanical Tools Image dataset\Mechanical Tools Image dataset\Toolbox\000411.jpg,Toolbox,exito,8353800.0,851044395.0,988543200.0,119640239805.0,144457892190.0,91805379480.0,19268026958415.0,23694721244850.0,12108690127110.0,12640804071870.0,32939988151.750458,27479073177.545795,-8902579721.245419,368132290320.43066,96913196454.28018,-234981538477.98438,31104274170.304688,0.00047201444725933177,0.00039376211907983776,-0.0001275697558525833,1.8251296858205106e-06,4.80477144894033e-07,-1.1649936524792327e-06,1.5420905918008416e-07
C:\Users\damba\.cache\kagglehub\datasets\salmaneunus\mechanical-tools-dataset\versions\20\Mechanical Tools Image dataset\Mechanical Tools Image dataset\Toolbox\000412.jpg,Toolbox,exito,6447930.0,728746395.0,814235400.0,106428374115.0,121740473100.0,91540236855.0,17361549499965.0,20059909514100.0,13157130678735.0,13570452839325.0,24065304381.690853,18919988601.38416,-484818074.470858,-106739018596.36823,-91682048534.00554,-172904064333.5078,-66236581873.97656,0.0005788295989001463,0.00045507213370908015,-1.1661063875801716e-05,-1.0110495036362467e-06,-8.684274118463228e-07,-1.6377756767854597e-06,-6.27403775178838e-07
C:\Users\damba\.cache\kagglehub\datasets\salmaneunus\mechanical-tools-dataset\versions\20\Mechanical Tools Image dataset\Mechanical Tools Image dataset\Toolbox\000413.jpg,Toolbox,exito,4277880.0,459972060.0,479390310.0,58539546750.0,58091941680.0,49298222055.0,8310659817570.0,7516637071110.0,6042948366405.0,5727803058135.0,9081802264.263231,4370222201.684549,-2247438046.4377694,63278754502.44089,27226829928.386757,-33840615019.74414,-14730636212.263672,0.0004962663703664059,0.00023880659880240405,-0.00012280909553799007,1.6718081102850675e-06,7.193257112839253e-07,-8.940601801013739e-07,-3.8917954822216626e-07
C:\Users\damba\.cache\kagglehub\datasets\salmaneunus\mechanical-tools-dataset\versions\20\Mechanical Tools Image dataset\Mechanical Tools Image dataset\Toolbox\000414.jpg,Toolbox,exito,8373180.0,861593745.0,867893520.0,118847235705.0,112859050050.0,90646115310.0,18815523961125.0,16680370439550.0,12283593886590.0,11667990900300.0,30189905822.789783,22900496423.063725,1340543453.425519,373199428261.95966,235002835787.62775,-310994244445.8047,-223017001445.1914,0.0004306068194479109,0.00032663599503744613,1.9120535062270003e-05,1.839563996886358e-06,1.1583692876873084e-06,-1.532943975787144e-06,-1.0992890542805376e-06
C:\Users\damba\.cache\kagglehub\datasets\salmaneunus\mechanical-tools-dataset\versions\20\Mechanical Tools Image dataset\Mechanical Tools Image dataset\Toolbox\000415.jpg,Toolbox,exito,5173695.0,569869920.0,530019030.0,70361841960.0,74064323640.0,58770492855.0,9428007980070.0,11545351273740.0,7059483016875.0,8251072183335.0,7592056396.528168,19766539916.34777,390185893.61599874,5329141938.290706,-92131337646.39339,-234689838813.7578,13121920459.242188,0.00028363366734455775,0.0007384634563239187,1.4577059254068277e-05,8.752965790500107e-08,-1.5132313156413163e-06,-3.854714613162829e-06,2.1552385396259438e-07
C:\Users\damba\.cache\kagglehub\datasets\salmaneunus\mechanical-tools-dataset\versions\20\Mechanical Tools Image dataset\Mechanical Tools Image dataset\Toolbox\000416.jpg,Toolbox,exito,5571750.0,520029150.0,641372685.0,73984848810.0,89029445655.0,59199778470.0,12413841418770.0,13592526367605.0,8287945236120.0,7997066334750.0,25448874143.203663,15200052544.377808,-661574285.1967924,758151407940.8765,-155192325600.23737,-105070477830.42188,-160025350572.1328,0.0008197573711034379,0.0004896230396793768,-2.1310585048706073e-05,1.0346105234289379e-05,-2.1178304430971537e-06,-1.4338431733617353e-06,-2.1837842676702503e-06
C:\Users\damba\.cache\kagglehub\datasets\salmaneunus\mechanical-tools-dataset\versions\20\Mechanical Tools Image dataset\Mechanical Tools Image dataset\Toolbox\000417.jpg,Toolbox,exito,9193515.0,1051299465.0,1110447990.0,156774339405.0,169266893190.0,122861299845.0,26203587321075.0,28513966215780.0,18097105378245.0,18518776548915.0,36555841354.00576,35140311736.11212,-4120967307.1529493,-84405036406.03006,-420022404139.4116,103442603422.17969,158230606836.0703,0.000432507463201159,0.0004157597396788772,-4.8756889458278744e-05,-3.2935509715203043e-07,-1.6389604887544636e-06,4.03641182451252e-07,6.174282851585328e-07
C:\Users\damba\.cache\kagglehub\datasets\salmaneunus\mechanical-tools-dataset\versions\20\Mechanical Tools Image dataset\Mechanical Tools Image dataset\Toolbox\000418.jpg,Toolbox,exito,6804165.0,801866880.0,769747590.0,116346141900.0,117564808320.0,82811472615.0,18740082350610.0,20250944867340.0,11154386027775.0,12176879729895.0,21846597394.401688,30484122841.20751,-7902832282.194461,-120460212352.57994,53699789700.226746,-145034753871.23047,110012768472.16406,0.00047188278287611687,0.0006584518614112703,-0.00017069983131015023,-9.974853657630578e-07,4.446676070414776e-07,-1.2009778306729089e-06,9.109740424238336e-07
C:\Users\damba\.cache\kagglehub\datasets\salmaneunus\mechanical-tools-dataset\versions\20\Mechanical Tools Image dataset\Mechanical Tools Image dataset\Toolbox\000419.jpg,Toolbox,exito,6704715.0,808453530.0,617930535.0,122232925530.0,86304263205.0,77833168305.0,20817850308300.0,14208021747975.0,12075470998395.0,10806461082015.0,24749720029.175446,29353573118.190014,3323196991.4484835,110387399712.11722,843251162317.5913,8625838740.65625,-212649503864.29297,0.0005505663278736945,0.0006529806778663704,7.392569945138312e-05,9.483501092927745e-07,7.244462085624833e-06,7.410551506582186e-08,-1.8268949242095393e-06
C:\Users\damba\.cache\kagglehub\datasets\salmaneunus\mechanical-tools-dataset\versions\20\Mechanical Tools Image dataset\Mechanical Tools Image dataset\Toolbox\000420.jpg,Toolbox,exito,7859355.0,851305005.0,937543710.0,115623477765.0,144041708220.0,100587557805.0,17616118976325.0,24871455820830.0,13941577660095.0,15290306599065.0,23412321564.771107,32201969696.856037,-964751860.2675042,20158700911.960903,5941310146.583611,357833430136.8125,-81747858307.95312,0.0003790274543385961,0.0005213250879508533,-1.561858958130161e-05,1.1641133685371416e-07,3.4309545036999946e-08,2.0663964486154216e-06,-4.7207295311923633e-07
C:\Users\damba\.cache\kagglehub\datasets\salmaneunus\mechanical-tools-dataset\versions\20\Mechanical Tools Image dataset\Mechanical Tools Image dataset\Toolbox\000421.jpg,Toolbox,exito,6601695.0,750557310.0,740043660.0,102484408200.0,97755139950.0,85101025560.0,15517437648810.0,14299934915190.0,11671088418960.0,11444569025220.0,17152341875.452118,14796957436.843058,964272993.8553009,-34333963179.54826,24228353577.97036,-36574662416.73047,114441972884.32031,0.00039356141417951063,0.00033951699054765247,2.2125296118306266e-05,-3.066092813418869e-07,2.163641301701998e-07,-3.2661918172020934e-07,1.0219901174214177e-06
C:\Users\damba\.cache\kagglehub\datasets\salmaneunus\mechanical-tools-dataset\versions\20\Mechanical Tools Image dataset\Mechanical Tools Image dataset\Toolbox\000422.jpg,Toolbox,exito,8832435.0,1062833880.0,1161813405.0,167363710380.0,175829634645.0,136472432805.0,29272990792620.0,28843992381315.0,21027940960095.0,20791721361765.0,39469663440.97873,23005369531.507072,-3332122685.321905,-365405951755.79364,-336762409881.3555,-185055961531.73438,510215389413.71094,0.000505944085179823,0.0002948956141783989,-4.271300073924122e-05,-1.5760663322532443e-06,-1.452521212728321e-06,-7.981820469849358e-07,2.200657360911961e-06
C:\Users\damba\.cache\kagglehub\datasets\salmaneunus\mechanical-tools-dataset\versions\20\Mechanical Tools Image dataset\Mechanical Tools Image dataset\Toolbox\000423.jpg,Toolbox,exito,3726825.0,525003435.0,408002295.0,83217256155.0,50254743375.0,56479006500.0,14007679255305.0,6696366615435.0,8888602346010.0,6931926057780.0,9259233773.536095,5587802285.663356,-996889567.8012305,-323984937620.29565,-28854704253.967968,59078394651.87109,70738201127.33594,0.000666648718925059,0.0004023120407641872,-7.177431411051254e-05,-1.2083070782318921e-05,-1.0761408739075061e-06,2.2033383080325394e-06,2.63819268115867e-06
C:\Users\damba\.cache\kagglehub\datasets\salmaneunus\mechanical-tools-dataset\versions\20\Mechanical Tools Image dataset\Mechanical Tools Image dataset\Toolbox\000424.jpg,Toolbox,exito,8844930.0,1141613835.0,1074611820.0,176487440805.0,162959885880.0,137050382400.0,29901883781445.0,27503503286160.0,21055691989170.0,20804978815080.0,29139508343.871746,32400281260.889114,-1649609682.0774856,-399388910103.1946,-168176419733.7719,39239004264.0625,172607485387.6953,0.0003724718186735209,0.00041415220683759397,-2.1085912333660546e-05,-1.7165640035173427e-06,-7.228182381950106e-07,1.6864830382032796e-07,7.418628526205379e-07
C:\Users\damba\.cache\kagglehub\datasets\salmaneunus\mechanical-tools-dataset\versions\20\Mechanical Tools Image dataset\Mechanical Tools Image dataset\Toolbox\000425.jpg,Toolbox,exito,7221855.0,818215440.0,897602805.0,111217180530.0,133597676535.0,101698200360.0,16868966270010.0,21722055145155.0,13695440109360.0,15041303900460.0,18515719997.436874,22034816917.37155,2379267.1769973757,72823136126.44568,-360176656049.40094,-128258471433.9375,-95520774481.07031,0.0003550120347539203,0.0004224856063036741,4.561899196174826e-08,5.195740674381176e-07,-2.569766424984929e-06,-9.150907147230966e-07,-6.815157923958964e-07
C:\Users\damba\.cache\kagglehub\datasets\salmaneunus\mechanical-tools-dataset\versions\20\Mechanical Tools Image dataset\Mechanical Tools Image dataset\Toolbox\000426.jpg,Toolbox,exito,2434485.0,240355095.0,199376340.0,29587602315.0,21739182480.0,18706842840.0,4220953783935.0,2854653405180.0,2233405902600.0,1911185633100.0,5857502646.093014,5410913892.682517,-977451432.2802973,143174633448.17413,188013416266.16013,3284544196.479492,-75009349416.27148,0.0009883216008764206,0.0009129698104681882,-0.00016492290703010867,1.548275788330765e-05,2.0331577827410295e-05,3.5518723761582485e-07,-8.111434044054581e-06
C:\Users\damba\.cache\kagglehub\datasets\salmaneunus\mechanical-tools-dataset\versions\20\Mechanical Tools Image dataset\Mechanical Tools Image dataset\Toolbox\000427.jpg,Toolbox,exito,6335985.0,765572220.0,679080300.0,119733916350.0,95714872200.0,81297856620.0,20635930763910.0,15586159708680.0,13284641375730.0,11191130950710.0,27230410733.15772,22932178767.47293,-754896476.6796864,-411886133124.0944,411934106476.7184,634187138213.7812,-212206737978.51562,0.0006783063945534838,0.0005712379314234718,-1.8804384273727305e-05,-4.076071747056378e-06,4.0765464967784885e-06,6.275987629913525e-06,-2.1000218741246677e-06
C:\Users\damba\.cache\kagglehub\datasets\salmaneunus\mechanical-tools-dataset\versions\20\Mechanical Tools Image dataset\Mechanical Tools Image dataset\Toolbox\000428.jpg,Toolbox,exito,7855275.0,815709045.0,1149596865.0,113129661915.0,184061300355.0,118912406565.0,17873527630845.0,31442966747505.0,16554193164585.0,18909385262805.0,28424639354.38793,15821111180.486305,-464262091.9399354,222540322783.6157,-124622354561.87677,94413067681.73438,-68058434986.640625,0.0004606511673241337,0.00025639774150840243,-7.5238553400840725e-06,1.2867827482336117e-06,-7.205970310845701e-07,5.459195222737075e-07,-3.9353056972844357e-07
C:\Users\damba\.cache\kagglehub\datasets\salmaneunus\mechanical-tools-dataset\versions\20\Mechanical Tools Image dataset\Mechanical Tools Image dataset\Toolbox\000429.jpg,Toolbox,exito,8145720.0,827356680.0,884748255.0,113616391380.0,114702409095.0,90468218385.0,17648635794750.0,16466993514015.0,12499631136855.0,11776808452035.0,29582189867.963924,18605382101.00252,604783490.0375538,99379847048.14119,-33072162934.100048,36319442649.37891,-4834748537.578125,0.0004458321311879681,0.00028040105180446355,9.114670464702079e-06,5.247768036292017e-07,-1.7463806263712502e-07,1.9178537288251602e-07,-2.552996366227212e-08
C:\Users\damba\.cache\kagglehub\datasets\salmaneunus\mechanical-tools-dataset\versions\20\Mechanical Tools Image dataset\Mechanical Tools Image dataset\Toolbox\000430.jpg,Toolbox,exito,7198395.0,575574525.0,761410875.0,65254211595.0,103641532665.0,62597566260.0,8887635972765.0,16103912289825.0,7080666056340.0,8390391638100.0,19232003334.828724,23103229255.939293,1716119394.6974773,594458922668.8972,253727619634.02307,-96041467889.58984,-259699093760.57422,0.0003711531726631069,0.00044586290298609415,3.311891886255914e-05,4.27595045736105e-06,1.825065937858781e-06,-6.908274783804586e-07,-1.8680188258529744e-06
C:\Users\damba\.cache\kagglehub\datasets\salmaneunus\mechanical-tools-dataset\versions\20\Mechanical Tools Image dataset\Mechanical Tools Image dataset\Toolbox\000431.jpg,Toolbox,exito,4758300.0,451986225.0,575571465.0,50333320605.0,80907696675.0,56969741250.0,6221332562235.0,12448626094485.0,6591948143670.0,8281917328860.0,7399594780.703376,11285665419.668003,2296775341.36254,34459646511.25193,-68360111345.16682,67213530180.80859,40931874057.62891,0.0003268167430960585,0.0004984522160248767,0.00010144131657653986,6.977201548566822e-07,-1.3841183036568823e-06,1.3609029527016555e-06,8.287662932566018e-07
C:\Users\damba\.cache\kagglehub\datasets\salmaneunus\mechanical-tools-dataset\versions\20\Mechanical Tools Image dataset\Mechanical Tools Image dataset\Toolbox\000432.jpg,Toolbox,exito,7634190.0,818639250.0,663244800.0,113369923170.0,87716949180.0,74928531900.0,17395626102900.0,13851277538730.0,10321156693440.0,10546673725020.0,25584549523.213303,30095424862.811142,3806615149.382054,-248433285586.37753,1001311988540.6975,-344611536163.8633,479073508643.27344,0.00043898718823720865,0.0005163861074568703,6.531501676870302e-05,-1.5427742154021916e-06,6.218161603617215e-06,-2.140042511086529e-06,2.9750532609694262e-06
C:\Users\damba\.cache\kagglehub\datasets\salmaneunus\mechanical-tools-dataset\versions\20\Mechanical Tools Image dataset\Mechanical Tools Image dataset\Toolbox\000433.jpg,Toolbox,exito,6022335.0,640525575.0,716353140.0,91272634245.0,104474631690.0,77153135325.0,14817601653645.0,16670917317720.0,11105438579895.0,11349751094355.0,23147395076.292072,19264854886.175625,963001946.2431676,186158266066.65817,-339363418935.7202,43766838259.18359,8905314074.550781,0.0006382227840790919,0.000531172915129777,2.6552006443022676e-05,2.0915586635540223e-06,-3.8128766128180384e-06,4.91737013195991e-07,1.0005457827817758e-07
C:\Users\damba\.cache\kagglehub\datasets\salmaneunus\mechanical-tools-dataset\versions\20\Mechanical Tools Image dataset\Mechanical Tools Image dataset\Toolbox\000434.jpg,Toolbox,exito,5434815.0,515664315.0,508395285.0,75713344635.0,74551878795.0,47433626100.0,12888865502235.0,12314025695475.0,6750506124690.0,7254196523520.0,26786254059.806694,26994461328.125557,-803766780.6693071,622008083923.8759,289782480584.1118,-179510762962.45312,330965276877.21875,0.0009068646075904796,0.0009139135888425761,-2.7212003758288646e-05,9.033043789928728e-06,4.208334110639644e-06,-2.6069252546913922e-06,4.806406727253542e-06
C:\Users\damba\.cache\kagglehub\datasets\salmaneunus\mechanical-tools-dataset\versions\20\Mechanical Tools Image dataset\Mechanical Tools Image dataset\Toolbox\000435.jpg,Toolbox,exito,6951810.0,712483005.0,984386445.0,95908364925.0,158012504655.0,100212039960.0,14484192780765.0,27124936472715.0,13614169159830.0,15918378976980.0,22886801848.070396,18621946929.78339,-676593707.3279574,-36629099796.47985,-523654613240.6977,172091289640.625,-84527430939.51562,0.0004735756039122309,0.0003853268718729791,-1.4000133163125512e-05,-2.8746270686683073e-07,-4.109606117045244e-06,1.350560844333172e-06,-6.633655819384183e-07
C:\Users\damba\.cache\kagglehub\datasets\salmaneunus\mechanical-tools-dataset\versions\20\Mechanical Tools Image dataset\Mechanical Tools Image dataset\Toolbox\000436.jpg,Toolbox,exito,4728210.0,449056020.0,539443320.0,57883778040.0,73562324520.0,47759385540.0,8694552754560.0,11043363768990.0,5826245230050.0,6393883914330.0,15235226241.699926,12017026089.384102,-3473590638.043358,303216686787.9565,-91444851260.40329,-117937415387.21094,199997826638.1328,0.000681483575760862,0.0005375309680003336,-0.00015537642376875615,6.2375092836137955e-06,-1.881123742620169e-06,-2.426105671016664e-06,4.114180896747023e-06
C:\Users\damba\.cache\kagglehub\datasets\salmaneunus\mechanical-tools-dataset\versions\20\Mechanical Tools Image dataset\Mechanical Tools Image dataset\Toolbox\000437.jpg,Toolbox,exito,10009770.0,1107217395.0,1017044295.0,162807961215.0,146727361845.0,112864757205.0,27004136835375.0,24687030603345.0,16479402485175.0,16279554812355.0,40334581727.7005,43390412245.553955,365755238.9696689,72238528056.08992,961393675729.7297,-143641726639.6797,-24822402662.34375,0.0004025588330631193,0.00043305751470584786,3.6504159924195746e-06,2.2788127554463744e-07,3.0327807476327583e-06,-4.531274483149553e-07,-7.83039318905479e-08
C:\Users\damba\.cache\kagglehub\datasets\salmaneunus\mechanical-tools-dataset\versions\20\Mechanical Tools Image dataset\Mechanical Tools Image dataset\Toolbox\000438.jpg,Toolbox,exito,9494670.0,995193090.0,1131693825.0,143480998920.0,168623037825.0,118068226005.0,23132933761500.0,28152116263425.0,17067196185345.0,17629515005055.0,39168865229.86142,33733577365.27569,-551365264.1719922,-117212553356.66734,11926761506.718596,80915389840.1875,86564199109.89844,0.0004344914552477568,0.0003741990234881074,-6.1161714692851305e-06,-4.219630663152589e-07,4.293612512024938e-08,2.9129393594186987e-07,3.1162954686593394e-07
C:\Users\damba\.cache\kagglehub\datasets\salmaneunus\mechanical-tools-dataset\versions\20\Mechanical Tools Image dataset\Mechanical Tools Image dataset\Toolbox\000439.jpg,Toolbox,exito,5410080.0,656406720.0,427253775.0,113544757290.0,44851257675.0,54252400050.0,21281256178920.0,5311586825025.0,9505184170710.0,5941500041310.0,33902722040.76923,11109466749.218752,2413564199.999999,-722021194729.0143,14808890350.679106,-47536991208.88281,118466783089.92188,0.001158316371568526,0.00037956472048296565,8.246154758104075e-05,-1.0605733950533244e-05,2.175270647295448e-07,-6.982685345677001e-07,1.7401527719678626e-06
C:\Users\damba\.cache\kagglehub\datasets\salmaneunus\mechanical-tools-dataset\versions\20\Mechanical Tools Image dataset\Mechanical Tools Image dataset\Toolbox\000440.jpg,Toolbox,exito,8883435.0,753706815.0,866978835.0,92797587795.0,123766135215.0,62665626780.0,13718667076845.0,20516693292015.0,6523421011410.0,8404304493180.0,28850031137.305737,39153336186.475876,-10892389505.396421,949833343165.2463,795397722476.6898,-684850130734.4258,29566877578.89453,0.00036558168337824773,0.000496143053877586,-0.00013802612802886084,4.03826754550145e-06,3.3816761977838626e-06,-2.9116771656605367e-06,1.2570517028890188e-07
C:\Users\damba\.cache\kagglehub\datasets\salmaneunus\mechanical-tools-dataset\versions\20\Mechanical Tools Image dataset\Mechanical Tools Image dataset\Toolbox\000441.jpg,Toolbox,exito,8554230.0,1002934635.0,1142964060.0,147441197625.0,178825789020.0,135659263560.0,24281578328235.0,30541997620950.0,20013555631440.0,21320933635260.0,29852837003.1108,26109899635.253086,1653252225.932749,-5209856189.677488,-328905270088.1631,-74307061553.98438,-87164252226.42188,0.0004079658057220224,0.0003568152079116361,2.259317519283337e-05,-2.4342962368866824e-08,-1.536804149899917e-06,-3.4719845179866433e-07,-4.0727345143658454e-07
C:\Users\damba\.cache\kagglehub\datasets\salmaneunus\mechanical-tools-dataset\versions\20\Mechanical Tools Image dataset\Mechanical Tools Image dataset\Toolbox\000442.jpg,Toolbox,exito,5016615.0,564138285.0,518333145.0,78591403665.0,71002516965.0,60408280845.0,12227166157785.0,10852906028235.0,8464149217905.0,8128178280465.0,15151812505.87353,17446633325.21679,2119659637.4813168,-18512396922.886883,-88594278969.59157,-132901131182.75,-294357202877.65625,0.0006020645311661783,0.0006932503361761534,8.422569150570986e-05,-3.2842463234655955e-07,-1.5717329106434931e-06,-2.357771677484643e-06,-5.222130690928391e-06
C:\Users\damba\.cache\kagglehub\datasets\salmaneunus\mechanical-tools-dataset\versions\20\Mechanical Tools Image dataset\Mechanical Tools Image dataset\Toolbox\000443.jpg,Toolbox,exito,308805.0,36241110.0,33462120.0,4732122720.0,3650492790.0,3916630680.0,663544292400.0,401030905080.0,508833459660.0,425953562640.0,478894779.9339386,24536361.52766288,-10457196.663914375,-4219302182.4793296,145863886.62912896,-1485017962.41333,-199092975.4658203,0.00502193926409877,0.00025730102418508377,-0.00010965959271086341,-7.962140214699408e-05,2.7525611282946613e-06,-2.8023404645396183e-05,-3.7570340256811804e-06
C:\Users\damba\.cache\kagglehub\datasets\salmaneunus\mechanical-tools-dataset\versions\20\Mechanical Tools Image dataset\Mechanical Tools Image dataset\Toolbox\000444.jpg,Toolbox,exito,6471390.0,723501045.0,609733305.0,95692813425.0,76866138435.0,67584589275.0,14071038949755.0,11009276782965.0,8821029522945.0,8424872798025.0,14805436506.580313,19417166386.30211,-583560587.5185146,62093718458.24056,107997351580.10985,-64647588864.47266,-58791272823.203125,0.0003535298338978601,0.0004636504708432968,-1.393448126187059e-05,5.828458848142092e-07,1.0137227001734943e-06,-6.068179208523188e-07,-5.518473088552143e-07
C:\Users\damba\.cache\kagglehub\datasets\salmaneunus\mechanical-tools-dataset\versions\20\Mechanical Tools Image dataset\Mechanical Tools Image dataset\Toolbox\000445.jpg,Toolbox,exito,3220905.0,292978935.0,353844375.0,32193506475.0,51617283345.0,32152708770.0,4034608284105.0,8410730620425.0,3514799895000.0,4749798238800.0,5543649880.740242,12744407020.134588,-33570596.58815657,97713368823.29796,-60043537142.42539,-15828988010.644531,61979390223.24609,0.0005343674089490315,0.001228467869444851,-3.2359606219018705e-06,5.248185748762466e-06,-3.224938815752224e-06,-8.501750609481517e-07,3.328913498774704e-06
C:\Users\damba\.cache\kagglehub\datasets\salmaneunus\mechanical-tools-dataset\versions\20\Mechanical Tools Image dataset\Mechanical Tools Image dataset\Toolbox\000446.jpg,Toolbox,exito,8729415.0,926728395.0,825666540.0,129845835525.0,111403603380.0,78465351045.0,20750018154315.0,17850903727650.0,10004595208755.0,9759466617795.0,31462894846.92752,33308423430.87722,-9188704515.355803,285079914970.08777,1012945032783.0991,-325821546095.8047,-329098403917.40234,0.0004128843272915159,0.00043710300874433674,-0.00012058242259528391,1.2662042569671721e-06,4.499072874770182e-06,-1.4471613292063083e-06,-1.461715743969686e-06
C:\Users\damba\.cache\kagglehub\datasets\salmaneunus\mechanical-tools-dataset\versions\20\Mechanical Tools Image dataset\Mechanical Tools Image dataset\Toolbox\000447.jpg,Toolbox,exito,4057305.0,534820935.0,488482845.0,73738491015.0,75909089775.0,63164542440.0,10493658933555.0,13059869378415.0,8576035810410.0,9732079861830.0,3240110312.9639816,17097763079.251457,-1225699825.3362505,-80514406703.24559,-196273809940.2846,21360225561.734375,21125498558.828125,0.0001968269143574724,0.001038637461150413,-7.445756201082432e-05,-2.428172054704135e-06,-5.919270847065662e-06,6.441866110042338e-07,6.371076598912718e-07
C:\Users\damba\.cache\kagglehub\datasets\salmaneunus\mechanical-tools-dataset\versions\20\Mechanical Tools Image dataset\Mechanical Tools Image dataset\Toolbox\000448.jpg,Toolbox,exito,9842745.0,1085115780.0,1264766850.0,162109505760.0,194874592950.0,139112187450.0,27243480195180.0,32780476744470.0,20741754277770.0,21532380956160.0,42480656693.50397,32355378558.18931,-322336857.58829015,5098561403.602251,-575558132955.048,-17818720803.34375,131223658363.49219,0.0004384890515455729,0.0003339750456011173,-3.32718921889179e-06,1.67747891294915e-08,-1.8936451967143863e-06,-5.8625416146246926e-08,4.317392738062901e-07
C:\Users\damba\.cache\kagglehub\datasets\salmaneunus\mechanical-tools-dataset\versions\20\Mechanical Tools Image dataset\Mechanical Tools Image dataset\Toolbox\000449.jpg,Toolbox,exito,5039565.0,547250655.0,586288350.0,70456633875.0,77735283240.0,65650846500.0,10076765427075.0,11223481678200.0,8741301624060.0,8869284007560.0,11030219214.621765,9528200020.372408,1985295295.4080837,30257758817.99112,-36981533285.60787,113411732236.23438,-33983571232.148438,0.0004343082123602195,0.00037516711475443223,7.816980188506662e-05,5.307061606676207e-07,-6.48637847358908e-07,1.989185826743007e-06,-5.960550721180448e-07
C:\Users\damba\.cache\kagglehub\datasets\salmaneunus\mechanical-tools-dataset\versions\20\Mechanical Tools Image dataset\Mechanical Tools Image dataset\Toolbox\000450.jpg,Toolbox,exito,5896620.0,632213085.0,650811510.0,88552295775.0,79641787680.0,69469079055.0,14043814363335.0,10532247519240.0,9701957692815.0,8472917993175.0,20768822387.66671,7811549077.46497,-308446458.0241305,96067579110.6666,17836856825.197838,-5441724770.8125,2116199285.2617188,0.0005973179831688552,0.00022466265314815043,-8.871018914002533e-06,1.1378080284084372e-06,2.112566912288158e-07,-6.44508604248991e-08,2.5063903543455003e-08
C:\Users\damba\.cache\kagglehub\datasets\salmaneunus\mechanical-tools-dataset\versions\20\Mechanical Tools Image dataset\Mechanical Tools Image dataset\Toolbox\000451.jpg,Toolbox,exito,7079820.0,605065530.0,794893650.0,69782459010.0,108797128020.0,70636807950.0,9358197300210.0,16738749192480.0,8278495955610.0,9847635343590.0,18071498054.18744,19549673309.24145,2702489333.0175767,305447139656.3831,133529208424.45522,-18325125948.226562,-57386980129.52344,0.00036053690229026226,0.000390027358803678,5.391623481778054e-05,2.290237503617416e-06,1.0011997536007805e-06,-1.3740148541693536e-07,-4.3028660952541825e-07
C:\Users\damba\.cache\kagglehub\datasets\salmaneunus\mechanical-tools-dataset\versions\20\Mechanical Tools Image dataset\Mechanical Tools Image dataset\Toolbox\000452.jpg,Toolbox,exito,7446000.0,887571105.0,924469605.0,128174015235.0,139266136815.0,112517557875.0,20522580456615.0,23107453344225.0,16562917575465.0,17064035296635.0,22374597234.607708,24487188309.915916,2319799501.5426383,-90049722987.09576,-263837697958.2127,96230058745.99219,-112672627043.67188,0.0004035609749423661,0.00044166487040320744,4.184122461276457e-05,-5.952162802771028e-07,-1.7439308858070027e-06,6.360674493784341e-07,-7.447505637257108e-07
C:\Users\damba\.cache\kagglehub\datasets\salmaneunus\mechanical-tools-dataset\versions\20\Mechanical Tools Image dataset\Mechanical Tools Image dataset\Toolbox\000453.jpg,Toolbox,exito,8658270.0,919847730.0,901339320.0,129446843910.0,124416685350.0,92869753305.0,20485241432130.0,19516366992090.0,12865000301115.0,12486282220905.0,31722951448.093307,30585865823.92119,-2887820374.4698644,-7530828741.455355,196325277438.95694,2982804111.8085938,-130394492584.89062,0.0004231665561048732,0.00040799846531847203,-3.852192014710369e-05,-3.414011341620512e-08,8.900172170079963e-07,1.3522186491229224e-08,-5.911278716499378e-07
C:\Users\damba\.cache\kagglehub\datasets\salmaneunus\mechanical-tools-dataset\versions\20\Mechanical Tools Image dataset\Mechanical Tools Image dataset\Toolbox\000454.jpg,Toolbox,exito,1574370.0,180616245.0,177607755.0,21973933185.0,20547918105.0,20515935750.0,2808280473765.0,2433345212475.0,2511876202050.0,2389131332400.0,1253119171.839162,511640332.849852,140264344.307578,-155064555.59138882,-143857008.49783427,770820303.4638672,168203471.82617188,0.0005055670522528778,0.0002064197090791785,5.6589215679852846e-05,-4.985922513987075e-08,-4.625556722028959e-08,2.478484067891187e-07,5.408389260269312e-08
C:\Users\damba\.cache\kagglehub\datasets\salmaneunus\mechanical-tools-dataset\versions\20\Mechanical Tools Image dataset\Mechanical Tools Image dataset\Toolbox\000455.jpg,Toolbox,exito,6905145.0,776343675.0,811189680.0,111231804525.0,121175483370.0,93116562195.0,17782458348135.0,20390079565680.0,13461385860105.0,13891361883525.0,23947684971.75303,25880062790.344925,1914715268.7915103,-108168918815.3915,74274280589.64754,-36237447611.44922,-182233183882.1797,0.00050224767044514,0.0005427748553881694,4.015675354217256e-05,-8.633173760780473e-07,5.927976144254029e-07,-2.8921818328492475e-07,-1.4544388153866403e-06
C:\Users\damba\.cache\kagglehub\datasets\salmaneunus\mechanical-tools-dataset\versions\20\Mechanical Tools Image dataset\Mechanical Tools Image dataset\Toolbox\000456.jpg,Toolbox,exito,6071550.0,671573355.0,683445390.0,87774165315.0,89571250530.0,72558178380.0,12656383942785.0,12877830834450.0,9162986406630.0,9262151377320.0,13491523955.552086,12639066637.54222,-3037627225.089872,-36896471064.04114,-50215859709.74668,-45349130761.40234,38549400407.13672,0.0003659837958357812,0.0003428592351070541,-8.240153935427004e-05,-4.0619623230958357e-07,-5.528304585249313e-07,-4.992522461517684e-07,4.2439346505506776e-07
C:\Users\damba\.cache\kagglehub\datasets\salmaneunus\mechanical-tools-dataset\versions\20\Mechanical Tools Image dataset\Mechanical Tools Image dataset\Toolbox\000457.jpg,Toolbox,exito,8820705.0,958322385.0,896658795.0,141329023065.0,126327723435.0,95790434820.0,23721018222105.0,19797230222505.0,13768417137990.0,13314172677360.0,37212425401.651306,35178887298.78958,-1626743847.1956487,280514659355.6601,-196611727754.90384,-244750906189.33594,-79928685087.71484,0.0004782790759725891,0.00045214267894138136,-2.090800413257406e-05,1.2139402671878977e-06,-8.508464187622011e-07,-1.059170957897276e-06,-3.4589511134367064e-07
C:\Users\damba\.cache\kagglehub\datasets\salmaneunus\mechanical-tools-dataset\versions\20\Mechanical Tools Image dataset\Mechanical Tools Image dataset\Toolbox\000458.jpg,Toolbox,exito,6238065.0,711503040.0,506674035.0,113599581270.0,66015631905.0,56363838045.0,20241941024910.0,10177909882695.0,9066305373345.0,7230460423035.0,32446759693.238354,24862072629.298122,-1426537045.9242575,-116677190211.06532,777183871427.0559,164829142064.0078,-67434713623.18555,0.0008338185272868878,0.0006389068425030147,-3.6659223601937316e-05,-1.2004973967582271e-06,7.996483398022192e-06,1.695935217498641e-06,-6.938391129348026e-07
C:\Users\damba\.cache\kagglehub\datasets\salmaneunus\mechanical-tools-dataset\versions\20\Mechanical Tools Image dataset\Mechanical Tools Image dataset\Toolbox\000459.jpg,Toolbox,exito,11581080.0,1325180685.0,1255389225.0,198717658935.0,181979501265.0,140882349765.0,33536566596945.0,29858979643845.0,21119124859695.0,20310848535825.0,47082073316.29526,45895292689.79797,-2767253996.2311635,23171324129.650833,182298634738.58127,211421540865.08594,87539617926.375,0.00035104068712018074,0.00034219213272904824,-2.0632454687097274e-05,5.076661401665991e-08,3.9940248445685537e-07,4.6320856330220627e-07,1.9179266448339697e-07
C:\Users\damba\.cache\kagglehub\datasets\salmaneunus\mechanical-tools-dataset\versions\20\Mechanical Tools Image dataset\Mechanical Tools Image dataset\Toolbox\000460.jpg,Toolbox,exito,6761580.0,753645870.0,884139570.0,120569292780.0,138494463210.0,98470880070.0,21595512395520.0,23983958409300.0,15785106158460.0,15421935146730.0,36567905919.52406,22884978557.03652,-75337742.12022854,5136759342.724489,-110330995192.02248,36342301890.203125,5041157715.9609375,0.0007998410865657276,0.0005005576790581423,-1.6478444691217487e-06,4.320845549534673e-08,-9.280621453025522e-07,3.0569754762706626e-07,4.240429116533069e-08
C:\Users\damba\.cache\kagglehub\datasets\salmaneunus\mechanical-tools-dataset\versions\20\Mechanical Tools Image dataset\Mechanical Tools Image dataset\Toolbox\000461.jpg,Toolbox,exito,10575615.0,1168173870.0,1049705970.0,174685602900.0,144729617130.0,114331695960.0,29195416901940.0,22948627735860.0,16962283655670.0,15528011029500.0,45650063070.80078,40538738069.66726,-1617975556.6922905,-185151363763.60657,535647131595.63715,-19080236824.765625,-137513835391.77344,0.00040815969580087184,0.0003624590610752109,-1.4466407417850411e-05,-5.09052805031087e-07,1.4727014119850168e-06,-5.245896048978249e-08,-3.7807879031418195e-07
C:\Users\damba\.cache\kagglehub\datasets\salmaneunus\mechanical-tools-dataset\versions\20\Mechanical Tools Image dataset\Mechanical Tools Image dataset\Toolbox\000462.jpg,Toolbox,exito,2934795.0,305799315.0,233558070.0,47069296635.0,36521338680.0,24684544170.0,8248114200165.0,7094084142570.0,3889390439640.0,4019241580950.0,15205666959.17282,17934223715.539143,348296555.1846364,174799454507.7497,1333130232052.8254,70918698236.3457,158360226831.51758,0.0017654276864589931,0.00208222205363129,4.043836967311163e-05,1.1846652428006804e-05,9.034999877358138e-05,4.806360357465754e-06,1.0732519566359013e-05
C:\Users\damba\.cache\kagglehub\datasets\salmaneunus\mechanical-tools-dataset\versions\20\Mechanical Tools Image dataset\Mechanical Tools Image dataset\Toolbox\000463.jpg,Toolbox,exito,1970385.0,216514380.0,223957065.0,25432931940.0,26818388505.0,24712504920.0,3155108531160.0,3354129749235.0,2916383958180.0,2970088464720.0,1641400464.2810915,1363075475.610199,103139199.54704207,-299725745.30673987,-3949176148.524587,2970066319.067383,-277359519.0253906,0.0004227779869840419,0.00035108940092702884,2.6565718794737988e-05,-5.49979266036542e-08,-7.246507961442476e-07,5.449898514953503e-07,-5.089385449545581e-08
C:\Users\damba\.cache\kagglehub\datasets\salmaneunus\mechanical-tools-dataset\versions\20\Mechanical Tools Image dataset\Mechanical Tools Image dataset\Toolbox\000464.jpg,Toolbox,exito,9290925.0,1097597010.0,1137323205.0,159070837530.0,172218328215.0,133561800840.0,25749889870890.0,28720110307545.0,19354386001740.0,20433699099150.0,29404609855.044056,32996014760.583782,-797538968.6430594,10310726149.347267,-439759944845.87,70600804144.32031,283692187661.2578,0.0003406414658055716,0.0003822465555297774,-9.239192244172305e-06,3.918698642953927e-08,-1.6713533791236412e-06,2.683256944122393e-07,1.0782016462295232e-06
C:\Users\damba\.cache\kagglehub\datasets\salmaneunus\mechanical-tools-dataset\versions\20\Mechanical Tools Image dataset\Mechanical Tools Image dataset\Toolbox\000465.jpg,Toolbox,exito,7233840.0,921704385.0,818688975.0,135452009505.0,121014897375.0,95030663595.0,21658739237265.0,20050935513045.0,12864670790625.0,13444720187715.0,18012451354.94025,28359870751.996082,-9283119708.011314,-190102030265.85654,-64160939992.010475,-99464791670.26562,126760978808.75781,0.0003442191466170747,0.0005419590213491522,-0.0001774010366978394,-1.3507174431485237e-06,-4.5587782884178646e-07,-7.067195910547392e-07,9.006651057230786e-07
C:\Users\damba\.cache\kagglehub\datasets\salmaneunus\mechanical-tools-dataset\versions\20\Mechanical Tools Image dataset\Mechanical Tools Image dataset\Toolbox\000466.jpg,Toolbox,exito,6482100.0,1007164065.0,820123095.0,173086292625.0,129158581455.0,121531432515.0,31130259349395.0,22540100740365.0,20569789235955.0,18516849820935.0,16596967587.230724,25395620230.646923,-5896177389.287372,-920778548760.1664,-227367347861.00037,502954408510.3125,-59336820663.96094,0.0003950001790982129,0.0006044040567466997,-0.00014032630433978858,-8.60727891708777e-06,-2.125390716707378e-06,4.7015309842483615e-06,-5.546703560759836e-07
C:\Users\damba\.cache\kagglehub\datasets\salmaneunus\mechanical-tools-dataset\versions\20\Mechanical Tools Image dataset\Mechanical Tools Image dataset\Toolbox\000467.jpg,Toolbox,exito,1822230.0,199896540.0,209313180.0,22741326360.0,25475955540.0,22993622595.0,2675401960470.0,3254907829140.0,2618829178485.0,2799457514565.0,812905302.3005881,1432883413.148616,32206934.84886688,2354996623.5713253,-606587353.4165523,-453484795.71191406,-2624570321.303711,0.0002448124903170371,0.00043152351905459434,9.699358465882113e-06,5.253906117252595e-07,-1.3532728560477968e-07,-1.011706988631998e-07,-5.855314580173768e-07
C:\Users\damba\.cache\kagglehub\datasets\salmaneunus\mechanical-tools-dataset\versions\20\Mechanical Tools Image dataset\Mechanical Tools Image dataset\Toolbox\000468.jpg,Toolbox,exito,6107505.0,613010820.0,600360270.0,91260775980.0,89496877740.0,59922629265.0,15685173956010.0,14893713722400.0,8754607087245.0,9171613448565.0,29732825460.586197,30482197638.309883,-335584425.88054633,556749083601.7505,103554648800.95032,-148850272116.27344,254778947769.94922,0.0007970921261003599,0.0008171816619291708,-8.996511410120779e-06,6.0394853606166135e-06,1.1233368924671684e-06,-1.614693343641107e-06,2.7637831306258393e-06
C:\Users\damba\.cache\kagglehub\datasets\salmaneunus\mechanical-tools-dataset\versions\20\Mechanical Tools Image dataset\Mechanical Tools Image dataset\Toolbox\000469.jpg,Toolbox,exito,8854875.0,930317265.0,1078659690.0,126605085915.0,162301952730.0,110965869870.0,19307233013085.0,26917990465110.0,15351609863610.0,16542988806030.0,28863422305.171497,30904645954.81728,-2361052606.776667,-59181245558.638756,-382199054053.4401,425284340304.2422,66328861972.734375,0.00036811452487643356,0.00039414761499344535,-3.0112082668593778e-05,-2.536459978481765e-07,-1.6380740135987734e-06,1.8227340409520466e-06,2.8428009958895423e-07
C:\Users\damba\.cache\kagglehub\datasets\salmaneunus\mechanical-tools-dataset\versions\20\Mechanical Tools Image dataset\Mechanical Tools Image dataset\Toolbox\000470.jpg,Toolbox,exito,6143205.0,572559150.0,664054680.0,78690084330.0,98443563960.0,67973834280.0,12782356526190.0,16698138598830.0,10258399493610.0,10765816781190.0,25326411743.99278,26662039815.859867,6082592959.822342,727335513738.9801,292693232827.4831,618511637242.6992,275671662002.47656,0.0006710944497500562,0.0007064856688070937,0.0001611753933675092,7.77583924075757e-06,3.1291412042075847e-06,6.61241884782071e-06,2.9471660416309378e-06
C:\Users\damba\.cache\kagglehub\datasets\salmaneunus\mechanical-tools-dataset\versions\20\Mechanical Tools Image dataset\Mechanical Tools Image dataset\Toolbox\000471.jpg,Toolbox,exito,6561150.0,689477925.0,752581500.0,97862069355.0,109561155450.0,76048996035.0,15793251086685.0,18158504554410.0,10049268025335.0,10571108068545.0,25408336539.5171,23238039206.31558,-3035970931.673142,169357283765.18356,260615386171.23633,-537704238921.9219,-245649207974.89062,0.0005902232318659021,0.0005398082861995496,-7.052412000117153e-05,1.5358682515128659e-06,2.3634702244702315e-06,-4.876335111804887e-06,-2.22774486665142e-06
C:\Users\damba\.cache\kagglehub\datasets\salmaneunus\mechanical-tools-dataset\versions\20\Mechanical Tools Image dataset\Mechanical Tools Image dataset\Toolbox\000472.jpg,Toolbox,exito,5244075.0,595659600.0,543757155.0,78194504580.0,64597367295.0,61310658525.0,11296137059010.0,8424691446615.0,7965636562455.0,7231167061185.0,10535220707.789928,8215289690.5237055,-453173884.80306846,20913492270.640125,22918825121.3627,-39387507023.5625,-12285574284.777344,0.0003830944407043073,0.0002987343024420857,-1.647885704113067e-05,3.320888731180381e-07,3.639318918738272e-07,-6.254408710469914e-07,-1.950847073765541e-07
C:\Users\damba\.cache\kagglehub\datasets\salmaneunus\mechanical-tools-dataset\versions\20\Mechanical Tools Image dataset\Mechanical Tools Image dataset\Toolbox\000473.jpg,Toolbox,exito,3040620.0,331972005.0,343516110.0,44312504895.0,40001015130.0,37327600995.0,6649118163705.0,4791371922060.0,4940160556005.0,4315352367045.0,8068116545.347616,1192049251.4844003,-177161779.20412865,49382337185.76784,2884917072.395029,-27390076360.382812,-11890545346.445312,0.0008726656217069949,0.00012893472662487082,-1.9162216277234898e-05,3.0631359407362502e-06,1.7894845959303116e-07,-1.6989784627524488e-06,-7.375583838536475e-07
C:\Users\damba\.cache\kagglehub\datasets\salmaneunus\mechanical-tools-dataset\versions\20\Mechanical Tools Image dataset\Mechanical Tools Image dataset\Toolbox\000474.jpg,Toolbox,exito,6939060.0,792250575.0,881804535.0,117875039025.0,125809507335.0,101069315790.0,19618143270135.0,19538384506305.0,15072577288140.0,14446036376730.0,27421724946.748684,13751211550.474977,391392571.0975015,-101577003044.74817,55752056372.99321,3835130765.3046875,-17438217082.21875,0.0005694996806669843,0.0002855878177608291,8.128516520689754e-06,-8.008363698565086e-07,4.3955101154258517e-07,3.0236294711890655e-08,-1.3748346620092433e-07
C:\Users\damba\.cache\kagglehub\datasets\salmaneunus\mechanical-tools-dataset\versions\20\Mechanical Tools Image dataset\Mechanical Tools Image dataset\Toolbox\000475.jpg,Toolbox,exito,5908860.0,625389540.0,654414150.0,96034080180.0,102523051920.0,72809350065.0,16767365691300.0,18195735175590.0,11654260820805.0,11578373971875.0,29843296045.427242,30045809318.174522,3546621850.422062,286000487189.4871,185942862070.43903,267614095852.07422,-58179157980.11328,0.0008547505454703674,0.0008605507871756481,0.00010157983074694194,3.3698263530488277e-06,2.190888424435248e-06,3.15318705052473e-06,-6.855011391280712e-07
C:\Users\damba\.cache\kagglehub\datasets\salmaneunus\mechanical-tools-dataset\versions\20\Mechanical Tools Image dataset\Mechanical Tools Image dataset\Toolbox\000476.jpg,Toolbox,exito,761940.0,75165330.0,84917805.0,10454511930.0,9478198275.0,8366336310.0,1701420125430.0,1059498449655.0,1162632934710.0,932434769700.0,3039457156.6465864,14154379.131526046,-10799469.327309396,70398733184.16484,3331296.913579272,-386087903.7089844,-181665563.83398438,0.005235455576664663,2.438087439275937e-05,-1.860205260371603e-05,0.00013891940361299086,6.573723127681588e-09,-7.618759443459187e-07,-3.5848474316738834e-07
C:\Users\damba\.cache\kagglehub\datasets\salmaneunus\mechanical-tools-dataset\versions\20\Mechanical Tools Image dataset\Mechanical Tools Image dataset\Toolbox\000477.jpg,Toolbox,exito,4232745.0,555949470.0,580489140.0,82361181630.0,84735524370.0,77867890380.0,13201515953490.0,12981606749310.0,11690783729010.0,11557042573410.0,9340053923.681551,5125804989.80119,1623602164.254477,-69742138612.54543,-45164277450.44743,-30936577599.246094,-17866076115.07422,0.0005213209438175597,0.00028610000723150236,9.062236894663941e-05,-1.8920821879094488e-06,-1.2252925791183028e-06,-8.392995769114918e-07,-4.847010008248527e-07
C:\Users\damba\.cache\kagglehub\datasets\salmaneunus\mechanical-tools-dataset\versions\20\Mechanical Tools Image dataset\Mechanical Tools Image dataset\Toolbox\000478.jpg,Toolbox,exito,8634810.0,1020719865.0,1075317660.0,167203568595.0,171670680270.0,123614926845.0,29920503586665.0,30184394473530.0,19845266412075.0,19512068595555.0,46544394530.29931,37758287303.86924,-3498246084.956284,-848625110637.4691,-598543483061.2079,-150019133533.78125,90191101864.47656,0.0006242546895560989,0.0005064151796776056,-4.6918571952496304e-05,-3.873324775340413e-06,-2.7318933566766875e-06,-6.847226406663916e-07,4.116534203242131e-07
C:\Users\damba\.cache\kagglehub\datasets\salmaneunus\mechanical-tools-dataset\versions\20\Mechanical Tools Image dataset\Mechanical Tools Image dataset\Toolbox\000479.jpg,Toolbox,exito,10308885.0,1135026675.0,1190889525.0,172062952635.0,187097304855.0,132442246035.0,29374658504415.0,32709026523495.0,20115199279395.0,20892455531565.0,47094485825.878,49524923287.572914,1323179535.2690005,59845473175.595406,-346890313946.6251,-53000877099.27344,-13001569520.5625,0.00044314583294906496,0.00046601556418204897,1.2450746345673819e-05,1.7538888527988188e-07,-1.0166300348059957e-06,-1.5532945534614537e-07,-3.810364701118696e-08
C:\Users\damba\.cache\kagglehub\datasets\salmaneunus\mechanical-tools-dataset\versions\20\Mechanical Tools Image dataset\Mechanical Tools Image dataset\Toolbox\000480.jpg,Toolbox,exito,9918480.0,1054798320.0,922963065.0,153453690390.0,122383501245.0,94431498255.0,25359737072520.0,19136609457675.0,13378194021585.0,12169221401085.0,41279295132.37763,36497274791.531906,-3722643345.734257,260593137763.42972,955726436688.3613,-109640054184.28125,-153048431024.59375,0.0004196063279118914,0.00037099682552607215,-3.7840876386573545e-05,8.411049141682383e-07,3.0847558358533676e-06,-3.5388034065497326e-07,-4.939876335400177e-07
C:\Users\damba\.cache\kagglehub\datasets\salmaneunus\mechanical-tools-dataset\versions\20\Mechanical Tools Image dataset\Mechanical Tools Image dataset\Toolbox\000481.jpg,Toolbox,exito,6886275.0,729643740.0,854930340.0,103783201740.0,119948059230.0,88427908050.0,16790844347610.0,18125839889280.0,12292763842650.0,12001982887290.0,26472901567.383076,13808544579.116087,-2157287969.1934867,184429808065.38324,-194358256118.1713,-134753882922.69531,-171607140461.97656,0.0005582552560907408,0.0002911918276367802,-4.5492457433808765e-05,1.482075094214929e-06,-1.561859949697874e-06,-1.0828801256339157e-06,-1.3790323350440882e-06
C:\Users\damba\.cache\kagglehub\datasets\salmaneunus\mechanical-tools-dataset\versions\20\Mechanical Tools Image dataset\Mechanical Tools Image dataset\Toolbox\000482.jpg,Toolbox,exito,4839390.0,579602760.0,666625590.0,87703632570.0,104148682530.0,76135669515.0,14854947114840.0,17482849476120.0,11319842465655.0,11531885778165.0,18285925090.417328,12321060196.84478,-3704564863.842867,-29245480242.4702,-258073447136.49854,126048667727.0039,78841413349.03516,0.0007807926039910374,0.0005260982218540416,-0.00015818159772563968,-5.676520368256149e-07,-5.009181477037266e-06,2.4465928540466107e-06,1.5303044608170838e-06
