rutaImagen,etiqueta,estado,hu_0,hu_1,hu_2,hu_3,hu_4,hu_5,hu_6
C:\Users\damba\.cache\kagglehub\datasets\salmaneunus\mechanical-tools-dataset\versions\20\Mechanical Tools Image dataset\Mechanical Tools Image dataset\pliers\000000.jpg,pliers,exito,2.5098936702503196,6.641620484523025,7.527014005921298,8.410831237022526,-9.999999896209104,9.998866444981118,9.999999860468709
C:\Users\damba\.cache\kagglehub\datasets\salmaneunus\mechanical-tools-dataset\versions\20\Mechanical Tools Image dataset\Mechanical Tools Image dataset\pliers\000001.jpg,pliers,exito,2.664432093424993,5.670383048396558,9.401389638192875,9.313465323457006,9.999999999432829,9.997623469017748,-9.999999999994992
C:\Users\damba\.cache\kagglehub\datasets\salmaneunus\mechanical-tools-dataset\versions\20\Mechanical Tools Image dataset\Mechanical Tools Image dataset\pliers\000002.jpg,pliers,exito,2.752613151639254,5.770117322939897,8.981045448033122,9.99496491554881,-9.999999999999838,-9.999997856510966,-9.999999999999956
C:\Users\damba\.cache\kagglehub\datasets\salmaneunus\mechanical-tools-dataset\versions\20\Mechanical Tools Image dataset\Mechanical Tools Image dataset\pliers\000003.jpg,pliers,exito,2.7865531466498137,6.580454233207521,9.560052955368567,9.6750255108468,-9.99999999994284,-9.99983589048753,-9.999999999963968
C:\Users\damba\.cache\kagglehub\datasets\salmaneunus\mechanical-tools-dataset\versions\20\Mechanical Tools Image dataset\Mechanical Tools Image dataset\pliers\000004.jpg,pliers,exito,2.7517971169429356,6.036626885387851,8.638699309809764,9.92119201758513,-9.99999999999551,9.99999461670989,-9.999999999982498
C:\Users\damba\.cache\kagglehub\datasets\salmaneunus\mechanical-tools-dataset\versions\20\Mechanical Tools Image dataset\Mechanical Tools Image dataset\pliers\000005.jpg,pliers,exito,2.65299059456376,5.392842713165718,9.06955707105278,8.925810786940222,9.999999995736193,9.99061680580288,9.999999999966256
C:\Users\damba\.cache\kagglehub\datasets\salmaneunus\mechanical-tools-dataset\versions\20\Mechanical Tools Image dataset\Mechanical Tools Image dataset\pliers\000006.jpg,pliers,exito,2.6644335071025127,5.477362864457168,9.489875692169395,9.86357158293524,-9.999999999988185,9.999719222596537,-9.999999999991484
C:\Users\damba\.cache\kagglehub\datasets\salmaneunus\mechanical-tools-dataset\versions\20\Mechanical Tools Image dataset\Mechanical Tools Image dataset\pliers\000007.jpg,pliers,exito,2.7217092013731903,7.603997648975373,8.329627103192234,9.130686875602295,-9.999999995637603,-9.999716020783913,-9.999999998093147
C:\Users\damba\.cache\kagglehub\datasets\salmaneunus\mechanical-tools-dataset\versions\20\Mechanical Tools Image dataset\Mechanical Tools Image dataset\pliers\000008.jpg,pliers,exito,2.9587013298617117,7.481086949378794,9.95525544623632,9.968745653948083,-9.999999999999794,-9.999997246885535,-9.999999999999792
C:\Users\damba\.cache\kagglehub\datasets\salmaneunus\mechanical-tools-dataset\versions\20\Mechanical Tools Image dataset\Mechanical Tools Image dataset\pliers\000009.jpg,pliers,exito,2.636358418768481,7.444332531216508,7.957405938528156,8.903853830063353,-9.999999987456368,9.99940509992056,9.999999987573824
C:\Users\damba\.cache\kagglehub\datasets\salmaneunus\mechanical-tools-dataset\versions\20\Mechanical Tools Image dataset\Mechanical Tools Image dataset\pliers\000010.jpg,pliers,exito,2.7969773589941593,6.50715856502186,9.672614712121769,9.97834405414705,9.999999999999469,9.999999254984909,-9.999999999999972
C:\Users\damba\.cache\kagglehub\datasets\salmaneunus\mechanical-tools-dataset\versions\20\Mechanical Tools Image dataset\Mechanical Tools Image dataset\pliers\000011.jpg,pliers,exito,2.848983252879456,6.529870190667646,9.58605521582978,9.951896445928522,-9.999999999998948,-9.999974363259337,9.999999999998069
C:\Users\damba\.cache\kagglehub\datasets\salmaneunus\mechanical-tools-dataset\versions\20\Mechanical Tools Image dataset\Mechanical Tools Image dataset\pliers\000012.jpg,pliers,exito,2.6425447777969575,5.3477556131673705,8.808878225016173,8.987454682363385,9.999999995310546,9.99153186143144,9.999999999971937
C:\Users\damba\.cache\kagglehub\datasets\salmaneunus\mechanical-tools-dataset\versions\20\Mechanical Tools Image dataset\Mechanical Tools Image dataset\pliers\000013.jpg,pliers,exito,2.6578008713915744,5.417856424713195,9.90788598195923,9.840994815775213,-9.99999999999408,9.999626886123567,-9.999999999998138
C:\Users\damba\.cache\kagglehub\datasets\salmaneunus\mechanical-tools-dataset\versions\20\Mechanical Tools Image dataset\Mechanical Tools Image dataset\pliers\000014.jpg,pliers,exito,2.7903148298266442,5.719352147646367,9.323614603443565,9.541043949244933,9.999999999784034,9.998891566409519,-9.99999999999013
C:\Users\damba\.cache\kagglehub\datasets\salmaneunus\mechanical-tools-dataset\versions\20\Mechanical Tools Image dataset\Mechanical Tools Image dataset\pliers\000015.jpg,pliers,exito,2.7835581115627837,6.095223020582744,8.935241440441605,9.338292794254839,9.999999999449638,9.99877363031319,-9.999999999211346
C:\Users\damba\.cache\kagglehub\datasets\salmaneunus\mechanical-tools-dataset\versions\20\Mechanical Tools Image dataset\Mechanical Tools Image dataset\pliers\000016.jpg,pliers,exito,2.925045900004172,8.692454692515046,9.70820261904211,9.483776893852987,9.999999999916405,9.999963219890104,-9.99999999987958
C:\Users\damba\.cache\kagglehub\datasets\salmaneunus\mechanical-tools-dataset\versions\20\Mechanical Tools Image dataset\Mechanical Tools Image dataset\pliers\000017.jpg,pliers,exito,2.7191034673348335,7.005691114984183,9.327051148397542,9.99341790177867,9.999999999999856,9.999998584099465,-9.999999999999936
C:\Users\damba\.cache\kagglehub\datasets\salmaneunus\mechanical-tools-dataset\versions\20\Mechanical Tools Image dataset\Mechanical Tools Image dataset\pliers\000018.jpg,pliers,exito,2.7744529401716487,6.5567019565163704,8.770530306600302,9.402374014175429,-9.999999999169152,9.999323761814967,9.999999999700062
C:\Users\damba\.cache\kagglehub\datasets\salmaneunus\mechanical-tools-dataset\versions\20\Mechanical Tools Image dataset\Mechanical Tools Image dataset\pliers\000019.jpg,pliers,exito,2.599203113639506,7.203072241972167,7.848233444591118,8.916830036586257,9.999999995329041,9.999952234200656,-9.999999981493055
C:\Users\damba\.cache\kagglehub\datasets\salmaneunus\mechanical-tools-dataset\versions\20\Mechanical Tools Image dataset\Mechanical Tools Image dataset\pliers\000020.jpg,pliers,exito,2.884220229116929,5.979163962298387,9.448181392058494,9.53408474214376,9.99999999981456,9.999152073767375,-9.999999999995554
C:\Users\damba\.cache\kagglehub\datasets\salmaneunus\mechanical-tools-dataset\versions\20\Mechanical Tools Image dataset\Mechanical Tools Image dataset\pliers\000021.jpg,pliers,exito,2.9940782109422996,6.282740585633609,9.988701512430346,9.99690252757564,9.999999999999996,9.999997978135312,9.999999999999998
C:\Users\damba\.cache\kagglehub\datasets\salmaneunus\mechanical-tools-dataset\versions\20\Mechanical Tools Image dataset\Mechanical Tools Image dataset\pliers\000022.jpg,pliers,exito,2.5887046613042433,5.288732749885677,9.186094160970578,8.835750819192707,9.999999994890823,9.986812019308424,-9.999999999797025
C:\Users\damba\.cache\kagglehub\datasets\salmaneunus\mechanical-tools-dataset\versions\20\Mechanical Tools Image dataset\Mechanical Tools Image dataset\pliers\000023.jpg,pliers,exito,2.4449589671673277,5.953918570728652,8.471796788776215,9.52384731580041,9.999999999689342,9.999145092636802,-9.999999999373394
C:\Users\damba\.cache\kagglehub\datasets\salmaneunus\mechanical-tools-dataset\versions\20\Mechanical Tools Image dataset\Mechanical Tools Image dataset\pliers\000024.jpg,pliers,exito,2.861866854696518,7.497237179558513,9.512926285894766,9.955789974737703,-9.999999999998698,9.999993037929057,9.999999999998238
C:\Users\damba\.cache\kagglehub\datasets\salmaneunus\mechanical-tools-dataset\versions\20\Mechanical Tools Image dataset\Mechanical Tools Image dataset\pliers\000025.jpg,pliers,exito,2.8972431287579794,8.349336041846533,9.605164886041083,9.97412073531077,9.999999999999432,9.999998541691285,9.99999999999943
C:\Users\damba\.cache\kagglehub\datasets\salmaneunus\mechanical-tools-dataset\versions\20\Mechanical Tools Image dataset\Mechanical Tools Image dataset\pliers\000026.jpg,pliers,exito,2.838938176443002,5.800371257506416,9.616522953401063,9.68307210262412,9.99999999994245,9.999414099639342,-9.999999999997382
C:\Users\damba\.cache\kagglehub\datasets\salmaneunus\mechanical-tools-dataset\versions\20\Mechanical Tools Image dataset\Mechanical Tools Image dataset\pliers\000027.jpg,pliers,exito,2.528131896788813,7.624278037852504,7.888946633902393,9.702533706719013,-9.999999999658428,-9.999961363379017,9.99999999966332
C:\Users\damba\.cache\kagglehub\datasets\salmaneunus\mechanical-tools-dataset\versions\20\Mechanical Tools Image dataset\Mechanical Tools Image dataset\pliers\000028.jpg,pliers,exito,2.6181425276603303,5.766343378567295,8.797656458428003,9.02596264476102,-9.999999996376806,9.995259850103421,-9.99999999808014
C:\Users\damba\.cache\kagglehub\datasets\salmaneunus\mechanical-tools-dataset\versions\20\Mechanical Tools Image dataset\Mechanical Tools Image dataset\pliers\000029.jpg,pliers,exito,2.6028175095313326,5.326367899633839,8.718890824725381,8.690891446003155,9.999999984253979,9.982888481568189,-9.999999999347482
C:\Users\damba\.cache\kagglehub\datasets\salmaneunus\mechanical-tools-dataset\versions\20\Mechanical Tools Image dataset\Mechanical Tools Image dataset\pliers\000030.jpg,pliers,exito,2.6738907093536723,5.449814040638656,9.624401710985774,9.99383434788852,9.999999999999966,9.999992623542182,9.99999999999992
C:\Users\damba\.cache\kagglehub\datasets\salmaneunus\mechanical-tools-dataset\versions\20\Mechanical Tools Image dataset\Mechanical Tools Image dataset\pliers\000031.jpg,pliers,exito,2.7183818974237717,6.585212623706094,8.402461502971956,9.606826811816271,9.999999999598428,9.999790757526842,-9.999999999733168
C:\Users\damba\.cache\kagglehub\datasets\salmaneunus\mechanical-tools-dataset\versions\20\Mechanical Tools Image dataset\Mechanical Tools Image dataset\pliers\000032.jpg,pliers,exito,2.934635528502117,6.284102520024999,9.26744775998976,9.930439421674597,-9.999999999996689,-9.999975737502243,9.999999999994294
C:\Users\damba\.cache\kagglehub\datasets\salmaneunus\mechanical-tools-dataset\versions\20\Mechanical Tools Image dataset\Mechanical Tools Image dataset\pliers\000033.jpg,pliers,exito,2.6881477608582927,6.705754138518205,8.329091204416398,8.891704795922998,-9.999999988184657,9.99772729595951,9.999999998073424
C:\Users\damba\.cache\kagglehub\datasets\salmaneunus\mechanical-tools-dataset\versions\20\Mechanical Tools Image dataset\Mechanical Tools Image dataset\pliers\000034.jpg,pliers,exito,2.6826344896158525,5.507852631647539,8.969633887481715,9.607244825066141,9.99999999975856,9.998876230227037,9.999999999997428
C:\Users\damba\.cache\kagglehub\datasets\salmaneunus\mechanical-tools-dataset\versions\20\Mechanical Tools Image dataset\Mechanical Tools Image dataset\pliers\000035.jpg,pliers,exito,3.0171335496262763,7.452424765688734,9.889273672767688,9.995196507111384,-9.999999999999973,-9.9999995620144,9.999999999999993
C:\Users\damba\.cache\kagglehub\datasets\salmaneunus\mechanical-tools-dataset\versions\20\Mechanical Tools Image dataset\Mechanical Tools Image dataset\pliers\000036.jpg,pliers,exito,2.6091834585144467,6.228193544339575,7.915606675961697,8.998971067476148,9.999999993622518,9.997449373468852,9.999999988763662
C:\Users\damba\.cache\kagglehub\datasets\salmaneunus\mechanical-tools-dataset\versions\20\Mechanical Tools Image dataset\Mechanical Tools Image dataset\pliers\000037.jpg,pliers,exito,2.7214643995409125,5.573174545411912,9.676202248282365,9.999971391232677,10.0,9.999999986141948,10.0
C:\Users\damba\.cache\kagglehub\datasets\salmaneunus\mechanical-tools-dataset\versions\20\Mechanical Tools Image dataset\Mechanical Tools Image dataset\pliers\000038.jpg,pliers,exito,2.7117020072796785,5.554318597887069,9.675397438709382,9.994519534815923,-9.999999999999938,9.999990975148009,-9.999999999999979
C:\Users\damba\.cache\kagglehub\datasets\salmaneunus\mechanical-tools-dataset\versions\20\Mechanical Tools Image dataset\Mechanical Tools Image dataset\pliers\000039.jpg,pliers,exito,2.7363282082098372,6.725522228810876,9.141370761027392,9.43817888390803,9.999999999538609,9.999798055547162,-9.999999999932804
C:\Users\damba\.cache\kagglehub\datasets\salmaneunus\mechanical-tools-dataset\versions\20\Mechanical Tools Image dataset\Mechanical Tools Image dataset\pliers\000040.jpg,pliers,exito,3.0663701074071477,6.575240407709641,9.584349626887631,9.839967253137367,9.999999999983933,9.999911348145828,-9.99999999999693
C:\Users\damba\.cache\kagglehub\datasets\salmaneunus\mechanical-tools-dataset\versions\20\Mechanical Tools Image dataset\Mechanical Tools Image dataset\pliers\000041.jpg,pliers,exito,2.630839040446094,5.845634475024232,8.188710157008433,9.969463029105961,9.999999999993438,-9.999991815506059,9.999999999998153
C:\Users\damba\.cache\kagglehub\datasets\salmaneunus\mechanical-tools-dataset\versions\20\Mechanical Tools Image dataset\Mechanical Tools Image dataset\pliers\000042.jpg,pliers,exito,3.070811625155389,6.726211908141672,9.912607781032666,9.911328278621264,9.99999999999779,9.999957383204762,9.999999999999947
C:\Users\damba\.cache\kagglehub\datasets\salmaneunus\mechanical-tools-dataset\versions\20\Mechanical Tools Image dataset\Mechanical Tools Image dataset\pliers\000043.jpg,pliers,exito,2.6786723073501753,5.978995742823138,8.255304149273254,8.7584866129547,9.999999985732474,9.992786733920063,-9.999999984078313
C:\Users\damba\.cache\kagglehub\datasets\salmaneunus\mechanical-tools-dataset\versions\20\Mechanical Tools Image dataset\Mechanical Tools Image dataset\pliers\000044.jpg,pliers,exito,2.6565522310752057,5.888484989867025,8.283190232832938,9.898923312397176,-9.999999999961865,-9.99990172175258,-9.999999999983268
C:\Users\damba\.cache\kagglehub\datasets\salmaneunus\mechanical-tools-dataset\versions\20\Mechanical Tools Image dataset\Mechanical Tools Image dataset\pliers\000045.jpg,pliers,exito,2.834050296437464,7.376734543057048,9.744399229673709,9.96815417162343,-9.999999999999513,-9.999995776733005,-9.999999999999346
C:\Users\damba\.cache\kagglehub\datasets\salmaneunus\mechanical-tools-dataset\versions\20\Mechanical Tools Image dataset\Mechanical Tools Image dataset\pliers\000046.jpg,pliers,exito,2.966675578038249,6.994856600219498,9.572302817286959,9.993778859207831,-9.999999999999904,-9.9999981240586,-9.999999999999979
C:\Users\damba\.cache\kagglehub\datasets\salmaneunus\mechanical-tools-dataset\versions\20\Mechanical Tools Image dataset\Mechanical Tools Image dataset\pliers\000047.jpg,pliers,exito,2.652618557593566,7.411475139333896,8.498249209227708,8.902039089167216,9.999999991450279,9.999252392034691,-9.999999996023783
C:\Users\damba\.cache\kagglehub\datasets\salmaneunus\mechanical-tools-dataset\versions\20\Mechanical Tools Image dataset\Mechanical Tools Image dataset\pliers\000048.jpg,pliers,exito,2.6898425877934686,6.072587289426364,8.53139987576884,9.704223995820017,-9.999999999780131,9.999614008603055,9.999999999961515
C:\Users\damba\.cache\kagglehub\datasets\salmaneunus\mechanical-tools-dataset\versions\20\Mechanical Tools Image dataset\Mechanical Tools Image dataset\pliers\000049.jpg,pliers,exito,2.694452703468314,5.704586920734245,9.793824269396024,9.793250473198444,9.99999999998513,9.999706843375828,-9.999999999993785
C:\Users\damba\.cache\kagglehub\datasets\salmaneunus\mechanical-tools-dataset\versions\20\Mechanical Tools Image dataset\Mechanical Tools Image dataset\pliers\000050.jpg,pliers,exito,3.0359390165838067,7.778992054706955,9.978165390000827,9.994454963407565,-9.999999999999996,-9.999999736849917,-9.999999999999986
C:\Users\damba\.cache\kagglehub\datasets\salmaneunus\mechanical-tools-dataset\versions\20\Mechanical Tools Image dataset\Mechanical Tools Image dataset\pliers\000051.jpg,pliers,exito,2.6374514138185314,5.687776415046833,8.357177570396313,9.533291762719541,9.999999999367462,9.999429016985827,9.999999999574426
C:\Users\damba\.cache\kagglehub\datasets\salmaneunus\mechanical-tools-dataset\versions\20\Mechanical Tools Image dataset\Mechanical Tools Image dataset\pliers\000052.jpg,pliers,exito,2.787374930967176,6.967710643509468,9.041791911883713,9.789735021569724,9.999999999978364,-9.999912262925529,-9.999999999943302
C:\Users\damba\.cache\kagglehub\datasets\salmaneunus\mechanical-tools-dataset\versions\20\Mechanical Tools Image dataset\Mechanical Tools Image dataset\pliers\000053.jpg,pliers,exito,2.674471552771956,5.520304564785762,9.118808632138213,9.886405357469707,9.999999999981755,9.999774514386207,9.999999999999728
C:\Users\damba\.cache\kagglehub\datasets\salmaneunus\mechanical-tools-dataset\versions\20\Mechanical Tools Image dataset\Mechanical Tools Image dataset\pliers\000054.jpg,pliers,exito,2.9188747960725636,6.976415031746348,9.609238398018105,9.75139894872869,9.99999999996547,9.99990853489759,-9.999999999991253
C:\Users\damba\.cache\kagglehub\datasets\salmaneunus\mechanical-tools-dataset\versions\20\Mechanical Tools Image dataset\Mechanical Tools Image dataset\pliers\000055.jpg,pliers,exito,2.6268588413851757,5.517240506798521,8.413071258759745,9.241302748034292,9.999999998660343,-9.999839101065712,-9.999999997602007
C:\Users\damba\.cache\kagglehub\datasets\salmaneunus\mechanical-tools-dataset\versions\20\Mechanical Tools Image dataset\Mechanical Tools Image dataset\pliers\000056.jpg,pliers,exito,2.5473473447585717,5.1768290344759516,9.476880148854752,8.956718207609688,9.999999997888706,9.988890466246566,-9.999999999897382
C:\Users\damba\.cache\kagglehub\datasets\salmaneunus\mechanical-tools-dataset\versions\20\Mechanical Tools Image dataset\Mechanical Tools Image dataset\pliers\000057.jpg,pliers,exito,2.6547776902784954,6.157683568797767,8.15744964374625,9.690065293065038,9.999999999657707,-9.999852955023515,9.999999999829821
C:\Users\damba\.cache\kagglehub\datasets\salmaneunus\mechanical-tools-dataset\versions\20\Mechanical Tools Image dataset\Mechanical Tools Image dataset\pliers\000058.jpg,pliers,exito,3.0249692867935623,8.146300310335132,9.999698370238901,9.997190790410395,-10.0,-9.999999811643049,10.0
C:\Users\damba\.cache\kagglehub\datasets\salmaneunus\mechanical-tools-dataset\versions\20\Mechanical Tools Image dataset\Mechanical Tools Image dataset\pliers\000059.jpg,pliers,exito,2.7343003825999763,5.621462302179193,9.059733083785945,9.583111385888774,9.999999999754117,9.99892562055398,9.99999999997908
C:\Users\damba\.cache\kagglehub\datasets\salmaneunus\mechanical-tools-dataset\versions\20\Mechanical Tools Image dataset\Mechanical Tools Image dataset\pliers\000060.jpg,pliers,exito,2.622201217765873,5.310645309996255,9.881568088393326,9.886074577842313,9.99999999999644,9.999779356462787,-9.99999999999819
C:\Users\damba\.cache\kagglehub\datasets\salmaneunus\mechanical-tools-dataset\versions\20\Mechanical Tools Image dataset\Mechanical Tools Image dataset\pliers\000061.jpg,pliers,exito,2.592499221353306,5.379453276327424,9.320639074891393,9.241613633240098,-9.999999999131285,9.995823078546307,-9.999999999966459
C:\Users\damba\.cache\kagglehub\datasets\salmaneunus\mechanical-tools-dataset\versions\20\Mechanical Tools Image dataset\Mechanical Tools Image dataset\pliers\000062.jpg,pliers,exito,2.58463818925732,6.264304813090932,7.909613775290684,8.85723444821438,9.999999992174208,9.995968979973616,9.999999979206757
C:\Users\damba\.cache\kagglehub\datasets\salmaneunus\mechanical-tools-dataset\versions\20\Mechanical Tools Image dataset\Mechanical Tools Image dataset\pliers\000063.jpg,pliers,exito,2.7758960321867567,6.20998470003449,8.975027310519224,9.553331119465291,9.999999999676591,9.999504748263428,9.999999999980947
C:\Users\damba\.cache\kagglehub\datasets\salmaneunus\mechanical-tools-dataset\versions\20\Mechanical Tools Image dataset\Mechanical Tools Image dataset\pliers\000064.jpg,pliers,exito,2.683960449308578,5.7944115910204586,8.952137864437688,9.373830221550927,-9.999999999316692,9.998282846990474,9.999999999577891
C:\Users\damba\.cache\kagglehub\datasets\salmaneunus\mechanical-tools-dataset\versions\20\Mechanical Tools Image dataset\Mechanical Tools Image dataset\pliers\000065.jpg,pliers,exito,2.89236127077873,6.0309134902611135,9.475675019250675,9.51276346769756,9.999999999802107,9.999134826144257,9.999999999990044
C:\Users\damba\.cache\kagglehub\datasets\salmaneunus\mechanical-tools-dataset\versions\20\Mechanical Tools Image dataset\Mechanical Tools Image dataset\pliers\000066.jpg,pliers,exito,2.941462737154267,6.232796084886633,9.280228963629483,9.71749988115258,9.99999999992387,9.999720773871658,-9.99999999998082
C:\Users\damba\.cache\kagglehub\datasets\salmaneunus\mechanical-tools-dataset\versions\20\Mechanical Tools Image dataset\Mechanical Tools Image dataset\pliers\000067.jpg,pliers,exito,3.0277155272253085,6.349107811525872,9.991289894377129,9.99814018248843,9.999999999999998,9.99999891976405,10.0
C:\Users\damba\.cache\kagglehub\datasets\salmaneunus\mechanical-tools-dataset\versions\20\Mechanical Tools Image dataset\Mechanical Tools Image dataset\pliers\000068.jpg,pliers,exito,2.7975788945214206,6.451554308288381,9.538761205137812,9.900875931498314,9.999999999993785,9.999933842064138,9.99999999999536
C:\Users\damba\.cache\kagglehub\datasets\salmaneunus\mechanical-tools-dataset\versions\20\Mechanical Tools Image dataset\Mechanical Tools Image dataset\pliers\000069.jpg,pliers,exito,3.0378765167605004,6.984890686244663,9.508858824966737,9.975300983211692,-9.999999999999885,-9.999992740890187,9.999999999999117
C:\Users\damba\.cache\kagglehub\datasets\salmaneunus\mechanical-tools-dataset\versions\20\Mechanical Tools Image dataset\Mechanical Tools Image dataset\pliers\000070.jpg,pliers,exito,2.6829734289167977,5.627932941860426,8.988340930846626,9.91321103967114,9.999999999993706,9.999900277872774,9.999999999987766
C:\Users\damba\.cache\kagglehub\datasets\salmaneunus\mechanical-tools-dataset\versions\20\Mechanical Tools Image dataset\Mechanical Tools Image dataset\pliers\000071.jpg,pliers,exito,2.8488220883620587,6.172088891145764,9.353174236472922,9.951605615667239,-9.999999999996815,9.999958362108703,-9.99999999999932
C:\Users\damba\.cache\kagglehub\datasets\salmaneunus\mechanical-tools-dataset\versions\20\Mechanical Tools Image dataset\Mechanical Tools Image dataset\pliers\000072.jpg,pliers,exito,2.6152770232549503,5.319547425091007,9.875936300479724,9.852071167694724,-9.999999999993976,9.99961613055808,9.999999999997677
C:\Users\damba\.cache\kagglehub\datasets\salmaneunus\mechanical-tools-dataset\versions\20\Mechanical Tools Image dataset\Mechanical Tools Image dataset\pliers\000073.jpg,pliers,exito,2.6284490810992045,5.359493149935033,9.984566856550252,9.576721527051623,9.999999999982546,9.998504385246209,9.999999999998602
C:\Users\damba\.cache\kagglehub\datasets\salmaneunus\mechanical-tools-dataset\versions\20\Mechanical Tools Image dataset\Mechanical Tools Image dataset\pliers\000074.jpg,pliers,exito,2.628521088868612,5.367439129866026,9.941247757125668,9.526885503822104,9.999999999990488,9.998253240027832,9.99999999995521
C:\Users\damba\.cache\kagglehub\datasets\salmaneunus\mechanical-tools-dataset\versions\20\Mechanical Tools Image dataset\Mechanical Tools Image dataset\pliers\000075.jpg,pliers,exito,2.9467194994237595,7.750189521751256,9.504453898454285,9.774671062754045,9.999999999990868,-9.999984163886483,-9.999999999965645
C:\Users\damba\.cache\kagglehub\datasets\salmaneunus\mechanical-tools-dataset\versions\20\Mechanical Tools Image dataset\Mechanical Tools Image dataset\pliers\000076.jpg,pliers,exito,2.7203235389048674,6.0688216733175455,8.58883250297595,9.876993430058748,-9.99999999996988,9.999876748620219,9.99999999997293
C:\Users\damba\.cache\kagglehub\datasets\salmaneunus\mechanical-tools-dataset\versions\20\Mechanical Tools Image dataset\Mechanical Tools Image dataset\pliers\000077.jpg,pliers,exito,2.8558110210096785,7.36665176482109,9.961444651481633,9.941836058372632,9.999999999999485,-9.999999445342832,9.999999999999499
C:\Users\damba\.cache\kagglehub\datasets\salmaneunus\mechanical-tools-dataset\versions\20\Mechanical Tools Image dataset\Mechanical Tools Image dataset\pliers\000078.jpg,pliers,exito,2.9035197468882683,6.659039226171482,9.391911814775597,9.672692671849273,9.999999999909447,9.99985182492644,-9.999999999998947
C:\Users\damba\.cache\kagglehub\datasets\salmaneunus\mechanical-tools-dataset\versions\20\Mechanical Tools Image dataset\Mechanical Tools Image dataset\pliers\000079.jpg,pliers,exito,2.7898228953877195,7.058043529525512,8.969170058989883,9.869320080682732,9.999999999976518,9.999955430005617,-9.999999999984405
C:\Users\damba\.cache\kagglehub\datasets\salmaneunus\mechanical-tools-dataset\versions\20\Mechanical Tools Image dataset\Mechanical Tools Image dataset\pliers\000080.jpg,pliers,exito,2.7975925482926707,6.742692271147226,9.944476939121031,9.972224256965633,-9.999999999999778,9.999988410073865,-9.999999999999844
C:\Users\damba\.cache\kagglehub\datasets\salmaneunus\mechanical-tools-dataset\versions\20\Mechanical Tools Image dataset\Mechanical Tools Image dataset\pliers\000081.jpg,pliers,exito,2.7968624070275725,5.753841846395981,9.684669866288194,9.994818016744711,-9.999999999999948,-9.999997413275176,9.99999999999997
C:\Users\damba\.cache\kagglehub\datasets\salmaneunus\mechanical-tools-dataset\versions\20\Mechanical Tools Image dataset\Mechanical Tools Image dataset\pliers\000082.jpg,pliers,exito,2.858254759481047,7.162116275604662,9.66428878469111,9.788971148851118,9.999999999987553,-9.999975449926037,-9.999999999980409
C:\Users\damba\.cache\kagglehub\datasets\salmaneunus\mechanical-tools-dataset\versions\20\Mechanical Tools Image dataset\Mechanical Tools Image dataset\pliers\000083.jpg,pliers,exito,3.0770891704358605,6.86488449656016,9.853138544230466,9.990866744074532,9.999999999999932,-9.999996660695802,-9.999999999999947
C:\Users\damba\.cache\kagglehub\datasets\salmaneunus\mechanical-tools-dataset\versions\20\Mechanical Tools Image dataset\Mechanical Tools Image dataset\pliers\000084.jpg,pliers,exito,2.801864895694469,6.095701751394441,9.24661719627838,9.381436716998277,9.999999999909457,9.99919058561437,-9.999999999482073
C:\Users\damba\.cache\kagglehub\datasets\salmaneunus\mechanical-tools-dataset\versions\20\Mechanical Tools Image dataset\Mechanical Tools Image dataset\pliers\000085.jpg,pliers,exito,2.5619899261885837,5.231140969135291,9.128007716524118,9.967355721151202,9.99999999999793,9.999925002314816,9.999999999998774
C:\Users\damba\.cache\kagglehub\datasets\salmaneunus\mechanical-tools-dataset\versions\20\Mechanical Tools Image dataset\Mechanical Tools Image dataset\pliers\000086.jpg,pliers,exito,2.712154260219019,6.0931719484493385,8.981041166083427,9.729409073063534,9.99999999991506,9.999875903965593,9.999999999934417
C:\Users\damba\.cache\kagglehub\datasets\salmaneunus\mechanical-tools-dataset\versions\20\Mechanical Tools Image dataset\Mechanical Tools Image dataset\pliers\000087.jpg,pliers,exito,2.9379056153263203,7.5112856133639845,9.724913985177382,9.477432441998197,9.999999999867853,9.99987394488643,9.99999999993955
C:\Users\damba\.cache\kagglehub\datasets\salmaneunus\mechanical-tools-dataset\versions\20\Mechanical Tools Image dataset\Mechanical Tools Image dataset\pliers\000088.jpg,pliers,exito,2.917260589219518,6.565553940350347,9.034359912721335,9.811359824899359,9.999999999964473,9.999905698681486,-9.999999999964796
C:\Users\damba\.cache\kagglehub\datasets\salmaneunus\mechanical-tools-dataset\versions\20\Mechanical Tools Image dataset\Mechanical Tools Image dataset\pliers\000089.jpg,pliers,exito,2.9816920439061225,7.632935820233802,9.887604824478078,9.941813108700876,-9.999999999998764,9.999996629559707,9.99999999999966
C:\Users\damba\.cache\kagglehub\datasets\salmaneunus\mechanical-tools-dataset\versions\20\Mechanical Tools Image dataset\Mechanical Tools Image dataset\pliers\000090.jpg,pliers,exito,2.610126850372749,5.413686740286532,9.925653894961464,9.172025211756578,9.999999999997934,9.99515688384363,9.999999999742652
C:\Users\damba\.cache\kagglehub\datasets\salmaneunus\mechanical-tools-dataset\versions\20\Mechanical Tools Image dataset\Mechanical Tools Image dataset\pliers\000091.jpg,pliers,exito,2.879936464074999,7.025895512307719,9.013423645873825,9.3446927218534,9.999999999459515,9.999651761866795,9.999999999348644
C:\Users\damba\.cache\kagglehub\datasets\salmaneunus\mechanical-tools-dataset\versions\20\Mechanical Tools Image dataset\Mechanical Tools Image dataset\pliers\000092.jpg,pliers,exito,2.7719319541411913,6.817032366741839,9.6257710620299,9.710788576475187,-9.99999999995708,-9.999999406736645,-9.99999999998148
C:\Users\damba\.cache\kagglehub\datasets\salmaneunus\mechanical-tools-dataset\versions\20\Mechanical Tools Image dataset\Mechanical Tools Image dataset\pliers\000093.jpg,pliers,exito,2.904123044345015,6.846814508877042,9.611453907406332,9.99203092088536,-9.999999999999869,-9.999997481541506,9.999999999999988
C:\Users\damba\.cache\kagglehub\datasets\salmaneunus\mechanical-tools-dataset\versions\20\Mechanical Tools Image dataset\Mechanical Tools Image dataset\pliers\000094.jpg,pliers,exito,2.738167556934788,6.249501041651861,9.401718967862521,9.484363518504583,9.9999999997716,9.999386393658401,-9.999999999881815
C:\Users\damba\.cache\kagglehub\datasets\salmaneunus\mechanical-tools-dataset\versions\20\Mechanical Tools Image dataset\Mechanical Tools Image dataset\pliers\000095.jpg,pliers,exito,2.782992662817921,5.768980133005369,9.78696400751294,9.455239548240513,9.99999999986295,9.998582641928852,-9.999999999998227
C:\Users\damba\.cache\kagglehub\datasets\salmaneunus\mechanical-tools-dataset\versions\20\Mechanical Tools Image dataset\Mechanical Tools Image dataset\pliers\000096.jpg,pliers,exito,2.6016222839084744,6.284240782983994,7.938749458109626,9.587059944938613,9.999999999219865,9.9999306737034,-9.999999999496707
C:\Users\damba\.cache\kagglehub\datasets\salmaneunus\mechanical-tools-dataset\versions\20\Mechanical Tools Image dataset\Mechanical Tools Image dataset\pliers\000097.jpg,pliers,exito,2.5495694897867174,5.323932494193197,8.71870496684526,9.553131056492793,-9.999999999557877,9.99830590018632,9.999999999944023
C:\Users\damba\.cache\kagglehub\datasets\salmaneunus\mechanical-tools-dataset\versions\20\Mechanical Tools Image dataset\Mechanical Tools Image dataset\pliers\000098.jpg,pliers,exito,2.607534564424458,5.590053524774053,8.730921740254981,9.184614197283913,-9.999999997943437,9.996191431128162,9.999999998816754
C:\Users\damba\.cache\kagglehub\datasets\salmaneunus\mechanical-tools-dataset\versions\20\Mechanical Tools Image dataset\Mechanical Tools Image dataset\pliers\000099.jpg,pliers,exito,2.842011041023927,5.956917401698843,9.519441106240313,9.91158042463047,9.9999999999974,9.999936407208434,-9.999999999993902
C:\Users\damba\.cache\kagglehub\datasets\salmaneunus\mechanical-tools-dataset\versions\20\Mechanical Tools Image dataset\Mechanical Tools Image dataset\pliers\000100.jpg,pliers,exito,2.956785757965003,6.126276475018894,9.922264240747072,9.892578526992864,9.999999999997144,9.999894637167397,-9.999999999999922
C:\Users\damba\.cache\kagglehub\datasets\salmaneunus\mechanical-tools-dataset\versions\20\Mechanical Tools Image dataset\Mechanical Tools Image dataset\pliers\000101.jpg,pliers,exito,2.7928432587710392,6.676127445087866,8.623730157637958,9.574915304203262,-9.99999999995442,9.999675085955362,9.999999999558492
C:\Users\damba\.cache\kagglehub\datasets\salmaneunus\mechanical-tools-dataset\versions\20\Mechanical Tools Image dataset\Mechanical Tools Image dataset\pliers\000102.jpg,pliers,exito,2.727477031114899,5.5584188813011,9.376568062553869,9.816509161594563,-9.999999999996223,-9.999847897260468,-9.999999999970616
C:\Users\damba\.cache\kagglehub\datasets\salmaneunus\mechanical-tools-dataset\versions\20\Mechanical Tools Image dataset\Mechanical Tools Image dataset\pliers\000103.jpg,pliers,exito,2.6016256097339077,5.380900888405876,8.464228000761047,9.325457564328607,9.999999998695966,9.998008657500224,9.999999998753603
C:\Users\damba\.cache\kagglehub\datasets\salmaneunus\mechanical-tools-dataset\versions\20\Mechanical Tools Image dataset\Mechanical Tools Image dataset\pliers\000104.jpg,pliers,exito,2.8081816103231088,6.471946990671306,8.96990648745647,9.07480769220466,9.99999999911819,9.998263796705018,-9.999999997411013
C:\Users\damba\.cache\kagglehub\datasets\salmaneunus\mechanical-tools-dataset\versions\20\Mechanical Tools Image dataset\Mechanical Tools Image dataset\pliers\000105.jpg,pliers,exito,2.5647336399087193,7.212508230563806,7.835534192174138,8.726111837386918,-9.999999970023,9.99809364590905,9.999999974679076
C:\Users\damba\.cache\kagglehub\datasets\salmaneunus\mechanical-tools-dataset\versions\20\Mechanical Tools Image dataset\Mechanical Tools Image dataset\pliers\000106.jpg,pliers,exito,2.864394242410873,6.501015398927748,8.648624513555422,9.928081993917855,9.999999999989495,9.99996325181859,-9.999999999988772
C:\Users\damba\.cache\kagglehub\datasets\salmaneunus\mechanical-tools-dataset\versions\20\Mechanical Tools Image dataset\Mechanical Tools Image dataset\pliers\000107.jpg,pliers,exito,2.7423286106863145,5.96158938509514,8.986905062728193,9.671409203427999,-9.999999999840925,9.999487210356547,9.999999999990454
C:\Users\damba\.cache\kagglehub\datasets\salmaneunus\mechanical-tools-dataset\versions\20\Mechanical Tools Image dataset\Mechanical Tools Image dataset\pliers\000108.jpg,pliers,exito,2.6550664491143574,6.296028328169348,8.027250525728444,9.046207621669357,-9.999999990670453,-9.997610190860797,9.999999998458412
C:\Users\damba\.cache\kagglehub\datasets\salmaneunus\mechanical-tools-dataset\versions\20\Mechanical Tools Image dataset\Mechanical Tools Image dataset\pliers\000109.jpg,pliers,exito,2.628023186256896,5.3363494046345155,9.670138252069696,9.557477349723413,9.99999999990752,9.998547604203482,-9.999999999942142
C:\Users\damba\.cache\kagglehub\datasets\salmaneunus\mechanical-tools-dataset\versions\20\Mechanical Tools Image dataset\Mechanical Tools Image dataset\pliers\000110.jpg,pliers,exito,2.820345801974233,6.054440254871735,8.736538072673687,9.81174459589689,-9.999999999946201,-9.999839180284399,-9.999999999951717
C:\Users\damba\.cache\kagglehub\datasets\salmaneunus\mechanical-tools-dataset\versions\20\Mechanical Tools Image dataset\Mechanical Tools Image dataset\pliers\000111.jpg,pliers,exito,2.9487142687660475,6.973679609347924,8.907193752622229,9.690938576736995,9.999999999937247,9.999915743965385,-9.999999999858488
C:\Users\damba\.cache\kagglehub\datasets\salmaneunus\mechanical-tools-dataset\versions\20\Mechanical Tools Image dataset\Mechanical Tools Image dataset\pliers\000112.jpg,pliers,exito,2.5966523110664634,5.835153692449465,8.0797964594407,9.447867669562115,-9.99999999997145,9.998819035866136,9.999999998382009
C:\Users\damba\.cache\kagglehub\datasets\salmaneunus\mechanical-tools-dataset\versions\20\Mechanical Tools Image dataset\Mechanical Tools Image dataset\pliers\000113.jpg,pliers,exito,2.786320466546439,5.73090849571086,9.352756004544275,9.707712979887884,9.999999999924283,9.999433338192278,9.999999999997284
C:\Users\damba\.cache\kagglehub\datasets\salmaneunus\mechanical-tools-dataset\versions\20\Mechanical Tools Image dataset\Mechanical Tools Image dataset\pliers\000114.jpg,pliers,exito,2.66821366641699,8.097074520821295,8.063651835484649,9.068623318820777,-9.999999991809455,-9.999783797330961,-9.999999998624924
C:\Users\damba\.cache\kagglehub\datasets\salmaneunus\mechanical-tools-dataset\versions\20\Mechanical Tools Image dataset\Mechanical Tools Image dataset\pliers\000115.jpg,pliers,exito,2.5664029438340417,6.683969628367767,7.8466191482144305,8.637814528005041,-9.999999946905557,9.995679232545067,9.999999994585545
C:\Users\damba\.cache\kagglehub\datasets\salmaneunus\mechanical-tools-dataset\versions\20\Mechanical Tools Image dataset\Mechanical Tools Image dataset\pliers\000116.jpg,pliers,exito,2.6671960562497334,5.68239871170295,8.333295514786617,8.802978976327651,9.999999986139915,9.990892124866459,-9.999999990929021
C:\Users\damba\.cache\kagglehub\datasets\salmaneunus\mechanical-tools-dataset\versions\20\Mechanical Tools Image dataset\Mechanical Tools Image dataset\pliers\000117.jpg,pliers,exito,2.964682783731836,6.125584698858054,9.999616745686685,9.99996143845375,-10.0,-9.999999968894832,10.0
C:\Users\damba\.cache\kagglehub\datasets\salmaneunus\mechanical-tools-dataset\versions\20\Mechanical Tools Image dataset\Mechanical Tools Image dataset\pliers\000118.jpg,pliers,exito,3.1752244811257317,8.420727963756622,9.996721109960342,9.999866609431086,10.0,9.999999999759563,-10.0
C:\Users\damba\.cache\kagglehub\datasets\salmaneunus\mechanical-tools-dataset\versions\20\Mechanical Tools Image dataset\Mechanical Tools Image dataset\pliers\000119.jpg,pliers,exito,2.5568235132877066,5.2231913488555355,9.474165203401249,9.969211570299107,-9.999999999998725,-9.999947237391163,9.999999999999634
C:\Users\damba\.cache\kagglehub\datasets\salmaneunus\mechanical-tools-dataset\versions\20\Mechanical Tools Image dataset\Mechanical Tools Image dataset\pliers\000120.jpg,pliers,exito,2.5852973410931877,6.020084354679171,8.048803617466413,9.873749483585177,-9.99999999992058,9.999857558480809,-9.99999999999038
C:\Users\damba\.cache\kagglehub\datasets\salmaneunus\mechanical-tools-dataset\versions\20\Mechanical Tools Image dataset\Mechanical Tools Image dataset\pliers\000121.jpg,pliers,exito,2.595958252810265,5.733587423330107,8.241105900854734,8.750137453498388,9.999999983715595,9.999893100779776,9.999999984600523
C:\Users\damba\.cache\kagglehub\datasets\salmaneunus\mechanical-tools-dataset\versions\20\Mechanical Tools Image dataset\Mechanical Tools Image dataset\pliers\000122.jpg,pliers,exito,2.8140036237119648,8.073237331404155,9.208221966450164,9.348291856723735,-9.999999999356877,-9.999879398918283,-9.999999999975097
C:\Users\damba\.cache\kagglehub\datasets\salmaneunus\mechanical-tools-dataset\versions\20\Mechanical Tools Image dataset\Mechanical Tools Image dataset\pliers\000123.jpg,pliers,exito,2.62000890234544,5.468457086181845,8.862855134678314,9.867889361090876,-9.999999999967464,9.999716153580009,9.999999999995639
C:\Users\damba\.cache\kagglehub\datasets\salmaneunus\mechanical-tools-dataset\versions\20\Mechanical Tools Image dataset\Mechanical Tools Image dataset\pliers\000124.jpg,pliers,exito,2.7427590988267236,5.632573042487536,9.34107801078536,9.75747640311419,9.999999999947248,9.999510118510122,9.99999999999489
C:\Users\damba\.cache\kagglehub\datasets\salmaneunus\mechanical-tools-dataset\versions\20\Mechanical Tools Image dataset\Mechanical Tools Image dataset\pliers\000125.jpg,pliers,exito,2.9482379209239533,7.133066492219294,9.708869453690955,9.990165884702952,-9.999999999999988,-9.999997548876074,9.999999999999853
C:\Users\damba\.cache\kagglehub\datasets\salmaneunus\mechanical-tools-dataset\versions\20\Mechanical Tools Image dataset\Mechanical Tools Image dataset\pliers\000126.jpg,pliers,exito,2.772098795493038,5.811112331379145,9.61458447203802,9.503049549971989,9.999999999898048,9.998938423679531,9.999999999873411
C:\Users\damba\.cache\kagglehub\datasets\salmaneunus\mechanical-tools-dataset\versions\20\Mechanical Tools Image dataset\Mechanical Tools Image dataset\pliers\000127.jpg,pliers,exito,3.0071379912529914,7.641885310723282,9.871886942892795,9.868234490850561,-9.999999999994634,-9.999977403825152,9.999999999999883
C:\Users\damba\.cache\kagglehub\datasets\salmaneunus\mechanical-tools-dataset\versions\20\Mechanical Tools Image dataset\Mechanical Tools Image dataset\pliers\000128.jpg,pliers,exito,2.9869648452563684,7.049634003101996,9.089680132768711,9.982437891438973,9.999999999999057,9.999994650603206,9.999999999999762
C:\Users\damba\.cache\kagglehub\datasets\salmaneunus\mechanical-tools-dataset\versions\20\Mechanical Tools Image dataset\Mechanical Tools Image dataset\pliers\000129.jpg,pliers,exito,2.8111763773404927,6.043116170807674,9.28546254131448,9.985500342040263,9.999999999999469,-9.999994883095667,9.999999999999838
C:\Users\damba\.cache\kagglehub\datasets\salmaneunus\mechanical-tools-dataset\versions\20\Mechanical Tools Image dataset\Mechanical Tools Image dataset\pliers\000130.jpg,pliers,exito,2.635803345751008,6.0013783925062105,8.201531205292556,9.682106344410519,-9.999999999942803,9.999692223087944,9.99999999962131
C:\Users\damba\.cache\kagglehub\datasets\salmaneunus\mechanical-tools-dataset\versions\20\Mechanical Tools Image dataset\Mechanical Tools Image dataset\pliers\000131.jpg,pliers,exito,2.5766837270677003,5.817975755944758,8.248929590586622,8.621680004956861,-9.999999987200612,9.988151871800238,-9.999999966989586
C:\Users\damba\.cache\kagglehub\datasets\salmaneunus\mechanical-tools-dataset\versions\20\Mechanical Tools Image dataset\Mechanical Tools Image dataset\pliers\000132.jpg,pliers,exito,2.71272089724166,5.553726088655219,9.595471188543875,9.999933607466055,10.0,9.999999889265561,-10.0
C:\Users\damba\.cache\kagglehub\datasets\salmaneunus\mechanical-tools-dataset\versions\20\Mechanical Tools Image dataset\Mechanical Tools Image dataset\pliers\000133.jpg,pliers,exito,3.084784461399931,8.302058242648954,9.971418384761918,9.996243431787159,10.0,-9.999999953906206,-9.999999999999991
C:\Users\damba\.cache\kagglehub\datasets\salmaneunus\mechanical-tools-dataset\versions\20\Mechanical Tools Image dataset\Mechanical Tools Image dataset\pliers\000134.jpg,pliers,exito,2.80063543093339,6.646220871472306,9.441408384840837,9.370574094034101,9.999999999612948,-9.99989692037833,-9.999999999853852
C:\Users\damba\.cache\kagglehub\datasets\salmaneunus\mechanical-tools-dataset\versions\20\Mechanical Tools Image dataset\Mechanical Tools Image dataset\pliers\000135.jpg,pliers,exito,3.0355040733116807,6.648299402180132,9.975295498492926,9.937298751550872,-9.99999999999951,9.999970368886633,9.999999999999584
C:\Users\damba\.cache\kagglehub\datasets\salmaneunus\mechanical-tools-dataset\versions\20\Mechanical Tools Image dataset\Mechanical Tools Image dataset\pliers\000136.jpg,pliers,exito,2.7314925739199993,6.74112255649409,8.440262405818226,9.452365335736829,-9.999999998963066,9.99953289966835,-9.999999999966882
C:\Users\damba\.cache\kagglehub\datasets\salmaneunus\mechanical-tools-dataset\versions\20\Mechanical Tools Image dataset\Mechanical Tools Image dataset\pliers\000137.jpg,pliers,exito,2.8061092385932254,7.327682557344617,8.77648712301679,9.526942494947587,9.999999999633742,9.999909195185989,9.999999999694378
C:\Users\damba\.cache\kagglehub\datasets\salmaneunus\mechanical-tools-dataset\versions\20\Mechanical Tools Image dataset\Mechanical Tools Image dataset\pliers\000138.jpg,pliers,exito,2.679876249942023,7.488737068756479,9.958681273083084,9.756358463096475,-9.999999999998268,-9.99994330949006,9.999999999991214
C:\Users\damba\.cache\kagglehub\datasets\salmaneunus\mechanical-tools-dataset\versions\20\Mechanical Tools Image dataset\Mechanical Tools Image dataset\pliers\000139.jpg,pliers,exito,2.8129364011968745,6.751842585515133,9.261260417267888,9.970144255438885,-9.99999999999882,9.999988452881484,-9.999999999998714
C:\Users\damba\.cache\kagglehub\datasets\salmaneunus\mechanical-tools-dataset\versions\20\Mechanical Tools Image dataset\Mechanical Tools Image dataset\pliers\000140.jpg,pliers,exito,2.838349008869636,5.996456273303796,9.15427497521078,9.90007197711103,9.999999999993044,9.999934286789125,9.999999999987837
C:\Users\damba\.cache\kagglehub\datasets\salmaneunus\mechanical-tools-dataset\versions\20\Mechanical Tools Image dataset\Mechanical Tools Image dataset\pliers\000141.jpg,pliers,exito,2.7722976987760064,7.149889105535617,9.072790406230062,9.924716005690083,9.99999999999095,9.99998177633143,9.999999999996332
C:\Users\damba\.cache\kagglehub\datasets\salmaneunus\mechanical-tools-dataset\versions\20\Mechanical Tools Image dataset\Mechanical Tools Image dataset\pliers\000142.jpg,pliers,exito,3.002975574277493,6.800077741590774,9.138856531009568,9.725781005864722,9.999999999919813,9.999865931392394,-9.999999999959652
C:\Users\damba\.cache\kagglehub\datasets\salmaneunus\mechanical-tools-dataset\versions\20\Mechanical Tools Image dataset\Mechanical Tools Image dataset\pliers\000143.jpg,pliers,exito,2.7025323055093544,5.526026777245173,9.433744160766327,9.351884570453196,9.999999999544618,9.997429289036289,9.99999999999667
C:\Users\damba\.cache\kagglehub\datasets\salmaneunus\mechanical-tools-dataset\versions\20\Mechanical Tools Image dataset\Mechanical Tools Image dataset\pliers\000144.jpg,pliers,exito,2.8771643341267685,7.4564154873306645,9.874359023879578,9.825193259548437,9.99999999999811,9.999996171911702,-9.99999999999143
C:\Users\damba\.cache\kagglehub\datasets\salmaneunus\mechanical-tools-dataset\versions\20\Mechanical Tools Image dataset\Mechanical Tools Image dataset\pliers\000145.jpg,pliers,exito,2.5572020562113997,6.059833829746436,8.09782498184874,8.839234250420255,9.999999988549742,-9.996111191521768,-9.999999984732943
C:\Users\damba\.cache\kagglehub\datasets\salmaneunus\mechanical-tools-dataset\versions\20\Mechanical Tools Image dataset\Mechanical Tools Image dataset\pliers\000146.jpg,pliers,exito,2.6995405871509295,6.5333193949106425,9.297651519603315,9.810547352740945,9.999999999983341,9.999895614668048,-9.99999999996888
C:\Users\damba\.cache\kagglehub\datasets\salmaneunus\mechanical-tools-dataset\versions\20\Mechanical Tools Image dataset\Mechanical Tools Image dataset\pliers\000147.jpg,pliers,exito,2.6965842218121288,6.729334891922372,8.29639836712231,9.362421319795928,-9.999999998151127,9.99937410197822,-9.999999999743768
C:\Users\damba\.cache\kagglehub\datasets\salmaneunus\mechanical-tools-dataset\versions\20\Mechanical Tools Image dataset\Mechanical Tools Image dataset\pliers\000148.jpg,pliers,exito,2.8190681550969363,6.238804992082216,8.978395739257312,9.864788631809727,-9.99999999998441,-9.999932803247145,-9.99999999997488
C:\Users\damba\.cache\kagglehub\datasets\salmaneunus\mechanical-tools-dataset\versions\20\Mechanical Tools Image dataset\Mechanical Tools Image dataset\pliers\000149.jpg,pliers,exito,2.8423151340534347,6.269157180907889,8.911493584961228,9.630191845712803,9.999999999839238,9.99980643622408,9.999999999839925
C:\Users\damba\.cache\kagglehub\datasets\salmaneunus\mechanical-tools-dataset\versions\20\Mechanical Tools Image dataset\Mechanical Tools Image dataset\pliers\000150.jpg,pliers,exito,2.5720348043055816,5.242721055285126,9.703916488193714,9.778474300944916,-9.999999999977712,9.999312964132319,-9.999999999993188
C:\Users\damba\.cache\kagglehub\datasets\salmaneunus\mechanical-tools-dataset\versions\20\Mechanical Tools Image dataset\Mechanical Tools Image dataset\pliers\000151.jpg,pliers,exito,2.912014430289808,6.940573572057077,9.930713661095059,9.48836578499038,-9.999999999953976,9.999873201530004,-9.999999999960142
C:\Users\damba\.cache\kagglehub\datasets\salmaneunus\mechanical-tools-dataset\versions\20\Mechanical Tools Image dataset\Mechanical Tools Image dataset\pliers\000152.jpg,pliers,exito,2.621033437492284,6.198991523432406,8.676297848519088,9.38501448088702,9.999999999017462,9.998928215562952,9.999999999569491
C:\Users\damba\.cache\kagglehub\datasets\salmaneunus\mechanical-tools-dataset\versions\20\Mechanical Tools Image dataset\Mechanical Tools Image dataset\pliers\000153.jpg,pliers,exito,2.666162669596498,5.477973389079285,9.713996382596282,9.84637185623185,-9.9999999999886,9.999664917302615,-9.999999999997904
C:\Users\damba\.cache\kagglehub\datasets\salmaneunus\mechanical-tools-dataset\versions\20\Mechanical Tools Image dataset\Mechanical Tools Image dataset\pliers\000154.jpg,pliers,exito,2.782528725678899,7.050217833331013,9.717094580236944,9.588463549797114,9.99999999991739,-9.999988493356256,-9.999999999999204
C:\Users\damba\.cache\kagglehub\datasets\salmaneunus\mechanical-tools-dataset\versions\20\Mechanical Tools Image dataset\Mechanical Tools Image dataset\pliers\000155.jpg,pliers,exito,2.4911991157543603,5.717343840498962,8.918000612726122,9.50284434518521,9.999999999639789,9.999478344559895,9.999999999725244
C:\Users\damba\.cache\kagglehub\datasets\salmaneunus\mechanical-tools-dataset\versions\20\Mechanical Tools Image dataset\Mechanical Tools Image dataset\pliers\000156.jpg,pliers,exito,2.6686299455535494,6.2952069874340095,8.156876708292353,9.080950918480964,-9.999999999373506,9.997754655563696,9.999999992929604
C:\Users\damba\.cache\kagglehub\datasets\salmaneunus\mechanical-tools-dataset\versions\20\Mechanical Tools Image dataset\Mechanical Tools Image dataset\pliers\000157.jpg,pliers,exito,2.623740793500967,5.340012754811489,9.991119271371687,9.633230497473825,-9.999999999993296,9.998771295075613,-9.99999999999321
C:\Users\damba\.cache\kagglehub\datasets\salmaneunus\mechanical-tools-dataset\versions\20\Mechanical Tools Image dataset\Mechanical Tools Image dataset\pliers\000158.jpg,pliers,exito,2.7515669959687177,7.650633446964082,8.494724964653608,9.393158342122055,-9.999999998721988,-9.99981317066843,-9.99999999987038
C:\Users\damba\.cache\kagglehub\datasets\salmaneunus\mechanical-tools-dataset\versions\20\Mechanical Tools Image dataset\Mechanical Tools Image dataset\pliers\000159.jpg,pliers,exito,2.7526623115121303,5.637094666295434,9.209545541013984,9.449245779555216,9.999999999600874,9.998915713365324,-9.999999999942704
C:\Users\damba\.cache\kagglehub\datasets\salmaneunus\mechanical-tools-dataset\versions\20\Mechanical Tools Image dataset\Mechanical Tools Image dataset\pliers\000160.jpg,pliers,exito,2.6128031483475476,5.602299283123464,8.407632051093662,9.100510120030819,9.99999999522517,9.995303535699366,9.999999998918758
C:\Users\damba\.cache\kagglehub\datasets\salmaneunus\mechanical-tools-dataset\versions\20\Mechanical Tools Image dataset\Mechanical Tools Image dataset\pliers\000161.jpg,pliers,exito,2.6169607808971613,6.1432640210419525,9.945765828219772,9.995364585374658,-9.999999999999982,-9.999999642152323,-9.999999999999995
C:\Users\damba\.cache\kagglehub\datasets\salmaneunus\mechanical-tools-dataset\versions\20\Mechanical Tools Image dataset\Mechanical Tools Image dataset\pliers\000162.jpg,pliers,exito,2.6316689152397923,5.865131374921357,8.854290107938828,9.457463306133654,9.999999999541847,9.99964815916808,-9.999999999591116
C:\Users\damba\.cache\kagglehub\datasets\salmaneunus\mechanical-tools-dataset\versions\20\Mechanical Tools Image dataset\Mechanical Tools Image dataset\pliers\000163.jpg,pliers,exito,2.9422589895252678,6.884320511568076,9.717093225278225,9.834358026970122,9.999999999987145,9.999935502702652,9.99999999999715
C:\Users\damba\.cache\kagglehub\datasets\salmaneunus\mechanical-tools-dataset\versions\20\Mechanical Tools Image dataset\Mechanical Tools Image dataset\pliers\000164.jpg,pliers,exito,3.052667879354959,7.581557400872556,9.432890119417147,9.99965501232285,10.0,9.999999997305663,9.999999999999998
C:\Users\damba\.cache\kagglehub\datasets\salmaneunus\mechanical-tools-dataset\versions\20\Mechanical Tools Image dataset\Mechanical Tools Image dataset\pliers\000165.jpg,pliers,exito,2.5285468713605765,7.60821810115945,7.616470231556967,8.600191982879197,-9.99999995359984,-9.998404359239402,9.99999993510314
C:\Users\damba\.cache\kagglehub\datasets\salmaneunus\mechanical-tools-dataset\versions\20\Mechanical Tools Image dataset\Mechanical Tools Image dataset\pliers\000166.jpg,pliers,exito,2.9427180416411893,6.968543224476592,9.344967917125532,9.770808525558804,9.999999999952939,9.99991639975327,9.999999999996243
C:\Users\damba\.cache\kagglehub\datasets\salmaneunus\mechanical-tools-dataset\versions\20\Mechanical Tools Image dataset\Mechanical Tools Image dataset\pliers\000167.jpg,pliers,exito,2.551915886082804,5.604664859108882,8.46580196314557,9.409206462154438,-9.999999999063194,9.998739187614653,-9.999999999196016
C:\Users\damba\.cache\kagglehub\datasets\salmaneunus\mechanical-tools-dataset\versions\20\Mechanical Tools Image dataset\Mechanical Tools Image dataset\pliers\000168.jpg,pliers,exito,2.6410073931613374,7.002410468808437,8.801750960201979,8.85565027331367,-9.999999993854638,9.99932951498929,-9.99999999523597
C:\Users\damba\.cache\kagglehub\datasets\salmaneunus\mechanical-tools-dataset\versions\20\Mechanical Tools Image dataset\Mechanical Tools Image dataset\pliers\000169.jpg,pliers,exito,2.860918493075672,5.896360160139405,9.22010805937762,9.472309858511792,9.999999999644725,9.998841644651721,-9.99999999999929
C:\Users\damba\.cache\kagglehub\datasets\salmaneunus\mechanical-tools-dataset\versions\20\Mechanical Tools Image dataset\Mechanical Tools Image dataset\pliers\000170.jpg,pliers,exito,2.9901956712262767,7.471763879497647,9.225846912421556,9.95069963431193,-9.99999999999617,9.999992149658441,9.999999999998764
C:\Users\damba\.cache\kagglehub\datasets\salmaneunus\mechanical-tools-dataset\versions\20\Mechanical Tools Image dataset\Mechanical Tools Image dataset\pliers\000171.jpg,pliers,exito,2.852684342399042,7.035058925467158,8.877064253436005,9.889809542445875,-9.999999999996785,-9.999969475704487,-9.999999999976605
C:\Users\damba\.cache\kagglehub\datasets\salmaneunus\mechanical-tools-dataset\versions\20\Mechanical Tools Image dataset\Mechanical Tools Image dataset\pliers\000172.jpg,pliers,exito,2.7461958996341966,7.948631677888256,9.495730369680059,9.857748862335873,-9.999999999986922,9.999982224111466,-9.999999999991644
C:\Users\damba\.cache\kagglehub\datasets\salmaneunus\mechanical-tools-dataset\versions\20\Mechanical Tools Image dataset\Mechanical Tools Image dataset\pliers\000173.jpg,pliers,exito,2.54061059290625,5.143003285689522,8.354878041940774,8.570226420113917,9.99999996238552,9.970834343421018,9.999999999956573
C:\Users\damba\.cache\kagglehub\datasets\salmaneunus\mechanical-tools-dataset\versions\20\Mechanical Tools Image dataset\Mechanical Tools Image dataset\pliers\000174.jpg,pliers,exito,2.862682384789955,5.8421071365862804,9.547524177553333,9.685058526869321,9.9999999999354,9.999454050243443,9.999999999997247
C:\Users\damba\.cache\kagglehub\datasets\salmaneunus\mechanical-tools-dataset\versions\20\Mechanical Tools Image dataset\Mechanical Tools Image dataset\pliers\000175.jpg,pliers,exito,3.0395616685330995,6.506042856722285,9.94176180866232,9.987879755901824,9.999999999999934,9.999993678954546,9.999999999999956
C:\Users\damba\.cache\kagglehub\datasets\salmaneunus\mechanical-tools-dataset\versions\20\Mechanical Tools Image dataset\Mechanical Tools Image dataset\pliers\000176.jpg,pliers,exito,2.8588146121249673,6.690212284797317,8.937952069216772,9.199130313796516,9.999999998458007,-9.99982279976407,-9.999999999213822
C:\Users\damba\.cache\kagglehub\datasets\salmaneunus\mechanical-tools-dataset\versions\20\Mechanical Tools Image dataset\Mechanical Tools Image dataset\pliers\000177.jpg,pliers,exito,2.7587363935312093,7.418656110425967,9.589862529691718,9.952834304556472,9.99999999999991,-9.999991549465687,9.999999999997886
C:\Users\damba\.cache\kagglehub\datasets\salmaneunus\mechanical-tools-dataset\versions\20\Mechanical Tools Image dataset\Mechanical Tools Image dataset\pliers\000178.jpg,pliers,exito,2.6538609090071024,5.3977087470143665,9.360204866664608,9.157200958986927,9.999999998840284,9.994849910209116,-9.9999999999949
C:\Users\damba\.cache\kagglehub\datasets\salmaneunus\mechanical-tools-dataset\versions\20\Mechanical Tools Image dataset\Mechanical Tools Image dataset\pliers\000179.jpg,pliers,exito,2.889513651165452,5.970892599487422,9.846098498516927,9.991773032142394,-9.999999999999972,9.999992924252387,-9.99999999999993
C:\Users\damba\.cache\kagglehub\datasets\salmaneunus\mechanical-tools-dataset\versions\20\Mechanical Tools Image dataset\Mechanical Tools Image dataset\pliers\000180.jpg,pliers,exito,2.947412285516443,6.257728929872169,9.129427690115964,9.73097325094305,9.999999999918892,9.999780416770568,9.999999999967272
C:\Users\damba\.cache\kagglehub\datasets\salmaneunus\mechanical-tools-dataset\versions\20\Mechanical Tools Image dataset\Mechanical Tools Image dataset\pliers\000181.jpg,pliers,exito,3.158116358099158,9.961611562343275,9.999988807006003,9.999753998420609,-10.0,-9.999999999261782,10.0
C:\Users\damba\.cache\kagglehub\datasets\salmaneunus\mechanical-tools-dataset\versions\20\Mechanical Tools Image dataset\Mechanical Tools Image dataset\pliers\000182.jpg,pliers,exito,2.8542680802001406,7.052769536732252,9.25137944479181,9.78705854875237,-9.999999999953785,-9.999978232542844,9.999999999991894
C:\Users\damba\.cache\kagglehub\datasets\salmaneunus\mechanical-tools-dataset\versions\20\Mechanical Tools Image dataset\Mechanical Tools Image dataset\pliers\000183.jpg,pliers,exito,2.7531238259747006,5.943102705116048,9.821902211302078,9.276130254825354,9.99999999997971,9.998023623199535,-9.999999999725505
C:\Users\damba\.cache\kagglehub\datasets\salmaneunus\mechanical-tools-dataset\versions\20\Mechanical Tools Image dataset\Mechanical Tools Image dataset\pliers\000184.jpg,pliers,exito,2.920744556434926,7.5200254071639225,9.744675282441587,9.870184547919438,9.99999999999365,9.99997390986418,-9.999999999995152
C:\Users\damba\.cache\kagglehub\datasets\salmaneunus\mechanical-tools-dataset\versions\20\Mechanical Tools Image dataset\Mechanical Tools Image dataset\pliers\000185.jpg,pliers,exito,2.6983530646136704,5.586507161640244,9.951116789059602,9.348888531578623,-9.999999999902952,9.997577182711968,9.99999999999384
C:\Users\damba\.cache\kagglehub\datasets\salmaneunus\mechanical-tools-dataset\versions\20\Mechanical Tools Image dataset\Mechanical Tools Image dataset\pliers\000186.jpg,pliers,exito,2.672374527145268,6.205395968272451,8.68168624372253,9.032044494991139,-9.999999995419238,9.997226461220416,9.999999999455985
C:\Users\damba\.cache\kagglehub\datasets\salmaneunus\mechanical-tools-dataset\versions\20\Mechanical Tools Image dataset\Mechanical Tools Image dataset\pliers\000187.jpg,pliers,exito,2.823073412097571,6.65061128948789,9.468180702086011,9.741192696121377,9.999999999965645,-9.999854324394445,-9.999999999964357
C:\Users\damba\.cache\kagglehub\datasets\salmaneunus\mechanical-tools-dataset\versions\20\Mechanical Tools Image dataset\Mechanical Tools Image dataset\pliers\000188.jpg,pliers,exito,2.6844719789684204,5.491734017957534,9.52460399755597,9.984294053912416,9.999999999999824,9.999987775162188,9.999999999999604
C:\Users\damba\.cache\kagglehub\datasets\salmaneunus\mechanical-tools-dataset\versions\20\Mechanical Tools Image dataset\Mechanical Tools Image dataset\pliers\000189.jpg,pliers,exito,2.8682457303285003,5.876461633685236,9.75443576587258,9.951632261600256,9.999999999999117,-9.999987372334136,9.99999999999875
C:\Users\damba\.cache\kagglehub\datasets\salmaneunus\mechanical-tools-dataset\versions\20\Mechanical Tools Image dataset\Mechanical Tools Image dataset\pliers\000190.jpg,pliers,exito,2.768489664326467,6.461564459037326,9.763773722244094,9.860799516797623,9.999999999991527,9.99995922960159,9.999999999998682
C:\Users\damba\.cache\kagglehub\datasets\salmaneunus\mechanical-tools-dataset\versions\20\Mechanical Tools Image dataset\Mechanical Tools Image dataset\pliers\000191.jpg,pliers,exito,2.5187330431679995,6.531371686614589,9.096840792382457,9.90691320122636,-9.999999999988944,-9.999946433510784,-9.999999999992374
C:\Users\damba\.cache\kagglehub\datasets\salmaneunus\mechanical-tools-dataset\versions\20\Mechanical Tools Image dataset\Mechanical Tools Image dataset\pliers\000192.jpg,pliers,exito,2.5267400848028094,6.330299030188179,7.808372161088978,8.717962976458532,-9.99999995829516,9.994652869776413,-9.999999999032283
C:\Users\damba\.cache\kagglehub\datasets\salmaneunus\mechanical-tools-dataset\versions\20\Mechanical Tools Image dataset\Mechanical Tools Image dataset\pliers\000193.jpg,pliers,exito,2.713788675959781,6.003244775463376,8.774822313136564,9.352184116810642,-9.999999998898806,9.998512382234901,-9.99999999993083
C:\Users\damba\.cache\kagglehub\datasets\salmaneunus\mechanical-tools-dataset\versions\20\Mechanical Tools Image dataset\Mechanical Tools Image dataset\pliers\000194.jpg,pliers,exito,2.7404658492539147,5.679126779393476,9.889046013262622,9.45765458118113,9.999999999908745,9.998440706026235,9.999999999989551
C:\Users\damba\.cache\kagglehub\datasets\salmaneunus\mechanical-tools-dataset\versions\20\Mechanical Tools Image dataset\Mechanical Tools Image dataset\pliers\000195.jpg,pliers,exito,2.3877108541719645,4.8037790536804605,7.8277243908323415,7.887461051342796,9.999999230487225,9.821166709399852,-9.999999997582355
C:\Users\damba\.cache\kagglehub\datasets\salmaneunus\mechanical-tools-dataset\versions\20\Mechanical Tools Image dataset\Mechanical Tools Image dataset\pliers\000196.jpg,pliers,exito,3.0687607010539657,6.5861145784760895,9.988884412128748,9.998670060593307,9.999999999999998,9.999999340391092,10.0
C:\Users\damba\.cache\kagglehub\datasets\salmaneunus\mechanical-tools-dataset\versions\20\Mechanical Tools Image dataset\Mechanical Tools Image dataset\pliers\000197.jpg,pliers,exito,2.5184784599094714,6.31523089093175,8.761241384513625,8.65919878498509,-9.999999992709835,-9.99391244329095,-9.999999984875858
C:\Users\damba\.cache\kagglehub\datasets\salmaneunus\mechanical-tools-dataset\versions\20\Mechanical Tools Image dataset\Mechanical Tools Image dataset\pliers\000198.jpg,pliers,exito,3.11101385749933,7.258684372841874,9.982930175684244,9.99987022312595,10.0,9.999999972615766,10.0
C:\Users\damba\.cache\kagglehub\datasets\salmaneunus\mechanical-tools-dataset\versions\20\Mechanical Tools Image dataset\Mechanical Tools Image dataset\pliers\000199.jpg,pliers,exito,2.7379511256991247,5.6587349743634,9.472287917813892,9.99109126327141,-9.999999999999801,9.999986683481053,-9.999999999999979
C:\Users\damba\.cache\kagglehub\datasets\salmaneunus\mechanical-tools-dataset\versions\20\Mechanical Tools Image dataset\Mechanical Tools Image dataset\pliers\000200.jpg,pliers,exito,2.701473626171063,6.425933432141624,8.289055887426004,9.362925014720824,-9.999999998861323,9.999194059636128,-9.999999998506008
C:\Users\damba\.cache\kagglehub\datasets\salmaneunus\mechanical-tools-dataset\versions\20\Mechanical Tools Image dataset\Mechanical Tools Image dataset\pliers\000201.jpg,pliers,exito,2.7314363687788967,6.289007274396284,9.397140888304238,9.450576833225071,9.999999999990902,9.999294182272054,-9.999999999694639
C:\Users\damba\.cache\kagglehub\datasets\salmaneunus\mechanical-tools-dataset\versions\20\Mechanical Tools Image dataset\Mechanical Tools Image dataset\pliers\000202.jpg,pliers,exito,2.8119047108253143,5.747367446441058,9.605632261889324,9.576586194916368,9.999999999888143,9.999056456444599,-9.999999999993149
C:\Users\damba\.cache\kagglehub\datasets\salmaneunus\mechanical-tools-dataset\versions\20\Mechanical Tools Image dataset\Mechanical Tools Image dataset\pliers\000203.jpg,pliers,exito,2.317534938768744,4.674731624408489,8.758031232736416,8.824107047471237,9.99999999077791,9.97291682408699,-9.99999999996484
C:\Users\damba\.cache\kagglehub\datasets\salmaneunus\mechanical-tools-dataset\versions\20\Mechanical Tools Image dataset\Mechanical Tools Image dataset\pliers\000204.jpg,pliers,exito,2.533664072236417,7.587986716958926,9.916106045429803,9.74065151199832,9.999999999994628,-9.999988289592759,-9.999999999986205
C:\Users\damba\.cache\kagglehub\datasets\salmaneunus\mechanical-tools-dataset\versions\20\Mechanical Tools Image dataset\Mechanical Tools Image dataset\pliers\000205.jpg,pliers,exito,2.9908877120934654,8.93933748452188,9.890794437772714,9.891834648537733,-9.999999999998966,9.999997721624693,-9.999999999996664
C:\Users\damba\.cache\kagglehub\datasets\salmaneunus\mechanical-tools-dataset\versions\20\Mechanical Tools Image dataset\Mechanical Tools Image dataset\pliers\000206.jpg,pliers,exito,2.4085559110902888,6.180947812576395,8.618630204767701,8.204474612300181,-9.999999901292545,9.999986266141091,-9.99999998127796
C:\Users\damba\.cache\kagglehub\datasets\salmaneunus\mechanical-tools-dataset\versions\20\Mechanical Tools Image dataset\Mechanical Tools Image dataset\pliers\000207.jpg,pliers,exito,3.040622533655243,7.0695682745269055,9.511463381376654,9.906266487396426,-9.99999999999284,-9.9999890737297,9.999999999998112
C:\Users\damba\.cache\kagglehub\datasets\salmaneunus\mechanical-tools-dataset\versions\20\Mechanical Tools Image dataset\Mechanical Tools Image dataset\pliers\000208.jpg,pliers,exito,2.874309304973198,5.914216422154573,9.93658270148821,9.914925019323576,9.999999999999218,9.999907200420985,9.999999999998453
C:\Users\damba\.cache\kagglehub\datasets\salmaneunus\mechanical-tools-dataset\versions\20\Mechanical Tools Image dataset\Mechanical Tools Image dataset\pliers\000209.jpg,pliers,exito,2.791459986343135,7.188479119522131,9.590665803422283,9.876074665197425,-9.99999999999747,-9.999969263427499,-9.99999999999
C:\Users\damba\.cache\kagglehub\datasets\salmaneunus\mechanical-tools-dataset\versions\20\Mechanical Tools Image dataset\Mechanical Tools Image dataset\pliers\000210.jpg,pliers,exito,2.8687161791026456,7.365838276688209,9.775287000853888,9.953481498715032,-9.99999999999993,9.999992841201992,9.999999999998643
C:\Users\damba\.cache\kagglehub\datasets\salmaneunus\mechanical-tools-dataset\versions\20\Mechanical Tools Image dataset\Mechanical Tools Image dataset\pliers\000211.jpg,pliers,exito,2.662715438214571,5.684420100660032,9.063358692971349,9.149388722660387,9.999999998197362,9.996241799918604,-9.99999999992664
C:\Users\damba\.cache\kagglehub\datasets\salmaneunus\mechanical-tools-dataset\versions\20\Mechanical Tools Image dataset\Mechanical Tools Image dataset\pliers\000212.jpg,pliers,exito,2.679457372667596,7.207572747806783,8.659707215053475,9.600643963789365,-9.999999999992326,9.999882932335145,-9.999999999632417
C:\Users\damba\.cache\kagglehub\datasets\salmaneunus\mechanical-tools-dataset\versions\20\Mechanical Tools Image dataset\Mechanical Tools Image dataset\pliers\000213.jpg,pliers,exito,2.472266558867341,6.416730590197115,7.4513000127016245,8.498554027908375,-9.999999861082498,-9.991819293063193,-9.999999997522096
C:\Users\damba\.cache\kagglehub\datasets\salmaneunus\mechanical-tools-dataset\versions\20\Mechanical Tools Image dataset\Mechanical Tools Image dataset\pliers\000214.jpg,pliers,exito,2.915119762319474,5.9978071848088925,9.715054931363136,9.824865433937259,9.999999999985361,9.999783859324706,-9.999999999999842
C:\Users\damba\.cache\kagglehub\datasets\salmaneunus\mechanical-tools-dataset\versions\20\Mechanical Tools Image dataset\Mechanical Tools Image dataset\pliers\000215.jpg,pliers,exito,3.078292392087505,6.679887334788241,9.764137529547277,9.949114537202103,9.999999999998632,9.999980025869016,9.99999999999914
C:\Users\damba\.cache\kagglehub\datasets\salmaneunus\mechanical-tools-dataset\versions\20\Mechanical Tools Image dataset\Mechanical Tools Image dataset\pliers\000216.jpg,pliers,exito,2.9892601742250506,6.824907219898364,9.839613492364949,9.978559758371802,9.99999999999982,-9.99999774206267,9.999999999999723
C:\Users\damba\.cache\kagglehub\datasets\salmaneunus\mechanical-tools-dataset\versions\20\Mechanical Tools Image dataset\Mechanical Tools Image dataset\pliers\000217.jpg,pliers,exito,2.570947473041756,5.7681412822798634,8.033448946864977,8.743069340073545,9.999999987186742,9.990772762831035,9.99999997363967
C:\Users\damba\.cache\kagglehub\datasets\salmaneunus\mechanical-tools-dataset\versions\20\Mechanical Tools Image dataset\Mechanical Tools Image dataset\pliers\000218.jpg,pliers,exito,3.1076741947761906,7.138162288566114,9.835984444252569,9.997884580333857,-9.999999999999996,9.99999982026392,9.999999999999991
C:\Users\damba\.cache\kagglehub\datasets\salmaneunus\mechanical-tools-dataset\versions\20\Mechanical Tools Image dataset\Mechanical Tools Image dataset\pliers\000219.jpg,pliers,exito,2.777250141823576,6.8750735206777085,8.499317356263049,9.787240382975815,9.999999999887084,9.999947164799215,-9.999999999956826
C:\Users\damba\.cache\kagglehub\datasets\salmaneunus\mechanical-tools-dataset\versions\20\Mechanical Tools Image dataset\Mechanical Tools Image dataset\pliers\000220.jpg,pliers,exito,3.0881876638268366,7.564997252056733,9.479134763491382,9.935820209044056,9.999999999996398,9.999990293527873,9.999999999997836
C:\Users\damba\.cache\kagglehub\datasets\salmaneunus\mechanical-tools-dataset\versions\20\Mechanical Tools Image dataset\Mechanical Tools Image dataset\pliers\000221.jpg,pliers,exito,2.647087491318192,5.584553475113259,9.286154800313934,8.627986077110627,9.999999992730968,9.98448815447815,9.999999993879984
C:\Users\damba\.cache\kagglehub\datasets\salmaneunus\mechanical-tools-dataset\versions\20\Mechanical Tools Image dataset\Mechanical Tools Image dataset\pliers\000222.jpg,pliers,exito,2.820068229117267,6.293597844269546,8.650560607571274,9.252644571871754,9.999999998581218,9.999440924134811,9.999999998628574
C:\Users\damba\.cache\kagglehub\datasets\salmaneunus\mechanical-tools-dataset\versions\20\Mechanical Tools Image dataset\Mechanical Tools Image dataset\pliers\000223.jpg,pliers,exito,2.495946991377841,6.018564145694184,7.59467693946013,9.401117125113416,9.999999997204046,-9.999759273779905,-9.999999997830008
C:\Users\damba\.cache\kagglehub\datasets\salmaneunus\mechanical-tools-dataset\versions\20\Mechanical Tools Image dataset\Mechanical Tools Image dataset\pliers\000224.jpg,pliers,exito,2.908198298534145,8.176244054996262,9.823260424167483,9.74962370129251,-9.999999999980902,9.999975158213676,-9.99999999999081
C:\Users\damba\.cache\kagglehub\datasets\salmaneunus\mechanical-tools-dataset\versions\20\Mechanical Tools Image dataset\Mechanical Tools Image dataset\pliers\000225.jpg,pliers,exito,2.517574866835678,5.102829336802609,8.604685844314991,8.373203505544009,9.999999943619546,9.952291403052147,-9.999999999467773
C:\Users\damba\.cache\kagglehub\datasets\salmaneunus\mechanical-tools-dataset\versions\20\Mechanical Tools Image dataset\Mechanical Tools Image dataset\pliers\000226.jpg,pliers,exito,3.101004433099467,7.354299630320467,9.898560055976397,9.999595562756715,-10.0,-9.99999997919403,10.0
C:\Users\damba\.cache\kagglehub\datasets\salmaneunus\mechanical-tools-dataset\versions\20\Mechanical Tools Image dataset\Mechanical Tools Image dataset\pliers\000227.jpg,pliers,exito,2.99407269472346,7.03646616879736,9.897014525646057,9.784920211551375,9.999999999995818,9.999918728765962,9.999999999989258
C:\Users\damba\.cache\kagglehub\datasets\salmaneunus\mechanical-tools-dataset\versions\20\Mechanical Tools Image dataset\Mechanical Tools Image dataset\pliers\000228.jpg,pliers,exito,2.679640185771175,5.8143436002280975,8.511199626075374,9.83807698348296,-9.999999999932324,-9.9997599594712,-9.999999999975335
C:\Users\damba\.cache\kagglehub\datasets\salmaneunus\mechanical-tools-dataset\versions\20\Mechanical Tools Image dataset\Mechanical Tools Image dataset\pliers\000229.jpg,pliers,exito,2.784529443551651,5.873183581483896,8.869307624965208,9.646539286140614,9.99999999978361,9.999369012261312,9.999999999998789
C:\Users\damba\.cache\kagglehub\datasets\salmaneunus\mechanical-tools-dataset\versions\20\Mechanical Tools Image dataset\Mechanical Tools Image dataset\pliers\000230.jpg,pliers,exito,2.8706991569922615,6.784995406082012,8.802425392775715,9.73149824760024,-9.999999999911463,9.999952785407032,9.999999999902004
C:\Users\damba\.cache\kagglehub\datasets\salmaneunus\mechanical-tools-dataset\versions\20\Mechanical Tools Image dataset\Mechanical Tools Image dataset\pliers\000231.jpg,pliers,exito,2.6005145376079724,5.301628632533991,8.901349276428773,8.925162075788585,9.99999999475326,9.989747328840654,-9.999999999269585
C:\Users\damba\.cache\kagglehub\datasets\salmaneunus\mechanical-tools-dataset\versions\20\Mechanical Tools Image dataset\Mechanical Tools Image dataset\pliers\000232.jpg,pliers,exito,2.5711758203651005,8.182826030129503,7.822850837288,8.80006046914852,-9.999999975452893,9.999720509506345,9.999999982128259
C:\Users\damba\.cache\kagglehub\datasets\salmaneunus\mechanical-tools-dataset\versions\20\Mechanical Tools Image dataset\Mechanical Tools Image dataset\pliers\000233.jpg,pliers,exito,2.810829449965811,5.718170881996585,9.810901146614333,9.880941827099454,9.99999999999434,9.999817042141549,9.999999999999494
C:\Users\damba\.cache\kagglehub\datasets\salmaneunus\mechanical-tools-dataset\versions\20\Mechanical Tools Image dataset\Mechanical Tools Image dataset\pliers\000234.jpg,pliers,exito,2.899808882828315,6.819144439023681,9.564051190080448,9.904714305601594,-9.99999999999461,-9.999971462521904,-9.99999999999563
C:\Users\damba\.cache\kagglehub\datasets\salmaneunus\mechanical-tools-dataset\versions\20\Mechanical Tools Image dataset\Mechanical Tools Image dataset\pliers\000235.jpg,pliers,exito,2.6929974451545693,7.447485225439329,8.60357027949128,9.898444731782378,-9.999999999990056,9.99998389822103,9.99999999997306
C:\Users\damba\.cache\kagglehub\datasets\salmaneunus\mechanical-tools-dataset\versions\20\Mechanical Tools Image dataset\Mechanical Tools Image dataset\pliers\000236.jpg,pliers,exito,2.9765225816103085,6.4496682604590125,9.82335482903754,9.95728525767923,9.999999999999293,9.999974278836184,9.999999999999261
C:\Users\damba\.cache\kagglehub\datasets\salmaneunus\mechanical-tools-dataset\versions\20\Mechanical Tools Image dataset\Mechanical Tools Image dataset\pliers\000237.jpg,pliers,exito,2.642848581744616,7.7483162229617015,8.112854392770105,8.919368891682334,-9.999999986114611,9.999819060019638,9.99999999938472
C:\Users\damba\.cache\kagglehub\datasets\salmaneunus\mechanical-tools-dataset\versions\20\Mechanical Tools Image dataset\Mechanical Tools Image dataset\pliers\000238.jpg,pliers,exito,2.671470458835626,6.568021839024728,9.35443362181073,9.636456775383579,-9.999999999938744,9.999738506212793,9.999999999896351
C:\Users\damba\.cache\kagglehub\datasets\salmaneunus\mechanical-tools-dataset\versions\20\Mechanical Tools Image dataset\Mechanical Tools Image dataset\pliers\000239.jpg,pliers,exito,2.6742828236925678,5.691819903705649,8.493448036522734,9.498807973758456,9.99999999922964,9.999496079992594,9.999999999917508
C:\Users\damba\.cache\kagglehub\datasets\salmaneunus\mechanical-tools-dataset\versions\20\Mechanical Tools Image dataset\Mechanical Tools Image dataset\pliers\000240.jpg,pliers,exito,2.895585698553733,7.536714523399475,9.694083576147246,9.674698260921515,-9.999999999984745,-9.999958219085766,-9.999999999950596
C:\Users\damba\.cache\kagglehub\datasets\salmaneunus\mechanical-tools-dataset\versions\20\Mechanical Tools Image dataset\Mechanical Tools Image dataset\pliers\000241.jpg,pliers,exito,2.7826365018134642,6.043245835501363,9.246724747792411,9.313076217013736,-9.99999999978658,9.998644672744652,9.999999999320396
C:\Users\damba\.cache\kagglehub\datasets\salmaneunus\mechanical-tools-dataset\versions\20\Mechanical Tools Image dataset\Mechanical Tools Image dataset\pliers\000242.jpg,pliers,exito,2.560516820071732,5.278145802764283,8.884104963899292,9.667689239268743,-9.999999999852111,9.998904747850359,9.999999999887473
C:\Users\damba\.cache\kagglehub\datasets\salmaneunus\mechanical-tools-dataset\versions\20\Mechanical Tools Image dataset\Mechanical Tools Image dataset\pliers\000243.jpg,pliers,exito,2.7348186396637284,6.8615168987468245,8.768968198077898,9.44148483444665,9.9999999997218,9.999609934396123,9.999999999318005
C:\Users\damba\.cache\kagglehub\datasets\salmaneunus\mechanical-tools-dataset\versions\20\Mechanical Tools Image dataset\Mechanical Tools Image dataset\pliers\000244.jpg,pliers,exito,2.727188005641905,6.392108547661498,9.350403827146907,9.72568732343703,9.999999999981622,9.999960629017435,9.999999999935788
C:\Users\damba\.cache\kagglehub\datasets\salmaneunus\mechanical-tools-dataset\versions\20\Mechanical Tools Image dataset\Mechanical Tools Image dataset\pliers\000245.jpg,pliers,exito,2.53074271500314,5.335647072890866,8.24495474800413,9.663212180200643,9.9999999996911,9.999162266750126,9.99999999972773
C:\Users\damba\.cache\kagglehub\datasets\salmaneunus\mechanical-tools-dataset\versions\20\Mechanical Tools Image dataset\Mechanical Tools Image dataset\pliers\000246.jpg,pliers,exito,2.6556440679569073,5.650337220371064,9.051033492778283,8.758852613583928,9.999999995221643,9.994427063602215,9.999999993434328
C:\Users\damba\.cache\kagglehub\datasets\salmaneunus\mechanical-tools-dataset\versions\20\Mechanical Tools Image dataset\Mechanical Tools Image dataset\pliers\000247.jpg,pliers,exito,3.184700019878026,10.0,10.0,10.0,-10.0,10.0,0.0
C:\Users\damba\.cache\kagglehub\datasets\salmaneunus\mechanical-tools-dataset\versions\20\Mechanical Tools Image dataset\Mechanical Tools Image dataset\pliers\000248.jpg,pliers,exito,2.787356675806443,7.660227559079563,9.671475638415021,9.976134930991167,9.999999999999787,9.999997332304407,-9.999999999999417
C:\Users\damba\.cache\kagglehub\datasets\salmaneunus\mechanical-tools-dataset\versions\20\Mechanical Tools Image dataset\Mechanical Tools Image dataset\pliers\000249.jpg,pliers,exito,2.7078075675838553,7.375065414763212,8.272461757240666,9.037143198213762,-9.999999994171187,9.999836998233128,9.99999999551382
C:\Users\damba\.cache\kagglehub\datasets\salmaneunus\mechanical-tools-dataset\versions\20\Mechanical Tools Image dataset\Mechanical Tools Image dataset\pliers\000250.jpg,pliers,exito,2.706233563090413,5.850564324219964,8.563728140999427,9.003387955909506,9.999999994084822,9.995424433791374,-9.99999999949681
C:\Users\damba\.cache\kagglehub\datasets\salmaneunus\mechanical-tools-dataset\versions\20\Mechanical Tools Image dataset\Mechanical Tools Image dataset\pliers\000251.jpg,pliers,exito,2.606285357036029,5.3332356062187944,8.817740762633603,8.575840264103915,9.999999978863523,9.97676376620133,9.999999999147368
C:\Users\damba\.cache\kagglehub\datasets\salmaneunus\mechanical-tools-dataset\versions\20\Mechanical Tools Image dataset\Mechanical Tools Image dataset\pliers\000252.jpg,pliers,exito,2.8133988152759004,5.842851951875368,9.216458394047539,9.23872352865729,9.999999998982364,9.998390729584967,-9.999999999935616
C:\Users\damba\.cache\kagglehub\datasets\salmaneunus\mechanical-tools-dataset\versions\20\Mechanical Tools Image dataset\Mechanical Tools Image dataset\pliers\000253.jpg,pliers,exito,2.9027156549237545,6.047084926107788,9.092353624374576,9.213037446021836,9.999999998659801,9.997899997141673,9.999999999979792
C:\Users\damba\.cache\kagglehub\datasets\salmaneunus\mechanical-tools-dataset\versions\20\Mechanical Tools Image dataset\Mechanical Tools Image dataset\pliers\000254.jpg,pliers,exito,2.8334601869435123,6.142248625887699,9.066960482905618,9.8613391812754,9.999999999988228,9.9999707649479,-9.999999999975074
C:\Users\damba\.cache\kagglehub\datasets\salmaneunus\mechanical-tools-dataset\versions\20\Mechanical Tools Image dataset\Mechanical Tools Image dataset\pliers\000255.jpg,pliers,exito,2.880283471240403,6.3004721308460985,9.312132906098288,9.837962147927284,9.999999999976083,9.999922042004584,9.999999999989813
C:\Users\damba\.cache\kagglehub\datasets\salmaneunus\mechanical-tools-dataset\versions\20\Mechanical Tools Image dataset\Mechanical Tools Image dataset\pliers\000256.jpg,pliers,exito,2.735192072694917,5.781861215115088,9.031114408312607,9.133334320360943,9.999999998160815,9.996906518515583,9.999999999198693
C:\Users\damba\.cache\kagglehub\datasets\salmaneunus\mechanical-tools-dataset\versions\20\Mechanical Tools Image dataset\Mechanical Tools Image dataset\pliers\000257.jpg,pliers,exito,3.0332715784773194,7.944046155632973,9.814910003640891,9.983063644318417,-9.999999999999774,-9.99999834087566,-9.99999999999989
C:\Users\damba\.cache\kagglehub\datasets\salmaneunus\mechanical-tools-dataset\versions\20\Mechanical Tools Image dataset\Mechanical Tools Image dataset\pliers\000258.jpg,pliers,exito,2.6595453257119694,6.018013256598222,8.358092005840888,9.225225045230623,9.999999999652891,9.99820101626932,9.999999996885267
C:\Users\damba\.cache\kagglehub\datasets\salmaneunus\mechanical-tools-dataset\versions\20\Mechanical Tools Image dataset\Mechanical Tools Image dataset\pliers\000259.jpg,pliers,exito,2.973804891771754,6.724345788244372,9.794220265382785,9.98956064564038,-9.999999999999938,9.99999560825449,-9.999999999999888
C:\Users\damba\.cache\kagglehub\datasets\salmaneunus\mechanical-tools-dataset\versions\20\Mechanical Tools Image dataset\Mechanical Tools Image dataset\pliers\000260.jpg,pliers,exito,2.903600035668179,7.5262173678541355,9.998921118568855,9.971962697054298,9.999999999999988,9.999998356046294,-9.999999999999964
C:\Users\damba\.cache\kagglehub\datasets\salmaneunus\mechanical-tools-dataset\versions\20\Mechanical Tools Image dataset\Mechanical Tools Image dataset\pliers\000261.jpg,pliers,exito,2.8824081268060806,7.176188262578729,9.692099631569722,9.858144007908935,9.999999999995206,9.999971671809305,-9.999999999990555
C:\Users\damba\.cache\kagglehub\datasets\salmaneunus\mechanical-tools-dataset\versions\20\Mechanical Tools Image dataset\Mechanical Tools Image dataset\pliers\000262.jpg,pliers,exito,2.8808653959105452,6.9566269977649435,9.388893001327439,9.84026392820835,-9.999999999994069,9.999956447868685,-9.999999999978185
C:\Users\damba\.cache\kagglehub\datasets\salmaneunus\mechanical-tools-dataset\versions\20\Mechanical Tools Image dataset\Mechanical Tools Image dataset\pliers\000263.jpg,pliers,exito,2.712554664829001,6.429347498643338,8.363326854451518,8.938204523238893,-9.999999990358242,9.997220271520465,-9.999999999546404
C:\Users\damba\.cache\kagglehub\datasets\salmaneunus\mechanical-tools-dataset\versions\20\Mechanical Tools Image dataset\Mechanical Tools Image dataset\pliers\000264.jpg,pliers,exito,2.882317009088996,7.334547098433339,8.917890679149082,9.794102634108196,-9.999999999938392,9.99995050073783,-9.999999999970525
C:\Users\damba\.cache\kagglehub\datasets\salmaneunus\mechanical-tools-dataset\versions\20\Mechanical Tools Image dataset\Mechanical Tools Image dataset\pliers\000265.jpg,pliers,exito,2.795949617612694,5.939104362919677,9.850340647810155,9.518969668921503,-9.999999999921235,9.99907253708793,-9.999999999983872
C:\Users\damba\.cache\kagglehub\datasets\salmaneunus\mechanical-tools-dataset\versions\20\Mechanical Tools Image dataset\Mechanical Tools Image dataset\pliers\000266.jpg,pliers,exito,2.672240627867006,5.936384620293902,8.345942974939847,8.957508462849987,9.999999998940435,-9.999901847932447,-9.999999990904463
C:\Users\damba\.cache\kagglehub\datasets\salmaneunus\mechanical-tools-dataset\versions\20\Mechanical Tools Image dataset\Mechanical Tools Image dataset\pliers\000267.jpg,pliers,exito,2.670882237004651,6.181607968949777,8.991137015159506,8.939256582112748,9.999999995977069,9.996830215108332,9.999999998019126
C:\Users\damba\.cache\kagglehub\datasets\salmaneunus\mechanical-tools-dataset\versions\20\Mechanical Tools Image dataset\Mechanical Tools Image dataset\pliers\000268.jpg,pliers,exito,2.5229823248486998,6.462689538201191,7.610168799050362,8.45543519050365,-9.999999865410532,-9.99144698748748,-9.999999991887897
C:\Users\damba\.cache\kagglehub\datasets\salmaneunus\mechanical-tools-dataset\versions\20\Mechanical Tools Image dataset\Mechanical Tools Image dataset\pliers\000269.jpg,pliers,exito,2.9866769970733196,7.76363047292222,9.753790797867696,9.833409504443807,9.999999999992733,-9.999975227057805,9.999999999990292
C:\Users\damba\.cache\kagglehub\datasets\salmaneunus\mechanical-tools-dataset\versions\20\Mechanical Tools Image dataset\Mechanical Tools Image dataset\pliers\000270.jpg,pliers,exito,2.7168312732914717,5.596186542322794,9.816000291455536,9.238300366873283,9.99999999967085,9.996710677079902,9.9999999999887
C:\Users\damba\.cache\kagglehub\datasets\salmaneunus\mechanical-tools-dataset\versions\20\Mechanical Tools Image dataset\Mechanical Tools Image dataset\pliers\000271.jpg,pliers,exito,2.9468091901956184,7.952429809979971,9.76586688321316,9.935264863097084,-9.99999999999906,9.999994929438651,9.99999999999783
C:\Users\damba\.cache\kagglehub\datasets\salmaneunus\mechanical-tools-dataset\versions\20\Mechanical Tools Image dataset\Mechanical Tools Image dataset\pliers\000272.jpg,pliers,exito,2.5514092097151675,5.608995948970335,8.164316913557093,9.210357497447616,-9.999999997390983,9.996681850324862,-9.999999996729999
C:\Users\damba\.cache\kagglehub\datasets\salmaneunus\mechanical-tools-dataset\versions\20\Mechanical Tools Image dataset\Mechanical Tools Image dataset\pliers\000273.jpg,pliers,exito,2.6427686056985293,6.176200260584925,9.627904648046895,9.750986903336633,-9.999999999979474,-9.999725847462265,-9.999999999972335
C:\Users\damba\.cache\kagglehub\datasets\salmaneunus\mechanical-tools-dataset\versions\20\Mechanical Tools Image dataset\Mechanical Tools Image dataset\pliers\000274.jpg,pliers,exito,3.0392738089431526,6.392651507101505,9.999339540757616,9.999899075008404,10.0,9.999999939376721,-10.0
C:\Users\damba\.cache\kagglehub\datasets\salmaneunus\mechanical-tools-dataset\versions\20\Mechanical Tools Image dataset\Mechanical Tools Image dataset\pliers\000275.jpg,pliers,exito,2.940412391698474,6.3838006169111505,9.094260641528821,9.895128812967993,9.999999999999801,9.999965054006191,9.999999999983542
C:\Users\damba\.cache\kagglehub\datasets\salmaneunus\mechanical-tools-dataset\versions\20\Mechanical Tools Image dataset\Mechanical Tools Image dataset\pliers\000276.jpg,pliers,exito,2.444925476752495,4.961039060701506,8.239305238772225,8.668273876941932,9.999999969743913,9.971558548680054,-9.999999999653927
C:\Users\damba\.cache\kagglehub\datasets\salmaneunus\mechanical-tools-dataset\versions\20\Mechanical Tools Image dataset\Mechanical Tools Image dataset\pliers\000277.jpg,pliers,exito,2.9134219290683707,7.159885852061517,9.752837167469039,9.736374638105564,-9.999999999971038,-9.999906674807882,9.999999999998268
C:\Users\damba\.cache\kagglehub\datasets\salmaneunus\mechanical-tools-dataset\versions\20\Mechanical Tools Image dataset\Mechanical Tools Image dataset\pliers\000278.jpg,pliers,exito,3.116270387589012,6.906852544579142,9.999679131574894,9.99993221576849,-10.0,9.999999976895207,10.0
C:\Users\damba\.cache\kagglehub\datasets\salmaneunus\mechanical-tools-dataset\versions\20\Mechanical Tools Image dataset\Mechanical Tools Image dataset\pliers\000279.jpg,pliers,exito,2.6525153326080995,7.348606628097827,9.889632404620516,9.642235399454634,9.999999999974946,9.999994092298968,-9.99999999997732
C:\Users\damba\.cache\kagglehub\datasets\salmaneunus\mechanical-tools-dataset\versions\20\Mechanical Tools Image dataset\Mechanical Tools Image dataset\pliers\000280.jpg,pliers,exito,2.769564390714357,5.6146088136492,9.949457061391067,9.989652688159309,9.999999999999947,9.999985969951425,-9.999999999999979
C:\Users\damba\.cache\kagglehub\datasets\salmaneunus\mechanical-tools-dataset\versions\20\Mechanical Tools Image dataset\Mechanical Tools Image dataset\pliers\000281.jpg,pliers,exito,2.8688045326356444,6.343479751895717,9.707838129317176,9.819856250978166,-9.999999999986011,9.999851104871407,-9.999999999992914
C:\Users\damba\.cache\kagglehub\datasets\salmaneunus\mechanical-tools-dataset\versions\20\Mechanical Tools Image dataset\Mechanical Tools Image dataset\pliers\000282.jpg,pliers,exito,2.7034670584719356,5.531230341347683,9.818760897915393,9.977427496922594,-9.999999999999805,-9.999967460534043,9.999999999999668
C:\Users\damba\.cache\kagglehub\datasets\salmaneunus\mechanical-tools-dataset\versions\20\Mechanical Tools Image dataset\Mechanical Tools Image dataset\pliers\000283.jpg,pliers,exito,2.733405445783497,7.822953220835064,8.298738744915434,9.180236877650858,-9.999999996199112,-9.99990774522712,-9.999999998621458
C:\Users\damba\.cache\kagglehub\datasets\salmaneunus\mechanical-tools-dataset\versions\20\Mechanical Tools Image dataset\Mechanical Tools Image dataset\pliers\000284.jpg,pliers,exito,2.8943287514332683,7.321436369888568,8.97018223963933,9.827602220691007,-9.999999999955477,9.999999913096842,-9.99999999998829
C:\Users\damba\.cache\kagglehub\datasets\salmaneunus\mechanical-tools-dataset\versions\20\Mechanical Tools Image dataset\Mechanical Tools Image dataset\pliers\000285.jpg,pliers,exito,3.0688257006530857,7.150480750216587,9.896920036352029,9.99150895027405,9.999999999999993,-9.999999216327724,9.999999999999938
C:\Users\damba\.cache\kagglehub\datasets\salmaneunus\mechanical-tools-dataset\versions\20\Mechanical Tools Image dataset\Mechanical Tools Image dataset\pliers\000286.jpg,pliers,exito,2.644245672742075,5.759060498294444,8.254075740164085,9.67512685450618,-9.999999999629368,-9.999390506957686,-9.999999999930338
C:\Users\damba\.cache\kagglehub\datasets\salmaneunus\mechanical-tools-dataset\versions\20\Mechanical Tools Image dataset\Mechanical Tools Image dataset\pliers\000287.jpg,pliers,exito,2.995180975665289,7.392975914220148,9.809463028602964,9.999227956562342,-9.999999999999998,9.999999864404309,9.999999999999998
C:\Users\damba\.cache\kagglehub\datasets\salmaneunus\mechanical-tools-dataset\versions\20\Mechanical Tools Image dataset\Mechanical Tools Image dataset\pliers\000288.jpg,pliers,exito,2.860405899296374,7.319945261412447,9.456311869043942,9.946245823924967,9.999999999996728,9.999993532079575,9.999999999999746
C:\Users\damba\.cache\kagglehub\datasets\salmaneunus\mechanical-tools-dataset\versions\20\Mechanical Tools Image dataset\Mechanical Tools Image dataset\pliers\000289.jpg,pliers,exito,2.638532051191565,7.083774034475037,8.035801182519661,9.12937527432971,-9.999999997258875,9.999367859565716,9.99999999383343
C:\Users\damba\.cache\kagglehub\datasets\salmaneunus\mechanical-tools-dataset\versions\20\Mechanical Tools Image dataset\Mechanical Tools Image dataset\pliers\000290.jpg,pliers,exito,3.1513817150038888,9.80363261154406,9.99983768352482,9.999226441610222,-10.0,-9.999999995161108,10.0
C:\Users\damba\.cache\kagglehub\datasets\salmaneunus\mechanical-tools-dataset\versions\20\Mechanical Tools Image dataset\Mechanical Tools Image dataset\pliers\000291.jpg,pliers,exito,2.5618529822368146,5.828417085810508,9.716691218518713,9.980530850538386,9.999999999999655,9.999985881691583,-9.99999999999978
C:\Users\damba\.cache\kagglehub\datasets\salmaneunus\mechanical-tools-dataset\versions\20\Mechanical Tools Image dataset\Mechanical Tools Image dataset\pliers\000292.jpg,pliers,exito,2.7519733440152363,6.62314530172457,9.468670355958476,9.395778278079314,-9.999999999936163,9.999956946702682,-9.999999999652811
C:\Users\damba\.cache\kagglehub\datasets\salmaneunus\mechanical-tools-dataset\versions\20\Mechanical Tools Image dataset\Mechanical Tools Image dataset\pliers\000293.jpg,pliers,exito,2.8328614144721125,7.375056685086202,9.087361225117744,9.73204112186466,9.999999999909248,9.999930279457564,-9.999999999986699
C:\Users\damba\.cache\kagglehub\datasets\salmaneunus\mechanical-tools-dataset\versions\20\Mechanical Tools Image dataset\Mechanical Tools Image dataset\pliers\000294.jpg,pliers,exito,2.7118328684994077,6.408544648981824,8.74069351064756,9.276737215608007,9.999999998630086,9.999771667429469,-9.999999999177978
C:\Users\damba\.cache\kagglehub\datasets\salmaneunus\mechanical-tools-dataset\versions\20\Mechanical Tools Image dataset\Mechanical Tools Image dataset\pliers\000295.jpg,pliers,exito,3.055194089086794,7.7666381618266245,9.772679910633684,9.970835186194996,9.99999999999949,-9.999996245125498,-9.99999999999958
C:\Users\damba\.cache\kagglehub\datasets\salmaneunus\mechanical-tools-dataset\versions\20\Mechanical Tools Image dataset\Mechanical Tools Image dataset\pliers\000296.jpg,pliers,exito,2.720701731979292,6.087270584859535,8.887561472103854,9.682277112759191,9.999999999902771,9.999590669009434,9.999999999862803
C:\Users\damba\.cache\kagglehub\datasets\salmaneunus\mechanical-tools-dataset\versions\20\Mechanical Tools Image dataset\Mechanical Tools Image dataset\pliers\000297.jpg,pliers,exito,3.0144359905738876,8.402865736404483,9.510285548763902,9.887823893196451,-9.999999999994587,9.999992960411339,9.999999999991543
C:\Users\damba\.cache\kagglehub\datasets\salmaneunus\mechanical-tools-dataset\versions\20\Mechanical Tools Image dataset\Mechanical Tools Image dataset\pliers\000298.jpg,pliers,exito,2.935959559388877,6.433437671166216,9.299117199183518,9.562410228506897,9.999999999800274,9.999574954840508,-9.999999999998193
C:\Users\damba\.cache\kagglehub\datasets\salmaneunus\mechanical-tools-dataset\versions\20\Mechanical Tools Image dataset\Mechanical Tools Image dataset\pliers\000299.jpg,pliers,exito,2.5035611916775125,5.472716449504802,8.020173751546055,9.800614825602388,-9.999999999907836,9.999630496587065,-9.999999999836456
C:\Users\damba\.cache\kagglehub\datasets\salmaneunus\mechanical-tools-dataset\versions\20\Mechanical Tools Image dataset\Mechanical Tools Image dataset\pliers\000300.jpg,pliers,exito,2.8832283034599353,5.947393964331631,9.445113423023367,9.449739120414078,9.999999999715444,9.998828554339905,9.999999999999373
C:\Users\damba\.cache\kagglehub\datasets\salmaneunus\mechanical-tools-dataset\versions\20\Mechanical Tools Image dataset\Mechanical Tools Image dataset\pliers\000301.jpg,pliers,exito,2.849333018665416,5.918202660210645,9.782629718957532,9.99119059537048,9.999999999999899,-9.999997682072653,-9.999999999999982
C:\Users\damba\.cache\kagglehub\datasets\salmaneunus\mechanical-tools-dataset\versions\20\Mechanical Tools Image dataset\Mechanical Tools Image dataset\pliers\000302.jpg,pliers,exito,2.9604578615457458,8.071542492358953,9.981831043607286,9.97306742548498,9.999999999999886,9.999999183282386,9.99999999999991
C:\Users\damba\.cache\kagglehub\datasets\salmaneunus\mechanical-tools-dataset\versions\20\Mechanical Tools Image dataset\Mechanical Tools Image dataset\pliers\000303.jpg,pliers,exito,2.7357183503438693,6.974905399012414,9.936917148363387,9.962828574170704,-9.99999999999958,9.999994322029162,-9.999999999999813
C:\Users\damba\.cache\kagglehub\datasets\salmaneunus\mechanical-tools-dataset\versions\20\Mechanical Tools Image dataset\Mechanical Tools Image dataset\pliers\000304.jpg,pliers,exito,2.635930459524896,6.478665909907167,8.082509989771985,9.153695849127743,9.999999998510171,9.99851647748739,9.999999994397418
C:\Users\damba\.cache\kagglehub\datasets\salmaneunus\mechanical-tools-dataset\versions\20\Mechanical Tools Image dataset\Mechanical Tools Image dataset\pliers\000305.jpg,pliers,exito,3.0282998298301713,6.6538150063124615,9.374271534789537,9.87730420318019,9.999999999985814,9.999934015015056,-9.999999999996785
C:\Users\damba\.cache\kagglehub\datasets\salmaneunus\mechanical-tools-dataset\versions\20\Mechanical Tools Image dataset\Mechanical Tools Image dataset\pliers\000306.jpg,pliers,exito,2.8007035818049717,6.227387498738324,9.5570770609904,9.343287869444527,9.999999999706551,9.99988762508297,-9.99999999975146
C:\Users\damba\.cache\kagglehub\datasets\salmaneunus\mechanical-tools-dataset\versions\20\Mechanical Tools Image dataset\Mechanical Tools Image dataset\pliers\000307.jpg,pliers,exito,2.577378476704035,5.4936315218316265,8.305738507372135,9.99882473645954,-9.999999999999963,-9.999998343889596,-9.999999999999979
C:\Users\damba\.cache\kagglehub\datasets\salmaneunus\mechanical-tools-dataset\versions\20\Mechanical Tools Image dataset\Mechanical Tools Image dataset\pliers\000308.jpg,pliers,exito,2.695006403766553,7.053274308373334,8.839321037677967,9.838076065316045,-9.99999999997815,9.999993241335433,9.999999999956783
C:\Users\damba\.cache\kagglehub\datasets\salmaneunus\mechanical-tools-dataset\versions\20\Mechanical Tools Image dataset\Mechanical Tools Image dataset\pliers\000309.jpg,pliers,exito,2.4145300910923577,5.252651663697542,7.988629071048054,8.342899684191401,-9.999999871172335,9.95665365115307,9.9999999862
C:\Users\damba\.cache\kagglehub\datasets\salmaneunus\mechanical-tools-dataset\versions\20\Mechanical Tools Image dataset\Mechanical Tools Image dataset\pliers\000310.jpg,pliers,exito,3.0451458485071807,6.858315392300155,9.67483217379691,9.946661561983577,9.999999999999725,9.999984214384149,9.999999999997852
C:\Users\damba\.cache\kagglehub\datasets\salmaneunus\mechanical-tools-dataset\versions\20\Mechanical Tools Image dataset\Mechanical Tools Image dataset\pliers\000311.jpg,pliers,exito,2.625898971229801,5.394949119616026,8.79644131456431,9.444999018731218,9.999999999299702,9.997749167444658,-9.999999999997714
C:\Users\damba\.cache\kagglehub\datasets\salmaneunus\mechanical-tools-dataset\versions\20\Mechanical Tools Image dataset\Mechanical Tools Image dataset\pliers\000312.jpg,pliers,exito,2.7184185958755793,5.55587231184367,9.774320886974524,9.932478227270774,9.999999999998048,9.999991004568134,9.999999999998481
C:\Users\damba\.cache\kagglehub\datasets\salmaneunus\mechanical-tools-dataset\versions\20\Mechanical Tools Image dataset\Mechanical Tools Image dataset\pliers\000313.jpg,pliers,exito,2.8163405963127066,5.744932950318376,9.814226092316355,9.960399391810741,9.999999999999142,9.999951279951285,9.999999999999627
C:\Users\damba\.cache\kagglehub\datasets\salmaneunus\mechanical-tools-dataset\versions\20\Mechanical Tools Image dataset\Mechanical Tools Image dataset\pliers\000314.jpg,pliers,exito,2.9882231165264703,8.376048735405192,9.865533175440422,9.964050643102988,9.999999999999526,9.999997609861005,-9.999999999999536
C:\Users\damba\.cache\kagglehub\datasets\salmaneunus\mechanical-tools-dataset\versions\20\Mechanical Tools Image dataset\Mechanical Tools Image dataset\pliers\000315.jpg,pliers,exito,2.7574092603371754,7.147144164973029,9.008605383680546,9.963571171672346,9.999999999998497,-9.999995797341937,-9.999999999997023
C:\Users\damba\.cache\kagglehub\datasets\salmaneunus\mechanical-tools-dataset\versions\20\Mechanical Tools Image dataset\Mechanical Tools Image dataset\pliers\000316.jpg,pliers,exito,2.9294957367123495,6.343130050792756,9.129723019228498,9.693011172671003,-9.999999999898645,-9.999821507200519,9.99999999994649
C:\Users\damba\.cache\kagglehub\datasets\salmaneunus\mechanical-tools-dataset\versions\20\Mechanical Tools Image dataset\Mechanical Tools Image dataset\pliers\000317.jpg,pliers,exito,3.184700019878026,10.0,10.0,10.0,-10.0,10.0,0.0
C:\Users\damba\.cache\kagglehub\datasets\salmaneunus\mechanical-tools-dataset\versions\20\Mechanical Tools Image dataset\Mechanical Tools Image dataset\pliers\000318.jpg,pliers,exito,2.7456597333909225,6.344223022189578,9.425736635548388,9.963281630892597,-9.999999999998439,-9.999980646186597,9.999999999998938
C:\Users\damba\.cache\kagglehub\datasets\salmaneunus\mechanical-tools-dataset\versions\20\Mechanical Tools Image dataset\Mechanical Tools Image dataset\pliers\000319.jpg,pliers,exito,2.851332558851485,6.320300131886817,9.049459114990274,9.771362967562819,-9.999999999937206,-9.999887815599068,9.99999999996792
C:\Users\damba\.cache\kagglehub\datasets\salmaneunus\mechanical-tools-dataset\versions\20\Mechanical Tools Image dataset\Mechanical Tools Image dataset\pliers\000320.jpg,pliers,exito,2.8224883216667624,5.7892767500731885,9.878700447513342,9.766534570686314,9.99999999998536,9.999608533091337,-9.99999999999779
C:\Users\damba\.cache\kagglehub\datasets\salmaneunus\mechanical-tools-dataset\versions\20\Mechanical Tools Image dataset\Mechanical Tools Image dataset\pliers\000321.jpg,pliers,exito,2.739992615984848,6.371179389538776,8.674421506379966,9.642076319186378,9.999999999720991,9.999691159496548,9.999999999956435
C:\Users\damba\.cache\kagglehub\datasets\salmaneunus\mechanical-tools-dataset\versions\20\Mechanical Tools Image dataset\Mechanical Tools Image dataset\pliers\000322.jpg,pliers,exito,2.5407045505817707,5.425892121125116,9.275377681156534,9.905274384622812,-9.999999999993744,9.999832945185467,9.999999999991145
C:\Users\damba\.cache\kagglehub\datasets\salmaneunus\mechanical-tools-dataset\versions\20\Mechanical Tools Image dataset\Mechanical Tools Image dataset\pliers\000323.jpg,pliers,exito,2.8994202474417192,6.656389826548077,9.014334796677444,9.369828499784743,9.999999999271322,9.999747746800887,-9.999999999800396
C:\Users\damba\.cache\kagglehub\datasets\salmaneunus\mechanical-tools-dataset\versions\20\Mechanical Tools Image dataset\Mechanical Tools Image dataset\pliers\000324.jpg,pliers,exito,2.6534077445070983,5.7015287721033125,8.950839894722858,9.536199489972992,-9.999999999731648,9.998895995976552,9.999999999751227
C:\Users\damba\.cache\kagglehub\datasets\salmaneunus\mechanical-tools-dataset\versions\20\Mechanical Tools Image dataset\Mechanical Tools Image dataset\pliers\000325.jpg,pliers,exito,3.0209795390484633,6.759326889520741,9.18708467323805,9.849872471780909,-9.999999999972975,-9.999925372038334,-9.99999999999959
C:\Users\damba\.cache\kagglehub\datasets\salmaneunus\mechanical-tools-dataset\versions\20\Mechanical Tools Image dataset\Mechanical Tools Image dataset\pliers\000326.jpg,pliers,exito,3.1329399593895992,6.9812782497505586,9.99960875761423,9.999944060549625,-10.0,-9.999999983396412,-10.0
C:\Users\damba\.cache\kagglehub\datasets\salmaneunus\mechanical-tools-dataset\versions\20\Mechanical Tools Image dataset\Mechanical Tools Image dataset\pliers\000327.jpg,pliers,exito,2.9354745802210944,6.038404370005419,9.977882681653808,9.99323864727878,9.99999999999998,9.999993949395064,9.999999999999996
C:\Users\damba\.cache\kagglehub\datasets\salmaneunus\mechanical-tools-dataset\versions\20\Mechanical Tools Image dataset\Mechanical Tools Image dataset\pliers\000328.jpg,pliers,exito,2.8240179542020525,6.174024587879722,8.665411790881382,9.685689222133375,9.999999999966503,-9.999704243805704,-9.999999999786821
C:\Users\damba\.cache\kagglehub\datasets\salmaneunus\mechanical-tools-dataset\versions\20\Mechanical Tools Image dataset\Mechanical Tools Image dataset\pliers\000329.jpg,pliers,exito,2.6397797948913144,5.7899747118402995,8.24631938132738,9.449763766199819,9.999999998866988,9.999129804635578,9.999999999322654
C:\Users\damba\.cache\kagglehub\datasets\salmaneunus\mechanical-tools-dataset\versions\20\Mechanical Tools Image dataset\Mechanical Tools Image dataset\pliers\000330.jpg,pliers,exito,2.5406785245208567,7.002434963845592,7.6546444421792215,8.654429719936811,-9.999999945226964,9.999204557989502,9.999999969340298
C:\Users\damba\.cache\kagglehub\datasets\salmaneunus\mechanical-tools-dataset\versions\20\Mechanical Tools Image dataset\Mechanical Tools Image dataset\pliers\000331.jpg,pliers,exito,2.6015769854109405,6.370558598720635,9.129966610827537,9.038934685662934,9.999999998369082,-9.999759276808293,-9.999999998032601
C:\Users\damba\.cache\kagglehub\datasets\salmaneunus\mechanical-tools-dataset\versions\20\Mechanical Tools Image dataset\Mechanical Tools Image dataset\pliers\000332.jpg,pliers,exito,2.930164626163008,7.657133781623012,9.97366414923101,9.964095189768479,9.999999999999984,9.99999673429286,9.999999999999726
C:\Users\damba\.cache\kagglehub\datasets\salmaneunus\mechanical-tools-dataset\versions\20\Mechanical Tools Image dataset\Mechanical Tools Image dataset\pliers\000333.jpg,pliers,exito,2.48469370626056,5.730062819025402,7.762310894548494,8.942817964091633,-9.999999981414563,9.993903875292842,9.999999995531724
C:\Users\damba\.cache\kagglehub\datasets\salmaneunus\mechanical-tools-dataset\versions\20\Mechanical Tools Image dataset\Mechanical Tools Image dataset\pliers\000334.jpg,pliers,exito,2.8142833104056963,8.065513172797843,8.581079571313898,9.533162441110171,-9.999999999450138,9.99993721380572,9.99999999980063
C:\Users\damba\.cache\kagglehub\datasets\salmaneunus\mechanical-tools-dataset\versions\20\Mechanical Tools Image dataset\Mechanical Tools Image dataset\pliers\000335.jpg,pliers,exito,2.732509020049475,6.646605870285581,8.33132494877374,9.574052114655846,9.999999999615307,9.999819047560086,9.99999999949963
C:\Users\damba\.cache\kagglehub\datasets\salmaneunus\mechanical-tools-dataset\versions\20\Mechanical Tools Image dataset\Mechanical Tools Image dataset\pliers\000336.jpg,pliers,exito,2.9331465425841743,6.740232671650425,9.01419974466371,9.491746951692189,9.999999999598359,9.999588617999192,-9.99999999986404
C:\Users\damba\.cache\kagglehub\datasets\salmaneunus\mechanical-tools-dataset\versions\20\Mechanical Tools Image dataset\Mechanical Tools Image dataset\pliers\000337.jpg,pliers,exito,2.840994049864092,7.14276834125763,9.511100360350891,9.675865496424214,-9.999999999998222,9.999871715769649,9.9999999999268
C:\Users\damba\.cache\kagglehub\datasets\salmaneunus\mechanical-tools-dataset\versions\20\Mechanical Tools Image dataset\Mechanical Tools Image dataset\pliers\000338.jpg,pliers,exito,3.018671293284779,7.891611343309594,9.960415077119906,9.984258560699606,-9.999999999999908,-9.99999820222936,-9.999999999999977
C:\Users\damba\.cache\kagglehub\datasets\salmaneunus\mechanical-tools-dataset\versions\20\Mechanical Tools Image dataset\Mechanical Tools Image dataset\pliers\000339.jpg,pliers,exito,2.4655556020984783,6.71679194366445,7.546938088590639,8.605673609017595,-9.999999915234639,9.99549894734486,9.9999999999808
C:\Users\damba\.cache\kagglehub\datasets\salmaneunus\mechanical-tools-dataset\versions\20\Mechanical Tools Image dataset\Mechanical Tools Image dataset\pliers\000340.jpg,pliers,exito,2.812635177403627,6.668681658809991,9.571338876359432,9.972539716743551,-9.999999999999513,-9.999996754552674,-9.999999999999197
C:\Users\damba\.cache\kagglehub\datasets\salmaneunus\mechanical-tools-dataset\versions\20\Mechanical Tools Image dataset\Mechanical Tools Image dataset\pliers\000341.jpg,pliers,exito,2.7523083464879456,6.351497627994787,8.538407903022842,9.715989854545104,9.999999999959577,9.999929904522478,9.999999999800421
C:\Users\damba\.cache\kagglehub\datasets\salmaneunus\mechanical-tools-dataset\versions\20\Mechanical Tools Image dataset\Mechanical Tools Image dataset\pliers\000342.jpg,pliers,exito,2.687815382327433,5.426802859286712,9.850874757265274,9.85213441182605,9.99999999999282,9.999662584909261,9.999999999999957
C:\Users\damba\.cache\kagglehub\datasets\salmaneunus\mechanical-tools-dataset\versions\20\Mechanical Tools Image dataset\Mechanical Tools Image dataset\pliers\000343.jpg,pliers,exito,2.611982894261935,5.386424240942936,8.517149053845802,9.38028838802309,9.999999999700055,9.999542415332883,9.999999998707887
C:\Users\damba\.cache\kagglehub\datasets\salmaneunus\mechanical-tools-dataset\versions\20\Mechanical Tools Image dataset\Mechanical Tools Image dataset\pliers\000344.jpg,pliers,exito,2.6572762013844655,6.333199488491742,8.108338513589464,9.885929826589603,-9.999999999951905,9.999920952853978,-9.999999999959762
C:\Users\damba\.cache\kagglehub\datasets\salmaneunus\mechanical-tools-dataset\versions\20\Mechanical Tools Image dataset\Mechanical Tools Image dataset\pliers\000345.jpg,pliers,exito,2.4453937425862153,5.798219685142638,7.57307869642203,8.807063360630226,-9.9999999605849,9.992077802660665,9.999999997327137
C:\Users\damba\.cache\kagglehub\datasets\salmaneunus\mechanical-tools-dataset\versions\20\Mechanical Tools Image dataset\Mechanical Tools Image dataset\pliers\000346.jpg,pliers,exito,2.802811732295759,5.7462248345648,9.487409752216255,9.425563146479089,9.999999999706835,9.998490153667547,-9.999999999946548
C:\Users\damba\.cache\kagglehub\datasets\salmaneunus\mechanical-tools-dataset\versions\20\Mechanical Tools Image dataset\Mechanical Tools Image dataset\pliers\000347.jpg,pliers,exito,2.694442076754737,6.906628967440357,8.74446911293026,9.175909253943814,9.999999997584448,9.99913632172185,9.999999999890994
C:\Users\damba\.cache\kagglehub\datasets\salmaneunus\mechanical-tools-dataset\versions\20\Mechanical Tools Image dataset\Mechanical Tools Image dataset\pliers\000348.jpg,pliers,exito,2.8324324739455586,6.679358084795132,9.24230567830279,9.908392107973757,9.999999999996557,9.99997853430054,-9.999999999989825
C:\Users\damba\.cache\kagglehub\datasets\salmaneunus\mechanical-tools-dataset\versions\20\Mechanical Tools Image dataset\Mechanical Tools Image dataset\pliers\000349.jpg,pliers,exito,2.824455450362429,5.9994335266459915,9.027540633330963,9.629351670383324,9.999999999827558,9.999432676351484,9.99999999990523
C:\Users\damba\.cache\kagglehub\datasets\salmaneunus\mechanical-tools-dataset\versions\20\Mechanical Tools Image dataset\Mechanical Tools Image dataset\pliers\000350.jpg,pliers,exito,2.675757823181596,6.639118854641807,8.799604577978794,9.475805180003553,9.999999999410536,-9.999943895952532,9.999999999884588
C:\Users\damba\.cache\kagglehub\datasets\salmaneunus\mechanical-tools-dataset\versions\20\Mechanical Tools Image dataset\Mechanical Tools Image dataset\pliers\000351.jpg,pliers,exito,2.8886732231317453,5.9914735157217995,9.676533093246723,9.951612783341739,9.999999999998375,9.99995594803413,-9.99999999999912
C:\Users\damba\.cache\kagglehub\datasets\salmaneunus\mechanical-tools-dataset\versions\20\Mechanical Tools Image dataset\Mechanical Tools Image dataset\pliers\000352.jpg,pliers,exito,2.9718602242476804,6.2434121311978314,9.549110610202575,9.922319550688888,9.999999999996605,9.99996588198571,9.999999999996215
C:\Users\damba\.cache\kagglehub\datasets\salmaneunus\mechanical-tools-dataset\versions\20\Mechanical Tools Image dataset\Mechanical Tools Image dataset\pliers\000353.jpg,pliers,exito,2.8458722447812024,7.2829651672812705,9.90524754666526,9.850509081451927,9.999999999996872,9.99998336819178,9.999999999995298
C:\Users\damba\.cache\kagglehub\datasets\salmaneunus\mechanical-tools-dataset\versions\20\Mechanical Tools Image dataset\Mechanical Tools Image dataset\pliers\000354.jpg,pliers,exito,2.950575523089839,6.65240813249846,9.169515498761616,9.76128474394577,9.999999999946304,9.999852214987808,9.99999999996264
C:\Users\damba\.cache\kagglehub\datasets\salmaneunus\mechanical-tools-dataset\versions\20\Mechanical Tools Image dataset\Mechanical Tools Image dataset\pliers\000355.jpg,pliers,exito,2.7133209252135604,7.721770951006022,9.448724516564024,9.728356103298726,-9.999999999943892,9.999955065925946,-9.999999999995493
C:\Users\damba\.cache\kagglehub\datasets\salmaneunus\mechanical-tools-dataset\versions\20\Mechanical Tools Image dataset\Mechanical Tools Image dataset\pliers\000356.jpg,pliers,exito,2.7710115500672585,6.111219153263222,9.122331444414112,9.303107825550985,9.999999999474953,9.998808464471713,-9.99999999929265
C:\Users\damba\.cache\kagglehub\datasets\salmaneunus\mechanical-tools-dataset\versions\20\Mechanical Tools Image dataset\Mechanical Tools Image dataset\pliers\000357.jpg,pliers,exito,2.7320041957399352,8.168758110671677,9.778036049825669,9.81866285000315,9.999999999988933,-9.999984089930834,9.999999999992745
C:\Users\damba\.cache\kagglehub\datasets\salmaneunus\mechanical-tools-dataset\versions\20\Mechanical Tools Image dataset\Mechanical Tools Image dataset\pliers\000358.jpg,pliers,exito,2.6704533448808516,6.307048866599902,9.23482999203255,9.698630995234732,-9.999999999957433,-9.999879510063808,9.999999999914396
C:\Users\damba\.cache\kagglehub\datasets\salmaneunus\mechanical-tools-dataset\versions\20\Mechanical Tools Image dataset\Mechanical Tools Image dataset\pliers\000359.jpg,pliers,exito,2.7332885876651987,6.1996027285238124,9.0005552734187,9.006731709326163,-9.999999996574484,9.996957869117777,-9.999999999982723
C:\Users\damba\.cache\kagglehub\datasets\salmaneunus\mechanical-tools-dataset\versions\20\Mechanical Tools Image dataset\Mechanical Tools Image dataset\pliers\000360.jpg,pliers,exito,2.8344535822942736,6.529600024035436,9.453319800282234,9.423771875660398,9.999999999749651,9.999423898553731,-9.99999999980434
C:\Users\damba\.cache\kagglehub\datasets\salmaneunus\mechanical-tools-dataset\versions\20\Mechanical Tools Image dataset\Mechanical Tools Image dataset\pliers\000361.jpg,pliers,exito,2.782753164716457,8.91552667183651,9.114755347496414,9.932537253389226,-9.999999999993223,9.999998627512442,9.999999999996279
C:\Users\damba\.cache\kagglehub\datasets\salmaneunus\mechanical-tools-dataset\versions\20\Mechanical Tools Image dataset\Mechanical Tools Image dataset\pliers\000362.jpg,pliers,exito,2.950488235666882,7.291185383659312,8.75519651067515,9.925049671444567,-9.999999999999487,-9.999999077404278,9.999999999985556
C:\Users\damba\.cache\kagglehub\datasets\salmaneunus\mechanical-tools-dataset\versions\20\Mechanical Tools Image dataset\Mechanical Tools Image dataset\pliers\000363.jpg,pliers,exito,2.4700902006547594,5.470095746602472,8.103991390376617,8.548576423224162,-9.999999988485945,9.981011854801787,-9.999999946692242
C:\Users\damba\.cache\kagglehub\datasets\salmaneunus\mechanical-tools-dataset\versions\20\Mechanical Tools Image dataset\Mechanical Tools Image dataset\pliers\000364.jpg,pliers,exito,2.828636924688409,6.877540085533125,9.218826952710543,9.402378601101615,9.999999999505652,-9.999952572334314,9.999999999954428
C:\Users\damba\.cache\kagglehub\datasets\salmaneunus\mechanical-tools-dataset\versions\20\Mechanical Tools Image dataset\Mechanical Tools Image dataset\pliers\000365.jpg,pliers,exito,2.7723177613306915,6.35972909008283,8.775885793249095,9.120945695213099,-9.999999999871582,9.998208309397432,-9.999999997100467
C:\Users\damba\.cache\kagglehub\datasets\salmaneunus\mechanical-tools-dataset\versions\20\Mechanical Tools Image dataset\Mechanical Tools Image dataset\pliers\000366.jpg,pliers,exito,2.8471940015968857,7.066991179408981,9.870192836079429,9.743256616730534,-9.999999999997517,9.99997393614874,-9.999999999981615
C:\Users\damba\.cache\kagglehub\datasets\salmaneunus\mechanical-tools-dataset\versions\20\Mechanical Tools Image dataset\Mechanical Tools Image dataset\pliers\000367.jpg,pliers,exito,2.7651095621552875,7.111865647074441,9.326280223424043,9.946264283570947,-9.999999999997167,9.999990420717372,-9.999999999997174
C:\Users\damba\.cache\kagglehub\datasets\salmaneunus\mechanical-tools-dataset\versions\20\Mechanical Tools Image dataset\Mechanical Tools Image dataset\pliers\000368.jpg,pliers,exito,2.8810156168564016,6.48048928357924,9.35781212263928,9.693338834904596,-9.999999999970436,9.999767075781218,9.999999999922359
C:\Users\damba\.cache\kagglehub\datasets\salmaneunus\mechanical-tools-dataset\versions\20\Mechanical Tools Image dataset\Mechanical Tools Image dataset\pliers\000369.jpg,pliers,exito,2.9220534602126675,7.50781042473137,9.93719063123448,9.688731382626887,-9.999999999984079,-9.999967888040242,-9.999999999990834
C:\Users\damba\.cache\kagglehub\datasets\salmaneunus\mechanical-tools-dataset\versions\20\Mechanical Tools Image dataset\Mechanical Tools Image dataset\pliers\000370.jpg,pliers,exito,2.969395577876539,8.760039961345196,9.195970471160377,9.81518568281961,9.99999999999203,-9.99999960892396,9.999999999961952
C:\Users\damba\.cache\kagglehub\datasets\salmaneunus\mechanical-tools-dataset\versions\20\Mechanical Tools Image dataset\Mechanical Tools Image dataset\pliers\000371.jpg,pliers,exito,2.6690483127112556,5.508469102134721,8.619267138396566,9.477917194280737,-9.999999999924118,-9.99989925598915,9.999999999263991
C:\Users\damba\.cache\kagglehub\datasets\salmaneunus\mechanical-tools-dataset\versions\20\Mechanical Tools Image dataset\Mechanical Tools Image dataset\pliers\000372.jpg,pliers,exito,2.7924370570897596,7.9330440007489935,8.995126063521722,9.41809748348551,-9.999999999748947,9.999880240733752,-9.999999999432685
C:\Users\damba\.cache\kagglehub\datasets\salmaneunus\mechanical-tools-dataset\versions\20\Mechanical Tools Image dataset\Mechanical Tools Image dataset\pliers\000373.jpg,pliers,exito,2.7954295434445555,7.214501379818761,9.707153033650204,9.995378144455627,9.99999999999996,9.999999443295305,-9.999999999999977
C:\Users\damba\.cache\kagglehub\datasets\salmaneunus\mechanical-tools-dataset\versions\20\Mechanical Tools Image dataset\Mechanical Tools Image dataset\pliers\000374.jpg,pliers,exito,3.0521877608469286,8.085424133524238,9.975988324149062,9.966054065187183,9.999999999999835,9.999997351735562,-9.999999999999826
C:\Users\damba\.cache\kagglehub\datasets\salmaneunus\mechanical-tools-dataset\versions\20\Mechanical Tools Image dataset\Mechanical Tools Image dataset\pliers\000375.jpg,pliers,exito,2.969381032614604,6.961594899506517,8.883844092935336,9.842018902066581,9.99999999997957,9.999990534701809,-9.99999999996121
C:\Users\damba\.cache\kagglehub\datasets\salmaneunus\mechanical-tools-dataset\versions\20\Mechanical Tools Image dataset\Mechanical Tools Image dataset\pliers\000376.jpg,pliers,exito,2.5482800216265042,5.67845244310181,8.168239463557684,8.872475418190442,-9.999999987562166,9.992738387491938,-9.999999990695493
C:\Users\damba\.cache\kagglehub\datasets\salmaneunus\mechanical-tools-dataset\versions\20\Mechanical Tools Image dataset\Mechanical Tools Image dataset\pliers\000377.jpg,pliers,exito,2.8889166194584774,7.790468276136955,8.904882789120467,9.973854353797348,-9.999999999997783,9.999997101235973,9.999999999999506
C:\Users\damba\.cache\kagglehub\datasets\salmaneunus\mechanical-tools-dataset\versions\20\Mechanical Tools Image dataset\Mechanical Tools Image dataset\pliers\000378.jpg,pliers,exito,2.8044300500171584,7.15015546276198,9.168168374861018,9.91337021017747,9.999999999990862,9.999975205123143,9.99999999999417
C:\Users\damba\.cache\kagglehub\datasets\salmaneunus\mechanical-tools-dataset\versions\20\Mechanical Tools Image dataset\Mechanical Tools Image dataset\pliers\000379.jpg,pliers,exito,2.8287114538136153,6.218565435262391,9.519895480800228,9.778400075077103,-9.999999999976083,-9.999798720553521,-9.999999999976497
C:\Users\damba\.cache\kagglehub\datasets\salmaneunus\mechanical-tools-dataset\versions\20\Mechanical Tools Image dataset\Mechanical Tools Image dataset\pliers\000380.jpg,pliers,exito,2.609785177071693,7.284929316316895,7.907711809528777,8.887249600988431,-9.999999995052544,9.999145964822295,9.999999980717933
C:\Users\damba\.cache\kagglehub\datasets\salmaneunus\mechanical-tools-dataset\versions\20\Mechanical Tools Image dataset\Mechanical Tools Image dataset\pliers\000381.jpg,pliers,exito,2.9514059802237678,6.533318754641846,9.583043561322908,9.94585580423654,9.999999999998009,9.99999572587046,-9.999999999998224
C:\Users\damba\.cache\kagglehub\datasets\salmaneunus\mechanical-tools-dataset\versions\20\Mechanical Tools Image dataset\Mechanical Tools Image dataset\pliers\000382.jpg,pliers,exito,2.8913828455810138,6.608671837999795,9.266280653320475,9.975746860139369,9.999999999998963,-9.999998987767443,-9.999999999999291
C:\Users\damba\.cache\kagglehub\datasets\salmaneunus\mechanical-tools-dataset\versions\20\Mechanical Tools Image dataset\Mechanical Tools Image dataset\pliers\000383.jpg,pliers,exito,2.78697420066543,6.588581376544267,9.966491557350196,9.867143029947718,9.999999999999662,9.999951621403225,-9.999999999997389
C:\Users\damba\.cache\kagglehub\datasets\salmaneunus\mechanical-tools-dataset\versions\20\Mechanical Tools Image dataset\Mechanical Tools Image dataset\pliers\000384.jpg,pliers,exito,2.928106670594041,6.482407075738059,8.928917442216106,9.907246842627572,-9.99999999999172,-9.999941723754633,-9.999999999985652
C:\Users\damba\.cache\kagglehub\datasets\salmaneunus\mechanical-tools-dataset\versions\20\Mechanical Tools Image dataset\Mechanical Tools Image dataset\pliers\000385.jpg,pliers,exito,2.9116540144101783,6.605200885947883,9.553659876752764,9.804633379762189,9.999999999975358,9.99990378214447,-9.999999999996351
C:\Users\damba\.cache\kagglehub\datasets\salmaneunus\mechanical-tools-dataset\versions\20\Mechanical Tools Image dataset\Mechanical Tools Image dataset\pliers\000386.jpg,pliers,exito,2.638911374129022,5.781255172403033,8.453226458012054,8.595294439558767,9.999999999223895,9.986653492951758,9.99999996940425
C:\Users\damba\.cache\kagglehub\datasets\salmaneunus\mechanical-tools-dataset\versions\20\Mechanical Tools Image dataset\Mechanical Tools Image dataset\pliers\000387.jpg,pliers,exito,2.9339157025489437,6.8518887312712,9.227795302178048,9.900915006586825,-9.999999999988066,-9.999992174577567,-9.999999999996296
C:\Users\damba\.cache\kagglehub\datasets\salmaneunus\mechanical-tools-dataset\versions\20\Mechanical Tools Image dataset\Mechanical Tools Image dataset\pliers\000388.jpg,pliers,exito,2.817461739556797,7.705334554424507,9.437096120325542,9.833737202581279,9.999999999986024,9.99997165185982,9.999999999982311
C:\Users\damba\.cache\kagglehub\datasets\salmaneunus\mechanical-tools-dataset\versions\20\Mechanical Tools Image dataset\Mechanical Tools Image dataset\pliers\000389.jpg,pliers,exito,2.8254260823826867,5.883658007671854,9.402680350062237,9.992596677480984,-9.999999999999833,9.99999148213301,-9.999999999999984
C:\Users\damba\.cache\kagglehub\datasets\salmaneunus\mechanical-tools-dataset\versions\20\Mechanical Tools Image dataset\Mechanical Tools Image dataset\pliers\000390.jpg,pliers,exito,2.9126908364790407,6.558232506120925,8.73160469495622,9.83397998662455,9.999999999950177,9.999903265367045,-9.999999999970683
C:\Users\damba\.cache\kagglehub\datasets\salmaneunus\mechanical-tools-dataset\versions\20\Mechanical Tools Image dataset\Mechanical Tools Image dataset\pliers\000391.jpg,pliers,exito,3.0240923678793195,7.175672559273276,9.735546329528542,9.957747457656275,9.999999999998842,9.999995939643153,9.999999999999412
C:\Users\damba\.cache\kagglehub\datasets\salmaneunus\mechanical-tools-dataset\versions\20\Mechanical Tools Image dataset\Mechanical Tools Image dataset\pliers\000392.jpg,pliers,exito,2.5593233151866754,6.105784462571556,9.052950472675986,9.389354570355307,-9.999999999547283,-9.999113288191051,-9.999999999522807
C:\Users\damba\.cache\kagglehub\datasets\salmaneunus\mechanical-tools-dataset\versions\20\Mechanical Tools Image dataset\Mechanical Tools Image dataset\pliers\000393.jpg,pliers,exito,2.3741358742744785,4.958772386614871,8.254360033247245,9.3057221626557,-9.999999998828802,9.99485773332924,-9.999999997771662
C:\Users\damba\.cache\kagglehub\datasets\salmaneunus\mechanical-tools-dataset\versions\20\Mechanical Tools Image dataset\Mechanical Tools Image dataset\pliers\000394.jpg,pliers,exito,2.402833519423482,5.4564959251405005,9.972487537793304,9.731109914393384,9.99999999999213,9.999390530243765,-9.999999999996025
C:\Users\damba\.cache\kagglehub\datasets\salmaneunus\mechanical-tools-dataset\versions\20\Mechanical Tools Image dataset\Mechanical Tools Image dataset\pliers\000395.jpg,pliers,exito,2.1955676514831644,5.103703745772684,9.442317070212836,9.1821826810743,9.99999999952995,9.997603806039693,9.999999999205032
C:\Users\damba\.cache\kagglehub\datasets\salmaneunus\mechanical-tools-dataset\versions\20\Mechanical Tools Image dataset\Mechanical Tools Image dataset\pliers\000396.jpg,pliers,exito,2.9013371286864835,7.168392454370673,9.98808578321937,9.776890631808289,-9.999999999996067,-9.999926101221428,9.99999999999935
C:\Users\damba\.cache\kagglehub\datasets\salmaneunus\mechanical-tools-dataset\versions\20\Mechanical Tools Image dataset\Mechanical Tools Image dataset\Rope\000000.jpg,Rope,exito,2.8601027353118496,5.832784256235228,9.97285888013338,9.988061287913261,9.999999999999948,9.999985340308434,-9.999999999999998
C:\Users\damba\.cache\kagglehub\datasets\salmaneunus\mechanical-tools-dataset\versions\20\Mechanical Tools Image dataset\Mechanical Tools Image dataset\Rope\000001.jpg,Rope,exito,2.336998268169848,4.6827919646457765,9.835831838837876,9.912837897142895,9.999999999997014,9.999677510295781,9.999999999999226
C:\Users\damba\.cache\kagglehub\datasets\salmaneunus\mechanical-tools-dataset\versions\20\Mechanical Tools Image dataset\Mechanical Tools Image dataset\Rope\000002.jpg,Rope,exito,2.591863514328423,5.212842560046746,9.97351754251796,9.976282173562279,9.999999999999854,9.999939761362008,9.999999999999998
C:\Users\damba\.cache\kagglehub\datasets\salmaneunus\mechanical-tools-dataset\versions\20\Mechanical Tools Image dataset\Mechanical Tools Image dataset\Rope\000003.jpg,Rope,exito,2.6821353777860906,6.133845538387019,9.716745691281002,9.201375385061073,-9.999999999495714,9.998106555076731,-9.99999999995041
C:\Users\damba\.cache\kagglehub\datasets\salmaneunus\mechanical-tools-dataset\versions\20\Mechanical Tools Image dataset\Mechanical Tools Image dataset\Rope\000004.jpg,Rope,exito,1.7114453805219705,3.424463410461892,7.6270084651649155,7.674609498144087,9.9999979661836,9.307325661675728,-9.999999970938664
C:\Users\damba\.cache\kagglehub\datasets\salmaneunus\mechanical-tools-dataset\versions\20\Mechanical Tools Image dataset\Mechanical Tools Image dataset\Rope\000005.jpg,Rope,exito,2.5960965263812223,5.627642593281206,8.159074413358498,9.751797475256213,-9.999999999853268,-9.999609783239551,-9.999999999806294
C:\Users\damba\.cache\kagglehub\datasets\salmaneunus\mechanical-tools-dataset\versions\20\Mechanical Tools Image dataset\Mechanical Tools Image dataset\Rope\000006.jpg,Rope,exito,2.4925298392140363,5.003287756130291,9.958775423996498,9.96835409352864,9.999999999999716,9.999902274224178,-9.999999999999986
C:\Users\damba\.cache\kagglehub\datasets\salmaneunus\mechanical-tools-dataset\versions\20\Mechanical Tools Image dataset\Mechanical Tools Image dataset\Rope\000007.jpg,Rope,exito,2.953213775409217,6.092551354717641,9.999622373217369,9.999947734826115,-10.0,-9.999999973292663,-10.0
C:\Users\damba\.cache\kagglehub\datasets\salmaneunus\mechanical-tools-dataset\versions\20\Mechanical Tools Image dataset\Mechanical Tools Image dataset\Rope\000008.jpg,Rope,exito,2.7091687610458246,5.50338415629568,9.800620353521726,9.989472751776423,-9.99999999999989,-9.999981499982082,-9.999999999999934
C:\Users\damba\.cache\kagglehub\datasets\salmaneunus\mechanical-tools-dataset\versions\20\Mechanical Tools Image dataset\Mechanical Tools Image dataset\Rope\000009.jpg,Rope,exito,2.9972906747929513,6.2342879689948,9.998494210229381,9.99979812257281,10.0,9.999999958841054,10.0
C:\Users\damba\.cache\kagglehub\datasets\salmaneunus\mechanical-tools-dataset\versions\20\Mechanical Tools Image dataset\Mechanical Tools Image dataset\Rope\000010.jpg,Rope,exito,2.9145871866139084,6.643693514087691,9.680087872460089,9.877589447335469,9.999999999992163,9.999932790753675,-9.999999999996922
C:\Users\damba\.cache\kagglehub\datasets\salmaneunus\mechanical-tools-dataset\versions\20\Mechanical Tools Image dataset\Mechanical Tools Image dataset\Rope\000011.jpg,Rope,exito,2.693273032647652,5.433294183358624,9.779792268924473,9.824743157536258,9.999999999987631,9.99958684794162,9.999999999999783
C:\Users\damba\.cache\kagglehub\datasets\salmaneunus\mechanical-tools-dataset\versions\20\Mechanical Tools Image dataset\Mechanical Tools Image dataset\Rope\000012.jpg,Rope,exito,2.423862502165666,4.861282405387893,9.942543796504474,9.948519949813576,9.99999999999927,9.99979761848353,9.999999999999998
C:\Users\damba\.cache\kagglehub\datasets\salmaneunus\mechanical-tools-dataset\versions\20\Mechanical Tools Image dataset\Mechanical Tools Image dataset\Rope\000013.jpg,Rope,exito,2.9364414524920446,6.046942403852102,9.866352991215292,9.947003922737828,9.999999999998781,9.999946619286591,-9.99999999999999
C:\Users\damba\.cache\kagglehub\datasets\salmaneunus\mechanical-tools-dataset\versions\20\Mechanical Tools Image dataset\Mechanical Tools Image dataset\Rope\000014.jpg,Rope,exito,2.6458699097378955,5.329214213010408,9.967363748819347,9.996307298803949,-9.999999999999991,-9.999992097211974,9.999999999999998
C:\Users\damba\.cache\kagglehub\datasets\salmaneunus\mechanical-tools-dataset\versions\20\Mechanical Tools Image dataset\Mechanical Tools Image dataset\Rope\000015.jpg,Rope,exito,3.00977748071267,6.412800384820247,9.60591524482742,9.967080887745995,-9.999999999999323,-9.999991780028466,9.99999999999905
C:\Users\damba\.cache\kagglehub\datasets\salmaneunus\mechanical-tools-dataset\versions\20\Mechanical Tools Image dataset\Mechanical Tools Image dataset\Rope\000016.jpg,Rope,exito,2.6744426339828307,5.396019579077701,9.837142364313374,9.977603063569527,-9.999999999999735,-9.999962489436205,-9.999999999999762
C:\Users\damba\.cache\kagglehub\datasets\salmaneunus\mechanical-tools-dataset\versions\20\Mechanical Tools Image dataset\Mechanical Tools Image dataset\Rope\000017.jpg,Rope,exito,2.8876717863708343,5.918408045869928,9.759132408056482,9.846112354683045,9.999999999989715,9.999808630185843,-9.999999999998687
C:\Users\damba\.cache\kagglehub\datasets\salmaneunus\mechanical-tools-dataset\versions\20\Mechanical Tools Image dataset\Mechanical Tools Image dataset\Rope\000018.jpg,Rope,exito,2.916297374814206,5.974087287397553,9.989739979159395,9.99491059687157,9.999999999999991,9.999994790507161,-10.0
C:\Users\damba\.cache\kagglehub\datasets\salmaneunus\mechanical-tools-dataset\versions\20\Mechanical Tools Image dataset\Mechanical Tools Image dataset\Rope\000019.jpg,Rope,exito,3.0923823788869687,7.956069839230121,9.945483759302984,9.986157382621215,9.99999999999992,9.999998552372007,-9.999999999999954
C:\Users\damba\.cache\kagglehub\datasets\salmaneunus\mechanical-tools-dataset\versions\20\Mechanical Tools Image dataset\Mechanical Tools Image dataset\Rope\000020.jpg,Rope,exito,2.995634354333035,6.663586796868469,8.96445041924443,9.118080868654182,9.999999997678408,9.998663928311531,-9.999999999986217
C:\Users\damba\.cache\kagglehub\datasets\salmaneunus\mechanical-tools-dataset\versions\20\Mechanical Tools Image dataset\Mechanical Tools Image dataset\Rope\000021.jpg,Rope,exito,2.5896600855162197,5.20873750441456,9.939354840040798,9.987851189668051,9.99999999999997,-9.999998085937063,-9.999999999999925
C:\Users\damba\.cache\kagglehub\datasets\salmaneunus\mechanical-tools-dataset\versions\20\Mechanical Tools Image dataset\Mechanical Tools Image dataset\Rope\000022.jpg,Rope,exito,3.1016822499005765,7.13568834300768,9.632331850952074,9.979007030130546,-9.999999999999803,-9.999999740247686,9.999999999999485
C:\Users\damba\.cache\kagglehub\datasets\salmaneunus\mechanical-tools-dataset\versions\20\Mechanical Tools Image dataset\Mechanical Tools Image dataset\Rope\000023.jpg,Rope,exito,3.1889175811652715,8.15883027475095,9.968853449937022,9.997894736303726,9.999999999999996,9.999999828415683,-9.999999999999998
C:\Users\damba\.cache\kagglehub\datasets\salmaneunus\mechanical-tools-dataset\versions\20\Mechanical Tools Image dataset\Mechanical Tools Image dataset\Rope\000024.jpg,Rope,exito,3.1462431123036017,7.703235742842546,9.911655070071719,9.998235337017805,9.999999999999995,9.999999950033548,-9.999999999999998
C:\Users\damba\.cache\kagglehub\datasets\salmaneunus\mechanical-tools-dataset\versions\20\Mechanical Tools Image dataset\Mechanical Tools Image dataset\Rope\000025.jpg,Rope,exito,3.1927079067306536,7.886550181599934,9.970126020697961,9.999660885837287,-10.0,-9.99999996211328,-10.0
C:\Users\damba\.cache\kagglehub\datasets\salmaneunus\mechanical-tools-dataset\versions\20\Mechanical Tools Image dataset\Mechanical Tools Image dataset\Rope\000026.jpg,Rope,exito,2.845745762267225,7.283418224558077,9.44577405822227,9.501711073946106,9.999999999790717,-9.999823442026186,9.99999999993214
C:\Users\damba\.cache\kagglehub\datasets\salmaneunus\mechanical-tools-dataset\versions\20\Mechanical Tools Image dataset\Mechanical Tools Image dataset\Rope\000027.jpg,Rope,exito,3.0258303740338093,7.2824934503906436,9.897146653360506,9.870017416952729,-9.999999999995381,-9.999965427240069,-9.99999999999973
C:\Users\damba\.cache\kagglehub\datasets\salmaneunus\mechanical-tools-dataset\versions\20\Mechanical Tools Image dataset\Mechanical Tools Image dataset\Rope\000028.jpg,Rope,exito,3.19673608855627,8.781297273524471,9.99806516093461,9.999997098000868,-10.0,-9.999999999886246,10.0
C:\Users\damba\.cache\kagglehub\datasets\salmaneunus\mechanical-tools-dataset\versions\20\Mechanical Tools Image dataset\Mechanical Tools Image dataset\Rope\000029.jpg,Rope,exito,3.135324546449308,7.044789813888443,9.916417743553168,9.991139570162643,9.999999999999956,9.999997434611458,9.999999999999961
C:\Users\damba\.cache\kagglehub\datasets\salmaneunus\mechanical-tools-dataset\versions\20\Mechanical Tools Image dataset\Mechanical Tools Image dataset\Rope\000030.jpg,Rope,exito,3.1789980722599998,7.6189751153711995,9.998196505687208,9.998843105918548,10.0,9.999999832570156,10.0
C:\Users\damba\.cache\kagglehub\datasets\salmaneunus\mechanical-tools-dataset\versions\20\Mechanical Tools Image dataset\Mechanical Tools Image dataset\Rope\000031.jpg,Rope,exito,3.134340197273251,6.99355672323627,9.912521775117364,9.996297440387815,-9.999999999999984,-9.999998817115944,9.999999999999995
C:\Users\damba\.cache\kagglehub\datasets\salmaneunus\mechanical-tools-dataset\versions\20\Mechanical Tools Image dataset\Mechanical Tools Image dataset\Rope\000032.jpg,Rope,exito,2.9260047405934255,6.029296601617276,9.96880267193195,9.980803038015477,9.999999999999886,9.99998116708728,9.999999999999995
C:\Users\damba\.cache\kagglehub\datasets\salmaneunus\mechanical-tools-dataset\versions\20\Mechanical Tools Image dataset\Mechanical Tools Image dataset\Rope\000033.jpg,Rope,exito,3.1356421872922833,7.419007632705545,9.755276428064928,9.968984897677512,9.999999999999401,9.99999375048284,-9.99999999999953
C:\Users\damba\.cache\kagglehub\datasets\salmaneunus\mechanical-tools-dataset\versions\20\Mechanical Tools Image dataset\Mechanical Tools Image dataset\Rope\000034.jpg,Rope,exito,3.000809389226524,6.578608092863249,9.885275157758027,9.877270457208988,-9.999999999996016,9.999997662744128,-9.999999999998003
C:\Users\damba\.cache\kagglehub\datasets\salmaneunus\mechanical-tools-dataset\versions\20\Mechanical Tools Image dataset\Mechanical Tools Image dataset\Rope\000035.jpg,Rope,exito,3.1868821970441945,7.7654286763040075,9.990753229946991,9.999583285090853,-10.0,-9.999999968357637,-10.0
C:\Users\damba\.cache\kagglehub\datasets\salmaneunus\mechanical-tools-dataset\versions\20\Mechanical Tools Image dataset\Mechanical Tools Image dataset\Rope\000036.jpg,Rope,exito,2.6185314213833477,5.376713819410672,9.88069461124518,9.67825307170657,-9.999999999999067,9.99906013429122,-9.999999999971932
C:\Users\damba\.cache\kagglehub\datasets\salmaneunus\mechanical-tools-dataset\versions\20\Mechanical Tools Image dataset\Mechanical Tools Image dataset\Rope\000037.jpg,Rope,exito,3.1855969591776527,8.592662999165537,9.983852955820344,9.998972070731222,-10.0,-9.999999964091622,9.999999999999998
C:\Users\damba\.cache\kagglehub\datasets\salmaneunus\mechanical-tools-dataset\versions\20\Mechanical Tools Image dataset\Mechanical Tools Image dataset\Rope\000038.jpg,Rope,exito,3.078517236434187,8.07642197024283,9.975138011072639,9.96339039704302,9.999999999999996,9.999999301425797,-9.999999999999725
C:\Users\damba\.cache\kagglehub\datasets\salmaneunus\mechanical-tools-dataset\versions\20\Mechanical Tools Image dataset\Mechanical Tools Image dataset\Rope\000039.jpg,Rope,exito,3.086120773954602,7.418404960718043,9.560533907165953,9.92491627321595,9.999999999998288,9.999985917950612,-9.99999999999561
C:\Users\damba\.cache\kagglehub\datasets\salmaneunus\mechanical-tools-dataset\versions\20\Mechanical Tools Image dataset\Mechanical Tools Image dataset\Rope\000040.jpg,Rope,exito,2.7125160979097065,7.973238731869928,8.676761827978908,9.787011896059758,-9.999999999902196,-9.999992351962502,9.999999999994909
C:\Users\damba\.cache\kagglehub\datasets\salmaneunus\mechanical-tools-dataset\versions\20\Mechanical Tools Image dataset\Mechanical Tools Image dataset\Rope\000041.jpg,Rope,exito,2.780892659989792,5.690621656271505,9.853143548558743,9.979151531550272,9.999999999999956,-9.99997980457664,-9.999999999999703
C:\Users\damba\.cache\kagglehub\datasets\salmaneunus\mechanical-tools-dataset\versions\20\Mechanical Tools Image dataset\Mechanical Tools Image dataset\Rope\000042.jpg,Rope,exito,3.1683342342309952,7.440302528097699,9.952858886750349,9.994196820294727,9.999999999999979,9.999998888811366,-9.999999999999993
C:\Users\damba\.cache\kagglehub\datasets\salmaneunus\mechanical-tools-dataset\versions\20\Mechanical Tools Image dataset\Mechanical Tools Image dataset\Rope\000043.jpg,Rope,exito,2.770720196036873,5.656284365236162,9.941084281855874,9.994142081159305,9.999999999999991,9.999995399295598,-9.999999999999975
C:\Users\damba\.cache\kagglehub\datasets\salmaneunus\mechanical-tools-dataset\versions\20\Mechanical Tools Image dataset\Mechanical Tools Image dataset\Rope\000044.jpg,Rope,exito,3.15598957486383,7.558985512219754,9.903419616212979,9.99740754580173,9.999999999999996,9.99999974241262,9.999999999999991
C:\Users\damba\.cache\kagglehub\datasets\salmaneunus\mechanical-tools-dataset\versions\20\Mechanical Tools Image dataset\Mechanical Tools Image dataset\Rope\000045.jpg,Rope,exito,2.8246074099545324,6.703429623496785,9.412292263581858,9.770321348882577,9.999999999957728,9.999868623795413,-9.999999999993225
C:\Users\damba\.cache\kagglehub\datasets\salmaneunus\mechanical-tools-dataset\versions\20\Mechanical Tools Image dataset\Mechanical Tools Image dataset\Rope\000046.jpg,Rope,exito,3.0547463043462653,7.874826618586252,9.899301985371546,9.999298866979345,9.999999999999998,-9.999999919634982,-9.999999999999998
C:\Users\damba\.cache\kagglehub\datasets\salmaneunus\mechanical-tools-dataset\versions\20\Mechanical Tools Image dataset\Mechanical Tools Image dataset\Rope\000047.jpg,Rope,exito,3.0136058900288947,8.80402747887372,9.931948210656238,9.991802907898991,-9.999999999999954,9.999999707892112,9.999999999999995
C:\Users\damba\.cache\kagglehub\datasets\salmaneunus\mechanical-tools-dataset\versions\20\Mechanical Tools Image dataset\Mechanical Tools Image dataset\Rope\000048.jpg,Rope,exito,3.194396018716581,8.165908099750322,9.999528903480611,9.999989089020344,-10.0,-9.999999999213497,-10.0
C:\Users\damba\.cache\kagglehub\datasets\salmaneunus\mechanical-tools-dataset\versions\20\Mechanical Tools Image dataset\Mechanical Tools Image dataset\Rope\000049.jpg,Rope,exito,1.6631816518144547,3.3279403832568772,7.59625837923387,7.807625315952458,9.999998684008112,9.430582775287425,9.999999822660486
C:\Users\damba\.cache\kagglehub\datasets\salmaneunus\mechanical-tools-dataset\versions\20\Mechanical Tools Image dataset\Mechanical Tools Image dataset\Rope\000050.jpg,Rope,exito,2.900878149250525,5.967397975216357,9.935653116591645,9.969722684473382,9.999999999999666,9.999967980964744,-9.999999999999956
C:\Users\damba\.cache\kagglehub\datasets\salmaneunus\mechanical-tools-dataset\versions\20\Mechanical Tools Image dataset\Mechanical Tools Image dataset\Rope\000051.jpg,Rope,exito,2.9096599541470525,6.0075345920798275,9.964201052924643,9.993954750203178,9.999999999999984,9.999995771726391,-9.999999999999986
C:\Users\damba\.cache\kagglehub\datasets\salmaneunus\mechanical-tools-dataset\versions\20\Mechanical Tools Image dataset\Mechanical Tools Image dataset\Rope\000052.jpg,Rope,exito,2.9240321134699827,7.42924090177604,9.800534499068652,9.997779123260663,9.999999999999998,9.999999734009462,-9.999999999999988
C:\Users\damba\.cache\kagglehub\datasets\salmaneunus\mechanical-tools-dataset\versions\20\Mechanical Tools Image dataset\Mechanical Tools Image dataset\Rope\000053.jpg,Rope,exito,2.304031721239764,4.807959909307131,7.967229137977477,8.664659486893072,9.999999987358775,9.975669750481224,9.999999959836588
C:\Users\damba\.cache\kagglehub\datasets\salmaneunus\mechanical-tools-dataset\versions\20\Mechanical Tools Image dataset\Mechanical Tools Image dataset\Rope\000054.jpg,Rope,exito,2.8935636346279017,5.951295671101254,9.999137215815745,9.999912481094846,-10.0,-9.999999984326797,10.0
C:\Users\damba\.cache\kagglehub\datasets\salmaneunus\mechanical-tools-dataset\versions\20\Mechanical Tools Image dataset\Mechanical Tools Image dataset\Rope\000055.jpg,Rope,exito,3.099717420858605,6.832769216736001,9.95474401759873,9.998198445568253,9.999999999999998,9.99999995975698,-9.999999999999996
C:\Users\damba\.cache\kagglehub\datasets\salmaneunus\mechanical-tools-dataset\versions\20\Mechanical Tools Image dataset\Mechanical Tools Image dataset\Rope\000056.jpg,Rope,exito,2.1559559026968187,4.316374468823987,7.836875543522311,7.849115791220391,9.999999129924664,9.704202270428349,9.999999999467905
C:\Users\damba\.cache\kagglehub\datasets\salmaneunus\mechanical-tools-dataset\versions\20\Mechanical Tools Image dataset\Mechanical Tools Image dataset\Rope\000057.jpg,Rope,exito,2.8948660638675645,6.702131359581563,9.768710887294175,9.849977304498424,9.999999999996023,9.999971615636825,-9.999999999991205
C:\Users\damba\.cache\kagglehub\datasets\salmaneunus\mechanical-tools-dataset\versions\20\Mechanical Tools Image dataset\Mechanical Tools Image dataset\Rope\000058.jpg,Rope,exito,3.111586235719094,7.076173651980584,9.869475222192609,9.920469989773181,9.999999999997732,-9.999999483633,9.999999999999527
C:\Users\damba\.cache\kagglehub\datasets\salmaneunus\mechanical-tools-dataset\versions\20\Mechanical Tools Image dataset\Mechanical Tools Image dataset\Rope\000059.jpg,Rope,exito,2.8929657087080565,7.586524358289306,9.737792324262927,9.839582860589674,-9.99999999999225,-9.999991191572892,-9.999999999991088
C:\Users\damba\.cache\kagglehub\datasets\salmaneunus\mechanical-tools-dataset\versions\20\Mechanical Tools Image dataset\Mechanical Tools Image dataset\Rope\000060.jpg,Rope,exito,2.483119801034573,5.046638124707641,8.580641810437891,9.106935351626039,9.999999996507372,9.991608188257631,-9.999999998297064
C:\Users\damba\.cache\kagglehub\datasets\salmaneunus\mechanical-tools-dataset\versions\20\Mechanical Tools Image dataset\Mechanical Tools Image dataset\Rope\000061.jpg,Rope,exito,2.982917138733898,6.382348960251641,9.346422859267216,9.926552744686251,-9.99999999999865,-9.999974759760537,9.999999999993713
C:\Users\damba\.cache\kagglehub\datasets\salmaneunus\mechanical-tools-dataset\versions\20\Mechanical Tools Image dataset\Mechanical Tools Image dataset\Rope\000062.jpg,Rope,exito,2.941945047576295,7.437180935731814,9.82798701986473,9.926679420039374,-9.999999999998547,-9.99999814029283,-9.999999999998105
C:\Users\damba\.cache\kagglehub\datasets\salmaneunus\mechanical-tools-dataset\versions\20\Mechanical Tools Image dataset\Mechanical Tools Image dataset\Rope\000063.jpg,Rope,exito,3.0683058590263315,6.588514370298763,9.782227433521848,9.983524501602659,9.999999999999842,9.999994862347659,-9.999999999999785
C:\Users\damba\.cache\kagglehub\datasets\salmaneunus\mechanical-tools-dataset\versions\20\Mechanical Tools Image dataset\Mechanical Tools Image dataset\Rope\000064.jpg,Rope,exito,3.202614688880298,8.531665793542997,9.998582226152628,9.999998680426513,-10.0,-9.99999999997189,10.0
C:\Users\damba\.cache\kagglehub\datasets\salmaneunus\mechanical-tools-dataset\versions\20\Mechanical Tools Image dataset\Mechanical Tools Image dataset\Rope\000065.jpg,Rope,exito,3.060273448229856,7.671096934299369,9.999977103051458,9.997510276077433,10.0,-9.99999968031084,10.0
C:\Users\damba\.cache\kagglehub\datasets\salmaneunus\mechanical-tools-dataset\versions\20\Mechanical Tools Image dataset\Mechanical Tools Image dataset\Rope\000066.jpg,Rope,exito,2.8852250845200684,5.912354458554619,9.996151864202,9.994416783865406,9.999999999999995,9.999993851793004,9.999999999999998
C:\Users\damba\.cache\kagglehub\datasets\salmaneunus\mechanical-tools-dataset\versions\20\Mechanical Tools Image dataset\Mechanical Tools Image dataset\Rope\000067.jpg,Rope,exito,2.8395624487457014,7.5116783837337975,9.930338383160477,9.986695611133696,9.999999999999927,-9.99999829512534,9.999999999999932
C:\Users\damba\.cache\kagglehub\datasets\salmaneunus\mechanical-tools-dataset\versions\20\Mechanical Tools Image dataset\Mechanical Tools Image dataset\Rope\000068.jpg,Rope,exito,2.818265986429624,5.924422586773127,9.3514864295329,9.792745070652634,-9.99999999996552,9.999945535415566,-9.99999999998267
C:\Users\damba\.cache\kagglehub\datasets\salmaneunus\mechanical-tools-dataset\versions\20\Mechanical Tools Image dataset\Mechanical Tools Image dataset\Rope\000069.jpg,Rope,exito,3.0544152179838244,6.460881891478531,9.999919524730362,9.99999470912149,10.0,-9.999999998183718,-10.0
C:\Users\damba\.cache\kagglehub\datasets\salmaneunus\mechanical-tools-dataset\versions\20\Mechanical Tools Image dataset\Mechanical Tools Image dataset\Rope\000070.jpg,Rope,exito,3.175980223230533,7.849704329777662,9.998068710856339,9.999434377230651,-10.0,-9.999999933108217,10.0
C:\Users\damba\.cache\kagglehub\datasets\salmaneunus\mechanical-tools-dataset\versions\20\Mechanical Tools Image dataset\Mechanical Tools Image dataset\Rope\000071.jpg,Rope,exito,2.981579524579997,7.429553206667898,9.96867618486198,9.952465268979916,-9.999999999999586,-9.999999503459666,9.999999999999783
C:\Users\damba\.cache\kagglehub\datasets\salmaneunus\mechanical-tools-dataset\versions\20\Mechanical Tools Image dataset\Mechanical Tools Image dataset\Rope\000072.jpg,Rope,exito,3.006273917867273,8.365673860567037,9.987487793562845,9.994845235349285,9.999999999999991,9.999999674821836,9.999999999999995
C:\Users\damba\.cache\kagglehub\datasets\salmaneunus\mechanical-tools-dataset\versions\20\Mechanical Tools Image dataset\Mechanical Tools Image dataset\Rope\000073.jpg,Rope,exito,2.763965342906723,6.208520348628912,9.417229237124332,9.393668371669763,9.999999999867253,-9.999481076624253,-9.999999999636586
C:\Users\damba\.cache\kagglehub\datasets\salmaneunus\mechanical-tools-dataset\versions\20\Mechanical Tools Image dataset\Mechanical Tools Image dataset\Rope\000074.jpg,Rope,exito,3.1221401168542715,7.8526690180801655,9.862211105073055,9.999804019215885,10.0,9.999999984687854,10.0
C:\Users\damba\.cache\kagglehub\datasets\salmaneunus\mechanical-tools-dataset\versions\20\Mechanical Tools Image dataset\Mechanical Tools Image dataset\Rope\000075.jpg,Rope,exito,2.958467621966206,7.7361657910689265,9.519606760031209,9.998500916269158,9.999999999999995,-9.999999885118418,-9.99999999999999
C:\Users\damba\.cache\kagglehub\datasets\salmaneunus\mechanical-tools-dataset\versions\20\Mechanical Tools Image dataset\Mechanical Tools Image dataset\Rope\000076.jpg,Rope,exito,3.1978419533221216,7.991829541791037,9.995330440644507,9.99996314475109,-10.0,-9.999999997677838,-10.0
C:\Users\damba\.cache\kagglehub\datasets\salmaneunus\mechanical-tools-dataset\versions\20\Mechanical Tools Image dataset\Mechanical Tools Image dataset\Rope\000077.jpg,Rope,exito,2.953446232702511,6.090227266195142,9.982984581240181,9.994900577870354,9.99999999999999,9.99999574517521,9.999999999999996
C:\Users\damba\.cache\kagglehub\datasets\salmaneunus\mechanical-tools-dataset\versions\20\Mechanical Tools Image dataset\Mechanical Tools Image dataset\Rope\000078.jpg,Rope,exito,2.6980235041056786,6.640122550953513,8.191562845635746,9.307214843766525,-9.999999997318591,-9.9994221084237,9.999999999761533
C:\Users\damba\.cache\kagglehub\datasets\salmaneunus\mechanical-tools-dataset\versions\20\Mechanical Tools Image dataset\Mechanical Tools Image dataset\Rope\000079.jpg,Rope,exito,2.9389505776124754,6.046862905977608,9.889888364747934,9.98798946415978,-9.999999999999932,-9.999992160204087,-9.999999999999915
C:\Users\damba\.cache\kagglehub\datasets\salmaneunus\mechanical-tools-dataset\versions\20\Mechanical Tools Image dataset\Mechanical Tools Image dataset\Rope\000080.jpg,Rope,exito,2.9174458547985576,6.943337569636361,9.734438178474523,9.774064723727133,9.999999999977724,9.99990088247308,-9.999999999996968
C:\Users\damba\.cache\kagglehub\datasets\salmaneunus\mechanical-tools-dataset\versions\20\Mechanical Tools Image dataset\Mechanical Tools Image dataset\Rope\000081.jpg,Rope,exito,3.085507808574256,6.659367718028108,9.991249355978,9.999583159922855,-10.0,-9.999999967492602,-10.0
C:\Users\damba\.cache\kagglehub\datasets\salmaneunus\mechanical-tools-dataset\versions\20\Mechanical Tools Image dataset\Mechanical Tools Image dataset\Rope\000082.jpg,Rope,exito,2.6008214044802744,6.829634542333161,8.149898967726074,8.78354156907368,-9.999999983851461,9.998861518147958,9.999999984971026
C:\Users\damba\.cache\kagglehub\datasets\salmaneunus\mechanical-tools-dataset\versions\20\Mechanical Tools Image dataset\Mechanical Tools Image dataset\Rope\000083.jpg,Rope,exito,3.048610148717376,7.116564762420598,9.95602008282035,9.965839810694275,-9.99999999999973,-9.99999026165026,-9.999999999999806
C:\Users\damba\.cache\kagglehub\datasets\salmaneunus\mechanical-tools-dataset\versions\20\Mechanical Tools Image dataset\Mechanical Tools Image dataset\Rope\000084.jpg,Rope,exito,2.9603005188783955,6.394263536304166,9.987996905055864,9.996186399540806,-9.999999999999995,-9.99999756987003,9.999999999999996
C:\Users\damba\.cache\kagglehub\datasets\salmaneunus\mechanical-tools-dataset\versions\20\Mechanical Tools Image dataset\Mechanical Tools Image dataset\Rope\000085.jpg,Rope,exito,3.008426368735797,7.757380183458164,9.345410940541058,9.938165059410128,9.9999999999986,-9.999999077618492,-9.999999999995332
C:\Users\damba\.cache\kagglehub\datasets\salmaneunus\mechanical-tools-dataset\versions\20\Mechanical Tools Image dataset\Mechanical Tools Image dataset\Rope\000086.jpg,Rope,exito,3.1733308900180552,7.772136652704974,9.999667779825577,9.999655330969691,10.0,9.99999999763904,-10.0
C:\Users\damba\.cache\kagglehub\datasets\salmaneunus\mechanical-tools-dataset\versions\20\Mechanical Tools Image dataset\Mechanical Tools Image dataset\Rope\000087.jpg,Rope,exito,3.08004371812753,7.689100306880026,9.856386626076345,9.969863697404643,9.99999999999954,-9.99999665255958,-9.99999999999975
C:\Users\damba\.cache\kagglehub\datasets\salmaneunus\mechanical-tools-dataset\versions\20\Mechanical Tools Image dataset\Mechanical Tools Image dataset\Rope\000088.jpg,Rope,exito,3.03069173440406,6.951780860707047,9.986265459674495,9.999444019129603,-10.0,9.999999958772493,10.0
C:\Users\damba\.cache\kagglehub\datasets\salmaneunus\mechanical-tools-dataset\versions\20\Mechanical Tools Image dataset\Mechanical Tools Image dataset\Rope\000089.jpg,Rope,exito,3.0078862719196726,7.559582312888735,9.845904973366535,9.966552926357219,-9.999999999999401,-9.999995569954892,9.99999999999977
C:\Users\damba\.cache\kagglehub\datasets\salmaneunus\mechanical-tools-dataset\versions\20\Mechanical Tools Image dataset\Mechanical Tools Image dataset\Rope\000090.jpg,Rope,exito,3.076852747072336,8.32653544659371,9.992342296975774,9.999328265205072,-10.0,9.999999956092685,-10.0
C:\Users\damba\.cache\kagglehub\datasets\salmaneunus\mechanical-tools-dataset\versions\20\Mechanical Tools Image dataset\Mechanical Tools Image dataset\Rope\000091.jpg,Rope,exito,2.83181980929892,5.858462493470257,9.480674098275319,9.798940594487897,9.999999999970205,9.999705790739242,-9.999999999999915
C:\Users\damba\.cache\kagglehub\datasets\salmaneunus\mechanical-tools-dataset\versions\20\Mechanical Tools Image dataset\Mechanical Tools Image dataset\Rope\000092.jpg,Rope,exito,2.684336128360956,5.417162625939596,9.517538329348936,9.666204704485361,9.99999999992375,9.999135720137327,-9.999999999988486
C:\Users\damba\.cache\kagglehub\datasets\salmaneunus\mechanical-tools-dataset\versions\20\Mechanical Tools Image dataset\Mechanical Tools Image dataset\Rope\000093.jpg,Rope,exito,2.909952874728285,6.005467518108995,9.678935479089406,9.90267542878518,9.999999999994596,9.99989747493444,-9.999999999998124
C:\Users\damba\.cache\kagglehub\datasets\salmaneunus\mechanical-tools-dataset\versions\20\Mechanical Tools Image dataset\Mechanical Tools Image dataset\Rope\000094.jpg,Rope,exito,3.008365246877053,6.400688840791567,9.652033779810047,9.929265881814628,-9.999999999998685,-9.999973933737344,9.99999999999667
C:\Users\damba\.cache\kagglehub\datasets\salmaneunus\mechanical-tools-dataset\versions\20\Mechanical Tools Image dataset\Mechanical Tools Image dataset\Rope\000095.jpg,Rope,exito,2.9979503587062886,6.901122074603702,9.325718225759035,9.970632483029597,-9.999999999998629,-9.999996819621913,-9.999999999999277
C:\Users\damba\.cache\kagglehub\datasets\salmaneunus\mechanical-tools-dataset\versions\20\Mechanical Tools Image dataset\Mechanical Tools Image dataset\Rope\000096.jpg,Rope,exito,3.146558187894801,7.407602155386348,9.73524146765098,9.993527977148597,-9.999999999999927,-9.9999987431659,-9.999999999999988
C:\Users\damba\.cache\kagglehub\datasets\salmaneunus\mechanical-tools-dataset\versions\20\Mechanical Tools Image dataset\Mechanical Tools Image dataset\Rope\000097.jpg,Rope,exito,3.0663703848567194,6.467752061273261,9.987857141268295,9.997842704812513,9.999999999999998,9.999998995321821,-9.999999999999998
C:\Users\damba\.cache\kagglehub\datasets\salmaneunus\mechanical-tools-dataset\versions\20\Mechanical Tools Image dataset\Mechanical Tools Image dataset\Rope\000098.jpg,Rope,exito,3.1530499021463605,7.104974976631275,9.972784370665861,9.999552873733085,10.0,9.999999878498357,10.0
C:\Users\damba\.cache\kagglehub\datasets\salmaneunus\mechanical-tools-dataset\versions\20\Mechanical Tools Image dataset\Mechanical Tools Image dataset\Rope\000099.jpg,Rope,exito,2.6919130620810763,6.457934302914463,8.946391528772027,9.726926576255817,9.999999999933301,9.999949392953932,-9.99999999990728
C:\Users\damba\.cache\kagglehub\datasets\salmaneunus\mechanical-tools-dataset\versions\20\Mechanical Tools Image dataset\Mechanical Tools Image dataset\Rope\000100.jpg,Rope,exito,2.9240321134699827,7.42924090177604,9.800534499068652,9.997779123260663,9.999999999999998,9.999999734009462,-9.999999999999988
C:\Users\damba\.cache\kagglehub\datasets\salmaneunus\mechanical-tools-dataset\versions\20\Mechanical Tools Image dataset\Mechanical Tools Image dataset\Rope\000101.jpg,Rope,exito,2.7404923504197787,5.9166995576859645,8.742043302833354,8.981368964391583,9.99999999483218,9.99556220100394,-9.99999999934459
C:\Users\damba\.cache\kagglehub\datasets\salmaneunus\mechanical-tools-dataset\versions\20\Mechanical Tools Image dataset\Mechanical Tools Image dataset\Rope\000102.jpg,Rope,exito,2.96618495667789,7.007215405553239,9.575725075983701,9.900316527475914,9.999999999997444,-9.999970809237992,-9.999999999993136
C:\Users\damba\.cache\kagglehub\datasets\salmaneunus\mechanical-tools-dataset\versions\20\Mechanical Tools Image dataset\Mechanical Tools Image dataset\Rope\000103.jpg,Rope,exito,2.876495839099471,6.1388477616950405,9.921663197068982,9.997139483984634,-9.999999999999996,-9.999998174410795,-9.99999999999999
C:\Users\damba\.cache\kagglehub\datasets\salmaneunus\mechanical-tools-dataset\versions\20\Mechanical Tools Image dataset\Mechanical Tools Image dataset\Rope\000104.jpg,Rope,exito,2.1384071147928876,4.326767523586025,7.224308454817313,8.14704071705549,-9.999999380593096,-9.829720470136456,9.999999920768133
C:\Users\damba\.cache\kagglehub\datasets\salmaneunus\mechanical-tools-dataset\versions\20\Mechanical Tools Image dataset\Mechanical Tools Image dataset\Rope\000105.jpg,Rope,exito,3.1145271697552386,6.811695298751806,9.983114158469876,9.998083506578183,9.999999999999998,9.999999374004174,-10.0
C:\Users\damba\.cache\kagglehub\datasets\salmaneunus\mechanical-tools-dataset\versions\20\Mechanical Tools Image dataset\Mechanical Tools Image dataset\Rope\000106.jpg,Rope,exito,3.0733946630271305,7.122656661631376,9.77773065980143,9.98612446291544,-9.999999999999826,-9.999996136909335,-9.999999999999886
C:\Users\damba\.cache\kagglehub\datasets\salmaneunus\mechanical-tools-dataset\versions\20\Mechanical Tools Image dataset\Mechanical Tools Image dataset\Rope\000107.jpg,Rope,exito,3.0891220733678217,7.564360001355185,9.777094039854166,9.900917297505556,9.999999999995662,9.999982268459991,9.999999999998428
C:\Users\damba\.cache\kagglehub\datasets\salmaneunus\mechanical-tools-dataset\versions\20\Mechanical Tools Image dataset\Mechanical Tools Image dataset\Rope\000108.jpg,Rope,exito,2.700326851769388,5.463921990508086,9.997873177920763,9.999811633908507,10.0,-9.999999750075364,10.0
C:\Users\damba\.cache\kagglehub\datasets\salmaneunus\mechanical-tools-dataset\versions\20\Mechanical Tools Image dataset\Mechanical Tools Image dataset\Rope\000109.jpg,Rope,exito,2.6613658187220564,5.774732655106068,8.473297843410135,9.043457115727916,9.999999994375004,9.996918492322665,-9.99999999933951
C:\Users\damba\.cache\kagglehub\datasets\salmaneunus\mechanical-tools-dataset\versions\20\Mechanical Tools Image dataset\Mechanical Tools Image dataset\Rope\000110.jpg,Rope,exito,2.7061667928019233,5.9093593362624,8.887202713532334,8.929486099687756,9.999999994787308,9.994895906110257,-9.999999999017188
C:\Users\damba\.cache\kagglehub\datasets\salmaneunus\mechanical-tools-dataset\versions\20\Mechanical Tools Image dataset\Mechanical Tools Image dataset\Rope\000111.jpg,Rope,exito,3.132225628112991,7.082127579296817,9.973364877232868,9.998464761937065,9.999999999999998,9.999999764226501,9.999999999999998
C:\Users\damba\.cache\kagglehub\datasets\salmaneunus\mechanical-tools-dataset\versions\20\Mechanical Tools Image dataset\Mechanical Tools Image dataset\Rope\000112.jpg,Rope,exito,2.7162884559538867,5.603362044414352,8.386952051557758,8.530747423692423,9.999999958281181,9.980930012472788,-9.999999999921872
C:\Users\damba\.cache\kagglehub\datasets\salmaneunus\mechanical-tools-dataset\versions\20\Mechanical Tools Image dataset\Mechanical Tools Image dataset\Rope\000113.jpg,Rope,exito,2.9110541735769666,6.002972267105398,9.969518106808014,9.996630414024635,-9.999999999999993,-9.999997119515541,9.999999999999998
C:\Users\damba\.cache\kagglehub\datasets\salmaneunus\mechanical-tools-dataset\versions\20\Mechanical Tools Image dataset\Mechanical Tools Image dataset\Rope\000114.jpg,Rope,exito,2.4466141823895624,4.907851226071304,9.968402766118267,9.974607520107213,9.999999999999824,9.99991114972677,-9.999999999999995
C:\Users\damba\.cache\kagglehub\datasets\salmaneunus\mechanical-tools-dataset\versions\20\Mechanical Tools Image dataset\Mechanical Tools Image dataset\Rope\000115.jpg,Rope,exito,3.1895292965806448,7.72172946318805,9.992721237553278,9.999753210213262,-10.0,-9.99999999389751,-10.0
C:\Users\damba\.cache\kagglehub\datasets\salmaneunus\mechanical-tools-dataset\versions\20\Mechanical Tools Image dataset\Mechanical Tools Image dataset\Rope\000116.jpg,Rope,exito,2.4599161351070236,4.935473538665714,9.953620741579961,9.992966077107896,-9.999999999999996,-9.99998910418312,9.99999999999997
C:\Users\damba\.cache\kagglehub\datasets\salmaneunus\mechanical-tools-dataset\versions\20\Mechanical Tools Image dataset\Mechanical Tools Image dataset\Rope\000117.jpg,Rope,exito,3.186358161188551,8.099166999571544,9.921928245057803,9.999383283864127,10.0,-9.999999959378442,9.999999999999998
C:\Users\damba\.cache\kagglehub\datasets\salmaneunus\mechanical-tools-dataset\versions\20\Mechanical Tools Image dataset\Mechanical Tools Image dataset\Rope\000118.jpg,Rope,exito,2.441998182032225,5.192940277166014,8.690494042304774,9.240507355123562,9.99999999811031,9.995026296108927,-9.999999999413788
C:\Users\damba\.cache\kagglehub\datasets\salmaneunus\mechanical-tools-dataset\versions\20\Mechanical Tools Image dataset\Mechanical Tools Image dataset\Rope\000119.jpg,Rope,exito,2.9365367975593695,6.040704407739107,9.999547004483015,9.999939756446024,-10.0,-9.99999996181442,10.0
C:\Users\damba\.cache\kagglehub\datasets\salmaneunus\mechanical-tools-dataset\versions\20\Mechanical Tools Image dataset\Mechanical Tools Image dataset\Rope\000120.jpg,Rope,exito,3.0214947255587306,8.27019877026855,9.802821238826635,9.980997137906568,9.999999999999783,-9.999998684588304,-9.999999999999776
C:\Users\damba\.cache\kagglehub\datasets\salmaneunus\mechanical-tools-dataset\versions\20\Mechanical Tools Image dataset\Mechanical Tools Image dataset\Rope\000121.jpg,Rope,exito,3.1879042166150966,7.90015474095244,9.993960273522699,9.999785259541571,-10.0,9.999999976357891,10.0
C:\Users\damba\.cache\kagglehub\datasets\salmaneunus\mechanical-tools-dataset\versions\20\Mechanical Tools Image dataset\Mechanical Tools Image dataset\Rope\000122.jpg,Rope,exito,2.8595824947654758,7.461585188402654,8.841386262549157,9.726795507275844,9.999999999875488,9.999969252563472,-9.9999999999614
C:\Users\damba\.cache\kagglehub\datasets\salmaneunus\mechanical-tools-dataset\versions\20\Mechanical Tools Image dataset\Mechanical Tools Image dataset\Rope\000123.jpg,Rope,exito,3.1664846621626466,8.048109530563472,9.993681260245454,9.986799113697232,9.999999999999991,9.999998743377402,9.999999999999973
C:\Users\damba\.cache\kagglehub\datasets\salmaneunus\mechanical-tools-dataset\versions\20\Mechanical Tools Image dataset\Mechanical Tools Image dataset\Rope\000124.jpg,Rope,exito,2.974662100524486,6.197943553791041,9.816696793337593,9.962604059516094,9.999999999999476,9.999988757289744,-9.999999999999332
C:\Users\damba\.cache\kagglehub\datasets\salmaneunus\mechanical-tools-dataset\versions\20\Mechanical Tools Image dataset\Mechanical Tools Image dataset\Rope\000125.jpg,Rope,exito,2.8382076472844924,5.8161801763154255,9.99674547698963,9.999966157794008,-10.0,9.999999986684864,10.0
C:\Users\damba\.cache\kagglehub\datasets\salmaneunus\mechanical-tools-dataset\versions\20\Mechanical Tools Image dataset\Mechanical Tools Image dataset\Rope\000126.jpg,Rope,exito,2.806230391433443,6.894268468653298,8.496886690064548,9.246887412872333,-9.9999999999267,9.999278948117825,9.99999999757152
C:\Users\damba\.cache\kagglehub\datasets\salmaneunus\mechanical-tools-dataset\versions\20\Mechanical Tools Image dataset\Mechanical Tools Image dataset\Rope\000127.jpg,Rope,exito,2.80771975760369,5.7850638191574575,9.834426344366216,9.992103739354098,9.999999999999947,9.999991701259523,-9.999999999999948
C:\Users\damba\.cache\kagglehub\datasets\salmaneunus\mechanical-tools-dataset\versions\20\Mechanical Tools Image dataset\Mechanical Tools Image dataset\Rope\000128.jpg,Rope,exito,2.701675878691832,6.301837661038418,8.998797869365283,9.832220686223344,-9.99999999996452,-9.999907004632936,9.99999999997705
C:\Users\damba\.cache\kagglehub\datasets\salmaneunus\mechanical-tools-dataset\versions\20\Mechanical Tools Image dataset\Mechanical Tools Image dataset\Rope\000129.jpg,Rope,exito,2.885684593887993,6.612004836300553,9.602908745197738,9.672296122953732,9.99999999993729,9.999808516282432,-9.99999999998997
C:\Users\damba\.cache\kagglehub\datasets\salmaneunus\mechanical-tools-dataset\versions\20\Mechanical Tools Image dataset\Mechanical Tools Image dataset\Rope\000130.jpg,Rope,exito,2.671468579159011,5.514509421564961,8.680416167708145,9.587162502201743,-9.999999999729363,-9.998838359202189,-9.999999999723157
C:\Users\damba\.cache\kagglehub\datasets\salmaneunus\mechanical-tools-dataset\versions\20\Mechanical Tools Image dataset\Mechanical Tools Image dataset\Rope\000131.jpg,Rope,exito,3.1346972933122137,7.341565181854143,9.653752071435482,9.957258789752714,9.999999999998407,9.999990431188518,9.999999999999932
C:\Users\damba\.cache\kagglehub\datasets\salmaneunus\mechanical-tools-dataset\versions\20\Mechanical Tools Image dataset\Mechanical Tools Image dataset\Rope\000132.jpg,Rope,exito,2.8193724775564735,6.716071672662049,8.816883706069943,9.484432847413236,9.999999999454987,-9.99957325590384,-9.999999999857069
C:\Users\damba\.cache\kagglehub\datasets\salmaneunus\mechanical-tools-dataset\versions\20\Mechanical Tools Image dataset\Mechanical Tools Image dataset\Rope\000133.jpg,Rope,exito,3.1036672981826596,7.175828787940223,9.83828409931927,9.995715780695404,9.999999999999972,9.999999387829956,-9.999999999999995
C:\Users\damba\.cache\kagglehub\datasets\salmaneunus\mechanical-tools-dataset\versions\20\Mechanical Tools Image dataset\Mechanical Tools Image dataset\Rope\000134.jpg,Rope,exito,3.1163160446731073,6.992425716708504,9.963672912917566,9.994082659134426,9.999999999999991,9.999998681993944,9.99999999999998
C:\Users\damba\.cache\kagglehub\datasets\salmaneunus\mechanical-tools-dataset\versions\20\Mechanical Tools Image dataset\Mechanical Tools Image dataset\Rope\000135.jpg,Rope,exito,2.920740261645633,6.7327347315594395,9.858851932830369,9.954402690779382,9.999999999999787,9.99999546843629,-9.999999999999032
C:\Users\damba\.cache\kagglehub\datasets\salmaneunus\mechanical-tools-dataset\versions\20\Mechanical Tools Image dataset\Mechanical Tools Image dataset\Rope\000136.jpg,Rope,exito,2.953446232702511,6.090227266195142,9.982984581240181,9.994900577870354,9.99999999999999,9.99999574517521,9.999999999999996
C:\Users\damba\.cache\kagglehub\datasets\salmaneunus\mechanical-tools-dataset\versions\20\Mechanical Tools Image dataset\Mechanical Tools Image dataset\Rope\000137.jpg,Rope,exito,2.951591939139733,7.08302173739496,9.605062797156751,9.739097531235599,-9.999999999970191,9.999899251270884,9.999999999974055
C:\Users\damba\.cache\kagglehub\datasets\salmaneunus\mechanical-tools-dataset\versions\20\Mechanical Tools Image dataset\Mechanical Tools Image dataset\Rope\000138.jpg,Rope,exito,3.1623530139706943,7.949950658645145,9.995806252893056,9.99999341281588,-10.0,9.999999999449882,-10.0
C:\Users\damba\.cache\kagglehub\datasets\salmaneunus\mechanical-tools-dataset\versions\20\Mechanical Tools Image dataset\Mechanical Tools Image dataset\Rope\000139.jpg,Rope,exito,2.9618375297533674,6.3607538293474155,9.993045778221305,9.992812033011532,-9.999999999999988,-9.99999545175538,-9.999999999999996
C:\Users\damba\.cache\kagglehub\datasets\salmaneunus\mechanical-tools-dataset\versions\20\Mechanical Tools Image dataset\Mechanical Tools Image dataset\Rope\000140.jpg,Rope,exito,3.0005901030331787,6.2982026981797725,9.898896953812894,9.984261324425272,9.999999999999861,9.999988714377377,-9.999999999999924
C:\Users\damba\.cache\kagglehub\datasets\salmaneunus\mechanical-tools-dataset\versions\20\Mechanical Tools Image dataset\Mechanical Tools Image dataset\Rope\000141.jpg,Rope,exito,3.110005134978255,7.89491559461104,9.955875989145577,9.993848647793223,-9.999999999999975,-9.999999309702472,9.999999999999998
C:\Users\damba\.cache\kagglehub\datasets\salmaneunus\mechanical-tools-dataset\versions\20\Mechanical Tools Image dataset\Mechanical Tools Image dataset\Rope\000142.jpg,Rope,exito,3.1510021360921483,7.15621903175367,9.990369393589214,9.997511532468566,9.999999999999998,9.999999458505139,9.999999999999998
C:\Users\damba\.cache\kagglehub\datasets\salmaneunus\mechanical-tools-dataset\versions\20\Mechanical Tools Image dataset\Mechanical Tools Image dataset\Rope\000143.jpg,Rope,exito,2.567129917078616,5.160701410248112,9.988426289615644,9.998033623608997,10.0,-9.999998763376361,-9.999999999999998
C:\Users\damba\.cache\kagglehub\datasets\salmaneunus\mechanical-tools-dataset\versions\20\Mechanical Tools Image dataset\Mechanical Tools Image dataset\Rope\000144.jpg,Rope,exito,3.1333461218249927,8.314310167014911,9.985980902575816,9.982168030614861,9.999999999999932,-9.999998754857867,-9.999999999999996
C:\Users\damba\.cache\kagglehub\datasets\salmaneunus\mechanical-tools-dataset\versions\20\Mechanical Tools Image dataset\Mechanical Tools Image dataset\Rope\000145.jpg,Rope,exito,2.80175680197672,5.763145096899438,8.987828391077027,9.39380241679378,9.999999999342531,9.999028497272018,-9.999999999757367
C:\Users\damba\.cache\kagglehub\datasets\salmaneunus\mechanical-tools-dataset\versions\20\Mechanical Tools Image dataset\Mechanical Tools Image dataset\Rope\000146.jpg,Rope,exito,3.153183016324758,7.003853632772583,9.977009257845204,9.999151480525793,-10.0,-9.999999870032845,-10.0
C:\Users\damba\.cache\kagglehub\datasets\salmaneunus\mechanical-tools-dataset\versions\20\Mechanical Tools Image dataset\Mechanical Tools Image dataset\Rope\000147.jpg,Rope,exito,2.8352320128997714,5.935193987172779,8.930442064057889,9.606282527192711,-9.99999999974496,-9.99931024831557,9.99999999999302
C:\Users\damba\.cache\kagglehub\datasets\salmaneunus\mechanical-tools-dataset\versions\20\Mechanical Tools Image dataset\Mechanical Tools Image dataset\Rope\000148.jpg,Rope,exito,2.9367604681509967,6.812068206207423,9.899327548609133,9.943853018098661,9.999999999998957,9.999984292516226,9.999999999999547
C:\Users\damba\.cache\kagglehub\datasets\salmaneunus\mechanical-tools-dataset\versions\20\Mechanical Tools Image dataset\Mechanical Tools Image dataset\Rope\000149.jpg,Rope,exito,3.2026673295849233,8.601389672594792,9.999575307955652,9.999999628696182,10.0,9.999999999981819,-10.0
C:\Users\damba\.cache\kagglehub\datasets\salmaneunus\mechanical-tools-dataset\versions\20\Mechanical Tools Image dataset\Mechanical Tools Image dataset\Rope\000150.jpg,Rope,exito,2.802030477937582,6.0726756745093615,9.999468776567037,9.897112926681643,9.999999999999908,-9.99997513443265,9.999999999999812
C:\Users\damba\.cache\kagglehub\datasets\salmaneunus\mechanical-tools-dataset\versions\20\Mechanical Tools Image dataset\Mechanical Tools Image dataset\Rope\000151.jpg,Rope,exito,2.4402944274955174,5.717350151639054,7.348027750372525,9.051009088520898,9.999999979645107,9.995280718504793,-9.999999999144435
C:\Users\damba\.cache\kagglehub\datasets\salmaneunus\mechanical-tools-dataset\versions\20\Mechanical Tools Image dataset\Mechanical Tools Image dataset\Rope\000152.jpg,Rope,exito,2.929104170822195,8.150419700326134,9.92566363595454,9.90566576238526,9.99999999999824,-9.999998517068743,9.999999999998611
C:\Users\damba\.cache\kagglehub\datasets\salmaneunus\mechanical-tools-dataset\versions\20\Mechanical Tools Image dataset\Mechanical Tools Image dataset\Rope\000153.jpg,Rope,exito,2.742247483583633,6.497041410159089,9.4594939389177,9.910918838263626,-9.999999999998062,-9.999965810486746,-9.999999999992841
C:\Users\damba\.cache\kagglehub\datasets\salmaneunus\mechanical-tools-dataset\versions\20\Mechanical Tools Image dataset\Mechanical Tools Image dataset\Rope\000154.jpg,Rope,exito,3.0544152179838244,6.460881891478531,9.999919524730362,9.99999470912149,10.0,-9.999999998183718,-10.0
C:\Users\damba\.cache\kagglehub\datasets\salmaneunus\mechanical-tools-dataset\versions\20\Mechanical Tools Image dataset\Mechanical Tools Image dataset\Rope\000155.jpg,Rope,exito,3.18378309913108,7.8516463062168445,9.954737598744607,9.998368560638,-9.999999999999996,-9.99999985673483,10.0
C:\Users\damba\.cache\kagglehub\datasets\salmaneunus\mechanical-tools-dataset\versions\20\Mechanical Tools Image dataset\Mechanical Tools Image dataset\Rope\000156.jpg,Rope,exito,3.1599623309325233,8.03244566532876,9.96318893622382,9.999347207978946,-10.0,9.999999993388757,-10.0
C:\Users\damba\.cache\kagglehub\datasets\salmaneunus\mechanical-tools-dataset\versions\20\Mechanical Tools Image dataset\Mechanical Tools Image dataset\Rope\000157.jpg,Rope,exito,2.7596521006279606,5.606776607857173,9.597523230599881,9.795854901870575,9.999999999975957,9.999700950585293,-9.999999999993364
C:\Users\damba\.cache\kagglehub\datasets\salmaneunus\mechanical-tools-dataset\versions\20\Mechanical Tools Image dataset\Mechanical Tools Image dataset\Rope\000158.jpg,Rope,exito,3.114456259534255,6.915958009684545,9.912062702340283,9.99063933934815,9.999999999999947,9.999996820511642,-9.999999999999963
C:\Users\damba\.cache\kagglehub\datasets\salmaneunus\mechanical-tools-dataset\versions\20\Mechanical Tools Image dataset\Mechanical Tools Image dataset\Rope\000159.jpg,Rope,exito,3.0283389631118287,6.605439802194805,9.971274356424866,9.952290762405228,9.999999999999575,9.99998109852259,9.999999999999853
C:\Users\damba\.cache\kagglehub\datasets\salmaneunus\mechanical-tools-dataset\versions\20\Mechanical Tools Image dataset\Mechanical Tools Image dataset\Rope\000160.jpg,Rope,exito,3.1337585478805443,8.517581376040695,9.967994615858263,9.997410609686218,9.999999999999995,-9.999999892633715,9.999999999999998
C:\Users\damba\.cache\kagglehub\datasets\salmaneunus\mechanical-tools-dataset\versions\20\Mechanical Tools Image dataset\Mechanical Tools Image dataset\Rope\000161.jpg,Rope,exito,2.0211739058565734,4.054288069502739,7.33429065551565,7.556547399208825,9.99999574952839,9.484056486598961,-9.999999380905383
C:\Users\damba\.cache\kagglehub\datasets\salmaneunus\mechanical-tools-dataset\versions\20\Mechanical Tools Image dataset\Mechanical Tools Image dataset\Rope\000162.jpg,Rope,exito,3.0388981602504326,8.512836270955496,9.577552258727897,9.985275795725734,9.99999999999975,9.999999284153018,-9.999999999999746
C:\Users\damba\.cache\kagglehub\datasets\salmaneunus\mechanical-tools-dataset\versions\20\Mechanical Tools Image dataset\Mechanical Tools Image dataset\Rope\000163.jpg,Rope,exito,2.9213757115377157,6.002300031030518,9.65501385724086,9.787768761468511,9.99999999997616,9.99973121940167,9.99999999999795
C:\Users\damba\.cache\kagglehub\datasets\salmaneunus\mechanical-tools-dataset\versions\20\Mechanical Tools Image dataset\Mechanical Tools Image dataset\Rope\000164.jpg,Rope,exito,2.9238979231637936,6.237261643648133,9.48476572819574,9.994337940555669,-10.0,9.999995686631737,9.999999999999902
C:\Users\damba\.cache\kagglehub\datasets\salmaneunus\mechanical-tools-dataset\versions\20\Mechanical Tools Image dataset\Mechanical Tools Image dataset\Rope\000165.jpg,Rope,exito,3.0767202975755796,6.5725990700712575,9.957366747109646,9.9878327798547,9.999999999999941,9.999994533242472,9.999999999999968
C:\Users\damba\.cache\kagglehub\datasets\salmaneunus\mechanical-tools-dataset\versions\20\Mechanical Tools Image dataset\Mechanical Tools Image dataset\Rope\000166.jpg,Rope,exito,3.06897577618426,6.927347727860648,9.753426660025802,9.909147204601629,9.999999999995895,9.999999324527646,9.999999999998858
C:\Users\damba\.cache\kagglehub\datasets\salmaneunus\mechanical-tools-dataset\versions\20\Mechanical Tools Image dataset\Mechanical Tools Image dataset\Rope\000167.jpg,Rope,exito,2.9211439630365015,6.415487914205006,9.692995165518544,9.78777869303309,-9.999999999978034,-9.999853630685728,9.999999999998431
C:\Users\damba\.cache\kagglehub\datasets\salmaneunus\mechanical-tools-dataset\versions\20\Mechanical Tools Image dataset\Mechanical Tools Image dataset\Rope\000168.jpg,Rope,exito,3.1398847832928567,7.801032031514497,9.999287416148297,9.996631196770524,10.0,9.999999734401811,-9.999999999999998
C:\Users\damba\.cache\kagglehub\datasets\salmaneunus\mechanical-tools-dataset\versions\20\Mechanical Tools Image dataset\Mechanical Tools Image dataset\Rope\000169.jpg,Rope,exito,3.097462687177327,7.407919252650637,9.768290346659262,9.93659478022665,-9.99999999999787,-9.999988627520011,9.999999999999208
C:\Users\damba\.cache\kagglehub\datasets\salmaneunus\mechanical-tools-dataset\versions\20\Mechanical Tools Image dataset\Mechanical Tools Image dataset\Rope\000170.jpg,Rope,exito,2.1423818627228863,6.8875889848352845,6.911597370170743,7.61282916343162,-9.999994250175178,-9.967651584473835,-9.999999812622795
C:\Users\damba\.cache\kagglehub\datasets\salmaneunus\mechanical-tools-dataset\versions\20\Mechanical Tools Image dataset\Mechanical Tools Image dataset\Rope\000171.jpg,Rope,exito,3.1736706537188524,8.009983980939989,9.998274292001103,9.999624964479052,10.0,9.999999986871456,10.0
C:\Users\damba\.cache\kagglehub\datasets\salmaneunus\mechanical-tools-dataset\versions\20\Mechanical Tools Image dataset\Mechanical Tools Image dataset\Rope\000172.jpg,Rope,exito,2.848898246420245,6.117376261044128,9.532271150632909,9.336093022545544,9.999999999716096,9.998687385276535,-9.999999999697538
C:\Users\damba\.cache\kagglehub\datasets\salmaneunus\mechanical-tools-dataset\versions\20\Mechanical Tools Image dataset\Mechanical Tools Image dataset\Rope\000173.jpg,Rope,exito,2.9190538019027588,7.385258084216951,9.969057435799725,9.947859801150582,-9.999999999999918,-9.999998311087358,-9.999999999999469
C:\Users\damba\.cache\kagglehub\datasets\salmaneunus\mechanical-tools-dataset\versions\20\Mechanical Tools Image dataset\Mechanical Tools Image dataset\Rope\000174.jpg,Rope,exito,3.0559859632215014,8.631761874623281,9.985830574472569,9.97947438603298,-9.999999999999922,-9.999999008379909,9.99999999999997
C:\Users\damba\.cache\kagglehub\datasets\salmaneunus\mechanical-tools-dataset\versions\20\Mechanical Tools Image dataset\Mechanical Tools Image dataset\Rope\000175.jpg,Rope,exito,3.126396926093284,7.5800944491322495,9.999422814194661,9.998798077778206,10.0,-9.999999861957697,10.0
C:\Users\damba\.cache\kagglehub\datasets\salmaneunus\mechanical-tools-dataset\versions\20\Mechanical Tools Image dataset\Mechanical Tools Image dataset\Rope\000176.jpg,Rope,exito,3.0955631735348224,7.416390494520723,9.948104074741886,9.975115501371057,-9.999999999999885,-9.999999899994439,-9.99999999999981
C:\Users\damba\.cache\kagglehub\datasets\salmaneunus\mechanical-tools-dataset\versions\20\Mechanical Tools Image dataset\Mechanical Tools Image dataset\Rope\000177.jpg,Rope,exito,2.7627536254330387,6.876491038888183,9.300742088596975,9.91472054207595,-9.999999999991436,9.999998441999512,9.999999999998055
C:\Users\damba\.cache\kagglehub\datasets\salmaneunus\mechanical-tools-dataset\versions\20\Mechanical Tools Image dataset\Mechanical Tools Image dataset\Rope\000178.jpg,Rope,exito,3.0391607608964577,8.535941875498164,9.943152573678327,9.954623417963393,-9.999999999999478,-9.999998769841682,9.99999999999972
C:\Users\damba\.cache\kagglehub\datasets\salmaneunus\mechanical-tools-dataset\versions\20\Mechanical Tools Image dataset\Mechanical Tools Image dataset\Rope\000179.jpg,Rope,exito,3.046265061361438,7.715600234818845,9.823571480040751,9.979695908701931,9.999999999999678,9.99999740444749,-9.999999999999973
C:\Users\damba\.cache\kagglehub\datasets\salmaneunus\mechanical-tools-dataset\versions\20\Mechanical Tools Image dataset\Mechanical Tools Image dataset\Rope\000180.jpg,Rope,exito,3.1696240457271467,7.233328291584274,9.970505338735721,9.999137854551428,9.999999999999998,9.999999791579876,10.0
C:\Users\damba\.cache\kagglehub\datasets\salmaneunus\mechanical-tools-dataset\versions\20\Mechanical Tools Image dataset\Mechanical Tools Image dataset\Rope\000181.jpg,Rope,exito,3.0850468070747405,6.815361671239694,9.996016166880157,9.999158901685657,10.0,9.999999693527059,10.0
C:\Users\damba\.cache\kagglehub\datasets\salmaneunus\mechanical-tools-dataset\versions\20\Mechanical Tools Image dataset\Mechanical Tools Image dataset\Rope\000182.jpg,Rope,exito,2.5934874871957825,6.9234212182562,9.698533066484908,9.231492868402157,-9.99999999998342,-9.999522209769687,-9.999999999533337
C:\Users\damba\.cache\kagglehub\datasets\salmaneunus\mechanical-tools-dataset\versions\20\Mechanical Tools Image dataset\Mechanical Tools Image dataset\Rope\000183.jpg,Rope,exito,2.963361581603766,8.423173206413168,9.982060767418881,9.99131312379912,-9.99999999999999,9.99999971155026,9.999999999999977
C:\Users\damba\.cache\kagglehub\datasets\salmaneunus\mechanical-tools-dataset\versions\20\Mechanical Tools Image dataset\Mechanical Tools Image dataset\Rope\000184.jpg,Rope,exito,2.9981856019151203,6.24215414993768,9.93952463983062,9.985768589998012,9.9999999999999,9.999989847574854,-9.999999999999979
C:\Users\damba\.cache\kagglehub\datasets\salmaneunus\mechanical-tools-dataset\versions\20\Mechanical Tools Image dataset\Mechanical Tools Image dataset\Rope\000185.jpg,Rope,exito,3.09911831514635,6.7763777734570345,9.945336363086431,9.995691591674014,-9.999999999999996,-9.999999932301824,9.999999999999984
C:\Users\damba\.cache\kagglehub\datasets\salmaneunus\mechanical-tools-dataset\versions\20\Mechanical Tools Image dataset\Mechanical Tools Image dataset\Rope\000186.jpg,Rope,exito,3.0471195444118266,7.829116900252149,9.98224433161304,9.98289577583478,9.999999999999996,9.999999147131776,-9.999999999999929
C:\Users\damba\.cache\kagglehub\datasets\salmaneunus\mechanical-tools-dataset\versions\20\Mechanical Tools Image dataset\Mechanical Tools Image dataset\Rope\000187.jpg,Rope,exito,3.1283108082708844,7.288723149326072,9.988282161889693,9.999704340884099,10.0,9.999999982522425,10.0
C:\Users\damba\.cache\kagglehub\datasets\salmaneunus\mechanical-tools-dataset\versions\20\Mechanical Tools Image dataset\Mechanical Tools Image dataset\Rope\000188.jpg,Rope,exito,2.8634680153081513,7.1034420023255525,9.923751800430159,9.970807116091233,9.999999999999705,-9.999992391314176,-9.999999999999815
C:\Users\damba\.cache\kagglehub\datasets\salmaneunus\mechanical-tools-dataset\versions\20\Mechanical Tools Image dataset\Mechanical Tools Image dataset\Rope\000189.jpg,Rope,exito,3.0837166201928645,8.542449187531911,9.992175633740953,9.980737039062946,-9.999999999999945,-9.999999276526026,-9.999999999999991
C:\Users\damba\.cache\kagglehub\datasets\salmaneunus\mechanical-tools-dataset\versions\20\Mechanical Tools Image dataset\Mechanical Tools Image dataset\Rope\000190.jpg,Rope,exito,2.842627338505557,6.807509900804011,9.675353397144049,9.551484667591776,-9.999999999903524,9.999807816601512,-9.99999999994431
C:\Users\damba\.cache\kagglehub\datasets\salmaneunus\mechanical-tools-dataset\versions\20\Mechanical Tools Image dataset\Mechanical Tools Image dataset\Rope\000191.jpg,Rope,exito,3.158663775546022,8.153536423854593,9.819380771476684,9.992344757995072,9.99999999999993,-9.999999469916359,-9.999999999999972
C:\Users\damba\.cache\kagglehub\datasets\salmaneunus\mechanical-tools-dataset\versions\20\Mechanical Tools Image dataset\Mechanical Tools Image dataset\Rope\000192.jpg,Rope,exito,2.7071759588420616,5.466191541471385,9.980180688887366,9.99458706882278,9.99999999999999,9.999996113575921,9.999999999999991
C:\Users\damba\.cache\kagglehub\datasets\salmaneunus\mechanical-tools-dataset\versions\20\Mechanical Tools Image dataset\Mechanical Tools Image dataset\Rope\000193.jpg,Rope,exito,2.830005962134905,6.219320230039535,9.220213293287609,9.924723037094822,-9.999999999994676,-9.99997256689479,9.99999999999401
C:\Users\damba\.cache\kagglehub\datasets\salmaneunus\mechanical-tools-dataset\versions\20\Mechanical Tools Image dataset\Mechanical Tools Image dataset\Rope\000194.jpg,Rope,exito,2.7464088517779373,6.9192616602813,9.148614971338208,9.433100884152473,-9.999999999868473,-9.99959514385,-9.999999999545622
C:\Users\damba\.cache\kagglehub\datasets\salmaneunus\mechanical-tools-dataset\versions\20\Mechanical Tools Image dataset\Mechanical Tools Image dataset\Rope\000195.jpg,Rope,exito,2.310572216257493,4.732772171728678,7.712400390279381,8.552134541248035,-9.99999998512968,-9.975858399262776,9.999999916472026
C:\Users\damba\.cache\kagglehub\datasets\salmaneunus\mechanical-tools-dataset\versions\20\Mechanical Tools Image dataset\Mechanical Tools Image dataset\Rope\000196.jpg,Rope,exito,3.160751128052328,8.02563374289341,9.969301624487768,9.990745697437694,-9.99999999999997,9.999999105964383,-9.999999999999979
C:\Users\damba\.cache\kagglehub\datasets\salmaneunus\mechanical-tools-dataset\versions\20\Mechanical Tools Image dataset\Mechanical Tools Image dataset\Rope\000197.jpg,Rope,exito,2.9350143539088442,6.168668661955455,9.63392195496354,9.952882703803471,9.999999999998638,9.999985225820907,9.999999999998622
C:\Users\damba\.cache\kagglehub\datasets\salmaneunus\mechanical-tools-dataset\versions\20\Mechanical Tools Image dataset\Mechanical Tools Image dataset\Rope\000198.jpg,Rope,exito,3.0865746637364806,7.314060121369969,9.985252244881485,9.976646866226405,-9.9999999999999,-9.99999589023594,-9.999999999999968
C:\Users\damba\.cache\kagglehub\datasets\salmaneunus\mechanical-tools-dataset\versions\20\Mechanical Tools Image dataset\Mechanical Tools Image dataset\Rope\000199.jpg,Rope,exito,2.9279988098596266,6.451486783760446,9.380015711520143,9.448012045490069,9.999999999808063,9.99934953859985,-9.999999999747128
C:\Users\damba\.cache\kagglehub\datasets\salmaneunus\mechanical-tools-dataset\versions\20\Mechanical Tools Image dataset\Mechanical Tools Image dataset\Rope\000200.jpg,Rope,exito,3.112905867803046,8.901247054803166,9.999954657112093,9.998886071175177,-10.0,-9.999999962225349,-10.0
C:\Users\damba\.cache\kagglehub\datasets\salmaneunus\mechanical-tools-dataset\versions\20\Mechanical Tools Image dataset\Mechanical Tools Image dataset\Rope\000201.jpg,Rope,exito,2.758722255804619,6.273108789918977,9.316237546543528,9.716126351384984,-9.999999999928079,-9.999726682025909,9.999999999977726
C:\Users\damba\.cache\kagglehub\datasets\salmaneunus\mechanical-tools-dataset\versions\20\Mechanical Tools Image dataset\Mechanical Tools Image dataset\Rope\000202.jpg,Rope,exito,3.1136136416408626,7.012427955931157,9.945425045115064,9.999619464269427,10.0,9.999999935315161,10.0
C:\Users\damba\.cache\kagglehub\datasets\salmaneunus\mechanical-tools-dataset\versions\20\Mechanical Tools Image dataset\Mechanical Tools Image dataset\Rope\000203.jpg,Rope,exito,2.936238420331112,6.752259570701835,9.515263985475524,9.496616178301696,9.99999999989231,9.999601031336613,-9.999999999829972
C:\Users\damba\.cache\kagglehub\datasets\salmaneunus\mechanical-tools-dataset\versions\20\Mechanical Tools Image dataset\Mechanical Tools Image dataset\Rope\000204.jpg,Rope,exito,3.045272546082705,7.255990978777046,9.935447338815695,9.987646662752582,9.999999999999934,-9.999998911413739,9.999999999999947
C:\Users\damba\.cache\kagglehub\datasets\salmaneunus\mechanical-tools-dataset\versions\20\Mechanical Tools Image dataset\Mechanical Tools Image dataset\Rope\000205.jpg,Rope,exito,2.8050704607023227,6.411132689103408,8.863466421216126,9.664771232790661,-9.999999999811834,-9.999700592508901,9.999999999951628
C:\Users\damba\.cache\kagglehub\datasets\salmaneunus\mechanical-tools-dataset\versions\20\Mechanical Tools Image dataset\Mechanical Tools Image dataset\Rope\000206.jpg,Rope,exito,3.0437278764847027,6.451701916692598,9.858095686992714,9.972972373328334,9.999999999999563,9.99998344562875,9.999999999999964
C:\Users\damba\.cache\kagglehub\datasets\salmaneunus\mechanical-tools-dataset\versions\20\Mechanical Tools Image dataset\Mechanical Tools Image dataset\Rope\000207.jpg,Rope,exito,2.966525979094242,7.307375725327968,9.481092975569629,9.878735457049986,9.999999999989184,-9.999971502678868,9.999999999994694
C:\Users\damba\.cache\kagglehub\datasets\salmaneunus\mechanical-tools-dataset\versions\20\Mechanical Tools Image dataset\Mechanical Tools Image dataset\Rope\000208.jpg,Rope,exito,2.4437951481087157,6.672300667517512,9.965256424043682,9.982658502732594,9.999999999999996,9.999992221629684,9.999999999999897
C:\Users\damba\.cache\kagglehub\datasets\salmaneunus\mechanical-tools-dataset\versions\20\Mechanical Tools Image dataset\Mechanical Tools Image dataset\Rope\000209.jpg,Rope,exito,3.1014126730921796,8.136430155367215,9.954649025796801,9.983008254773884,-9.999999999999934,-9.999998686135879,9.999999999999906
C:\Users\damba\.cache\kagglehub\datasets\salmaneunus\mechanical-tools-dataset\versions\20\Mechanical Tools Image dataset\Mechanical Tools Image dataset\Rope\000210.jpg,Rope,exito,2.894695790119485,5.943132277440369,9.981471650681383,9.99882155899349,-9.999999999999998,-9.999998767931103,-10.0
C:\Users\damba\.cache\kagglehub\datasets\salmaneunus\mechanical-tools-dataset\versions\20\Mechanical Tools Image dataset\Mechanical Tools Image dataset\Rope\000211.jpg,Rope,exito,3.200968284339884,9.461634833613111,9.999015765377651,9.999994793772862,10.0,9.999999999924533,10.0
C:\Users\damba\.cache\kagglehub\datasets\salmaneunus\mechanical-tools-dataset\versions\20\Mechanical Tools Image dataset\Mechanical Tools Image dataset\Rope\000212.jpg,Rope,exito,2.8328933058574117,5.831563780961619,9.732165439223444,9.901871202723036,9.99999999999491,9.999867847789567,9.999999999999448
C:\Users\damba\.cache\kagglehub\datasets\salmaneunus\mechanical-tools-dataset\versions\20\Mechanical Tools Image dataset\Mechanical Tools Image dataset\Rope\000213.jpg,Rope,exito,2.955487034243624,6.093134607357121,9.85398232925212,9.926777675448832,9.999999999997849,9.999929469985643,9.999999999999796
C:\Users\damba\.cache\kagglehub\datasets\salmaneunus\mechanical-tools-dataset\versions\20\Mechanical Tools Image dataset\Mechanical Tools Image dataset\Rope\000214.jpg,Rope,exito,2.846292134276026,8.491815092928892,9.98841273003181,9.887492688681355,9.999999999999806,9.99999801225811,9.999999999998868
C:\Users\damba\.cache\kagglehub\datasets\salmaneunus\mechanical-tools-dataset\versions\20\Mechanical Tools Image dataset\Mechanical Tools Image dataset\Rope\000215.jpg,Rope,exito,3.0541749763333956,6.8398670420685574,9.379543053349696,9.913236442322443,9.9999999999969,9.999996241453886,9.999999999992577
C:\Users\damba\.cache\kagglehub\datasets\salmaneunus\mechanical-tools-dataset\versions\20\Mechanical Tools Image dataset\Mechanical Tools Image dataset\Rope\000216.jpg,Rope,exito,3.0901740897553633,6.572559417967239,9.985892129100687,9.999113220801286,-10.0,-9.999999632826274,10.0
C:\Users\damba\.cache\kagglehub\datasets\salmaneunus\mechanical-tools-dataset\versions\20\Mechanical Tools Image dataset\Mechanical Tools Image dataset\Rope\000217.jpg,Rope,exito,3.058544666579654,6.4410759372195825,9.98685809002033,9.998369466583757,10.0,9.999999831491298,-9.999999999999998
C:\Users\damba\.cache\kagglehub\datasets\salmaneunus\mechanical-tools-dataset\versions\20\Mechanical Tools Image dataset\Mechanical Tools Image dataset\Rope\000218.jpg,Rope,exito,3.085412864862121,7.204185588631063,9.642944161649325,9.944269303924857,-9.999999999998465,-9.999989162182091,9.999999999998046
C:\Users\damba\.cache\kagglehub\datasets\salmaneunus\mechanical-tools-dataset\versions\20\Mechanical Tools Image dataset\Mechanical Tools Image dataset\Rope\000219.jpg,Rope,exito,2.9087503072852594,7.5980837878475205,9.903427035199869,9.918607071650385,-9.99999999999903,-9.999986172604387,-9.999999999998218
C:\Users\damba\.cache\kagglehub\datasets\salmaneunus\mechanical-tools-dataset\versions\20\Mechanical Tools Image dataset\Mechanical Tools Image dataset\Rope\000220.jpg,Rope,exito,2.405574602076296,4.82549640933036,9.34667276726881,9.37966053416883,9.99999999954093,9.994709674650098,9.999999999998009
C:\Users\damba\.cache\kagglehub\datasets\salmaneunus\mechanical-tools-dataset\versions\20\Mechanical Tools Image dataset\Mechanical Tools Image dataset\Rope\000221.jpg,Rope,exito,2.990545671640114,7.167113770862572,9.426212970794765,9.659599346349932,-9.999999999967173,-9.999962558126139,9.999999999912527
C:\Users\damba\.cache\kagglehub\datasets\salmaneunus\mechanical-tools-dataset\versions\20\Mechanical Tools Image dataset\Mechanical Tools Image dataset\Rope\000222.jpg,Rope,exito,3.1416630574081195,7.889166921319597,9.947020260319825,9.992380687875887,9.999999999999966,-9.999999945092604,-9.999999999999984
C:\Users\damba\.cache\kagglehub\datasets\salmaneunus\mechanical-tools-dataset\versions\20\Mechanical Tools Image dataset\Mechanical Tools Image dataset\Rope\000223.jpg,Rope,exito,3.2010866265300795,9.228594215853695,9.990270807365253,9.999971449899169,10.0,9.999999999743176,-10.0
C:\Users\damba\.cache\kagglehub\datasets\salmaneunus\mechanical-tools-dataset\versions\20\Mechanical Tools Image dataset\Mechanical Tools Image dataset\Rope\000224.jpg,Rope,exito,2.3941949006417693,4.79975238364291,9.96217085675966,9.96468530492727,9.999999999999677,9.999854197626162,-9.999999999999998
C:\Users\damba\.cache\kagglehub\datasets\salmaneunus\mechanical-tools-dataset\versions\20\Mechanical Tools Image dataset\Mechanical Tools Image dataset\Rope\000225.jpg,Rope,exito,2.8387712951730397,8.367278587575795,8.886288137123882,9.720133321559361,9.999999999898282,9.999979027468498,9.999999999919918
C:\Users\damba\.cache\kagglehub\datasets\salmaneunus\mechanical-tools-dataset\versions\20\Mechanical Tools Image dataset\Mechanical Tools Image dataset\Rope\000226.jpg,Rope,exito,2.7984834527571594,5.728584400486674,9.990423954201804,9.990526739737819,9.999999999999993,9.999989350426112,-9.99999999999998
C:\Users\damba\.cache\kagglehub\datasets\salmaneunus\mechanical-tools-dataset\versions\20\Mechanical Tools Image dataset\Mechanical Tools Image dataset\Rope\000227.jpg,Rope,exito,2.937838445437461,6.730484929808751,9.925173484658005,9.980601211310528,-9.999999999999817,9.999991446880237,9.999999999999986
C:\Users\damba\.cache\kagglehub\datasets\salmaneunus\mechanical-tools-dataset\versions\20\Mechanical Tools Image dataset\Mechanical Tools Image dataset\Rope\000228.jpg,Rope,exito,2.8932861742366724,6.896606043053858,9.786522265881576,9.908491043505444,9.999999999998211,-9.999981787934535,-9.999999999996499
C:\Users\damba\.cache\kagglehub\datasets\salmaneunus\mechanical-tools-dataset\versions\20\Mechanical Tools Image dataset\Mechanical Tools Image dataset\Rope\000229.jpg,Rope,exito,3.0965595835916333,7.317424859156245,9.846268934178848,9.973715162370286,-9.999999999999737,-9.999995664862634,-9.999999999999647
C:\Users\damba\.cache\kagglehub\datasets\salmaneunus\mechanical-tools-dataset\versions\20\Mechanical Tools Image dataset\Mechanical Tools Image dataset\Rope\000230.jpg,Rope,exito,2.9960958886607143,6.452109909885727,9.714752108320802,9.939452589073351,9.99999999999814,9.999981149302553,-9.99999999999845
C:\Users\damba\.cache\kagglehub\datasets\salmaneunus\mechanical-tools-dataset\versions\20\Mechanical Tools Image dataset\Mechanical Tools Image dataset\Rope\000231.jpg,Rope,exito,2.9932906568076842,8.375898118298924,9.977308350226007,9.90230865385649,-9.999999999999334,9.999995590324296,9.999999999998915
C:\Users\damba\.cache\kagglehub\datasets\salmaneunus\mechanical-tools-dataset\versions\20\Mechanical Tools Image dataset\Mechanical Tools Image dataset\Rope\000232.jpg,Rope,exito,3.0772102668939287,6.573814595006087,9.823537413307868,9.961558015482131,9.999999999999158,9.99997954821893,9.9999999999998
C:\Users\damba\.cache\kagglehub\datasets\salmaneunus\mechanical-tools-dataset\versions\20\Mechanical Tools Image dataset\Mechanical Tools Image dataset\Rope\000233.jpg,Rope,exito,3.105486585361829,7.415439586020486,9.874030540401147,9.979518813905415,-9.999999999999735,-9.999996318046264,9.999999999999961
C:\Users\damba\.cache\kagglehub\datasets\salmaneunus\mechanical-tools-dataset\versions\20\Mechanical Tools Image dataset\Mechanical Tools Image dataset\Rope\000234.jpg,Rope,exito,2.5251197707828474,5.245336658317422,9.25195585692665,9.838414015455006,-9.999999999974166,-9.99954652258287,9.99999999998874
C:\Users\damba\.cache\kagglehub\datasets\salmaneunus\mechanical-tools-dataset\versions\20\Mechanical Tools Image dataset\Mechanical Tools Image dataset\Rope\000235.jpg,Rope,exito,3.0347454694825835,8.446926681128641,9.928325782856495,9.891664454495018,9.999999999997225,-9.999994666303355,9.999999999999957
C:\Users\damba\.cache\kagglehub\datasets\salmaneunus\mechanical-tools-dataset\versions\20\Mechanical Tools Image dataset\Mechanical Tools Image dataset\Rope\000236.jpg,Rope,exito,2.9951702186217,7.958394236231346,9.950637843509591,9.983421129568361,-9.999999999999948,-9.999998403158102,-9.999999999999897
C:\Users\damba\.cache\kagglehub\datasets\salmaneunus\mechanical-tools-dataset\versions\20\Mechanical Tools Image dataset\Mechanical Tools Image dataset\Rope\000237.jpg,Rope,exito,3.1279313807927083,7.789752211472255,9.917277969833155,9.960688484196794,9.999999999999517,9.999998396274494,-9.999999999999678
C:\Users\damba\.cache\kagglehub\datasets\salmaneunus\mechanical-tools-dataset\versions\20\Mechanical Tools Image dataset\Mechanical Tools Image dataset\Rope\000238.jpg,Rope,exito,2.7602175296668783,6.346822327448832,9.100992009751332,9.629538645071328,9.999999999982817,9.999636570251642,9.999999999822215
C:\Users\damba\.cache\kagglehub\datasets\salmaneunus\mechanical-tools-dataset\versions\20\Mechanical Tools Image dataset\Mechanical Tools Image dataset\Rope\000239.jpg,Rope,exito,3.0724633737227944,6.501983012759986,9.98285366335882,9.995944005402208,9.999999999999993,9.999997732965062,10.0
C:\Users\damba\.cache\kagglehub\datasets\salmaneunus\mechanical-tools-dataset\versions\20\Mechanical Tools Image dataset\Mechanical Tools Image dataset\Rope\000240.jpg,Rope,exito,3.057636313505829,6.790899524241656,9.586823890595223,9.833181558686842,9.999999999983928,9.999933669669677,-9.99999999999296
C:\Users\damba\.cache\kagglehub\datasets\salmaneunus\mechanical-tools-dataset\versions\20\Mechanical Tools Image dataset\Mechanical Tools Image dataset\Rope\000241.jpg,Rope,exito,3.0570733769904566,8.675351202856326,9.954228748817327,9.970803895100957,9.999999999999737,-9.99999874862237,9.999999999999961
C:\Users\damba\.cache\kagglehub\datasets\salmaneunus\mechanical-tools-dataset\versions\20\Mechanical Tools Image dataset\Mechanical Tools Image dataset\Rope\000242.jpg,Rope,exito,3.0846044099801677,6.977205630224665,9.545620263994445,9.995598963256825,9.999999999999996,-9.999999359329312,9.99999999999994
C:\Users\damba\.cache\kagglehub\datasets\salmaneunus\mechanical-tools-dataset\versions\20\Mechanical Tools Image dataset\Mechanical Tools Image dataset\Rope\000243.jpg,Rope,exito,2.8082408977955864,7.153432664846159,9.833692727193393,9.9065994027811,9.999999999997641,9.99997843896492,9.999999999997433
C:\Users\damba\.cache\kagglehub\datasets\salmaneunus\mechanical-tools-dataset\versions\20\Mechanical Tools Image dataset\Mechanical Tools Image dataset\Rope\000244.jpg,Rope,exito,2.666580760861985,5.57880682550075,8.857874154064259,9.911758099101817,9.999999999985342,9.999889387473836,9.999999999992077
C:\Users\damba\.cache\kagglehub\datasets\salmaneunus\mechanical-tools-dataset\versions\20\Mechanical Tools Image dataset\Mechanical Tools Image dataset\Rope\000245.jpg,Rope,exito,2.4904178492340887,6.311339528157996,8.228062440693131,9.87880413644723,9.999999999960473,9.999923094445592,-9.999999999954223
C:\Users\damba\.cache\kagglehub\datasets\salmaneunus\mechanical-tools-dataset\versions\20\Mechanical Tools Image dataset\Mechanical Tools Image dataset\Rope\000246.jpg,Rope,exito,2.953839160141606,6.7140243929683,9.625188359487149,9.974196868577442,9.999999999999279,9.99999577733985,9.999999999999728
C:\Users\damba\.cache\kagglehub\datasets\salmaneunus\mechanical-tools-dataset\versions\20\Mechanical Tools Image dataset\Mechanical Tools Image dataset\Rope\000247.jpg,Rope,exito,3.069725942910997,7.755621690786056,9.873773474276202,9.982497986638656,-9.999999999999883,9.999998882107027,9.999999999999826
C:\Users\damba\.cache\kagglehub\datasets\salmaneunus\mechanical-tools-dataset\versions\20\Mechanical Tools Image dataset\Mechanical Tools Image dataset\Rope\000248.jpg,Rope,exito,3.061848745697115,7.384166426306842,9.748117778596308,9.996881066090213,9.999999999999982,9.999999364744692,-9.999999999999984
C:\Users\damba\.cache\kagglehub\datasets\salmaneunus\mechanical-tools-dataset\versions\20\Mechanical Tools Image dataset\Mechanical Tools Image dataset\Rope\000249.jpg,Rope,exito,2.9644681637990438,7.392961697277784,9.836604321547027,9.99888424093583,9.999999999999996,9.999999997708091,9.999999999999998
C:\Users\damba\.cache\kagglehub\datasets\salmaneunus\mechanical-tools-dataset\versions\20\Mechanical Tools Image dataset\Mechanical Tools Image dataset\Rope\000250.jpg,Rope,exito,1.6631816518144547,3.3279403832568772,7.59625837923387,7.807625315952458,9.999998684008112,9.430582775287425,9.999999822660486
C:\Users\damba\.cache\kagglehub\datasets\salmaneunus\mechanical-tools-dataset\versions\20\Mechanical Tools Image dataset\Mechanical Tools Image dataset\Rope\000251.jpg,Rope,exito,2.7964700230806256,5.67255991466337,9.99993980085713,9.99999152639828,10.0,9.999999995058044,-10.0
C:\Users\damba\.cache\kagglehub\datasets\salmaneunus\mechanical-tools-dataset\versions\20\Mechanical Tools Image dataset\Mechanical Tools Image dataset\Rope\000252.jpg,Rope,exito,3.1515265413433844,8.518203068843537,9.997174320822346,9.997849178632608,9.999999999999998,-9.999999958817433,-10.0
C:\Users\damba\.cache\kagglehub\datasets\salmaneunus\mechanical-tools-dataset\versions\20\Mechanical Tools Image dataset\Mechanical Tools Image dataset\Rope\000253.jpg,Rope,exito,3.195498536872192,9.554548857660185,9.999356647578807,9.99997420390276,-10.0,-9.999999999662572,-10.0
C:\Users\damba\.cache\kagglehub\datasets\salmaneunus\mechanical-tools-dataset\versions\20\Mechanical Tools Image dataset\Mechanical Tools Image dataset\Rope\000254.jpg,Rope,exito,3.054929568231216,7.668100252930259,9.943290774855994,9.9785837461028,9.999999999999831,9.999997339682663,9.999999999999925
C:\Users\damba\.cache\kagglehub\datasets\salmaneunus\mechanical-tools-dataset\versions\20\Mechanical Tools Image dataset\Mechanical Tools Image dataset\Rope\000255.jpg,Rope,exito,2.7653240540862707,6.961082535795242,9.302059342308736,9.752696753855579,9.999999999968704,-9.99993971946975,-9.999999999950823
C:\Users\damba\.cache\kagglehub\datasets\salmaneunus\mechanical-tools-dataset\versions\20\Mechanical Tools Image dataset\Mechanical Tools Image dataset\Rope\000256.jpg,Rope,exito,2.811187933415155,7.1766563544343684,9.902720479240557,9.7880274302395,-9.999999999992712,-9.9999349841285,-9.999999999991948
C:\Users\damba\.cache\kagglehub\datasets\salmaneunus\mechanical-tools-dataset\versions\20\Mechanical Tools Image dataset\Mechanical Tools Image dataset\Rope\000257.jpg,Rope,exito,2.6919587508719105,6.987383667520649,9.148524578430846,9.69026955240005,9.999999999886164,9.999855132334678,-9.999999999997073
C:\Users\damba\.cache\kagglehub\datasets\salmaneunus\mechanical-tools-dataset\versions\20\Mechanical Tools Image dataset\Mechanical Tools Image dataset\Rope\000258.jpg,Rope,exito,3.084051096367654,8.507909755518439,9.99352473646239,9.960972696480132,-9.999999999999964,9.999999390913162,-9.99999999999985
C:\Users\damba\.cache\kagglehub\datasets\salmaneunus\mechanical-tools-dataset\versions\20\Mechanical Tools Image dataset\Mechanical Tools Image dataset\Rope\000259.jpg,Rope,exito,3.0072920128296747,9.323160997396222,9.971321300648052,9.994273986881089,-9.999999999999984,9.999999889753882,9.999999999999993
C:\Users\damba\.cache\kagglehub\datasets\salmaneunus\mechanical-tools-dataset\versions\20\Mechanical Tools Image dataset\Mechanical Tools Image dataset\Rope\000260.jpg,Rope,exito,2.8434776276175637,7.362645895019358,9.456647063653817,9.714266896030061,9.999999999999677,-9.99997998948714,-9.999999999938408
C:\Users\damba\.cache\kagglehub\datasets\salmaneunus\mechanical-tools-dataset\versions\20\Mechanical Tools Image dataset\Mechanical Tools Image dataset\Rope\000261.jpg,Rope,exito,2.9639564552739044,7.046525095576827,9.385447073775158,9.81743573594626,9.999999999986555,-9.999939142450796,-9.999999999974351
C:\Users\damba\.cache\kagglehub\datasets\salmaneunus\mechanical-tools-dataset\versions\20\Mechanical Tools Image dataset\Mechanical Tools Image dataset\Rope\000262.jpg,Rope,exito,2.7753154762972727,5.65996193466952,9.834279822387826,9.94748255808644,9.999999999999556,9.999974717421734,9.99999999999871
C:\Users\damba\.cache\kagglehub\datasets\salmaneunus\mechanical-tools-dataset\versions\20\Mechanical Tools Image dataset\Mechanical Tools Image dataset\Rope\000263.jpg,Rope,exito,3.0930568426122376,8.651857372304956,9.974882557446472,9.986705478174736,9.999999999999943,9.999999787428074,-9.999999999999988
C:\Users\damba\.cache\kagglehub\datasets\salmaneunus\mechanical-tools-dataset\versions\20\Mechanical Tools Image dataset\Mechanical Tools Image dataset\Rope\000264.jpg,Rope,exito,2.6491106879476307,6.246899428116825,8.625716846819985,8.520463368140716,9.999999967528936,9.990606289004734,9.999999997386217
C:\Users\damba\.cache\kagglehub\datasets\salmaneunus\mechanical-tools-dataset\versions\20\Mechanical Tools Image dataset\Mechanical Tools Image dataset\Rope\000265.jpg,Rope,exito,3.1701402948337423,8.273288853039922,9.79132541658943,9.999381052015824,-9.999999999999998,9.999999979130113,-9.999999999999998
C:\Users\damba\.cache\kagglehub\datasets\salmaneunus\mechanical-tools-dataset\versions\20\Mechanical Tools Image dataset\Mechanical Tools Image dataset\Rope\000266.jpg,Rope,exito,3.131490279597082,9.089480021686116,9.667150155483403,9.98950095417249,-9.999999999999822,-9.99999973215782,9.999999999999991
C:\Users\damba\.cache\kagglehub\datasets\salmaneunus\mechanical-tools-dataset\versions\20\Mechanical Tools Image dataset\Mechanical Tools Image dataset\Rope\000267.jpg,Rope,exito,2.959706992341974,6.128920657486039,9.949442710614504,9.991627056784058,9.99999999999996,9.999992730171012,-9.999999999999996
C:\Users\damba\.cache\kagglehub\datasets\salmaneunus\mechanical-tools-dataset\versions\20\Mechanical Tools Image dataset\Mechanical Tools Image dataset\Rope\000268.jpg,Rope,exito,2.946388752555423,6.932303243124758,9.967661372450909,9.64690577805372,9.99999999998662,9.999878644044845,-9.999999999989559
C:\Users\damba\.cache\kagglehub\datasets\salmaneunus\mechanical-tools-dataset\versions\20\Mechanical Tools Image dataset\Mechanical Tools Image dataset\Rope\000269.jpg,Rope,exito,3.0213598891624374,6.6105055698031405,9.367946549934308,9.920078370074568,9.999999999999908,-9.999992172681772,-9.99999999999285
C:\Users\damba\.cache\kagglehub\datasets\salmaneunus\mechanical-tools-dataset\versions\20\Mechanical Tools Image dataset\Mechanical Tools Image dataset\Rope\000270.jpg,Rope,exito,2.9201690717370186,7.72830612504505,9.925363000774663,9.996849506081407,-9.999999999999995,-9.999999829018165,-9.99999999999999
C:\Users\damba\.cache\kagglehub\datasets\salmaneunus\mechanical-tools-dataset\versions\20\Mechanical Tools Image dataset\Mechanical Tools Image dataset\Rope\000271.jpg,Rope,exito,2.850773983786075,6.501353749976645,9.690738482544209,9.630719642344403,9.99999999995283,9.999684368347763,-9.999999999950093
C:\Users\damba\.cache\kagglehub\datasets\salmaneunus\mechanical-tools-dataset\versions\20\Mechanical Tools Image dataset\Mechanical Tools Image dataset\Rope\000272.jpg,Rope,exito,2.9317964827152543,7.01517176706473,9.37460328986739,9.518309678627382,-9.999999999774532,9.99972863159217,9.999999999989383
C:\Users\damba\.cache\kagglehub\datasets\salmaneunus\mechanical-tools-dataset\versions\20\Mechanical Tools Image dataset\Mechanical Tools Image dataset\Rope\000273.jpg,Rope,exito,2.7823157275199946,7.135170043691564,9.546948494598572,9.439751116481789,9.999999999748528,9.999872227890659,-9.999999999993625
C:\Users\damba\.cache\kagglehub\datasets\salmaneunus\mechanical-tools-dataset\versions\20\Mechanical Tools Image dataset\Mechanical Tools Image dataset\Rope\000274.jpg,Rope,exito,2.865389878013335,5.920982752234655,9.933694292856666,9.975758247367027,-9.999999999999801,-9.999979670697217,-9.999999999999861
C:\Users\damba\.cache\kagglehub\datasets\salmaneunus\mechanical-tools-dataset\versions\20\Mechanical Tools Image dataset\Mechanical Tools Image dataset\Rope\000275.jpg,Rope,exito,3.05110783182141,7.975041942140116,9.704884258458522,9.807330373060436,-9.999999999993564,-9.999983669594252,9.999999999983325
C:\Users\damba\.cache\kagglehub\datasets\salmaneunus\mechanical-tools-dataset\versions\20\Mechanical Tools Image dataset\Mechanical Tools Image dataset\Rope\000276.jpg,Rope,exito,2.6887702195096312,5.423588192245641,9.999616248701377,9.999893311454453,10.0,9.99999992203109,-10.0
C:\Users\damba\.cache\kagglehub\datasets\salmaneunus\mechanical-tools-dataset\versions\20\Mechanical Tools Image dataset\Mechanical Tools Image dataset\Rope\000277.jpg,Rope,exito,2.7673490416788646,6.447041865393203,9.010034771742797,9.82865758283793,9.999999999978913,-9.99996956284666,9.999999999962217
C:\Users\damba\.cache\kagglehub\datasets\salmaneunus\mechanical-tools-dataset\versions\20\Mechanical Tools Image dataset\Mechanical Tools Image dataset\Rope\000278.jpg,Rope,exito,3.0756151547629416,8.10571462916248,9.97839733216995,9.999943306281128,10.0,9.999999995086467,-10.0
C:\Users\damba\.cache\kagglehub\datasets\salmaneunus\mechanical-tools-dataset\versions\20\Mechanical Tools Image dataset\Mechanical Tools Image dataset\Rope\000279.jpg,Rope,exito,2.873973994343712,7.817832097258775,9.592641139349105,9.694910704419664,9.999999999945704,9.999945682055609,-9.99999999998764
C:\Users\damba\.cache\kagglehub\datasets\salmaneunus\mechanical-tools-dataset\versions\20\Mechanical Tools Image dataset\Mechanical Tools Image dataset\Rope\000280.jpg,Rope,exito,2.71033409100719,6.593407236537,9.645182074489341,9.895920773644736,10.0,-9.999942636974996,9.99999999999312
C:\Users\damba\.cache\kagglehub\datasets\salmaneunus\mechanical-tools-dataset\versions\20\Mechanical Tools Image dataset\Mechanical Tools Image dataset\Rope\000281.jpg,Rope,exito,3.0674076500649154,6.515809130222254,9.999907450676417,9.999989318941989,10.0,9.999999997756019,-10.0
C:\Users\damba\.cache\kagglehub\datasets\salmaneunus\mechanical-tools-dataset\versions\20\Mechanical Tools Image dataset\Mechanical Tools Image dataset\Rope\000282.jpg,Rope,exito,2.959266069619058,6.832535236441342,9.313028344393471,9.915668544724316,9.999999999991749,-9.99996432550048,9.999999999998085
C:\Users\damba\.cache\kagglehub\datasets\salmaneunus\mechanical-tools-dataset\versions\20\Mechanical Tools Image dataset\Mechanical Tools Image dataset\Rope\000283.jpg,Rope,exito,2.8787481961973036,7.294501722845649,9.900093204305415,9.995182880459701,9.999999999999998,9.999999183872882,-9.999999999999973
C:\Users\damba\.cache\kagglehub\datasets\salmaneunus\mechanical-tools-dataset\versions\20\Mechanical Tools Image dataset\Mechanical Tools Image dataset\Rope\000284.jpg,Rope,exito,3.039664178369118,6.705922877300749,9.913704360283404,9.971878688183898,-9.999999999999755,-9.999987232022875,-9.999999999999746
C:\Users\damba\.cache\kagglehub\datasets\salmaneunus\mechanical-tools-dataset\versions\20\Mechanical Tools Image dataset\Mechanical Tools Image dataset\Rope\000285.jpg,Rope,exito,2.9844323709445004,6.669689858069098,9.142978431612862,9.883810435469094,-9.999999999986102,-9.999939728441838,9.999999999987999
C:\Users\damba\.cache\kagglehub\datasets\salmaneunus\mechanical-tools-dataset\versions\20\Mechanical Tools Image dataset\Mechanical Tools Image dataset\Rope\000286.jpg,Rope,exito,2.9458294639584657,6.075028893513733,9.927408739280894,9.983145276941734,9.999999999999854,9.999984417366313,-9.999999999999982
C:\Users\damba\.cache\kagglehub\datasets\salmaneunus\mechanical-tools-dataset\versions\20\Mechanical Tools Image dataset\Mechanical Tools Image dataset\Rope\000287.jpg,Rope,exito,3.0265581906581143,7.511053935924919,9.782210648228624,9.9796383643949,-9.999999999999709,-9.999996347600131,9.999999999999774
C:\Users\damba\.cache\kagglehub\datasets\salmaneunus\mechanical-tools-dataset\versions\20\Mechanical Tools Image dataset\Mechanical Tools Image dataset\Rope\000288.jpg,Rope,exito,3.140687608303528,8.397849257736318,9.828148304295835,9.99133849301615,9.999999999999938,9.999999865418314,9.99999999999994
C:\Users\damba\.cache\kagglehub\datasets\salmaneunus\mechanical-tools-dataset\versions\20\Mechanical Tools Image dataset\Mechanical Tools Image dataset\Rope\000289.jpg,Rope,exito,2.910434473571227,7.834672384529002,9.972353575629743,9.991418734877564,9.999999999999972,9.999999698744551,-9.999999999999988
C:\Users\damba\.cache\kagglehub\datasets\salmaneunus\mechanical-tools-dataset\versions\20\Mechanical Tools Image dataset\Mechanical Tools Image dataset\Rope\000290.jpg,Rope,exito,2.4310576570956264,5.514576874062545,9.923336825683933,9.850407758660229,-9.999999999995476,-9.999764421258105,-9.999999999997799
C:\Users\damba\.cache\kagglehub\datasets\salmaneunus\mechanical-tools-dataset\versions\20\Mechanical Tools Image dataset\Mechanical Tools Image dataset\Rope\000292.jpg,Rope,exito,2.985238866485841,7.593046311400666,9.994762489994603,9.98821778779549,-9.999999999999996,9.999998105403566,9.999999999999979
C:\Users\damba\.cache\kagglehub\datasets\salmaneunus\mechanical-tools-dataset\versions\20\Mechanical Tools Image dataset\Mechanical Tools Image dataset\Rope\000293.jpg,Rope,exito,3.040825822018116,7.7500411393441615,9.721566987781227,9.990270241824351,-9.999999999999929,-9.999999412595256,9.99999999999988
C:\Users\damba\.cache\kagglehub\datasets\salmaneunus\mechanical-tools-dataset\versions\20\Mechanical Tools Image dataset\Mechanical Tools Image dataset\Rope\000294.jpg,Rope,exito,2.9749714385676294,6.214935742826478,9.91869876270376,9.98461196428875,9.999999999999908,-9.999992484001135,-9.999999999999902
C:\Users\damba\.cache\kagglehub\datasets\salmaneunus\mechanical-tools-dataset\versions\20\Mechanical Tools Image dataset\Mechanical Tools Image dataset\Rope\000295.jpg,Rope,exito,3.1454541126964037,7.497787387124704,9.881820340140973,9.950701105720595,9.999999999998991,9.999991134973266,9.999999999999915
C:\Users\damba\.cache\kagglehub\datasets\salmaneunus\mechanical-tools-dataset\versions\20\Mechanical Tools Image dataset\Mechanical Tools Image dataset\Rope\000296.jpg,Rope,exito,2.8383827250820945,6.643344425232975,9.970602572468751,9.94049244246901,-9.999999999999535,9.999970257704788,-9.99999999999955
C:\Users\damba\.cache\kagglehub\datasets\salmaneunus\mechanical-tools-dataset\versions\20\Mechanical Tools Image dataset\Mechanical Tools Image dataset\Rope\000297.jpg,Rope,exito,2.862688766363776,7.654569579045036,9.53257862183232,9.782410437660475,9.999999999968704,-9.999958343308169,9.999999999995095
C:\Users\damba\.cache\kagglehub\datasets\salmaneunus\mechanical-tools-dataset\versions\20\Mechanical Tools Image dataset\Mechanical Tools Image dataset\Rope\000298.jpg,Rope,exito,2.7613434539229815,8.337047837323064,9.961831715034807,9.980399394667481,-9.999999999999904,-9.99999873705049,9.999999999999911
C:\Users\damba\.cache\kagglehub\datasets\salmaneunus\mechanical-tools-dataset\versions\20\Mechanical Tools Image dataset\Mechanical Tools Image dataset\Rope\000299.jpg,Rope,exito,3.1083625186803108,7.2027327522513085,9.979268976482809,9.997108294495462,9.999999999999995,-9.999999743206349,-9.999999999999998
C:\Users\damba\.cache\kagglehub\datasets\salmaneunus\mechanical-tools-dataset\versions\20\Mechanical Tools Image dataset\Mechanical Tools Image dataset\Rope\000300.jpg,Rope,exito,3.196323416923599,8.01059294116679,9.98231444798217,9.999896294826112,10.0,9.999999995177594,-10.0
C:\Users\damba\.cache\kagglehub\datasets\salmaneunus\mechanical-tools-dataset\versions\20\Mechanical Tools Image dataset\Mechanical Tools Image dataset\Rope\000302.jpg,Rope,exito,2.876844025469819,8.196568299411847,9.957272455112117,9.92837644205082,-9.999999999998941,9.999993909649294,-9.999999999999954
C:\Users\damba\.cache\kagglehub\datasets\salmaneunus\mechanical-tools-dataset\versions\20\Mechanical Tools Image dataset\Mechanical Tools Image dataset\Rope\000303.jpg,Rope,exito,3.069434058576415,6.871984289603782,9.995934418607025,9.990526227021498,9.999999999999995,9.999998569346683,-9.999999999999988
C:\Users\damba\.cache\kagglehub\datasets\salmaneunus\mechanical-tools-dataset\versions\20\Mechanical Tools Image dataset\Mechanical Tools Image dataset\Rope\000304.jpg,Rope,exito,2.87752378338625,8.004961662150876,9.32230723470108,9.786732256098455,9.99999999996224,9.999989737539419,9.999999999980444
C:\Users\damba\.cache\kagglehub\datasets\salmaneunus\mechanical-tools-dataset\versions\20\Mechanical Tools Image dataset\Mechanical Tools Image dataset\Rope\000305.jpg,Rope,exito,1.945477177537843,5.264033847375123,6.649023440084124,7.365968867461242,-9.99998326861203,-9.711820867804121,-9.999992561255077
C:\Users\damba\.cache\kagglehub\datasets\salmaneunus\mechanical-tools-dataset\versions\20\Mechanical Tools Image dataset\Mechanical Tools Image dataset\Rope\000306.jpg,Rope,exito,3.0562661827609063,8.117880180012124,9.341032337828747,9.971097043630408,9.999999999998538,-9.999999627715516,-9.999999999999773
C:\Users\damba\.cache\kagglehub\datasets\salmaneunus\mechanical-tools-dataset\versions\20\Mechanical Tools Image dataset\Mechanical Tools Image dataset\Rope\000307.jpg,Rope,exito,2.8674330352218225,6.500697815792041,9.858261524033171,9.5215391834335,-9.999999999977078,9.999513653043396,9.999999999926658
C:\Users\damba\.cache\kagglehub\datasets\salmaneunus\mechanical-tools-dataset\versions\20\Mechanical Tools Image dataset\Mechanical Tools Image dataset\Rope\000308.jpg,Rope,exito,2.824939185321498,7.209434358470918,9.770274949987666,9.807145895031088,9.999999999984864,-9.999939773534612,-9.999999999999222
C:\Users\damba\.cache\kagglehub\datasets\salmaneunus\mechanical-tools-dataset\versions\20\Mechanical Tools Image dataset\Mechanical Tools Image dataset\Rope\000309.jpg,Rope,exito,3.057299142262115,8.601159376575064,9.84178451167895,9.9289177978135,-9.999999999998884,9.999997655682273,9.999999999998153
C:\Users\damba\.cache\kagglehub\datasets\salmaneunus\mechanical-tools-dataset\versions\20\Mechanical Tools Image dataset\Mechanical Tools Image dataset\Rope\000310.jpg,Rope,exito,2.8670855140773566,8.857136074151274,9.908990073410147,9.773357823518827,-9.999999999988917,-9.9999926270872,-9.999999999995685
C:\Users\damba\.cache\kagglehub\datasets\salmaneunus\mechanical-tools-dataset\versions\20\Mechanical Tools Image dataset\Mechanical Tools Image dataset\Rope\000313.jpg,Rope,exito,3.0203774862339423,7.546328441750866,9.76996904354042,9.834927935917683,9.999999999989123,-9.999969120491796,9.999999999996545
C:\Users\damba\.cache\kagglehub\datasets\salmaneunus\mechanical-tools-dataset\versions\20\Mechanical Tools Image dataset\Mechanical Tools Image dataset\Rope\000316.jpg,Rope,exito,2.7883216713248404,8.204850291809437,9.999142393002346,9.988318629773318,-10.0,9.999999105604475,9.999999999999991
C:\Users\damba\.cache\kagglehub\datasets\salmaneunus\mechanical-tools-dataset\versions\20\Mechanical Tools Image dataset\Mechanical Tools Image dataset\Rope\000317.jpg,Rope,exito,2.9746830729513505,7.564453633352986,9.961739064042508,9.998005241890842,9.999999999999998,9.999999717819549,9.999999999999996
C:\Users\damba\.cache\kagglehub\datasets\salmaneunus\mechanical-tools-dataset\versions\20\Mechanical Tools Image dataset\Mechanical Tools Image dataset\Rope\000318.jpg,Rope,exito,2.9954302749851296,7.082280719761185,9.387053390925463,9.819849333828081,9.999999999979101,9.999935913250333,9.99999999998108
C:\Users\damba\.cache\kagglehub\datasets\salmaneunus\mechanical-tools-dataset\versions\20\Mechanical Tools Image dataset\Mechanical Tools Image dataset\Rope\000320.jpg,Rope,exito,2.958558354026162,6.361712968861575,9.579366993213466,9.865233356060676,-9.999999999998884,9.999929101358578,9.999999999987867
C:\Users\damba\.cache\kagglehub\datasets\salmaneunus\mechanical-tools-dataset\versions\20\Mechanical Tools Image dataset\Mechanical Tools Image dataset\Rope\000321.jpg,Rope,exito,3.167347674630389,8.066991269643209,9.96629066297221,9.997304763000193,9.999999999999995,-9.999999773185829,9.999999999999996
C:\Users\damba\.cache\kagglehub\datasets\salmaneunus\mechanical-tools-dataset\versions\20\Mechanical Tools Image dataset\Mechanical Tools Image dataset\Rope\2018-03-15-PHOTO-00007811+(1).jpg,Rope,exito,2.956422179852864,7.64607203898234,9.519727957047168,9.802317013526133,9.99999999997928,9.999974218374133,9.999999999982643
C:\Users\damba\.cache\kagglehub\datasets\salmaneunus\mechanical-tools-dataset\versions\20\Mechanical Tools Image dataset\Mechanical Tools Image dataset\Rope\5d03854eec0f8c0001d4eddf.jpg,Rope,exito,2.997508079592941,7.413465138465839,9.764491706158744,9.956938166585687,9.99999999999876,-9.999994637636016,9.999999999999956
C:\Users\damba\.cache\kagglehub\datasets\salmaneunus\mechanical-tools-dataset\versions\20\Mechanical Tools Image dataset\Mechanical Tools Image dataset\Rope\andrew-buchanan-Csf7vDp-Whc-unsplash.jpg,Rope,exito,3.1684937922914296,9.125641230657644,9.999379901190505,9.999861927155573,10.0,-9.99999999664686,-10.0
C:\Users\damba\.cache\kagglehub\datasets\salmaneunus\mechanical-tools-dataset\versions\20\Mechanical Tools Image dataset\Mechanical Tools Image dataset\Rope\engin-akyurt-MGScaQTG8To-unsplash.jpg,Rope,exito,2.3115187254358003,5.900191778441194,7.439043833589647,9.422524193215493,9.999999998196015,9.998856806974661,-9.999999996616452
C:\Users\damba\.cache\kagglehub\datasets\salmaneunus\mechanical-tools-dataset\versions\20\Mechanical Tools Image dataset\Mechanical Tools Image dataset\Rope\eric-barbeau-aveIX3ZBiyA-unsplash.jpg,Rope,exito,3.0621033175982513,8.255580685887375,9.990297811231734,9.974673941636466,-9.999999999999929,-9.999998137392238,-9.999999999999934
C:\Users\damba\.cache\kagglehub\datasets\salmaneunus\mechanical-tools-dataset\versions\20\Mechanical Tools Image dataset\Mechanical Tools Image dataset\Rope\Ha676193c3003477f9d841b93c3123549s.jpg_350x350.jpg,Rope,exito,3.0665687516309577,7.606749022607907,9.864663542716162,9.993018362187739,9.999999999999966,-9.999999434535095,-9.999999999999957
C:\Users\damba\.cache\kagglehub\datasets\salmaneunus\mechanical-tools-dataset\versions\20\Mechanical Tools Image dataset\Mechanical Tools Image dataset\Rope\HTB13093XOLxK1Rjy0Ffq6zYdVXa4.jpg,Rope,exito,3.0487815016905944,7.905613044096666,9.363995623047954,9.941081489657693,9.99999999999891,-9.999996848649532,9.999999999995751
C:\Users\damba\.cache\kagglehub\datasets\salmaneunus\mechanical-tools-dataset\versions\20\Mechanical Tools Image dataset\Mechanical Tools Image dataset\Rope\il_340x270.1549969063_me9u.jpg,Rope,exito,3.1161584563624505,7.063437949599863,9.83716223584574,9.965028689349296,9.99999999999929,9.99998930821552,-9.999999999999952
C:\Users\damba\.cache\kagglehub\datasets\salmaneunus\mechanical-tools-dataset\versions\20\Mechanical Tools Image dataset\Mechanical Tools Image dataset\Rope\il_340x270.1597533795_8ivp.jpg,Rope,exito,3.084442369861897,8.336161611386286,9.994441657431024,9.99689043135065,-9.999999999999998,-9.999999876820283,-9.999999999999998
C:\Users\damba\.cache\kagglehub\datasets\salmaneunus\mechanical-tools-dataset\versions\20\Mechanical Tools Image dataset\Mechanical Tools Image dataset\Rope\images.jpg,Rope,exito,3.164159655091921,7.72768136554645,9.998471869513633,9.995347860410215,-9.999999999999996,-9.999999684431325,10.0
C:\Users\damba\.cache\kagglehub\datasets\salmaneunus\mechanical-tools-dataset\versions\20\Mechanical Tools Image dataset\Mechanical Tools Image dataset\Rope\index.jpg,Rope,exito,2.780406887360743,7.728955039513635,9.269028323545554,9.372535109510062,9.999999999806684,9.999886527851885,-9.999999999506024
C:\Users\damba\.cache\kagglehub\datasets\salmaneunus\mechanical-tools-dataset\versions\20\Mechanical Tools Image dataset\Mechanical Tools Image dataset\Rope\jon-moore-uoTXJDmFRvE-unsplash.jpg,Rope,exito,2.990350134290523,8.282390549713526,9.975315122471525,9.905504213606891,-9.999999999999224,-9.99999307852186,-9.999999999999009
C:\Users\damba\.cache\kagglehub\datasets\salmaneunus\mechanical-tools-dataset\versions\20\Mechanical Tools Image dataset\Mechanical Tools Image dataset\Rope\kynda-light-fabric-cord-jute-round-twisted-raw-yar.jpg,Rope,exito,2.8847921775150454,6.226299390505161,9.181532255006564,9.808552695539625,9.999999999966562,9.9998476009654,-9.999999999974069
C:\Users\damba\.cache\kagglehub\datasets\salmaneunus\mechanical-tools-dataset\versions\20\Mechanical Tools Image dataset\Mechanical Tools Image dataset\Rope\mae-mu-TVoh0JsOCv0-unsplash.jpg,Rope,exito,2.983939755815287,6.451931021095504,9.99499809295358,9.974604279886911,9.999999999999936,-9.999984459674897,-9.999999999999973
C:\Users\damba\.cache\kagglehub\datasets\salmaneunus\mechanical-tools-dataset\versions\20\Mechanical Tools Image dataset\Mechanical Tools Image dataset\Rope\pexels-david-waschb├╝sch-1887836.jpg,Rope,exito,2.782488345651387,7.436457938616144,9.809339497139685,9.917561728965357,-9.999999999998122,-9.999988004929198,9.999999999997556
C:\Users\damba\.cache\kagglehub\datasets\salmaneunus\mechanical-tools-dataset\versions\20\Mechanical Tools Image dataset\Mechanical Tools Image dataset\Rope\regine-tholen-IOUbVsWf_TE-unsplash.jpg,Rope,exito,2.7688133185465404,7.929282265421601,9.499362542658845,9.739563944272566,-9.999999999967553,-9.999963372006858,9.999999999965167
C:\Users\damba\.cache\kagglehub\datasets\salmaneunus\mechanical-tools-dataset\versions\20\Mechanical Tools Image dataset\Mechanical Tools Image dataset\Rope\Rope_Drawing_Day_5_Pencil_Charcoal_on_Paper_15x22_inches_2018.jpg,Rope,exito,3.1837941143917523,9.662221289662051,9.999436537058834,9.999992403720478,-10.0,-9.999999999922656,-10.0
C:\Users\damba\.cache\kagglehub\datasets\salmaneunus\mechanical-tools-dataset\versions\20\Mechanical Tools Image dataset\Mechanical Tools Image dataset\Rope\thomas-kinto--U23q5CyYKc-unsplash.jpg,Rope,exito,2.9526306614601983,7.271630920820707,9.678404710659526,9.784864659472243,9.999999999987494,9.999967630500924,9.999999999980282
C:\Users\damba\.cache\kagglehub\datasets\salmaneunus\mechanical-tools-dataset\versions\20\Mechanical Tools Image dataset\Mechanical Tools Image dataset\Rope\unnamed.jpg,Rope,exito,3.0653524237296472,7.791598712063961,9.994010505694211,9.966991024938947,9.999999999999948,9.999998993673323,9.999999999999899
C:\Users\damba\.cache\kagglehub\datasets\salmaneunus\mechanical-tools-dataset\versions\20\Mechanical Tools Image dataset\Mechanical Tools Image dataset\Rope\vasileia-eleftheriou-KurXWo1VNEk-unsplash.jpg,Rope,exito,2.9708856491636406,6.943931754196801,9.504012602489576,9.814846465132865,-9.999999999994499,-9.999931075311677,-9.999999999976035
C:\Users\damba\.cache\kagglehub\datasets\salmaneunus\mechanical-tools-dataset\versions\20\Mechanical Tools Image dataset\Mechanical Tools Image dataset\Toolbox\000000.jpg,Toolbox,exito,3.0004227516076156,6.587819817706588,9.889219905160733,9.976218541218419,9.999999999999753,9.999990395642739,-9.999999999999808
C:\Users\damba\.cache\kagglehub\datasets\salmaneunus\mechanical-tools-dataset\versions\20\Mechanical Tools Image dataset\Mechanical Tools Image dataset\Toolbox\000001.jpg,Toolbox,exito,3.0900446633317546,6.785216251484139,9.98001074892414,9.999755324700189,10.0,9.999999900992325,10.0
C:\Users\damba\.cache\kagglehub\datasets\salmaneunus\mechanical-tools-dataset\versions\20\Mechanical Tools Image dataset\Mechanical Tools Image dataset\Toolbox\000002.jpg,Toolbox,exito,3.1664070499080204,7.713191968027672,9.881308561195597,9.999190877305608,9.999999999999998,9.999999896907003,9.999999999999998
C:\Users\damba\.cache\kagglehub\datasets\salmaneunus\mechanical-tools-dataset\versions\20\Mechanical Tools Image dataset\Mechanical Tools Image dataset\Toolbox\000003.jpg,Toolbox,exito,3.105477003553933,7.040325644437434,9.918523651750716,9.984470936477468,-9.999999999999863,-9.999996062721715,9.999999999999984
C:\Users\damba\.cache\kagglehub\datasets\salmaneunus\mechanical-tools-dataset\versions\20\Mechanical Tools Image dataset\Mechanical Tools Image dataset\Toolbox\000004.jpg,Toolbox,exito,3.073004633942966,6.544716491490433,9.999969944344857,9.999936896958005,-10.0,-9.999999997868855,10.0
C:\Users\damba\.cache\kagglehub\datasets\salmaneunus\mechanical-tools-dataset\versions\20\Mechanical Tools Image dataset\Mechanical Tools Image dataset\Toolbox\000005.jpg,Toolbox,exito,3.115268382698363,7.034821348916891,9.984636376536558,9.995518495614657,-9.999999999999998,-9.999998742771249,-9.999999999999991
C:\Users\damba\.cache\kagglehub\datasets\salmaneunus\mechanical-tools-dataset\versions\20\Mechanical Tools Image dataset\Mechanical Tools Image dataset\Toolbox\000006.jpg,Toolbox,exito,3.1009080266560027,6.661359301005946,9.9932295175873,9.999603650575686,10.0,9.99999998976108,-10.0
C:\Users\damba\.cache\kagglehub\datasets\salmaneunus\mechanical-tools-dataset\versions\20\Mechanical Tools Image dataset\Mechanical Tools Image dataset\Toolbox\000007.jpg,Toolbox,exito,3.187711066681133,9.371135620564255,9.952432548184463,9.999867293358072,10.0,-9.999999997634534,10.0
C:\Users\damba\.cache\kagglehub\datasets\salmaneunus\mechanical-tools-dataset\versions\20\Mechanical Tools Image dataset\Mechanical Tools Image dataset\Toolbox\000008.jpg,Toolbox,exito,3.138113928487654,6.939647107460451,9.991451068616598,9.999722102201805,-10.0,-9.999999905818118,-10.0
C:\Users\damba\.cache\kagglehub\datasets\salmaneunus\mechanical-tools-dataset\versions\20\Mechanical Tools Image dataset\Mechanical Tools Image dataset\Toolbox\000009.jpg,Toolbox,exito,3.1183236429293055,7.684020715102479,9.883946331851906,9.997664250771143,9.999999999999991,9.999999893951614,-9.999999999999998
C:\Users\damba\.cache\kagglehub\datasets\salmaneunus\mechanical-tools-dataset\versions\20\Mechanical Tools Image dataset\Mechanical Tools Image dataset\Toolbox\000010.jpg,Toolbox,exito,3.1609562536413205,7.2560037054664095,9.968552174898997,9.999160842771476,-9.999999999999998,-9.999999823764595,10.0
C:\Users\damba\.cache\kagglehub\datasets\salmaneunus\mechanical-tools-dataset\versions\20\Mechanical Tools Image dataset\Mechanical Tools Image dataset\Toolbox\000011.jpg,Toolbox,exito,3.1552668975280675,7.88677966545327,9.935729635923062,9.985890881276713,-9.99999999999993,-9.999998491817559,-9.999999999999922
C:\Users\damba\.cache\kagglehub\datasets\salmaneunus\mechanical-tools-dataset\versions\20\Mechanical Tools Image dataset\Mechanical Tools Image dataset\Toolbox\000012.jpg,Toolbox,exito,3.1590632670076486,7.39019916729853,9.994775940190992,9.999450784361823,10.0,-9.999999955609084,10.0
C:\Users\damba\.cache\kagglehub\datasets\salmaneunus\mechanical-tools-dataset\versions\20\Mechanical Tools Image dataset\Mechanical Tools Image dataset\Toolbox\000013.jpg,Toolbox,exito,3.0979735799590746,6.681733723645455,9.993423229274436,9.999816956571868,-10.0,-9.999999917786868,-10.0
C:\Users\damba\.cache\kagglehub\datasets\salmaneunus\mechanical-tools-dataset\versions\20\Mechanical Tools Image dataset\Mechanical Tools Image dataset\Toolbox\000014.jpg,Toolbox,exito,3.1533682167402577,7.70975222363007,9.902721930056666,9.995966630316008,-9.999999999999982,-9.999999702472739,-9.999999999999991
C:\Users\damba\.cache\kagglehub\datasets\salmaneunus\mechanical-tools-dataset\versions\20\Mechanical Tools Image dataset\Mechanical Tools Image dataset\Toolbox\000015.jpg,Toolbox,exito,3.1227057317937637,8.550886551145572,9.98259320288733,9.999472791214496,-10.0,9.99999997517366,10.0
C:\Users\damba\.cache\kagglehub\datasets\salmaneunus\mechanical-tools-dataset\versions\20\Mechanical Tools Image dataset\Mechanical Tools Image dataset\Toolbox\000016.jpg,Toolbox,exito,3.157767919677534,7.680310528905147,9.977401452086923,9.994101213632604,-9.999999999999988,-9.99999915899346,9.999999999999991
C:\Users\damba\.cache\kagglehub\datasets\salmaneunus\mechanical-tools-dataset\versions\20\Mechanical Tools Image dataset\Mechanical Tools Image dataset\Toolbox\000017.jpg,Toolbox,exito,3.0061003927339534,7.639875089830196,9.94307818722018,9.918794303622008,-9.999999999998579,-9.999993893948703,-9.999999999999472
C:\Users\damba\.cache\kagglehub\datasets\salmaneunus\mechanical-tools-dataset\versions\20\Mechanical Tools Image dataset\Mechanical Tools Image dataset\Toolbox\000018.jpg,Toolbox,exito,3.1684763892408045,7.358451345608326,9.945428065177543,9.999305236098108,10.0,9.999999901523816,-9.999999999999998
C:\Users\damba\.cache\kagglehub\datasets\salmaneunus\mechanical-tools-dataset\versions\20\Mechanical Tools Image dataset\Mechanical Tools Image dataset\Toolbox\000019.jpg,Toolbox,exito,2.873093220755892,5.981178761212753,9.535156694084442,9.867125925611415,9.999999999987512,-9.999900806830844,9.999999999996872
C:\Users\damba\.cache\kagglehub\datasets\salmaneunus\mechanical-tools-dataset\versions\20\Mechanical Tools Image dataset\Mechanical Tools Image dataset\Toolbox\000020.jpg,Toolbox,exito,3.1403643503489684,7.310606245367857,9.989283634977328,9.99490310795404,-9.999999999999995,-9.999999031487995,-9.999999999999993
C:\Users\damba\.cache\kagglehub\datasets\salmaneunus\mechanical-tools-dataset\versions\20\Mechanical Tools Image dataset\Mechanical Tools Image dataset\Toolbox\000021.jpg,Toolbox,exito,3.1489598856237975,7.301963850575681,9.91886466967145,9.987743513123947,9.999999999999991,-9.999999161707303,-9.999999999999906
C:\Users\damba\.cache\kagglehub\datasets\salmaneunus\mechanical-tools-dataset\versions\20\Mechanical Tools Image dataset\Mechanical Tools Image dataset\Toolbox\000022.jpg,Toolbox,exito,3.1227128828664488,6.870551571365706,9.947397323190808,9.99614717354463,-9.999999999999988,-9.99999858177601,10.0
C:\Users\damba\.cache\kagglehub\datasets\salmaneunus\mechanical-tools-dataset\versions\20\Mechanical Tools Image dataset\Mechanical Tools Image dataset\Toolbox\000023.jpg,Toolbox,exito,3.1256569945004875,6.984571680743796,9.946536305542743,9.999439485162616,-10.0,9.99999983543867,10.0
C:\Users\damba\.cache\kagglehub\datasets\salmaneunus\mechanical-tools-dataset\versions\20\Mechanical Tools Image dataset\Mechanical Tools Image dataset\Toolbox\000024.jpg,Toolbox,exito,3.1232678870715564,7.1283037578242405,9.967118629801588,9.999296727073498,10.0,9.999999816363966,-10.0
C:\Users\damba\.cache\kagglehub\datasets\salmaneunus\mechanical-tools-dataset\versions\20\Mechanical Tools Image dataset\Mechanical Tools Image dataset\Toolbox\000025.jpg,Toolbox,exito,3.149502263796904,7.0342161766443745,9.99234156982054,9.999703567412308,-10.0,-9.999999910933806,10.0
C:\Users\damba\.cache\kagglehub\datasets\salmaneunus\mechanical-tools-dataset\versions\20\Mechanical Tools Image dataset\Mechanical Tools Image dataset\Toolbox\000026.jpg,Toolbox,exito,3.1248963823803035,6.930521101487616,9.941210054558722,9.996545456747311,9.999999999999988,9.99999897403244,-9.999999999999998
C:\Users\damba\.cache\kagglehub\datasets\salmaneunus\mechanical-tools-dataset\versions\20\Mechanical Tools Image dataset\Mechanical Tools Image dataset\Toolbox\000027.jpg,Toolbox,exito,3.114376632474105,7.105661355940422,9.994519065088094,9.999451175510721,10.0,-9.999999849150178,10.0
C:\Users\damba\.cache\kagglehub\datasets\salmaneunus\mechanical-tools-dataset\versions\20\Mechanical Tools Image dataset\Mechanical Tools Image dataset\Toolbox\000028.jpg,Toolbox,exito,3.1446090739724157,7.090603156982586,9.959902685716408,9.998494147671249,9.999999999999998,9.999999609458092,9.999999999999998
C:\Users\damba\.cache\kagglehub\datasets\salmaneunus\mechanical-tools-dataset\versions\20\Mechanical Tools Image dataset\Mechanical Tools Image dataset\Toolbox\000029.jpg,Toolbox,exito,3.1758848808463935,7.905204073363636,9.881287411439178,9.999243055334924,9.999999999999998,9.999999916654392,10.0
C:\Users\damba\.cache\kagglehub\datasets\salmaneunus\mechanical-tools-dataset\versions\20\Mechanical Tools Image dataset\Mechanical Tools Image dataset\Toolbox\000030.jpg,Toolbox,exito,3.1382938875742385,7.7412372409004435,9.982805671065064,9.994448217622875,-9.999999999999991,-9.99999977869624,-9.999999999999991
C:\Users\damba\.cache\kagglehub\datasets\salmaneunus\mechanical-tools-dataset\versions\20\Mechanical Tools Image dataset\Mechanical Tools Image dataset\Toolbox\000031.jpg,Toolbox,exito,3.0287263083988063,6.346646913459411,9.975824791668401,9.997579388703404,9.999999999999998,9.999999616661066,9.999999999999996
C:\Users\damba\.cache\kagglehub\datasets\salmaneunus\mechanical-tools-dataset\versions\20\Mechanical Tools Image dataset\Mechanical Tools Image dataset\Toolbox\000032.jpg,Toolbox,exito,3.0547883127783986,7.007139108649776,9.783164189357317,9.959728166063984,9.999999999999702,9.999986903502782,-9.999999999998984
C:\Users\damba\.cache\kagglehub\datasets\salmaneunus\mechanical-tools-dataset\versions\20\Mechanical Tools Image dataset\Mechanical Tools Image dataset\Toolbox\000033.jpg,Toolbox,exito,3.1782114486910173,9.188463735372775,9.992962294719666,9.999632674370844,-10.0,9.999999994575868,10.0
C:\Users\damba\.cache\kagglehub\datasets\salmaneunus\mechanical-tools-dataset\versions\20\Mechanical Tools Image dataset\Mechanical Tools Image dataset\Toolbox\000034.jpg,Toolbox,exito,3.0513099707833446,6.549825130642621,9.999381648558575,9.99994771668334,10.0,-9.99999998273707,-10.0
C:\Users\damba\.cache\kagglehub\datasets\salmaneunus\mechanical-tools-dataset\versions\20\Mechanical Tools Image dataset\Mechanical Tools Image dataset\Toolbox\000035.jpg,Toolbox,exito,3.054204297450477,6.684177426517369,9.947316266387594,9.97271568640653,9.999999999999876,9.999989292069433,9.999999999999774
C:\Users\damba\.cache\kagglehub\datasets\salmaneunus\mechanical-tools-dataset\versions\20\Mechanical Tools Image dataset\Mechanical Tools Image dataset\Toolbox\000036.jpg,Toolbox,exito,3.1323738164391246,8.209432063857882,9.711611184396064,9.995076817885078,10.0,9.999999626525616,9.999999999999948
C:\Users\damba\.cache\kagglehub\datasets\salmaneunus\mechanical-tools-dataset\versions\20\Mechanical Tools Image dataset\Mechanical Tools Image dataset\Toolbox\000037.jpg,Toolbox,exito,3.1462834147285736,7.02778585654786,9.966617532745724,9.998312730595202,-9.999999999999998,-9.99999976199092,9.999999999999998
C:\Users\damba\.cache\kagglehub\datasets\salmaneunus\mechanical-tools-dataset\versions\20\Mechanical Tools Image dataset\Mechanical Tools Image dataset\Toolbox\000038.jpg,Toolbox,exito,3.15800235208617,7.772459458688539,9.991077503198763,9.998951999845701,-10.0,-9.999999913908274,-10.0
C:\Users\damba\.cache\kagglehub\datasets\salmaneunus\mechanical-tools-dataset\versions\20\Mechanical Tools Image dataset\Mechanical Tools Image dataset\Toolbox\000039.jpg,Toolbox,exito,3.058346439598581,6.462167150135115,9.996760143578214,9.999656076952673,-10.0,-9.99999985992089,10.0
C:\Users\damba\.cache\kagglehub\datasets\salmaneunus\mechanical-tools-dataset\versions\20\Mechanical Tools Image dataset\Mechanical Tools Image dataset\Toolbox\000040.jpg,Toolbox,exito,3.1418311544408315,7.456674788103955,9.940907636264495,9.977319822758963,9.999999999999904,9.999999432097628,9.999999999999817
C:\Users\damba\.cache\kagglehub\datasets\salmaneunus\mechanical-tools-dataset\versions\20\Mechanical Tools Image dataset\Mechanical Tools Image dataset\Toolbox\000041.jpg,Toolbox,exito,3.1193829435288376,6.957135130500313,9.915903664531937,9.980480734254668,9.999999999999831,9.999995522589115,9.999999999999897
C:\Users\damba\.cache\kagglehub\datasets\salmaneunus\mechanical-tools-dataset\versions\20\Mechanical Tools Image dataset\Mechanical Tools Image dataset\Toolbox\000042.jpg,Toolbox,exito,3.109510069859576,6.885266173745286,9.990908832266902,9.999817485776608,-10.0,-9.999999962044221,10.0
C:\Users\damba\.cache\kagglehub\datasets\salmaneunus\mechanical-tools-dataset\versions\20\Mechanical Tools Image dataset\Mechanical Tools Image dataset\Toolbox\000043.jpg,Toolbox,exito,3.1227960599879014,6.92918231548494,9.979379381647378,9.994594867924272,-9.999999999999988,-9.999998473883558,9.999999999999993
C:\Users\damba\.cache\kagglehub\datasets\salmaneunus\mechanical-tools-dataset\versions\20\Mechanical Tools Image dataset\Mechanical Tools Image dataset\Toolbox\000044.jpg,Toolbox,exito,2.9941799284276303,6.779499479654803,9.995466024023957,9.998656824027766,10.0,-9.99999975147275,-10.0
C:\Users\damba\.cache\kagglehub\datasets\salmaneunus\mechanical-tools-dataset\versions\20\Mechanical Tools Image dataset\Mechanical Tools Image dataset\Toolbox\000045.jpg,Toolbox,exito,3.0947678090294044,6.697602319330864,9.960491201467441,9.995782360785551,9.999999999999993,9.999998645617726,9.99999999999999
C:\Users\damba\.cache\kagglehub\datasets\salmaneunus\mechanical-tools-dataset\versions\20\Mechanical Tools Image dataset\Mechanical Tools Image dataset\Toolbox\000046.jpg,Toolbox,exito,3.1727907369813244,7.9747911226736745,9.978499081316887,9.996094360957816,-9.999999999999991,-9.999999598849676,9.999999999999998
C:\Users\damba\.cache\kagglehub\datasets\salmaneunus\mechanical-tools-dataset\versions\20\Mechanical Tools Image dataset\Mechanical Tools Image dataset\Toolbox\000047.jpg,Toolbox,exito,3.1602325495368944,7.198864066408149,9.98605156785516,9.99975387189325,-10.0,-9.999999972234292,10.0
C:\Users\damba\.cache\kagglehub\datasets\salmaneunus\mechanical-tools-dataset\versions\20\Mechanical Tools Image dataset\Mechanical Tools Image dataset\Toolbox\000048.jpg,Toolbox,exito,3.179356603865879,9.73930919591581,9.995626064686986,9.999884517170736,-10.0,9.999999998970157,-10.0
C:\Users\damba\.cache\kagglehub\datasets\salmaneunus\mechanical-tools-dataset\versions\20\Mechanical Tools Image dataset\Mechanical Tools Image dataset\Toolbox\000049.jpg,Toolbox,exito,3.150328925592278,7.390125405931828,9.988650534036639,9.997852785493924,10.0,-9.999999870635666,9.999999999999998
C:\Users\damba\.cache\kagglehub\datasets\salmaneunus\mechanical-tools-dataset\versions\20\Mechanical Tools Image dataset\Mechanical Tools Image dataset\Toolbox\000050.jpg,Toolbox,exito,3.0931052861256356,6.694822421207283,9.83995010549449,9.99299747659628,-9.99999999999994,-9.999996828767012,-9.999999999999996
C:\Users\damba\.cache\kagglehub\datasets\salmaneunus\mechanical-tools-dataset\versions\20\Mechanical Tools Image dataset\Mechanical Tools Image dataset\Toolbox\000051.jpg,Toolbox,exito,2.9417872520665287,6.109479983371691,9.816392474698523,9.969335158245492,-9.99999999999984,-9.999983142791628,9.999999999999398
C:\Users\damba\.cache\kagglehub\datasets\salmaneunus\mechanical-tools-dataset\versions\20\Mechanical Tools Image dataset\Mechanical Tools Image dataset\Toolbox\000052.jpg,Toolbox,exito,3.1548906424488496,7.18392991249692,9.902337738471518,9.996952049334986,9.999999999999988,9.999999229250301,-9.999999999999996
C:\Users\damba\.cache\kagglehub\datasets\salmaneunus\mechanical-tools-dataset\versions\20\Mechanical Tools Image dataset\Mechanical Tools Image dataset\Toolbox\000053.jpg,Toolbox,exito,3.112515042693141,7.571005098395553,9.93688661728004,9.99272616017408,9.999999999999977,9.999999443661704,-9.99999999999997
C:\Users\damba\.cache\kagglehub\datasets\salmaneunus\mechanical-tools-dataset\versions\20\Mechanical Tools Image dataset\Mechanical Tools Image dataset\Toolbox\000054.jpg,Toolbox,exito,3.123550088882587,7.278133334585299,9.978254603088773,9.998459956787118,-10.0,-9.999999707018482,9.999999999999998
C:\Users\damba\.cache\kagglehub\datasets\salmaneunus\mechanical-tools-dataset\versions\20\Mechanical Tools Image dataset\Mechanical Tools Image dataset\Toolbox\000055.jpg,Toolbox,exito,3.134007791306393,6.906711836215463,9.97325867407694,9.999176772286752,10.0,9.999999918856531,-9.999999999999998
C:\Users\damba\.cache\kagglehub\datasets\salmaneunus\mechanical-tools-dataset\versions\20\Mechanical Tools Image dataset\Mechanical Tools Image dataset\Toolbox\000056.jpg,Toolbox,exito,3.169259798528031,7.652386039436807,9.866780618680385,9.997933249920777,-9.999999999999996,9.999999999580599,9.999999999999993
C:\Users\damba\.cache\kagglehub\datasets\salmaneunus\mechanical-tools-dataset\versions\20\Mechanical Tools Image dataset\Mechanical Tools Image dataset\Toolbox\000057.jpg,Toolbox,exito,3.1817943264892175,9.327369474291254,9.990606392893035,9.99919197721655,-10.0,-9.999999995669414,10.0
C:\Users\damba\.cache\kagglehub\datasets\salmaneunus\mechanical-tools-dataset\versions\20\Mechanical Tools Image dataset\Mechanical Tools Image dataset\Toolbox\000058.jpg,Toolbox,exito,3.1187097974547155,6.833598062495647,9.923838165989816,9.99151842980118,9.999999999999947,9.99999672226757,10.0
C:\Users\damba\.cache\kagglehub\datasets\salmaneunus\mechanical-tools-dataset\versions\20\Mechanical Tools Image dataset\Mechanical Tools Image dataset\Toolbox\000059.jpg,Toolbox,exito,3.005578953632167,6.654010981415381,9.912333931824893,9.932245890284275,-9.999999999998929,-9.999982771732451,-9.99999999999906
C:\Users\damba\.cache\kagglehub\datasets\salmaneunus\mechanical-tools-dataset\versions\20\Mechanical Tools Image dataset\Mechanical Tools Image dataset\Toolbox\000060.jpg,Toolbox,exito,2.8779183465272076,8.106133360558157,9.73537715027764,9.501709416723564,9.999999999880744,9.99993584260795,-9.999999999961204
C:\Users\damba\.cache\kagglehub\datasets\salmaneunus\mechanical-tools-dataset\versions\20\Mechanical Tools Image dataset\Mechanical Tools Image dataset\Toolbox\000061.jpg,Toolbox,exito,3.0578989411510857,6.478360319172174,9.91329974111923,9.970488601028263,9.999999999999622,9.999982645472615,9.999999999999957
C:\Users\damba\.cache\kagglehub\datasets\salmaneunus\mechanical-tools-dataset\versions\20\Mechanical Tools Image dataset\Mechanical Tools Image dataset\Toolbox\000062.jpg,Toolbox,exito,3.138543518557531,6.967843677815277,9.998799787242037,9.999695672214058,10.0,9.999999995620993,-10.0
C:\Users\damba\.cache\kagglehub\datasets\salmaneunus\mechanical-tools-dataset\versions\20\Mechanical Tools Image dataset\Mechanical Tools Image dataset\Toolbox\000063.jpg,Toolbox,exito,3.1494958825041866,8.238194068678041,9.959163778106683,9.999356331415337,10.0,9.999999954198735,-10.0
C:\Users\damba\.cache\kagglehub\datasets\salmaneunus\mechanical-tools-dataset\versions\20\Mechanical Tools Image dataset\Mechanical Tools Image dataset\Toolbox\000064.jpg,Toolbox,exito,3.0844249516340274,7.194902352762312,9.923061899134234,9.950051526372997,-9.999999999999712,-9.999989041415795,-9.99999999999924
C:\Users\damba\.cache\kagglehub\datasets\salmaneunus\mechanical-tools-dataset\versions\20\Mechanical Tools Image dataset\Mechanical Tools Image dataset\Toolbox\000065.jpg,Toolbox,exito,3.1892059364686225,8.590401110302562,9.981130364844375,9.999874750341068,10.0,-9.999999996239827,-10.0
C:\Users\damba\.cache\kagglehub\datasets\salmaneunus\mechanical-tools-dataset\versions\20\Mechanical Tools Image dataset\Mechanical Tools Image dataset\Toolbox\000066.jpg,Toolbox,exito,3.1393726500598134,8.035993344463447,9.989130102471552,9.974656774080984,9.999999999999968,-9.999998063551818,9.999999999999902
C:\Users\damba\.cache\kagglehub\datasets\salmaneunus\mechanical-tools-dataset\versions\20\Mechanical Tools Image dataset\Mechanical Tools Image dataset\Toolbox\000067.jpg,Toolbox,exito,3.184448986228089,8.30923102205166,9.997262402158363,9.999464138194229,-10.0,-9.999999975532567,10.0
C:\Users\damba\.cache\kagglehub\datasets\salmaneunus\mechanical-tools-dataset\versions\20\Mechanical Tools Image dataset\Mechanical Tools Image dataset\Toolbox\000068.jpg,Toolbox,exito,3.129770096169822,6.897700461593664,9.996407006401526,9.99950603654548,10.0,9.999999870954106,-10.0
C:\Users\damba\.cache\kagglehub\datasets\salmaneunus\mechanical-tools-dataset\versions\20\Mechanical Tools Image dataset\Mechanical Tools Image dataset\Toolbox\000069.jpg,Toolbox,exito,3.0052187654932703,6.253010341216519,9.987190444598406,9.998301352129804,10.0,9.99999982164038,-9.999999999999998
C:\Users\damba\.cache\kagglehub\datasets\salmaneunus\mechanical-tools-dataset\versions\20\Mechanical Tools Image dataset\Mechanical Tools Image dataset\Toolbox\000070.jpg,Toolbox,exito,3.021735488326119,7.367929055185394,9.562965412705124,9.854132400178434,9.999999999985864,9.999975640112941,-9.999999999997108
C:\Users\damba\.cache\kagglehub\datasets\salmaneunus\mechanical-tools-dataset\versions\20\Mechanical Tools Image dataset\Mechanical Tools Image dataset\Toolbox\000071.jpg,Toolbox,exito,3.1556311115811613,7.28540038530184,9.95181996057512,9.997414629642348,10.0,-9.999999848956612,9.999999999999993
C:\Users\damba\.cache\kagglehub\datasets\salmaneunus\mechanical-tools-dataset\versions\20\Mechanical Tools Image dataset\Mechanical Tools Image dataset\Toolbox\000072.jpg,Toolbox,exito,3.1522724305809215,7.19184592184355,9.993250194113578,9.999585531369563,10.0,9.999999978859037,10.0
C:\Users\damba\.cache\kagglehub\datasets\salmaneunus\mechanical-tools-dataset\versions\20\Mechanical Tools Image dataset\Mechanical Tools Image dataset\Toolbox\000073.jpg,Toolbox,exito,3.109818572621152,7.422980405389172,9.926661322587766,9.963891777314279,9.999999999999986,-9.999992754336775,9.999999999999524
C:\Users\damba\.cache\kagglehub\datasets\salmaneunus\mechanical-tools-dataset\versions\20\Mechanical Tools Image dataset\Mechanical Tools Image dataset\Toolbox\000074.jpg,Toolbox,exito,3.095762039749109,7.85205479446053,9.882081291944088,9.960470244477152,9.999999999999437,-9.999996732930809,9.999999999999561
C:\Users\damba\.cache\kagglehub\datasets\salmaneunus\mechanical-tools-dataset\versions\20\Mechanical Tools Image dataset\Mechanical Tools Image dataset\Toolbox\000075.jpg,Toolbox,exito,3.023291314285988,6.313942790471241,9.984334568054592,9.997407456407673,9.999999999999996,9.999998188914507,-10.0
C:\Users\damba\.cache\kagglehub\datasets\salmaneunus\mechanical-tools-dataset\versions\20\Mechanical Tools Image dataset\Mechanical Tools Image dataset\Toolbox\000076.jpg,Toolbox,exito,2.962512240753734,6.619579888097717,9.847962502348395,9.96316095968956,-9.99999999999966,-9.999999692038937,9.999999999999341
C:\Users\damba\.cache\kagglehub\datasets\salmaneunus\mechanical-tools-dataset\versions\20\Mechanical Tools Image dataset\Mechanical Tools Image dataset\Toolbox\000077.jpg,Toolbox,exito,3.093323187029217,7.73307854341569,9.996057086769198,9.96766384874634,9.999999999999973,9.999995907681035,9.999999999999915
C:\Users\damba\.cache\kagglehub\datasets\salmaneunus\mechanical-tools-dataset\versions\20\Mechanical Tools Image dataset\Mechanical Tools Image dataset\Toolbox\000078.jpg,Toolbox,exito,3.11447333018851,6.892814894104399,9.986113969029475,9.999699394680896,-10.0,9.999999902730575,-10.0
C:\Users\damba\.cache\kagglehub\datasets\salmaneunus\mechanical-tools-dataset\versions\20\Mechanical Tools Image dataset\Mechanical Tools Image dataset\Toolbox\000079.jpg,Toolbox,exito,3.0845474466753937,6.589695489560644,9.980877565200979,9.998403123434901,-10.0,-9.999999957671749,-9.999999999999998
C:\Users\damba\.cache\kagglehub\datasets\salmaneunus\mechanical-tools-dataset\versions\20\Mechanical Tools Image dataset\Mechanical Tools Image dataset\Toolbox\000080.jpg,Toolbox,exito,3.135852827274131,7.204445339201865,9.900894393966041,9.9924903738574,-9.999999999999973,9.999999759698943,-9.999999999999957
C:\Users\damba\.cache\kagglehub\datasets\salmaneunus\mechanical-tools-dataset\versions\20\Mechanical Tools Image dataset\Mechanical Tools Image dataset\Toolbox\000081.jpg,Toolbox,exito,3.0705257340462953,7.450131319692801,9.688187543243876,9.941370434145,9.999999999998161,9.999997619533882,9.999999999998387
C:\Users\damba\.cache\kagglehub\datasets\salmaneunus\mechanical-tools-dataset\versions\20\Mechanical Tools Image dataset\Mechanical Tools Image dataset\Toolbox\000082.jpg,Toolbox,exito,3.083929611809676,6.882847136067218,9.998799671598665,9.992762915253714,10.0,9.99999925037549,9.999999999999995
C:\Users\damba\.cache\kagglehub\datasets\salmaneunus\mechanical-tools-dataset\versions\20\Mechanical Tools Image dataset\Mechanical Tools Image dataset\Toolbox\000083.jpg,Toolbox,exito,3.1565203395288393,7.338338717291613,9.961592926305059,9.998550105596903,9.999999999999998,-9.999999811138943,9.999999999999998
C:\Users\damba\.cache\kagglehub\datasets\salmaneunus\mechanical-tools-dataset\versions\20\Mechanical Tools Image dataset\Mechanical Tools Image dataset\Toolbox\000084.jpg,Toolbox,exito,3.1009107260525997,7.326366777570384,9.939736557930015,9.991911594450258,-9.999999999999982,-9.9999991331252,-9.999999999999961
C:\Users\damba\.cache\kagglehub\datasets\salmaneunus\mechanical-tools-dataset\versions\20\Mechanical Tools Image dataset\Mechanical Tools Image dataset\Toolbox\000085.jpg,Toolbox,exito,3.082217405380397,6.571408093209756,9.940113621439215,9.993493180080112,9.99999999999997,9.999996793207043,-9.999999999999991
C:\Users\damba\.cache\kagglehub\datasets\salmaneunus\mechanical-tools-dataset\versions\20\Mechanical Tools Image dataset\Mechanical Tools Image dataset\Toolbox\000086.jpg,Toolbox,exito,3.1752244811257317,8.420727963756622,9.996721109960342,9.999866609431086,10.0,9.999999999759563,-10.0
C:\Users\damba\.cache\kagglehub\datasets\salmaneunus\mechanical-tools-dataset\versions\20\Mechanical Tools Image dataset\Mechanical Tools Image dataset\Toolbox\000087.jpg,Toolbox,exito,2.951600016598007,7.610817681197164,9.676976776860764,9.915898048639724,9.999999999997776,9.99999687135555,-9.99999999999608
C:\Users\damba\.cache\kagglehub\datasets\salmaneunus\mechanical-tools-dataset\versions\20\Mechanical Tools Image dataset\Mechanical Tools Image dataset\Toolbox\000088.jpg,Toolbox,exito,3.0705555449026014,6.592750559831374,9.988901252355715,9.996925020711812,-9.999999999999996,-9.999998570302456,-9.999999999999998
C:\Users\damba\.cache\kagglehub\datasets\salmaneunus\mechanical-tools-dataset\versions\20\Mechanical Tools Image dataset\Mechanical Tools Image dataset\Toolbox\000089.jpg,Toolbox,exito,3.1645137533100622,9.691767133328536,9.963755773233517,9.995581873432872,9.999999999999988,-9.99999996069282,-9.999999999999996
C:\Users\damba\.cache\kagglehub\datasets\salmaneunus\mechanical-tools-dataset\versions\20\Mechanical Tools Image dataset\Mechanical Tools Image dataset\Toolbox\000090.jpg,Toolbox,exito,3.079743950516228,7.748003217671869,9.983669952722149,9.924031157903329,9.999999999999307,-9.999990755101884,-9.999999999999844
C:\Users\damba\.cache\kagglehub\datasets\salmaneunus\mechanical-tools-dataset\versions\20\Mechanical Tools Image dataset\Mechanical Tools Image dataset\Toolbox\000091.jpg,Toolbox,exito,3.1375005423529907,8.69567923836783,9.993536119455646,9.999157968326246,10.0,9.999999982673627,-10.0
C:\Users\damba\.cache\kagglehub\datasets\salmaneunus\mechanical-tools-dataset\versions\20\Mechanical Tools Image dataset\Mechanical Tools Image dataset\Toolbox\000092.jpg,Toolbox,exito,2.732411238875944,5.724106539919187,8.592148005688125,8.829045049349418,9.9999999890375,9.991861192671369,-9.999999998491345
C:\Users\damba\.cache\kagglehub\datasets\salmaneunus\mechanical-tools-dataset\versions\20\Mechanical Tools Image dataset\Mechanical Tools Image dataset\Toolbox\000093.jpg,Toolbox,exito,3.1480840483277146,7.539045489723994,9.997434585199713,9.999606601420885,-10.0,9.99999995013052,10.0
C:\Users\damba\.cache\kagglehub\datasets\salmaneunus\mechanical-tools-dataset\versions\20\Mechanical Tools Image dataset\Mechanical Tools Image dataset\Toolbox\000094.jpg,Toolbox,exito,3.1156041462926125,6.815339274088198,9.989176878922535,9.999716180773406,10.0,9.999999905080644,-10.0
C:\Users\damba\.cache\kagglehub\datasets\salmaneunus\mechanical-tools-dataset\versions\20\Mechanical Tools Image dataset\Mechanical Tools Image dataset\Toolbox\000095.jpg,Toolbox,exito,3.075764721059935,6.532496170498579,9.981897187215486,9.998553337927392,-10.0,-9.999999712136223,-9.999999999999998
C:\Users\damba\.cache\kagglehub\datasets\salmaneunus\mechanical-tools-dataset\versions\20\Mechanical Tools Image dataset\Mechanical Tools Image dataset\Toolbox\000096.jpg,Toolbox,exito,3.1460420529564708,7.613952721565279,9.916600974133821,9.990358414603868,9.999999999999986,9.999998823159325,9.999999999999934
C:\Users\damba\.cache\kagglehub\datasets\salmaneunus\mechanical-tools-dataset\versions\20\Mechanical Tools Image dataset\Mechanical Tools Image dataset\Toolbox\000097.jpg,Toolbox,exito,3.127361799456477,6.90134693360548,9.991601865736346,9.999394409260733,-10.0,-9.999999812903383,-10.0
C:\Users\damba\.cache\kagglehub\datasets\salmaneunus\mechanical-tools-dataset\versions\20\Mechanical Tools Image dataset\Mechanical Tools Image dataset\Toolbox\000098.jpg,Toolbox,exito,3.1127676484314177,6.938937059014272,9.823426258695127,9.987476490649613,-9.99999999999985,-9.999996885978689,9.99999999999996
C:\Users\damba\.cache\kagglehub\datasets\salmaneunus\mechanical-tools-dataset\versions\20\Mechanical Tools Image dataset\Mechanical Tools Image dataset\Toolbox\000099.jpg,Toolbox,exito,3.169517803942207,7.683286537205845,9.961124688131996,9.99900390897113,-10.0,9.999999993975031,9.999999999999998
C:\Users\damba\.cache\kagglehub\datasets\salmaneunus\mechanical-tools-dataset\versions\20\Mechanical Tools Image dataset\Mechanical Tools Image dataset\Toolbox\000100.jpg,Toolbox,exito,3.0366556863560246,6.406343070498885,9.895125714068547,9.996208737768214,-9.999999999999986,-9.999997944801061,-9.999999999999988
C:\Users\damba\.cache\kagglehub\datasets\salmaneunus\mechanical-tools-dataset\versions\20\Mechanical Tools Image dataset\Mechanical Tools Image dataset\Toolbox\000101.jpg,Toolbox,exito,3.0506535736379337,7.2344718059239215,9.979189660331063,9.883163144699683,-9.9999999999988,-9.999983293510464,-9.999999999998868
C:\Users\damba\.cache\kagglehub\datasets\salmaneunus\mechanical-tools-dataset\versions\20\Mechanical Tools Image dataset\Mechanical Tools Image dataset\Toolbox\000102.jpg,Toolbox,exito,3.1394159126289756,8.218817602620236,9.94857194040231,9.998166336932766,-9.999999999999998,-9.999999858951053,-9.999999999999996
C:\Users\damba\.cache\kagglehub\datasets\salmaneunus\mechanical-tools-dataset\versions\20\Mechanical Tools Image dataset\Mechanical Tools Image dataset\Toolbox\000103.jpg,Toolbox,exito,2.9030745153557396,6.002037376613737,9.633476303402254,9.837400663333408,9.999999999984812,9.999810595280188,9.999999999998138
C:\Users\damba\.cache\kagglehub\datasets\salmaneunus\mechanical-tools-dataset\versions\20\Mechanical Tools Image dataset\Mechanical Tools Image dataset\Toolbox\000104.jpg,Toolbox,exito,3.1078429311691718,7.064696935647438,9.891252576683987,9.978718677295058,-9.999999999999758,-9.999994120644367,-9.999999999999904
C:\Users\damba\.cache\kagglehub\datasets\salmaneunus\mechanical-tools-dataset\versions\20\Mechanical Tools Image dataset\Mechanical Tools Image dataset\Toolbox\000105.jpg,Toolbox,exito,3.1209335527508646,6.975591350026967,9.976831504940737,9.995499092004135,9.999999999999996,9.999999611579451,9.99999999999999
C:\Users\damba\.cache\kagglehub\datasets\salmaneunus\mechanical-tools-dataset\versions\20\Mechanical Tools Image dataset\Mechanical Tools Image dataset\Toolbox\000106.jpg,Toolbox,exito,3.1349972635168815,6.916246008006371,9.981839598027314,9.999335051582937,10.0,9.999999830774943,10.0
C:\Users\damba\.cache\kagglehub\datasets\salmaneunus\mechanical-tools-dataset\versions\20\Mechanical Tools Image dataset\Mechanical Tools Image dataset\Toolbox\000107.jpg,Toolbox,exito,3.162464259961997,8.161598394605186,9.965485138637995,9.999530986054374,-10.0,-9.999999990314059,10.0
C:\Users\damba\.cache\kagglehub\datasets\salmaneunus\mechanical-tools-dataset\versions\20\Mechanical Tools Image dataset\Mechanical Tools Image dataset\Toolbox\000108.jpg,Toolbox,exito,3.1607100379461475,7.340112697160187,9.91796402294892,9.997062754294713,9.999999999999996,-9.999999722402787,9.99999999999999
C:\Users\damba\.cache\kagglehub\datasets\salmaneunus\mechanical-tools-dataset\versions\20\Mechanical Tools Image dataset\Mechanical Tools Image dataset\Toolbox\000109.jpg,Toolbox,exito,3.1438550540383665,7.586960132438748,9.990065939736542,9.991825554600599,9.99999999999999,9.999998695865955,9.999999999999986
C:\Users\damba\.cache\kagglehub\datasets\salmaneunus\mechanical-tools-dataset\versions\20\Mechanical Tools Image dataset\Mechanical Tools Image dataset\Toolbox\000110.jpg,Toolbox,exito,3.161265881636958,8.56088721917724,9.97390082512313,9.991867973791226,9.999999999999975,-9.999999776651316,-9.999999999999986
C:\Users\damba\.cache\kagglehub\datasets\salmaneunus\mechanical-tools-dataset\versions\20\Mechanical Tools Image dataset\Mechanical Tools Image dataset\Toolbox\000111.jpg,Toolbox,exito,3.104433033871629,9.206416396461421,9.95717857400806,9.938529250741398,9.999999999999615,9.999998495592791,9.999999999999266
C:\Users\damba\.cache\kagglehub\datasets\salmaneunus\mechanical-tools-dataset\versions\20\Mechanical Tools Image dataset\Mechanical Tools Image dataset\Toolbox\000112.jpg,Toolbox,exito,3.1671988270645817,7.517489802104152,9.915847537980952,9.999242550531806,-10.0,9.999999920410911,-9.999999999999998
C:\Users\damba\.cache\kagglehub\datasets\salmaneunus\mechanical-tools-dataset\versions\20\Mechanical Tools Image dataset\Mechanical Tools Image dataset\Toolbox\000113.jpg,Toolbox,exito,3.125575475163156,6.909994814000123,9.84869439062346,9.987302925877922,9.999999999999858,9.999995633151297,9.999999999999977
C:\Users\damba\.cache\kagglehub\datasets\salmaneunus\mechanical-tools-dataset\versions\20\Mechanical Tools Image dataset\Mechanical Tools Image dataset\Toolbox\000114.jpg,Toolbox,exito,3.184700019878026,10.0,10.0,10.0,-10.0,10.0,0.0
C:\Users\damba\.cache\kagglehub\datasets\salmaneunus\mechanical-tools-dataset\versions\20\Mechanical Tools Image dataset\Mechanical Tools Image dataset\Toolbox\000115.jpg,Toolbox,exito,3.0626711256897208,6.472175600228097,9.970646733404108,9.996907466476392,9.999999999999993,9.999998453395632,-9.999999999999996
C:\Users\damba\.cache\kagglehub\datasets\salmaneunus\mechanical-tools-dataset\versions\20\Mechanical Tools Image dataset\Mechanical Tools Image dataset\Toolbox\000116.jpg,Toolbox,exito,3.169064857512567,7.361482742674475,9.9922736811087,9.999774440221552,10.0,9.999999953665071,-10.0
C:\Users\damba\.cache\kagglehub\datasets\salmaneunus\mechanical-tools-dataset\versions\20\Mechanical Tools Image dataset\Mechanical Tools Image dataset\Toolbox\000117.jpg,Toolbox,exito,3.0809983169090365,7.726145225488894,9.655069639132652,9.921794385861622,9.999999999996152,-9.99998995958157,-9.999999999998337
C:\Users\damba\.cache\kagglehub\datasets\salmaneunus\mechanical-tools-dataset\versions\20\Mechanical Tools Image dataset\Mechanical Tools Image dataset\Toolbox\000118.jpg,Toolbox,exito,2.9809004517502187,7.2417283937597885,9.916701396078452,9.905048690020493,-9.999999999999973,9.999990156500832,-9.999999999997588
C:\Users\damba\.cache\kagglehub\datasets\salmaneunus\mechanical-tools-dataset\versions\20\Mechanical Tools Image dataset\Mechanical Tools Image dataset\Toolbox\000119.jpg,Toolbox,exito,3.0834305137792444,7.107989613291012,9.955749410710247,9.989118920884893,-9.999999999999948,-9.999997099483389,9.999999999999975
C:\Users\damba\.cache\kagglehub\datasets\salmaneunus\mechanical-tools-dataset\versions\20\Mechanical Tools Image dataset\Mechanical Tools Image dataset\Toolbox\000120.jpg,Toolbox,exito,3.1022258504714757,7.86210391780001,9.943004952500367,9.926500802011438,9.999999999999519,-9.999991649936518,-9.999999999998806
C:\Users\damba\.cache\kagglehub\datasets\salmaneunus\mechanical-tools-dataset\versions\20\Mechanical Tools Image dataset\Mechanical Tools Image dataset\Toolbox\000121.jpg,Toolbox,exito,3.0641360797887836,6.803574876831163,9.989434909605185,9.993949677715499,9.999999999999991,-9.999999523896733,9.999999999999993
C:\Users\damba\.cache\kagglehub\datasets\salmaneunus\mechanical-tools-dataset\versions\20\Mechanical Tools Image dataset\Mechanical Tools Image dataset\Toolbox\000122.jpg,Toolbox,exito,3.137238653059876,7.7252488357981255,9.844781480009134,9.98318641631726,9.999999999999817,9.999998021348052,9.999999999999872
C:\Users\damba\.cache\kagglehub\datasets\salmaneunus\mechanical-tools-dataset\versions\20\Mechanical Tools Image dataset\Mechanical Tools Image dataset\Toolbox\000123.jpg,Toolbox,exito,3.0952113376421737,6.656281703495619,9.92500966635848,9.990002970832233,9.99999999999994,9.999996097858283,-9.99999999999997
C:\Users\damba\.cache\kagglehub\datasets\salmaneunus\mechanical-tools-dataset\versions\20\Mechanical Tools Image dataset\Mechanical Tools Image dataset\Toolbox\000124.jpg,Toolbox,exito,3.10170032229396,7.350016500126968,9.906071081072925,9.999060627728612,-10.0,-9.999999965627499,9.999999999999998
C:\Users\damba\.cache\kagglehub\datasets\salmaneunus\mechanical-tools-dataset\versions\20\Mechanical Tools Image dataset\Mechanical Tools Image dataset\Toolbox\000125.jpg,Toolbox,exito,3.0811348531682112,6.702749640175716,9.765884773328565,9.97665458145825,-9.999999999999748,-9.999995134401882,9.999999999999597
C:\Users\damba\.cache\kagglehub\datasets\salmaneunus\mechanical-tools-dataset\versions\20\Mechanical Tools Image dataset\Mechanical Tools Image dataset\Toolbox\000126.jpg,Toolbox,exito,3.1439093201294375,7.790082014144472,9.99647348794821,9.998298328728808,-10.0,-9.999999834554147,10.0
C:\Users\damba\.cache\kagglehub\datasets\salmaneunus\mechanical-tools-dataset\versions\20\Mechanical Tools Image dataset\Mechanical Tools Image dataset\Toolbox\000127.jpg,Toolbox,exito,3.1711802623196887,7.414876359276205,9.959534075295398,9.998475494775109,-9.999999999999998,-9.999999926332421,-9.999999999999998
C:\Users\damba\.cache\kagglehub\datasets\salmaneunus\mechanical-tools-dataset\versions\20\Mechanical Tools Image dataset\Mechanical Tools Image dataset\Toolbox\000128.jpg,Toolbox,exito,3.1633421841689167,7.371216471348218,9.944806084667059,9.997341224036509,10.0,-9.999999823443794,9.999999999999993
C:\Users\damba\.cache\kagglehub\datasets\salmaneunus\mechanical-tools-dataset\versions\20\Mechanical Tools Image dataset\Mechanical Tools Image dataset\Toolbox\000129.jpg,Toolbox,exito,3.1427944100120886,7.185090579565536,9.99334253943212,9.996951658545074,-9.999999999999998,-9.999999221018903,9.999999999999998
C:\Users\damba\.cache\kagglehub\datasets\salmaneunus\mechanical-tools-dataset\versions\20\Mechanical Tools Image dataset\Mechanical Tools Image dataset\Toolbox\000130.jpg,Toolbox,exito,3.1104090733066583,7.2483661065411065,9.90321500072902,9.995167751317432,-9.999999999999979,-9.99999894174085,9.999999999999988
C:\Users\damba\.cache\kagglehub\datasets\salmaneunus\mechanical-tools-dataset\versions\20\Mechanical Tools Image dataset\Mechanical Tools Image dataset\Toolbox\000131.jpg,Toolbox,exito,3.0914238776923524,6.882838845823906,9.963853171536146,9.995088358752676,-9.999999999999984,-9.999998692409488,-9.999999999999996
C:\Users\damba\.cache\kagglehub\datasets\salmaneunus\mechanical-tools-dataset\versions\20\Mechanical Tools Image dataset\Mechanical Tools Image dataset\Toolbox\000132.jpg,Toolbox,exito,3.069305595387543,7.599517724727823,9.998949333222262,9.981226833948282,10.0,9.999998120470586,9.99999999999998
C:\Users\damba\.cache\kagglehub\datasets\salmaneunus\mechanical-tools-dataset\versions\20\Mechanical Tools Image dataset\Mechanical Tools Image dataset\Toolbox\000133.jpg,Toolbox,exito,3.145239348468205,7.057065857942414,9.927150037438414,9.998919520237829,9.999999999999998,9.999999715118243,10.0
C:\Users\damba\.cache\kagglehub\datasets\salmaneunus\mechanical-tools-dataset\versions\20\Mechanical Tools Image dataset\Mechanical Tools Image dataset\Toolbox\000134.jpg,Toolbox,exito,3.082756683343704,6.693249269099232,9.94283452361007,9.990938262646731,9.99999999999995,9.99999615725117,-9.999999999999995
C:\Users\damba\.cache\kagglehub\datasets\salmaneunus\mechanical-tools-dataset\versions\20\Mechanical Tools Image dataset\Mechanical Tools Image dataset\Toolbox\000135.jpg,Toolbox,exito,3.184700019878026,10.0,10.0,10.0,-10.0,10.0,0.0
C:\Users\damba\.cache\kagglehub\datasets\salmaneunus\mechanical-tools-dataset\versions\20\Mechanical Tools Image dataset\Mechanical Tools Image dataset\Toolbox\000136.jpg,Toolbox,exito,3.1483490137304466,7.778623952005638,9.98058610968546,9.997169730321943,-9.999999999999996,-9.999999964448758,-9.999999999999996
C:\Users\damba\.cache\kagglehub\datasets\salmaneunus\mechanical-tools-dataset\versions\20\Mechanical Tools Image dataset\Mechanical Tools Image dataset\Toolbox\000137.jpg,Toolbox,exito,3.1271448166045825,7.0232345585741305,9.98858680133396,9.997247906076561,-9.999999999999996,-9.999999175697441,-9.999999999999998
C:\Users\damba\.cache\kagglehub\datasets\salmaneunus\mechanical-tools-dataset\versions\20\Mechanical Tools Image dataset\Mechanical Tools Image dataset\Toolbox\000138.jpg,Toolbox,exito,3.0692112171044665,6.748101214990622,9.835083685557663,9.941912858871964,9.999999999998982,9.999974298364908,9.999999999998769
C:\Users\damba\.cache\kagglehub\datasets\salmaneunus\mechanical-tools-dataset\versions\20\Mechanical Tools Image dataset\Mechanical Tools Image dataset\Toolbox\000139.jpg,Toolbox,exito,3.175049058869389,7.571413010533083,9.994830445867011,9.997333342577633,9.999999999999998,9.999999690447833,-10.0
C:\Users\damba\.cache\kagglehub\datasets\salmaneunus\mechanical-tools-dataset\versions\20\Mechanical Tools Image dataset\Mechanical Tools Image dataset\Toolbox\000140.jpg,Toolbox,exito,3.1330640419404214,7.399848827044256,9.84403163153176,9.994938617328934,-9.999999999999991,9.99999955476789,9.999999999999964
C:\Users\damba\.cache\kagglehub\datasets\salmaneunus\mechanical-tools-dataset\versions\20\Mechanical Tools Image dataset\Mechanical Tools Image dataset\Toolbox\000141.jpg,Toolbox,exito,3.1070335307439048,7.106860611000718,9.959235801535241,9.997674506352034,-9.999999999999996,-9.999999450263573,9.999999999999996
C:\Users\damba\.cache\kagglehub\datasets\salmaneunus\mechanical-tools-dataset\versions\20\Mechanical Tools Image dataset\Mechanical Tools Image dataset\Toolbox\000142.jpg,Toolbox,exito,3.134252856465951,7.085425513007334,9.970767997249755,9.991351900183489,-9.999999999999995,-9.999999606618617,9.999999999999968
C:\Users\damba\.cache\kagglehub\datasets\salmaneunus\mechanical-tools-dataset\versions\20\Mechanical Tools Image dataset\Mechanical Tools Image dataset\Toolbox\000143.jpg,Toolbox,exito,2.976282356154569,6.549624926783832,9.220305104551501,9.870879339643796,9.999999999991951,9.99996732066592,-9.999999999981881
C:\Users\damba\.cache\kagglehub\datasets\salmaneunus\mechanical-tools-dataset\versions\20\Mechanical Tools Image dataset\Mechanical Tools Image dataset\Toolbox\000144.jpg,Toolbox,exito,3.0543896454793127,6.657311723751437,9.620060490473294,9.877768696468404,9.999999999992275,9.99996139688723,9.99999999999444
C:\Users\damba\.cache\kagglehub\datasets\salmaneunus\mechanical-tools-dataset\versions\20\Mechanical Tools Image dataset\Mechanical Tools Image dataset\Toolbox\000145.jpg,Toolbox,exito,2.9894795404212715,6.667901560453187,9.375696857151496,9.412631066512382,9.999999999641254,9.999446108495864,9.999999999881759
C:\Users\damba\.cache\kagglehub\datasets\salmaneunus\mechanical-tools-dataset\versions\20\Mechanical Tools Image dataset\Mechanical Tools Image dataset\Toolbox\000146.jpg,Toolbox,exito,3.0928286454114056,6.657533072635263,9.975901916443641,9.99679124609318,9.999999999999995,9.999998854020834,-9.999999999999995
C:\Users\damba\.cache\kagglehub\datasets\salmaneunus\mechanical-tools-dataset\versions\20\Mechanical Tools Image dataset\Mechanical Tools Image dataset\Toolbox\000147.jpg,Toolbox,exito,3.066769346698491,8.338900201987846,9.558286791368703,9.881065761254753,-9.999999999999872,-9.999996929849162,9.999999999989798
C:\Users\damba\.cache\kagglehub\datasets\salmaneunus\mechanical-tools-dataset\versions\20\Mechanical Tools Image dataset\Mechanical Tools Image dataset\Toolbox\000149.jpg,Toolbox,exito,3.1495729402985195,7.45641169709198,9.917330628664134,9.974961173857258,9.999999999999712,9.999995196275908,9.999999999999991
C:\Users\damba\.cache\kagglehub\datasets\salmaneunus\mechanical-tools-dataset\versions\20\Mechanical Tools Image dataset\Mechanical Tools Image dataset\Toolbox\000150.jpg,Toolbox,exito,3.053820066957798,7.130441128594427,9.837446046614561,9.975857230228387,9.9999999999996,9.999998042863238,9.999999999999995
C:\Users\damba\.cache\kagglehub\datasets\salmaneunus\mechanical-tools-dataset\versions\20\Mechanical Tools Image dataset\Mechanical Tools Image dataset\Toolbox\000151.jpg,Toolbox,exito,3.0886072196922396,6.819282746250712,9.829640731499962,9.976595246175215,9.999999999999671,-9.999996765132858,-9.999999999999787
C:\Users\damba\.cache\kagglehub\datasets\salmaneunus\mechanical-tools-dataset\versions\20\Mechanical Tools Image dataset\Mechanical Tools Image dataset\Toolbox\000152.jpg,Toolbox,exito,2.9767121905836555,6.71118583803003,9.280880721398447,9.275082577358495,9.999999999200677,9.999176064617744,9.999999999997277
C:\Users\damba\.cache\kagglehub\datasets\salmaneunus\mechanical-tools-dataset\versions\20\Mechanical Tools Image dataset\Mechanical Tools Image dataset\Toolbox\000153.jpg,Toolbox,exito,3.18602898874797,8.258617362541475,9.998882818509996,9.999927114466706,10.0,-9.999999997360478,10.0
C:\Users\damba\.cache\kagglehub\datasets\salmaneunus\mechanical-tools-dataset\versions\20\Mechanical Tools Image dataset\Mechanical Tools Image dataset\Toolbox\000154.jpg,Toolbox,exito,3.1231604747630506,8.107207132218821,9.868274842045162,9.985458800156323,-9.999999999999957,9.999998701370505,-9.999999999999844
C:\Users\damba\.cache\kagglehub\datasets\salmaneunus\mechanical-tools-dataset\versions\20\Mechanical Tools Image dataset\Mechanical Tools Image dataset\Toolbox\000155.jpg,Toolbox,exito,3.1254324028916023,6.933874100007898,9.9108111430121,9.991890187586174,9.999999999999947,9.999997250010452,-9.99999999999999
C:\Users\damba\.cache\kagglehub\datasets\salmaneunus\mechanical-tools-dataset\versions\20\Mechanical Tools Image dataset\Mechanical Tools Image dataset\Toolbox\000156.jpg,Toolbox,exito,3.184700019878026,10.0,10.0,10.0,-10.0,10.0,0.0
C:\Users\damba\.cache\kagglehub\datasets\salmaneunus\mechanical-tools-dataset\versions\20\Mechanical Tools Image dataset\Mechanical Tools Image dataset\Toolbox\000157.jpg,Toolbox,exito,3.1233359970022794,7.4439651858217015,9.916380946691252,9.991067737062327,-9.999999999999941,9.999999626272263,9.999999999999988
C:\Users\damba\.cache\kagglehub\datasets\salmaneunus\mechanical-tools-dataset\versions\20\Mechanical Tools Image dataset\Mechanical Tools Image dataset\Toolbox\000158.jpg,Toolbox,exito,3.0077848445409745,6.749374027166452,9.996647912727072,9.997194757095041,10.0,9.99999892123588,9.999999999999998
C:\Users\damba\.cache\kagglehub\datasets\salmaneunus\mechanical-tools-dataset\versions\20\Mechanical Tools Image dataset\Mechanical Tools Image dataset\Toolbox\000159.jpg,Toolbox,exito,2.932334253722676,6.74613854523245,9.461846206124628,9.99925568212139,-9.999999999999998,9.999999687805666,9.999999999999996
C:\Users\damba\.cache\kagglehub\datasets\salmaneunus\mechanical-tools-dataset\versions\20\Mechanical Tools Image dataset\Mechanical Tools Image dataset\Toolbox\000160.jpg,Toolbox,exito,3.1092773831369334,6.804007020239816,9.969679478689882,9.99878011714034,9.999999999999998,9.999999524514388,-10.0
C:\Users\damba\.cache\kagglehub\datasets\salmaneunus\mechanical-tools-dataset\versions\20\Mechanical Tools Image dataset\Mechanical Tools Image dataset\Toolbox\000161.jpg,Toolbox,exito,3.1728122424287237,8.0820305563889,9.970195146948827,9.99946131179922,-10.0,-9.99999995148152,10.0
C:\Users\damba\.cache\kagglehub\datasets\salmaneunus\mechanical-tools-dataset\versions\20\Mechanical Tools Image dataset\Mechanical Tools Image dataset\Toolbox\000162.jpg,Toolbox,exito,3.1002325733387406,7.608086083827597,9.751706710267001,9.974951711401836,9.999999999999455,9.999996045140167,9.999999999999913
C:\Users\damba\.cache\kagglehub\datasets\salmaneunus\mechanical-tools-dataset\versions\20\Mechanical Tools Image dataset\Mechanical Tools Image dataset\Toolbox\000163.jpg,Toolbox,exito,3.0776329020882964,7.011124168423233,9.997293381402072,9.968591194760137,-9.999999999999964,-9.999990203854486,9.99999999999994
C:\Users\damba\.cache\kagglehub\datasets\salmaneunus\mechanical-tools-dataset\versions\20\Mechanical Tools Image dataset\Mechanical Tools Image dataset\Toolbox\000164.jpg,Toolbox,exito,3.169807448319089,9.032198754767562,9.967568810054475,9.99912828379589,9.999999999999998,-9.999999996802362,-10.0
C:\Users\damba\.cache\kagglehub\datasets\salmaneunus\mechanical-tools-dataset\versions\20\Mechanical Tools Image dataset\Mechanical Tools Image dataset\Toolbox\000165.jpg,Toolbox,exito,3.0201190974623158,8.11701851402551,9.792898683059924,9.80458678823551,9.999999999987546,-9.999979083423025,9.999999999992493
C:\Users\damba\.cache\kagglehub\datasets\salmaneunus\mechanical-tools-dataset\versions\20\Mechanical Tools Image dataset\Mechanical Tools Image dataset\Toolbox\000166.jpg,Toolbox,exito,3.1379558452834306,7.714947332148547,9.870474541585152,9.994452085309739,-9.999999999999972,9.999999644211737,9.999999999999977
C:\Users\damba\.cache\kagglehub\datasets\salmaneunus\mechanical-tools-dataset\versions\20\Mechanical Tools Image dataset\Mechanical Tools Image dataset\Toolbox\000167.jpg,Toolbox,exito,3.0304270384495062,6.337957922559479,9.997838907580253,9.99960025384653,10.0,9.999999880569877,10.0
C:\Users\damba\.cache\kagglehub\datasets\salmaneunus\mechanical-tools-dataset\versions\20\Mechanical Tools Image dataset\Mechanical Tools Image dataset\Toolbox\000168.jpg,Toolbox,exito,3.1087130880327742,7.55719649856427,9.890897319416299,9.996826687432472,9.99999999999999,-9.999999832918,9.99999999999999
C:\Users\damba\.cache\kagglehub\datasets\salmaneunus\mechanical-tools-dataset\versions\20\Mechanical Tools Image dataset\Mechanical Tools Image dataset\Toolbox\000169.jpg,Toolbox,exito,3.19105204059134,9.11496737274136,9.983975373346203,9.999912163702444,-10.0,9.999999997845432,-10.0
C:\Users\damba\.cache\kagglehub\datasets\salmaneunus\mechanical-tools-dataset\versions\20\Mechanical Tools Image dataset\Mechanical Tools Image dataset\Toolbox\000170.jpg,Toolbox,exito,2.976641797244871,7.640003728597058,9.959796603372238,9.993527115041267,-9.999999999999995,9.999999319659425,9.999999999999975
C:\Users\damba\.cache\kagglehub\datasets\salmaneunus\mechanical-tools-dataset\versions\20\Mechanical Tools Image dataset\Mechanical Tools Image dataset\Toolbox\000171.jpg,Toolbox,exito,3.00910589189223,7.273478323493122,9.422531460661016,9.961516546339226,9.999999999999199,-9.999994246189345,-9.99999999999812
C:\Users\damba\.cache\kagglehub\datasets\salmaneunus\mechanical-tools-dataset\versions\20\Mechanical Tools Image dataset\Mechanical Tools Image dataset\Toolbox\000172.jpg,Toolbox,exito,3.1030644275285164,6.914953424653544,9.767812661479999,9.971071534373168,-9.999999999999993,9.999999061727449,9.99999999999934
C:\Users\damba\.cache\kagglehub\datasets\salmaneunus\mechanical-tools-dataset\versions\20\Mechanical Tools Image dataset\Mechanical Tools Image dataset\Toolbox\000173.jpg,Toolbox,exito,2.9513014258327295,7.476284965168334,9.798397635087438,9.771187806949692,9.999999999986068,-9.999989439762519,-9.99999999998667
C:\Users\damba\.cache\kagglehub\datasets\salmaneunus\mechanical-tools-dataset\versions\20\Mechanical Tools Image dataset\Mechanical Tools Image dataset\Toolbox\000174.jpg,Toolbox,exito,3.032155325811344,6.606317949284548,9.673777367723652,9.68552146262618,9.99999999994973,9.999771636496309,9.999999999997106
C:\Users\damba\.cache\kagglehub\datasets\salmaneunus\mechanical-tools-dataset\versions\20\Mechanical Tools Image dataset\Mechanical Tools Image dataset\Toolbox\000175.jpg,Toolbox,exito,2.8828897460253256,6.0640265539085885,9.860182155672273,9.975944294270766,-9.99999999999983,-9.999989266980954,9.999999999999678
C:\Users\damba\.cache\kagglehub\datasets\salmaneunus\mechanical-tools-dataset\versions\20\Mechanical Tools Image dataset\Mechanical Tools Image dataset\Toolbox\000176.jpg,Toolbox,exito,3.1245820094851804,6.848764829650737,9.987191148581601,9.999269210746808,-10.0,-9.999999898144162,-10.0
C:\Users\damba\.cache\kagglehub\datasets\salmaneunus\mechanical-tools-dataset\versions\20\Mechanical Tools Image dataset\Mechanical Tools Image dataset\Toolbox\000177.jpg,Toolbox,exito,3.0256861966389206,8.416292369445687,9.663302882021071,9.891143302599957,9.999999999993971,9.999999954047881,9.999999999996163
C:\Users\damba\.cache\kagglehub\datasets\salmaneunus\mechanical-tools-dataset\versions\20\Mechanical Tools Image dataset\Mechanical Tools Image dataset\Toolbox\000178.jpg,Toolbox,exito,3.078285513654406,8.221482463951146,9.688666854848869,9.975659388602383,9.999999999999824,9.999999897937414,-9.99999999999941
C:\Users\damba\.cache\kagglehub\datasets\salmaneunus\mechanical-tools-dataset\versions\20\Mechanical Tools Image dataset\Mechanical Tools Image dataset\Toolbox\000179.jpg,Toolbox,exito,3.1432940085773917,7.392961583219769,9.970942786352309,9.999762158108815,-10.0,-9.99999996109625,-10.0
C:\Users\damba\.cache\kagglehub\datasets\salmaneunus\mechanical-tools-dataset\versions\20\Mechanical Tools Image dataset\Mechanical Tools Image dataset\Toolbox\000180.jpg,Toolbox,exito,2.9757582448454736,6.282260171807929,9.929257870590916,9.98650004058275,9.999999999999996,9.999997891999621,9.999999999999897
C:\Users\damba\.cache\kagglehub\datasets\salmaneunus\mechanical-tools-dataset\versions\20\Mechanical Tools Image dataset\Mechanical Tools Image dataset\Toolbox\000181.jpg,Toolbox,exito,3.1147713166573134,6.850618101544865,9.909815088915114,9.995421252985278,-9.999999999999984,-9.999998375738706,-9.999999999999984
C:\Users\damba\.cache\kagglehub\datasets\salmaneunus\mechanical-tools-dataset\versions\20\Mechanical Tools Image dataset\Mechanical Tools Image dataset\Toolbox\000182.jpg,Toolbox,exito,3.1173149495817367,7.735069061243384,9.759299821970668,9.995765344741878,9.999999999999991,9.999999709961712,9.999999999999964
C:\Users\damba\.cache\kagglehub\datasets\salmaneunus\mechanical-tools-dataset\versions\20\Mechanical Tools Image dataset\Mechanical Tools Image dataset\Toolbox\000183.jpg,Toolbox,exito,3.1494404493672716,8.403182223739643,9.753724250495091,9.99928396232778,10.0,-9.999999980218384,-9.999999999999998
C:\Users\damba\.cache\kagglehub\datasets\salmaneunus\mechanical-tools-dataset\versions\20\Mechanical Tools Image dataset\Mechanical Tools Image dataset\Toolbox\000184.jpg,Toolbox,exito,2.8626732278359013,7.542392254608823,9.645179943690026,9.688579532038345,9.99999999997241,-9.999954442327848,9.99999999995544
C:\Users\damba\.cache\kagglehub\datasets\salmaneunus\mechanical-tools-dataset\versions\20\Mechanical Tools Image dataset\Mechanical Tools Image dataset\Toolbox\000185.jpg,Toolbox,exito,2.960547745108084,9.95217069190597,9.85937691743771,9.816560681366907,-9.99999999999836,-9.999999910367183,-9.9999999999899
C:\Users\damba\.cache\kagglehub\datasets\salmaneunus\mechanical-tools-dataset\versions\20\Mechanical Tools Image dataset\Mechanical Tools Image dataset\Toolbox\000186.jpg,Toolbox,exito,3.0784431578754954,8.69602226746348,9.930749993650899,9.999668888437718,10.0,-9.999999997236067,10.0
C:\Users\damba\.cache\kagglehub\datasets\salmaneunus\mechanical-tools-dataset\versions\20\Mechanical Tools Image dataset\Mechanical Tools Image dataset\Toolbox\000187.jpg,Toolbox,exito,3.1091958263991106,7.0051351107854956,9.99055074584781,9.998188034901306,9.999999999999998,-9.999999927757228,-9.999999999999998
C:\Users\damba\.cache\kagglehub\datasets\salmaneunus\mechanical-tools-dataset\versions\20\Mechanical Tools Image dataset\Mechanical Tools Image dataset\Toolbox\000188.jpg,Toolbox,exito,3.077065579951936,7.381729651510132,9.661212797455802,9.981378105928233,9.999999999999892,-9.999997675424039,-9.99999999999958
C:\Users\damba\.cache\kagglehub\datasets\salmaneunus\mechanical-tools-dataset\versions\20\Mechanical Tools Image dataset\Mechanical Tools Image dataset\Toolbox\000189.jpg,Toolbox,exito,2.914927714013176,6.406801404553225,8.784517332287997,8.83244934586083,9.999999991343559,9.996290534244384,-9.999999999974875
C:\Users\damba\.cache\kagglehub\datasets\salmaneunus\mechanical-tools-dataset\versions\20\Mechanical Tools Image dataset\Mechanical Tools Image dataset\Toolbox\000190.jpg,Toolbox,exito,3.019319390266641,6.742715984153803,9.988812072874492,9.996237822155473,9.999999999999995,9.999998438708198,9.999999999999996
C:\Users\damba\.cache\kagglehub\datasets\salmaneunus\mechanical-tools-dataset\versions\20\Mechanical Tools Image dataset\Mechanical Tools Image dataset\Toolbox\000191.jpg,Toolbox,exito,3.1729129477415428,8.650107545974874,9.938009356766123,9.999442708400261,10.0,9.999999975024966,10.0
C:\Users\damba\.cache\kagglehub\datasets\salmaneunus\mechanical-tools-dataset\versions\20\Mechanical Tools Image dataset\Mechanical Tools Image dataset\Toolbox\000192.jpg,Toolbox,exito,3.024248769423627,8.481834152577376,9.882269470598155,9.875167815666183,-9.999999999995831,9.999991842891768,-9.999999999997923
C:\Users\damba\.cache\kagglehub\datasets\salmaneunus\mechanical-tools-dataset\versions\20\Mechanical Tools Image dataset\Mechanical Tools Image dataset\Toolbox\000193.jpg,Toolbox,exito,3.148854455782148,8.023366751561246,9.962670828382095,9.995549142221734,9.999999999999988,-9.999999567468574,9.999999999999996
C:\Users\damba\.cache\kagglehub\datasets\salmaneunus\mechanical-tools-dataset\versions\20\Mechanical Tools Image dataset\Mechanical Tools Image dataset\Toolbox\000194.jpg,Toolbox,exito,3.162407404805866,7.82212329273341,9.915091812752367,9.999476616298434,10.0,9.999999993280142,10.0
C:\Users\damba\.cache\kagglehub\datasets\salmaneunus\mechanical-tools-dataset\versions\20\Mechanical Tools Image dataset\Mechanical Tools Image dataset\Toolbox\000195.jpg,Toolbox,exito,3.1206952747160135,7.161463597360111,9.88241105712609,9.992488732673818,9.999999999999975,9.999998472156593,-9.99999999999995
C:\Users\damba\.cache\kagglehub\datasets\salmaneunus\mechanical-tools-dataset\versions\20\Mechanical Tools Image dataset\Mechanical Tools Image dataset\Toolbox\000196.jpg,Toolbox,exito,2.9860841587560585,8.820173948661875,9.891609175159148,9.94037575458293,-9.999999999999051,-9.999998719400422,9.999999999999103
C:\Users\damba\.cache\kagglehub\datasets\salmaneunus\mechanical-tools-dataset\versions\20\Mechanical Tools Image dataset\Mechanical Tools Image dataset\Toolbox\000197.jpg,Toolbox,exito,2.9177216892791233,8.01926923329213,9.86776935618987,9.95853947878149,-9.999999999999352,9.999995979637974,-9.999999999999496
C:\Users\damba\.cache\kagglehub\datasets\salmaneunus\mechanical-tools-dataset\versions\20\Mechanical Tools Image dataset\Mechanical Tools Image dataset\Toolbox\000198.jpg,Toolbox,exito,2.711119890666335,7.2303415019664525,9.248730192335127,9.763358607957938,9.999999999997122,9.99993468103163,-9.999999999942393
C:\Users\damba\.cache\kagglehub\datasets\salmaneunus\mechanical-tools-dataset\versions\20\Mechanical Tools Image dataset\Mechanical Tools Image dataset\Toolbox\000199.jpg,Toolbox,exito,2.9828423957029293,8.703051753525372,9.999258988414725,9.995107566389835,10.0,9.999999816648787,9.999999999999998
C:\Users\damba\.cache\kagglehub\datasets\salmaneunus\mechanical-tools-dataset\versions\20\Mechanical Tools Image dataset\Mechanical Tools Image dataset\Toolbox\000200.jpg,Toolbox,exito,2.9613364625048177,7.435010534440908,9.469580020341295,9.749622273443606,9.999999999992138,-9.999981930858446,-9.99999999995442
C:\Users\damba\.cache\kagglehub\datasets\salmaneunus\mechanical-tools-dataset\versions\20\Mechanical Tools Image dataset\Mechanical Tools Image dataset\Toolbox\000201.jpg,Toolbox,exito,3.0393959584427495,6.83305869726058,9.522465058329722,9.881826496855401,9.99999999999789,-9.999985435122849,9.99999999998946
C:\Users\damba\.cache\kagglehub\datasets\salmaneunus\mechanical-tools-dataset\versions\20\Mechanical Tools Image dataset\Mechanical Tools Image dataset\Toolbox\000202.jpg,Toolbox,exito,3.0643394710106824,8.606883126022469,9.96585849890186,9.960546184478684,-9.99999999999968,9.999998325987274,9.999999999999824
C:\Users\damba\.cache\kagglehub\datasets\salmaneunus\mechanical-tools-dataset\versions\20\Mechanical Tools Image dataset\Mechanical Tools Image dataset\Toolbox\000203.jpg,Toolbox,exito,3.150771439610089,7.618676379096201,9.786449270953408,9.964710760485772,9.999999999999156,9.999994644445785,-9.999999999999876
C:\Users\damba\.cache\kagglehub\datasets\salmaneunus\mechanical-tools-dataset\versions\20\Mechanical Tools Image dataset\Mechanical Tools Image dataset\Toolbox\000204.jpg,Toolbox,exito,3.0869857860249246,7.193228813447628,9.97883441406648,9.987642430756779,9.999999999999952,9.999997559746799,-9.999999999999995
C:\Users\damba\.cache\kagglehub\datasets\salmaneunus\mechanical-tools-dataset\versions\20\Mechanical Tools Image dataset\Mechanical Tools Image dataset\Toolbox\000205.jpg,Toolbox,exito,3.1506470065004746,7.053260680833083,9.98736981487097,9.999654058667879,10.0,9.999999918980798,10.0
C:\Users\damba\.cache\kagglehub\datasets\salmaneunus\mechanical-tools-dataset\versions\20\Mechanical Tools Image dataset\Mechanical Tools Image dataset\Toolbox\000206.jpg,Toolbox,exito,3.121308855018774,9.03622623223457,9.995010047092595,9.993060649810161,-9.999999999999995,-9.99999992402833,9.999999999999993
C:\Users\damba\.cache\kagglehub\datasets\salmaneunus\mechanical-tools-dataset\versions\20\Mechanical Tools Image dataset\Mechanical Tools Image dataset\Toolbox\000207.jpg,Toolbox,exito,3.16685656934555,7.278830424180131,9.979335732003166,9.999201804653168,10.0,9.999999876362786,10.0
C:\Users\damba\.cache\kagglehub\datasets\salmaneunus\mechanical-tools-dataset\versions\20\Mechanical Tools Image dataset\Mechanical Tools Image dataset\Toolbox\000208.jpg,Toolbox,exito,3.1486089111136075,7.356957756924699,9.99338836136306,9.997369272925093,-9.999999999999998,-9.999999715156452,-9.999999999999998
C:\Users\damba\.cache\kagglehub\datasets\salmaneunus\mechanical-tools-dataset\versions\20\Mechanical Tools Image dataset\Mechanical Tools Image dataset\Toolbox\000209.jpg,Toolbox,exito,3.026416291590707,7.43606545274611,9.83731648359711,9.850286319092445,9.999999999992637,-9.999968351411095,9.999999999997641
C:\Users\damba\.cache\kagglehub\datasets\salmaneunus\mechanical-tools-dataset\versions\20\Mechanical Tools Image dataset\Mechanical Tools Image dataset\Toolbox\000210.jpg,Toolbox,exito,3.113228859466449,8.660244681536708,9.950694845110908,9.984229518631293,9.99999999999997,-9.999999370127338,9.999999999999897
C:\Users\damba\.cache\kagglehub\datasets\salmaneunus\mechanical-tools-dataset\versions\20\Mechanical Tools Image dataset\Mechanical Tools Image dataset\Toolbox\000211.jpg,Toolbox,exito,3.1297671501146103,6.997092608961763,9.973231300842105,9.993841390490944,9.999999999999996,-9.999999480882602,-9.999999999999982
C:\Users\damba\.cache\kagglehub\datasets\salmaneunus\mechanical-tools-dataset\versions\20\Mechanical Tools Image dataset\Mechanical Tools Image dataset\Toolbox\000212.jpg,Toolbox,exito,3.068067381802973,6.5356073543065945,9.924659418844074,9.99475541446242,-9.999999999999977,-9.999997281869831,9.99999999999999
C:\Users\damba\.cache\kagglehub\datasets\salmaneunus\mechanical-tools-dataset\versions\20\Mechanical Tools Image dataset\Mechanical Tools Image dataset\Toolbox\000213.jpg,Toolbox,exito,3.1377485925521125,7.326587621557594,9.946257337421569,9.9656568518181,9.999999999999629,9.999993767695463,9.999999999999993
C:\Users\damba\.cache\kagglehub\datasets\salmaneunus\mechanical-tools-dataset\versions\20\Mechanical Tools Image dataset\Mechanical Tools Image dataset\Toolbox\000214.jpg,Toolbox,exito,3.118321544744138,6.781335223169002,9.989640301805018,9.999493697672262,10.0,9.999999910384918,-10.0
C:\Users\damba\.cache\kagglehub\datasets\salmaneunus\mechanical-tools-dataset\versions\20\Mechanical Tools Image dataset\Mechanical Tools Image dataset\Toolbox\000215.jpg,Toolbox,exito,2.937764812823708,7.999284582099079,9.884735108202593,9.909629047058354,9.999999999997767,-9.999997943677911,9.999999999998547
C:\Users\damba\.cache\kagglehub\datasets\salmaneunus\mechanical-tools-dataset\versions\20\Mechanical Tools Image dataset\Mechanical Tools Image dataset\Toolbox\000216.jpg,Toolbox,exito,3.0153761649725355,7.3459133701039105,9.423455207351736,9.995734211763008,-9.999999999999952,9.999999091070139,-9.999999999999948
C:\Users\damba\.cache\kagglehub\datasets\salmaneunus\mechanical-tools-dataset\versions\20\Mechanical Tools Image dataset\Mechanical Tools Image dataset\Toolbox\000217.jpg,Toolbox,exito,3.1485941726644255,7.038595609719807,9.985919921597457,9.998824508430083,-10.0,-9.999999805074772,-9.999999999999998
C:\Users\damba\.cache\kagglehub\datasets\salmaneunus\mechanical-tools-dataset\versions\20\Mechanical Tools Image dataset\Mechanical Tools Image dataset\Toolbox\000218.jpg,Toolbox,exito,3.1548828018411053,7.9525983514066985,9.973509324881778,9.998187253409586,9.999999999999998,-9.999999861427057,9.999999999999998
C:\Users\damba\.cache\kagglehub\datasets\salmaneunus\mechanical-tools-dataset\versions\20\Mechanical Tools Image dataset\Mechanical Tools Image dataset\Toolbox\000219.jpg,Toolbox,exito,3.131709976589916,7.702046602582526,9.931684727732893,9.999312981770059,9.999999999999998,-9.99999996292517,10.0
C:\Users\damba\.cache\kagglehub\datasets\salmaneunus\mechanical-tools-dataset\versions\20\Mechanical Tools Image dataset\Mechanical Tools Image dataset\Toolbox\000220.jpg,Toolbox,exito,2.6388376835503577,6.827539359320023,9.329227991273179,9.295060653603317,9.999999999705558,9.999390913956127,9.999999999382181
C:\Users\damba\.cache\kagglehub\datasets\salmaneunus\mechanical-tools-dataset\versions\20\Mechanical Tools Image dataset\Mechanical Tools Image dataset\Toolbox\000221.jpg,Toolbox,exito,3.0736210364233076,7.156507888204085,9.803804359372432,9.976591374879098,-9.999999999999906,-9.999996471042442,9.999999999999583
C:\Users\damba\.cache\kagglehub\datasets\salmaneunus\mechanical-tools-dataset\versions\20\Mechanical Tools Image dataset\Mechanical Tools Image dataset\Toolbox\000222.jpg,Toolbox,exito,3.161978373669067,7.361098814565659,9.912865865677757,9.992062637037977,9.999999999999956,9.999998452320524,9.999999999999973
C:\Users\damba\.cache\kagglehub\datasets\salmaneunus\mechanical-tools-dataset\versions\20\Mechanical Tools Image dataset\Mechanical Tools Image dataset\Toolbox\000223.jpg,Toolbox,exito,3.0937416611150463,8.411565885828981,9.8658235994227,9.983499023551161,9.999999999999817,9.999999532744793,9.99999999999992
C:\Users\damba\.cache\kagglehub\datasets\salmaneunus\mechanical-tools-dataset\versions\20\Mechanical Tools Image dataset\Mechanical Tools Image dataset\Toolbox\000224.jpg,Toolbox,exito,3.0826431196185333,7.462512143283626,9.922079612274826,9.911511521692871,-9.999999999998622,-9.99998248191625,9.999999999998458
C:\Users\damba\.cache\kagglehub\datasets\salmaneunus\mechanical-tools-dataset\versions\20\Mechanical Tools Image dataset\Mechanical Tools Image dataset\Toolbox\000225.jpg,Toolbox,exito,3.009795832579818,7.540487264518516,9.907810409275744,9.694244810309852,9.99999999997864,9.999989150411,9.999999999995566
C:\Users\damba\.cache\kagglehub\datasets\salmaneunus\mechanical-tools-dataset\versions\20\Mechanical Tools Image dataset\Mechanical Tools Image dataset\Toolbox\000226.jpg,Toolbox,exito,2.4237833304233662,5.030624554500672,8.400671353560996,8.563386100388882,9.999999964030751,9.97022499208738,9.999999993671173
C:\Users\damba\.cache\kagglehub\datasets\salmaneunus\mechanical-tools-dataset\versions\20\Mechanical Tools Image dataset\Mechanical Tools Image dataset\Toolbox\000227.jpg,Toolbox,exito,3.0596500594017835,7.727526952128243,9.879649645711684,9.854757967784106,-9.999999999993982,9.999994204048303,9.999999999998774
C:\Users\damba\.cache\kagglehub\datasets\salmaneunus\mechanical-tools-dataset\versions\20\Mechanical Tools Image dataset\Mechanical Tools Image dataset\Toolbox\000228.jpg,Toolbox,exito,3.1386554540371,6.926293573487599,9.991199423974184,9.999754010957885,-10.0,-9.99999992506861,10.0
C:\Users\damba\.cache\kagglehub\datasets\salmaneunus\mechanical-tools-dataset\versions\20\Mechanical Tools Image dataset\Mechanical Tools Image dataset\Toolbox\000229.jpg,Toolbox,exito,3.159221015343302,8.905619754293063,9.996036902660078,9.999558515733563,-10.0,-9.999999989095235,-10.0
C:\Users\damba\.cache\kagglehub\datasets\salmaneunus\mechanical-tools-dataset\versions\20\Mechanical Tools Image dataset\Mechanical Tools Image dataset\Toolbox\000230.jpg,Toolbox,exito,3.1113402579216443,7.183253714609933,9.80945691624499,9.99844213272428,9.999999999999996,-9.99999962359066,-9.999999999999995
C:\Users\damba\.cache\kagglehub\datasets\salmaneunus\mechanical-tools-dataset\versions\20\Mechanical Tools Image dataset\Mechanical Tools Image dataset\Toolbox\000231.jpg,Toolbox,exito,3.1131620805142926,6.937821672861702,9.805844735245367,9.984314914739418,-9.999999999999853,-9.999995164112324,-9.999999999999824
C:\Users\damba\.cache\kagglehub\datasets\salmaneunus\mechanical-tools-dataset\versions\20\Mechanical Tools Image dataset\Mechanical Tools Image dataset\Toolbox\000232.jpg,Toolbox,exito,3.1385701960281227,7.183280383441579,9.967758427255042,9.991124589318142,9.999999999999968,9.999997707488507,-9.999999999999984
C:\Users\damba\.cache\kagglehub\datasets\salmaneunus\mechanical-tools-dataset\versions\20\Mechanical Tools Image dataset\Mechanical Tools Image dataset\Toolbox\000233.jpg,Toolbox,exito,3.072051217785233,7.800535597649109,9.850171215776609,9.988502871761916,-9.999999999999886,9.999999196682822,9.999999999999956
C:\Users\damba\.cache\kagglehub\datasets\salmaneunus\mechanical-tools-dataset\versions\20\Mechanical Tools Image dataset\Mechanical Tools Image dataset\Toolbox\000234.jpg,Toolbox,exito,2.852722437238498,7.308344907489155,9.89334038924958,9.690446067001808,-9.999999999983451,-9.999900490033317,9.999999999982219
C:\Users\damba\.cache\kagglehub\datasets\salmaneunus\mechanical-tools-dataset\versions\20\Mechanical Tools Image dataset\Mechanical Tools Image dataset\Toolbox\000235.jpg,Toolbox,exito,3.1086951076412763,7.246610186062481,9.989243816378316,9.996176248752285,-9.999999999999996,9.99999908872631,9.999999999999996
C:\Users\damba\.cache\kagglehub\datasets\salmaneunus\mechanical-tools-dataset\versions\20\Mechanical Tools Image dataset\Mechanical Tools Image dataset\Toolbox\000236.jpg,Toolbox,exito,3.169065301131216,9.966386075937775,9.999972662728698,9.999880167969412,-10.0,-9.999999999660941,10.0
C:\Users\damba\.cache\kagglehub\datasets\salmaneunus\mechanical-tools-dataset\versions\20\Mechanical Tools Image dataset\Mechanical Tools Image dataset\Toolbox\000237.jpg,Toolbox,exito,2.9194294254872815,7.542700114315182,9.926791335528073,9.848059608798458,9.999999999995019,9.999970578634978,9.999999999999197
C:\Users\damba\.cache\kagglehub\datasets\salmaneunus\mechanical-tools-dataset\versions\20\Mechanical Tools Image dataset\Mechanical Tools Image dataset\Toolbox\000238.jpg,Toolbox,exito,3.174655144838952,8.461107416627438,9.983663788274905,9.995888244286583,-9.999999999999993,-9.99999976129062,-9.999999999999998
C:\Users\damba\.cache\kagglehub\datasets\salmaneunus\mechanical-tools-dataset\versions\20\Mechanical Tools Image dataset\Mechanical Tools Image dataset\Toolbox\000239.jpg,Toolbox,exito,3.168968736792806,7.475339770945375,9.92837397375536,9.99899382867995,9.999999999999998,9.999999840957257,-10.0
C:\Users\damba\.cache\kagglehub\datasets\salmaneunus\mechanical-tools-dataset\versions\20\Mechanical Tools Image dataset\Mechanical Tools Image dataset\Toolbox\000240.jpg,Toolbox,exito,3.124350978862329,7.288093618416472,9.985266604385158,9.99950445122665,10.0,-9.999999973267913,10.0
C:\Users\damba\.cache\kagglehub\datasets\salmaneunus\mechanical-tools-dataset\versions\20\Mechanical Tools Image dataset\Mechanical Tools Image dataset\Toolbox\000241.jpg,Toolbox,exito,2.8846151030387173,6.476011715885318,9.810571755811964,9.645222568580772,9.999999999973436,-9.999695798457802,9.999999999962926
C:\Users\damba\.cache\kagglehub\datasets\salmaneunus\mechanical-tools-dataset\versions\20\Mechanical Tools Image dataset\Mechanical Tools Image dataset\Toolbox\000242.jpg,Toolbox,exito,3.001760965250898,7.694878787448728,9.693282093902035,9.859605836301307,-9.999999999999565,9.999978192382635,9.999999999989637
C:\Users\damba\.cache\kagglehub\datasets\salmaneunus\mechanical-tools-dataset\versions\20\Mechanical Tools Image dataset\Mechanical Tools Image dataset\Toolbox\000243.jpg,Toolbox,exito,3.007111042293855,6.785814445519425,9.794308707236668,9.934123516957836,-9.999999999999073,-9.999989755243725,-9.999999999997959
C:\Users\damba\.cache\kagglehub\datasets\salmaneunus\mechanical-tools-dataset\versions\20\Mechanical Tools Image dataset\Mechanical Tools Image dataset\Toolbox\000244.jpg,Toolbox,exito,3.1659056883515824,8.035061858445172,9.989706778616885,9.999872512912438,10.0,9.999999992320545,-10.0
C:\Users\damba\.cache\kagglehub\datasets\salmaneunus\mechanical-tools-dataset\versions\20\Mechanical Tools Image dataset\Mechanical Tools Image dataset\Toolbox\000245.jpg,Toolbox,exito,3.056989162587659,7.563696086070576,9.899529832497644,9.983426783584417,9.999999999999835,9.999999538189323,-9.999999999999961
C:\Users\damba\.cache\kagglehub\datasets\salmaneunus\mechanical-tools-dataset\versions\20\Mechanical Tools Image dataset\Mechanical Tools Image dataset\Toolbox\000246.jpg,Toolbox,exito,3.0731387935608017,9.352889123939692,9.968336192433522,9.974061681269287,9.999999999999833,9.999999576834574,9.999999999999927
C:\Users\damba\.cache\kagglehub\datasets\salmaneunus\mechanical-tools-dataset\versions\20\Mechanical Tools Image dataset\Mechanical Tools Image dataset\Toolbox\000247.jpg,Toolbox,exito,2.7647097558353777,6.335825824710386,9.00809757796552,9.979447353419454,-9.999999999999815,-9.999985885273372,-9.999999999998638
C:\Users\damba\.cache\kagglehub\datasets\salmaneunus\mechanical-tools-dataset\versions\20\Mechanical Tools Image dataset\Mechanical Tools Image dataset\Toolbox\000248.jpg,Toolbox,exito,3.132028586898918,7.954507283005176,9.99122100956555,9.999335296770454,-10.0,9.99999994442521,-10.0
C:\Users\damba\.cache\kagglehub\datasets\salmaneunus\mechanical-tools-dataset\versions\20\Mechanical Tools Image dataset\Mechanical Tools Image dataset\Toolbox\000249.jpg,Toolbox,exito,3.1937034656607675,8.110057807594348,9.960801131241002,9.999853628697533,10.0,9.999999992313457,-10.0
C:\Users\damba\.cache\kagglehub\datasets\salmaneunus\mechanical-tools-dataset\versions\20\Mechanical Tools Image dataset\Mechanical Tools Image dataset\Toolbox\000250.jpg,Toolbox,exito,2.6479151081373375,5.381627191717044,9.014002194035022,9.216088762343327,9.999999998534719,9.995528239116151,9.999999999996914
C:\Users\damba\.cache\kagglehub\datasets\salmaneunus\mechanical-tools-dataset\versions\20\Mechanical Tools Image dataset\Mechanical Tools Image dataset\Toolbox\000251.jpg,Toolbox,exito,3.0355113269838414,7.705700358678968,9.740276404982746,9.919010010405671,9.999999999997577,9.999988296415042,-9.999999999997273
C:\Users\damba\.cache\kagglehub\datasets\salmaneunus\mechanical-tools-dataset\versions\20\Mechanical Tools Image dataset\Mechanical Tools Image dataset\Toolbox\000252.jpg,Toolbox,exito,3.076308700076882,8.468958300440237,9.86863497673955,9.997470558324867,-9.999999999999996,-9.99999985621828,-9.99999999999999
C:\Users\damba\.cache\kagglehub\datasets\salmaneunus\mechanical-tools-dataset\versions\20\Mechanical Tools Image dataset\Mechanical Tools Image dataset\Toolbox\000253.jpg,Toolbox,exito,2.962927913872645,6.8816716465481,9.995310695448303,9.999619289827791,10.0,9.999999929792978,-10.0
C:\Users\damba\.cache\kagglehub\datasets\salmaneunus\mechanical-tools-dataset\versions\20\Mechanical Tools Image dataset\Mechanical Tools Image dataset\Toolbox\000254.jpg,Toolbox,exito,3.1707543901170996,7.645630716385807,9.984804824429615,9.999906790183362,10.0,9.999999986602441,-10.0
C:\Users\damba\.cache\kagglehub\datasets\salmaneunus\mechanical-tools-dataset\versions\20\Mechanical Tools Image dataset\Mechanical Tools Image dataset\Toolbox\000255.jpg,Toolbox,exito,3.037403599154178,7.187989038825028,9.456019411055387,9.918159605962181,-9.999999999999558,-9.999980704255004,9.999999999993532
C:\Users\damba\.cache\kagglehub\datasets\salmaneunus\mechanical-tools-dataset\versions\20\Mechanical Tools Image dataset\Mechanical Tools Image dataset\Toolbox\000256.jpg,Toolbox,exito,3.1397452747643984,7.046831913825016,9.956241598040382,9.996690238406709,9.999999999999995,9.999999008972306,9.999999999999993
C:\Users\damba\.cache\kagglehub\datasets\salmaneunus\mechanical-tools-dataset\versions\20\Mechanical Tools Image dataset\Mechanical Tools Image dataset\Toolbox\000257.jpg,Toolbox,exito,2.87784738900693,6.774003819748689,9.476293677592068,9.929245585174064,9.999999999998677,9.99999687567749,9.999999999995236
C:\Users\damba\.cache\kagglehub\datasets\salmaneunus\mechanical-tools-dataset\versions\20\Mechanical Tools Image dataset\Mechanical Tools Image dataset\Toolbox\000258.jpg,Toolbox,exito,3.0692272530136075,6.607772899647074,9.965085059766203,9.997242929406003,9.999999999999998,-9.999999974384105,9.999999999999995
C:\Users\damba\.cache\kagglehub\datasets\salmaneunus\mechanical-tools-dataset\versions\20\Mechanical Tools Image dataset\Mechanical Tools Image dataset\Toolbox\000259.jpg,Toolbox,exito,3.0816090056354297,6.965204509085729,9.781632937880936,9.976950202802135,9.99999999999958,9.999997475860985,-9.999999999999845
C:\Users\damba\.cache\kagglehub\datasets\salmaneunus\mechanical-tools-dataset\versions\20\Mechanical Tools Image dataset\Mechanical Tools Image dataset\Toolbox\000260.jpg,Toolbox,exito,2.8838820804638656,7.731984827078457,9.795448254095001,9.40083568835355,9.99999999984867,-9.99994385990647,9.999999999916763
C:\Users\damba\.cache\kagglehub\datasets\salmaneunus\mechanical-tools-dataset\versions\20\Mechanical Tools Image dataset\Mechanical Tools Image dataset\Toolbox\000261.jpg,Toolbox,exito,3.1545555856731267,7.221548447869195,9.870479584131553,9.997104169176744,-9.999999999999988,-9.999999333743057,-9.999999999999993
C:\Users\damba\.cache\kagglehub\datasets\salmaneunus\mechanical-tools-dataset\versions\20\Mechanical Tools Image dataset\Mechanical Tools Image dataset\Toolbox\000262.jpg,Toolbox,exito,3.0948249375756918,7.516140970321579,9.911621342060164,9.96172850478043,-9.999999999999483,-9.999993027965377,-9.999999999999744
C:\Users\damba\.cache\kagglehub\datasets\salmaneunus\mechanical-tools-dataset\versions\20\Mechanical Tools Image dataset\Mechanical Tools Image dataset\Toolbox\000263.jpg,Toolbox,exito,3.1556587752465335,7.193676217568798,9.884800684635172,9.997466684980791,9.999999999999996,9.999999697730209,-9.99999999999999
C:\Users\damba\.cache\kagglehub\datasets\salmaneunus\mechanical-tools-dataset\versions\20\Mechanical Tools Image dataset\Mechanical Tools Image dataset\Toolbox\000264.jpg,Toolbox,exito,2.8323332974599458,7.348407711892861,9.989117078061929,9.963881739982282,-9.999999999999854,-9.999999571741474,-9.9999999999999
C:\Users\damba\.cache\kagglehub\datasets\salmaneunus\mechanical-tools-dataset\versions\20\Mechanical Tools Image dataset\Mechanical Tools Image dataset\Toolbox\000265.jpg,Toolbox,exito,3.2014680796342287,9.99614289585641,9.999996556771602,9.999999996823773,-10.0,-10.0,10.0
C:\Users\damba\.cache\kagglehub\datasets\salmaneunus\mechanical-tools-dataset\versions\20\Mechanical Tools Image dataset\Mechanical Tools Image dataset\Toolbox\000266.jpg,Toolbox,exito,2.7962461204104905,6.611746441389506,9.43703875326769,9.892300811749454,-9.999999999996618,9.999946655050186,-9.999999999989988
C:\Users\damba\.cache\kagglehub\datasets\salmaneunus\mechanical-tools-dataset\versions\20\Mechanical Tools Image dataset\Mechanical Tools Image dataset\Toolbox\000267.jpg,Toolbox,exito,3.1869790115881846,8.122342632761708,9.913490814975033,9.999937427248813,10.0,9.999999994630532,10.0
C:\Users\damba\.cache\kagglehub\datasets\salmaneunus\mechanical-tools-dataset\versions\20\Mechanical Tools Image dataset\Mechanical Tools Image dataset\Toolbox\000268.jpg,Toolbox,exito,3.1734666095171944,7.851873174908612,9.999827323331965,9.999867333592881,-10.0,-9.99999998440382,10.0
C:\Users\damba\.cache\kagglehub\datasets\salmaneunus\mechanical-tools-dataset\versions\20\Mechanical Tools Image dataset\Mechanical Tools Image dataset\Toolbox\000269.jpg,Toolbox,exito,3.088935510874603,6.836571360194606,9.809795928375577,9.94792902088678,9.99999999999865,9.999980679399355,9.999999999999435
C:\Users\damba\.cache\kagglehub\datasets\salmaneunus\mechanical-tools-dataset\versions\20\Mechanical Tools Image dataset\Mechanical Tools Image dataset\Toolbox\000270.jpg,Toolbox,exito,3.0369907071508546,6.691318842455769,9.95279419816519,9.994225415172604,-9.999999999999984,-9.999997415520388,-9.999999999999984
C:\Users\damba\.cache\kagglehub\datasets\salmaneunus\mechanical-tools-dataset\versions\20\Mechanical Tools Image dataset\Mechanical Tools Image dataset\Toolbox\000271.jpg,Toolbox,exito,3.0996398159143963,6.8443121804462645,9.981805429837665,9.998050730555091,-9.999999999999998,-9.999999622362687,9.999999999999998
C:\Users\damba\.cache\kagglehub\datasets\salmaneunus\mechanical-tools-dataset\versions\20\Mechanical Tools Image dataset\Mechanical Tools Image dataset\Toolbox\000272.jpg,Toolbox,exito,3.166233760076681,9.071264811655382,9.993148412384798,9.999675433904644,10.0,-9.9999999922906,10.0
C:\Users\damba\.cache\kagglehub\datasets\salmaneunus\mechanical-tools-dataset\versions\20\Mechanical Tools Image dataset\Mechanical Tools Image dataset\Toolbox\000273.jpg,Toolbox,exito,2.921457830435022,5.994640551469042,9.843939166886855,9.963413375126013,9.999999999999483,9.999987227489406,-9.999999999999465
C:\Users\damba\.cache\kagglehub\datasets\salmaneunus\mechanical-tools-dataset\versions\20\Mechanical Tools Image dataset\Mechanical Tools Image dataset\Toolbox\000274.jpg,Toolbox,exito,3.0185553966243557,8.483971529971338,9.711045332141179,9.941487509583272,9.99999999999931,-9.999997502581643,-9.999999999997792
C:\Users\damba\.cache\kagglehub\datasets\salmaneunus\mechanical-tools-dataset\versions\20\Mechanical Tools Image dataset\Mechanical Tools Image dataset\Toolbox\000275.jpg,Toolbox,exito,3.1601300406901447,8.330500805107478,9.99625833242438,9.995004467873438,-9.999999999999996,-9.999999696165041,-9.999999999999996
C:\Users\damba\.cache\kagglehub\datasets\salmaneunus\mechanical-tools-dataset\versions\20\Mechanical Tools Image dataset\Mechanical Tools Image dataset\Toolbox\000276.jpg,Toolbox,exito,2.979995903495147,7.585351612694655,9.971136974711605,9.985989390111824,-9.999999999999977,-9.999998038957887,-9.999999999999936
C:\Users\damba\.cache\kagglehub\datasets\salmaneunus\mechanical-tools-dataset\versions\20\Mechanical Tools Image dataset\Mechanical Tools Image dataset\Toolbox\000277.jpg,Toolbox,exito,2.8280853372540147,6.705782316021996,9.225731267471854,9.715386746443567,-9.999999999922087,-9.999852768245189,9.999999999963487
C:\Users\damba\.cache\kagglehub\datasets\salmaneunus\mechanical-tools-dataset\versions\20\Mechanical Tools Image dataset\Mechanical Tools Image dataset\Toolbox\000278.jpg,Toolbox,exito,3.098573584097309,7.862546002311269,9.993618807799631,9.950449277396551,-9.99999999999979,9.999994708878004,-9.999999999999927
C:\Users\damba\.cache\kagglehub\datasets\salmaneunus\mechanical-tools-dataset\versions\20\Mechanical Tools Image dataset\Mechanical Tools Image dataset\Toolbox\000279.jpg,Toolbox,exito,3.0414094780867478,7.918128912570177,9.783314512655165,9.79519242334842,9.999999999993808,-9.999997784565185,9.999999999984881
C:\Users\damba\.cache\kagglehub\datasets\salmaneunus\mechanical-tools-dataset\versions\20\Mechanical Tools Image dataset\Mechanical Tools Image dataset\Toolbox\000280.jpg,Toolbox,exito,3.0886066279696998,7.109418501250718,9.804823233415965,9.980047943269003,-9.999999999999744,-9.999994333109283,-9.999999999999787
C:\Users\damba\.cache\kagglehub\datasets\salmaneunus\mechanical-tools-dataset\versions\20\Mechanical Tools Image dataset\Mechanical Tools Image dataset\Toolbox\000281.jpg,Toolbox,exito,3.1331859417169636,7.53903023944246,9.986108361661513,9.99518889950197,-9.999999999999993,-9.999999245922119,9.999999999999993
C:\Users\damba\.cache\kagglehub\datasets\salmaneunus\mechanical-tools-dataset\versions\20\Mechanical Tools Image dataset\Mechanical Tools Image dataset\Toolbox\000282.jpg,Toolbox,exito,3.080322023985555,7.163280933785539,9.821706208974755,9.988295214095436,9.99999999999996,-9.999999675046332,9.999999999999867
C:\Users\damba\.cache\kagglehub\datasets\salmaneunus\mechanical-tools-dataset\versions\20\Mechanical Tools Image dataset\Mechanical Tools Image dataset\Toolbox\000283.jpg,Toolbox,exito,3.040084868075221,6.885174344413367,9.9257800261733,9.942836705448565,-9.99999999999901,-9.99998368293081,-9.999999999999993
C:\Users\damba\.cache\kagglehub\datasets\salmaneunus\mechanical-tools-dataset\versions\20\Mechanical Tools Image dataset\Mechanical Tools Image dataset\Toolbox\000284.jpg,Toolbox,exito,3.0551475307069187,8.245195526928011,9.578254607485126,9.983847044009277,-9.999999999999913,-9.999998875445751,-9.999999999999599
C:\Users\damba\.cache\kagglehub\datasets\salmaneunus\mechanical-tools-dataset\versions\20\Mechanical Tools Image dataset\Mechanical Tools Image dataset\Toolbox\000285.jpg,Toolbox,exito,3.1358369980900926,6.910529842035171,9.97510724623676,9.99790704260865,9.999999999999998,-9.99999996947533,9.999999999999996
C:\Users\damba\.cache\kagglehub\datasets\salmaneunus\mechanical-tools-dataset\versions\20\Mechanical Tools Image dataset\Mechanical Tools Image dataset\Toolbox\000286.jpg,Toolbox,exito,2.9800221337003916,6.777798741310008,9.420378541713012,9.956041196079873,9.999999999997502,9.999981945926246,9.999999999999623
C:\Users\damba\.cache\kagglehub\datasets\salmaneunus\mechanical-tools-dataset\versions\20\Mechanical Tools Image dataset\Mechanical Tools Image dataset\Toolbox\000287.jpg,Toolbox,exito,3.1431603457981523,7.212186464993457,9.979595054204399,9.989666447147506,9.999999999999966,-9.9999999119514,-9.999999999999988
C:\Users\damba\.cache\kagglehub\datasets\salmaneunus\mechanical-tools-dataset\versions\20\Mechanical Tools Image dataset\Mechanical Tools Image dataset\Toolbox\000288.jpg,Toolbox,exito,2.9899501853579222,6.653217567987289,9.473632237861919,9.702218043662057,9.999999999937874,9.999802674507931,9.999999999980105
C:\Users\damba\.cache\kagglehub\datasets\salmaneunus\mechanical-tools-dataset\versions\20\Mechanical Tools Image dataset\Mechanical Tools Image dataset\Toolbox\000289.jpg,Toolbox,exito,2.9196979423216805,7.645324301090822,9.963835723186373,9.804556719044095,-9.999999999996158,-9.999971210966896,9.999999999996087
C:\Users\damba\.cache\kagglehub\datasets\salmaneunus\mechanical-tools-dataset\versions\20\Mechanical Tools Image dataset\Mechanical Tools Image dataset\Toolbox\000290.jpg,Toolbox,exito,3.054593089030332,6.578928578618637,9.93972268887593,9.99957255792965,10.0,9.999999935411225,10.0
C:\Users\damba\.cache\kagglehub\datasets\salmaneunus\mechanical-tools-dataset\versions\20\Mechanical Tools Image dataset\Mechanical Tools Image dataset\Toolbox\000291.jpg,Toolbox,exito,3.1219194133340946,7.2261395820794245,9.996588306088558,9.999495996401416,-10.0,9.999999956191916,10.0
C:\Users\damba\.cache\kagglehub\datasets\salmaneunus\mechanical-tools-dataset\versions\20\Mechanical Tools Image dataset\Mechanical Tools Image dataset\Toolbox\000292.jpg,Toolbox,exito,2.9301587065101247,6.571898043212526,9.147498921954842,9.843147212083107,9.999999999982101,9.999941408098744,-9.999999999974904
C:\Users\damba\.cache\kagglehub\datasets\salmaneunus\mechanical-tools-dataset\versions\20\Mechanical Tools Image dataset\Mechanical Tools Image dataset\Toolbox\000293.jpg,Toolbox,exito,3.1237043982813364,6.875155821964986,9.938518407736966,9.995590572380314,9.999999999999996,-9.999999173842392,9.999999999999982
C:\Users\damba\.cache\kagglehub\datasets\salmaneunus\mechanical-tools-dataset\versions\20\Mechanical Tools Image dataset\Mechanical Tools Image dataset\Toolbox\000294.jpg,Toolbox,exito,2.6893834269306662,6.575307717165807,9.375375405581012,9.537353935548364,-9.999999999980952,9.999587363047127,-9.999999999796735
C:\Users\damba\.cache\kagglehub\datasets\salmaneunus\mechanical-tools-dataset\versions\20\Mechanical Tools Image dataset\Mechanical Tools Image dataset\Toolbox\000295.jpg,Toolbox,exito,3.036765579225853,8.225758606319296,9.924215988876036,9.969001264185396,9.999999999999678,9.999999197904016,9.999999999999794
C:\Users\damba\.cache\kagglehub\datasets\salmaneunus\mechanical-tools-dataset\versions\20\Mechanical Tools Image dataset\Mechanical Tools Image dataset\Toolbox\000296.jpg,Toolbox,exito,3.0722028320405483,7.534083439312548,9.828629892361047,9.998264478427117,-9.999999999999996,-9.999999744065233,-9.999999999999993
C:\Users\damba\.cache\kagglehub\datasets\salmaneunus\mechanical-tools-dataset\versions\20\Mechanical Tools Image dataset\Mechanical Tools Image dataset\Toolbox\000297.jpg,Toolbox,exito,3.1255035952008052,7.996067658587952,9.921110833854135,9.997673001582143,-9.999999999999996,9.999999838806401,-9.999999999999993
C:\Users\damba\.cache\kagglehub\datasets\salmaneunus\mechanical-tools-dataset\versions\20\Mechanical Tools Image dataset\Mechanical Tools Image dataset\Toolbox\000298.jpg,Toolbox,exito,3.1698594428039555,9.112831675897365,9.990358725185882,9.999074626174421,-10.0,-9.999999976602934,-10.0
C:\Users\damba\.cache\kagglehub\datasets\salmaneunus\mechanical-tools-dataset\versions\20\Mechanical Tools Image dataset\Mechanical Tools Image dataset\Toolbox\000299.jpg,Toolbox,exito,3.142156995852273,9.493338656354634,9.998475362844326,9.996164587392192,10.0,-9.999999942940208,9.999999999999998
C:\Users\damba\.cache\kagglehub\datasets\salmaneunus\mechanical-tools-dataset\versions\20\Mechanical Tools Image dataset\Mechanical Tools Image dataset\Toolbox\000300.jpg,Toolbox,exito,3.064074969631961,8.108258125539965,9.88839673385293,9.976115326089557,9.999999999999922,9.999998188912771,-9.999999999999694
C:\Users\damba\.cache\kagglehub\datasets\salmaneunus\mechanical-tools-dataset\versions\20\Mechanical Tools Image dataset\Mechanical Tools Image dataset\Toolbox\000301.jpg,Toolbox,exito,3.060206602976194,7.6738415556179245,9.82589353664863,9.973341326701656,9.999999999999638,-9.999997082416375,9.999999999999677
C:\Users\damba\.cache\kagglehub\datasets\salmaneunus\mechanical-tools-dataset\versions\20\Mechanical Tools Image dataset\Mechanical Tools Image dataset\Toolbox\000302.jpg,Toolbox,exito,2.9623557464464345,8.166805670745632,9.937095337308888,9.957809722777645,9.999999999999964,-9.999996736383814,9.999999999999442
C:\Users\damba\.cache\kagglehub\datasets\salmaneunus\mechanical-tools-dataset\versions\20\Mechanical Tools Image dataset\Mechanical Tools Image dataset\Toolbox\000303.jpg,Toolbox,exito,2.8303464895852697,6.077679976683846,9.891337716049248,9.92676189168512,9.999999999998188,9.999965882253347,9.999999999999792
C:\Users\damba\.cache\kagglehub\datasets\salmaneunus\mechanical-tools-dataset\versions\20\Mechanical Tools Image dataset\Mechanical Tools Image dataset\Toolbox\000304.jpg,Toolbox,exito,2.993429536898195,7.578773252895637,9.709898109857658,9.980713903760803,9.999999999999742,-9.999999591923642,-9.999999999999682
C:\Users\damba\.cache\kagglehub\datasets\salmaneunus\mechanical-tools-dataset\versions\20\Mechanical Tools Image dataset\Mechanical Tools Image dataset\Toolbox\000305.jpg,Toolbox,exito,2.8711780354842746,6.739682306814176,9.19041648835876,9.574895917134354,9.99999999996404,9.999832848679969,9.999999999785881
C:\Users\damba\.cache\kagglehub\datasets\salmaneunus\mechanical-tools-dataset\versions\20\Mechanical Tools Image dataset\Mechanical Tools Image dataset\Toolbox\000306.jpg,Toolbox,exito,3.1438360874386175,7.140591382169147,9.97515907157874,9.998075490118392,-9.999999999999998,-9.999999495144099,9.999999999999998
C:\Users\damba\.cache\kagglehub\datasets\salmaneunus\mechanical-tools-dataset\versions\20\Mechanical Tools Image dataset\Mechanical Tools Image dataset\Toolbox\000307.jpg,Toolbox,exito,3.053426267564363,8.53018617845014,9.95270191262712,9.941429274925946,9.999999999999197,9.99999670094786,9.999999999999911
C:\Users\damba\.cache\kagglehub\datasets\salmaneunus\mechanical-tools-dataset\versions\20\Mechanical Tools Image dataset\Mechanical Tools Image dataset\Toolbox\000308.jpg,Toolbox,exito,3.1705589422448046,7.537161280189459,9.843442526303358,9.997988673568326,-9.999999999999996,-9.999999831829337,-9.999999999999991
C:\Users\damba\.cache\kagglehub\datasets\salmaneunus\mechanical-tools-dataset\versions\20\Mechanical Tools Image dataset\Mechanical Tools Image dataset\Toolbox\000309.jpg,Toolbox,exito,3.135272795272006,7.137870831970114,9.97045087621542,9.990475374306959,9.999999999999963,9.999997409521372,-9.999999999999996
C:\Users\damba\.cache\kagglehub\datasets\salmaneunus\mechanical-tools-dataset\versions\20\Mechanical Tools Image dataset\Mechanical Tools Image dataset\Toolbox\000310.jpg,Toolbox,exito,3.163239614254855,7.485805004814532,9.96917909582927,9.998623624586939,-10.0,-9.999999989213878,-9.999999999999998
C:\Users\damba\.cache\kagglehub\datasets\salmaneunus\mechanical-tools-dataset\versions\20\Mechanical Tools Image dataset\Mechanical Tools Image dataset\Toolbox\000311.jpg,Toolbox,exito,2.9702603157756147,8.031743467470196,9.933949873832143,9.921562183527776,9.999999999999401,-9.999991996985207,9.99999999999857
C:\Users\damba\.cache\kagglehub\datasets\salmaneunus\mechanical-tools-dataset\versions\20\Mechanical Tools Image dataset\Mechanical Tools Image dataset\Toolbox\000312.jpg,Toolbox,exito,3.0886464050090403,6.857225739333203,9.8959533469933,9.998351695390152,-9.999999999999995,9.99999989170942,9.999999999999996
C:\Users\damba\.cache\kagglehub\datasets\salmaneunus\mechanical-tools-dataset\versions\20\Mechanical Tools Image dataset\Mechanical Tools Image dataset\Toolbox\000313.jpg,Toolbox,exito,3.1625030842944306,8.630214074303558,9.990077106947158,9.99952714500156,10.0,9.99999999552903,-10.0
C:\Users\damba\.cache\kagglehub\datasets\salmaneunus\mechanical-tools-dataset\versions\20\Mechanical Tools Image dataset\Mechanical Tools Image dataset\Toolbox\000314.jpg,Toolbox,exito,3.0629655441864303,7.311114442866437,9.917026120604863,9.927585699422162,9.999999999998503,9.99998347409266,9.999999999999638
C:\Users\damba\.cache\kagglehub\datasets\salmaneunus\mechanical-tools-dataset\versions\20\Mechanical Tools Image dataset\Mechanical Tools Image dataset\Toolbox\000315.jpg,Toolbox,exito,2.989488012809645,6.310280175595216,9.871686469807997,9.950305739552746,9.999999999999503,9.999998179851383,9.999999999999048
C:\Users\damba\.cache\kagglehub\datasets\salmaneunus\mechanical-tools-dataset\versions\20\Mechanical Tools Image dataset\Mechanical Tools Image dataset\Toolbox\000316.jpg,Toolbox,exito,3.028923052373053,7.227695462774539,9.99396529886743,9.999353971820055,10.0,9.99999984440531,-10.0
C:\Users\damba\.cache\kagglehub\datasets\salmaneunus\mechanical-tools-dataset\versions\20\Mechanical Tools Image dataset\Mechanical Tools Image dataset\Toolbox\000317.jpg,Toolbox,exito,3.1640947877449723,7.4231967986747565,9.995014072492642,9.999996186634267,10.0,9.99999999937522,-10.0
C:\Users\damba\.cache\kagglehub\datasets\salmaneunus\mechanical-tools-dataset\versions\20\Mechanical Tools Image dataset\Mechanical Tools Image dataset\Toolbox\000318.jpg,Toolbox,exito,3.0412040638523092,6.720013013298754,9.898130300117627,9.989222218832907,-9.999999999999996,9.999996611956592,-9.999999999999911
C:\Users\damba\.cache\kagglehub\datasets\salmaneunus\mechanical-tools-dataset\versions\20\Mechanical Tools Image dataset\Mechanical Tools Image dataset\Toolbox\000319.jpg,Toolbox,exito,3.1150871778200155,7.18479693015864,9.985329789122114,9.999229821680292,10.0,-9.999999803748171,-10.0
C:\Users\damba\.cache\kagglehub\datasets\salmaneunus\mechanical-tools-dataset\versions\20\Mechanical Tools Image dataset\Mechanical Tools Image dataset\Toolbox\000320.jpg,Toolbox,exito,2.961169881689719,7.147638635197662,9.382026472341282,9.928333035588771,9.999999999994266,9.999991432116785,9.999999999998805
C:\Users\damba\.cache\kagglehub\datasets\salmaneunus\mechanical-tools-dataset\versions\20\Mechanical Tools Image dataset\Mechanical Tools Image dataset\Toolbox\000321.jpg,Toolbox,exito,2.6424437092513196,6.40833489998496,8.330891805941233,9.138450473531778,-9.999999997277481,-9.999007049841612,9.999999996281597
C:\Users\damba\.cache\kagglehub\datasets\salmaneunus\mechanical-tools-dataset\versions\20\Mechanical Tools Image dataset\Mechanical Tools Image dataset\Toolbox\000322.jpg,Toolbox,exito,3.0455064109510355,6.898129891641783,9.742261380885838,9.951796132975176,-9.999999999998476,-9.999990259213272,-9.999999999999613
C:\Users\damba\.cache\kagglehub\datasets\salmaneunus\mechanical-tools-dataset\versions\20\Mechanical Tools Image dataset\Mechanical Tools Image dataset\Toolbox\000323.jpg,Toolbox,exito,3.118023463136195,7.39451875768247,9.94507619158035,9.994214109911697,-9.999999999999984,9.999999848092248,9.99999999999998
C:\Users\damba\.cache\kagglehub\datasets\salmaneunus\mechanical-tools-dataset\versions\20\Mechanical Tools Image dataset\Mechanical Tools Image dataset\Toolbox\000324.jpg,Toolbox,exito,3.0423559718300983,8.464899602975665,9.80360673731077,9.999060627699603,-9.999999999999998,9.999999997600414,9.999999999999996
C:\Users\damba\.cache\kagglehub\datasets\salmaneunus\mechanical-tools-dataset\versions\20\Mechanical Tools Image dataset\Mechanical Tools Image dataset\Toolbox\000325.jpg,Toolbox,exito,3.0194062565593427,7.355170308306984,9.979279518668667,9.893571453437023,-9.999999999998598,-9.999987784910788,-9.99999999999991
C:\Users\damba\.cache\kagglehub\datasets\salmaneunus\mechanical-tools-dataset\versions\20\Mechanical Tools Image dataset\Mechanical Tools Image dataset\Toolbox\000326.jpg,Toolbox,exito,2.9829269648571954,8.316160493831138,9.989166044708814,9.971360724277277,9.999999999999922,9.999999120879197,-9.999999999999906
C:\Users\damba\.cache\kagglehub\datasets\salmaneunus\mechanical-tools-dataset\versions\20\Mechanical Tools Image dataset\Mechanical Tools Image dataset\Toolbox\000327.jpg,Toolbox,exito,3.0185346588150908,7.8400102776660825,9.70163988694957,9.977838526027684,-9.999999999999705,-9.999999611236323,9.999999999999575
C:\Users\damba\.cache\kagglehub\datasets\salmaneunus\mechanical-tools-dataset\versions\20\Mechanical Tools Image dataset\Mechanical Tools Image dataset\Toolbox\000328.jpg,Toolbox,exito,3.1578130109284306,8.305286596728738,9.979719863010562,9.999356152551199,10.0,9.999999955164148,10.0
C:\Users\damba\.cache\kagglehub\datasets\salmaneunus\mechanical-tools-dataset\versions\20\Mechanical Tools Image dataset\Mechanical Tools Image dataset\Toolbox\000329.jpg,Toolbox,exito,3.1573840844324725,7.320354930280468,9.95824944589881,9.99423053891654,9.999999999999993,9.999999007609262,9.99999999999998
C:\Users\damba\.cache\kagglehub\datasets\salmaneunus\mechanical-tools-dataset\versions\20\Mechanical Tools Image dataset\Mechanical Tools Image dataset\Toolbox\000330.jpg,Toolbox,exito,3.062234124433027,7.235843275644184,9.534305516951598,9.999435285258492,9.999999999999998,9.99999995865392,9.999999999999998
C:\Users\damba\.cache\kagglehub\datasets\salmaneunus\mechanical-tools-dataset\versions\20\Mechanical Tools Image dataset\Mechanical Tools Image dataset\Toolbox\000331.jpg,Toolbox,exito,3.1441680490243464,7.364880789609526,9.999593081709644,9.997710659728977,10.0,-9.999999861182392,-10.0
C:\Users\damba\.cache\kagglehub\datasets\salmaneunus\mechanical-tools-dataset\versions\20\Mechanical Tools Image dataset\Mechanical Tools Image dataset\Toolbox\000332.jpg,Toolbox,exito,3.1389988009751124,7.708398683767679,9.816355380773622,9.980812235503523,-9.99999999999978,-9.999997264988252,-9.999999999999794
C:\Users\damba\.cache\kagglehub\datasets\salmaneunus\mechanical-tools-dataset\versions\20\Mechanical Tools Image dataset\Mechanical Tools Image dataset\Toolbox\000333.jpg,Toolbox,exito,3.027751122045866,6.708125237211462,9.80642086650848,9.99545140243027,9.999999999999972,-9.99999999511442,-9.999999999999979
C:\Users\damba\.cache\kagglehub\datasets\salmaneunus\mechanical-tools-dataset\versions\20\Mechanical Tools Image dataset\Mechanical Tools Image dataset\Toolbox\000334.jpg,Toolbox,exito,3.070955779182578,7.607059337648407,9.7094733210748,9.998579160683631,10.0,9.999999811990271,9.999999999999993
C:\Users\damba\.cache\kagglehub\datasets\salmaneunus\mechanical-tools-dataset\versions\20\Mechanical Tools Image dataset\Mechanical Tools Image dataset\Toolbox\000335.jpg,Toolbox,exito,3.002492837119574,6.3583549093917435,9.67349493794538,9.918672192331305,9.999999999996184,9.999999062901134,9.999999999998025
C:\Users\damba\.cache\kagglehub\datasets\salmaneunus\mechanical-tools-dataset\versions\20\Mechanical Tools Image dataset\Mechanical Tools Image dataset\Toolbox\000336.jpg,Toolbox,exito,3.0113978609231182,7.520096990587082,9.886729685652018,9.954357839143864,9.999999999999288,-9.999999573062281,9.999999999999492
C:\Users\damba\.cache\kagglehub\datasets\salmaneunus\mechanical-tools-dataset\versions\20\Mechanical Tools Image dataset\Mechanical Tools Image dataset\Toolbox\000337.jpg,Toolbox,exito,2.9905801035448873,8.653048136449979,9.88193080758415,9.989215279993923,-9.99999999999996,-9.999999932355442,9.999999999999913
C:\Users\damba\.cache\kagglehub\datasets\salmaneunus\mechanical-tools-dataset\versions\20\Mechanical Tools Image dataset\Mechanical Tools Image dataset\Toolbox\000338.jpg,Toolbox,exito,2.993832589285892,7.176743014368056,9.530462545405221,9.959929313121439,9.999999999998836,9.999996515918895,9.999999999998598
C:\Users\damba\.cache\kagglehub\datasets\salmaneunus\mechanical-tools-dataset\versions\20\Mechanical Tools Image dataset\Mechanical Tools Image dataset\Toolbox\000339.jpg,Toolbox,exito,3.021372164469143,6.492845404287269,9.960628238782045,9.994167193090504,-9.999999999999982,9.999996823374037,9.999999999999988
C:\Users\damba\.cache\kagglehub\datasets\salmaneunus\mechanical-tools-dataset\versions\20\Mechanical Tools Image dataset\Mechanical Tools Image dataset\Toolbox\000340.jpg,Toolbox,exito,3.099311441983429,6.669994609464585,9.88181102658926,9.983613045554065,9.999999999999842,9.999995167760392,9.999999999999908
C:\Users\damba\.cache\kagglehub\datasets\salmaneunus\mechanical-tools-dataset\versions\20\Mechanical Tools Image dataset\Mechanical Tools Image dataset\Toolbox\000341.jpg,Toolbox,exito,2.853345336732102,8.03221883397463,9.607937136494128,9.92525318137548,9.999999999995996,-9.99999754098239,9.999999999998487
C:\Users\damba\.cache\kagglehub\datasets\salmaneunus\mechanical-tools-dataset\versions\20\Mechanical Tools Image dataset\Mechanical Tools Image dataset\Toolbox\000342.jpg,Toolbox,exito,3.075391228239321,7.682809791920676,9.992527533746083,9.993936338057273,-9.999999999999991,-9.999999125358977,9.999999999999996
C:\Users\damba\.cache\kagglehub\datasets\salmaneunus\mechanical-tools-dataset\versions\20\Mechanical Tools Image dataset\Mechanical Tools Image dataset\Toolbox\000343.jpg,Toolbox,exito,3.116346193548353,6.983230869330163,9.929111598421544,9.987849708832412,-9.999999999999995,-9.99999963893908,9.999999999999913
C:\Users\damba\.cache\kagglehub\datasets\salmaneunus\mechanical-tools-dataset\versions\20\Mechanical Tools Image dataset\Mechanical Tools Image dataset\Toolbox\000344.jpg,Toolbox,exito,3.133594021077028,8.253139424151195,9.969972365235954,9.972922185784203,-9.999999999999867,-9.99999812132018,9.999999999999865
C:\Users\damba\.cache\kagglehub\datasets\salmaneunus\mechanical-tools-dataset\versions\20\Mechanical Tools Image dataset\Mechanical Tools Image dataset\Toolbox\000345.jpg,Toolbox,exito,3.101377954172667,7.4080493799235825,9.84639503732955,9.9806441035335,9.999999999999737,-9.999996441882407,-9.999999999999915
C:\Users\damba\.cache\kagglehub\datasets\salmaneunus\mechanical-tools-dataset\versions\20\Mechanical Tools Image dataset\Mechanical Tools Image dataset\Toolbox\000346.jpg,Toolbox,exito,2.9965545526148447,6.439065830170801,9.708894382150058,9.985168260906843,-9.999999999999757,-9.999997699514115,-9.999999999999872
C:\Users\damba\.cache\kagglehub\datasets\salmaneunus\mechanical-tools-dataset\versions\20\Mechanical Tools Image dataset\Mechanical Tools Image dataset\Toolbox\000347.jpg,Toolbox,exito,2.953870844765271,7.851733560219363,9.975319116534909,9.994542137216673,9.999999999999998,9.9999993619559,-9.999999999999986
C:\Users\damba\.cache\kagglehub\datasets\salmaneunus\mechanical-tools-dataset\versions\20\Mechanical Tools Image dataset\Mechanical Tools Image dataset\Toolbox\000348.jpg,Toolbox,exito,3.0578221630661027,7.892050750948697,9.649618333979635,9.990135337566938,9.999999999999845,-9.99999887980181,-9.999999999999932
C:\Users\damba\.cache\kagglehub\datasets\salmaneunus\mechanical-tools-dataset\versions\20\Mechanical Tools Image dataset\Mechanical Tools Image dataset\Toolbox\000349.jpg,Toolbox,exito,2.5724480399193372,5.842281122328949,8.419811693847295,9.854826800050803,9.999999999961389,-9.99987492973282,-9.999999999946358
C:\Users\damba\.cache\kagglehub\datasets\salmaneunus\mechanical-tools-dataset\versions\20\Mechanical Tools Image dataset\Mechanical Tools Image dataset\Toolbox\000350.jpg,Toolbox,exito,3.0729884429986236,7.610249948911435,9.77247576435854,9.983472389392812,-9.999999999999963,9.999998636002738,9.999999999999726
C:\Users\damba\.cache\kagglehub\datasets\salmaneunus\mechanical-tools-dataset\versions\20\Mechanical Tools Image dataset\Mechanical Tools Image dataset\Toolbox\000351.jpg,Toolbox,exito,3.1026671924259857,8.304193612974652,9.962203023182475,9.976539841748131,-9.999999999999927,-9.999998539321599,9.999999999999845
C:\Users\damba\.cache\kagglehub\datasets\salmaneunus\mechanical-tools-dataset\versions\20\Mechanical Tools Image dataset\Mechanical Tools Image dataset\Toolbox\000352.jpg,Toolbox,exito,3.0758325122801518,7.000351547386599,9.972647223042628,9.984159505724891,-9.99999999999998,9.999996202750507,9.999999999999924
C:\Users\damba\.cache\kagglehub\datasets\salmaneunus\mechanical-tools-dataset\versions\20\Mechanical Tools Image dataset\Mechanical Tools Image dataset\Toolbox\000353.jpg,Toolbox,exito,2.7499136827578123,7.272544967433,9.450815949195883,9.81413907842781,9.999999999999618,9.999953660804,9.999999999972976
C:\Users\damba\.cache\kagglehub\datasets\salmaneunus\mechanical-tools-dataset\versions\20\Mechanical Tools Image dataset\Mechanical Tools Image dataset\Toolbox\000354.jpg,Toolbox,exito,3.0649688356138576,6.96941331797853,9.64943351258494,9.952816715119184,9.999999999998224,9.999986596138333,9.999999999999378
C:\Users\damba\.cache\kagglehub\datasets\salmaneunus\mechanical-tools-dataset\versions\20\Mechanical Tools Image dataset\Mechanical Tools Image dataset\Toolbox\000355.jpg,Toolbox,exito,3.099599890986013,6.6634610227498055,9.989657305132615,9.998675947695402,9.999999999999998,9.999999385248755,10.0
C:\Users\damba\.cache\kagglehub\datasets\salmaneunus\mechanical-tools-dataset\versions\20\Mechanical Tools Image dataset\Mechanical Tools Image dataset\Toolbox\000356.jpg,Toolbox,exito,2.8708687711420704,6.411424527931037,9.905702038805302,9.876676538608178,9.999999999996815,9.999948772347542,-9.999999999997538
C:\Users\damba\.cache\kagglehub\datasets\salmaneunus\mechanical-tools-dataset\versions\20\Mechanical Tools Image dataset\Mechanical Tools Image dataset\Toolbox\000357.jpg,Toolbox,exito,3.1915683227756144,8.194315812106497,9.985182805515025,9.999982603775884,-10.0,9.999999998839984,10.0
C:\Users\damba\.cache\kagglehub\datasets\salmaneunus\mechanical-tools-dataset\versions\20\Mechanical Tools Image dataset\Mechanical Tools Image dataset\Toolbox\000358.jpg,Toolbox,exito,3.0810513065297567,6.960532847584625,9.924100195016269,9.969076211574137,9.999999999999918,9.99999582268348,9.999999999999629
C:\Users\damba\.cache\kagglehub\datasets\salmaneunus\mechanical-tools-dataset\versions\20\Mechanical Tools Image dataset\Mechanical Tools Image dataset\Toolbox\000359.jpg,Toolbox,exito,3.1123390746355604,6.9717107142458525,9.753670840183574,9.979405304368633,-9.99999999999986,-9.999996958901917,-9.999999999999618
C:\Users\damba\.cache\kagglehub\datasets\salmaneunus\mechanical-tools-dataset\versions\20\Mechanical Tools Image dataset\Mechanical Tools Image dataset\Toolbox\000360.jpg,Toolbox,exito,3.0792131387552066,7.810217459117177,9.804475437258908,9.973317529401474,9.99999999999955,-9.999999237801829,9.999999999999734
C:\Users\damba\.cache\kagglehub\datasets\salmaneunus\mechanical-tools-dataset\versions\20\Mechanical Tools Image dataset\Mechanical Tools Image dataset\Toolbox\000361.jpg,Toolbox,exito,3.096493800911663,8.810017974778669,9.945925011240291,9.998208707686988,10.0,9.999999966320749,-9.999999999999996
C:\Users\damba\.cache\kagglehub\datasets\salmaneunus\mechanical-tools-dataset\versions\20\Mechanical Tools Image dataset\Mechanical Tools Image dataset\Toolbox\000362.jpg,Toolbox,exito,3.0788661406933855,7.389387378202463,9.990441501721858,9.999983010136377,10.0,-9.999999996679804,-10.0
C:\Users\damba\.cache\kagglehub\datasets\salmaneunus\mechanical-tools-dataset\versions\20\Mechanical Tools Image dataset\Mechanical Tools Image dataset\Toolbox\000363.jpg,Toolbox,exito,3.050479743769488,7.319273151154152,9.748681974970365,9.920585263041865,9.999999999999226,9.999980951272164,9.999999999996632
C:\Users\damba\.cache\kagglehub\datasets\salmaneunus\mechanical-tools-dataset\versions\20\Mechanical Tools Image dataset\Mechanical Tools Image dataset\Toolbox\000364.jpg,Toolbox,exito,3.0961720318881385,7.605262548566131,9.60635488100143,9.938760248390968,9.999999999997042,9.999989663079335,9.999999999999044
C:\Users\damba\.cache\kagglehub\datasets\salmaneunus\mechanical-tools-dataset\versions\20\Mechanical Tools Image dataset\Mechanical Tools Image dataset\Toolbox\000365.jpg,Toolbox,exito,3.067053291576026,7.452587361037991,9.952859850238351,9.99480603292947,-9.999999999999986,-9.999999098344729,9.999999999999988
C:\Users\damba\.cache\kagglehub\datasets\salmaneunus\mechanical-tools-dataset\versions\20\Mechanical Tools Image dataset\Mechanical Tools Image dataset\Toolbox\000366.jpg,Toolbox,exito,2.947785178227992,8.818973291042518,9.975666839460455,9.867264901401672,9.999999999998602,9.999998537192752,-9.999999999998264
C:\Users\damba\.cache\kagglehub\datasets\salmaneunus\mechanical-tools-dataset\versions\20\Mechanical Tools Image dataset\Mechanical Tools Image dataset\Toolbox\000367.jpg,Toolbox,exito,3.0955211228349357,6.6476844696046955,9.962985665405526,9.996141973678505,9.999999999999991,9.999998758745804,-9.999999999999995
C:\Users\damba\.cache\kagglehub\datasets\salmaneunus\mechanical-tools-dataset\versions\20\Mechanical Tools Image dataset\Mechanical Tools Image dataset\Toolbox\000368.jpg,Toolbox,exito,3.0454901380229638,6.801922536703633,9.50783065639118,9.955824140602171,-9.999999999998096,-9.999983957528917,9.999999999998881
C:\Users\damba\.cache\kagglehub\datasets\salmaneunus\mechanical-tools-dataset\versions\20\Mechanical Tools Image dataset\Mechanical Tools Image dataset\Toolbox\000369.jpg,Toolbox,exito,3.0920497304682573,7.310830660557297,9.996549207889919,9.995484084414684,-9.999999999999996,9.999999291190152,9.999999999999998
C:\Users\damba\.cache\kagglehub\datasets\salmaneunus\mechanical-tools-dataset\versions\20\Mechanical Tools Image dataset\Mechanical Tools Image dataset\Toolbox\000370.jpg,Toolbox,exito,3.1136094257991673,7.967492637178316,9.831329776729504,9.975376544708604,9.999999999999899,9.999997464707201,-9.999999999999591
C:\Users\damba\.cache\kagglehub\datasets\salmaneunus\mechanical-tools-dataset\versions\20\Mechanical Tools Image dataset\Mechanical Tools Image dataset\Toolbox\000371.jpg,Toolbox,exito,2.8860523177134816,7.741060794238657,9.954120509079143,9.942265735797138,9.99999999999992,9.99999552125866,-9.999999999999227
C:\Users\damba\.cache\kagglehub\datasets\salmaneunus\mechanical-tools-dataset\versions\20\Mechanical Tools Image dataset\Mechanical Tools Image dataset\Toolbox\000372.jpg,Toolbox,exito,2.9942108190517414,6.862736279400838,9.96755588300282,9.91440820545534,9.99999999999893,-9.999974412809491,9.999999999999392
C:\Users\damba\.cache\kagglehub\datasets\salmaneunus\mechanical-tools-dataset\versions\20\Mechanical Tools Image dataset\Mechanical Tools Image dataset\Toolbox\000373.jpg,Toolbox,exito,3.1161411478818333,7.579251014520971,9.948381146867916,9.99716338643828,9.999999999999998,-9.99999965526484,-9.999999999999991
C:\Users\damba\.cache\kagglehub\datasets\salmaneunus\mechanical-tools-dataset\versions\20\Mechanical Tools Image dataset\Mechanical Tools Image dataset\Toolbox\000374.jpg,Toolbox,exito,2.8899611993170295,6.899933065921733,9.400946255154162,9.246043924603164,9.999999999367873,-9.999632275244004,-9.999999999583837
C:\Users\damba\.cache\kagglehub\datasets\salmaneunus\mechanical-tools-dataset\versions\20\Mechanical Tools Image dataset\Mechanical Tools Image dataset\Toolbox\000375.jpg,Toolbox,exito,3.103223507363352,7.279226983739499,9.681264586541905,9.996345261111719,-9.999999999999984,-9.999999956334856,-9.999999999999968
C:\Users\damba\.cache\kagglehub\datasets\salmaneunus\mechanical-tools-dataset\versions\20\Mechanical Tools Image dataset\Mechanical Tools Image dataset\Toolbox\000376.jpg,Toolbox,exito,3.1744417056711107,7.8378701734344025,9.937226971384101,9.999878801447284,-10.0,-9.9999999973745,-10.0
C:\Users\damba\.cache\kagglehub\datasets\salmaneunus\mechanical-tools-dataset\versions\20\Mechanical Tools Image dataset\Mechanical Tools Image dataset\Toolbox\000377.jpg,Toolbox,exito,3.022603002435953,7.5753140847416915,9.958709932400378,9.953429867978015,9.999999999999496,-9.999992575107873,-9.999999999999865
C:\Users\damba\.cache\kagglehub\datasets\salmaneunus\mechanical-tools-dataset\versions\20\Mechanical Tools Image dataset\Mechanical Tools Image dataset\Toolbox\000378.jpg,Toolbox,exito,3.112430147174095,6.736012396813201,9.995728330369483,9.99963771405327,10.0,9.999999850284357,10.0
C:\Users\damba\.cache\kagglehub\datasets\salmaneunus\mechanical-tools-dataset\versions\20\Mechanical Tools Image dataset\Mechanical Tools Image dataset\Toolbox\000379.jpg,Toolbox,exito,3.1579345625983644,7.446707935409137,9.994241155504445,9.997208444107644,9.999999999999998,9.999999920976082,10.0
C:\Users\damba\.cache\kagglehub\datasets\salmaneunus\mechanical-tools-dataset\versions\20\Mechanical Tools Image dataset\Mechanical Tools Image dataset\Toolbox\000380.jpg,Toolbox,exito,2.6311348181755747,8.080138877710768,9.829288781211707,9.76518752103787,-9.99999999998307,9.999985143843519,9.999999999993046
C:\Users\damba\.cache\kagglehub\datasets\salmaneunus\mechanical-tools-dataset\versions\20\Mechanical Tools Image dataset\Mechanical Tools Image dataset\Toolbox\000381.jpg,Toolbox,exito,2.8744238108572002,6.945644509607108,9.960289769771766,9.891907839684098,9.999999999998849,9.999968619072956,9.99999999999834
C:\Users\damba\.cache\kagglehub\datasets\salmaneunus\mechanical-tools-dataset\versions\20\Mechanical Tools Image dataset\Mechanical Tools Image dataset\Toolbox\000382.jpg,Toolbox,exito,2.95401588761506,7.432815514259716,9.798628734470688,9.887266691133949,9.999999999997664,-9.999983400205403,-9.99999999999515
C:\Users\damba\.cache\kagglehub\datasets\salmaneunus\mechanical-tools-dataset\versions\20\Mechanical Tools Image dataset\Mechanical Tools Image dataset\Toolbox\000383.jpg,Toolbox,exito,2.7834345611772493,7.407698596473394,9.747369984729337,9.914496432598918,9.999999999996565,9.999981723467274,9.999999999998122
C:\Users\damba\.cache\kagglehub\datasets\salmaneunus\mechanical-tools-dataset\versions\20\Mechanical Tools Image dataset\Mechanical Tools Image dataset\Toolbox\000384.jpg,Toolbox,exito,2.8631624536107236,6.634880562237785,9.253309763863692,9.886972714025848,9.999999999985523,-9.999987505806322,-9.999999999995836
C:\Users\damba\.cache\kagglehub\datasets\salmaneunus\mechanical-tools-dataset\versions\20\Mechanical Tools Image dataset\Mechanical Tools Image dataset\Toolbox\000385.jpg,Toolbox,exito,3.1914556060421937,8.791695593001014,9.96700406895424,9.999266353833326,-10.0,-9.999999971415836,10.0
C:\Users\damba\.cache\kagglehub\datasets\salmaneunus\mechanical-tools-dataset\versions\20\Mechanical Tools Image dataset\Mechanical Tools Image dataset\Toolbox\000386.jpg,Toolbox,exito,3.097007376348337,7.097049438829473,9.78408679070924,9.977085968484882,-9.99999999999978,-9.999994126204875,9.99999999999962
C:\Users\damba\.cache\kagglehub\datasets\salmaneunus\mechanical-tools-dataset\versions\20\Mechanical Tools Image dataset\Mechanical Tools Image dataset\Toolbox\000387.jpg,Toolbox,exito,2.9825142850117983,6.177141136628116,9.86782387056042,9.947771936750375,9.999999999998822,9.999955240182613,-9.99999999999989
C:\Users\damba\.cache\kagglehub\datasets\salmaneunus\mechanical-tools-dataset\versions\20\Mechanical Tools Image dataset\Mechanical Tools Image dataset\Toolbox\000388.jpg,Toolbox,exito,2.7971059815522814,8.229311391557532,9.953910530119925,9.748182729227684,-9.999999999989994,9.999998224953135,-9.999999999998474
C:\Users\damba\.cache\kagglehub\datasets\salmaneunus\mechanical-tools-dataset\versions\20\Mechanical Tools Image dataset\Mechanical Tools Image dataset\Toolbox\000389.jpg,Toolbox,exito,3.11479059631312,7.213123691847648,9.8398558400739,9.998456362495666,9.999999999999996,-9.999999619086928,-9.999999999999995
C:\Users\damba\.cache\kagglehub\datasets\salmaneunus\mechanical-tools-dataset\versions\20\Mechanical Tools Image dataset\Mechanical Tools Image dataset\Toolbox\000390.jpg,Toolbox,exito,3.167875774044171,8.03405359021901,9.958562031866892,9.999162508733761,9.999999999999998,-9.99999991983175,-10.0
C:\Users\damba\.cache\kagglehub\datasets\salmaneunus\mechanical-tools-dataset\versions\20\Mechanical Tools Image dataset\Mechanical Tools Image dataset\Toolbox\000391.jpg,Toolbox,exito,3.0614023781836126,8.480841414057297,9.87553028750556,9.974199877251179,9.99999999999983,9.999999812333593,9.99999999999966
C:\Users\damba\.cache\kagglehub\datasets\salmaneunus\mechanical-tools-dataset\versions\20\Mechanical Tools Image dataset\Mechanical Tools Image dataset\Toolbox\000392.jpg,Toolbox,exito,2.864668426592153,6.875748754721644,9.873601138239952,9.920990556609784,-9.999999999998046,9.999969284071257,9.999999999998886
C:\Users\damba\.cache\kagglehub\datasets\salmaneunus\mechanical-tools-dataset\versions\20\Mechanical Tools Image dataset\Mechanical Tools Image dataset\Toolbox\000393.jpg,Toolbox,exito,3.155666508793812,8.255842545800457,9.83502323603507,9.997582195607087,-9.999999999999988,-9.99999989639738,9.999999999999998
C:\Users\damba\.cache\kagglehub\datasets\salmaneunus\mechanical-tools-dataset\versions\20\Mechanical Tools Image dataset\Mechanical Tools Image dataset\Toolbox\000394.jpg,Toolbox,exito,3.115932501573218,8.579520200042756,9.981178419751407,9.983034116819093,9.999999999999996,9.999999610088711,-9.999999999999927
C:\Users\damba\.cache\kagglehub\datasets\salmaneunus\mechanical-tools-dataset\versions\20\Mechanical Tools Image dataset\Mechanical Tools Image dataset\Toolbox\000395.jpg,Toolbox,exito,3.147172232984325,7.2192877953444485,9.978892137509797,9.99931324799868,-10.0,-9.999999940543487,-10.0
C:\Users\damba\.cache\kagglehub\datasets\salmaneunus\mechanical-tools-dataset\versions\20\Mechanical Tools Image dataset\Mechanical Tools Image dataset\Toolbox\000396.jpg,Toolbox,exito,3.0734964944760517,9.385679881344727,9.753285744980158,9.845312005226937,9.9999999999896,9.999997320814378,-9.999999999997803
C:\Users\damba\.cache\kagglehub\datasets\salmaneunus\mechanical-tools-dataset\versions\20\Mechanical Tools Image dataset\Mechanical Tools Image dataset\Toolbox\000397.jpg,Toolbox,exito,2.852480105288441,6.0663825781008685,9.751439115404612,9.94303952438165,9.999999999997998,9.999943796992927,9.999999999999963
C:\Users\damba\.cache\kagglehub\datasets\salmaneunus\mechanical-tools-dataset\versions\20\Mechanical Tools Image dataset\Mechanical Tools Image dataset\Toolbox\000398.jpg,Toolbox,exito,3.160223108670075,7.638895852016426,9.9625466235699,9.996375572670285,-9.999999999999996,-9.999999902438471,9.999999999999991
C:\Users\damba\.cache\kagglehub\datasets\salmaneunus\mechanical-tools-dataset\versions\20\Mechanical Tools Image dataset\Mechanical Tools Image dataset\Toolbox\000399.jpg,Toolbox,exito,2.976108407094072,7.573670903878736,8.980574964922145,9.395889944145729,9.99999999930663,9.999857522843495,-9.999999999899845
C:\Users\damba\.cache\kagglehub\datasets\salmaneunus\mechanical-tools-dataset\versions\20\Mechanical Tools Image dataset\Mechanical Tools Image dataset\Toolbox\000400.jpg,Toolbox,exito,3.1213315611697023,8.13791164647655,9.947821424104262,9.997236443450904,9.999999999999996,9.999999780888038,-9.999999999999993
C:\Users\damba\.cache\kagglehub\datasets\salmaneunus\mechanical-tools-dataset\versions\20\Mechanical Tools Image dataset\Mechanical Tools Image dataset\Toolbox\000401.jpg,Toolbox,exito,3.0909709754341286,9.16561134189123,9.869592517360667,9.982023023250461,-9.999999999999778,9.99999958862604,-9.99999999999998
C:\Users\damba\.cache\kagglehub\datasets\salmaneunus\mechanical-tools-dataset\versions\20\Mechanical Tools Image dataset\Mechanical Tools Image dataset\Toolbox\000402.jpg,Toolbox,exito,3.1518893188252664,7.681396636458878,9.921151491607917,9.992646044183312,-9.99999999999996,-9.999999727715771,9.999999999999988
C:\Users\damba\.cache\kagglehub\datasets\salmaneunus\mechanical-tools-dataset\versions\20\Mechanical Tools Image dataset\Mechanical Tools Image dataset\Toolbox\000403.jpg,Toolbox,exito,3.1318196429269,6.86834049905688,9.99980422207808,9.99958570102745,10.0,9.999999881847899,-10.0
C:\Users\damba\.cache\kagglehub\datasets\salmaneunus\mechanical-tools-dataset\versions\20\Mechanical Tools Image dataset\Mechanical Tools Image dataset\Toolbox\000404.jpg,Toolbox,exito,3.0061483537680442,9.061312318045944,9.921671663929795,9.889937642248825,9.999999999997014,-9.999996537785538,9.999999999999842
C:\Users\damba\.cache\kagglehub\datasets\salmaneunus\mechanical-tools-dataset\versions\20\Mechanical Tools Image dataset\Mechanical Tools Image dataset\Toolbox\000405.jpg,Toolbox,exito,3.128381041001404,7.644533060502485,9.932039677196775,9.984496602127235,9.999999999999908,-9.999999028125213,-9.999999999999918
C:\Users\damba\.cache\kagglehub\datasets\salmaneunus\mechanical-tools-dataset\versions\20\Mechanical Tools Image dataset\Mechanical Tools Image dataset\Toolbox\000406.jpg,Toolbox,exito,2.7700630173116703,5.975377249371972,9.175110006110595,9.777875480085013,9.999999999980165,9.999775039813668,-9.999999999947114
C:\Users\damba\.cache\kagglehub\datasets\salmaneunus\mechanical-tools-dataset\versions\20\Mechanical Tools Image dataset\Mechanical Tools Image dataset\Toolbox\000407.jpg,Toolbox,exito,2.9487226199739247,7.398551829094067,9.880246298135376,9.942563489356425,9.99999999999912,9.999990040891824,-9.99999999999904
C:\Users\damba\.cache\kagglehub\datasets\salmaneunus\mechanical-tools-dataset\versions\20\Mechanical Tools Image dataset\Mechanical Tools Image dataset\Toolbox\000408.jpg,Toolbox,exito,2.9905708553500094,6.411754239700462,9.757059318052265,9.95552547200259,9.999999999999902,-9.99998549059509,9.999999999998671
C:\Users\damba\.cache\kagglehub\datasets\salmaneunus\mechanical-tools-dataset\versions\20\Mechanical Tools Image dataset\Mechanical Tools Image dataset\Toolbox\000409.jpg,Toolbox,exito,2.6399738498067946,6.464711963414097,8.901234911014736,9.527846440478188,9.99999999994563,9.999926430413142,-9.99999999959676
C:\Users\damba\.cache\kagglehub\datasets\salmaneunus\mechanical-tools-dataset\versions\20\Mechanical Tools Image dataset\Mechanical Tools Image dataset\Toolbox\000410.jpg,Toolbox,exito,2.93181609638564,8.460341926692651,9.851663642611404,9.668339307458648,9.999999999966159,-9.999981629350888,-9.99999999999668
C:\Users\damba\.cache\kagglehub\datasets\salmaneunus\mechanical-tools-dataset\versions\20\Mechanical Tools Image dataset\Mechanical Tools Image dataset\Toolbox\000411.jpg,Toolbox,exito,3.0625941230928517,7.146791117704517,9.929368645240354,9.981356309782973,9.999999999999837,9.999995825228044,-9.99999999999996
C:\Users\damba\.cache\kagglehub\datasets\salmaneunus\mechanical-tools-dataset\versions\20\Mechanical Tools Image dataset\Mechanical Tools Image dataset\Toolbox\000412.jpg,Toolbox,exito,2.9855206948784856,7.796971689064228,9.931368432561632,9.962710652919831,9.999999999999822,-9.999997235151413,-9.999999999999552
C:\Users\damba\.cache\kagglehub\datasets\salmaneunus\mechanical-tools-dataset\versions\20\Mechanical Tools Image dataset\Mechanical Tools Image dataset\Toolbox\000413.jpg,Toolbox,exito,3.1336694881817375,6.897175982897054,9.92215214743227,9.992782964942858,9.999999999999963,9.999997716523996,-9.99999999999998
C:\Users\damba\.cache\kagglehub\datasets\salmaneunus\mechanical-tools-dataset\versions\20\Mechanical Tools Image dataset\Mechanical Tools Image dataset\Toolbox\000414.jpg,Toolbox,exito,3.120764781665371,7.907549144639808,9.797134319288089,9.997020934736094,9.999999999999984,9.999999908010409,9.99999999999999
C:\Users\damba\.cache\kagglehub\datasets\salmaneunus\mechanical-tools-dataset\versions\20\Mechanical Tools Image dataset\Mechanical Tools Image dataset\Toolbox\000415.jpg,Toolbox,exito,2.9905077913887133,6.6823124514382926,9.696084236115508,9.889724560140555,-9.999999999993376,9.99994367903405,9.999999999998487
C:\Users\damba\.cache\kagglehub\datasets\salmaneunus\mechanical-tools-dataset\versions\20\Mechanical Tools Image dataset\Mechanical Tools Image dataset\Toolbox\000416.jpg,Toolbox,exito,2.8829341275368807,6.955047930395921,9.408609649783562,9.746570228057855,9.999999999976454,9.999911840982518,9.999999999953422
C:\Users\damba\.cache\kagglehub\datasets\salmaneunus\mechanical-tools-dataset\versions\20\Mechanical Tools Image dataset\Mechanical Tools Image dataset\Toolbox\000417.jpg,Toolbox,exito,3.071467272892771,8.004829032515747,9.947377644082705,9.993067823001011,9.999999999999968,9.999999803544585,-9.999999999999998
C:\Users\damba\.cache\kagglehub\datasets\salmaneunus\mechanical-tools-dataset\versions\20\Mechanical Tools Image dataset\Mechanical Tools Image dataset\Toolbox\000418.jpg,Toolbox,exito,2.9467929228278833,6.819697027597681,9.885058868268713,9.997490573598819,-9.999999999999991,9.99999973661349,9.999999999999996
C:\Users\damba\.cache\kagglehub\datasets\salmaneunus\mechanical-tools-dataset\versions\20\Mechanical Tools Image dataset\Mechanical Tools Image dataset\Toolbox\000419.jpg,Toolbox,exito,2.91953690716492,7.488802226079526,9.719779096579959,9.811540434274335,9.99999999998464,9.999984777661444,9.999999999993813
C:\Users\damba\.cache\kagglehub\datasets\salmaneunus\mechanical-tools-dataset\versions\20\Mechanical Tools Image dataset\Mechanical Tools Image dataset\Toolbox\000420.jpg,Toolbox,exito,3.0455873565560867,7.671123629857078,9.852773045077836,9.980719744026016,-9.999999999999805,9.999997148293996,9.999999999999819
C:\Users\damba\.cache\kagglehub\datasets\salmaneunus\mechanical-tools-dataset\versions\20\Mechanical Tools Image dataset\Mechanical Tools Image dataset\Toolbox\000421.jpg,Toolbox,exito,3.134849514657388,8.302865319423093,9.947670727374549,9.997730558571257,-9.999999999999996,9.999999913050546,-9.999999999999996
C:\Users\damba\.cache\kagglehub\datasets\salmaneunus\mechanical-tools-dataset\versions\20\Mechanical Tools Image dataset\Mechanical Tools Image dataset\Toolbox\000422.jpg,Toolbox,exito,3.0964543518472265,7.284505924248873,9.775291589089338,9.976929615359534,9.999999999999707,-9.999996757615216,9.99999999999965
C:\Users\damba\.cache\kagglehub\datasets\salmaneunus\mechanical-tools-dataset\versions\20\Mechanical Tools Image dataset\Mechanical Tools Image dataset\Toolbox\000423.jpg,Toolbox,exito,2.9710381963180486,7.042967261320044,9.252601439065652,9.720159061891957,9.999999999919932,9.999885791261564,-9.999999999999151
C:\Users\damba\.cache\kagglehub\datasets\salmaneunus\mechanical-tools-dataset\versions\20\Mechanical Tools Image dataset\Mechanical Tools Image dataset\Toolbox\000424.jpg,Toolbox,exito,3.1042327380487276,8.441805502378998,9.931627002499491,9.994574314868784,-9.999999999999993,-9.999999685761415,-9.999999999999975
C:\Users\damba\.cache\kagglehub\datasets\salmaneunus\mechanical-tools-dataset\versions\20\Mechanical Tools Image dataset\Mechanical Tools Image dataset\Toolbox\000425.jpg,Toolbox,exito,3.109300864098741,8.33229577239317,9.972220302858908,9.950121520780332,9.999999999999966,9.999996448580081,-9.999999999999527
C:\Users\damba\.cache\kagglehub\datasets\salmaneunus\mechanical-tools-dataset\versions\20\Mechanical Tools Image dataset\Mechanical Tools Image dataset\Toolbox\000426.jpg,Toolbox,exito,2.720951290781895,6.940905762273955,8.686854889244369,9.234869123128078,-9.99999999889137,-9.999441216420399,9.999999998293966
C:\Users\damba\.cache\kagglehub\datasets\salmaneunus\mechanical-tools-dataset\versions\20\Mechanical Tools Image dataset\Mechanical Tools Image dataset\Toolbox\000427.jpg,Toolbox,exito,2.9032482984701806,7.886789711401102,9.491402368935681,9.610268645661872,9.999999999978282,-9.999988787749167,9.999999999888601
C:\Users\damba\.cache\kagglehub\datasets\salmaneunus\mechanical-tools-dataset\versions\20\Mechanical Tools Image dataset\Mechanical Tools Image dataset\Toolbox\000428.jpg,Toolbox,exito,3.144451160178573,7.376276392854742,9.952142136750748,9.996417074040917,9.999999999999998,9.999999298887325,9.99999999999999
C:\Users\damba\.cache\kagglehub\datasets\salmaneunus\mechanical-tools-dataset\versions\20\Mechanical Tools Image dataset\Mechanical Tools Image dataset\Toolbox\000429.jpg,Toolbox,exito,3.1389238514177222,7.55595909561675,9.996004972010743,9.998917605257743,10.0,9.999999819781989,10.0
C:\Users\damba\.cache\kagglehub\datasets\salmaneunus\mechanical-tools-dataset\versions\20\Mechanical Tools Image dataset\Mechanical Tools Image dataset\Toolbox\000430.jpg,Toolbox,exito,3.08776934502738,7.997013876897264,9.672017314347725,9.97027285297195,-9.999999999999892,9.99999989251141,-9.999999999999137
C:\Users\damba\.cache\kagglehub\datasets\salmaneunus\mechanical-tools-dataset\versions\20\Mechanical Tools Image dataset\Mechanical Tools Image dataset\Toolbox\000431.jpg,Toolbox,exito,3.0834044370970486,7.150457143700755,9.875870195750544,9.989994055768923,-9.999999999999968,-9.99999820104638,9.999999999999917
C:\Users\damba\.cache\kagglehub\datasets\salmaneunus\mechanical-tools-dataset\versions\20\Mechanical Tools Image dataset\Mechanical Tools Image dataset\Toolbox\000432.jpg,Toolbox,exito,3.0198268566931596,7.63535899667116,9.432615994867167,9.925613392336142,9.99999999999454,9.999988471940622,9.999999999998181
C:\Users\damba\.cache\kagglehub\datasets\salmaneunus\mechanical-tools-dataset\versions\20\Mechanical Tools Image dataset\Mechanical Tools Image dataset\Toolbox\000433.jpg,Toolbox,exito,2.932038470601082,7.842249853487651,9.882155658671204,9.936167182500249,-9.99999999999926,-9.999993747813498,-9.999999999998664
C:\Users\damba\.cache\kagglehub\datasets\salmaneunus\mechanical-tools-dataset\versions\20\Mechanical Tools Image dataset\Mechanical Tools Image dataset\Toolbox\000434.jpg,Toolbox,exito,2.7397429320180735,8.507007760894737,9.562708731602696,9.531512505286166,-9.99999999989263,-9.99998373869481,-9.999999999888514
C:\Users\damba\.cache\kagglehub\datasets\salmaneunus\mechanical-tools-dataset\versions\20\Mechanical Tools Image dataset\Mechanical Tools Image dataset\Toolbox\000435.jpg,Toolbox,exito,3.066056094839801,8.061888061546242,9.770815961880231,9.964504601246809,9.999999999999366,-9.999996790985167,9.99999999999936
C:\Users\damba\.cache\kagglehub\datasets\salmaneunus\mechanical-tools-dataset\versions\20\Mechanical Tools Image dataset\Mechanical Tools Image dataset\Toolbox\000436.jpg,Toolbox,exito,2.913991077263913,6.930370060776448,9.778843733793398,9.646449747974112,9.999999999983553,9.99982429351688,-9.99999999995291
C:\Users\damba\.cache\kagglehub\datasets\salmaneunus\mechanical-tools-dataset\versions\20\Mechanical Tools Image dataset\Mechanical Tools Image dataset\Toolbox\000437.jpg,Toolbox,exito,3.077993020217578,8.965182415984428,9.922612927820534,9.971929269154334,9.999999999999682,9.999999097065047,9.99999999999991
C:\Users\damba\.cache\kagglehub\datasets\salmaneunus\mechanical-tools-dataset\versions\20\Mechanical Tools Image dataset\Mechanical Tools Image dataset\Toolbox\000438.jpg,Toolbox,exito,3.092217616400773,8.41063049187972,9.98914261580082,9.999462314996896,-10.0,-9.999999977854875,-10.0
C:\Users\damba\.cache\kagglehub\datasets\salmaneunus\mechanical-tools-dataset\versions\20\Mechanical Tools Image dataset\Mechanical Tools Image dataset\Toolbox\000439.jpg,Toolbox,exito,2.8130772143586853,6.198079450073632,9.448775449581023,9.747560492879618,9.999999999951392,9.999728934686072,-9.999999999999153
C:\Users\damba\.cache\kagglehub\datasets\salmaneunus\mechanical-tools-dataset\versions\20\Mechanical Tools Image dataset\Mechanical Tools Image dataset\Toolbox\000440.jpg,Toolbox,exito,3.0646313893247044,7.029880469277194,9.58466159794629,9.92974201900015,-9.999999999999822,-9.999985601540134,-9.999999999995959
C:\Users\damba\.cache\kagglehub\datasets\salmaneunus\mechanical-tools-dataset\versions\20\Mechanical Tools Image dataset\Mechanical Tools Image dataset\Toolbox\000441.jpg,Toolbox,exito,3.116462845556698,8.322558227601004,9.992767948380177,9.984071513079085,9.999999999999964,-9.999999572045276,-9.99999999999998
C:\Users\damba\.cache\kagglehub\datasets\salmaneunus\mechanical-tools-dataset\versions\20\Mechanical Tools Image dataset\Mechanical Tools Image dataset\Toolbox\000442.jpg,Toolbox,exito,2.8876246161798513,7.434261719088251,9.437088081408199,9.834905103100311,9.999999999987036,9.999974173921078,9.999999999981906
C:\Users\damba\.cache\kagglehub\datasets\salmaneunus\mechanical-tools-dataset\versions\20\Mechanical Tools Image dataset\Mechanical Tools Image dataset\Toolbox\000443.jpg,Toolbox,exito,2.277428562108103,4.643019010158101,7.90974343624796,8.114040953765814,9.999999682709127,9.888883431033575,9.999999993327044
C:\Users\damba\.cache\kagglehub\datasets\salmaneunus\mechanical-tools-dataset\versions\20\Mechanical Tools Image dataset\Mechanical Tools Image dataset\Toolbox\000444.jpg,Toolbox,exito,3.0876820559099016,7.885948630260717,9.94675657049904,9.999277360475455,10.0,9.999999924328648,10.0
C:\Users\damba\.cache\kagglehub\datasets\salmaneunus\mechanical-tools-dataset\versions\20\Mechanical Tools Image dataset\Mechanical Tools Image dataset\Toolbox\000445.jpg,Toolbox,exito,2.7537882422062165,6.317027451432062,9.910417251696936,9.720850720820518,-9.999999999993372,-9.999830295264923,-9.99999999998348
C:\Users\damba\.cache\kagglehub\datasets\salmaneunus\mechanical-tools-dataset\versions\20\Mechanical Tools Image dataset\Mechanical Tools Image dataset\Toolbox\000446.jpg,Toolbox,exito,3.070587493698209,7.2302754725364125,9.677587964125909,9.961171725278097,9.999999999998789,9.999997774466603,9.99999999999952
C:\Users\damba\.cache\kagglehub\datasets\salmaneunus\mechanical-tools-dataset\versions\20\Mechanical Tools Image dataset\Mechanical Tools Image dataset\Toolbox\000447.jpg,Toolbox,exito,2.9081697377671265,6.136129732079269,9.743564992914134,9.882614591508498,9.999999999999435,9.999922223546163,9.999999999993287
C:\Users\damba\.cache\kagglehub\datasets\salmaneunus\mechanical-tools-dataset\versions\20\Mechanical Tools Image dataset\Mechanical Tools Image dataset\Toolbox\000448.jpg,Toolbox,exito,3.112121640501137,7.9559521099611406,9.980529989886435,9.982914358882804,9.999999999999925,-9.999998411950461,-9.999999999999996
C:\Users\damba\.cache\kagglehub\datasets\salmaneunus\mechanical-tools-dataset\versions\20\Mechanical Tools Image dataset\Mechanical Tools Image dataset\Toolbox\000449.jpg,Toolbox,exito,3.091796330394845,7.552226000156882,9.826373233379837,9.992246508098331,-9.999999999999934,-9.999999420565505,9.999999999999966
C:\Users\damba\.cache\kagglehub\datasets\salmaneunus\mechanical-tools-dataset\versions\20\Mechanical Tools Image dataset\Mechanical Tools Image dataset\Toolbox\000450.jpg,Toolbox,exito,3.0851383603300926,6.856090117323306,9.994421157392395,9.994074174772654,9.999999999999995,9.99999787264895,-9.999999999999995
C:\Users\damba\.cache\kagglehub\datasets\salmaneunus\mechanical-tools-dataset\versions\20\Mechanical Tools Image dataset\Mechanical Tools Image dataset\Toolbox\000451.jpg,Toolbox,exito,3.124612060956378,7.899714649305395,9.939975007868702,9.982109088260886,-9.999999999999984,9.999998842708605,-9.999999999999856
C:\Users\damba\.cache\kagglehub\datasets\salmaneunus\mechanical-tools-dataset\versions\20\Mechanical Tools Image dataset\Mechanical Tools Image dataset\Toolbox\000452.jpg,Toolbox,exito,3.073027180162708,8.067797289324545,9.935450241178994,9.987066345064157,-9.999999999999945,9.999999015001608,9.999999999999927
C:\Users\damba\.cache\kagglehub\datasets\salmaneunus\mechanical-tools-dataset\versions\20\Mechanical Tools Image dataset\Mechanical Tools Image dataset\Toolbox\000453.jpg,Toolbox,exito,3.080312689574069,8.20302178696342,9.984026401854342,9.994787974365936,9.999999999999991,9.99999964996039,-9.999999999999993
C:\Users\damba\.cache\kagglehub\datasets\salmaneunus\mechanical-tools-dataset\versions\20\Mechanical Tools Image dataset\Mechanical Tools Image dataset\Toolbox\000454.jpg,Toolbox,exito,3.147528020553643,6.989706446481835,9.997105210429426,9.999823462516222,-10.0,-9.999999948062156,-10.0
C:\Users\damba\.cache\kagglehub\datasets\salmaneunus\mechanical-tools-dataset\versions\20\Mechanical Tools Image dataset\Mechanical Tools Image dataset\Toolbox\000455.jpg,Toolbox,exito,2.9808743065211765,8.086572304310907,9.941638843578868,9.976895125803663,-9.99999999999979,-9.999998579869533,9.999999999999998
C:\Users\damba\.cache\kagglehub\datasets\salmaneunus\mechanical-tools-dataset\versions\20\Mechanical Tools Image dataset\Mechanical Tools Image dataset\Toolbox\000456.jpg,Toolbox,exito,3.149449864822215,7.556036445670852,9.984166001133223,9.995217877194584,-9.999999999999996,-9.999999916276272,9.999999999999991
C:\Users\damba\.cache\kagglehub\datasets\salmaneunus\mechanical-tools-dataset\versions\20\Mechanical Tools Image dataset\Mechanical Tools Image dataset\Toolbox\000457.jpg,Toolbox,exito,3.03132009690701,8.596589508647815,9.956703776548292,9.981292559451,-9.999999999999886,9.99999972637617,9.999999999999936
C:\Users\damba\.cache\kagglehub\datasets\salmaneunus\mechanical-tools-dataset\versions\20\Mechanical Tools Image dataset\Mechanical Tools Image dataset\Toolbox\000458.jpg,Toolbox,exito,2.8318782022864912,7.361848730021161,9.961631816375746,9.704363661577915,9.9999999999878,-9.999935213371845,-9.999999999996426
C:\Users\damba\.cache\kagglehub\datasets\salmaneunus\mechanical-tools-dataset\versions\20\Mechanical Tools Image dataset\Mechanical Tools Image dataset\Toolbox\000459.jpg,Toolbox,exito,3.159120821939947,8.725590503694281,9.994580266162655,9.996526832072563,-9.999999999999998,-9.99999989867192,-9.999999999999996
C:\Users\damba\.cache\kagglehub\datasets\salmaneunus\mechanical-tools-dataset\versions\20\Mechanical Tools Image dataset\Mechanical Tools Image dataset\Toolbox\000460.jpg,Toolbox,exito,2.8859234180235798,7.047297525873845,9.985430520042403,9.998289355437969,9.999999999999998,-9.999999507601842,-10.0
C:\Users\damba\.cache\kagglehub\datasets\salmaneunus\mechanical-tools-dataset\versions\20\Mechanical Tools Image dataset\Mechanical Tools Image dataset\Toolbox\000461.jpg,Toolbox,exito,3.1131603681013322,8.519180480673345,9.98696039175417,9.987989602249277,9.999999999999991,9.999999927509236,-9.999999999999966
C:\Users\damba\.cache\kagglehub\datasets\salmaneunus\mechanical-tools-dataset\versions\20\Mechanical Tools Image dataset\Mechanical Tools Image dataset\Toolbox\000462.jpg,Toolbox,exito,2.4148044583172115,6.970617366745686,8.202063617297226,8.014818286759938,9.999999710671764,9.986932971001966,9.999999864826036
C:\Users\damba\.cache\kagglehub\datasets\salmaneunus\mechanical-tools-dataset\versions\20\Mechanical Tools Image dataset\Mechanical Tools Image dataset\Toolbox\000463.jpg,Toolbox,exito,3.111333398743347,8.093546269168574,9.976429241823535,9.999811161507905,10.0,9.999999997778621,10.0
C:\Users\damba\.cache\kagglehub\datasets\salmaneunus\mechanical-tools-dataset\versions\20\Mechanical Tools Image dataset\Mechanical Tools Image dataset\Toolbox\000464.jpg,Toolbox,exito,3.1409289116216788,8.663053372000775,9.934260083503812,9.986248582538863,9.999999999999954,9.999999618295032,-9.99999999999991
C:\Users\damba\.cache\kagglehub\datasets\salmaneunus\mechanical-tools-dataset\versions\20\Mechanical Tools Image dataset\Mechanical Tools Image dataset\Toolbox\000465.jpg,Toolbox,exito,3.052478904516632,6.782290888141052,9.923744469611021,9.993302196770355,-9.999999999999963,-9.999999374330189,9.999999999999996
C:\Users\damba\.cache\kagglehub\datasets\salmaneunus\mechanical-tools-dataset\versions\20\Mechanical Tools Image dataset\Mechanical Tools Image dataset\Toolbox\000466.jpg,Toolbox,exito,3.0002587707335007,6.911099266727056,9.385502119625091,9.719927660791843,9.999999999937788,-9.999987233056324,-9.999999999977696
C:\Users\damba\.cache\kagglehub\datasets\salmaneunus\mechanical-tools-dataset\versions\20\Mechanical Tools Image dataset\Mechanical Tools Image dataset\Toolbox\000467.jpg,Toolbox,exito,3.16983742511021,7.451766409484154,9.97783673407979,9.999741462344582,10.0,9.999999955183009,-10.0
C:\Users\damba\.cache\kagglehub\datasets\salmaneunus\mechanical-tools-dataset\versions\20\Mechanical Tools Image dataset\Mechanical Tools Image dataset\Toolbox\000468.jpg,Toolbox,exito,2.792022778183608,9.082316859885395,9.851764687999712,9.75021734752275,-9.999999999996348,-9.99999393564058,-9.999999999981368
C:\Users\damba\.cache\kagglehub\datasets\salmaneunus\mechanical-tools-dataset\versions\20\Mechanical Tools Image dataset\Mechanical Tools Image dataset\Toolbox\000469.jpg,Toolbox,exito,3.117895593311851,8.356086439047784,9.81894722628069,9.999847859533167,-10.0,9.999999999209946,-10.0
C:\Users\damba\.cache\kagglehub\datasets\salmaneunus\mechanical-tools-dataset\versions\20\Mechanical Tools Image dataset\Mechanical Tools Image dataset\Toolbox\000470.jpg,Toolbox,exito,2.8608831021223855,6.977726038689873,9.419877389406999,9.508805283114617,9.999999999814824,9.999710708911525,-9.999999999879224
C:\Users\damba\.cache\kagglehub\datasets\salmaneunus\mechanical-tools-dataset\versions\20\Mechanical Tools Image dataset\Mechanical Tools Image dataset\Toolbox\000471.jpg,Toolbox,exito,2.946909404871227,7.647117909766936,9.340751551528204,9.97145646824692,-9.99999999999955,-9.999996592268802,-9.99999999999862
C:\Users\damba\.cache\kagglehub\datasets\salmaneunus\mechanical-tools-dataset\versions\20\Mechanical Tools Image dataset\Mechanical Tools Image dataset\Toolbox\000472.jpg,Toolbox,exito,3.1663246309241337,8.080773129947126,9.975267050176152,9.999621646434917,-10.0,-9.999999992078145,10.0
C:\Users\damba\.cache\kagglehub\datasets\salmaneunus\mechanical-tools-dataset\versions\20\Mechanical Tools Image dataset\Mechanical Tools Image dataset\Toolbox\000473.jpg,Toolbox,exito,2.999305489736669,6.255938384182902,9.807797493223186,9.967708484521141,9.999999999999597,9.99998881752145,9.999999999999435
C:\Users\damba\.cache\kagglehub\datasets\salmaneunus\mechanical-tools-dataset\versions\20\Mechanical Tools Image dataset\Mechanical Tools Image dataset\Toolbox\000474.jpg,Toolbox,exito,3.067989392213237,7.091674589422573,9.998818007675483,9.99524392918613,-9.999999999999998,9.999999248772827,9.999999999999998
C:\Users\damba\.cache\kagglehub\datasets\salmaneunus\mechanical-tools-dataset\versions\20\Mechanical Tools Image dataset\Mechanical Tools Image dataset\Toolbox\000475.jpg,Toolbox,exito,2.7656595496552643,7.3829210853087375,9.739264177527195,9.867212993245857,-9.999999999993864,9.999974148945219,-9.999999999994225
C:\Users\damba\.cache\kagglehub\datasets\salmaneunus\mechanical-tools-dataset\versions\20\Mechanical Tools Image dataset\Mechanical Tools Image dataset\Toolbox\000476.jpg,Toolbox,exito,2.2790277512981145,4.566121666824488,7.705449691757471,7.71444947055088,9.999998382309577,9.698855135903703,-9.999999999969225
C:\Users\damba\.cache\kagglehub\datasets\salmaneunus\mechanical-tools-dataset\versions\20\Mechanical Tools Image dataset\Mechanical Tools Image dataset\Toolbox\000477.jpg,Toolbox,exito,3.092899931869889,7.054144838267982,9.991985002243114,9.958956315511463,9.999999999999885,9.999990858566091,-9.999999999999854
C:\Users\damba\.cache\kagglehub\datasets\salmaneunus\mechanical-tools-dataset\versions\20\Mechanical Tools Image dataset\Mechanical Tools Image dataset\Toolbox\000478.jpg,Toolbox,exito,2.946664142605022,7.642225954302981,9.897724508631564,9.907783283780622,-9.999999999997987,-9.999990518834947,-9.999999999998394
C:\Users\damba\.cache\kagglehub\datasets\salmaneunus\mechanical-tools-dataset\versions\20\Mechanical Tools Image dataset\Mechanical Tools Image dataset\Toolbox\000479.jpg,Toolbox,exito,3.041358964871361,8.90549080852093,9.998321952098603,9.993994869812317,9.999999999999996,9.999999900254053,-9.999999999999996
C:\Users\damba\.cache\kagglehub\datasets\salmaneunus\mechanical-tools-dataset\versions\20\Mechanical Tools Image dataset\Mechanical Tools Image dataset\Toolbox\000480.jpg,Toolbox,exito,3.102041402809583,8.086683677165379,9.911547608504888,9.968275842167214,9.999999999999728,-9.99999782792585,9.999999999999666
C:\Users\damba\.cache\kagglehub\datasets\salmaneunus\mechanical-tools-dataset\versions\20\Mechanical Tools Image dataset\Mechanical Tools Image dataset\Toolbox\000481.jpg,Toolbox,exito,3.0708636191831435,7.098535523593694,9.871535064420852,9.97059484144296,-9.999999999999812,-9.999992115068991,-9.999999999999567
C:\Users\damba\.cache\kagglehub\datasets\salmaneunus\mechanical-tools-dataset\versions\20\Mechanical Tools Image dataset\Mechanical Tools Image dataset\Toolbox\000482.jpg,Toolbox,exito,2.883760657469438,6.782371578916979,9.554228320186676,9.968617553231121,9.999999999999075,9.999999459980428,-9.999999999999249
