rutaImagen,etiqueta,estado,zernike_0,zernike_1,zernike_2,zernike_3,zernike_4,zernike_5,zernike_6,zernike_7,zernike_8,zernike_9,zernike_10,zernike_11,zernike_12,zernike_13,zernike_14,zernike_15,zernike_16,zernike_17,zernike_18,zernike_19,zernike_20,zernike_21,zernike_22,zernike_23,zernike_24
C:\Users\damba\.cache\kagglehub\datasets\salmaneunus\mechanical-tools-dataset\versions\20\Mechanical Tools Image dataset\Mechanical Tools Image dataset\pliers\000000.jpg,pliers,exito,0.0,0.0,0.0,0.0,0.0,0.0,0.0,0.0,0.0,0.0,0.0,0.0,0.0,0.0,0.0,0.0,0.0,0.0,0.0,0.0,0.0,0.0,0.0,0.0,0.0
C:\Users\damba\.cache\kagglehub\datasets\salmaneunus\mechanical-tools-dataset\versions\20\Mechanical Tools Image dataset\Mechanical Tools Image dataset\pliers\000001.jpg,pliers,exito,0.3183098861837906,0.039984556368849164,0.0016688354646825563,0.06438105893481114,0.0855329739457668,0.059823928147609465,0.026283460782488242,0.09167758743576122,0.013734220133145725,0.12198212888855897,0.1117723128210767,0.041387284329704795,0.09766758380672852,0.09769258264444607,0.03174016265334273,0.09136907456930762,0.10104049975474279,0.13828243398328532,0.05066778679208227,0.14875354476809818,0.18347809718234875,0.10291574813155353,0.091000022948514,0.18920910921004555,0.11487359741232882
C:\Users\damba\.cache\kagglehub\datasets\salmaneunus\mechanical-tools-dataset\versions\20\Mechanical Tools Image dataset\Mechanical Tools Image dataset\pliers\000002.jpg,pliers,exito,0.3183098861837906,0.013702727055301294,0.016438166564523245,0.00905924860859131,0.03243108440109295,0.08520106681399622,0.05208137631261633,0.00953006086288094,0.05056967571575412,0.05838157730002882,0.10753193963856708,0.07331765786119157,0.119913198874522,0.0616130511160139,0.03599622264422488,0.04501703263095586,0.06082039783896394,0.052750795525942216,0.038450383235503836,0.046821802526422165,0.1925746011797691,0.11709215111021733,0.030408643800322405,0.11206817053585852,0.0728844390816102
C:\Users\damba\.cache\kagglehub\datasets\salmaneunus\mechanical-tools-dataset\versions\20\Mechanical Tools Image dataset\Mechanical Tools Image dataset\pliers\000003.jpg,pliers,exito,0.3183098861837905,0.1942607596596486,0.08228216008211503,0.026874852007129184,0.06299259421665512,0.0724895557771309,0.08763647999892263,0.11145638016258794,0.09094659927405159,0.09792823583693576,0.1433779430664498,0.10629338972489019,0.013665655919906422,0.13725465431535597,0.07225367840721887,0.11296628665587008,0.141382222849751,0.17824804206021594,0.12256265099878473,0.12814277406242255,0.09728430188640715,0.27396900460528134,0.23127398946415906,0.19876072909304154,0.11989397375587109
C:\Users\damba\.cache\kagglehub\datasets\salmaneunus\mechanical-tools-dataset\versions\20\Mechanical Tools Image dataset\Mechanical Tools Image dataset\pliers\000004.jpg,pliers,exito,0.0,0.0,0.0,0.0,0.0,0.0,0.0,0.0,0.0,0.0,0.0,0.0,0.0,0.0,0.0,0.0,0.0,0.0,0.0,0.0,0.0,0.0,0.0,0.0,0.0
C:\Users\damba\.cache\kagglehub\datasets\salmaneunus\mechanical-tools-dataset\versions\20\Mechanical Tools Image dataset\Mechanical Tools Image dataset\pliers\000005.jpg,pliers,exito,0.31830988618379064,0.38022033622481055,0.2547230656568849,0.13589224821311688,0.09369700278096017,0.18862227072570917,0.012833837694941,0.2649957401001872,0.2476408695834326,0.2066789221832601,0.2574517787024855,0.0893288340400908,0.2280660191090874,0.304581616513929,0.168861211945446,0.09818073985990321,0.369240203596272,0.27454188517600486,0.18128285678932865,0.05715115656231727,0.07042014202838996,0.5318621755543417,0.3598430322280701,0.040888431993995916,0.3108022206200922
C:\Users\damba\.cache\kagglehub\datasets\salmaneunus\mechanical-tools-dataset\versions\20\Mechanical Tools Image dataset\Mechanical Tools Image dataset\pliers\000006.jpg,pliers,exito,0.31830988618379075,0.23207098573843124,0.2158072623990744,0.11165118631427436,0.08887516865579974,0.07788939398331103,0.1342343744101855,0.03046963878562238,0.11847487365680585,0.1952426179928359,0.132311236985084,0.16261309078660938,0.3569085294119223,0.07119577003963652,0.1619692026567051,0.2157937899842011,0.19494758052928643,0.21844579464154373,0.17391673404121466,0.16622718423779717,0.23041772067822044,0.07415793131220935,0.2614212835857431,0.2724057878910575,0.02458851712559317
C:\Users\damba\.cache\kagglehub\datasets\salmaneunus\mechanical-tools-dataset\versions\20\Mechanical Tools Image dataset\Mechanical Tools Image dataset\pliers\000007.jpg,pliers,exito,0.0,0.0,0.0,0.0,0.0,0.0,0.0,0.0,0.0,0.0,0.0,0.0,0.0,0.0,0.0,0.0,0.0,0.0,0.0,0.0,0.0,0.0,0.0,0.0,0.0
C:\Users\damba\.cache\kagglehub\datasets\salmaneunus\mechanical-tools-dataset\versions\20\Mechanical Tools Image dataset\Mechanical Tools Image dataset\pliers\000008.jpg,pliers,exito,0.3183098861837905,0.01371037050162831,0.01791784692234077,0.03657268049904942,0.019950118439018488,0.04273893465984266,0.003218107809939515,0.061448658658381894,0.04224542774640901,0.040026309971996264,0.04003346643261833,0.09644940455523687,0.06027033108973331,0.08435046789812378,0.1067274286951168,0.09845945310264977,0.07542124531300654,0.04553288534051762,0.07901692862513644,0.11480953610402904,0.15034866992101478,0.09960677033373662,0.1997726120765941,0.14573096954755915,0.1176693971861128
C:\Users\damba\.cache\kagglehub\datasets\salmaneunus\mechanical-tools-dataset\versions\20\Mechanical Tools Image dataset\Mechanical Tools Image dataset\pliers\000009.jpg,pliers,exito,0.0,0.0,0.0,0.0,0.0,0.0,0.0,0.0,0.0,0.0,0.0,0.0,0.0,0.0,0.0,0.0,0.0,0.0,0.0,0.0,0.0,0.0,0.0,0.0,0.0
C:\Users\damba\.cache\kagglehub\datasets\salmaneunus\mechanical-tools-dataset\versions\20\Mechanical Tools Image dataset\Mechanical Tools Image dataset\pliers\000010.jpg,pliers,exito,0.3183098861837906,0.029127532176789036,0.013324934315228557,0.006829231521438494,0.06738294383607737,0.08392302826773687,0.031999457251184506,0.03739610731827938,0.06676349369229109,0.11534091583895326,0.12386810002258733,0.08758028238018584,0.05015678420748164,0.15880580901246658,0.10913890230994404,0.06677032781973208,0.1521652549870526,0.12887777897741778,0.09774858916162425,0.06477649164760944,0.031675062775300133,0.31078412069559325,0.13457292411479221,0.1842853147694561,0.05207804819439532
C:\Users\damba\.cache\kagglehub\datasets\salmaneunus\mechanical-tools-dataset\versions\20\Mechanical Tools Image dataset\Mechanical Tools Image dataset\pliers\000011.jpg,pliers,exito,0.31830988618379047,0.0422976784455891,0.03246762178263289,0.03147953443142526,0.08924440283158278,0.050694248789913805,0.007559741466581494,0.03931890774857773,0.059429903534990225,0.12883222220906662,0.09516872500829586,0.11144948913760798,0.08503869863431966,0.024405282043270568,0.08441280649487233,0.11736323149878099,0.11985972600903684,0.12714021028100186,0.14447118290841146,0.13131023472349138,0.20166626446010183,0.03380752943788679,0.16012935800990075,0.17255473155357776,0.20423807083547754
C:\Users\damba\.cache\kagglehub\datasets\salmaneunus\mechanical-tools-dataset\versions\20\Mechanical Tools Image dataset\Mechanical Tools Image dataset\pliers\000012.jpg,pliers,exito,0.3183098861837905,0.006765712898981736,0.01724774809208473,0.03694522898776664,0.026875512223442262,0.043510143628129966,0.0034083887616766033,0.0644313081874659,0.042614902075998155,0.06451212162874286,0.04733783603323183,0.09779516216651073,0.04893529338713602,0.09758862713282124,0.08565056195963304,0.11117745983956387,0.09967210294638894,0.04829314286618843,0.08963430630336526,0.12321042055793464,0.11576398534772987,0.12601156485772397,0.16059740467859548,0.1773808097178944,0.09696877371970707
C:\Users\damba\.cache\kagglehub\datasets\salmaneunus\mechanical-tools-dataset\versions\20\Mechanical Tools Image dataset\Mechanical Tools Image dataset\pliers\000013.jpg,pliers,exito,0.31830988618379075,0.0950188684778674,0.03775276776359289,0.05757794508611594,0.08059164594619853,0.0476192992706684,0.01891275545139903,0.059900721004799595,0.11573837867758002,0.10964028077380845,0.1914458102961708,0.10614146314226199,0.020882080035464972,0.19773248902569635,0.08527225748807209,0.06936717607790666,0.1772347279252371,0.18044879323588886,0.15647819004513375,0.06183354192504661,0.08039514815381872,0.37343116529619325,0.20591240152239693,0.22237977505822865,0.03923871308925938
C:\Users\damba\.cache\kagglehub\datasets\salmaneunus\mechanical-tools-dataset\versions\20\Mechanical Tools Image dataset\Mechanical Tools Image dataset\pliers\000014.jpg,pliers,exito,0.0,0.0,0.0,0.0,0.0,0.0,0.0,0.0,0.0,0.0,0.0,0.0,0.0,0.0,0.0,0.0,0.0,0.0,0.0,0.0,0.0,0.0,0.0,0.0,0.0
C:\Users\damba\.cache\kagglehub\datasets\salmaneunus\mechanical-tools-dataset\versions\20\Mechanical Tools Image dataset\Mechanical Tools Image dataset\pliers\000015.jpg,pliers,exito,0.0,0.0,0.0,0.0,0.0,0.0,0.0,0.0,0.0,0.0,0.0,0.0,0.0,0.0,0.0,0.0,0.0,0.0,0.0,0.0,0.0,0.0,0.0,0.0,0.0
C:\Users\damba\.cache\kagglehub\datasets\salmaneunus\mechanical-tools-dataset\versions\20\Mechanical Tools Image dataset\Mechanical Tools Image dataset\pliers\000016.jpg,pliers,exito,0.3183098861837905,0.048683037594392506,0.028200580752661724,0.0328095925990148,0.10554400934220881,0.051209956933175975,0.06346778613758706,0.05094995545863493,0.05377343898768488,0.15649161041937637,0.09709676213368754,0.09843864840295113,0.12215016406983752,0.06639022258768992,0.10150369539434488,0.12960797408500535,0.14354536935416387,0.11649127662407942,0.11020814565783309,0.12072890019854406,0.17830556978084464,0.08040833994385325,0.16181572497934438,0.1883484873392583,0.018047853381813504
C:\Users\damba\.cache\kagglehub\datasets\salmaneunus\mechanical-tools-dataset\versions\20\Mechanical Tools Image dataset\Mechanical Tools Image dataset\pliers\000017.jpg,pliers,exito,0.0,0.0,0.0,0.0,0.0,0.0,0.0,0.0,0.0,0.0,0.0,0.0,0.0,0.0,0.0,0.0,0.0,0.0,0.0,0.0,0.0,0.0,0.0,0.0,0.0
C:\Users\damba\.cache\kagglehub\datasets\salmaneunus\mechanical-tools-dataset\versions\20\Mechanical Tools Image dataset\Mechanical Tools Image dataset\pliers\000018.jpg,pliers,exito,0.0,0.0,0.0,0.0,0.0,0.0,0.0,0.0,0.0,0.0,0.0,0.0,0.0,0.0,0.0,0.0,0.0,0.0,0.0,0.0,0.0,0.0,0.0,0.0,0.0
C:\Users\damba\.cache\kagglehub\datasets\salmaneunus\mechanical-tools-dataset\versions\20\Mechanical Tools Image dataset\Mechanical Tools Image dataset\pliers\000019.jpg,pliers,exito,0.0,0.0,0.0,0.0,0.0,0.0,0.0,0.0,0.0,0.0,0.0,0.0,0.0,0.0,0.0,0.0,0.0,0.0,0.0,0.0,0.0,0.0,0.0,0.0,0.0
C:\Users\damba\.cache\kagglehub\datasets\salmaneunus\mechanical-tools-dataset\versions\20\Mechanical Tools Image dataset\Mechanical Tools Image dataset\pliers\000020.jpg,pliers,exito,0.3183098861837905,0.01849983965139358,0.018644826264790047,0.03610930430271904,0.04771511950066517,0.04560822876276255,0.012446442286311135,0.06334673588590715,0.04503718921048808,0.08403627619266499,0.06136846832750888,0.09796197605367256,0.019943220751501466,0.10042155288405329,0.07412087446601527,0.11869605876821306,0.10034692233928008,0.03601447643897267,0.09288190968979268,0.12485773779914942,0.06528826450016684,0.13257229268581092,0.1193710096494422,0.18752390938878344,0.0721077944150354
C:\Users\damba\.cache\kagglehub\datasets\salmaneunus\mechanical-tools-dataset\versions\20\Mechanical Tools Image dataset\Mechanical Tools Image dataset\pliers\000021.jpg,pliers,exito,0.3183098861837906,0.017428107355213152,0.015891651035474668,0.008028435674139994,0.019279006235915608,0.08628069206077878,0.053931927262181975,0.00537170649551716,0.03630001870505869,0.010883849565383548,0.0996178648667473,0.06542790214606979,0.13860115638504922,0.020268860894631393,0.026862551165054014,0.028954524004873132,0.027071451793312794,0.029330206735234052,0.018641330015958264,0.03790813405267931,0.2425219942032478,0.042684351868850785,0.11155959653783896,0.07248798549022425,0.08372455480296093
C:\Users\damba\.cache\kagglehub\datasets\salmaneunus\mechanical-tools-dataset\versions\20\Mechanical Tools Image dataset\Mechanical Tools Image dataset\pliers\000022.jpg,pliers,exito,0.0,0.0,0.0,0.0,0.0,0.0,0.0,0.0,0.0,0.0,0.0,0.0,0.0,0.0,0.0,0.0,0.0,0.0,0.0,0.0,0.0,0.0,0.0,0.0,0.0
C:\Users\damba\.cache\kagglehub\datasets\salmaneunus\mechanical-tools-dataset\versions\20\Mechanical Tools Image dataset\Mechanical Tools Image dataset\pliers\000023.jpg,pliers,exito,0.3183098861837905,0.020839494529486084,0.06984003456111458,0.06331150882824502,0.0419911214700103,0.07191677553435548,0.07408957950092303,0.07217512746527133,0.0699522914749744,0.07979861462908015,0.0704026849085857,0.09566521424229094,0.03164501299275021,0.052781337148148005,0.032974311737227556,0.12421932415308344,0.0789173215475243,0.05890463988573467,0.10974918001445848,0.10543958611660606,0.022309529539627088,0.05753895232297216,0.06091017474015188,0.12006332614486256,0.0867818531683759
C:\Users\damba\.cache\kagglehub\datasets\salmaneunus\mechanical-tools-dataset\versions\20\Mechanical Tools Image dataset\Mechanical Tools Image dataset\pliers\000024.jpg,pliers,exito,0.3183098861837905,0.03098585803716545,0.021556514016212967,0.03501844493304106,0.07030914914494459,0.04844645932376169,0.028152348133055546,0.06021714215567243,0.049240144933773544,0.10628325249682224,0.07878807861865897,0.09670877536637545,0.02318748812237486,0.09002629307755224,0.07740621127848261,0.12125705663851427,0.08936487995583986,0.06208528481025525,0.0890678987486492,0.11934366750207678,0.0014034152244262869,0.1104918642006118,0.10420618236135673,0.17751007658314788,0.04717238872176603
C:\Users\damba\.cache\kagglehub\datasets\salmaneunus\mechanical-tools-dataset\versions\20\Mechanical Tools Image dataset\Mechanical Tools Image dataset\pliers\000025.jpg,pliers,exito,0.31830988618379047,0.029799376996889806,0.0437001370318827,0.0423733626193372,0.06236803666237363,0.05733317424349874,0.06443685424997204,0.03038190158092038,0.04104632116262159,0.08685561825578207,0.09397979996144466,0.07061527392868196,0.062412926069607556,0.07651784919080032,0.07825947618737117,0.06779397235483135,0.08154705768821628,0.09956164906712663,0.07077371819000426,0.08994163810999645,0.024561022780561558,0.2106575378453082,0.11020601191414592,0.17245653552830256,0.08521392954104698
C:\Users\damba\.cache\kagglehub\datasets\salmaneunus\mechanical-tools-dataset\versions\20\Mechanical Tools Image dataset\Mechanical Tools Image dataset\pliers\000026.jpg,pliers,exito,0.3183098861837906,0.03696694008467392,0.0027630997282298373,0.06450049031477821,0.07989323429867914,0.05859404710825075,0.020562530448402574,0.0915104765995386,0.015137918263792134,0.11460718464058277,0.10774629352494287,0.04178601948355873,0.08202312411690973,0.09948848254885027,0.027671964052360744,0.09109683700214066,0.09598984701085439,0.12906030648584085,0.05117290365618606,0.14906939628348817,0.1565783283392206,0.11296135429355934,0.07900724337109473,0.18952883153029734,0.11744585923360779
C:\Users\damba\.cache\kagglehub\datasets\salmaneunus\mechanical-tools-dataset\versions\20\Mechanical Tools Image dataset\Mechanical Tools Image dataset\pliers\000027.jpg,pliers,exito,0.0,0.0,0.0,0.0,0.0,0.0,0.0,0.0,0.0,0.0,0.0,0.0,0.0,0.0,0.0,0.0,0.0,0.0,0.0,0.0,0.0,0.0,0.0,0.0,0.0
C:\Users\damba\.cache\kagglehub\datasets\salmaneunus\mechanical-tools-dataset\versions\20\Mechanical Tools Image dataset\Mechanical Tools Image dataset\pliers\000028.jpg,pliers,exito,0.0,0.0,0.0,0.0,0.0,0.0,0.0,0.0,0.0,0.0,0.0,0.0,0.0,0.0,0.0,0.0,0.0,0.0,0.0,0.0,0.0,0.0,0.0,0.0,0.0
C:\Users\damba\.cache\kagglehub\datasets\salmaneunus\mechanical-tools-dataset\versions\20\Mechanical Tools Image dataset\Mechanical Tools Image dataset\pliers\000029.jpg,pliers,exito,0.0,0.0,0.0,0.0,0.0,0.0,0.0,0.0,0.0,0.0,0.0,0.0,0.0,0.0,0.0,0.0,0.0,0.0,0.0,0.0,0.0,0.0,0.0,0.0,0.0
C:\Users\damba\.cache\kagglehub\datasets\salmaneunus\mechanical-tools-dataset\versions\20\Mechanical Tools Image dataset\Mechanical Tools Image dataset\pliers\000030.jpg,pliers,exito,0.3183098861837907,0.4082137721629957,0.19838150203821298,0.2597714227391361,0.07345319349984841,0.05139682026546894,0.2573757864490537,0.13675654562978098,0.07913161405942624,0.18800345120216222,0.052525767394305554,0.04925230363741823,0.18830230007425067,0.037507616895088525,0.14886993690058792,0.02442979694845562,0.18720056466087223,0.12661336218269248,0.05552310005699798,0.008302827862493993,0.4325232769015664,0.2401387715465574,0.0659192763313176,0.19643381228822038,0.14751001559629717
C:\Users\damba\.cache\kagglehub\datasets\salmaneunus\mechanical-tools-dataset\versions\20\Mechanical Tools Image dataset\Mechanical Tools Image dataset\pliers\000031.jpg,pliers,exito,0.3183098861837905,0.03894480971552626,0.02417931099631285,0.03334190008060014,0.08641094861830281,0.047639333820649,0.04297486806478202,0.05512605136728403,0.04714838939784155,0.13486283858101433,0.0765263457173884,0.10203110062738059,0.0692207216252283,0.10430419940850401,0.08119642330334115,0.13446915980944815,0.15731481654291812,0.0638710149534086,0.1268936393614778,0.1374614369234798,0.1007424764112736,0.17595056818923155,0.11549276501087942,0.2317452279805345,0.0419382587592342
C:\Users\damba\.cache\kagglehub\datasets\salmaneunus\mechanical-tools-dataset\versions\20\Mechanical Tools Image dataset\Mechanical Tools Image dataset\pliers\000032.jpg,pliers,exito,0.3183098861837905,0.03424770752245047,0.08017162869659945,0.0781877062735729,0.06655972088659977,0.01643861375020789,0.11752504764799859,0.07822080271028754,0.016291318475196128,0.07800903765709831,0.041052283675132646,0.0057165858903572685,0.11886508240457391,0.010169729331262077,0.021286098682390578,0.010531352109110267,0.01977734817564307,0.04491009755203084,0.0035916075520479648,0.004836896953975787,0.07019413340736662,0.15537622630218131,0.06265680187381323,0.11245605226068797,0.09670216542578097
C:\Users\damba\.cache\kagglehub\datasets\salmaneunus\mechanical-tools-dataset\versions\20\Mechanical Tools Image dataset\Mechanical Tools Image dataset\pliers\000033.jpg,pliers,exito,0.0,0.0,0.0,0.0,0.0,0.0,0.0,0.0,0.0,0.0,0.0,0.0,0.0,0.0,0.0,0.0,0.0,0.0,0.0,0.0,0.0,0.0,0.0,0.0,0.0
C:\Users\damba\.cache\kagglehub\datasets\salmaneunus\mechanical-tools-dataset\versions\20\Mechanical Tools Image dataset\Mechanical Tools Image dataset\pliers\000034.jpg,pliers,exito,0.3183098861837905,0.004105495165260087,0.017111466837238014,0.036879680924906955,0.021367441764221666,0.04445790664538909,0.002285010820043014,0.06496960970251557,0.044079235283196974,0.05318629574467609,0.05217585700617547,0.09609175582981067,0.05393099734761477,0.09602700606995085,0.08500753771391563,0.10784590128383499,0.07640979044973074,0.03373817603514359,0.07759844044942507,0.11765219506743059,0.13125634137297973,0.11496340684471514,0.15221934791732544,0.16108467134131807,0.09248744701085326
C:\Users\damba\.cache\kagglehub\datasets\salmaneunus\mechanical-tools-dataset\versions\20\Mechanical Tools Image dataset\Mechanical Tools Image dataset\pliers\000035.jpg,pliers,exito,0.3183098861837905,0.038819186602385085,0.0785975787263074,0.07902024027547518,0.07590501977262432,0.018700645648076362,0.10969682452701009,0.08289780945789561,0.01561871871383421,0.09062576770443712,0.04712451945636645,0.006398412472410561,0.09911070551557435,0.005835828110120878,0.02417918807628463,0.010207728437838421,0.02878867022787669,0.05435172656154849,0.004649076116434578,0.005429059375827839,0.041446560663402604,0.13388897795572016,0.07005236578518048,0.1122664144274399,0.09635090298023724
C:\Users\damba\.cache\kagglehub\datasets\salmaneunus\mechanical-tools-dataset\versions\20\Mechanical Tools Image dataset\Mechanical Tools Image dataset\pliers\000036.jpg,pliers,exito,0.0,0.0,0.0,0.0,0.0,0.0,0.0,0.0,0.0,0.0,0.0,0.0,0.0,0.0,0.0,0.0,0.0,0.0,0.0,0.0,0.0,0.0,0.0,0.0,0.0
C:\Users\damba\.cache\kagglehub\datasets\salmaneunus\mechanical-tools-dataset\versions\20\Mechanical Tools Image dataset\Mechanical Tools Image dataset\pliers\000037.jpg,pliers,exito,0.0,0.0,0.0,0.0,0.0,0.0,0.0,0.0,0.0,0.0,0.0,0.0,0.0,0.0,0.0,0.0,0.0,0.0,0.0,0.0,0.0,0.0,0.0,0.0,0.0
C:\Users\damba\.cache\kagglehub\datasets\salmaneunus\mechanical-tools-dataset\versions\20\Mechanical Tools Image dataset\Mechanical Tools Image dataset\pliers\000038.jpg,pliers,exito,0.0,0.0,0.0,0.0,0.0,0.0,0.0,0.0,0.0,0.0,0.0,0.0,0.0,0.0,0.0,0.0,0.0,0.0,0.0,0.0,0.0,0.0,0.0,0.0,0.0
C:\Users\damba\.cache\kagglehub\datasets\salmaneunus\mechanical-tools-dataset\versions\20\Mechanical Tools Image dataset\Mechanical Tools Image dataset\pliers\000039.jpg,pliers,exito,0.3183098861837907,0.485473314062686,0.20875826952958537,0.5328564029078007,0.16085613860487238,0.4973600482321329,0.6364997789832733,0.4788655482116294,0.4147661471286706,0.8025868213611976,0.6704151899493104,0.3169039840034535,0.6033142108134536,0.7020188969835615,0.709691088790478,0.23224674788602467,0.18520013935914623,0.5026022791726276,0.6124403829838937,0.1859793641901277,0.4586926301955884,0.38727207920251955,0.4625548960319882,0.42511476221099537,0.18412581712117446
C:\Users\damba\.cache\kagglehub\datasets\salmaneunus\mechanical-tools-dataset\versions\20\Mechanical Tools Image dataset\Mechanical Tools Image dataset\pliers\000040.jpg,pliers,exito,0.31830988618379047,0.039579706150057445,0.04050254421914967,0.04281442275779674,0.08020706255903648,0.05765948013944797,0.04789725699361564,0.030910753326020647,0.04395571613205183,0.1064686899731324,0.09959794923930727,0.07306530962626329,0.017666380869346666,0.06910625791476475,0.09597115794361936,0.07196552466475982,0.09274378589202191,0.12041506646998976,0.08303928874741297,0.09517593004824514,0.05179371300021726,0.2086046366143771,0.15108929975126484,0.19207329852193264,0.07915925894923762
C:\Users\damba\.cache\kagglehub\datasets\salmaneunus\mechanical-tools-dataset\versions\20\Mechanical Tools Image dataset\Mechanical Tools Image dataset\pliers\000041.jpg,pliers,exito,0.0,0.0,0.0,0.0,0.0,0.0,0.0,0.0,0.0,0.0,0.0,0.0,0.0,0.0,0.0,0.0,0.0,0.0,0.0,0.0,0.0,0.0,0.0,0.0,0.0
C:\Users\damba\.cache\kagglehub\datasets\salmaneunus\mechanical-tools-dataset\versions\20\Mechanical Tools Image dataset\Mechanical Tools Image dataset\pliers\000042.jpg,pliers,exito,0.3183098861837905,0.03876041231034791,0.024111788864897902,0.03360289640167622,0.08554136448961827,0.048721846396656714,0.04217074492557743,0.05475425672121159,0.04926346880698727,0.12887814998956126,0.08188727990212963,0.09968252270361912,0.06425687141549061,0.08887501607708269,0.08358393767306865,0.12961476897170482,0.12593656805979647,0.07382645415507864,0.111629463696859,0.12824356441098927,0.08006870961583064,0.13345270151247488,0.11723394080113632,0.20532057235401918,0.035708731373673176
C:\Users\damba\.cache\kagglehub\datasets\salmaneunus\mechanical-tools-dataset\versions\20\Mechanical Tools Image dataset\Mechanical Tools Image dataset\pliers\000043.jpg,pliers,exito,0.0,0.0,0.0,0.0,0.0,0.0,0.0,0.0,0.0,0.0,0.0,0.0,0.0,0.0,0.0,0.0,0.0,0.0,0.0,0.0,0.0,0.0,0.0,0.0,0.0
C:\Users\damba\.cache\kagglehub\datasets\salmaneunus\mechanical-tools-dataset\versions\20\Mechanical Tools Image dataset\Mechanical Tools Image dataset\pliers\000044.jpg,pliers,exito,0.0,0.0,0.0,0.0,0.0,0.0,0.0,0.0,0.0,0.0,0.0,0.0,0.0,0.0,0.0,0.0,0.0,0.0,0.0,0.0,0.0,0.0,0.0,0.0,0.0
C:\Users\damba\.cache\kagglehub\datasets\salmaneunus\mechanical-tools-dataset\versions\20\Mechanical Tools Image dataset\Mechanical Tools Image dataset\pliers\000045.jpg,pliers,exito,0.0,0.0,0.0,0.0,0.0,0.0,0.0,0.0,0.0,0.0,0.0,0.0,0.0,0.0,0.0,0.0,0.0,0.0,0.0,0.0,0.0,0.0,0.0,0.0,0.0
C:\Users\damba\.cache\kagglehub\datasets\salmaneunus\mechanical-tools-dataset\versions\20\Mechanical Tools Image dataset\Mechanical Tools Image dataset\pliers\000046.jpg,pliers,exito,0.3183098861837905,0.05397773622148523,0.04685561178097569,0.04111120956148164,0.044508895613783454,0.11442290600336398,0.02377028388781778,0.01807111283585536,0.015136256157303745,0.050409739024458534,0.1072706392419844,0.06300247420861806,0.06094389028822271,0.06822249659745278,0.01813388271470897,0.04657730264622531,0.066779412991946,0.07128661877036464,0.05407941696823908,0.04747046043021804,0.2125703639177033,0.03623781478606446,0.11342947861588283,0.024820941000464558,0.09234116604420638
C:\Users\damba\.cache\kagglehub\datasets\salmaneunus\mechanical-tools-dataset\versions\20\Mechanical Tools Image dataset\Mechanical Tools Image dataset\pliers\000047.jpg,pliers,exito,0.31830988618379064,0.36059925677337795,0.16076049606766826,0.14018473548267774,0.06147084664094423,0.15158346013993437,0.1144519668416321,0.10810004937000493,0.22985395574796633,0.0801887194062358,0.2121089973854552,0.19478482638773828,0.02275379167951454,0.33188151325811827,0.22896117104409924,0.11410884966552172,0.21294050331822711,0.3083295261429425,0.26499706067613366,0.083993823826183,0.040049669991168275,0.2685059483862117,0.015210714145199228,0.2956730024578475,0.09543038885467257
C:\Users\damba\.cache\kagglehub\datasets\salmaneunus\mechanical-tools-dataset\versions\20\Mechanical Tools Image dataset\Mechanical Tools Image dataset\pliers\000048.jpg,pliers,exito,0.0,0.0,0.0,0.0,0.0,0.0,0.0,0.0,0.0,0.0,0.0,0.0,0.0,0.0,0.0,0.0,0.0,0.0,0.0,0.0,0.0,0.0,0.0,0.0,0.0
C:\Users\damba\.cache\kagglehub\datasets\salmaneunus\mechanical-tools-dataset\versions\20\Mechanical Tools Image dataset\Mechanical Tools Image dataset\pliers\000049.jpg,pliers,exito,0.3183098861837907,0.5185004066441798,0.5949037060308688,0.49204394986969435,0.45090344917451575,0.22752913089589363,0.23626899750063657,0.13770786893802242,0.1868664666642124,0.07462293071246856,0.24442620389637956,0.5886079436698592,0.3107037668929632,0.3027632436743165,0.5224058620494341,0.8153056310053203,0.44272576311463113,0.3189747433912464,0.6330543859275795,0.7557858338747765,0.5543836468645722,0.3110467952259234,0.10770823489298947,0.5881430908391321,0.39672582340066054
C:\Users\damba\.cache\kagglehub\datasets\salmaneunus\mechanical-tools-dataset\versions\20\Mechanical Tools Image dataset\Mechanical Tools Image dataset\pliers\000050.jpg,pliers,exito,0.3183098861837905,0.03598075112047048,0.02313276596790726,0.034281376600362734,0.0800501034856816,0.04893247812184963,0.03672783551690007,0.057271648245800603,0.049851294129896764,0.1197008806395163,0.08239073563161912,0.09784298698671039,0.047786553163109445,0.08636613901137906,0.08151781686040062,0.12513167683659343,0.10489902313053898,0.07285766179646791,0.09858484412547193,0.12227723741470264,0.046038014882216434,0.11332876708586245,0.11144332936149817,0.18760018094629854,0.03895242076398331
C:\Users\damba\.cache\kagglehub\datasets\salmaneunus\mechanical-tools-dataset\versions\20\Mechanical Tools Image dataset\Mechanical Tools Image dataset\pliers\000051.jpg,pliers,exito,0.0,0.0,0.0,0.0,0.0,0.0,0.0,0.0,0.0,0.0,0.0,0.0,0.0,0.0,0.0,0.0,0.0,0.0,0.0,0.0,0.0,0.0,0.0,0.0,0.0
C:\Users\damba\.cache\kagglehub\datasets\salmaneunus\mechanical-tools-dataset\versions\20\Mechanical Tools Image dataset\Mechanical Tools Image dataset\pliers\000052.jpg,pliers,exito,0.3183098861837905,0.02123339209309262,0.019156652369002113,0.03690315498925084,0.05057362072534886,0.04875200805225092,0.013778535205026407,0.06948959223337993,0.05050182211098102,0.07964636838673804,0.07828659022392613,0.09094423923538668,0.02152010301786043,0.10328227213810902,0.07810670968988571,0.10551623610600117,0.05696954725715776,0.057517624626290675,0.04866928103511225,0.10283347511719143,0.08273695374596898,0.10962903961166659,0.11407303576223993,0.12878362613059569,0.06576619821585734
C:\Users\damba\.cache\kagglehub\datasets\salmaneunus\mechanical-tools-dataset\versions\20\Mechanical Tools Image dataset\Mechanical Tools Image dataset\pliers\000053.jpg,pliers,exito,0.0,0.0,0.0,0.0,0.0,0.0,0.0,0.0,0.0,0.0,0.0,0.0,0.0,0.0,0.0,0.0,0.0,0.0,0.0,0.0,0.0,0.0,0.0,0.0,0.0
C:\Users\damba\.cache\kagglehub\datasets\salmaneunus\mechanical-tools-dataset\versions\20\Mechanical Tools Image dataset\Mechanical Tools Image dataset\pliers\000054.jpg,pliers,exito,0.0,0.0,0.0,0.0,0.0,0.0,0.0,0.0,0.0,0.0,0.0,0.0,0.0,0.0,0.0,0.0,0.0,0.0,0.0,0.0,0.0,0.0,0.0,0.0,0.0
C:\Users\damba\.cache\kagglehub\datasets\salmaneunus\mechanical-tools-dataset\versions\20\Mechanical Tools Image dataset\Mechanical Tools Image dataset\pliers\000055.jpg,pliers,exito,0.31830988618379075,0.3578156460962093,0.07282028139582067,0.15037696341249782,0.1639841848209129,0.1420666188620065,0.0787331269871218,0.24761938208949283,0.23626321685107252,0.023912152529559402,0.16328298557942747,0.09563830868596289,0.05404688915178737,0.08306821055064116,0.03972566572164184,0.18605669478444825,0.20478144941201176,0.12577777000575852,0.15605239973723722,0.29266975038417387,0.40990448481704544,0.14876968873399288,0.11844171088960553,0.15135003198036165,0.14045175548087604
C:\Users\damba\.cache\kagglehub\datasets\salmaneunus\mechanical-tools-dataset\versions\20\Mechanical Tools Image dataset\Mechanical Tools Image dataset\pliers\000056.jpg,pliers,exito,0.0,0.0,0.0,0.0,0.0,0.0,0.0,0.0,0.0,0.0,0.0,0.0,0.0,0.0,0.0,0.0,0.0,0.0,0.0,0.0,0.0,0.0,0.0,0.0,0.0
C:\Users\damba\.cache\kagglehub\datasets\salmaneunus\mechanical-tools-dataset\versions\20\Mechanical Tools Image dataset\Mechanical Tools Image dataset\pliers\000057.jpg,pliers,exito,0.0,0.0,0.0,0.0,0.0,0.0,0.0,0.0,0.0,0.0,0.0,0.0,0.0,0.0,0.0,0.0,0.0,0.0,0.0,0.0,0.0,0.0,0.0,0.0,0.0
C:\Users\damba\.cache\kagglehub\datasets\salmaneunus\mechanical-tools-dataset\versions\20\Mechanical Tools Image dataset\Mechanical Tools Image dataset\pliers\000058.jpg,pliers,exito,0.0,0.0,0.0,0.0,0.0,0.0,0.0,0.0,0.0,0.0,0.0,0.0,0.0,0.0,0.0,0.0,0.0,0.0,0.0,0.0,0.0,0.0,0.0,0.0,0.0
C:\Users\damba\.cache\kagglehub\datasets\salmaneunus\mechanical-tools-dataset\versions\20\Mechanical Tools Image dataset\Mechanical Tools Image dataset\pliers\000059.jpg,pliers,exito,0.31830988618379064,0.3053049915709792,0.030997643561512703,0.10286049537163704,0.12701667164336766,0.02758802156773723,0.09941735116437823,0.08014587895405004,0.02357042153457968,0.03414280278564786,0.19515945035673654,0.016405019961210205,0.11963756156771961,0.012688623856487502,0.04803298380417916,0.015583812748360593,0.23679190648290852,0.055947454423225684,0.12811699181666414,0.030896608313152205,0.216735473577119,0.2319018124001414,0.0295710359590482,0.1534487969134667,0.10693289899805501
C:\Users\damba\.cache\kagglehub\datasets\salmaneunus\mechanical-tools-dataset\versions\20\Mechanical Tools Image dataset\Mechanical Tools Image dataset\pliers\000060.jpg,pliers,exito,0.3183098861837906,0.27911385041804293,0.0009969709541546065,0.03152164532783879,0.13085098817241064,0.1180903288473607,0.04087585107508255,0.026200600540792672,0.07203896182463351,0.05937465688002097,0.15772588628834297,0.1289581463174176,0.10259326587298655,0.064380175301067,0.10083239335583975,0.10859600846355032,0.2312134029855092,0.12351040338940894,0.09458012993863248,0.16567835065657235,0.20448641008806376,0.17334319427248812,0.08043410661330394,0.15709317946843446,0.1497504472980747
C:\Users\damba\.cache\kagglehub\datasets\salmaneunus\mechanical-tools-dataset\versions\20\Mechanical Tools Image dataset\Mechanical Tools Image dataset\pliers\000061.jpg,pliers,exito,0.0,0.0,0.0,0.0,0.0,0.0,0.0,0.0,0.0,0.0,0.0,0.0,0.0,0.0,0.0,0.0,0.0,0.0,0.0,0.0,0.0,0.0,0.0,0.0,0.0
C:\Users\damba\.cache\kagglehub\datasets\salmaneunus\mechanical-tools-dataset\versions\20\Mechanical Tools Image dataset\Mechanical Tools Image dataset\pliers\000062.jpg,pliers,exito,0.0,0.0,0.0,0.0,0.0,0.0,0.0,0.0,0.0,0.0,0.0,0.0,0.0,0.0,0.0,0.0,0.0,0.0,0.0,0.0,0.0,0.0,0.0,0.0,0.0
C:\Users\damba\.cache\kagglehub\datasets\salmaneunus\mechanical-tools-dataset\versions\20\Mechanical Tools Image dataset\Mechanical Tools Image dataset\pliers\000063.jpg,pliers,exito,0.3183098861837905,0.012788982970647783,0.017802788413660238,0.03658160741319807,0.016939460805010426,0.04305129313753203,0.0026345881974778117,0.061880018079307514,0.0426897997091407,0.03528139771858482,0.04179994036483835,0.09595271071583186,0.061994052735694236,0.08514266612570026,0.10575952651241168,0.09782722221036896,0.06897310922300635,0.04063511875021943,0.07537539925269936,0.11352960565380431,0.1545338745801988,0.09867144706016319,0.19622364343428866,0.14194433491710376,0.11565180231503361
C:\Users\damba\.cache\kagglehub\datasets\salmaneunus\mechanical-tools-dataset\versions\20\Mechanical Tools Image dataset\Mechanical Tools Image dataset\pliers\000064.jpg,pliers,exito,0.0,0.0,0.0,0.0,0.0,0.0,0.0,0.0,0.0,0.0,0.0,0.0,0.0,0.0,0.0,0.0,0.0,0.0,0.0,0.0,0.0,0.0,0.0,0.0,0.0
C:\Users\damba\.cache\kagglehub\datasets\salmaneunus\mechanical-tools-dataset\versions\20\Mechanical Tools Image dataset\Mechanical Tools Image dataset\pliers\000065.jpg,pliers,exito,0.3183098861837905,0.01987318249891603,0.0188931659384636,0.03771529858093584,0.045561990645600875,0.049110749010734846,0.010754905494347149,0.07473127755983364,0.05153818910146657,0.0748162159858511,0.07935965787939718,0.08741839119059087,0.0337556353706705,0.11650078217199764,0.08575450345145778,0.09526141834589018,0.07128700276252324,0.06367363487245067,0.024417998478879193,0.09367307042280633,0.10437774530416645,0.13203302454888607,0.13695591521666667,0.10154146797464282,0.07769010149119404
C:\Users\damba\.cache\kagglehub\datasets\salmaneunus\mechanical-tools-dataset\versions\20\Mechanical Tools Image dataset\Mechanical Tools Image dataset\pliers\000066.jpg,pliers,exito,0.3183098861837907,0.01370486547013364,0.10698839202074756,0.00044254831307535353,0.036584415848246614,1.2702642630125339e-05,0.15277666280055852,0.0027058291972586906,0.09333194209715798,0.0742605701227184,0.012189899992898946,0.012055214512249241,0.13640949769162608,0.010276314181104477,0.21959592172460743,0.0009083169740676547,0.12094414992629422,0.054449138833256576,0.053735325688283424,5.214356930479285e-05,0.05620361100167705,0.030029669800726203,0.33282973791424547,0.006368326818327927,0.1989684590475371
C:\Users\damba\.cache\kagglehub\datasets\salmaneunus\mechanical-tools-dataset\versions\20\Mechanical Tools Image dataset\Mechanical Tools Image dataset\pliers\000067.jpg,pliers,exito,0.31830988618379047,0.029111730838412966,0.04389103589531528,0.04129780643861396,0.06065321309702026,0.055250815875864806,0.06454215923921013,0.022463991683492782,0.044202976057074725,0.08626972653178455,0.09233551134087385,0.07336495796329137,0.058512682721094694,0.1020135208188724,0.09317559842678635,0.073698813913391,0.09903778379244764,0.11176530110133914,0.08933683731441104,0.09617260995946375,0.0026648667988553353,0.2674850413985607,0.14333376610215795,0.19440691108196087,0.09427109001495422
C:\Users\damba\.cache\kagglehub\datasets\salmaneunus\mechanical-tools-dataset\versions\20\Mechanical Tools Image dataset\Mechanical Tools Image dataset\pliers\000068.jpg,pliers,exito,0.0,0.0,0.0,0.0,0.0,0.0,0.0,0.0,0.0,0.0,0.0,0.0,0.0,0.0,0.0,0.0,0.0,0.0,0.0,0.0,0.0,0.0,0.0,0.0,0.0
C:\Users\damba\.cache\kagglehub\datasets\salmaneunus\mechanical-tools-dataset\versions\20\Mechanical Tools Image dataset\Mechanical Tools Image dataset\pliers\000069.jpg,pliers,exito,0.3183098861837905,0.012377636010098383,0.017754004762848316,0.03718227128979691,0.030124168260312455,0.047331562844361366,0.004897424252068975,0.06969935574235614,0.048642951590035996,0.05247158518046985,0.06837676394598584,0.09077423967485454,0.04987596659148622,0.10317954965663148,0.08466604193931543,0.09932282340795667,0.03947573167292,0.03338060907064657,0.04355362441942405,0.10224343884487548,0.13412434920448774,0.1099571434798235,0.13782989897065223,0.12051705790167204,0.08204132850588591
C:\Users\damba\.cache\kagglehub\datasets\salmaneunus\mechanical-tools-dataset\versions\20\Mechanical Tools Image dataset\Mechanical Tools Image dataset\pliers\000070.jpg,pliers,exito,0.0,0.0,0.0,0.0,0.0,0.0,0.0,0.0,0.0,0.0,0.0,0.0,0.0,0.0,0.0,0.0,0.0,0.0,0.0,0.0,0.0,0.0,0.0,0.0,0.0
C:\Users\damba\.cache\kagglehub\datasets\salmaneunus\mechanical-tools-dataset\versions\20\Mechanical Tools Image dataset\Mechanical Tools Image dataset\pliers\000071.jpg,pliers,exito,0.0,0.0,0.0,0.0,0.0,0.0,0.0,0.0,0.0,0.0,0.0,0.0,0.0,0.0,0.0,0.0,0.0,0.0,0.0,0.0,0.0,0.0,0.0,0.0,0.0
C:\Users\damba\.cache\kagglehub\datasets\salmaneunus\mechanical-tools-dataset\versions\20\Mechanical Tools Image dataset\Mechanical Tools Image dataset\pliers\000072.jpg,pliers,exito,0.0,0.0,0.0,0.0,0.0,0.0,0.0,0.0,0.0,0.0,0.0,0.0,0.0,0.0,0.0,0.0,0.0,0.0,0.0,0.0,0.0,0.0,0.0,0.0,0.0
C:\Users\damba\.cache\kagglehub\datasets\salmaneunus\mechanical-tools-dataset\versions\20\Mechanical Tools Image dataset\Mechanical Tools Image dataset\pliers\000073.jpg,pliers,exito,0.0,0.0,0.0,0.0,0.0,0.0,0.0,0.0,0.0,0.0,0.0,0.0,0.0,0.0,0.0,0.0,0.0,0.0,0.0,0.0,0.0,0.0,0.0,0.0,0.0
C:\Users\damba\.cache\kagglehub\datasets\salmaneunus\mechanical-tools-dataset\versions\20\Mechanical Tools Image dataset\Mechanical Tools Image dataset\pliers\000074.jpg,pliers,exito,0.0,0.0,0.0,0.0,0.0,0.0,0.0,0.0,0.0,0.0,0.0,0.0,0.0,0.0,0.0,0.0,0.0,0.0,0.0,0.0,0.0,0.0,0.0,0.0,0.0
C:\Users\damba\.cache\kagglehub\datasets\salmaneunus\mechanical-tools-dataset\versions\20\Mechanical Tools Image dataset\Mechanical Tools Image dataset\pliers\000075.jpg,pliers,exito,0.3183098861837905,0.19947702623389332,0.010868183375618729,0.11805351653460151,0.030915675945166504,0.14372667398639127,0.18736951949445507,0.05292574262394427,0.04910844591509457,0.09938188216762149,0.12232666855272302,0.059837568172123295,0.18778519306600058,0.19541392658555345,0.0811311552058604,0.17749577143169534,0.1411083963473101,0.17057024162241086,0.06732778739933182,0.2052410335053509,0.29834044181252617,0.20018809599566378,0.06367100173379346,0.24598123879352213,0.21183327725981035
C:\Users\damba\.cache\kagglehub\datasets\salmaneunus\mechanical-tools-dataset\versions\20\Mechanical Tools Image dataset\Mechanical Tools Image dataset\pliers\000076.jpg,pliers,exito,0.0,0.0,0.0,0.0,0.0,0.0,0.0,0.0,0.0,0.0,0.0,0.0,0.0,0.0,0.0,0.0,0.0,0.0,0.0,0.0,0.0,0.0,0.0,0.0,0.0
C:\Users\damba\.cache\kagglehub\datasets\salmaneunus\mechanical-tools-dataset\versions\20\Mechanical Tools Image dataset\Mechanical Tools Image dataset\pliers\000077.jpg,pliers,exito,0.31830988618379047,0.022733449954533698,0.030312522121402796,0.0022647251421990294,0.04682704935497906,0.0666484041466388,0.005173952219290068,0.011784794485243142,0.078682356644896,0.06997600100907192,0.1107231603983339,0.10965856442925087,0.12167093736474972,0.03747831629747155,0.02232236037026665,0.02040361305088077,0.0857784719855742,0.143298100017016,0.14029825948503347,0.13304454060289247,0.25465851000364226,0.08010961782385459,0.21672977762634674,0.06426722054302096,0.401411057617199
C:\Users\damba\.cache\kagglehub\datasets\salmaneunus\mechanical-tools-dataset\versions\20\Mechanical Tools Image dataset\Mechanical Tools Image dataset\pliers\000078.jpg,pliers,exito,0.0,0.0,0.0,0.0,0.0,0.0,0.0,0.0,0.0,0.0,0.0,0.0,0.0,0.0,0.0,0.0,0.0,0.0,0.0,0.0,0.0,0.0,0.0,0.0,0.0
C:\Users\damba\.cache\kagglehub\datasets\salmaneunus\mechanical-tools-dataset\versions\20\Mechanical Tools Image dataset\Mechanical Tools Image dataset\pliers\000079.jpg,pliers,exito,0.0,0.0,0.0,0.0,0.0,0.0,0.0,0.0,0.0,0.0,0.0,0.0,0.0,0.0,0.0,0.0,0.0,0.0,0.0,0.0,0.0,0.0,0.0,0.0,0.0
C:\Users\damba\.cache\kagglehub\datasets\salmaneunus\mechanical-tools-dataset\versions\20\Mechanical Tools Image dataset\Mechanical Tools Image dataset\pliers\000080.jpg,pliers,exito,0.0,0.0,0.0,0.0,0.0,0.0,0.0,0.0,0.0,0.0,0.0,0.0,0.0,0.0,0.0,0.0,0.0,0.0,0.0,0.0,0.0,0.0,0.0,0.0,0.0
C:\Users\damba\.cache\kagglehub\datasets\salmaneunus\mechanical-tools-dataset\versions\20\Mechanical Tools Image dataset\Mechanical Tools Image dataset\pliers\000081.jpg,pliers,exito,0.0,0.0,0.0,0.0,0.0,0.0,0.0,0.0,0.0,0.0,0.0,0.0,0.0,0.0,0.0,0.0,0.0,0.0,0.0,0.0,0.0,0.0,0.0,0.0,0.0
C:\Users\damba\.cache\kagglehub\datasets\salmaneunus\mechanical-tools-dataset\versions\20\Mechanical Tools Image dataset\Mechanical Tools Image dataset\pliers\000082.jpg,pliers,exito,0.3183098861837905,0.03285269216714814,0.02211811761149637,0.03647163069397326,0.07467471554721213,0.05072443844869405,0.03032112233910099,0.06911228447348487,0.053502854885925294,0.11359005629431704,0.09167380842828154,0.09063184181617344,0.026754566421643873,0.10320136433887216,0.08177633770989223,0.11012979126731336,0.09340038155634804,0.09430764272365769,0.0528470178490972,0.10080411817901312,0.003711412775702931,0.11209905953893899,0.11257930478797203,0.13004481495279635,0.04998093066089832
C:\Users\damba\.cache\kagglehub\datasets\salmaneunus\mechanical-tools-dataset\versions\20\Mechanical Tools Image dataset\Mechanical Tools Image dataset\pliers\000083.jpg,pliers,exito,0.3183098861837906,0.04970654065864351,0.0018904947785992024,0.0015885150800820722,0.10817622668746694,0.00899798023816361,0.02501011875388558,0.006608820453069881,0.012318967847701787,0.16176866001065462,0.039361625674060444,0.16014802384277377,0.09195429208669897,0.02297403297583719,0.06638729052638691,0.1761192933385921,0.15214445645328176,0.046731741543194816,0.19229008608073359,0.05731401843906498,0.1603208020142742,0.06626019807452682,0.1401135290654143,0.20556637068237274,0.08787207148577403
C:\Users\damba\.cache\kagglehub\datasets\salmaneunus\mechanical-tools-dataset\versions\20\Mechanical Tools Image dataset\Mechanical Tools Image dataset\pliers\000084.jpg,pliers,exito,0.3183098861837907,0.5978379374267689,0.7293262267040713,0.8421279426277218,0.7719557950627552,1.0544358482566103,0.5967800664427737,0.74036699472875,1.2377516769668397,0.3488946073452771,0.6474841300220094,1.3948198439123345,0.0709975493812955,0.055114011418816146,0.5046861691130115,1.5281579846468152,0.4822395970134786,0.2625143797181992,0.3219620525823156,1.6400744005544277,0.9276577234909875,0.8576687526794458,0.5860777222965876,0.10805190118631125,1.732684220375956
C:\Users\damba\.cache\kagglehub\datasets\salmaneunus\mechanical-tools-dataset\versions\20\Mechanical Tools Image dataset\Mechanical Tools Image dataset\pliers\000085.jpg,pliers,exito,0.3183098861837907,0.40846520285593263,0.19934913532345808,0.2594377128102706,0.06609676708603567,0.04468700774992535,0.2606724702037936,0.12633882695580045,0.0766734629361951,0.19131883374029335,0.042448936452640314,0.047456405214810544,0.19964099505511657,0.03497879128556753,0.15531394519167754,0.021127116254524656,0.19437747947519532,0.134862477424349,0.058943217956565146,0.00763477248354904,0.44340297345715907,0.23638397404900016,0.043282817275901365,0.19680066368096708,0.1469836655372306
C:\Users\damba\.cache\kagglehub\datasets\salmaneunus\mechanical-tools-dataset\versions\20\Mechanical Tools Image dataset\Mechanical Tools Image dataset\pliers\000086.jpg,pliers,exito,0.0,0.0,0.0,0.0,0.0,0.0,0.0,0.0,0.0,0.0,0.0,0.0,0.0,0.0,0.0,0.0,0.0,0.0,0.0,0.0,0.0,0.0,0.0,0.0,0.0
C:\Users\damba\.cache\kagglehub\datasets\salmaneunus\mechanical-tools-dataset\versions\20\Mechanical Tools Image dataset\Mechanical Tools Image dataset\pliers\000087.jpg,pliers,exito,0.3183098861837905,0.041618367228173886,0.025194313811067712,0.033290290602398874,0.09110691382382552,0.04943208010417537,0.04780064572077012,0.05326061543937112,0.05049267279033668,0.13575470352580557,0.08617453106749247,0.09939138433955089,0.07939212720951169,0.08243492171394465,0.08812548562911084,0.12981293646283162,0.12709727268463744,0.08536576580400852,0.11140400264590153,0.12636401474298495,0.10464863328215374,0.12118951935882363,0.12741531845122905,0.20122183485013548,0.029609406957243917
C:\Users\damba\.cache\kagglehub\datasets\salmaneunus\mechanical-tools-dataset\versions\20\Mechanical Tools Image dataset\Mechanical Tools Image dataset\pliers\000088.jpg,pliers,exito,0.3183098861837905,0.015152142282886425,0.0846169103029542,0.0758799902383521,0.027748065288651504,0.007199701803822088,0.13948535362398415,0.06516964355474784,0.018120879608747902,0.030395473327660294,0.018138498826478187,0.0026162268473111207,0.17323179521221096,0.0447367913603111,0.013215284211874253,0.01144381030371146,0.012855789416563589,0.016399185194769163,0.0014989358393774218,0.0021984771469867543,0.14422447482020753,0.21089177318619134,0.04345840502857254,0.1128025438767076,0.09769295368123121
C:\Users\damba\.cache\kagglehub\datasets\salmaneunus\mechanical-tools-dataset\versions\20\Mechanical Tools Image dataset\Mechanical Tools Image dataset\pliers\000089.jpg,pliers,exito,0.0,0.0,0.0,0.0,0.0,0.0,0.0,0.0,0.0,0.0,0.0,0.0,0.0,0.0,0.0,0.0,0.0,0.0,0.0,0.0,0.0,0.0,0.0,0.0,0.0
C:\Users\damba\.cache\kagglehub\datasets\salmaneunus\mechanical-tools-dataset\versions\20\Mechanical Tools Image dataset\Mechanical Tools Image dataset\pliers\000090.jpg,pliers,exito,0.0,0.0,0.0,0.0,0.0,0.0,0.0,0.0,0.0,0.0,0.0,0.0,0.0,0.0,0.0,0.0,0.0,0.0,0.0,0.0,0.0,0.0,0.0,0.0,0.0
C:\Users\damba\.cache\kagglehub\datasets\salmaneunus\mechanical-tools-dataset\versions\20\Mechanical Tools Image dataset\Mechanical Tools Image dataset\pliers\000091.jpg,pliers,exito,0.31830988618379075,0.18353668901021608,0.043386579848988076,0.06428750608064229,0.06785008842349628,0.011163325503745415,0.09180173213027341,0.13728126561408593,0.02921992391619106,0.16939848167820423,0.018508370288920824,0.16745044801400497,0.12240194049257605,0.048799624149119696,0.09402294746602023,0.2447108151798919,0.15559124483215495,0.12181292125302695,0.20618098701836202,0.08886240945819261,0.2250660804015365,0.07692590769373486,0.15485932317237946,0.26866217348893684,0.06702970411624368
C:\Users\damba\.cache\kagglehub\datasets\salmaneunus\mechanical-tools-dataset\versions\20\Mechanical Tools Image dataset\Mechanical Tools Image dataset\pliers\000092.jpg,pliers,exito,0.0,0.0,0.0,0.0,0.0,0.0,0.0,0.0,0.0,0.0,0.0,0.0,0.0,0.0,0.0,0.0,0.0,0.0,0.0,0.0,0.0,0.0,0.0,0.0,0.0
C:\Users\damba\.cache\kagglehub\datasets\salmaneunus\mechanical-tools-dataset\versions\20\Mechanical Tools Image dataset\Mechanical Tools Image dataset\pliers\000093.jpg,pliers,exito,0.31830988618379064,0.004851653801339019,0.05080471946675492,0.031186139976925164,0.006480272333770269,0.001843180427820036,0.06233968969817966,0.04749196553430046,0.04656837207869846,0.04330299021269442,0.0304225974567206,0.08648275134109701,0.026070346016332617,0.05466121373879353,0.1557331583997633,0.15576648803466409,0.09262680064734616,0.12591344528630144,0.05301908024759143,0.16525172168048244,0.04061102804807405,0.05846791520472642,0.27513247656112033,0.21654957611451073,0.09536144450253108
C:\Users\damba\.cache\kagglehub\datasets\salmaneunus\mechanical-tools-dataset\versions\20\Mechanical Tools Image dataset\Mechanical Tools Image dataset\pliers\000094.jpg,pliers,exito,0.31830988618379075,0.09075966725814338,0.05370463077906339,0.05753391263072139,0.08312327152363935,0.06883344480194764,0.012249089841895055,0.09026601167733397,0.09737971092053063,0.09426224513899288,0.12440391105287925,0.11490175074533687,0.03660471985619477,0.21742356877526087,0.14863809577743825,0.07244631943574881,0.18810828132950852,0.2278932664753954,0.13878364292260645,0.057384896274827076,0.04686307396977994,0.34292659332637254,0.14384170160638418,0.21538380530240078,0.023229887964508842
C:\Users\damba\.cache\kagglehub\datasets\salmaneunus\mechanical-tools-dataset\versions\20\Mechanical Tools Image dataset\Mechanical Tools Image dataset\pliers\000095.jpg,pliers,exito,0.0,0.0,0.0,0.0,0.0,0.0,0.0,0.0,0.0,0.0,0.0,0.0,0.0,0.0,0.0,0.0,0.0,0.0,0.0,0.0,0.0,0.0,0.0,0.0,0.0
C:\Users\damba\.cache\kagglehub\datasets\salmaneunus\mechanical-tools-dataset\versions\20\Mechanical Tools Image dataset\Mechanical Tools Image dataset\pliers\000096.jpg,pliers,exito,0.0,0.0,0.0,0.0,0.0,0.0,0.0,0.0,0.0,0.0,0.0,0.0,0.0,0.0,0.0,0.0,0.0,0.0,0.0,0.0,0.0,0.0,0.0,0.0,0.0
C:\Users\damba\.cache\kagglehub\datasets\salmaneunus\mechanical-tools-dataset\versions\20\Mechanical Tools Image dataset\Mechanical Tools Image dataset\pliers\000097.jpg,pliers,exito,0.0,0.0,0.0,0.0,0.0,0.0,0.0,0.0,0.0,0.0,0.0,0.0,0.0,0.0,0.0,0.0,0.0,0.0,0.0,0.0,0.0,0.0,0.0,0.0,0.0
C:\Users\damba\.cache\kagglehub\datasets\salmaneunus\mechanical-tools-dataset\versions\20\Mechanical Tools Image dataset\Mechanical Tools Image dataset\pliers\000098.jpg,pliers,exito,0.0,0.0,0.0,0.0,0.0,0.0,0.0,0.0,0.0,0.0,0.0,0.0,0.0,0.0,0.0,0.0,0.0,0.0,0.0,0.0,0.0,0.0,0.0,0.0,0.0
C:\Users\damba\.cache\kagglehub\datasets\salmaneunus\mechanical-tools-dataset\versions\20\Mechanical Tools Image dataset\Mechanical Tools Image dataset\pliers\000099.jpg,pliers,exito,0.3183098861837905,0.015608679717844036,0.018180122580393244,0.036758075862839065,0.039596282087945675,0.04736296680406247,0.008526758881290978,0.06734538927019099,0.048300858501286584,0.06579539202037574,0.06971290115364026,0.09283837187112425,0.036146985233408736,0.09901731385887125,0.077961116024524,0.10691266895896441,0.04885972557576554,0.03680426602740457,0.058628404149875114,0.10835232166492673,0.10710229346585311,0.1065419954752241,0.12000932823446435,0.1405320090251804,0.07225358736665803
C:\Users\damba\.cache\kagglehub\datasets\salmaneunus\mechanical-tools-dataset\versions\20\Mechanical Tools Image dataset\Mechanical Tools Image dataset\pliers\000100.jpg,pliers,exito,0.3183098861837905,0.050276854438991554,0.028943837322949795,0.03293271279881143,0.10904723994108409,0.05175253890158529,0.06733760083707191,0.051727585835188196,0.05483657226336952,0.1622684850581529,0.10042615961480539,0.09776269726350435,0.13279216110883518,0.06439702016567228,0.10502866716462449,0.12864268920349228,0.1506496032568002,0.12580535971318058,0.1072937301023007,0.11789990550443946,0.19733238251430343,0.06613255328368704,0.17111904434069972,0.18116876281818947,0.017830330676667044
C:\Users\damba\.cache\kagglehub\datasets\salmaneunus\mechanical-tools-dataset\versions\20\Mechanical Tools Image dataset\Mechanical Tools Image dataset\pliers\000101.jpg,pliers,exito,0.0,0.0,0.0,0.0,0.0,0.0,0.0,0.0,0.0,0.0,0.0,0.0,0.0,0.0,0.0,0.0,0.0,0.0,0.0,0.0,0.0,0.0,0.0,0.0,0.0
C:\Users\damba\.cache\kagglehub\datasets\salmaneunus\mechanical-tools-dataset\versions\20\Mechanical Tools Image dataset\Mechanical Tools Image dataset\pliers\000102.jpg,pliers,exito,0.3183098861837906,0.022036973303580287,0.003371155630048479,0.031814618894462056,0.04818920383503945,0.07103463949667432,0.05266452003340334,0.04550200197807814,0.09454212020451959,0.06975212594971769,0.13430767479087966,0.167569225429363,0.17019844122856473,0.05724174738273285,0.08679653729987101,0.06299177793543591,0.06097401994263232,0.18274578657638268,0.22226649352671962,0.03992181295704399,0.3106153533312226,0.09897803676411311,0.11758517163275596,0.14373053112025286,0.2799899269370413
C:\Users\damba\.cache\kagglehub\datasets\salmaneunus\mechanical-tools-dataset\versions\20\Mechanical Tools Image dataset\Mechanical Tools Image dataset\pliers\000103.jpg,pliers,exito,0.3183098861837906,0.21756789861293746,0.10072106185217924,0.1278685195849524,0.1663206064036751,0.09641167990237469,0.14323945576597147,0.08602864386827618,0.18593934776788165,0.042024756715677854,0.06080645477855158,0.11917474958464543,0.13231314855057977,0.007800132660300716,0.07295460184837124,0.16819687661776142,0.09495035231204484,0.22165104239448868,0.1663270476814035,0.23464514977825446,0.09789717987279799,0.17177684122113257,0.1626430100084153,0.18797293172230273,0.45975556610500484
C:\Users\damba\.cache\kagglehub\datasets\salmaneunus\mechanical-tools-dataset\versions\20\Mechanical Tools Image dataset\Mechanical Tools Image dataset\pliers\000104.jpg,pliers,exito,0.3183098861837905,0.14799074032311307,0.01974420311051104,0.06015660631186633,0.0908160067592927,0.009502990091350236,0.1692152819577204,0.07169328610012256,0.03140926217528208,0.13259984801683503,0.06551336898206944,0.18005621235658995,0.2041689984347863,0.03968088308611209,0.08827369209113568,0.2231237884520961,0.20473779175588738,0.0351396255074359,0.2840278890433689,0.03959339771399188,0.17552542388658385,0.13966717605168397,0.20426137294326985,0.24699062746347372,0.14979689072466176
C:\Users\damba\.cache\kagglehub\datasets\salmaneunus\mechanical-tools-dataset\versions\20\Mechanical Tools Image dataset\Mechanical Tools Image dataset\pliers\000105.jpg,pliers,exito,0.0,0.0,0.0,0.0,0.0,0.0,0.0,0.0,0.0,0.0,0.0,0.0,0.0,0.0,0.0,0.0,0.0,0.0,0.0,0.0,0.0,0.0,0.0,0.0,0.0
C:\Users\damba\.cache\kagglehub\datasets\salmaneunus\mechanical-tools-dataset\versions\20\Mechanical Tools Image dataset\Mechanical Tools Image dataset\pliers\000106.jpg,pliers,exito,0.3183098861837907,0.6042794729537562,0.8188681736789662,0.8338680694932807,0.9503444816732007,0.9882592542423076,0.9600714899347987,0.994074518885476,1.054419509726198,0.872686929315717,0.9553163102496376,1.0253580721916162,0.6486393535438733,0.7103180841008189,0.8476460846197554,0.900116359429153,0.3602945338711368,0.5044477817260317,0.6912405593653583,0.6835867475469009,0.04154026006406896,0.0737590194298003,0.29594038282937846,0.5116105813696568,0.38684656652105337
C:\Users\damba\.cache\kagglehub\datasets\salmaneunus\mechanical-tools-dataset\versions\20\Mechanical Tools Image dataset\Mechanical Tools Image dataset\pliers\000107.jpg,pliers,exito,0.0,0.0,0.0,0.0,0.0,0.0,0.0,0.0,0.0,0.0,0.0,0.0,0.0,0.0,0.0,0.0,0.0,0.0,0.0,0.0,0.0,0.0,0.0,0.0,0.0
C:\Users\damba\.cache\kagglehub\datasets\salmaneunus\mechanical-tools-dataset\versions\20\Mechanical Tools Image dataset\Mechanical Tools Image dataset\pliers\000108.jpg,pliers,exito,0.0,0.0,0.0,0.0,0.0,0.0,0.0,0.0,0.0,0.0,0.0,0.0,0.0,0.0,0.0,0.0,0.0,0.0,0.0,0.0,0.0,0.0,0.0,0.0,0.0
C:\Users\damba\.cache\kagglehub\datasets\salmaneunus\mechanical-tools-dataset\versions\20\Mechanical Tools Image dataset\Mechanical Tools Image dataset\pliers\000109.jpg,pliers,exito,0.3183098861837905,0.01812384097400357,0.01857993452214875,0.03620501796024141,0.04786824284080569,0.044919455036624444,0.0122810702622984,0.0634978927855161,0.04395443099691095,0.08775962582444544,0.0577667284483219,0.09896729595028461,0.0192786320486512,0.10360774370764281,0.07447917103460405,0.12031255926122404,0.11505094304339901,0.04050771829627688,0.09959199208439484,0.12847083590691835,0.05901687586035004,0.14316175152320365,0.12617448849582283,0.19758721649099045,0.07649915783668829
C:\Users\damba\.cache\kagglehub\datasets\salmaneunus\mechanical-tools-dataset\versions\20\Mechanical Tools Image dataset\Mechanical Tools Image dataset\pliers\000110.jpg,pliers,exito,0.31830988618379047,0.018644780727511884,0.04624659432623973,0.041166488997731836,0.043055185887896454,0.054666881752173345,0.07683537691910508,0.02273627171497522,0.0424172714461092,0.07124460691311164,0.08747870063321198,0.07097064877132771,0.09200216301813449,0.10434781896958292,0.07945953337194583,0.07070630505700244,0.09303991827815299,0.09443228039295636,0.07916507465055178,0.09133853309229774,0.05975257114878878,0.26170602743131655,0.1108422420560871,0.17667896946758743,0.10130139768922376
C:\Users\damba\.cache\kagglehub\datasets\salmaneunus\mechanical-tools-dataset\versions\20\Mechanical Tools Image dataset\Mechanical Tools Image dataset\pliers\000111.jpg,pliers,exito,0.31830988618379064,0.3261749229240773,0.14411608673764262,0.04921178490927897,0.11258920847957368,0.18234304156290815,0.07836972855827226,0.12883402908780942,0.15275676783321945,0.10326028188867988,0.13561503361533186,0.06189041467359948,0.08065508768843342,0.058184387478713274,0.21169027905743554,0.06733939770376053,0.2316660079677213,0.20642021238064082,0.10846322786690832,0.08204758504093738,0.05502951790137289,0.2813340098664248,0.22494625787560166,0.1054754906559352,0.23451418409910751
C:\Users\damba\.cache\kagglehub\datasets\salmaneunus\mechanical-tools-dataset\versions\20\Mechanical Tools Image dataset\Mechanical Tools Image dataset\pliers\000112.jpg,pliers,exito,0.0,0.0,0.0,0.0,0.0,0.0,0.0,0.0,0.0,0.0,0.0,0.0,0.0,0.0,0.0,0.0,0.0,0.0,0.0,0.0,0.0,0.0,0.0,0.0,0.0
C:\Users\damba\.cache\kagglehub\datasets\salmaneunus\mechanical-tools-dataset\versions\20\Mechanical Tools Image dataset\Mechanical Tools Image dataset\pliers\000113.jpg,pliers,exito,0.0,0.0,0.0,0.0,0.0,0.0,0.0,0.0,0.0,0.0,0.0,0.0,0.0,0.0,0.0,0.0,0.0,0.0,0.0,0.0,0.0,0.0,0.0,0.0,0.0
C:\Users\damba\.cache\kagglehub\datasets\salmaneunus\mechanical-tools-dataset\versions\20\Mechanical Tools Image dataset\Mechanical Tools Image dataset\pliers\000114.jpg,pliers,exito,0.0,0.0,0.0,0.0,0.0,0.0,0.0,0.0,0.0,0.0,0.0,0.0,0.0,0.0,0.0,0.0,0.0,0.0,0.0,0.0,0.0,0.0,0.0,0.0,0.0
C:\Users\damba\.cache\kagglehub\datasets\salmaneunus\mechanical-tools-dataset\versions\20\Mechanical Tools Image dataset\Mechanical Tools Image dataset\pliers\000115.jpg,pliers,exito,0.0,0.0,0.0,0.0,0.0,0.0,0.0,0.0,0.0,0.0,0.0,0.0,0.0,0.0,0.0,0.0,0.0,0.0,0.0,0.0,0.0,0.0,0.0,0.0,0.0
C:\Users\damba\.cache\kagglehub\datasets\salmaneunus\mechanical-tools-dataset\versions\20\Mechanical Tools Image dataset\Mechanical Tools Image dataset\pliers\000116.jpg,pliers,exito,0.3183098861837906,0.10725188891117426,0.10407159823963565,0.13456926801306032,0.07225420774868493,0.03209460476685644,0.013470615240203647,0.02335096587743127,0.02131013453345851,0.13532791235291688,0.0938922358119145,0.05567363815489692,0.11322834293886404,0.028998569943098098,0.027685146338312434,0.026139819007750767,0.042281069856564366,0.04006051234314593,0.08317074389161037,0.007980775861531494,0.19767321100980514,0.09448276290017125,0.0606504394869922,0.056465437044944874,0.14188098228725124
C:\Users\damba\.cache\kagglehub\datasets\salmaneunus\mechanical-tools-dataset\versions\20\Mechanical Tools Image dataset\Mechanical Tools Image dataset\pliers\000117.jpg,pliers,exito,0.3183098861837906,0.043982054003144484,0.008207242449076899,0.011378526475696388,0.09321396763872282,0.08370241219980741,0.007562050430944673,0.014533774831459663,0.06813204314545229,0.13596270584866482,0.12418330595593478,0.08320146043256789,0.007071917078800942,0.09382601467971607,0.11201144863589212,0.06660605213547026,0.13312235897877675,0.12566572064203463,0.08678978800018086,0.0597482664178847,0.03628737598230684,0.20001544667126614,0.14535600494871384,0.16636718662693628,0.0706089534218917
C:\Users\damba\.cache\kagglehub\datasets\salmaneunus\mechanical-tools-dataset\versions\20\Mechanical Tools Image dataset\Mechanical Tools Image dataset\pliers\000118.jpg,pliers,exito,0.3183098861837905,0.025161382999883887,0.020015429912197565,0.03665352925810091,0.05874363194747852,0.04928670112209265,0.018769707929862517,0.06866560387035613,0.05122623461820617,0.09048729213658874,0.08207421573682527,0.09127778495528883,0.0065516915053218236,0.10159935888253507,0.07775711509224958,0.10814164210940908,0.06550901374431109,0.06754883297727932,0.052627210560047204,0.1034894475882681,0.05617774702511485,0.10746827013343772,0.10887561318297166,0.1328102356690858,0.059359089471373375
C:\Users\damba\.cache\kagglehub\datasets\salmaneunus\mechanical-tools-dataset\versions\20\Mechanical Tools Image dataset\Mechanical Tools Image dataset\pliers\000119.jpg,pliers,exito,0.3183098861837905,0.014829340627169287,0.018068337460951923,0.036458891383649945,0.014922513046374895,0.044540793246610574,0.0029403984796931766,0.06345069543504103,0.04503436387700458,0.006666054451252477,0.049874649840427346,0.09301495551305629,0.06487782769203546,0.08780761993715037,0.10823796808162452,0.09100105884141178,0.031091939424196496,0.012618178031878306,0.054774279816600185,0.10485428734909834,0.1681519025515596,0.09386910968074212,0.193025895838383,0.11484235470751498,0.11167111069031944
C:\Users\damba\.cache\kagglehub\datasets\salmaneunus\mechanical-tools-dataset\versions\20\Mechanical Tools Image dataset\Mechanical Tools Image dataset\pliers\000120.jpg,pliers,exito,0.0,0.0,0.0,0.0,0.0,0.0,0.0,0.0,0.0,0.0,0.0,0.0,0.0,0.0,0.0,0.0,0.0,0.0,0.0,0.0,0.0,0.0,0.0,0.0,0.0
C:\Users\damba\.cache\kagglehub\datasets\salmaneunus\mechanical-tools-dataset\versions\20\Mechanical Tools Image dataset\Mechanical Tools Image dataset\pliers\000121.jpg,pliers,exito,0.3183098861837906,0.019879679462689346,0.002945030614293084,0.03194243253182666,0.04425455413642417,0.07133689950081269,0.050459936147315164,0.046916364499213575,0.09377443828273942,0.0630837456780079,0.13454830799904402,0.16966906331086426,0.16407477224675962,0.061832284811040056,0.08544839534171393,0.05856233771327297,0.047421963163569635,0.18271337252538267,0.22532100745778116,0.04032110306612559,0.2991003287479691,0.10826878444697598,0.10609011051365949,0.13129103166796732,0.27918579317211556
C:\Users\damba\.cache\kagglehub\datasets\salmaneunus\mechanical-tools-dataset\versions\20\Mechanical Tools Image dataset\Mechanical Tools Image dataset\pliers\000122.jpg,pliers,exito,0.3183098861837906,0.03340289391318569,0.008275719937886894,0.004148897786001735,0.0763994081318364,0.008709951190121194,0.009215590932117608,0.015875622499061957,0.011195190000420172,0.11412177539229656,0.03570656859525467,0.15837542916344827,0.005109664512204897,0.0282426314335423,0.029748065944606657,0.14778937327480213,0.08071286075587289,0.029508649182997615,0.1470588151517581,0.08864708291764613,0.016924565256561542,0.014465553508840014,0.04545210988581303,0.1451998015813307,0.07089330618271703
C:\Users\damba\.cache\kagglehub\datasets\salmaneunus\mechanical-tools-dataset\versions\20\Mechanical Tools Image dataset\Mechanical Tools Image dataset\pliers\000123.jpg,pliers,exito,0.0,0.0,0.0,0.0,0.0,0.0,0.0,0.0,0.0,0.0,0.0,0.0,0.0,0.0,0.0,0.0,0.0,0.0,0.0,0.0,0.0,0.0,0.0,0.0,0.0
C:\Users\damba\.cache\kagglehub\datasets\salmaneunus\mechanical-tools-dataset\versions\20\Mechanical Tools Image dataset\Mechanical Tools Image dataset\pliers\000124.jpg,pliers,exito,0.31830988618379064,0.44331800029260077,0.21287987878755274,0.38943350429705953,0.03706105692317525,0.2597663864568617,0.27505341065099753,0.0747298689192548,0.15878773941708083,0.16939725561372287,0.10913084542231206,0.13219212822129264,0.0031499639033579388,0.09072515548502001,0.3294739880926995,0.15937057407701571,0.12267690584039538,0.194527837020176,0.3858966460126474,0.1845698573815098,0.029962707775091853,0.07816764561457336,0.02612184899148418,0.21445654843559028,0.15882336705060146
C:\Users\damba\.cache\kagglehub\datasets\salmaneunus\mechanical-tools-dataset\versions\20\Mechanical Tools Image dataset\Mechanical Tools Image dataset\pliers\000125.jpg,pliers,exito,0.0,0.0,0.0,0.0,0.0,0.0,0.0,0.0,0.0,0.0,0.0,0.0,0.0,0.0,0.0,0.0,0.0,0.0,0.0,0.0,0.0,0.0,0.0,0.0,0.0
C:\Users\damba\.cache\kagglehub\datasets\salmaneunus\mechanical-tools-dataset\versions\20\Mechanical Tools Image dataset\Mechanical Tools Image dataset\pliers\000126.jpg,pliers,exito,0.0,0.0,0.0,0.0,0.0,0.0,0.0,0.0,0.0,0.0,0.0,0.0,0.0,0.0,0.0,0.0,0.0,0.0,0.0,0.0,0.0,0.0,0.0,0.0,0.0
C:\Users\damba\.cache\kagglehub\datasets\salmaneunus\mechanical-tools-dataset\versions\20\Mechanical Tools Image dataset\Mechanical Tools Image dataset\pliers\000127.jpg,pliers,exito,0.3183098861837906,0.04719195306996572,0.0030387142980088,0.0025358125419396773,0.10316115435700596,0.008999281847572297,0.01885676345716191,0.01078636336001393,0.012117433900346414,0.15409295108257354,0.03920612104726315,0.1597975323118128,0.07458130346665885,0.03076597009576589,0.060206960733926264,0.17126995815232726,0.14156265263859297,0.045266665745333064,0.1839884648859177,0.0653783930121428,0.1289909211372585,0.06921496991457893,0.12381365034630676,0.1978296978671379,0.08619130269759262
C:\Users\damba\.cache\kagglehub\datasets\salmaneunus\mechanical-tools-dataset\versions\20\Mechanical Tools Image dataset\Mechanical Tools Image dataset\pliers\000128.jpg,pliers,exito,0.3183098861837906,0.03897383699279411,0.0020449066214547284,0.06502836303262408,0.08468920084033371,0.05950127644468668,0.02413674265512972,0.0944303322759625,0.014017569917459283,0.12259773570131058,0.11061715513168363,0.041583184942662964,0.09091795374337969,0.101376027959349,0.03416016731792069,0.08977810379680831,0.09804935910182747,0.13503622316877728,0.046003422244717034,0.14497849871204208,0.16864349913121587,0.09361156675772556,0.09498975528936861,0.17812330816866698,0.109061166144036
C:\Users\damba\.cache\kagglehub\datasets\salmaneunus\mechanical-tools-dataset\versions\20\Mechanical Tools Image dataset\Mechanical Tools Image dataset\pliers\000129.jpg,pliers,exito,0.0,0.0,0.0,0.0,0.0,0.0,0.0,0.0,0.0,0.0,0.0,0.0,0.0,0.0,0.0,0.0,0.0,0.0,0.0,0.0,0.0,0.0,0.0,0.0,0.0
C:\Users\damba\.cache\kagglehub\datasets\salmaneunus\mechanical-tools-dataset\versions\20\Mechanical Tools Image dataset\Mechanical Tools Image dataset\pliers\000130.jpg,pliers,exito,0.0,0.0,0.0,0.0,0.0,0.0,0.0,0.0,0.0,0.0,0.0,0.0,0.0,0.0,0.0,0.0,0.0,0.0,0.0,0.0,0.0,0.0,0.0,0.0,0.0
C:\Users\damba\.cache\kagglehub\datasets\salmaneunus\mechanical-tools-dataset\versions\20\Mechanical Tools Image dataset\Mechanical Tools Image dataset\pliers\000131.jpg,pliers,exito,0.0,0.0,0.0,0.0,0.0,0.0,0.0,0.0,0.0,0.0,0.0,0.0,0.0,0.0,0.0,0.0,0.0,0.0,0.0,0.0,0.0,0.0,0.0,0.0,0.0
C:\Users\damba\.cache\kagglehub\datasets\salmaneunus\mechanical-tools-dataset\versions\20\Mechanical Tools Image dataset\Mechanical Tools Image dataset\pliers\000132.jpg,pliers,exito,0.0,0.0,0.0,0.0,0.0,0.0,0.0,0.0,0.0,0.0,0.0,0.0,0.0,0.0,0.0,0.0,0.0,0.0,0.0,0.0,0.0,0.0,0.0,0.0,0.0
C:\Users\damba\.cache\kagglehub\datasets\salmaneunus\mechanical-tools-dataset\versions\20\Mechanical Tools Image dataset\Mechanical Tools Image dataset\pliers\000133.jpg,pliers,exito,0.3183098861837906,0.052250319037148024,0.0006683100468722317,0.0027482414141896056,0.11317190141318066,0.009076137737901328,0.031350143085055814,0.014530333028426786,0.012454103138463003,0.1707182299900715,0.040291054951584776,0.16031664289054617,0.1101122528215929,0.046560053714372156,0.0712978335758515,0.17979427762749325,0.17302125827073056,0.05216753286175486,0.1997108124284647,0.05874495010993381,0.19799001497114424,0.10500966715377326,0.15495559068888706,0.22180990489742372,0.09086992084092194
C:\Users\damba\.cache\kagglehub\datasets\salmaneunus\mechanical-tools-dataset\versions\20\Mechanical Tools Image dataset\Mechanical Tools Image dataset\pliers\000134.jpg,pliers,exito,0.3183098861837905,0.0033877515699037002,0.017086122526146722,0.03691366488731886,0.02010261964610315,0.04407512270431751,0.001976914576088442,0.06470102746385825,0.04357117068456106,0.05313379181224591,0.0498482584937753,0.09644135923332582,0.055084605492614395,0.09548950461375125,0.08687876930865127,0.10763186260413748,0.08082588946861634,0.03793223129279159,0.07983774567629902,0.11852205570143286,0.13243656515740265,0.11585026662552353,0.15831313874600117,0.1629355461656957,0.09584887812757578
C:\Users\damba\.cache\kagglehub\datasets\salmaneunus\mechanical-tools-dataset\versions\20\Mechanical Tools Image dataset\Mechanical Tools Image dataset\pliers\000135.jpg,pliers,exito,0.3183098861837905,0.011706053611417785,0.0850530688796658,0.07571870987275908,0.02133190874190054,0.005558311736749426,0.14153076083273328,0.06415296884435603,0.01824633477029826,0.02322237701935935,0.01400626683994769,0.0020258647716881652,0.177941289390522,0.047658774842863294,0.012665095697414993,0.011508235980924384,0.01044071699089079,0.012433095125522356,0.0012106577124153415,0.0017016527509889038,0.14985995322370935,0.21559900905612295,0.042253426778220006,0.1128690709827173,0.09776310274436804
C:\Users\damba\.cache\kagglehub\datasets\salmaneunus\mechanical-tools-dataset\versions\20\Mechanical Tools Image dataset\Mechanical Tools Image dataset\pliers\000136.jpg,pliers,exito,0.0,0.0,0.0,0.0,0.0,0.0,0.0,0.0,0.0,0.0,0.0,0.0,0.0,0.0,0.0,0.0,0.0,0.0,0.0,0.0,0.0,0.0,0.0,0.0,0.0
C:\Users\damba\.cache\kagglehub\datasets\salmaneunus\mechanical-tools-dataset\versions\20\Mechanical Tools Image dataset\Mechanical Tools Image dataset\pliers\000137.jpg,pliers,exito,0.0,0.0,0.0,0.0,0.0,0.0,0.0,0.0,0.0,0.0,0.0,0.0,0.0,0.0,0.0,0.0,0.0,0.0,0.0,0.0,0.0,0.0,0.0,0.0,0.0
C:\Users\damba\.cache\kagglehub\datasets\salmaneunus\mechanical-tools-dataset\versions\20\Mechanical Tools Image dataset\Mechanical Tools Image dataset\pliers\000138.jpg,pliers,exito,0.31830988618379075,0.10605525389766736,0.009373942010235769,0.11762184023745012,0.025441489699818763,0.0631032028081679,0.13341562642948845,0.06756543564343324,0.10442888256459358,0.07620576829065583,0.06585289618641377,0.04632205208303195,0.09980665313116065,0.12642537724154243,0.17088424400291313,0.022637349529236732,0.10855842943258087,0.1401134256055348,0.0036625561302031802,0.029776678991967287,0.018210452467224872,0.1766892084590134,0.21682341894573576,0.034338060457595306,0.18530295522249482
C:\Users\damba\.cache\kagglehub\datasets\salmaneunus\mechanical-tools-dataset\versions\20\Mechanical Tools Image dataset\Mechanical Tools Image dataset\pliers\000139.jpg,pliers,exito,0.3183098861837906,0.028426516879148645,0.01351506162785968,0.006911242204440521,0.06606990456555042,0.08395300208370256,0.033049263772858016,0.03646434260684207,0.06630935499499553,0.11336775805617504,0.12324484910508353,0.08715524681531035,0.05337404606514341,0.15575379677042203,0.10691257830710674,0.06611080524232144,0.14867400191115,0.1257650080111699,0.09568258274028865,0.06420964121267586,0.03871475978895774,0.30418999650717027,0.12953567490712045,0.18189547565820116,0.05266562372006505
C:\Users\damba\.cache\kagglehub\datasets\salmaneunus\mechanical-tools-dataset\versions\20\Mechanical Tools Image dataset\Mechanical Tools Image dataset\pliers\000140.jpg,pliers,exito,0.0,0.0,0.0,0.0,0.0,0.0,0.0,0.0,0.0,0.0,0.0,0.0,0.0,0.0,0.0,0.0,0.0,0.0,0.0,0.0,0.0,0.0,0.0,0.0,0.0
C:\Users\damba\.cache\kagglehub\datasets\salmaneunus\mechanical-tools-dataset\versions\20\Mechanical Tools Image dataset\Mechanical Tools Image dataset\pliers\000141.jpg,pliers,exito,0.0,0.0,0.0,0.0,0.0,0.0,0.0,0.0,0.0,0.0,0.0,0.0,0.0,0.0,0.0,0.0,0.0,0.0,0.0,0.0,0.0,0.0,0.0,0.0,0.0
C:\Users\damba\.cache\kagglehub\datasets\salmaneunus\mechanical-tools-dataset\versions\20\Mechanical Tools Image dataset\Mechanical Tools Image dataset\pliers\000142.jpg,pliers,exito,0.31830988618379047,0.016589209676224372,0.03145107238157625,0.0025014091955119304,0.03548966001326479,0.06655185787986043,0.0007986834108564627,0.008724111714313676,0.08192851831239983,0.05259147095627,0.11490913614058262,0.11444626199334025,0.10483642119694438,0.02924992968748903,0.007191589920737978,0.026172073721984854,0.05610376816681162,0.147389242890788,0.14738070799126934,0.13128983690483115,0.22244433424436502,0.06364684503618591,0.1655755807905071,0.06259369318614894,0.389499661241935
C:\Users\damba\.cache\kagglehub\datasets\salmaneunus\mechanical-tools-dataset\versions\20\Mechanical Tools Image dataset\Mechanical Tools Image dataset\pliers\000143.jpg,pliers,exito,0.3183098861837905,0.015282018415033797,0.018132570825948297,0.03662022749707334,0.0174737689316554,0.04541477085692788,0.0032830682620373993,0.06547852139109518,0.0463628931415454,0.012312708298952245,0.05504010056257678,0.09144147573602965,0.06404852503201044,0.09276479002179286,0.1069387284279978,0.08901734884225977,0.021150524577414148,0.008029466878240727,0.044551138614287965,0.10112525089354571,0.16772770893924568,0.0986949272689318,0.18806798685732964,0.10502899202060513,0.1075929920647196
C:\Users\damba\.cache\kagglehub\datasets\salmaneunus\mechanical-tools-dataset\versions\20\Mechanical Tools Image dataset\Mechanical Tools Image dataset\pliers\000144.jpg,pliers,exito,0.0,0.0,0.0,0.0,0.0,0.0,0.0,0.0,0.0,0.0,0.0,0.0,0.0,0.0,0.0,0.0,0.0,0.0,0.0,0.0,0.0,0.0,0.0,0.0,0.0
C:\Users\damba\.cache\kagglehub\datasets\salmaneunus\mechanical-tools-dataset\versions\20\Mechanical Tools Image dataset\Mechanical Tools Image dataset\pliers\000145.jpg,pliers,exito,0.0,0.0,0.0,0.0,0.0,0.0,0.0,0.0,0.0,0.0,0.0,0.0,0.0,0.0,0.0,0.0,0.0,0.0,0.0,0.0,0.0,0.0,0.0,0.0,0.0
C:\Users\damba\.cache\kagglehub\datasets\salmaneunus\mechanical-tools-dataset\versions\20\Mechanical Tools Image dataset\Mechanical Tools Image dataset\pliers\000146.jpg,pliers,exito,0.3183098861837905,0.04069952754348242,0.07789297151672064,0.07938446857010106,0.07972889301587338,0.0196375502832861,0.10620194266063825,0.08496159110390343,0.015324004067125101,0.09594388622112246,0.0497195859971455,0.006671042929433344,0.09027868236216512,0.010737832572726768,0.025464092101869954,0.010067525615010694,0.03358316289817166,0.058611811015438636,0.005133625621089874,0.005667643321898229,0.028353217738781158,0.12404978642736376,0.07339078578111802,0.11216584803292357,0.09619832850909582
C:\Users\damba\.cache\kagglehub\datasets\salmaneunus\mechanical-tools-dataset\versions\20\Mechanical Tools Image dataset\Mechanical Tools Image dataset\pliers\000147.jpg,pliers,exito,0.0,0.0,0.0,0.0,0.0,0.0,0.0,0.0,0.0,0.0,0.0,0.0,0.0,0.0,0.0,0.0,0.0,0.0,0.0,0.0,0.0,0.0,0.0,0.0,0.0
C:\Users\damba\.cache\kagglehub\datasets\salmaneunus\mechanical-tools-dataset\versions\20\Mechanical Tools Image dataset\Mechanical Tools Image dataset\pliers\000148.jpg,pliers,exito,0.31830988618379047,0.03691703270945153,0.041462391102776865,0.043178849627969064,0.07562232399721723,0.05841036057435671,0.05317091089870473,0.034809425257946995,0.04168772479837882,0.10123623966236388,0.09862237274487158,0.0710962211430764,0.0334456609770218,0.0621923095104144,0.08415862919270886,0.06816233786038951,0.08220870282295471,0.10998627892018326,0.0711119739211106,0.09088986337499437,0.019182569606524112,0.18577158532602842,0.12459445241682274,0.1764270401022239,0.07759687540717107
C:\Users\damba\.cache\kagglehub\datasets\salmaneunus\mechanical-tools-dataset\versions\20\Mechanical Tools Image dataset\Mechanical Tools Image dataset\pliers\000149.jpg,pliers,exito,0.3183098861837906,0.044732166415674415,0.007893653518325123,0.01055085282680531,0.09543398214516573,0.08344557809475305,0.005123931017929349,0.024241278712985297,0.07064877139662536,0.14300179240303704,0.12698911435213064,0.08676687177321557,0.017422562673665484,0.12332958700829719,0.12463358367047335,0.07068369182697225,0.1585763923483937,0.14192442922597473,0.10263353812517842,0.06433640042839822,0.0671704337966698,0.2607286938842021,0.17252249368226844,0.18417046622090896,0.06584099258553897
C:\Users\damba\.cache\kagglehub\datasets\salmaneunus\mechanical-tools-dataset\versions\20\Mechanical Tools Image dataset\Mechanical Tools Image dataset\pliers\000150.jpg,pliers,exito,0.0,0.0,0.0,0.0,0.0,0.0,0.0,0.0,0.0,0.0,0.0,0.0,0.0,0.0,0.0,0.0,0.0,0.0,0.0,0.0,0.0,0.0,0.0,0.0,0.0
C:\Users\damba\.cache\kagglehub\datasets\salmaneunus\mechanical-tools-dataset\versions\20\Mechanical Tools Image dataset\Mechanical Tools Image dataset\pliers\000151.jpg,pliers,exito,0.3183098861837906,0.015277947329458278,0.01622304155035739,0.00908343191515061,0.028138444875606915,0.08568819020632194,0.05285935736434124,0.00980829341842258,0.045111425103731895,0.045266502775253493,0.10442580657760538,0.06945668284605765,0.1277168620436694,0.043652340537793835,0.02008741169257044,0.038582438846451544,0.044154726459056166,0.04197728354984368,0.02647163122702013,0.042327789663872795,0.2144798317489977,0.07963118575194889,0.0644335435240849,0.09432209589635712,0.0782047422886729
C:\Users\damba\.cache\kagglehub\datasets\salmaneunus\mechanical-tools-dataset\versions\20\Mechanical Tools Image dataset\Mechanical Tools Image dataset\pliers\000152.jpg,pliers,exito,0.3183098861837907,0.5568595934930511,0.5063473249391758,0.7306384917452737,0.3289575858361459,0.8521319866027832,0.12455351299415766,0.07366219030004911,0.9317136622566042,0.5468547408557399,0.2228995813382491,0.9779784676556897,0.9417539724337148,0.8886602011791876,0.5338422527674691,0.9980255638381267,1.1006741516559428,1.1248364378592859,0.8399402291413047,0.9976982160148876,0.9554149496575433,1.0474553190339098,1.247074052451448,1.1279336420062613,0.9817870540671095
C:\Users\damba\.cache\kagglehub\datasets\salmaneunus\mechanical-tools-dataset\versions\20\Mechanical Tools Image dataset\Mechanical Tools Image dataset\pliers\000153.jpg,pliers,exito,0.0,0.0,0.0,0.0,0.0,0.0,0.0,0.0,0.0,0.0,0.0,0.0,0.0,0.0,0.0,0.0,0.0,0.0,0.0,0.0,0.0,0.0,0.0,0.0,0.0
C:\Users\damba\.cache\kagglehub\datasets\salmaneunus\mechanical-tools-dataset\versions\20\Mechanical Tools Image dataset\Mechanical Tools Image dataset\pliers\000154.jpg,pliers,exito,0.0,0.0,0.0,0.0,0.0,0.0,0.0,0.0,0.0,0.0,0.0,0.0,0.0,0.0,0.0,0.0,0.0,0.0,0.0,0.0,0.0,0.0,0.0,0.0,0.0
C:\Users\damba\.cache\kagglehub\datasets\salmaneunus\mechanical-tools-dataset\versions\20\Mechanical Tools Image dataset\Mechanical Tools Image dataset\pliers\000155.jpg,pliers,exito,0.31830988618379075,0.08512856059827219,0.021702695743960946,0.11636130180797137,0.03358900316798066,0.03229452317207256,0.06081428768142306,0.043848644991509866,0.058351453070238944,0.05282887402332964,0.09247789071019302,0.10789422035201944,0.010211834389961734,0.08550830267905168,0.1267624532153594,0.11267640832458463,0.12775605695046396,0.07448592011654036,0.10263963778264419,0.13266541442242633,0.0786071204640867,0.11353931930707079,0.1792144864019916,0.24561471219590403,0.09760119161933992
C:\Users\damba\.cache\kagglehub\datasets\salmaneunus\mechanical-tools-dataset\versions\20\Mechanical Tools Image dataset\Mechanical Tools Image dataset\pliers\000156.jpg,pliers,exito,0.0,0.0,0.0,0.0,0.0,0.0,0.0,0.0,0.0,0.0,0.0,0.0,0.0,0.0,0.0,0.0,0.0,0.0,0.0,0.0,0.0,0.0,0.0,0.0,0.0
C:\Users\damba\.cache\kagglehub\datasets\salmaneunus\mechanical-tools-dataset\versions\20\Mechanical Tools Image dataset\Mechanical Tools Image dataset\pliers\000157.jpg,pliers,exito,0.31830988618379064,0.340795889402395,0.07706073610584252,0.15796147527926763,0.034541898481470504,0.017273322625987325,0.04117605164928796,0.1482286888808644,0.02870145577318553,0.21889773831970474,0.264435551139251,0.009025094225851444,0.16857767907222346,0.23858648909507998,0.1364906313795935,0.020772762820157983,0.062352486713460005,0.14956805244248494,0.09975791663141176,0.02348206981358143,0.03222285871110564,0.05004806519315209,0.139135349153807,0.2188662099900894,0.12102591739833805
C:\Users\damba\.cache\kagglehub\datasets\salmaneunus\mechanical-tools-dataset\versions\20\Mechanical Tools Image dataset\Mechanical Tools Image dataset\pliers\000158.jpg,pliers,exito,0.0,0.0,0.0,0.0,0.0,0.0,0.0,0.0,0.0,0.0,0.0,0.0,0.0,0.0,0.0,0.0,0.0,0.0,0.0,0.0,0.0,0.0,0.0,0.0,0.0
C:\Users\damba\.cache\kagglehub\datasets\salmaneunus\mechanical-tools-dataset\versions\20\Mechanical Tools Image dataset\Mechanical Tools Image dataset\pliers\000159.jpg,pliers,exito,0.3183098861837905,0.006509374721437383,0.08549914235710715,0.0755815019130879,0.012251991629911016,0.0030889379688633606,0.14357819982166253,0.06323151114186343,0.01835362203629205,0.013416022983834297,0.0075562453747447,0.0011287272437112792,0.1825158057172171,0.05047483908208719,0.01224205672742206,0.0115633374205012,0.0041189260346371276,0.006684323488879766,0.0005696444301323641,0.0009477453535817225,0.15506748159949194,0.22021615633445274,0.041311235827254454,0.11295839807386222,0.09782291746472065
C:\Users\damba\.cache\kagglehub\datasets\salmaneunus\mechanical-tools-dataset\versions\20\Mechanical Tools Image dataset\Mechanical Tools Image dataset\pliers\000160.jpg,pliers,exito,0.3183098861837907,0.5975278390778154,0.7275794338626664,0.8412545462070191,0.7682763214074717,1.052795892572911,0.5901175014158878,0.7344696240096548,1.2351855887611878,0.33948580200781403,0.6392553028724718,1.3912061316619875,0.08267229238148524,0.043490420393810424,0.4941501821952043,1.5234082172539196,0.4946773256220049,0.2756243680968453,0.309251962345578,1.6341287165202112,0.9383852798474936,0.8692923346312968,0.5998279378345237,0.09338458680759963,1.7255073177616091
C:\Users\damba\.cache\kagglehub\datasets\salmaneunus\mechanical-tools-dataset\versions\20\Mechanical Tools Image dataset\Mechanical Tools Image dataset\pliers\000161.jpg,pliers,exito,0.0,0.0,0.0,0.0,0.0,0.0,0.0,0.0,0.0,0.0,0.0,0.0,0.0,0.0,0.0,0.0,0.0,0.0,0.0,0.0,0.0,0.0,0.0,0.0,0.0
C:\Users\damba\.cache\kagglehub\datasets\salmaneunus\mechanical-tools-dataset\versions\20\Mechanical Tools Image dataset\Mechanical Tools Image dataset\pliers\000162.jpg,pliers,exito,0.0,0.0,0.0,0.0,0.0,0.0,0.0,0.0,0.0,0.0,0.0,0.0,0.0,0.0,0.0,0.0,0.0,0.0,0.0,0.0,0.0,0.0,0.0,0.0,0.0
C:\Users\damba\.cache\kagglehub\datasets\salmaneunus\mechanical-tools-dataset\versions\20\Mechanical Tools Image dataset\Mechanical Tools Image dataset\pliers\000163.jpg,pliers,exito,0.3183098861837906,0.035087949535696085,0.0034011122239812493,0.06471343538292244,0.07664533989293092,0.0578581263226807,0.017145184896273355,0.09204636991676196,0.015917312164687253,0.11083120157284425,0.10528564837595013,0.04207176409928806,0.07235734619176289,0.10088155755683186,0.02695905417873818,0.09054418003911353,0.09220661507951121,0.12326253721968095,0.05047096414722883,0.14826539672314715,0.1390225257496965,0.11432358842745508,0.07511175202818095,0.18690356826619509,0.11736007196160494
C:\Users\damba\.cache\kagglehub\datasets\salmaneunus\mechanical-tools-dataset\versions\20\Mechanical Tools Image dataset\Mechanical Tools Image dataset\pliers\000164.jpg,pliers,exito,0.3183098861837905,0.03290575478176554,0.02213456062165599,0.036854360169268637,0.07502799511699058,0.05104329565274035,0.030232144803964345,0.07155107152529147,0.05412072469056709,0.11549058439068313,0.09352258190362588,0.08939364946297211,0.026265336005968,0.10966892267740595,0.08231996972075023,0.10774435409312177,0.10173403844321022,0.09958305322276742,0.04543622964648375,0.09754683132786618,0.0040835673821996476,0.12433336049819974,0.11497223240024061,0.12201831540287086,0.05230580408539538
C:\Users\damba\.cache\kagglehub\datasets\salmaneunus\mechanical-tools-dataset\versions\20\Mechanical Tools Image dataset\Mechanical Tools Image dataset\pliers\000165.jpg,pliers,exito,0.0,0.0,0.0,0.0,0.0,0.0,0.0,0.0,0.0,0.0,0.0,0.0,0.0,0.0,0.0,0.0,0.0,0.0,0.0,0.0,0.0,0.0,0.0,0.0,0.0
C:\Users\damba\.cache\kagglehub\datasets\salmaneunus\mechanical-tools-dataset\versions\20\Mechanical Tools Image dataset\Mechanical Tools Image dataset\pliers\000166.jpg,pliers,exito,0.3183098861837905,0.10778092689184667,0.05617451352246063,0.09150421833427444,0.08417146021550695,0.03614512199753949,0.006090781572816883,0.024826339425960593,0.08905547926782792,0.11523383199768077,0.18673597717202722,0.120598567007258,0.04239104242589571,0.18661767844130997,0.12632333428656153,0.09925829444304284,0.14741108893030366,0.14504422316977697,0.13253733616009955,0.04520459676801853,0.038172238248942635,0.28963708191035337,0.12856003029969718,0.1432871419931957,0.056456580770875134
C:\Users\damba\.cache\kagglehub\datasets\salmaneunus\mechanical-tools-dataset\versions\20\Mechanical Tools Image dataset\Mechanical Tools Image dataset\pliers\000167.jpg,pliers,exito,0.31830988618379047,0.01268245133630255,0.031989968489179496,0.0023783614545877293,0.029047892973511628,0.06651223155893322,0.003504561158491825,0.004281675548016397,0.0827275877260082,0.042656814783379,0.11554126286704733,0.11580304386123708,0.09729889087396551,0.016375180922882784,0.005723598961759428,0.02641893184534134,0.031125463772233145,0.14681549566678487,0.1496576174291216,0.13017064897681851,0.20677415370786242,0.0415044599318756,0.15232190815677527,0.04501452200828807,0.3860876416499265
C:\Users\damba\.cache\kagglehub\datasets\salmaneunus\mechanical-tools-dataset\versions\20\Mechanical Tools Image dataset\Mechanical Tools Image dataset\pliers\000168.jpg,pliers,exito,0.0,0.0,0.0,0.0,0.0,0.0,0.0,0.0,0.0,0.0,0.0,0.0,0.0,0.0,0.0,0.0,0.0,0.0,0.0,0.0,0.0,0.0,0.0,0.0,0.0
C:\Users\damba\.cache\kagglehub\datasets\salmaneunus\mechanical-tools-dataset\versions\20\Mechanical Tools Image dataset\Mechanical Tools Image dataset\pliers\000169.jpg,pliers,exito,0.0,0.0,0.0,0.0,0.0,0.0,0.0,0.0,0.0,0.0,0.0,0.0,0.0,0.0,0.0,0.0,0.0,0.0,0.0,0.0,0.0,0.0,0.0,0.0,0.0
C:\Users\damba\.cache\kagglehub\datasets\salmaneunus\mechanical-tools-dataset\versions\20\Mechanical Tools Image dataset\Mechanical Tools Image dataset\pliers\000170.jpg,pliers,exito,0.3183098861837906,0.042080407351674676,0.0008583237165339612,0.06277365480446769,0.08696973825868555,0.06008433172092401,0.03084638571662674,0.08538881663623665,0.014812830040955334,0.12240474673688702,0.11409080631096293,0.04090045201707976,0.11295958624627819,0.09975729372390876,0.02446004034990362,0.09526941835623343,0.13082793823593694,0.14726454995506924,0.06201639358783523,0.1589397042635726,0.22428686425572053,0.1584623099094142,0.07480666637070967,0.21969102070555413,0.13237857449340482
C:\Users\damba\.cache\kagglehub\datasets\salmaneunus\mechanical-tools-dataset\versions\20\Mechanical Tools Image dataset\Mechanical Tools Image dataset\pliers\000171.jpg,pliers,exito,0.0,0.0,0.0,0.0,0.0,0.0,0.0,0.0,0.0,0.0,0.0,0.0,0.0,0.0,0.0,0.0,0.0,0.0,0.0,0.0,0.0,0.0,0.0,0.0,0.0
C:\Users\damba\.cache\kagglehub\datasets\salmaneunus\mechanical-tools-dataset\versions\20\Mechanical Tools Image dataset\Mechanical Tools Image dataset\pliers\000172.jpg,pliers,exito,0.3183098861837907,0.2112066254986374,0.020719329471243216,0.10224658418749558,0.17857085616681692,0.06859370503943012,0.015541215846165938,0.07263732897335251,0.11742435997580723,0.17612581045281847,0.0704570961756998,0.1679762945403309,0.060171240722763884,0.19339943304849647,0.03341853420925139,0.23037405868343735,0.26319695814261573,0.06907906760408203,0.21509130565158635,0.18216680383840878,0.26969550739766535,0.1369709808215168,0.17402741326813564,0.16482153910130096,0.0619988238366513
C:\Users\damba\.cache\kagglehub\datasets\salmaneunus\mechanical-tools-dataset\versions\20\Mechanical Tools Image dataset\Mechanical Tools Image dataset\pliers\000173.jpg,pliers,exito,0.3183098861837905,0.039847453797528874,0.024514462558303182,0.03369373548987883,0.08763218303996656,0.04941215716589133,0.0441179700177366,0.054862618235836894,0.05055690451058517,0.13031780874810683,0.08571095071962147,0.09854486750104814,0.0686507160061059,0.08250427519929307,0.08610374425995782,0.12765269593450013,0.11687350043555461,0.0829323624555357,0.1050754494321715,0.12380817638492908,0.08363383203279427,0.11322227794075529,0.12191087533655103,0.19339617763120215,0.032308682069541655
C:\Users\damba\.cache\kagglehub\datasets\salmaneunus\mechanical-tools-dataset\versions\20\Mechanical Tools Image dataset\Mechanical Tools Image dataset\pliers\000174.jpg,pliers,exito,0.31830988618379047,0.01622377109161061,0.03150757924691038,0.0025076210422107234,0.03482534444525377,0.06654618422523922,0.0010970020753102452,0.008491929715275692,0.0820946215089747,0.05157725872832546,0.11511842605658867,0.11470031874597095,0.10399549024172595,0.02863954940602704,0.007032211537440623,0.026464833454652253,0.0543664550155442,0.1476120784872634,0.14781318012872183,0.1311674856895234,0.22086552358762607,0.06259260548373759,0.16289915757708706,0.06217180155200666,0.3888813606268693
C:\Users\damba\.cache\kagglehub\datasets\salmaneunus\mechanical-tools-dataset\versions\20\Mechanical Tools Image dataset\Mechanical Tools Image dataset\pliers\000175.jpg,pliers,exito,0.3183098861837905,0.019758300639098177,0.01887171072129386,0.036397831080924745,0.04819270949328315,0.047664973675274794,0.012831786404390923,0.06585588677426622,0.048545687930108015,0.07685722137247143,0.07225497360090066,0.09379604116039206,0.022496887725021224,0.09688624114108788,0.07573961628376027,0.1109781757095214,0.057846867211613036,0.04338340346629345,0.06622399739597015,0.11114493713423207,0.08202517419397454,0.10603390831925806,0.11083625403884963,0.15031662347262448,0.06519969309950409
C:\Users\damba\.cache\kagglehub\datasets\salmaneunus\mechanical-tools-dataset\versions\20\Mechanical Tools Image dataset\Mechanical Tools Image dataset\pliers\000176.jpg,pliers,exito,0.3183098861837906,0.03510220530491921,0.007727143689334857,0.004446879417326194,0.0794831097331123,0.008766292788829616,0.006393861912296154,0.01819052622220045,0.01124583385439452,0.11908701639695905,0.03630638650308745,0.15841959960013954,0.0028976210735127805,0.03922660076281382,0.03295045280813524,0.14958569129167096,0.09270637828405137,0.031570609962649036,0.15035565336228118,0.0897717998997569,0.0005897474371036656,0.050341552543370936,0.055777443816898274,0.15637405228384574,0.07343651926123793
C:\Users\damba\.cache\kagglehub\datasets\salmaneunus\mechanical-tools-dataset\versions\20\Mechanical Tools Image dataset\Mechanical Tools Image dataset\pliers\000177.jpg,pliers,exito,0.0,0.0,0.0,0.0,0.0,0.0,0.0,0.0,0.0,0.0,0.0,0.0,0.0,0.0,0.0,0.0,0.0,0.0,0.0,0.0,0.0,0.0,0.0,0.0,0.0
C:\Users\damba\.cache\kagglehub\datasets\salmaneunus\mechanical-tools-dataset\versions\20\Mechanical Tools Image dataset\Mechanical Tools Image dataset\pliers\000178.jpg,pliers,exito,0.31830988618379064,0.2913981515886736,0.02639271452580181,0.016123278931679016,0.27234221463087016,0.20969624902413686,0.2593706641937243,0.19105185940835243,0.10183144731858133,0.0654103520806492,0.0663604744421958,0.08756101687427353,0.07913580622130943,0.11880563682985844,0.15979381684101687,0.05825655275507202,0.0788368825767436,0.14094619581138587,0.037942690797947265,0.13784802936260923,0.21831497120343027,0.139066317984527,0.023777371863063286,0.027339920695950825,0.18458992096109642
C:\Users\damba\.cache\kagglehub\datasets\salmaneunus\mechanical-tools-dataset\versions\20\Mechanical Tools Image dataset\Mechanical Tools Image dataset\pliers\000179.jpg,pliers,exito,0.3183098861837906,0.03370983337182057,0.011968050279840235,0.008929970525697299,0.07447796725980871,0.08393136674284762,0.026011094544210613,0.02566044599911458,0.065807709242072,0.11662828214767097,0.12185971156765985,0.08451257530665163,0.03886915968096613,0.12428378675953573,0.10300520772235582,0.06461023887655855,0.1323785654913077,0.11736919303521706,0.08675648939091038,0.06098382710190798,0.030174240486980596,0.24896879290254995,0.12245081619357777,0.1698174838712172,0.06167566058642965
C:\Users\damba\.cache\kagglehub\datasets\salmaneunus\mechanical-tools-dataset\versions\20\Mechanical Tools Image dataset\Mechanical Tools Image dataset\pliers\000180.jpg,pliers,exito,0.3183098861837905,0.01549605785553509,0.01816361473556561,0.03703122494842668,0.03841361081307745,0.047769968843577565,0.007911807906971895,0.06922098872076227,0.04910903952115701,0.06365007641325507,0.07169311818694987,0.09128880104482945,0.039325313651108564,0.10242049891055131,0.08020292677817205,0.10312191316576781,0.045185433372211314,0.0409405292034794,0.04843003218421819,0.10387969476936149,0.11433532829087228,0.10881456127186753,0.12481033833232227,0.12793804653914892,0.0745301698451158
C:\Users\damba\.cache\kagglehub\datasets\salmaneunus\mechanical-tools-dataset\versions\20\Mechanical Tools Image dataset\Mechanical Tools Image dataset\pliers\000181.jpg,pliers,exito,0.3183098861837907,0.23538058489267705,0.03401449820360789,0.08117628198890743,0.13725065876899772,0.16383076881977146,0.004149102036805028,0.06762716244707112,0.04035658412188982,0.09822583270135604,0.030741487469512795,0.06191342016835586,0.15168856505502387,0.11754478496216776,0.13556207422960018,0.03409430877610028,0.14534214557175315,0.08047921227372075,0.044857060855303,0.11358812105065828,0.10897447390396563,0.12339574285378622,0.09966237099491045,0.1749667411222199,0.11128720436044212
C:\Users\damba\.cache\kagglehub\datasets\salmaneunus\mechanical-tools-dataset\versions\20\Mechanical Tools Image dataset\Mechanical Tools Image dataset\pliers\000182.jpg,pliers,exito,0.0,0.0,0.0,0.0,0.0,0.0,0.0,0.0,0.0,0.0,0.0,0.0,0.0,0.0,0.0,0.0,0.0,0.0,0.0,0.0,0.0,0.0,0.0,0.0,0.0
C:\Users\damba\.cache\kagglehub\datasets\salmaneunus\mechanical-tools-dataset\versions\20\Mechanical Tools Image dataset\Mechanical Tools Image dataset\pliers\000183.jpg,pliers,exito,0.0,0.0,0.0,0.0,0.0,0.0,0.0,0.0,0.0,0.0,0.0,0.0,0.0,0.0,0.0,0.0,0.0,0.0,0.0,0.0,0.0,0.0,0.0,0.0,0.0
C:\Users\damba\.cache\kagglehub\datasets\salmaneunus\mechanical-tools-dataset\versions\20\Mechanical Tools Image dataset\Mechanical Tools Image dataset\pliers\000184.jpg,pliers,exito,0.31830988618379064,0.12063900568768621,0.2674107448237291,0.2751882233393402,0.22199137433726684,0.22591430462103806,0.12505571667654922,0.2264388595348036,0.18038316354505718,0.2693811696320111,0.32848093999736117,0.2874205158998696,0.2619739069279125,0.08531523826296702,0.16398986458985196,0.05622268404991638,0.36865000465606823,0.18958935147869924,0.4484845042362447,0.28866557416493327,0.31785174499543756,0.2064767996396707,0.2321419986802051,0.03887914999775114,0.06517433974160612
C:\Users\damba\.cache\kagglehub\datasets\salmaneunus\mechanical-tools-dataset\versions\20\Mechanical Tools Image dataset\Mechanical Tools Image dataset\pliers\000185.jpg,pliers,exito,0.31830988618379064,0.0058364254309261725,0.05085431885555603,0.03116236452790006,0.004583775004563484,0.0016563895685792688,0.06234395717941813,0.047482712878309595,0.04655493503914605,0.04015217146079611,0.029282323048897278,0.08690711210998468,0.02520169226619679,0.05478130722321503,0.1563197147104565,0.154846379271994,0.08876386312523846,0.12183669396425688,0.05363717395093196,0.16336678597446652,0.04418235396758762,0.05820600743027976,0.2749358993068115,0.2124025324492493,0.0976152264587331
C:\Users\damba\.cache\kagglehub\datasets\salmaneunus\mechanical-tools-dataset\versions\20\Mechanical Tools Image dataset\Mechanical Tools Image dataset\pliers\000186.jpg,pliers,exito,0.0,0.0,0.0,0.0,0.0,0.0,0.0,0.0,0.0,0.0,0.0,0.0,0.0,0.0,0.0,0.0,0.0,0.0,0.0,0.0,0.0,0.0,0.0,0.0,0.0
C:\Users\damba\.cache\kagglehub\datasets\salmaneunus\mechanical-tools-dataset\versions\20\Mechanical Tools Image dataset\Mechanical Tools Image dataset\pliers\000187.jpg,pliers,exito,0.3183098861837906,0.04884172122190084,0.0022921149734033827,0.0024258716794715784,0.10642030226089277,0.009020730686666178,0.02281270357141679,0.011066842627519924,0.012231763431691032,0.15933128566298596,0.03951960325753754,0.15997892854112997,0.0858031190649842,0.03372024328159852,0.06391311759606469,0.17413323616902399,0.1506797901036365,0.04718695179899474,0.18906981098181697,0.06247027224565239,0.15025510729427058,0.07784731599903488,0.13393696595312937,0.20487411129419086,0.0876798041223915
C:\Users\damba\.cache\kagglehub\datasets\salmaneunus\mechanical-tools-dataset\versions\20\Mechanical Tools Image dataset\Mechanical Tools Image dataset\pliers\000188.jpg,pliers,exito,0.31830988618379047,0.02206631774169298,0.030453363025762775,0.0022337251110332275,0.04566064586060431,0.06663920701355674,0.004472281659185953,0.011033704057958484,0.07887223541816396,0.06811051157572522,0.11086629737472528,0.10996326239861123,0.1197063944696194,0.0351151826995984,0.021052903084077618,0.020352329829722304,0.08153170269133948,0.14305030441725722,0.14067585217864575,0.1328588950253833,0.2504092931007908,0.07502083163305046,0.2136669666055148,0.061383856981150765,0.400597550435251
C:\Users\damba\.cache\kagglehub\datasets\salmaneunus\mechanical-tools-dataset\versions\20\Mechanical Tools Image dataset\Mechanical Tools Image dataset\pliers\000189.jpg,pliers,exito,0.3183098861837906,0.04187570136979667,0.0052700590813377045,0.002673051766983272,0.09279899616436654,0.008892910009110872,0.007048854186384934,0.008567642729291888,0.011780399060574041,0.13765606767085853,0.0378791999621815,0.15929040017734353,0.0410795449122486,0.011187204793880277,0.04877418644221064,0.16257201594509207,0.1120245809710487,0.03862251267656658,0.1689701228159874,0.07224210412750107,0.06535858861949445,0.021835154331211918,0.09285066258686522,0.17359258031801625,0.08054741136891545
C:\Users\damba\.cache\kagglehub\datasets\salmaneunus\mechanical-tools-dataset\versions\20\Mechanical Tools Image dataset\Mechanical Tools Image dataset\pliers\000190.jpg,pliers,exito,0.31830988618379064,0.2772977671301058,0.057663688848773945,0.02885794290154407,0.17221652723863531,0.1374979656833059,0.018887162277885592,0.08061684966351429,0.08598484702110261,0.024520673015843715,0.08038015204511623,0.13419872842809044,0.13073588654521068,0.1577851450868915,0.1054585837334948,0.13790585430279856,0.277755042197092,0.13154268757994,0.017620118285951433,0.16380113415519262,0.2049229828365225,0.15082192444883702,0.08751319746950066,0.1522864894671418,0.15543458045684194
C:\Users\damba\.cache\kagglehub\datasets\salmaneunus\mechanical-tools-dataset\versions\20\Mechanical Tools Image dataset\Mechanical Tools Image dataset\pliers\000191.jpg,pliers,exito,0.0,0.0,0.0,0.0,0.0,0.0,0.0,0.0,0.0,0.0,0.0,0.0,0.0,0.0,0.0,0.0,0.0,0.0,0.0,0.0,0.0,0.0,0.0,0.0,0.0
C:\Users\damba\.cache\kagglehub\datasets\salmaneunus\mechanical-tools-dataset\versions\20\Mechanical Tools Image dataset\Mechanical Tools Image dataset\pliers\000192.jpg,pliers,exito,0.0,0.0,0.0,0.0,0.0,0.0,0.0,0.0,0.0,0.0,0.0,0.0,0.0,0.0,0.0,0.0,0.0,0.0,0.0,0.0,0.0,0.0,0.0,0.0,0.0
C:\Users\damba\.cache\kagglehub\datasets\salmaneunus\mechanical-tools-dataset\versions\20\Mechanical Tools Image dataset\Mechanical Tools Image dataset\pliers\000193.jpg,pliers,exito,0.0,0.0,0.0,0.0,0.0,0.0,0.0,0.0,0.0,0.0,0.0,0.0,0.0,0.0,0.0,0.0,0.0,0.0,0.0,0.0,0.0,0.0,0.0,0.0,0.0
C:\Users\damba\.cache\kagglehub\datasets\salmaneunus\mechanical-tools-dataset\versions\20\Mechanical Tools Image dataset\Mechanical Tools Image dataset\pliers\000194.jpg,pliers,exito,0.31830988618379047,0.0369028520753743,0.04146732409175632,0.04380062924270777,0.07559397397365215,0.059656370518973816,0.05394977172585232,0.040678415674257826,0.03930502123107046,0.10142468197251626,0.09944476744559398,0.06908333399347362,0.03835886432955791,0.0523317434172938,0.07306711220718175,0.06405976128561452,0.07419683799455089,0.10348131867288554,0.05874984263466383,0.08650994689065054,0.0031599745318265965,0.15291885250479714,0.10301399661867407,0.16126426745847097,0.07384884176550682
C:\Users\damba\.cache\kagglehub\datasets\salmaneunus\mechanical-tools-dataset\versions\20\Mechanical Tools Image dataset\Mechanical Tools Image dataset\pliers\000195.jpg,pliers,exito,0.3183098861837905,0.03499976866793864,0.022804639286614903,0.035357889162808055,0.0784491643443972,0.05014258848457436,0.03446627303064124,0.06275898761316216,0.052255885506207356,0.11669808212279303,0.08876841866643663,0.09392638506702577,0.03944336830085004,0.08910601873736444,0.08251120618626295,0.11723218098296607,0.08867754326177248,0.08726179281264736,0.07396882018494363,0.1098004447658632,0.02565959772193136,0.09258917028356296,0.11227435648807285,0.15387047648154953,0.042107647363497286
C:\Users\damba\.cache\kagglehub\datasets\salmaneunus\mechanical-tools-dataset\versions\20\Mechanical Tools Image dataset\Mechanical Tools Image dataset\pliers\000196.jpg,pliers,exito,0.3183098861837907,0.5975252223323315,0.7806163452141718,0.8147352766583713,0.8678892607411425,0.9532504336294578,0.799768519639105,0.8623774757541508,1.0028556087096059,0.6337094138673445,0.7780201627636137,0.9597367724088296,0.31209710419382924,0.4054254288217511,0.6369258984324633,0.8261278037572461,0.050055474802314245,0.16029115498664245,0.4667154413790557,0.609777531267786,0.5039001771058854,0.3907264829812303,0.10306119229903922,0.2989166233000483,0.3238019084000808
C:\Users\damba\.cache\kagglehub\datasets\salmaneunus\mechanical-tools-dataset\versions\20\Mechanical Tools Image dataset\Mechanical Tools Image dataset\pliers\000197.jpg,pliers,exito,0.0,0.0,0.0,0.0,0.0,0.0,0.0,0.0,0.0,0.0,0.0,0.0,0.0,0.0,0.0,0.0,0.0,0.0,0.0,0.0,0.0,0.0,0.0,0.0,0.0
C:\Users\damba\.cache\kagglehub\datasets\salmaneunus\mechanical-tools-dataset\versions\20\Mechanical Tools Image dataset\Mechanical Tools Image dataset\pliers\000198.jpg,pliers,exito,0.3183098861837905,0.013150120201248493,0.08488392253025047,0.075677513980094,0.022709861324300768,0.006242844661742658,0.1409021397827111,0.06412589672769306,0.018280823437202182,0.02427178346775534,0.016338540744309665,0.0022771617957755563,0.17698021335527192,0.04731510903824967,0.012476882091218664,0.011525414247659599,0.015580025611574707,0.014291520059086687,0.0016316624906086048,0.0019125016510868234,0.14948146400244458,0.2143742134986437,0.04180132969318162,0.1127667767237747,0.09778117570901766
C:\Users\damba\.cache\kagglehub\datasets\salmaneunus\mechanical-tools-dataset\versions\20\Mechanical Tools Image dataset\Mechanical Tools Image dataset\pliers\000199.jpg,pliers,exito,0.3183098861837907,0.6336180733527874,0.9369619240155467,0.9459457912834592,1.2314701154471857,1.2553141362861118,1.502555950033429,1.5172473315487491,1.5617440719915117,1.7594725083557097,1.7943973329486462,1.8652564301330634,1.982500155498002,2.002485732074479,2.063022964006766,2.1658719113245573,2.186832597050134,2.23185832290356,2.3232261597701114,2.463611085833517,2.3482447273626526,2.3729640913734444,2.4478497740493217,2.5751079528803076,2.758494394350166
C:\Users\damba\.cache\kagglehub\datasets\salmaneunus\mechanical-tools-dataset\versions\20\Mechanical Tools Image dataset\Mechanical Tools Image dataset\pliers\000200.jpg,pliers,exito,0.0,0.0,0.0,0.0,0.0,0.0,0.0,0.0,0.0,0.0,0.0,0.0,0.0,0.0,0.0,0.0,0.0,0.0,0.0,0.0,0.0,0.0,0.0,0.0,0.0
C:\Users\damba\.cache\kagglehub\datasets\salmaneunus\mechanical-tools-dataset\versions\20\Mechanical Tools Image dataset\Mechanical Tools Image dataset\pliers\000201.jpg,pliers,exito,0.3183098861837906,0.034705986130243546,0.011646888684136322,0.00655995518995335,0.07773909814668158,0.08370313933817308,0.023009238969431176,0.04286560620537992,0.06993429271927833,0.1300714932118626,0.12826398373385953,0.0903528988284456,0.023708732636027442,0.17719368413250222,0.1246544857044688,0.0713602262294143,0.17694505322410245,0.1510994553442709,0.11214471041673672,0.06855627890177925,0.023293706457096684,0.3533021811194024,0.17091074718227547,0.2004756365745844,0.049312548389375564
C:\Users\damba\.cache\kagglehub\datasets\salmaneunus\mechanical-tools-dataset\versions\20\Mechanical Tools Image dataset\Mechanical Tools Image dataset\pliers\000202.jpg,pliers,exito,0.3183098861837906,0.01454128820513808,0.016326556770384817,0.008696206276087868,0.03808831876627518,0.08482009298727498,0.050132249487888865,0.014519209559063757,0.05482693313859665,0.07025534092593129,0.11060721373056384,0.07684706018229452,0.11013163046552277,0.08341032563756606,0.05335477812753745,0.050371706080319614,0.07893625921922783,0.06561636803085522,0.05116242816114474,0.0510650803790388,0.16709037853341355,0.15908721952548735,0.026051533585645294,0.12848648462617293,0.06775707485903353
C:\Users\damba\.cache\kagglehub\datasets\salmaneunus\mechanical-tools-dataset\versions\20\Mechanical Tools Image dataset\Mechanical Tools Image dataset\pliers\000203.jpg,pliers,exito,0.3183098861837906,0.03553763996919514,0.011371598547811057,0.008228536964315945,0.07853613248173924,0.08374833404918551,0.022334244500757786,0.032874299631077096,0.06823420318387088,0.1253630877241386,0.1250351775017569,0.08734157105707173,0.02596141948797831,0.1468844677274508,0.11505461361047944,0.06830471468838908,0.15412731213549372,0.13397975612721255,0.09962548508729961,0.06467186008747461,0.0029606544683833083,0.29512396209761116,0.1487970712238344,0.18466417054906814,0.057306184414218024
C:\Users\damba\.cache\kagglehub\datasets\salmaneunus\mechanical-tools-dataset\versions\20\Mechanical Tools Image dataset\Mechanical Tools Image dataset\pliers\000204.jpg,pliers,exito,0.0,0.0,0.0,0.0,0.0,0.0,0.0,0.0,0.0,0.0,0.0,0.0,0.0,0.0,0.0,0.0,0.0,0.0,0.0,0.0,0.0,0.0,0.0,0.0,0.0
C:\Users\damba\.cache\kagglehub\datasets\salmaneunus\mechanical-tools-dataset\versions\20\Mechanical Tools Image dataset\Mechanical Tools Image dataset\pliers\000205.jpg,pliers,exito,0.3183098861837905,0.015886793691369427,0.01822139995648857,0.0371152337034526,0.03890590133698711,0.047945188674814704,0.008077061834837087,0.06987792340655799,0.04942876832597449,0.06423837775448629,0.07265149666012698,0.09077602962046799,0.03923887994310504,0.10384947720266872,0.08085496766070924,0.10203428582759493,0.04627909376308011,0.04338987301408385,0.04518728326495402,0.10245172467591651,0.11450613498450307,0.1105045857809243,0.12603434264004698,0.12413001238687227,0.07490135656123278
C:\Users\damba\.cache\kagglehub\datasets\salmaneunus\mechanical-tools-dataset\versions\20\Mechanical Tools Image dataset\Mechanical Tools Image dataset\pliers\000206.jpg,pliers,exito,0.31830988618379047,0.018167850045280237,0.03119250879322575,0.0019981426039615367,0.0390724365737435,0.06659194628807222,0.000823733794954336,0.0050035907825887165,0.07966201074792742,0.05758853170022502,0.11123153965864684,0.1113161104133324,0.10952707867175226,0.015793293719699442,0.014981858309486482,0.019274801560085125,0.05455231109983383,0.1410494859764595,0.14241818805584458,0.1317702389380657,0.22808445689153173,0.035394775173674446,0.20064930553104368,0.036230055177790384,0.3969428473278742
C:\Users\damba\.cache\kagglehub\datasets\salmaneunus\mechanical-tools-dataset\versions\20\Mechanical Tools Image dataset\Mechanical Tools Image dataset\pliers\000207.jpg,pliers,exito,0.31830988618379047,0.020139237377753118,0.03083663809849932,0.0016987947382089265,0.04275808462037487,0.06661554217145206,0.0027426213481566773,0.002712272697203321,0.07830184846585421,0.06299250463692337,0.10922653897305111,0.10942851952474626,0.1149291398559758,0.007275883042797944,0.022766340941203656,0.015534168995998389,0.06190125320836186,0.1384540037880895,0.13994162635969465,0.1321522095342272,0.2375606224559548,0.017608697523044416,0.22135285843634298,0.023356235951172193,0.4016153097260176
C:\Users\damba\.cache\kagglehub\datasets\salmaneunus\mechanical-tools-dataset\versions\20\Mechanical Tools Image dataset\Mechanical Tools Image dataset\pliers\000208.jpg,pliers,exito,0.3183098861837905,0.027491115356746584,0.02059348089843181,0.03762465171413777,0.06366267751778444,0.05055998302160357,0.02114853450557585,0.07544903024481119,0.053581189977479134,0.10126770548150821,0.08956783174352198,0.08735509136840258,0.001104928000612772,0.1194131984094368,0.08165600345558269,0.10084848035002358,0.09633785052720405,0.08945392980251929,0.029397200846963803,0.09315763889408639,0.04361069414408073,0.13989117312260543,0.12026828660192262,0.10760549616172309,0.0639024301584488
C:\Users\damba\.cache\kagglehub\datasets\salmaneunus\mechanical-tools-dataset\versions\20\Mechanical Tools Image dataset\Mechanical Tools Image dataset\pliers\000209.jpg,pliers,exito,0.31830988618379075,0.17110519273311373,0.0827303035962314,0.09146061296875403,0.023829790175688776,0.09333574841576603,0.04976150578741654,0.05240769459327993,0.04150193603927129,0.08610349343844766,0.06232281958836688,0.011235498885745416,0.18142332429819988,0.015128033351707327,0.12482985536665847,0.05056329954961005,0.02013608915587301,0.03567858445690495,0.005429446299268577,0.04529466198683604,0.2703155264513383,0.09828653606947527,0.06932394712460752,0.11842134499796683,0.13127467113086333
C:\Users\damba\.cache\kagglehub\datasets\salmaneunus\mechanical-tools-dataset\versions\20\Mechanical Tools Image dataset\Mechanical Tools Image dataset\pliers\000210.jpg,pliers,exito,0.3183098861837906,0.16379239933616624,0.003355501017443733,0.0574070353807098,0.0943260415546684,0.11005624170785701,0.1196271718250828,0.11224636904207,0.09983215439026218,0.1494210893681747,0.12120215168960832,0.12007900541100493,0.09372976481502826,0.03704344204962482,0.11972291027872015,0.0628522708115353,0.09366365278527844,0.20892290173898323,0.05413144710548369,0.10044336821445704,0.11076042459024427,0.04451174257427232,0.1478100769543677,0.18382163302665513,0.05690164275558796
C:\Users\damba\.cache\kagglehub\datasets\salmaneunus\mechanical-tools-dataset\versions\20\Mechanical Tools Image dataset\Mechanical Tools Image dataset\pliers\000211.jpg,pliers,exito,0.3183098861837905,0.037327888487079616,0.023598146460300753,0.03576764855844494,0.08359887522525121,0.05107877805960273,0.03854572322042622,0.06569918026576148,0.05395596198818919,0.12549636894228353,0.09451416003862158,0.09214828476303895,0.050593786425950214,0.09511838407129505,0.08565316736309034,0.11465790035460803,0.10328347436133242,0.103038591326279,0.0646696600391519,0.10419049888764423,0.04596958289111261,0.10002896094322565,0.11954221756117696,0.1405589888417439,0.04191623148132837
C:\Users\damba\.cache\kagglehub\datasets\salmaneunus\mechanical-tools-dataset\versions\20\Mechanical Tools Image dataset\Mechanical Tools Image dataset\pliers\000212.jpg,pliers,exito,0.3183098861837905,0.04051533679656667,0.024767390336810986,0.0330457929820363,0.0895951928706286,0.04759743553982529,0.046202448719792885,0.05463138626432922,0.04694418177879684,0.1405507642541153,0.07672979754518788,0.10280328075540004,0.07901471080083924,0.1083060074996203,0.08239814487813535,0.136532031042284,0.1697316665139063,0.0657113684905707,0.13276865653401612,0.1402370489584432,0.12186986724708716,0.18902499622300134,0.11890393099780425,0.24050535878543777,0.04143791820667604
C:\Users\damba\.cache\kagglehub\datasets\salmaneunus\mechanical-tools-dataset\versions\20\Mechanical Tools Image dataset\Mechanical Tools Image dataset\pliers\000213.jpg,pliers,exito,0.0,0.0,0.0,0.0,0.0,0.0,0.0,0.0,0.0,0.0,0.0,0.0,0.0,0.0,0.0,0.0,0.0,0.0,0.0,0.0,0.0,0.0,0.0,0.0,0.0
C:\Users\damba\.cache\kagglehub\datasets\salmaneunus\mechanical-tools-dataset\versions\20\Mechanical Tools Image dataset\Mechanical Tools Image dataset\pliers\000214.jpg,pliers,exito,0.31830988618379064,0.008262173587208014,0.04936498520591767,0.056777930700516226,0.013148584348332258,0.06942147272049347,0.05541372187628699,0.10072744030464738,0.03032518507302829,0.03482501451694476,0.09554010991526624,0.02520461746788074,0.007155766912826407,0.1433496556103356,0.12055045415310942,0.024021849859932227,0.060630900089901615,0.07557360620325772,0.04355083856012341,0.012261190483637325,0.08293303793911189,0.1613958099324657,0.213601698133326,0.012109490177860645,0.14679573851135858
C:\Users\damba\.cache\kagglehub\datasets\salmaneunus\mechanical-tools-dataset\versions\20\Mechanical Tools Image dataset\Mechanical Tools Image dataset\pliers\000215.jpg,pliers,exito,0.3183098861837906,0.028951005126439503,0.004761754252025885,0.0857458704881613,0.06300334852264167,0.083989743059431,0.05953983957237694,0.12331329734752523,0.11557006013575431,0.09045451460842799,0.15531360957869278,0.09903878550797193,0.18937437599249812,0.1251745473251183,0.07942753972403618,0.03153659172492603,0.06819103035358266,0.21281322855915963,0.13376321246986048,0.06829268584132564,0.35228752329996355,0.09450879547964948,0.007919751058699988,0.14092799800578076,0.08659017502003526
C:\Users\damba\.cache\kagglehub\datasets\salmaneunus\mechanical-tools-dataset\versions\20\Mechanical Tools Image dataset\Mechanical Tools Image dataset\pliers\000216.jpg,pliers,exito,0.3183098861837905,0.03247904284650458,0.08072777186764481,0.07794750660144098,0.06321549668680496,0.015573396722705989,0.12019939772035017,0.07676744552379189,0.016477153197899233,0.0736977170375406,0.038650988605389014,0.005440583119952107,0.12533277479828267,0.013309493599762324,0.020386371455836143,0.010623486404898136,0.016168420830616887,0.041583790322919936,0.0033245475434862466,0.004599950604124968,0.07907505967743048,0.16230719663786133,0.060501726637235555,0.1125376804518847,0.09680381163625623
C:\Users\damba\.cache\kagglehub\datasets\salmaneunus\mechanical-tools-dataset\versions\20\Mechanical Tools Image dataset\Mechanical Tools Image dataset\pliers\000217.jpg,pliers,exito,0.3183098861837907,0.47871778154677985,0.31069265740886726,0.4740097272276268,0.085027226574402,0.332392888062298,0.08485575464314665,0.10349660195880306,0.15866313950812164,0.14040244496870605,0.2441217126774302,0.30698713318864046,0.21156935623936182,0.4104399599984092,0.36284687495169443,0.569481303613475,0.4720751940833547,0.6959563242078584,0.44105714594117135,0.7676294738840806,0.32887696851063164,0.6059024119948413,0.8195421398804231,0.429462091672821,0.8489382668138544
C:\Users\damba\.cache\kagglehub\datasets\salmaneunus\mechanical-tools-dataset\versions\20\Mechanical Tools Image dataset\Mechanical Tools Image dataset\pliers\000218.jpg,pliers,exito,0.3183098861837906,0.02449785982056373,0.01070546627173085,0.005353023917098997,0.05939478989581636,0.008442481538758897,0.022757177048545615,0.0219765462427419,0.010596233700623783,0.09156616899975734,0.03279170283988506,0.15746361198038908,0.04416945648867712,0.04327344388627769,0.010098873570447949,0.13234912122766332,0.05738932753240948,0.019371365822385033,0.12795367993867707,0.10424129170509645,0.08436751555803298,0.038043505119646694,0.0007361579722843225,0.12008938200757695,0.05873124083569511
C:\Users\damba\.cache\kagglehub\datasets\salmaneunus\mechanical-tools-dataset\versions\20\Mechanical Tools Image dataset\Mechanical Tools Image dataset\pliers\000219.jpg,pliers,exito,0.3183098861837907,0.5258146946718073,0.6530037722718415,0.5150484273135149,0.5789304689977329,0.3062821771757522,0.3954176473211933,0.46023615933202894,0.055412741486136737,0.28758502861568747,0.4839700325016445,0.18500028347082625,0.14505376540360074,0.4925142136717836,0.5269332065401428,0.17471500541645368,0.3731257408649319,0.5985355947663602,0.48388019572017776,0.06561175918781326,0.4235931657155542,0.35057566738914814,0.5789970999245839,0.42071454147800025,0.41913523323485397
C:\Users\damba\.cache\kagglehub\datasets\salmaneunus\mechanical-tools-dataset\versions\20\Mechanical Tools Image dataset\Mechanical Tools Image dataset\pliers\000220.jpg,pliers,exito,0.3183098861837907,0.22675859410971508,0.14977633706919438,0.049741242560477246,0.1031906020285994,0.02330118974281236,0.028475223313616616,0.12846562074157142,0.019050717695977867,0.06990681078368939,0.10720746946383872,0.007910943976279054,0.19857551276767202,0.06224623001753323,0.0657719838974192,0.016144842002849255,0.11701484282797006,0.04279373889340632,0.0524720397641216,0.015717295936006948,0.05964774193846243,0.23214567671933342,0.09416921131363147,0.11568328020438723,0.08598747427397638
C:\Users\damba\.cache\kagglehub\datasets\salmaneunus\mechanical-tools-dataset\versions\20\Mechanical Tools Image dataset\Mechanical Tools Image dataset\pliers\000221.jpg,pliers,exito,0.0,0.0,0.0,0.0,0.0,0.0,0.0,0.0,0.0,0.0,0.0,0.0,0.0,0.0,0.0,0.0,0.0,0.0,0.0,0.0,0.0,0.0,0.0,0.0,0.0
C:\Users\damba\.cache\kagglehub\datasets\salmaneunus\mechanical-tools-dataset\versions\20\Mechanical Tools Image dataset\Mechanical Tools Image dataset\pliers\000222.jpg,pliers,exito,0.3183098861837905,0.015576886765915862,0.018175450335236286,0.03634153558962803,0.017475747018933757,0.04371181171588854,0.003454516576098519,0.06175263821395366,0.04380381099806916,0.01907258486576268,0.04504907263471194,0.09445167266858705,0.06334739363084373,0.08390705410703624,0.11008282937741058,0.09278469448506124,0.04688264484432603,0.025453907829319018,0.06457905437150369,0.1083000944547621,0.16380822563603256,0.0916936436407022,0.19961006488370514,0.12435253984878719,0.11617906435273621
C:\Users\damba\.cache\kagglehub\datasets\salmaneunus\mechanical-tools-dataset\versions\20\Mechanical Tools Image dataset\Mechanical Tools Image dataset\pliers\000223.jpg,pliers,exito,0.0,0.0,0.0,0.0,0.0,0.0,0.0,0.0,0.0,0.0,0.0,0.0,0.0,0.0,0.0,0.0,0.0,0.0,0.0,0.0,0.0,0.0,0.0,0.0,0.0
C:\Users\damba\.cache\kagglehub\datasets\salmaneunus\mechanical-tools-dataset\versions\20\Mechanical Tools Image dataset\Mechanical Tools Image dataset\pliers\000224.jpg,pliers,exito,0.0,0.0,0.0,0.0,0.0,0.0,0.0,0.0,0.0,0.0,0.0,0.0,0.0,0.0,0.0,0.0,0.0,0.0,0.0,0.0,0.0,0.0,0.0,0.0,0.0
C:\Users\damba\.cache\kagglehub\datasets\salmaneunus\mechanical-tools-dataset\versions\20\Mechanical Tools Image dataset\Mechanical Tools Image dataset\pliers\000225.jpg,pliers,exito,0.3183098861837905,0.009188705618292405,0.01742991698591793,0.03705997686830026,0.016051081939304983,0.046201782631585836,0.001852662940311939,0.06805870751122937,0.047180765173897965,0.032159354091108594,0.06073549468458418,0.09135734738862632,0.06180654313342353,0.09898932559957993,0.0931268011124009,0.09549855097245502,0.030627291884121225,0.017331046219761594,0.0452045628262166,0.10293107480745355,0.15746818196709095,0.10563799738721104,0.15962001247634647,0.11696957751439852,0.09407086395618454
C:\Users\damba\.cache\kagglehub\datasets\salmaneunus\mechanical-tools-dataset\versions\20\Mechanical Tools Image dataset\Mechanical Tools Image dataset\pliers\000226.jpg,pliers,exito,0.3183098861837906,0.029218561176824396,0.0051797557805834515,0.06415609978039995,0.06528003583911116,0.054984144527795514,0.008421054224208045,0.0892650029661444,0.019678237429066932,0.10073208478098439,0.09765452099890407,0.04296335754996455,0.0520978505764195,0.11426001870070701,0.018526102028358853,0.09307934950704613,0.1268717338977568,0.11430697621552822,0.06338006256992008,0.15671527710950722,0.12033414438365651,0.1792222343846183,0.04703551693590058,0.21233444096155352,0.13720879780964298
C:\Users\damba\.cache\kagglehub\datasets\salmaneunus\mechanical-tools-dataset\versions\20\Mechanical Tools Image dataset\Mechanical Tools Image dataset\pliers\000227.jpg,pliers,exito,0.31830988618379047,0.03869112306168467,0.03384406629845006,0.03403607839404679,0.08591492177397847,0.049037140498185444,0.014547766339846021,0.049621474471725754,0.05566920944161343,0.12953710506407357,0.08550237141030695,0.11867201614919312,0.06530767228295259,0.05262520252241868,0.08847753092597702,0.11523263735018488,0.11627448536048764,0.10991453514077805,0.15672248906814476,0.132643055019683,0.16044247109937024,0.06486864565191147,0.1703856508071214,0.1424162975860873,0.18736612918368353
C:\Users\damba\.cache\kagglehub\datasets\salmaneunus\mechanical-tools-dataset\versions\20\Mechanical Tools Image dataset\Mechanical Tools Image dataset\pliers\000228.jpg,pliers,exito,0.0,0.0,0.0,0.0,0.0,0.0,0.0,0.0,0.0,0.0,0.0,0.0,0.0,0.0,0.0,0.0,0.0,0.0,0.0,0.0,0.0,0.0,0.0,0.0,0.0
C:\Users\damba\.cache\kagglehub\datasets\salmaneunus\mechanical-tools-dataset\versions\20\Mechanical Tools Image dataset\Mechanical Tools Image dataset\pliers\000229.jpg,pliers,exito,0.0,0.0,0.0,0.0,0.0,0.0,0.0,0.0,0.0,0.0,0.0,0.0,0.0,0.0,0.0,0.0,0.0,0.0,0.0,0.0,0.0,0.0,0.0,0.0,0.0
C:\Users\damba\.cache\kagglehub\datasets\salmaneunus\mechanical-tools-dataset\versions\20\Mechanical Tools Image dataset\Mechanical Tools Image dataset\pliers\000230.jpg,pliers,exito,0.3183098861837907,0.29363520835007867,0.11121009507488079,0.004973562226816394,0.009179968503646746,0.173918829758327,0.15589612562668057,0.011399305610618533,0.0959316266235328,0.19423591489546532,0.0626238098623229,0.02535338965921702,0.13779123106448407,0.024940529916591972,0.22227585268273622,0.0010314270605951963,0.037727547573854936,0.2517723932151286,0.22288948300079542,0.11901298209739981,0.036833938558312095,0.04366910569759981,0.3384927748756197,0.008495128751416033,0.2021255249169902
C:\Users\damba\.cache\kagglehub\datasets\salmaneunus\mechanical-tools-dataset\versions\20\Mechanical Tools Image dataset\Mechanical Tools Image dataset\pliers\000231.jpg,pliers,exito,0.3183098861837905,0.018547535222245132,0.018653153035822923,0.03625839554118891,0.04635176609111572,0.04692216917970066,0.01191023114374715,0.06461934834101797,0.04728361842241204,0.07632527901786657,0.06812747606849522,0.09526001900960719,0.02407837718348484,0.0964571102736129,0.07499572708985391,0.11345804620009081,0.06829651456169872,0.03652605422349118,0.07520978670683019,0.11575928350218442,0.08172704697129979,0.11176645193255415,0.11280574970717837,0.1623083790353017,0.06737010402738033
C:\Users\damba\.cache\kagglehub\datasets\salmaneunus\mechanical-tools-dataset\versions\20\Mechanical Tools Image dataset\Mechanical Tools Image dataset\pliers\000232.jpg,pliers,exito,0.0,0.0,0.0,0.0,0.0,0.0,0.0,0.0,0.0,0.0,0.0,0.0,0.0,0.0,0.0,0.0,0.0,0.0,0.0,0.0,0.0,0.0,0.0,0.0,0.0
C:\Users\damba\.cache\kagglehub\datasets\salmaneunus\mechanical-tools-dataset\versions\20\Mechanical Tools Image dataset\Mechanical Tools Image dataset\pliers\000233.jpg,pliers,exito,0.3183098861837906,0.044837124823190334,0.0040599487061464875,0.0027877264367635966,0.0985270365068312,0.008964586282861,0.01342696639562545,0.01110032964045465,0.011953546174032551,0.146816866112528,0.038727867462653394,0.15953810018674636,0.05919051485069272,0.02821267299345021,0.05491165156117488,0.16716686353602628,0.1295183179178242,0.04258680055780055,0.17695218457146356,0.06969784173792967,0.10021746962694529,0.058678690406594625,0.10964554836537523,0.1882696982616007,0.08396070454207943
C:\Users\damba\.cache\kagglehub\datasets\salmaneunus\mechanical-tools-dataset\versions\20\Mechanical Tools Image dataset\Mechanical Tools Image dataset\pliers\000234.jpg,pliers,exito,0.0,0.0,0.0,0.0,0.0,0.0,0.0,0.0,0.0,0.0,0.0,0.0,0.0,0.0,0.0,0.0,0.0,0.0,0.0,0.0,0.0,0.0,0.0,0.0,0.0
C:\Users\damba\.cache\kagglehub\datasets\salmaneunus\mechanical-tools-dataset\versions\20\Mechanical Tools Image dataset\Mechanical Tools Image dataset\pliers\000235.jpg,pliers,exito,0.3183098861837905,0.05018514395436005,0.04871722848386529,0.04030119042236278,0.03194441888770834,0.11600207309948717,0.030755458178281694,0.015676439890170903,0.013979090709091408,0.046654998723467074,0.10820529622147643,0.06209952401283555,0.07225352344681141,0.057280369561875835,0.014451684717452975,0.05172070210067022,0.0720729767390413,0.06871490543771003,0.054883554089564586,0.05163276973606023,0.22218252232731556,0.025861693620705607,0.08303893464502707,0.03911910883300672,0.08695204882497204
C:\Users\damba\.cache\kagglehub\datasets\salmaneunus\mechanical-tools-dataset\versions\20\Mechanical Tools Image dataset\Mechanical Tools Image dataset\pliers\000236.jpg,pliers,exito,0.3183098861837906,0.02401398035940876,0.014605487746661682,0.00762700135020975,0.05758402278513025,0.08417859887407446,0.03931159463625992,0.02909898831839317,0.06298769840545908,0.09989715823198651,0.11892154708035534,0.0839408941209005,0.07342348145698335,0.1319617923720965,0.09076289426531914,0.06132459121595795,0.12417948668129015,0.10437970906613887,0.08085172641834044,0.060002101461177036,0.08440729845641291,0.2549738130085183,0.09446328273185167,0.1644786971206808,0.05759342964663998
C:\Users\damba\.cache\kagglehub\datasets\salmaneunus\mechanical-tools-dataset\versions\20\Mechanical Tools Image dataset\Mechanical Tools Image dataset\pliers\000237.jpg,pliers,exito,0.0,0.0,0.0,0.0,0.0,0.0,0.0,0.0,0.0,0.0,0.0,0.0,0.0,0.0,0.0,0.0,0.0,0.0,0.0,0.0,0.0,0.0,0.0,0.0,0.0
C:\Users\damba\.cache\kagglehub\datasets\salmaneunus\mechanical-tools-dataset\versions\20\Mechanical Tools Image dataset\Mechanical Tools Image dataset\pliers\000238.jpg,pliers,exito,0.0,0.0,0.0,0.0,0.0,0.0,0.0,0.0,0.0,0.0,0.0,0.0,0.0,0.0,0.0,0.0,0.0,0.0,0.0,0.0,0.0,0.0,0.0,0.0,0.0
C:\Users\damba\.cache\kagglehub\datasets\salmaneunus\mechanical-tools-dataset\versions\20\Mechanical Tools Image dataset\Mechanical Tools Image dataset\pliers\000239.jpg,pliers,exito,0.31830988618379047,0.007725732531094433,0.03246666258420937,0.0025669318086319944,0.019893250657049433,0.06643095928110455,0.006271132874602745,0.003115051536861941,0.085408242704299,0.02908609793550166,0.1194339969041247,0.11989151033581591,0.08938047280363776,0.018185855985395866,0.02165018133726038,0.0328149357738741,0.01950863748821647,0.1533888590947192,0.15781824494831864,0.12823002263204822,0.19498776788579397,0.05296268739565724,0.10835804318552905,0.051492903254131764,0.3766426574195969
C:\Users\damba\.cache\kagglehub\datasets\salmaneunus\mechanical-tools-dataset\versions\20\Mechanical Tools Image dataset\Mechanical Tools Image dataset\pliers\000240.jpg,pliers,exito,0.31830988618379064,0.44939004709724095,0.37989475030687975,0.31374965985394165,0.14409065677538543,0.03410991365128251,0.004859536362446025,0.0724917937854931,0.15103165732070958,0.01252917201987812,0.08815188618865531,0.060144849468663455,0.1640938267276144,0.19224919487929365,0.12330457054197189,0.29251797738853796,0.37934419148130083,0.49024590548472463,0.4103482383141201,0.7011496480198678,0.33386053462494747,0.5849886536138668,0.6616104414966592,0.566549485751262,0.9098849148487302
C:\Users\damba\.cache\kagglehub\datasets\salmaneunus\mechanical-tools-dataset\versions\20\Mechanical Tools Image dataset\Mechanical Tools Image dataset\pliers\000241.jpg,pliers,exito,0.0,0.0,0.0,0.0,0.0,0.0,0.0,0.0,0.0,0.0,0.0,0.0,0.0,0.0,0.0,0.0,0.0,0.0,0.0,0.0,0.0,0.0,0.0,0.0,0.0
C:\Users\damba\.cache\kagglehub\datasets\salmaneunus\mechanical-tools-dataset\versions\20\Mechanical Tools Image dataset\Mechanical Tools Image dataset\pliers\000242.jpg,pliers,exito,0.3183098861837905,0.015503543904954984,0.018164708313997534,0.03634881307380176,0.04209794713646295,0.04539123457512013,0.009549695631767878,0.06399256632225725,0.044877634119916306,0.07703653378391705,0.059556160273002055,0.09742670014982677,0.0290437616688692,0.09959590689486078,0.07549237676607971,0.11628829806006279,0.09354787875440002,0.03449062745170314,0.08862866347238388,0.12299189461667731,0.0826951056821561,0.1277523793152861,0.12503419835324608,0.18104998553623355,0.07620998342442428
C:\Users\damba\.cache\kagglehub\datasets\salmaneunus\mechanical-tools-dataset\versions\20\Mechanical Tools Image dataset\Mechanical Tools Image dataset\pliers\000243.jpg,pliers,exito,0.3183098861837905,0.011379934355940147,0.017642307161162968,0.036665417142380724,0.00840841693979397,0.044663446947671194,0.001598604154694412,0.06441951433646662,0.045086583153070244,0.013908802685746487,0.05095445798096287,0.09316723234488367,0.06606216152448427,0.09024083203057183,0.10313314684327772,0.09363916232433497,0.03586943895864575,0.014876535848016228,0.05597974103109791,0.10619581176471975,0.16717834610930654,0.09727575517999923,0.18362720183161116,0.12089300010563153,0.10744077034691667
C:\Users\damba\.cache\kagglehub\datasets\salmaneunus\mechanical-tools-dataset\versions\20\Mechanical Tools Image dataset\Mechanical Tools Image dataset\pliers\000244.jpg,pliers,exito,0.0,0.0,0.0,0.0,0.0,0.0,0.0,0.0,0.0,0.0,0.0,0.0,0.0,0.0,0.0,0.0,0.0,0.0,0.0,0.0,0.0,0.0,0.0,0.0,0.0
C:\Users\damba\.cache\kagglehub\datasets\salmaneunus\mechanical-tools-dataset\versions\20\Mechanical Tools Image dataset\Mechanical Tools Image dataset\pliers\000245.jpg,pliers,exito,0.3183098861837907,0.36599178428947116,0.04434058608652972,0.18147330508574155,0.23664170612801136,0.021520599578790933,0.41921082711850677,0.19924893348242795,0.07758969995105715,0.24901589684488287,0.042572207934012826,0.015523241394725253,0.20368716220138833,0.01892591075658708,0.15492626053655084,0.03288369615699539,0.1592595091833647,0.0634837661456568,0.005719018256846212,0.021807029649739462,0.20581822919153864,0.19338827474761935,0.07917806662953657,0.1900567028652862,0.13837756638424512
C:\Users\damba\.cache\kagglehub\datasets\salmaneunus\mechanical-tools-dataset\versions\20\Mechanical Tools Image dataset\Mechanical Tools Image dataset\pliers\000246.jpg,pliers,exito,0.3183098861837906,0.02058419297502119,0.011536901971719691,0.005775702462668491,0.051967173082947016,0.008304956099490814,0.02757174624742568,0.024164335540971298,0.010336871247801565,0.08221982765666237,0.031342750416721875,0.15707416401842972,0.058401529431762786,0.048776645589869085,0.002120063345556123,0.12554230414618484,0.04987112262235355,0.014906007371135541,0.12079027940302114,0.11066037938123645,0.1085551726336493,0.04728432636042983,0.019491924737878936,0.11057998775259169,0.052782083200673416
C:\Users\damba\.cache\kagglehub\datasets\salmaneunus\mechanical-tools-dataset\versions\20\Mechanical Tools Image dataset\Mechanical Tools Image dataset\pliers\000247.jpg,pliers,exito,0.3183098861837907,4.9388447735469545e-18,0.10610329539459702,1.3660169687215429e-17,8.834874115176436e-18,1.0374513396485638e-17,0.1473656880480518,0.0,0.09333160243043236,0.0,2.8161161242124886e-17,3.3130777931911632e-18,0.11767423090059402,0.0,0.21777373900434305,1.5461029701558764e-17,0.0,0.0,0.0,0.0,0.008896521167336226,0.0,0.32005644248658266,4.969616689786745e-18,0.19897096880710055
C:\Users\damba\.cache\kagglehub\datasets\salmaneunus\mechanical-tools-dataset\versions\20\Mechanical Tools Image dataset\Mechanical Tools Image dataset\pliers\000248.jpg,pliers,exito,0.0,0.0,0.0,0.0,0.0,0.0,0.0,0.0,0.0,0.0,0.0,0.0,0.0,0.0,0.0,0.0,0.0,0.0,0.0,0.0,0.0,0.0,0.0,0.0,0.0
C:\Users\damba\.cache\kagglehub\datasets\salmaneunus\mechanical-tools-dataset\versions\20\Mechanical Tools Image dataset\Mechanical Tools Image dataset\pliers\000249.jpg,pliers,exito,0.0,0.0,0.0,0.0,0.0,0.0,0.0,0.0,0.0,0.0,0.0,0.0,0.0,0.0,0.0,0.0,0.0,0.0,0.0,0.0,0.0,0.0,0.0,0.0,0.0
C:\Users\damba\.cache\kagglehub\datasets\salmaneunus\mechanical-tools-dataset\versions\20\Mechanical Tools Image dataset\Mechanical Tools Image dataset\pliers\000250.jpg,pliers,exito,0.3183098861837905,0.03328902615103768,0.08047673801586255,0.07804691709867033,0.06470223981191493,0.015968663702038338,0.11900712126691503,0.07738986572838806,0.016401599171081457,0.07559280249699032,0.03976732503937771,0.005568176843623326,0.12249374087127896,0.012000611542389544,0.02077111807146616,0.010585661110584822,0.01797895871317133,0.04308673714102751,0.003431409088195759,0.004709236542425212,0.07524912118526952,0.15926247267190394,0.06140312587500412,0.11249706133995033,0.09676176901566105
C:\Users\damba\.cache\kagglehub\datasets\salmaneunus\mechanical-tools-dataset\versions\20\Mechanical Tools Image dataset\Mechanical Tools Image dataset\pliers\000251.jpg,pliers,exito,0.0,0.0,0.0,0.0,0.0,0.0,0.0,0.0,0.0,0.0,0.0,0.0,0.0,0.0,0.0,0.0,0.0,0.0,0.0,0.0,0.0,0.0,0.0,0.0,0.0
C:\Users\damba\.cache\kagglehub\datasets\salmaneunus\mechanical-tools-dataset\versions\20\Mechanical Tools Image dataset\Mechanical Tools Image dataset\pliers\000252.jpg,pliers,exito,0.3183098861837906,0.03569776062465536,0.011317847818426933,0.005659371335442414,0.07985158375693154,0.08365932987077182,0.020974600680884574,0.048186386349168255,0.07130664047302337,0.1356469421004289,0.13081434219440594,0.09218531910693364,0.016035876943682973,0.1938548379451145,0.13207811063524452,0.0736370497573391,0.192624630567001,0.16420886582903257,0.12063575647178787,0.07100334387372761,0.04624695644286798,0.3875084262992755,0.1890281034452078,0.21085224693513344,0.04493516394278579
C:\Users\damba\.cache\kagglehub\datasets\salmaneunus\mechanical-tools-dataset\versions\20\Mechanical Tools Image dataset\Mechanical Tools Image dataset\pliers\000253.jpg,pliers,exito,0.3183098861837906,0.019361366800320436,0.0028491847167311534,0.03200228279025093,0.043438825788646676,0.07147994730243366,0.049980388064916524,0.04759881858010712,0.09339389999081574,0.061816120082318675,0.13455664487494814,0.17035931521623052,0.16274747455782662,0.06379611890030544,0.08509724067376381,0.05716057014410659,0.043439186055592174,0.18250492616177028,0.22652900667194423,0.040240849513864,0.29639052329638743,0.11152715033616864,0.10484195337517989,0.12652867159201706,0.2790885983461065
C:\Users\damba\.cache\kagglehub\datasets\salmaneunus\mechanical-tools-dataset\versions\20\Mechanical Tools Image dataset\Mechanical Tools Image dataset\pliers\000254.jpg,pliers,exito,0.3183098861837907,0.3214648067974217,0.03322438281585907,0.152309920204248,0.13907592233646643,0.051319086110080195,0.019621745151922092,0.0665425226355328,0.054442122943513874,0.05089941650849214,0.1645501036289001,0.02389339103126622,0.15793576828636874,0.05994745993114643,0.13107392887136285,0.03078724268439521,0.22170331745743876,0.09936795671104112,0.11817470662800651,0.042872460409172204,0.1858594194699633,0.12978845618417545,0.1454754868737039,0.1580188399672938,0.11862332026580451
C:\Users\damba\.cache\kagglehub\datasets\salmaneunus\mechanical-tools-dataset\versions\20\Mechanical Tools Image dataset\Mechanical Tools Image dataset\pliers\000255.jpg,pliers,exito,0.0,0.0,0.0,0.0,0.0,0.0,0.0,0.0,0.0,0.0,0.0,0.0,0.0,0.0,0.0,0.0,0.0,0.0,0.0,0.0,0.0,0.0,0.0,0.0,0.0
C:\Users\damba\.cache\kagglehub\datasets\salmaneunus\mechanical-tools-dataset\versions\20\Mechanical Tools Image dataset\Mechanical Tools Image dataset\pliers\000256.jpg,pliers,exito,0.3183098861837907,0.5776667384697795,0.7590602360660569,0.7156623127874782,0.8004747251958857,0.6951509507827195,0.7409141933910062,0.6893268531347896,0.511675418341596,0.5486619046960489,0.45172459091614864,0.1982496857960517,0.2948637719481079,0.29237332103515273,0.19504005120405501,0.2213490739785539,0.0979009368043275,0.2384306523366053,0.34433073779114404,0.6185785480145395,0.29645918815699773,0.354887303098465,0.45515712405759917,0.6494247081169348,0.9452833397159961
C:\Users\damba\.cache\kagglehub\datasets\salmaneunus\mechanical-tools-dataset\versions\20\Mechanical Tools Image dataset\Mechanical Tools Image dataset\pliers\000257.jpg,pliers,exito,0.3183098861837905,0.040388686818170205,0.024719104876850032,0.03307096807056492,0.08938419759950554,0.047540341081165054,0.04596457743513078,0.054793446924797345,0.0468441645494995,0.140479120968204,0.07642298145452199,0.10285111523245007,0.0784595391091033,0.10898407905197341,0.08213405075475824,0.1365979279948197,0.17053374175237662,0.06508951939843279,0.13302491075337441,0.1404859864476975,0.12135872575071123,0.1902615930052358,0.11849554169346255,0.2411809246592306,0.04197652879638639
C:\Users\damba\.cache\kagglehub\datasets\salmaneunus\mechanical-tools-dataset\versions\20\Mechanical Tools Image dataset\Mechanical Tools Image dataset\pliers\000258.jpg,pliers,exito,0.0,0.0,0.0,0.0,0.0,0.0,0.0,0.0,0.0,0.0,0.0,0.0,0.0,0.0,0.0,0.0,0.0,0.0,0.0,0.0,0.0,0.0,0.0,0.0,0.0
C:\Users\damba\.cache\kagglehub\datasets\salmaneunus\mechanical-tools-dataset\versions\20\Mechanical Tools Image dataset\Mechanical Tools Image dataset\pliers\000259.jpg,pliers,exito,0.3183098861837906,0.04028198591715194,0.009676483737702152,0.010821671198539958,0.08594062191137332,0.08389175530965055,0.01514782100701699,0.015178809548020922,0.06626008863174253,0.1261578772543747,0.12225140160799428,0.08229680251184779,0.01356748466778817,0.09418789904349696,0.10377663872798197,0.06429640232967614,0.12281588414318435,0.11664920067041859,0.08071309566054612,0.05843004901262889,0.00016043617244285702,0.19635205349045592,0.12702494680007992,0.16098369491693934,0.0694062080350261
C:\Users\damba\.cache\kagglehub\datasets\salmaneunus\mechanical-tools-dataset\versions\20\Mechanical Tools Image dataset\Mechanical Tools Image dataset\pliers\000260.jpg,pliers,exito,0.31830988618379047,0.04060230497731556,0.03312993124198014,0.032704514605443144,0.08781875654938141,0.04998128391560309,0.010764766051881858,0.04412565967058688,0.057729505805987825,0.12907748462341104,0.09079033807501223,0.11532922518609223,0.07609378698475369,0.03466828784430446,0.08851821056963394,0.11696521771376989,0.11436674629548964,0.11962793208383031,0.15246482774869066,0.13004173887194337,0.18118164576387052,0.031260803264653296,0.17116070895189067,0.1537590047919651,0.19614980398372478
C:\Users\damba\.cache\kagglehub\datasets\salmaneunus\mechanical-tools-dataset\versions\20\Mechanical Tools Image dataset\Mechanical Tools Image dataset\pliers\000261.jpg,pliers,exito,0.31830988618379047,0.03458382196842195,0.035262317544613696,0.033140097626692074,0.07754083992239785,0.048902529387417515,0.0221557023956111,0.04462309950488382,0.05587845965240324,0.11579564060365438,0.0846864384884005,0.11421128849118536,0.043963610614921045,0.03396886426182049,0.07215651486303619,0.1092019104463905,0.09534114298563313,0.10305796788901853,0.13695294880915804,0.1388178832998843,0.12285487661234566,0.011289949507550402,0.12857775408180128,0.14461955798114917,0.1868323267267195
C:\Users\damba\.cache\kagglehub\datasets\salmaneunus\mechanical-tools-dataset\versions\20\Mechanical Tools Image dataset\Mechanical Tools Image dataset\pliers\000262.jpg,pliers,exito,0.3183098861837905,0.038547110421988884,0.024034082321845517,0.033415582851154535,0.08562129783363367,0.047629654892018966,0.042184849211176295,0.05530032834900161,0.047160560963509866,0.13356979670398852,0.07637836223266907,0.10187428343424718,0.06687787694673246,0.10369523923533995,0.08085362405586251,0.13402781900817182,0.15485710350520476,0.06326144785167136,0.12567036902237172,0.1369278881448545,0.09594340221770374,0.17354847520344335,0.11465706020713955,0.23003082832482422,0.04226441582641693
C:\Users\damba\.cache\kagglehub\datasets\salmaneunus\mechanical-tools-dataset\versions\20\Mechanical Tools Image dataset\Mechanical Tools Image dataset\pliers\000263.jpg,pliers,exito,0.3183098861837907,0.6009065531722739,0.7997123323228201,0.8243326920359906,0.9090504918112047,0.9708606315930338,0.8796301870955119,0.9282786740157158,1.0289151717804679,0.7528271674502772,0.8675000546008809,0.9931956327588893,0.47913222296264746,0.5590371540400557,0.7457845134692299,0.8645692898952254,0.1586575946168731,0.3420941330867475,0.5898357079891859,0.6500050847119663,0.2760449706852885,0.19293506776528083,0.1866586461486492,0.4344408941258948,0.364616444906484
C:\Users\damba\.cache\kagglehub\datasets\salmaneunus\mechanical-tools-dataset\versions\20\Mechanical Tools Image dataset\Mechanical Tools Image dataset\pliers\000264.jpg,pliers,exito,0.0,0.0,0.0,0.0,0.0,0.0,0.0,0.0,0.0,0.0,0.0,0.0,0.0,0.0,0.0,0.0,0.0,0.0,0.0,0.0,0.0,0.0,0.0,0.0,0.0
C:\Users\damba\.cache\kagglehub\datasets\salmaneunus\mechanical-tools-dataset\versions\20\Mechanical Tools Image dataset\Mechanical Tools Image dataset\pliers\000265.jpg,pliers,exito,0.3183098861837907,0.387770571187206,0.12169930360048747,0.22200648698466677,0.15825964968805503,0.03625759187412026,0.348400836776833,0.17984823011550874,0.08235381016129471,0.2342337228988864,0.03639505557011889,0.03634206923733132,0.2176584189913893,0.013504878538106987,0.14520193474373877,0.03163552188090924,0.20800744948658076,0.07975923872456817,0.03180345517784226,0.015456248948381445,0.35882439529024823,0.25894955102588185,0.07476644526298051,0.19411143834220929,0.14526241866618023
C:\Users\damba\.cache\kagglehub\datasets\salmaneunus\mechanical-tools-dataset\versions\20\Mechanical Tools Image dataset\Mechanical Tools Image dataset\pliers\000266.jpg,pliers,exito,0.31830988618379075,0.0355205856391546,0.1001576176498283,0.0885199073733302,0.05053457800103617,0.04426740389566884,0.11518882716905722,0.07007534781489128,0.014022010794692072,0.08292148034636625,0.017994873289687744,0.03284168770174916,0.11386246626957769,0.04471585497548385,0.027830500758447577,0.027464625151149998,0.06745669141124266,0.01042716684562749,0.04294285520377133,0.025172129244010372,0.10913821725136358,0.19301002724492705,0.0314447353134351,0.10027331655329962,0.12389594975577034
C:\Users\damba\.cache\kagglehub\datasets\salmaneunus\mechanical-tools-dataset\versions\20\Mechanical Tools Image dataset\Mechanical Tools Image dataset\pliers\000267.jpg,pliers,exito,0.3183098861837907,0.19105567246366317,0.12308689550088699,0.12342627191448102,0.1721202012908546,0.1382983536103355,0.047109089265844326,0.04225836317421996,0.053205406854558206,0.08021816353709005,0.04633881356577956,0.0583722258718974,0.18554438218012367,0.04555104383226215,0.08755491783898157,0.06218570000131822,0.040837244941750055,0.05112473596350037,0.04930687602131326,0.0922252679576053,0.035501212201919506,0.218323955141671,0.09616931353414208,0.19931520397181013,0.05329544309107622
C:\Users\damba\.cache\kagglehub\datasets\salmaneunus\mechanical-tools-dataset\versions\20\Mechanical Tools Image dataset\Mechanical Tools Image dataset\pliers\000268.jpg,pliers,exito,0.0,0.0,0.0,0.0,0.0,0.0,0.0,0.0,0.0,0.0,0.0,0.0,0.0,0.0,0.0,0.0,0.0,0.0,0.0,0.0,0.0,0.0,0.0,0.0,0.0
C:\Users\damba\.cache\kagglehub\datasets\salmaneunus\mechanical-tools-dataset\versions\20\Mechanical Tools Image dataset\Mechanical Tools Image dataset\pliers\000269.jpg,pliers,exito,0.3183098861837906,0.021472883455451137,0.015150176431310121,0.009682026800057053,0.04620708012489855,0.08514460257611968,0.04558019962518125,0.010938343596579357,0.05231490985142474,0.07110595107947533,0.10960749114570195,0.07327464628283141,0.10302725747202233,0.059369738330900465,0.04490001738206589,0.046878735226229554,0.061731593764179304,0.06062731710444439,0.03873621889975815,0.04682944767012516,0.1665333717170221,0.11140851829451233,0.04114541781848123,0.11414379192834312,0.07420367528116238
C:\Users\damba\.cache\kagglehub\datasets\salmaneunus\mechanical-tools-dataset\versions\20\Mechanical Tools Image dataset\Mechanical Tools Image dataset\pliers\000270.jpg,pliers,exito,0.0,0.0,0.0,0.0,0.0,0.0,0.0,0.0,0.0,0.0,0.0,0.0,0.0,0.0,0.0,0.0,0.0,0.0,0.0,0.0,0.0,0.0,0.0,0.0,0.0
C:\Users\damba\.cache\kagglehub\datasets\salmaneunus\mechanical-tools-dataset\versions\20\Mechanical Tools Image dataset\Mechanical Tools Image dataset\pliers\000271.jpg,pliers,exito,0.31830988618379075,0.31677362891513916,0.08966767425998765,0.0620197854157129,0.13858411459548192,0.23661313611125848,0.12158327367638395,0.16619385976238465,0.17456925867204878,0.05210114227428984,0.09025282029510033,0.061358538229548114,0.07461478303682524,0.09631411367442237,0.04226164414920148,0.18515628833146783,0.2707315902539288,0.15830995364124711,0.14155059589670638,0.13265729655860492,0.23053747919353018,0.16817785772874203,0.4042349127160741,0.10218768280279526,0.18698388067576655
C:\Users\damba\.cache\kagglehub\datasets\salmaneunus\mechanical-tools-dataset\versions\20\Mechanical Tools Image dataset\Mechanical Tools Image dataset\pliers\000272.jpg,pliers,exito,0.0,0.0,0.0,0.0,0.0,0.0,0.0,0.0,0.0,0.0,0.0,0.0,0.0,0.0,0.0,0.0,0.0,0.0,0.0,0.0,0.0,0.0,0.0,0.0,0.0
C:\Users\damba\.cache\kagglehub\datasets\salmaneunus\mechanical-tools-dataset\versions\20\Mechanical Tools Image dataset\Mechanical Tools Image dataset\pliers\000273.jpg,pliers,exito,0.0,0.0,0.0,0.0,0.0,0.0,0.0,0.0,0.0,0.0,0.0,0.0,0.0,0.0,0.0,0.0,0.0,0.0,0.0,0.0,0.0,0.0,0.0,0.0,0.0
C:\Users\damba\.cache\kagglehub\datasets\salmaneunus\mechanical-tools-dataset\versions\20\Mechanical Tools Image dataset\Mechanical Tools Image dataset\pliers\000274.jpg,pliers,exito,0.31830988618379047,0.021559381707106934,0.030557579577201482,0.00318394112171945,0.04316629084407554,0.06657342481269948,0.0032731438407917926,0.015545845533780332,0.08293387873050317,0.06494427153468897,0.11789989496995504,0.11541604201337326,0.11595947435284867,0.051955391042286386,0.014071777758009983,0.03266628871619362,0.09183350345701018,0.15652281802248247,0.14947561014406666,0.13276501716519917,0.2508392758539283,0.1102468429152117,0.15086420912368242,0.10415309537586454,0.3877626627018563
C:\Users\damba\.cache\kagglehub\datasets\salmaneunus\mechanical-tools-dataset\versions\20\Mechanical Tools Image dataset\Mechanical Tools Image dataset\pliers\000275.jpg,pliers,exito,0.3183098861837905,0.012899655494583762,0.017816185860199674,0.037262491040427316,0.025058656678010282,0.04712056321396279,0.0037435111273324117,0.07033427054213047,0.048640947374919453,0.042484327230679894,0.06623336039445647,0.08960919193016766,0.05697478445371772,0.10464977277419028,0.09316917997803201,0.09308961863000458,0.03765021595237026,0.030636077128872403,0.034504681447474976,0.09850614097099601,0.1496065599266917,0.11288438554332346,0.1575050246996671,0.10615224846177197,0.09123395046133718
C:\Users\damba\.cache\kagglehub\datasets\salmaneunus\mechanical-tools-dataset\versions\20\Mechanical Tools Image dataset\Mechanical Tools Image dataset\pliers\000276.jpg,pliers,exito,0.3183098861837905,0.0015212954716972823,0.0170429451641566,0.03691371632083084,0.014566189497673961,0.04478489242851807,0.0011943080652618634,0.0654212333018752,0.04474156496219536,0.04261310212708301,0.053366015574432706,0.09486992122773065,0.059300706211952624,0.09496425277265785,0.08798499405967221,0.10396269526282341,0.06080221388362285,0.026324694809077877,0.06885187004846592,0.11345423498781221,0.14518128226913027,0.10827581964642996,0.15574696546666184,0.14784355700902194,0.09420896930710344
C:\Users\damba\.cache\kagglehub\datasets\salmaneunus\mechanical-tools-dataset\versions\20\Mechanical Tools Image dataset\Mechanical Tools Image dataset\pliers\000277.jpg,pliers,exito,0.0,0.0,0.0,0.0,0.0,0.0,0.0,0.0,0.0,0.0,0.0,0.0,0.0,0.0,0.0,0.0,0.0,0.0,0.0,0.0,0.0,0.0,0.0,0.0,0.0
C:\Users\damba\.cache\kagglehub\datasets\salmaneunus\mechanical-tools-dataset\versions\20\Mechanical Tools Image dataset\Mechanical Tools Image dataset\pliers\000278.jpg,pliers,exito,0.3183098861837906,0.004333055363916098,0.01723451016222609,0.00865046055063947,0.020565361878018783,0.08519098281294989,0.0559354486892229,0.009249496990112505,0.04995550062874243,0.05083800572272137,0.10656155262817726,0.07372932425530884,0.12935469519692466,0.06539136920205656,0.03158639244044418,0.04442640368848471,0.06262641816472418,0.04913637399682895,0.03965654223564831,0.04728125948963122,0.20585394754464356,0.12488790233065097,0.01934664263261265,0.11248920154843331,0.07151651211569306
C:\Users\damba\.cache\kagglehub\datasets\salmaneunus\mechanical-tools-dataset\versions\20\Mechanical Tools Image dataset\Mechanical Tools Image dataset\pliers\000279.jpg,pliers,exito,0.0,0.0,0.0,0.0,0.0,0.0,0.0,0.0,0.0,0.0,0.0,0.0,0.0,0.0,0.0,0.0,0.0,0.0,0.0,0.0,0.0,0.0,0.0,0.0,0.0
C:\Users\damba\.cache\kagglehub\datasets\salmaneunus\mechanical-tools-dataset\versions\20\Mechanical Tools Image dataset\Mechanical Tools Image dataset\pliers\000280.jpg,pliers,exito,0.3183098861837905,0.018200410379250437,0.018593041213660042,0.036136289044131326,0.047192913128177846,0.04555418650218433,0.012150393794258033,0.06341177738845413,0.044968249389633105,0.08354721605585805,0.061021720842853656,0.09796263852550952,0.020804472683079046,0.10048794152777003,0.0742346542065103,0.11855764500456419,0.10041636802643095,0.036004922314613046,0.09281613947926194,0.12486466517639312,0.0666944158993406,0.13261324991467718,0.12016261396050724,0.18742088999262774,0.07268664399222967
C:\Users\damba\.cache\kagglehub\datasets\salmaneunus\mechanical-tools-dataset\versions\20\Mechanical Tools Image dataset\Mechanical Tools Image dataset\pliers\000281.jpg,pliers,exito,0.0,0.0,0.0,0.0,0.0,0.0,0.0,0.0,0.0,0.0,0.0,0.0,0.0,0.0,0.0,0.0,0.0,0.0,0.0,0.0,0.0,0.0,0.0,0.0,0.0
C:\Users\damba\.cache\kagglehub\datasets\salmaneunus\mechanical-tools-dataset\versions\20\Mechanical Tools Image dataset\Mechanical Tools Image dataset\pliers\000282.jpg,pliers,exito,0.3183098861837905,0.032641962054062015,0.02205307865187097,0.03474821215167165,0.07354622548579175,0.04852533498125176,0.0309017741290716,0.05912218878853132,0.04928227278246724,0.11087853165002166,0.07955267445941636,0.09727577091134579,0.03125166385739578,0.08920333686631446,0.07843263103645484,0.12293828064230801,0.0959033089667159,0.06466918483635367,0.09338728265158193,0.12098582685581359,0.016500011230594074,0.11331426734028159,0.10577630459678031,0.1826802123336356,0.044589073830538874
C:\Users\damba\.cache\kagglehub\datasets\salmaneunus\mechanical-tools-dataset\versions\20\Mechanical Tools Image dataset\Mechanical Tools Image dataset\pliers\000283.jpg,pliers,exito,0.0,0.0,0.0,0.0,0.0,0.0,0.0,0.0,0.0,0.0,0.0,0.0,0.0,0.0,0.0,0.0,0.0,0.0,0.0,0.0,0.0,0.0,0.0,0.0,0.0
C:\Users\damba\.cache\kagglehub\datasets\salmaneunus\mechanical-tools-dataset\versions\20\Mechanical Tools Image dataset\Mechanical Tools Image dataset\pliers\000284.jpg,pliers,exito,0.3183098861837906,0.11954441227211665,0.020782995408631422,0.09107030261364904,0.03860600631343179,0.07880066169081458,0.01848607141008093,0.09056720685212687,0.05802274204408967,0.07121682432427395,0.031027372811789106,0.17266857196612556,0.13664127064168743,0.07373637694869041,0.029049112599221737,0.09982836384027186,0.036353810911530074,0.01590890808287574,0.07558467779115599,0.11708061523308964,0.17694263788332368,0.0907284882921579,0.07273823677848307,0.15026224979923755,0.07889875885838528
C:\Users\damba\.cache\kagglehub\datasets\salmaneunus\mechanical-tools-dataset\versions\20\Mechanical Tools Image dataset\Mechanical Tools Image dataset\pliers\000285.jpg,pliers,exito,0.3183098861837905,0.033840864151826376,0.022428686211971305,0.03608258119839498,0.07649554466670284,0.05059248481885998,0.032165041775945216,0.06689322299277234,0.05319079565870494,0.11523744594369538,0.0911009445819337,0.09174000916127228,0.032292865864798355,0.0978077826144074,0.08218915141876551,0.11264304949135329,0.09118695843637638,0.09291416578418905,0.060101451368540997,0.10367593791946841,0.01300815326990887,0.10321246494079432,0.11241621946016084,0.13770946794918484,0.04680976413992487
C:\Users\damba\.cache\kagglehub\datasets\salmaneunus\mechanical-tools-dataset\versions\20\Mechanical Tools Image dataset\Mechanical Tools Image dataset\pliers\000286.jpg,pliers,exito,0.0,0.0,0.0,0.0,0.0,0.0,0.0,0.0,0.0,0.0,0.0,0.0,0.0,0.0,0.0,0.0,0.0,0.0,0.0,0.0,0.0,0.0,0.0,0.0,0.0
C:\Users\damba\.cache\kagglehub\datasets\salmaneunus\mechanical-tools-dataset\versions\20\Mechanical Tools Image dataset\Mechanical Tools Image dataset\pliers\000287.jpg,pliers,exito,0.3183098861837905,0.015404516123019107,0.018150284838189663,0.03747129342871937,0.03356595375734344,0.04796696965773011,0.006078000491949552,0.07229900106121938,0.049862798146329226,0.05611270275196111,0.07175226374104147,0.08860774181612399,0.04890517324651532,0.10976382611209815,0.08958715963233466,0.09386810643747778,0.050674250376236074,0.044247232809275075,0.029461090930821124,0.09637353427643809,0.1337236726186719,0.12035312339195642,0.14811911521254822,0.10379130265020647,0.08535905833513478
C:\Users\damba\.cache\kagglehub\datasets\salmaneunus\mechanical-tools-dataset\versions\20\Mechanical Tools Image dataset\Mechanical Tools Image dataset\pliers\000288.jpg,pliers,exito,0.3183098861837905,0.098792470886386,0.09380692436353008,0.08574439482735088,0.049740187797408617,0.028333423307029235,0.04797318811147692,0.0550963766190431,0.04340911602470254,0.08303809120899454,0.1007313668407692,0.10062082278717349,0.10045286389971445,0.06720050626419391,0.08771678411121253,0.10843429519547541,0.06918436655803176,0.020685502552804918,0.09012419042950096,0.13551303287684252,0.0818495936462682,0.04911124251354701,0.05404591088274564,0.11188643643194048,0.0479716102766426
C:\Users\damba\.cache\kagglehub\datasets\salmaneunus\mechanical-tools-dataset\versions\20\Mechanical Tools Image dataset\Mechanical Tools Image dataset\pliers\000289.jpg,pliers,exito,0.0,0.0,0.0,0.0,0.0,0.0,0.0,0.0,0.0,0.0,0.0,0.0,0.0,0.0,0.0,0.0,0.0,0.0,0.0,0.0,0.0,0.0,0.0,0.0,0.0
C:\Users\damba\.cache\kagglehub\datasets\salmaneunus\mechanical-tools-dataset\versions\20\Mechanical Tools Image dataset\Mechanical Tools Image dataset\pliers\000290.jpg,pliers,exito,0.3183098861837906,0.05146479623317412,0.001052231148750503,0.0009232973400672575,0.11168307185552895,0.008995508491262572,0.029468169533102984,0.004554095794915346,0.012452187702352034,0.16736112516363857,0.03945763415189976,0.16037785718577632,0.10456119430267258,0.02114282559654543,0.07059537060340618,0.17938089134145077,0.1610586011111788,0.04770079042304675,0.19817837245428824,0.05216879245778178,0.1837239389579836,0.0690351894707977,0.15157168689001427,0.21203138305916233,0.0890184841410902
C:\Users\damba\.cache\kagglehub\datasets\salmaneunus\mechanical-tools-dataset\versions\20\Mechanical Tools Image dataset\Mechanical Tools Image dataset\pliers\000291.jpg,pliers,exito,0.0,0.0,0.0,0.0,0.0,0.0,0.0,0.0,0.0,0.0,0.0,0.0,0.0,0.0,0.0,0.0,0.0,0.0,0.0,0.0,0.0,0.0,0.0,0.0,0.0
C:\Users\damba\.cache\kagglehub\datasets\salmaneunus\mechanical-tools-dataset\versions\20\Mechanical Tools Image dataset\Mechanical Tools Image dataset\pliers\000292.jpg,pliers,exito,0.31830988618379047,0.015289948428181759,0.04678307778331389,0.04069284636479218,0.038243587361659524,0.05251291549020447,0.07905944050531827,0.019957399004546725,0.044640488760284494,0.07105093977904546,0.08456088949653118,0.0718881213577011,0.09506944831225689,0.12298689896718444,0.0871265291920984,0.07462086930252539,0.10566882124802236,0.10063336828793149,0.09002589076825854,0.09412048061970084,0.05316635983760473,0.2985987149112513,0.1281460025674379,0.18604039619315774,0.11360373849725044
C:\Users\damba\.cache\kagglehub\datasets\salmaneunus\mechanical-tools-dataset\versions\20\Mechanical Tools Image dataset\Mechanical Tools Image dataset\pliers\000293.jpg,pliers,exito,0.31830988618379047,0.037617223342595346,0.03423023484987418,0.03286665212487604,0.08262565040535948,0.04947120229232258,0.016614651879216756,0.044030092635552465,0.05687108969782505,0.12208088399693519,0.0878946515375569,0.11454825892829057,0.05964652344083573,0.03239979937924238,0.07994034964085837,0.11304383276149285,0.10387912901249416,0.11137316867333905,0.14391670300438406,0.1345742194798243,0.15125446444632745,0.014368105056852614,0.14863479361004112,0.1495885798950168,0.19187802827193826
C:\Users\damba\.cache\kagglehub\datasets\salmaneunus\mechanical-tools-dataset\versions\20\Mechanical Tools Image dataset\Mechanical Tools Image dataset\pliers\000294.jpg,pliers,exito,0.3183098861837905,0.038588600396048486,0.024049163656638173,0.03360281404578922,0.08522560956218445,0.04862256638840033,0.04186640341141037,0.05481117829864764,0.04908047813813469,0.128705342797148,0.08134105185067392,0.09982781597612567,0.06356728921058527,0.0899056474756689,0.08320779028816393,0.12985802342913283,0.1273837279518301,0.07256191120213959,0.11246142753075673,0.12883484424089733,0.07951663057351509,0.1362491419523724,0.11658414314655392,0.20691413031603825,0.03632134722348861
C:\Users\damba\.cache\kagglehub\datasets\salmaneunus\mechanical-tools-dataset\versions\20\Mechanical Tools Image dataset\Mechanical Tools Image dataset\pliers\000295.jpg,pliers,exito,0.3183098861837905,0.03270361660185988,0.022072064170122967,0.03602585442470909,0.07408701937299147,0.05028745754203024,0.030275685608364487,0.06630406152655866,0.05266419260374977,0.11141780386939552,0.08915824030501138,0.09213519644157266,0.02698811844935178,0.09643102026844957,0.0810651122971553,0.11297756198683756,0.08533614385944312,0.08746541663307829,0.06183143689924411,0.1049678483144163,0.0033405249019566397,0.10086539105730935,0.11013051844054325,0.14044628187597055,0.047636381632940004
C:\Users\damba\.cache\kagglehub\datasets\salmaneunus\mechanical-tools-dataset\versions\20\Mechanical Tools Image dataset\Mechanical Tools Image dataset\pliers\000296.jpg,pliers,exito,0.0,0.0,0.0,0.0,0.0,0.0,0.0,0.0,0.0,0.0,0.0,0.0,0.0,0.0,0.0,0.0,0.0,0.0,0.0,0.0,0.0,0.0,0.0,0.0,0.0
C:\Users\damba\.cache\kagglehub\datasets\salmaneunus\mechanical-tools-dataset\versions\20\Mechanical Tools Image dataset\Mechanical Tools Image dataset\pliers\000297.jpg,pliers,exito,0.3183098861837906,0.021574635161194313,0.015129535420910804,0.007603906409006715,0.0263834213652677,0.08649650060396241,0.051279958822154505,0.005978197911994889,0.03322886847357236,0.008549959435607643,0.09859895617611279,0.0639935022434081,0.1350993272769763,0.01316454561288229,0.038770402761776415,0.025732173133325337,0.020728848417834584,0.028780710609754,0.017075974435702496,0.036408450589459775,0.24114228658155393,0.030421669902128842,0.13010654007933292,0.06492476921968171,0.08602065175279246
C:\Users\damba\.cache\kagglehub\datasets\salmaneunus\mechanical-tools-dataset\versions\20\Mechanical Tools Image dataset\Mechanical Tools Image dataset\pliers\000298.jpg,pliers,exito,0.31830988618379075,0.23645844390341783,0.0014984543907040802,0.06940243145542684,0.09510253285160837,0.1294905075596941,0.19885773575828072,0.08866650845316962,0.058439025231295745,0.17540670141492692,0.1018419137977706,0.09907049715097316,0.20776954493081667,0.11782149022063758,0.22732964209539497,0.09296320228459005,0.1762628671156482,0.237196956364085,0.1439639477938896,0.10522943969204902,0.2966000651052514,0.005623845307116777,0.20722515115235185,0.283919644340886,0.07983730685649695
C:\Users\damba\.cache\kagglehub\datasets\salmaneunus\mechanical-tools-dataset\versions\20\Mechanical Tools Image dataset\Mechanical Tools Image dataset\pliers\000299.jpg,pliers,exito,0.0,0.0,0.0,0.0,0.0,0.0,0.0,0.0,0.0,0.0,0.0,0.0,0.0,0.0,0.0,0.0,0.0,0.0,0.0,0.0,0.0,0.0,0.0,0.0,0.0
C:\Users\damba\.cache\kagglehub\datasets\salmaneunus\mechanical-tools-dataset\versions\20\Mechanical Tools Image dataset\Mechanical Tools Image dataset\pliers\000300.jpg,pliers,exito,0.3183098861837905,0.0037435169782176316,0.017098078133450826,0.03694383137190763,0.01950479574929081,0.043687911245465026,0.001837208153329611,0.0643965766493474,0.043066796967475236,0.05354683332499827,0.04748745969578625,0.09678944663503895,0.0558476901700713,0.09480174347152458,0.08898683767880555,0.10735847892560908,0.08528150788187797,0.0425307969874069,0.08213746634369237,0.11933855538834258,0.13300075564419503,0.11656773636230511,0.16480046356649442,0.1646694404278623,0.09937439810662248
C:\Users\damba\.cache\kagglehub\datasets\salmaneunus\mechanical-tools-dataset\versions\20\Mechanical Tools Image dataset\Mechanical Tools Image dataset\pliers\000301.jpg,pliers,exito,0.3183098861837905,0.01125647172309933,0.01762913721068133,0.03719589007002793,0.026143318050951787,0.04707339362531463,0.0037903873650926515,0.06958519774513024,0.04834446633648372,0.046754122111310144,0.06651335637612092,0.09068715384419708,0.05411429618140121,0.10279159793536136,0.08728508705472042,0.097654436200817,0.03667089960937788,0.02933024731096916,0.04226540135635516,0.1018030061909994,0.14236123325928057,0.10966873425245209,0.14468944037683104,0.11768296038861667,0.08574516769909239
C:\Users\damba\.cache\kagglehub\datasets\salmaneunus\mechanical-tools-dataset\versions\20\Mechanical Tools Image dataset\Mechanical Tools Image dataset\pliers\000302.jpg,pliers,exito,0.3183098861837906,0.023384795969214958,0.014746023297745844,0.007756439038627818,0.03131077356924724,0.08653732375930244,0.04949446999112452,0.010840824548669706,0.03340843629368493,0.022119096343136864,0.0991361588935192,0.06371057654365479,0.13079328292214615,0.023787894955944557,0.04101421180989322,0.025950194951215547,0.022363093948012697,0.031153820135691155,0.016767063871336915,0.03608619116241564,0.23446701676740625,0.038612433091661756,0.13251930003054657,0.06463094390729725,0.0864699308602038
C:\Users\damba\.cache\kagglehub\datasets\salmaneunus\mechanical-tools-dataset\versions\20\Mechanical Tools Image dataset\Mechanical Tools Image dataset\pliers\000303.jpg,pliers,exito,0.0,0.0,0.0,0.0,0.0,0.0,0.0,0.0,0.0,0.0,0.0,0.0,0.0,0.0,0.0,0.0,0.0,0.0,0.0,0.0,0.0,0.0,0.0,0.0,0.0
C:\Users\damba\.cache\kagglehub\datasets\salmaneunus\mechanical-tools-dataset\versions\20\Mechanical Tools Image dataset\Mechanical Tools Image dataset\pliers\000304.jpg,pliers,exito,0.0,0.0,0.0,0.0,0.0,0.0,0.0,0.0,0.0,0.0,0.0,0.0,0.0,0.0,0.0,0.0,0.0,0.0,0.0,0.0,0.0,0.0,0.0,0.0,0.0
C:\Users\damba\.cache\kagglehub\datasets\salmaneunus\mechanical-tools-dataset\versions\20\Mechanical Tools Image dataset\Mechanical Tools Image dataset\pliers\000305.jpg,pliers,exito,0.3183098861837906,0.023511582157754066,0.014718004313901502,0.009273603550718743,0.053560260931163804,0.08462670013508572,0.04169831473107739,0.014579695185266,0.05773971567344957,0.08564374186623853,0.11359174883131212,0.07788565514456434,0.08713147090747922,0.0846955238780298,0.06646153729444375,0.05379108339176978,0.08604097097709279,0.07789626831252287,0.05642798241899593,0.05244292263082104,0.12889980779142088,0.16427375491778565,0.05251870822059301,0.13548936806286127,0.0682471499685271
C:\Users\damba\.cache\kagglehub\datasets\salmaneunus\mechanical-tools-dataset\versions\20\Mechanical Tools Image dataset\Mechanical Tools Image dataset\pliers\000306.jpg,pliers,exito,0.3183098861837906,0.036705371468677965,0.002853909181878646,0.06440668931155341,0.07923708991028353,0.05846067247158537,0.020128813010702157,0.0910472780612912,0.015331893370531268,0.1136043404224726,0.1073767555990095,0.04180976981029642,0.08105912207784227,0.09962316324324753,0.026562429932482888,0.09135637864491866,0.09716122381902734,0.12848436454955492,0.0521380227770327,0.14983770340945432,0.1558181556214482,0.11748718263860614,0.07631646112564736,0.19173585408174448,0.11898123065156668
C:\Users\damba\.cache\kagglehub\datasets\salmaneunus\mechanical-tools-dataset\versions\20\Mechanical Tools Image dataset\Mechanical Tools Image dataset\pliers\000307.jpg,pliers,exito,0.0,0.0,0.0,0.0,0.0,0.0,0.0,0.0,0.0,0.0,0.0,0.0,0.0,0.0,0.0,0.0,0.0,0.0,0.0,0.0,0.0,0.0,0.0,0.0,0.0
C:\Users\damba\.cache\kagglehub\datasets\salmaneunus\mechanical-tools-dataset\versions\20\Mechanical Tools Image dataset\Mechanical Tools Image dataset\pliers\000308.jpg,pliers,exito,0.0,0.0,0.0,0.0,0.0,0.0,0.0,0.0,0.0,0.0,0.0,0.0,0.0,0.0,0.0,0.0,0.0,0.0,0.0,0.0,0.0,0.0,0.0,0.0,0.0
C:\Users\damba\.cache\kagglehub\datasets\salmaneunus\mechanical-tools-dataset\versions\20\Mechanical Tools Image dataset\Mechanical Tools Image dataset\pliers\000309.jpg,pliers,exito,0.0,0.0,0.0,0.0,0.0,0.0,0.0,0.0,0.0,0.0,0.0,0.0,0.0,0.0,0.0,0.0,0.0,0.0,0.0,0.0,0.0,0.0,0.0,0.0,0.0
C:\Users\damba\.cache\kagglehub\datasets\salmaneunus\mechanical-tools-dataset\versions\20\Mechanical Tools Image dataset\Mechanical Tools Image dataset\pliers\000310.jpg,pliers,exito,0.3183098861837905,0.017482393763707808,0.018472305820058522,0.03636265608829191,0.02661343009625229,0.04229489495699923,0.005344954802497386,0.05997136105896038,0.04170948239458151,0.04425886124002568,0.037161058307993836,0.09692539209665545,0.05645398338064939,0.08063258114972897,0.11193328269430629,0.09712815303750576,0.07977278616139813,0.04956144801308228,0.08259637017447059,0.1149987057704228,0.14525005408693756,0.09604510928207644,0.21080991320073109,0.1451049795788872,0.12339573067441484
C:\Users\damba\.cache\kagglehub\datasets\salmaneunus\mechanical-tools-dataset\versions\20\Mechanical Tools Image dataset\Mechanical Tools Image dataset\pliers\000311.jpg,pliers,exito,0.31830988618379064,0.24342022369044983,0.066435863692412,0.031221838109710253,0.14920872522108708,0.10190175573338778,0.049626876245746486,0.047883099865463276,0.03736303025258595,0.08045995029032714,0.05677643523281344,0.0698606479935859,0.16063289244782603,0.10143199575227277,0.10298906662521069,0.15977883446483865,0.15066228749742758,0.08017409702565455,0.1572214018482796,0.22479180971627988,0.07820762524441564,0.11224219945213672,0.022322105240798727,0.016624837208569308,0.17229028501830176
C:\Users\damba\.cache\kagglehub\datasets\salmaneunus\mechanical-tools-dataset\versions\20\Mechanical Tools Image dataset\Mechanical Tools Image dataset\pliers\000312.jpg,pliers,exito,0.3183098861837906,0.022855976934135908,0.01486125534976231,0.007447925014163812,0.055748633442079504,0.08419484081372837,0.04056350041792797,0.029811148720915677,0.06280939378463915,0.09852784548619845,0.11876098021836924,0.08402306813609386,0.07648837636863985,0.13386087420813392,0.09004632316049942,0.061153975972790264,0.12439946913143739,0.10376398768536303,0.08086872179062711,0.06008349216546527,0.08851364966694288,0.2577108136841869,0.09268089762912936,0.16462298745159468,0.05690297908691896
C:\Users\damba\.cache\kagglehub\datasets\salmaneunus\mechanical-tools-dataset\versions\20\Mechanical Tools Image dataset\Mechanical Tools Image dataset\pliers\000313.jpg,pliers,exito,0.3183098861837906,0.03411208737821111,0.01183948858323441,0.007607053559765557,0.0761681457616063,0.08376915114890315,0.024492705601374017,0.0360077442225554,0.06832180833624169,0.1243058721165628,0.12546916474992384,0.08806246772938234,0.030516406473780216,0.1560204677780487,0.11599093631898107,0.06867717250240554,0.15863274406206235,0.1365514081587555,0.10199747351238382,0.06555312994794223,3.129045084094317e-05,0.31116978358704767,0.15066789778552944,0.18806000687288485,0.05458891274623432
C:\Users\damba\.cache\kagglehub\datasets\salmaneunus\mechanical-tools-dataset\versions\20\Mechanical Tools Image dataset\Mechanical Tools Image dataset\pliers\000314.jpg,pliers,exito,0.0,0.0,0.0,0.0,0.0,0.0,0.0,0.0,0.0,0.0,0.0,0.0,0.0,0.0,0.0,0.0,0.0,0.0,0.0,0.0,0.0,0.0,0.0,0.0,0.0
C:\Users\damba\.cache\kagglehub\datasets\salmaneunus\mechanical-tools-dataset\versions\20\Mechanical Tools Image dataset\Mechanical Tools Image dataset\pliers\000315.jpg,pliers,exito,0.0,0.0,0.0,0.0,0.0,0.0,0.0,0.0,0.0,0.0,0.0,0.0,0.0,0.0,0.0,0.0,0.0,0.0,0.0,0.0,0.0,0.0,0.0,0.0,0.0
C:\Users\damba\.cache\kagglehub\datasets\salmaneunus\mechanical-tools-dataset\versions\20\Mechanical Tools Image dataset\Mechanical Tools Image dataset\pliers\000316.jpg,pliers,exito,0.3183098861837906,0.03701251938399415,0.007077956624175821,0.004057784375620875,0.08322788177641749,0.00881277011023496,0.0028219028433689513,0.0162542489247646,0.01139368609061982,0.12423597144917682,0.036845926466224414,0.1586545232030438,0.01308862168232135,0.03461979606439168,0.03726033443886307,0.15321137705215562,0.09795418125765035,0.0337778868220949,0.15531146554376665,0.08536313025670705,0.016998482703785366,0.046054876223753816,0.06535259632708393,0.16130025599330908,0.07565615402771199
C:\Users\damba\.cache\kagglehub\datasets\salmaneunus\mechanical-tools-dataset\versions\20\Mechanical Tools Image dataset\Mechanical Tools Image dataset\pliers\000317.jpg,pliers,exito,0.3183098861837907,4.9388447735469545e-18,0.10610329539459702,1.3660169687215429e-17,8.834874115176436e-18,1.0374513396485638e-17,0.1473656880480518,0.0,0.09333160243043236,0.0,2.8161161242124886e-17,3.3130777931911632e-18,0.11767423090059402,0.0,0.21777373900434305,1.5461029701558764e-17,0.0,0.0,0.0,0.0,0.008896521167336226,0.0,0.32005644248658266,4.969616689786745e-18,0.19897096880710055
C:\Users\damba\.cache\kagglehub\datasets\salmaneunus\mechanical-tools-dataset\versions\20\Mechanical Tools Image dataset\Mechanical Tools Image dataset\pliers\000318.jpg,pliers,exito,0.3183098861837905,0.005423930782035098,0.017170672984085738,0.03690103989182342,0.0054924968294909685,0.045010332955550694,0.0006433491707871384,0.06572759040747345,0.04533947152459267,0.028215797976492863,0.053785828401344105,0.09348656141700422,0.06445376638595918,0.09395342261611914,0.09410374502319564,0.09845567069788248,0.043579647641419424,0.017848226822709787,0.058833024870129196,0.10854820427240121,0.15958071858257986,0.10266407736240796,0.165956674151163,0.13144000742503972,0.0989442755692142
C:\Users\damba\.cache\kagglehub\datasets\salmaneunus\mechanical-tools-dataset\versions\20\Mechanical Tools Image dataset\Mechanical Tools Image dataset\pliers\000319.jpg,pliers,exito,0.3183098861837906,0.01885140432221008,0.015648319672661764,0.0078514032073531,0.021328711739158887,0.08636511650209104,0.05316388775985412,0.004885636578263228,0.03504058298088843,0.005690663911853458,0.09912713915615433,0.06486425793376423,0.13792569890385953,0.01632736507659482,0.031365175789050743,0.02762167122045067,0.024467822593615126,0.02870199011095477,0.01794608143361872,0.03731636501807518,0.24311846706730444,0.03705128969299181,0.11882544218284748,0.0694333507715254,0.08461023479725349
C:\Users\damba\.cache\kagglehub\datasets\salmaneunus\mechanical-tools-dataset\versions\20\Mechanical Tools Image dataset\Mechanical Tools Image dataset\pliers\000320.jpg,pliers,exito,0.31830988618379064,0.013790840812172647,0.049939537473441896,0.05638592355558756,0.03931734296289618,0.07665477646572523,0.062058192459947356,0.10838780406534992,0.018523669994442875,0.07286335389624751,0.12140478461191848,0.020537852199657876,0.03625917872665206,0.16654258849360298,0.07451398423382785,0.029027543596513584,0.07331129124373453,0.1197594052135959,0.06643608494866546,0.005362938590960953,0.016199916114746752,0.1987988023304365,0.1422025453227431,0.0008806884497839134,0.14429673025677958
C:\Users\damba\.cache\kagglehub\datasets\salmaneunus\mechanical-tools-dataset\versions\20\Mechanical Tools Image dataset\Mechanical Tools Image dataset\pliers\000321.jpg,pliers,exito,0.3183098861837905,0.018735841582977048,0.01868623729100975,0.037713517688085806,0.041908498422526544,0.04880945472808814,0.009167189141033122,0.07455564233194255,0.05116191240393052,0.06920751685654732,0.07718492672150068,0.08733818212850368,0.03945713646504883,0.11601928786329961,0.08831310462824764,0.09342327215989912,0.0677119481904892,0.05900791722817492,0.022811501422701212,0.09339382888947019,0.1153444301458545,0.13135504151319263,0.14403108310835702,0.09870509869495124,0.08156342548999873
C:\Users\damba\.cache\kagglehub\datasets\salmaneunus\mechanical-tools-dataset\versions\20\Mechanical Tools Image dataset\Mechanical Tools Image dataset\pliers\000322.jpg,pliers,exito,0.0,0.0,0.0,0.0,0.0,0.0,0.0,0.0,0.0,0.0,0.0,0.0,0.0,0.0,0.0,0.0,0.0,0.0,0.0,0.0,0.0,0.0,0.0,0.0,0.0
C:\Users\damba\.cache\kagglehub\datasets\salmaneunus\mechanical-tools-dataset\versions\20\Mechanical Tools Image dataset\Mechanical Tools Image dataset\pliers\000323.jpg,pliers,exito,0.3183098861837906,0.03232291176766999,0.00861021801530753,0.0044481611641064445,0.0742695738614111,0.008682955167814053,0.01109876195513564,0.01756923006450302,0.011103946953870368,0.11137326707388108,0.03539656876848773,0.15822693405810315,0.010510401630164909,0.03374187711316717,0.027246457498589463,0.14559478624363908,0.07914771542213324,0.028300755495031395,0.1443232001272893,0.09168825290025723,0.025798903126423467,0.02951603344397291,0.04047541907822762,0.14345125829525296,0.06961452730198539
C:\Users\damba\.cache\kagglehub\datasets\salmaneunus\mechanical-tools-dataset\versions\20\Mechanical Tools Image dataset\Mechanical Tools Image dataset\pliers\000324.jpg,pliers,exito,0.0,0.0,0.0,0.0,0.0,0.0,0.0,0.0,0.0,0.0,0.0,0.0,0.0,0.0,0.0,0.0,0.0,0.0,0.0,0.0,0.0,0.0,0.0,0.0,0.0
C:\Users\damba\.cache\kagglehub\datasets\salmaneunus\mechanical-tools-dataset\versions\20\Mechanical Tools Image dataset\Mechanical Tools Image dataset\pliers\000325.jpg,pliers,exito,0.3183098861837905,0.016832848220480166,0.018367269909473762,0.036245552627126365,0.04434799832298922,0.04567081198585013,0.0107151809613032,0.06379219607507677,0.04524960772649802,0.07886648933639127,0.061299879355465006,0.09732718902961736,0.025681873101199074,0.0992285827691453,0.07482150923885594,0.11673833402839347,0.0920214050731629,0.03414933018045444,0.08826217926482609,0.12266014163031232,0.07753722315860333,0.12683879146637944,0.1210281117138776,0.18067415264911443,0.07348753446543103
C:\Users\damba\.cache\kagglehub\datasets\salmaneunus\mechanical-tools-dataset\versions\20\Mechanical Tools Image dataset\Mechanical Tools Image dataset\pliers\000326.jpg,pliers,exito,0.3183098861837905,0.008523752381972569,0.08535643993070052,0.07548075653051897,0.012741430828669138,0.0040430337441575955,0.14315212513265385,0.06293374376616691,0.018433912317981093,0.01263576824631054,0.011350146765421525,0.001480162301958311,0.1822545013678596,0.05063510446064358,0.011784236912915674,0.011604308829599374,0.014376826078925197,0.009424358906761262,0.0014576205942581385,0.001242492475401657,0.1559015853825779,0.2195475894071909,0.040308095780991406,0.1128200057070074,0.0978669828865662
C:\Users\damba\.cache\kagglehub\datasets\salmaneunus\mechanical-tools-dataset\versions\20\Mechanical Tools Image dataset\Mechanical Tools Image dataset\pliers\000327.jpg,pliers,exito,0.3183098861837906,0.04213704815454122,0.00895599509887196,0.0093332640409662,0.09086920995834986,0.08347606216753321,0.010045087336827392,0.03148284188508517,0.07083279618995504,0.14012047269155192,0.1277521749835733,0.08841800221660422,0.006766598926809078,0.14453812699166693,0.12665160961960678,0.07156095277150216,0.16801054652905303,0.14726163713150361,0.10806226031083373,0.06634005393579931,0.0584400897226506,0.29942783518580046,0.17644910392617547,0.19202828359263516,0.06062480363761043
C:\Users\damba\.cache\kagglehub\datasets\salmaneunus\mechanical-tools-dataset\versions\20\Mechanical Tools Image dataset\Mechanical Tools Image dataset\pliers\000328.jpg,pliers,exito,0.31830988618379064,0.3551155482819476,0.05738281047322799,0.17155284067535886,0.10401816214300494,0.04359546859185456,0.00026324976124386575,0.060612701614225405,0.12266746625445037,0.2084215884538501,0.10723912385235752,0.02851120188256065,0.24241658214170606,0.2456112973708493,0.19755050530245907,0.2090234402360907,0.14539375032859994,0.20375549291135608,0.19461326465019296,0.4281197754587654,0.04162507683013218,0.1989521773612631,0.2492698706957851,0.24896802877953234,0.536316744154108
C:\Users\damba\.cache\kagglehub\datasets\salmaneunus\mechanical-tools-dataset\versions\20\Mechanical Tools Image dataset\Mechanical Tools Image dataset\pliers\000329.jpg,pliers,exito,0.3183098861837907,0.5992435154177583,0.7372552516098602,0.8460924550806159,0.7886977578853454,1.0618906065187927,0.6272235681284355,0.7672701832740152,1.2494331146692736,0.3921001759279196,0.6851260881404246,1.411293945450636,0.016926833653591152,0.10880049300285136,0.5530215303606425,1.5498422221742594,0.42396627793653013,0.20154015944702855,0.38045027912909973,1.6672574061048837,0.8761557034357205,0.8022668291087492,0.5215706850630206,0.1757672050821216,1.7655434005813064
C:\Users\damba\.cache\kagglehub\datasets\salmaneunus\mechanical-tools-dataset\versions\20\Mechanical Tools Image dataset\Mechanical Tools Image dataset\pliers\000330.jpg,pliers,exito,0.0,0.0,0.0,0.0,0.0,0.0,0.0,0.0,0.0,0.0,0.0,0.0,0.0,0.0,0.0,0.0,0.0,0.0,0.0,0.0,0.0,0.0,0.0,0.0,0.0
C:\Users\damba\.cache\kagglehub\datasets\salmaneunus\mechanical-tools-dataset\versions\20\Mechanical Tools Image dataset\Mechanical Tools Image dataset\pliers\000331.jpg,pliers,exito,0.3183098861837906,0.014433530254722847,0.016341270107229272,0.008414344961391278,0.016723986524423015,0.0860635564690954,0.055100724370500766,0.0063716388450652545,0.039440204389018366,0.02212995105076293,0.10099803770732034,0.06690426173313167,0.1384444491242481,0.02903622518662516,0.016853292815929913,0.03232931095937626,0.033364978165990475,0.031938416639697244,0.02097733177302656,0.0394905714056059,0.23812464257369434,0.05650612991667231,0.09337474206446955,0.08029507369817392,0.08150355377725238
C:\Users\damba\.cache\kagglehub\datasets\salmaneunus\mechanical-tools-dataset\versions\20\Mechanical Tools Image dataset\Mechanical Tools Image dataset\pliers\000332.jpg,pliers,exito,0.3183098861837907,0.5203084998307316,0.5860709307702119,0.5066097457714467,0.4446850261731811,0.2707800535431881,0.23583626832624233,0.20797708247991484,0.15629188697614702,0.16890452658941954,0.38739740385087335,0.5156804539919028,0.17674312156262056,0.47106865675281506,0.6729474812703508,0.72892709975793,0.3477689176833264,0.6593743303535816,0.784857692086043,0.6825636372121784,0.06550414820644793,0.533092749318661,0.6167033662926991,0.710606309343642,0.3935201066280259
C:\Users\damba\.cache\kagglehub\datasets\salmaneunus\mechanical-tools-dataset\versions\20\Mechanical Tools Image dataset\Mechanical Tools Image dataset\pliers\000333.jpg,pliers,exito,0.0,0.0,0.0,0.0,0.0,0.0,0.0,0.0,0.0,0.0,0.0,0.0,0.0,0.0,0.0,0.0,0.0,0.0,0.0,0.0,0.0,0.0,0.0,0.0,0.0
C:\Users\damba\.cache\kagglehub\datasets\salmaneunus\mechanical-tools-dataset\versions\20\Mechanical Tools Image dataset\Mechanical Tools Image dataset\pliers\000334.jpg,pliers,exito,0.0,0.0,0.0,0.0,0.0,0.0,0.0,0.0,0.0,0.0,0.0,0.0,0.0,0.0,0.0,0.0,0.0,0.0,0.0,0.0,0.0,0.0,0.0,0.0,0.0
C:\Users\damba\.cache\kagglehub\datasets\salmaneunus\mechanical-tools-dataset\versions\20\Mechanical Tools Image dataset\Mechanical Tools Image dataset\pliers\000335.jpg,pliers,exito,0.0,0.0,0.0,0.0,0.0,0.0,0.0,0.0,0.0,0.0,0.0,0.0,0.0,0.0,0.0,0.0,0.0,0.0,0.0,0.0,0.0,0.0,0.0,0.0,0.0
C:\Users\damba\.cache\kagglehub\datasets\salmaneunus\mechanical-tools-dataset\versions\20\Mechanical Tools Image dataset\Mechanical Tools Image dataset\pliers\000336.jpg,pliers,exito,0.3183098861837906,0.04135501166028968,0.0011435349026479547,0.06589875248165729,0.09090256952348533,0.06046870832641059,0.02866385286632107,0.09942281191120071,0.01324441029290751,0.1351777330550046,0.11430558547508397,0.04135513938053253,0.10277637914612231,0.11138380878386582,0.04221112133897344,0.08790161668959263,0.11740216649447029,0.14461662277091253,0.03892932071193702,0.13945644451460104,0.18847928533962155,0.09426162626478791,0.1141193087729405,0.16324661827904743,0.09850231104181588
C:\Users\damba\.cache\kagglehub\datasets\salmaneunus\mechanical-tools-dataset\versions\20\Mechanical Tools Image dataset\Mechanical Tools Image dataset\pliers\000337.jpg,pliers,exito,0.3183098861837906,0.050142461467707074,0.002645364629772898,0.06273580611522903,0.10284749878238478,0.0636218128165379,0.048577236089215985,0.086881116664541,0.010163025971417407,0.14413829996005662,0.12490246679202578,0.04018132826529825,0.1593868746234835,0.08709523652429094,0.0464286503676029,0.09475650781611861,0.13494049974093722,0.17090173782972087,0.05995540199908708,0.15457235454573037,0.29894600111827285,0.09447627109774268,0.13104056329364033,0.20938595107998,0.11956134064704463
C:\Users\damba\.cache\kagglehub\datasets\salmaneunus\mechanical-tools-dataset\versions\20\Mechanical Tools Image dataset\Mechanical Tools Image dataset\pliers\000338.jpg,pliers,exito,0.3183098861837906,0.013290806799138931,0.016490564481754334,0.008246258465394521,0.03805354748674537,0.0846662041606,0.05031512500696186,0.01870301423442518,0.056496978566159886,0.07400158965316014,0.11195434508017481,0.07868329913973898,0.1081973673046443,0.0973205374582986,0.0606441714635089,0.05264664949909499,0.08919770254733463,0.07192858336944395,0.05796775264720261,0.05329704445775232,0.15775125915942248,0.18482434692464836,0.03387769255377785,0.13682728841258385,0.06447300569772745
C:\Users\damba\.cache\kagglehub\datasets\salmaneunus\mechanical-tools-dataset\versions\20\Mechanical Tools Image dataset\Mechanical Tools Image dataset\pliers\000339.jpg,pliers,exito,0.0,0.0,0.0,0.0,0.0,0.0,0.0,0.0,0.0,0.0,0.0,0.0,0.0,0.0,0.0,0.0,0.0,0.0,0.0,0.0,0.0,0.0,0.0,0.0,0.0
C:\Users\damba\.cache\kagglehub\datasets\salmaneunus\mechanical-tools-dataset\versions\20\Mechanical Tools Image dataset\Mechanical Tools Image dataset\pliers\000340.jpg,pliers,exito,0.31830988618379075,0.040199312693583615,0.09848814670846665,0.09157511568959806,0.04627743332786936,0.01646751972298055,0.11495494722967806,0.06903252218407922,0.018166311325355563,0.044254219476860555,0.05639873163354802,0.026832444251668027,0.1255088161255924,0.059917467750702925,0.029494720391620377,0.016210140875266284,0.021647070147821575,0.06198261375926868,0.04959803838599744,0.026658965175353412,0.12878991028003145,0.20085337517860472,0.03680258913950228,0.0733174233661755,0.10664354945491551
C:\Users\damba\.cache\kagglehub\datasets\salmaneunus\mechanical-tools-dataset\versions\20\Mechanical Tools Image dataset\Mechanical Tools Image dataset\pliers\000341.jpg,pliers,exito,0.3183098861837906,0.051536520183696734,0.0010174176149437214,0.0027595696529401485,0.1117463639140275,0.009070845181446815,0.029504953093292284,0.014262265036082713,0.01240287021044009,0.1683500744463245,0.04018727924110862,0.16023320993061974,0.1048675678603549,0.04525027557757612,0.06966019322307379,0.17852682608529435,0.16872685566112305,0.05132746914784506,0.19735113885472597,0.06007208807660283,0.18789306522735205,0.10137712664893167,0.15034828262737926,0.2186885064312635,0.09031888617710568
C:\Users\damba\.cache\kagglehub\datasets\salmaneunus\mechanical-tools-dataset\versions\20\Mechanical Tools Image dataset\Mechanical Tools Image dataset\pliers\000342.jpg,pliers,exito,0.31830988618379047,0.03175746787601843,0.043132134426283573,0.04188241660652736,0.06566751141237168,0.05632838453946875,0.06098116971756289,0.025953560773127878,0.04336384534086741,0.09064239628931428,0.09434687394831179,0.07267999173944217,0.050779147435129,0.08835386639635996,0.09022891805698666,0.07185762700621806,0.09245507149405364,0.11030278719371706,0.08336008718683438,0.09449719226997827,0.003031523934581395,0.24088429940725667,0.1366759181873274,0.18868033396036973,0.08826284311929396
C:\Users\damba\.cache\kagglehub\datasets\salmaneunus\mechanical-tools-dataset\versions\20\Mechanical Tools Image dataset\Mechanical Tools Image dataset\pliers\000343.jpg,pliers,exito,0.0,0.0,0.0,0.0,0.0,0.0,0.0,0.0,0.0,0.0,0.0,0.0,0.0,0.0,0.0,0.0,0.0,0.0,0.0,0.0,0.0,0.0,0.0,0.0,0.0
C:\Users\damba\.cache\kagglehub\datasets\salmaneunus\mechanical-tools-dataset\versions\20\Mechanical Tools Image dataset\Mechanical Tools Image dataset\pliers\000344.jpg,pliers,exito,0.0,0.0,0.0,0.0,0.0,0.0,0.0,0.0,0.0,0.0,0.0,0.0,0.0,0.0,0.0,0.0,0.0,0.0,0.0,0.0,0.0,0.0,0.0,0.0,0.0
C:\Users\damba\.cache\kagglehub\datasets\salmaneunus\mechanical-tools-dataset\versions\20\Mechanical Tools Image dataset\Mechanical Tools Image dataset\pliers\000345.jpg,pliers,exito,0.0,0.0,0.0,0.0,0.0,0.0,0.0,0.0,0.0,0.0,0.0,0.0,0.0,0.0,0.0,0.0,0.0,0.0,0.0,0.0,0.0,0.0,0.0,0.0,0.0
C:\Users\damba\.cache\kagglehub\datasets\salmaneunus\mechanical-tools-dataset\versions\20\Mechanical Tools Image dataset\Mechanical Tools Image dataset\pliers\000346.jpg,pliers,exito,0.3183098861837906,0.003673536199062339,0.017259393934974623,0.008653348981842229,0.009336812489945476,0.08553630616525382,0.05741060691003953,0.004446693994802865,0.04569681147444475,0.03638042640480094,0.10381402657694783,0.07087492498330425,0.13749629810700317,0.04820756752210482,0.013386792074478715,0.03937873216091094,0.04952571461220537,0.03916980414320582,0.030744790224772615,0.043947958481760564,0.22635319215592953,0.09384874746911401,0.0495600274182117,0.09878082459890478,0.07558449027002827
C:\Users\damba\.cache\kagglehub\datasets\salmaneunus\mechanical-tools-dataset\versions\20\Mechanical Tools Image dataset\Mechanical Tools Image dataset\pliers\000347.jpg,pliers,exito,0.0,0.0,0.0,0.0,0.0,0.0,0.0,0.0,0.0,0.0,0.0,0.0,0.0,0.0,0.0,0.0,0.0,0.0,0.0,0.0,0.0,0.0,0.0,0.0,0.0
C:\Users\damba\.cache\kagglehub\datasets\salmaneunus\mechanical-tools-dataset\versions\20\Mechanical Tools Image dataset\Mechanical Tools Image dataset\pliers\000348.jpg,pliers,exito,0.0,0.0,0.0,0.0,0.0,0.0,0.0,0.0,0.0,0.0,0.0,0.0,0.0,0.0,0.0,0.0,0.0,0.0,0.0,0.0,0.0,0.0,0.0,0.0,0.0
C:\Users\damba\.cache\kagglehub\datasets\salmaneunus\mechanical-tools-dataset\versions\20\Mechanical Tools Image dataset\Mechanical Tools Image dataset\pliers\000349.jpg,pliers,exito,0.3183098861837907,0.22545497670513878,0.055569310456578785,0.09112593028565778,0.14784117795304236,0.15916491267014224,0.019195180700129107,0.061733112617643866,0.03757621768521029,0.09224964250756482,0.029582239240593142,0.06278399920789064,0.17059893779981544,0.10182091400152762,0.12324766042745301,0.04040453866441818,0.1261833521009533,0.048341403709781725,0.02761692826999647,0.11007605170970372,0.09787513219086424,0.14060752543791114,0.09990050977739183,0.18637722749719013,0.09671197891552363
C:\Users\damba\.cache\kagglehub\datasets\salmaneunus\mechanical-tools-dataset\versions\20\Mechanical Tools Image dataset\Mechanical Tools Image dataset\pliers\000350.jpg,pliers,exito,0.0,0.0,0.0,0.0,0.0,0.0,0.0,0.0,0.0,0.0,0.0,0.0,0.0,0.0,0.0,0.0,0.0,0.0,0.0,0.0,0.0,0.0,0.0,0.0,0.0
C:\Users\damba\.cache\kagglehub\datasets\salmaneunus\mechanical-tools-dataset\versions\20\Mechanical Tools Image dataset\Mechanical Tools Image dataset\pliers\000351.jpg,pliers,exito,0.31830988618379064,0.008867525200789225,0.05106434598624081,0.031056255494845645,0.0020635178002999066,0.0010572947274998538,0.0626328910692543,0.04729918849589023,0.04652263560972373,0.029929459601039824,0.025685917768805636,0.08824504295274913,0.023244992037425152,0.05476909024718018,0.15828905744616847,0.15190715615178876,0.07632702758494565,0.10890623893375684,0.05552429278624387,0.15748485885620123,0.053839772891179055,0.056732115075566455,0.27482954542312654,0.19934207668531345,0.10452488802158746
C:\Users\damba\.cache\kagglehub\datasets\salmaneunus\mechanical-tools-dataset\versions\20\Mechanical Tools Image dataset\Mechanical Tools Image dataset\pliers\000352.jpg,pliers,exito,0.31830988618379047,0.02268927830417455,0.03032197704390803,0.002723588049920245,0.04620266019069385,0.06663798104089166,0.004878677222897132,0.014632049058079927,0.08017693008921081,0.06946368239983944,0.11344600138016142,0.11157558921824437,0.12073520059441833,0.047272793612027735,0.016111898979619985,0.02550717447332651,0.09175083194458042,0.14855182581480464,0.14297854333712326,0.13324366645796593,0.2559783291761985,0.10072695993383675,0.1943013457265497,0.0843231303996588,0.39687539538449423
C:\Users\damba\.cache\kagglehub\datasets\salmaneunus\mechanical-tools-dataset\versions\20\Mechanical Tools Image dataset\Mechanical Tools Image dataset\pliers\000353.jpg,pliers,exito,0.3183098861837905,0.026777730358129755,0.020411042736255748,0.03710078667134627,0.06213984150570836,0.050037446513021396,0.020587051223212607,0.07188049256176941,0.05257803907800321,0.09680502606024138,0.08653605789250075,0.0893227842313476,0.0020212436647980892,0.10956570739404839,0.07962172608303199,0.10478427513742104,0.08015547186019635,0.08001404302275887,0.04130262050400868,0.09812091849454857,0.04733604897410541,0.1208593797237494,0.1132871525068973,0.11988609618051162,0.060485751224370714
C:\Users\damba\.cache\kagglehub\datasets\salmaneunus\mechanical-tools-dataset\versions\20\Mechanical Tools Image dataset\Mechanical Tools Image dataset\pliers\000354.jpg,pliers,exito,0.0,0.0,0.0,0.0,0.0,0.0,0.0,0.0,0.0,0.0,0.0,0.0,0.0,0.0,0.0,0.0,0.0,0.0,0.0,0.0,0.0,0.0,0.0,0.0,0.0
C:\Users\damba\.cache\kagglehub\datasets\salmaneunus\mechanical-tools-dataset\versions\20\Mechanical Tools Image dataset\Mechanical Tools Image dataset\pliers\000355.jpg,pliers,exito,0.0,0.0,0.0,0.0,0.0,0.0,0.0,0.0,0.0,0.0,0.0,0.0,0.0,0.0,0.0,0.0,0.0,0.0,0.0,0.0,0.0,0.0,0.0,0.0,0.0
C:\Users\damba\.cache\kagglehub\datasets\salmaneunus\mechanical-tools-dataset\versions\20\Mechanical Tools Image dataset\Mechanical Tools Image dataset\pliers\000356.jpg,pliers,exito,0.0,0.0,0.0,0.0,0.0,0.0,0.0,0.0,0.0,0.0,0.0,0.0,0.0,0.0,0.0,0.0,0.0,0.0,0.0,0.0,0.0,0.0,0.0,0.0,0.0
C:\Users\damba\.cache\kagglehub\datasets\salmaneunus\mechanical-tools-dataset\versions\20\Mechanical Tools Image dataset\Mechanical Tools Image dataset\pliers\000357.jpg,pliers,exito,0.3183098861837906,0.12336435217279236,0.07428490912987976,0.09081259678569308,0.020817752737859192,0.03952744689319194,0.016969986223012636,0.09296287597607199,0.05632174739980502,0.05120403752024137,0.03396183404279858,0.15835312481609745,0.06637837582087469,0.05629643972112354,0.07576859869381825,0.1431181471421197,0.0739403476592203,0.12543099517394074,0.07973600171893058,0.13663736200343313,0.15680282680723143,0.09271510264240804,0.24376934723852794,0.1583392019305051,0.05439044788486547
C:\Users\damba\.cache\kagglehub\datasets\salmaneunus\mechanical-tools-dataset\versions\20\Mechanical Tools Image dataset\Mechanical Tools Image dataset\pliers\000358.jpg,pliers,exito,0.3183098861837907,0.43702071416911215,0.08654692914807482,0.38503299208200453,0.31291508757145814,0.24176125059180506,0.703819030586863,0.5269193449707475,0.1246660558811005,0.6505984856302326,0.46988821277714937,0.16166248064624586,0.2334691614397669,0.3511422437755126,0.20221615372805754,0.21716267266836822,0.34813679797541375,0.3774016669220414,0.16753878001031988,0.2212529593366994,0.7131496096322573,0.633203236437488,0.5223128982052108,0.44286531452219646,0.1840884848682668
C:\Users\damba\.cache\kagglehub\datasets\salmaneunus\mechanical-tools-dataset\versions\20\Mechanical Tools Image dataset\Mechanical Tools Image dataset\pliers\000359.jpg,pliers,exito,0.3183098861837906,0.03566344111156612,0.007539985437078189,0.004328914406890873,0.08058571042467977,0.008780448581778833,0.005359206335944188,0.01759650037031048,0.01129017308507044,0.12058539356819588,0.03646938637613766,0.15849019111081894,0.005854233983218858,0.03777051966652015,0.034212535121466874,0.1506683045159517,0.09412176322406188,0.032224240910299136,0.15180256866952846,0.08843683870795926,0.004472144262284681,0.04877924877941858,0.0584824883768886,0.15772549986002213,0.07409637594287997
C:\Users\damba\.cache\kagglehub\datasets\salmaneunus\mechanical-tools-dataset\versions\20\Mechanical Tools Image dataset\Mechanical Tools Image dataset\pliers\000360.jpg,pliers,exito,0.31830988618379064,0.014711010229597128,0.05006312709227081,0.05642439700670638,0.01962530203120417,0.06683552034461142,0.05743620355863284,0.09577780211548112,0.034185645931890524,0.026443018796148323,0.08713782180007298,0.027415020604312345,0.007856743568437297,0.130020063645026,0.13526760027850118,0.02193176154775986,0.05131138665982899,0.06425955481431136,0.031838340702404606,0.0143262296936124,0.08923887766117816,0.14079312753173195,0.23514990008050543,0.01447775484165441,0.14815847318625885
C:\Users\damba\.cache\kagglehub\datasets\salmaneunus\mechanical-tools-dataset\versions\20\Mechanical Tools Image dataset\Mechanical Tools Image dataset\pliers\000361.jpg,pliers,exito,0.0,0.0,0.0,0.0,0.0,0.0,0.0,0.0,0.0,0.0,0.0,0.0,0.0,0.0,0.0,0.0,0.0,0.0,0.0,0.0,0.0,0.0,0.0,0.0,0.0
C:\Users\damba\.cache\kagglehub\datasets\salmaneunus\mechanical-tools-dataset\versions\20\Mechanical Tools Image dataset\Mechanical Tools Image dataset\pliers\000362.jpg,pliers,exito,0.3183098861837905,0.041401322089809636,0.025109401179994578,0.03290209024767371,0.09100938415857597,0.04815197894455297,0.04782374012524199,0.053299749344388136,0.04795836685605597,0.14026761745414612,0.07964170077382163,0.10214465075563745,0.08236316333782871,0.10073286564095116,0.08473259438677092,0.13538599808214463,0.15952279562708707,0.07171201727419842,0.12888297828968306,0.1371536652446194,0.12262908778434319,0.17348113859886424,0.12261857581609804,0.2318914803996966,0.03652087931610784
C:\Users\damba\.cache\kagglehub\datasets\salmaneunus\mechanical-tools-dataset\versions\20\Mechanical Tools Image dataset\Mechanical Tools Image dataset\pliers\000363.jpg,pliers,exito,0.0,0.0,0.0,0.0,0.0,0.0,0.0,0.0,0.0,0.0,0.0,0.0,0.0,0.0,0.0,0.0,0.0,0.0,0.0,0.0,0.0,0.0,0.0,0.0,0.0
C:\Users\damba\.cache\kagglehub\datasets\salmaneunus\mechanical-tools-dataset\versions\20\Mechanical Tools Image dataset\Mechanical Tools Image dataset\pliers\000364.jpg,pliers,exito,0.3183098861837907,0.5829213733858367,0.6993791710568548,0.77414723722767,0.6980321408500487,0.8804828475018058,0.4854888414548366,0.6004262894093096,0.8980377838155958,0.1922073352851777,0.4396404626101933,0.8296699653491981,0.25580425099586546,0.12742048359550107,0.2567196608640815,0.6839484523389127,0.6594116715689784,0.40393928238372934,0.11272233381632524,0.47423324654790366,1.0731217883147517,0.9555957904080328,0.5999877136178565,0.12591481833794574,0.22024615318138446
C:\Users\damba\.cache\kagglehub\datasets\salmaneunus\mechanical-tools-dataset\versions\20\Mechanical Tools Image dataset\Mechanical Tools Image dataset\pliers\000365.jpg,pliers,exito,0.0,0.0,0.0,0.0,0.0,0.0,0.0,0.0,0.0,0.0,0.0,0.0,0.0,0.0,0.0,0.0,0.0,0.0,0.0,0.0,0.0,0.0,0.0,0.0,0.0
C:\Users\damba\.cache\kagglehub\datasets\salmaneunus\mechanical-tools-dataset\versions\20\Mechanical Tools Image dataset\Mechanical Tools Image dataset\pliers\000366.jpg,pliers,exito,0.31830988618379064,0.42242930851534843,0.2584239797179467,0.2778368167074478,0.1234133620431167,0.025979370538099907,0.12007039135792648,0.2556368524800593,0.17157056487107425,0.197217694572592,0.17389146921230403,0.29300600936100235,0.16139345782215692,0.23942809420399488,0.1859488402388313,0.4026096347631147,0.24486550318953035,0.18415431003365657,0.3989106817178914,0.4400931957645884,0.12404601691262174,0.335141578567478,0.3325833674066183,0.35638631027053225,0.36014313923020275
C:\Users\damba\.cache\kagglehub\datasets\salmaneunus\mechanical-tools-dataset\versions\20\Mechanical Tools Image dataset\Mechanical Tools Image dataset\pliers\000367.jpg,pliers,exito,0.0,0.0,0.0,0.0,0.0,0.0,0.0,0.0,0.0,0.0,0.0,0.0,0.0,0.0,0.0,0.0,0.0,0.0,0.0,0.0,0.0,0.0,0.0,0.0,0.0
C:\Users\damba\.cache\kagglehub\datasets\salmaneunus\mechanical-tools-dataset\versions\20\Mechanical Tools Image dataset\Mechanical Tools Image dataset\pliers\000368.jpg,pliers,exito,0.3183098861837907,0.5075166468895093,0.40032626092781526,0.5361778139013212,0.13092823091197972,0.41961810588117554,0.34977889176372035,0.1622536860958138,0.2067164657328972,0.6884140445062916,0.34749521833481667,0.04129682638083835,0.9175703906311451,0.7519319436536133,0.35091627452642454,0.2555740659953519,0.774575238889708,0.5340050055531035,0.17328242377515604,0.395954320318746,0.41355502473849426,0.3690949320104215,0.13802954809544993,0.11873313112808472,0.43781464383746255
C:\Users\damba\.cache\kagglehub\datasets\salmaneunus\mechanical-tools-dataset\versions\20\Mechanical Tools Image dataset\Mechanical Tools Image dataset\pliers\000369.jpg,pliers,exito,0.31830988618379047,0.03228821861021813,0.027835128218457517,0.0001640762833632096,0.06476071856803445,0.06668955590280173,0.018012888894775238,0.0002899484720650034,0.07187134913036275,0.09695496688547595,0.10074628715557796,0.10074834307864663,0.1576402087093894,0.0005060827535777714,0.06005856216315333,0.0011711836953637786,0.1271525014601053,0.1335078393935626,0.13352048682327283,0.13337251512472664,0.3244432652667398,0.0009057353257558513,0.31645430786328727,0.0015759327988838466,0.42465193867581175
C:\Users\damba\.cache\kagglehub\datasets\salmaneunus\mechanical-tools-dataset\versions\20\Mechanical Tools Image dataset\Mechanical Tools Image dataset\pliers\000370.jpg,pliers,exito,0.3183098861837906,0.041417304803234654,0.009239387286600245,0.009329336324851207,0.08943633465687414,0.08352111192515156,0.011563527448788245,0.030593538151049243,0.07033109894493045,0.13782679487986854,0.12712190508079285,0.0879572886101014,0.0023068262401930205,0.14165335392830086,0.1242109024316,0.07082997061987577,0.1637366503880026,0.1439312685410968,0.10560739314309324,0.06570952201466292,0.049207737448817915,0.29265160960365444,0.17068045467359838,0.18942648270018392,0.060878599859428166
C:\Users\damba\.cache\kagglehub\datasets\salmaneunus\mechanical-tools-dataset\versions\20\Mechanical Tools Image dataset\Mechanical Tools Image dataset\pliers\000371.jpg,pliers,exito,0.0,0.0,0.0,0.0,0.0,0.0,0.0,0.0,0.0,0.0,0.0,0.0,0.0,0.0,0.0,0.0,0.0,0.0,0.0,0.0,0.0,0.0,0.0,0.0,0.0
C:\Users\damba\.cache\kagglehub\datasets\salmaneunus\mechanical-tools-dataset\versions\20\Mechanical Tools Image dataset\Mechanical Tools Image dataset\pliers\000372.jpg,pliers,exito,0.0,0.0,0.0,0.0,0.0,0.0,0.0,0.0,0.0,0.0,0.0,0.0,0.0,0.0,0.0,0.0,0.0,0.0,0.0,0.0,0.0,0.0,0.0,0.0,0.0
C:\Users\damba\.cache\kagglehub\datasets\salmaneunus\mechanical-tools-dataset\versions\20\Mechanical Tools Image dataset\Mechanical Tools Image dataset\pliers\000373.jpg,pliers,exito,0.3183098861837905,0.01866623221784195,0.018673968423193958,0.03639650508918596,0.030720190831100235,0.041823932284061525,0.006494079892382252,0.059553347186826394,0.04103454696168093,0.05256162659232745,0.034585713047155325,0.09770962697709822,0.052702200504237885,0.08011866413127,0.11289013206805013,0.09851808609322583,0.09087256647340038,0.05737036257875722,0.08862466582464808,0.11718254541818213,0.13603908589848293,0.09910420609404576,0.2157109958253445,0.15218328152160998,0.12616766072517016
C:\Users\damba\.cache\kagglehub\datasets\salmaneunus\mechanical-tools-dataset\versions\20\Mechanical Tools Image dataset\Mechanical Tools Image dataset\pliers\000374.jpg,pliers,exito,0.3183098861837905,0.06591027310570995,0.05141516116729585,0.052515283183084224,0.06039805323355643,0.05129971441432651,0.028319060427786546,0.03444517848256246,0.043715123614255676,0.02829921850490911,0.029733414868210035,0.12639059461983282,0.03229871849101216,0.09134281194613231,0.05816160641582626,0.07029535817017911,0.07557106246598028,0.08903590766333724,0.13696890566429148,0.17118205071829098,0.12035630727813856,0.11687661204401936,0.12854945429636483,0.07071729027874075,0.0313696693623397
C:\Users\damba\.cache\kagglehub\datasets\salmaneunus\mechanical-tools-dataset\versions\20\Mechanical Tools Image dataset\Mechanical Tools Image dataset\pliers\000375.jpg,pliers,exito,0.3183098861837906,0.0394462516334168,0.009990477856617065,0.008535265792723368,0.08595189581918161,0.0835682312821307,0.015126853084735624,0.034537803221768366,0.07023109789115357,0.13532793512077165,0.12742580639019452,0.08874510204634399,0.005811181598069181,0.15309636644684374,0.12443985099066059,0.07104099415638089,0.1679645514157643,0.14610367376029837,0.10781371081696739,0.06664356667531687,0.04086165741254736,0.31254151511487893,0.1708498576931666,0.193047529277298,0.057546332688885274
C:\Users\damba\.cache\kagglehub\datasets\salmaneunus\mechanical-tools-dataset\versions\20\Mechanical Tools Image dataset\Mechanical Tools Image dataset\pliers\000376.jpg,pliers,exito,0.0,0.0,0.0,0.0,0.0,0.0,0.0,0.0,0.0,0.0,0.0,0.0,0.0,0.0,0.0,0.0,0.0,0.0,0.0,0.0,0.0,0.0,0.0,0.0,0.0
C:\Users\damba\.cache\kagglehub\datasets\salmaneunus\mechanical-tools-dataset\versions\20\Mechanical Tools Image dataset\Mechanical Tools Image dataset\pliers\000377.jpg,pliers,exito,0.0,0.0,0.0,0.0,0.0,0.0,0.0,0.0,0.0,0.0,0.0,0.0,0.0,0.0,0.0,0.0,0.0,0.0,0.0,0.0,0.0,0.0,0.0,0.0,0.0
C:\Users\damba\.cache\kagglehub\datasets\salmaneunus\mechanical-tools-dataset\versions\20\Mechanical Tools Image dataset\Mechanical Tools Image dataset\pliers\000378.jpg,pliers,exito,0.0,0.0,0.0,0.0,0.0,0.0,0.0,0.0,0.0,0.0,0.0,0.0,0.0,0.0,0.0,0.0,0.0,0.0,0.0,0.0,0.0,0.0,0.0,0.0,0.0
C:\Users\damba\.cache\kagglehub\datasets\salmaneunus\mechanical-tools-dataset\versions\20\Mechanical Tools Image dataset\Mechanical Tools Image dataset\pliers\000379.jpg,pliers,exito,0.31830988618379064,0.2554980723416747,0.02483570334269493,0.016377868034063887,0.08162541008453657,0.12596145334012884,0.13807776163370594,0.010667329029045521,0.04819173574322098,0.184998794777346,0.13827857947162372,0.14335487728600077,0.1302961213407234,0.04950072520099495,0.18893532620843045,0.02104331627323816,0.16707382687739186,0.2885537294345789,0.10527813007355685,0.3497850497171761,0.41850917587843206,0.10630799821997351,0.41516541596898887,0.06084982311873006,0.5161531627238022
C:\Users\damba\.cache\kagglehub\datasets\salmaneunus\mechanical-tools-dataset\versions\20\Mechanical Tools Image dataset\Mechanical Tools Image dataset\pliers\000380.jpg,pliers,exito,0.0,0.0,0.0,0.0,0.0,0.0,0.0,0.0,0.0,0.0,0.0,0.0,0.0,0.0,0.0,0.0,0.0,0.0,0.0,0.0,0.0,0.0,0.0,0.0,0.0
C:\Users\damba\.cache\kagglehub\datasets\salmaneunus\mechanical-tools-dataset\versions\20\Mechanical Tools Image dataset\Mechanical Tools Image dataset\pliers\000381.jpg,pliers,exito,0.3183098861837905,0.023771693884724065,0.019694979147379662,0.03778076802538876,0.05513386287821796,0.04994297993131891,0.015699530852168995,0.07581986449306835,0.052734215229115124,0.08925120739099379,0.08510621784171027,0.08701051981133914,0.018051785834278203,0.11988667991889433,0.08314782102790476,0.09753977023362362,0.08633590580964799,0.07824870997416532,0.02452426358245777,0.09261361347677831,0.07460454645939833,0.13917681632208245,0.1278824955056925,0.10286987313098375,0.07091928037893329
C:\Users\damba\.cache\kagglehub\datasets\salmaneunus\mechanical-tools-dataset\versions\20\Mechanical Tools Image dataset\Mechanical Tools Image dataset\pliers\000382.jpg,pliers,exito,0.3183098861837907,0.5055887391841766,0.39112214680081414,0.5320292556246966,0.11950359070395272,0.4151101951775118,0.363800807136318,0.18563569399167706,0.20749938026688625,0.6924753334967461,0.36616202651357627,0.07512546165275023,0.8977072224280405,0.741666882526399,0.3640162779609365,0.26207959538415626,0.7337157349615098,0.5145665679054425,0.1842988454021011,0.3948274995984992,0.35382175718606595,0.3397951369963129,0.14303320487700774,0.12709111305374474,0.4325255710931032
C:\Users\damba\.cache\kagglehub\datasets\salmaneunus\mechanical-tools-dataset\versions\20\Mechanical Tools Image dataset\Mechanical Tools Image dataset\pliers\000383.jpg,pliers,exito,0.31830988618379047,0.0388728598607528,0.03377763937963062,0.033882458057217256,0.08607862829999173,0.04915114911968172,0.014177868936717571,0.048983910669369184,0.055912230212727856,0.12938016498112362,0.08612157613943394,0.11829766097573938,0.06638748959075957,0.050550859383830936,0.0885483187578432,0.11543794919248508,0.11563035880780802,0.11106301589445208,0.15627172589920538,0.1322277278851933,0.16241415717803492,0.061108951122256575,0.17069044304077396,0.14321389258077868,0.18836330885250435
C:\Users\damba\.cache\kagglehub\datasets\salmaneunus\mechanical-tools-dataset\versions\20\Mechanical Tools Image dataset\Mechanical Tools Image dataset\pliers\000384.jpg,pliers,exito,0.31830988618379047,0.03663049023432492,0.04156170229375056,0.041826695366500646,0.07412753011268483,0.05621537171577285,0.0528874586730619,0.024420757943327067,0.04511062116515602,0.09970035108531286,0.09681019925202616,0.07431678094333022,0.028637651118304432,0.08951571978523012,0.10062403363364666,0.07468068045943817,0.1009171520844525,0.122035578974014,0.0924750578021957,0.09801156188626745,0.0430516716504025,0.25051606541309335,0.16164790607772167,0.202024043696452,0.08680315525042552
C:\Users\damba\.cache\kagglehub\datasets\salmaneunus\mechanical-tools-dataset\versions\20\Mechanical Tools Image dataset\Mechanical Tools Image dataset\pliers\000385.jpg,pliers,exito,0.31830988618379047,0.02746960747304452,0.044328880626430846,0.04130020480447811,0.057855588740171875,0.05521871513431439,0.06680718583131916,0.02274335033540229,0.043789758555651516,0.08361692274092977,0.09154408360646862,0.07291200581368701,0.06468515630095484,0.1019418370841456,0.09044169759280744,0.07301539265891846,0.0972755654504304,0.10846518700028494,0.08707941561554963,0.09522382662588123,0.013522633836399903,0.26534654472597813,0.1367736567315365,0.19084473857568288,0.09507103924870024
C:\Users\damba\.cache\kagglehub\datasets\salmaneunus\mechanical-tools-dataset\versions\20\Mechanical Tools Image dataset\Mechanical Tools Image dataset\pliers\000386.jpg,pliers,exito,0.31830988618379064,0.2794226519380063,0.07697046672309991,0.038265856552431934,0.05992995636068163,0.191835308274407,0.06581078643657144,0.06053774092658086,0.10029718089781996,0.11924643287849752,0.09248865279281253,0.13676446957404578,0.09431094939889616,0.09658181185986518,0.10368797346611457,0.09948483018489261,0.12986768963171635,0.14639699623996755,0.03485514341272522,0.07181086764769264,0.26157546209824883,0.04585244426133958,0.09926381652659906,0.1316257818389953,0.0635837493222191
C:\Users\damba\.cache\kagglehub\datasets\salmaneunus\mechanical-tools-dataset\versions\20\Mechanical Tools Image dataset\Mechanical Tools Image dataset\pliers\000387.jpg,pliers,exito,0.31830988618379075,0.41384445531380165,0.2713216765229133,0.26390618191034815,0.10245450886619292,0.07168216204150757,0.05841854578052841,0.13865808032484397,0.06100138226614777,0.09695205287100275,0.1818570555103488,0.020967619691869825,0.03336185441360048,0.28512017885250474,0.27247507592196063,0.06734309118809373,0.08505544423697273,0.43242655125956253,0.19947751846428236,0.033754290949092075,0.13287813792317418,0.18009462972905174,0.3961361142114154,0.13240824846043675,0.18789863450364871
C:\Users\damba\.cache\kagglehub\datasets\salmaneunus\mechanical-tools-dataset\versions\20\Mechanical Tools Image dataset\Mechanical Tools Image dataset\pliers\000388.jpg,pliers,exito,0.31830988618379064,0.39382384376186724,0.09642403102531642,0.262947348548788,0.17894738917158057,0.08392745695600859,0.26567614485184254,0.22786932621197495,0.07367319299580247,0.1396984750818739,0.11403216032262073,0.17215186533205754,0.1677556538915971,0.13669867321043236,0.06213164819457232,0.30801102767662514,0.16842493469287734,0.11685852685590764,0.12385737600469911,0.42063479176272095,0.08867421174216775,0.13275849628291841,0.25851029752595905,0.1062234225056885,0.4514886211881942
C:\Users\damba\.cache\kagglehub\datasets\salmaneunus\mechanical-tools-dataset\versions\20\Mechanical Tools Image dataset\Mechanical Tools Image dataset\pliers\000389.jpg,pliers,exito,0.3183098861837905,0.0022301778781846056,0.01705547707207843,0.03692371329751015,0.01687046776823005,0.04400976570850105,0.0014353774580450694,0.06462326669915806,0.04356984322392255,0.04897518455447771,0.049120023946740095,0.0961721867423788,0.057698816806459656,0.0944488967773954,0.08898881752369416,0.10605023922932984,0.07697910269014069,0.037177222446503684,0.07774874477926523,0.1173483011165238,0.1385671680922214,0.11307780487366932,0.1624816102076037,0.1587353779682425,0.09809840191703816
C:\Users\damba\.cache\kagglehub\datasets\salmaneunus\mechanical-tools-dataset\versions\20\Mechanical Tools Image dataset\Mechanical Tools Image dataset\pliers\000390.jpg,pliers,exito,0.31830988618379047,0.03183067391509951,0.04311019808596658,0.042513587879901026,0.06609816160652782,0.05750050513638341,0.06138715935358598,0.03093470997361036,0.041437844266012595,0.09072175205819699,0.0951479306361582,0.07097224656314757,0.05426365361936153,0.07422269323107246,0.08098571596325012,0.06830783594631003,0.08243984272265517,0.10313109137729214,0.07218357033444987,0.09068514702815042,0.011343126462930345,0.20800784745079942,0.11642293176997623,0.17520710737122924,0.08353790115249972
C:\Users\damba\.cache\kagglehub\datasets\salmaneunus\mechanical-tools-dataset\versions\20\Mechanical Tools Image dataset\Mechanical Tools Image dataset\pliers\000391.jpg,pliers,exito,0.0,0.0,0.0,0.0,0.0,0.0,0.0,0.0,0.0,0.0,0.0,0.0,0.0,0.0,0.0,0.0,0.0,0.0,0.0,0.0,0.0,0.0,0.0,0.0,0.0
C:\Users\damba\.cache\kagglehub\datasets\salmaneunus\mechanical-tools-dataset\versions\20\Mechanical Tools Image dataset\Mechanical Tools Image dataset\pliers\000392.jpg,pliers,exito,0.0,0.0,0.0,0.0,0.0,0.0,0.0,0.0,0.0,0.0,0.0,0.0,0.0,0.0,0.0,0.0,0.0,0.0,0.0,0.0,0.0,0.0,0.0,0.0,0.0
C:\Users\damba\.cache\kagglehub\datasets\salmaneunus\mechanical-tools-dataset\versions\20\Mechanical Tools Image dataset\Mechanical Tools Image dataset\pliers\000393.jpg,pliers,exito,0.0,0.0,0.0,0.0,0.0,0.0,0.0,0.0,0.0,0.0,0.0,0.0,0.0,0.0,0.0,0.0,0.0,0.0,0.0,0.0,0.0,0.0,0.0,0.0,0.0
C:\Users\damba\.cache\kagglehub\datasets\salmaneunus\mechanical-tools-dataset\versions\20\Mechanical Tools Image dataset\Mechanical Tools Image dataset\pliers\000394.jpg,pliers,exito,0.31830988618379064,0.3067589584877218,0.06862619194040548,0.04777748455980836,0.0902919056641459,0.10624889471308696,0.007430885102520258,0.05208886042081539,0.06056539795789328,0.12943795712762565,0.1108220024349438,0.267289927375812,0.0722191901475193,0.11745959834343576,0.08467782068690208,0.27801194151651615,0.08793148015940028,0.09507748181868972,0.18344022418350245,0.09759311163645541,0.13996097950229627,0.11762517312885923,0.18705009168427028,0.21480860320757042,0.19102870062884086
C:\Users\damba\.cache\kagglehub\datasets\salmaneunus\mechanical-tools-dataset\versions\20\Mechanical Tools Image dataset\Mechanical Tools Image dataset\pliers\000395.jpg,pliers,exito,0.31830988618379064,0.011068785703459958,0.049620653535361,0.05677572448836111,0.019472072721187967,0.06878871935858594,0.05646542902886835,0.10002876386123262,0.03147466344519127,0.04269811245605405,0.09392642519316982,0.02571448732015472,0.00942311596882615,0.14217024681563584,0.12492553027705303,0.023599201465134726,0.0752107440188586,0.07876532407352677,0.042626861299654935,0.012937170887533683,0.07863098963132975,0.16257752296151737,0.2217770725433223,0.013356239353777617,0.1470663447843793
C:\Users\damba\.cache\kagglehub\datasets\salmaneunus\mechanical-tools-dataset\versions\20\Mechanical Tools Image dataset\Mechanical Tools Image dataset\pliers\000396.jpg,pliers,exito,0.3183098861837906,0.0211651622001122,0.015212005957365432,0.008786874674361777,0.0503390035365012,0.0845553685526169,0.043793455429614575,0.01761736305887991,0.05827150672257599,0.08465075038240602,0.11387453226071113,0.0790435653944602,0.09105939769713658,0.09494990866048796,0.06872675055042907,0.05468141565080813,0.0922670383775346,0.07978397685618195,0.06049868610159691,0.05383021275587711,0.13086513952102471,0.1830950944173477,0.053276837257762784,0.14020967825495734,0.06570929480679387
C:\Users\damba\.cache\kagglehub\datasets\salmaneunus\mechanical-tools-dataset\versions\20\Mechanical Tools Image dataset\Mechanical Tools Image dataset\Rope\000000.jpg,Rope,exito,0.3183098861837905,0.015934129366620527,0.01822849806251086,0.03632108272290168,0.04238578514368084,0.04581064186502933,0.009789295666190386,0.06411828494295473,0.045539669976888894,0.07538993133227846,0.0618140938727674,0.09678205590706003,0.028968288091600656,0.0983789842786904,0.07528981701414779,0.11528854727725864,0.08505833561487165,0.032693992866433194,0.0844366659743797,0.12080160552395339,0.08516798858497623,0.12243123120497107,0.12136206675137272,0.17510649283670518,0.07383274619118158
C:\Users\damba\.cache\kagglehub\datasets\salmaneunus\mechanical-tools-dataset\versions\20\Mechanical Tools Image dataset\Mechanical Tools Image dataset\Rope\000001.jpg,Rope,exito,0.3183098861837906,0.01212188075460407,0.01663054859927265,0.008412575686310157,0.011235298637010147,0.08598746918479976,0.05621003707903697,0.003839363924536996,0.040160053285827516,0.02032774216923316,0.10111884769446254,0.06746644260182784,0.14031877780247698,0.02991669576815345,0.012024340127132238,0.03312227431213739,0.03534720820580482,0.03174108035546374,0.022202069473984055,0.04011240841419252,0.23972188396615224,0.06044648106078256,0.08726315425829856,0.0826074351407184,0.08061461236431589
C:\Users\damba\.cache\kagglehub\datasets\salmaneunus\mechanical-tools-dataset\versions\20\Mechanical Tools Image dataset\Mechanical Tools Image dataset\Rope\000002.jpg,Rope,exito,0.3183098861837906,0.04434839249023854,6.539515975720182e-05,0.06346389668901636,0.09251019377310661,0.061402609256524195,0.035383013774470284,0.08860892768125006,0.012330910663895883,0.1299599211217035,0.1173308726499899,0.040786939798362024,0.12336152077613709,0.09282777430431909,0.03533613074888985,0.09340932825114723,0.11567069013241885,0.15223698796033178,0.055860275215484444,0.15280634986044667,0.23275586790969827,0.10808771809621634,0.10220436315621506,0.2021392404034197,0.11946268641642989
C:\Users\damba\.cache\kagglehub\datasets\salmaneunus\mechanical-tools-dataset\versions\20\Mechanical Tools Image dataset\Mechanical Tools Image dataset\Rope\000003.jpg,Rope,exito,0.0,0.0,0.0,0.0,0.0,0.0,0.0,0.0,0.0,0.0,0.0,0.0,0.0,0.0,0.0,0.0,0.0,0.0,0.0,0.0,0.0,0.0,0.0,0.0,0.0
C:\Users\damba\.cache\kagglehub\datasets\salmaneunus\mechanical-tools-dataset\versions\20\Mechanical Tools Image dataset\Mechanical Tools Image dataset\Rope\000004.jpg,Rope,exito,0.3183098861837907,0.04931686842715338,0.3010461088108852,0.1873046728377384,0.08082393980501162,0.08193863529680726,0.041544804016529706,0.1177145686480498,0.07990697343666675,0.11024529970551897,0.10656358667808476,0.11199744780652583,0.12509991627460781,0.03105742807093225,0.13191254623533083,0.07316660399927676,0.13621238667703095,0.1376121495681247,0.14426487230336826,0.1426522930028521,0.1662586018969507,0.3327353112404664,0.10067920798660346,0.29358756537623865,0.1354136595128727
C:\Users\damba\.cache\kagglehub\datasets\salmaneunus\mechanical-tools-dataset\versions\20\Mechanical Tools Image dataset\Mechanical Tools Image dataset\Rope\000005.jpg,Rope,exito,0.0,0.0,0.0,0.0,0.0,0.0,0.0,0.0,0.0,0.0,0.0,0.0,0.0,0.0,0.0,0.0,0.0,0.0,0.0,0.0,0.0,0.0,0.0,0.0,0.0
C:\Users\damba\.cache\kagglehub\datasets\salmaneunus\mechanical-tools-dataset\versions\20\Mechanical Tools Image dataset\Mechanical Tools Image dataset\Rope\000006.jpg,Rope,exito,0.3183098861837906,0.01825547778817363,0.0026531490754849573,0.032501671727582046,0.043056516728836335,0.0727708426484037,0.04915128330481328,0.05360023620432992,0.08985054154126096,0.06308467943738934,0.1342991065332676,0.1749704870858837,0.16054022659582584,0.08067554521550925,0.08308262668668942,0.04883000751114706,0.03191948296900897,0.18058049828958195,0.23636768357571333,0.03883386947885505,0.2901090998406886,0.13791050327206258,0.11391141495063326,0.09038718880622604,0.2797743864961415
C:\Users\damba\.cache\kagglehub\datasets\salmaneunus\mechanical-tools-dataset\versions\20\Mechanical Tools Image dataset\Mechanical Tools Image dataset\Rope\000007.jpg,Rope,exito,0.3183098861837906,0.046663524971212074,0.007061832744790742,0.01133431491220043,0.0989223385300148,0.08342630329053584,0.001208242897014453,0.019458304614974685,0.07067125429363062,0.14595849376433329,0.1268166178775719,0.0857441238521716,0.026368356003728288,0.10947569759140537,0.12403398644960005,0.07028627901530482,0.15396877755120353,0.13986753800005555,0.09956898158337334,0.0631286603709865,0.0770498200629761,0.2354608652416748,0.1719148537016618,0.17952570039619872,0.06904476490246098
C:\Users\damba\.cache\kagglehub\datasets\salmaneunus\mechanical-tools-dataset\versions\20\Mechanical Tools Image dataset\Mechanical Tools Image dataset\Rope\000008.jpg,Rope,exito,0.3183098861837905,0.005431401539019642,0.01717105514728568,0.03696108739771165,0.023600519809872905,0.04348696574306554,0.002619491963591705,0.06435690550395849,0.04268410339444379,0.05992098569489095,0.04678037051112473,0.09743655759270681,0.05231523459519529,0.09614345630933184,0.08759845318434856,0.10943973601796994,0.0944395474416501,0.04707794616728537,0.0869002054444908,0.1217005653146966,0.12373130300779606,0.12190036802248203,0.1640478685797405,0.17222547178070355,0.09891402190026631
C:\Users\damba\.cache\kagglehub\datasets\salmaneunus\mechanical-tools-dataset\versions\20\Mechanical Tools Image dataset\Mechanical Tools Image dataset\Rope\000009.jpg,Rope,exito,0.3183098861837905,0.03727723645540446,0.023580338808155504,0.03363930548555106,0.08331994143127093,0.047305808364103294,0.03983659764744066,0.05626839933466259,0.04664514441605481,0.1312902178602163,0.07448054701004503,0.10192622634235446,0.06066710299103041,0.10615681768444034,0.07913606290571742,0.1337539928246668,0.15571092946632642,0.05917476190020366,0.1254273668941422,0.13750808545869386,0.08642914127835546,0.17657415348995653,0.11207573411108815,0.2311839784447875,0.0455004918399109
C:\Users\damba\.cache\kagglehub\datasets\salmaneunus\mechanical-tools-dataset\versions\20\Mechanical Tools Image dataset\Mechanical Tools Image dataset\Rope\000010.jpg,Rope,exito,0.31830988618379075,0.16181215885415165,0.08935180308844878,0.08672428870928799,0.06589879167330447,0.09448441980456825,0.036466311831527,0.06180528137935032,0.1050432126984609,0.11207894093040247,0.12315092093422438,0.091518950781029,0.11266624175615927,0.0958535180300628,0.016458827819202063,0.07500638584463787,0.0882904682230187,0.0690405794616241,0.06476478503613614,0.06068613129793004,0.1349122495365128,0.10676601458003872,0.03413167635470935,0.08066673021254912,0.04050597793725765
C:\Users\damba\.cache\kagglehub\datasets\salmaneunus\mechanical-tools-dataset\versions\20\Mechanical Tools Image dataset\Mechanical Tools Image dataset\Rope\000011.jpg,Rope,exito,0.3183098861837905,0.0522577326210212,0.029900963704629385,0.0322410746087988,0.11284478279020074,0.051682459926322505,0.07242972046848041,0.0483181348807735,0.05464474547518686,0.16820050892305158,0.10031768641526229,0.09915229902042322,0.14742066957187805,0.05963688753018903,0.10849693425364745,0.1316934559417912,0.16178351715780528,0.12738071899834158,0.11730809715200248,0.12188196016306914,0.22592564913278473,0.07345224289636809,0.18170406361280148,0.19283702529893235,0.012981172551226019
C:\Users\damba\.cache\kagglehub\datasets\salmaneunus\mechanical-tools-dataset\versions\20\Mechanical Tools Image dataset\Mechanical Tools Image dataset\Rope\000012.jpg,Rope,exito,0.3183098861837905,0.0064471570743104,0.08550294113131235,0.07554413806760345,0.011233406070393855,0.0030589086118050193,0.14365291596043392,0.06307568094045514,0.0183832801490669,0.011977834233741822,0.007927106268253492,0.0011185382084691103,0.1828552273055751,0.050765950550834285,0.012091577516032306,0.011578490279282426,0.007500042169515177,0.006809992539789724,0.0008127109000557112,0.000939095581679927,0.15573444119712923,0.22045570594376185,0.04097896300922334,0.1129317913891613,0.09783924726683478
C:\Users\damba\.cache\kagglehub\datasets\salmaneunus\mechanical-tools-dataset\versions\20\Mechanical Tools Image dataset\Mechanical Tools Image dataset\Rope\000013.jpg,Rope,exito,0.31830988618379047,0.020954029054604972,0.030678855763185253,0.0030595488017043397,0.04229882287407119,0.06657607719368284,0.002758030443133718,0.014725751875340093,0.08258827711062734,0.06353562888113962,0.11714221356586746,0.11499128523697515,0.1145810630379466,0.04904219476302481,0.012620581614727065,0.03126830100328592,0.08726896767549476,0.15457108103982983,0.14863324618956725,0.13259359079274272,0.2468300144250074,0.10411791878089277,0.15621401116490297,0.0976874128841333,0.3886770739617189
C:\Users\damba\.cache\kagglehub\datasets\salmaneunus\mechanical-tools-dataset\versions\20\Mechanical Tools Image dataset\Mechanical Tools Image dataset\Rope\000014.jpg,Rope,exito,0.3183098861837905,0.0486718583895242,0.028195452022573304,0.031637162068291834,0.10506368556206779,0.04966827748542579,0.06384805259766425,0.04728440128691492,0.05056142559246888,0.15844044171135324,0.08887079613645785,0.10245333277590059,0.12588519937894754,0.08613519769936424,0.0978969824907408,0.1376977367100566,0.1709134590704547,0.0982286043510389,0.1353029461723361,0.13568422057174792,0.19695441686749535,0.15917192484537424,0.15573048635200906,0.2307546514803943,0.02042265968507496
C:\Users\damba\.cache\kagglehub\datasets\salmaneunus\mechanical-tools-dataset\versions\20\Mechanical Tools Image dataset\Mechanical Tools Image dataset\Rope\000015.jpg,Rope,exito,0.31830988618379064,0.015212416015216649,0.0501338307353053,0.056279786608803166,0.04206710150550897,0.07718057391811302,0.06329300580941719,0.10860497978581765,0.017601890820757596,0.07618266656549164,0.12342880702416502,0.020288149560438506,0.04030657767762395,0.16750033883138826,0.07084018990795035,0.029358736357878164,0.07452006065163419,0.12396458829019519,0.06752694365598066,0.004790074364549804,0.00818241649701886,0.20068971948902994,0.13612133580679195,0.0014487812885660713,0.1441948816277236
C:\Users\damba\.cache\kagglehub\datasets\salmaneunus\mechanical-tools-dataset\versions\20\Mechanical Tools Image dataset\Mechanical Tools Image dataset\Rope\000016.jpg,Rope,exito,0.3183098861837905,0.041470902398075514,0.02513657411041637,0.034913681619215396,0.09170374557253536,0.05128251273194916,0.04695729924438363,0.06142441466944738,0.054176431387560425,0.13649102227390306,0.09637263144568599,0.09397586168196485,0.0747412591805618,0.08518716493741911,0.09069351368482534,0.11936868567740336,0.11403021445334975,0.10966443049136604,0.07824319556340557,0.10857450229374879,0.08929414180496724,0.0856507287858943,0.1314860695625417,0.1533470251854018,0.03398676693341405
C:\Users\damba\.cache\kagglehub\datasets\salmaneunus\mechanical-tools-dataset\versions\20\Mechanical Tools Image dataset\Mechanical Tools Image dataset\Rope\000017.jpg,Rope,exito,0.31830988618379047,0.034306172530572956,0.042338677883888114,0.041636956012140146,0.06990111997280983,0.05591095023585796,0.056763723725016015,0.023658899265866454,0.04480111904443653,0.09525105643187264,0.09536463173713222,0.07404083117043239,0.038553987574933134,0.09388149092255883,0.09823820736548776,0.07436621701982736,0.10009582298630942,0.11874270399436425,0.09151817325665947,0.09747121322372698,0.02783700171429426,0.256704347336471,0.1557374468768432,0.19973032455805514,0.08912804438893243
C:\Users\damba\.cache\kagglehub\datasets\salmaneunus\mechanical-tools-dataset\versions\20\Mechanical Tools Image dataset\Mechanical Tools Image dataset\Rope\000018.jpg,Rope,exito,0.3183098861837906,0.036610823648558874,0.011006725084843719,0.007633916619215939,0.08089567365807672,0.08365743194757132,0.02008012931466956,0.038007122032525466,0.06972766692498694,0.13098541069905775,0.12730165578860905,0.08921705522264439,0.017805844756154248,0.16286875506063564,0.12277103008753194,0.07067837757343362,0.16933428003490855,0.1459014335599447,0.10824381240944056,0.06714286672248207,0.02536567550839519,0.3278353787388378,0.16659610415282325,0.1948232671756973,0.053960253371636915
C:\Users\damba\.cache\kagglehub\datasets\salmaneunus\mechanical-tools-dataset\versions\20\Mechanical Tools Image dataset\Mechanical Tools Image dataset\Rope\000019.jpg,Rope,exito,0.0,0.0,0.0,0.0,0.0,0.0,0.0,0.0,0.0,0.0,0.0,0.0,0.0,0.0,0.0,0.0,0.0,0.0,0.0,0.0,0.0,0.0,0.0,0.0,0.0
C:\Users\damba\.cache\kagglehub\datasets\salmaneunus\mechanical-tools-dataset\versions\20\Mechanical Tools Image dataset\Mechanical Tools Image dataset\Rope\000020.jpg,Rope,exito,0.3183098861837905,0.019704994466900175,0.01886179756451306,0.03721854785948831,0.046932972842896326,0.04877759023372789,0.01166999337170069,0.07129801689967966,0.050713024280217595,0.0753140894533185,0.07797022325279623,0.08976863887662191,0.02871548479109965,0.10742096491031108,0.08020556336248971,0.10188503593947633,0.05785837096487558,0.057175591286505636,0.04034035371846283,0.09971441639469601,0.09570354855844763,0.11571992002574695,0.12133905853461545,0.11925361653084092,0.07050157068438719
C:\Users\damba\.cache\kagglehub\datasets\salmaneunus\mechanical-tools-dataset\versions\20\Mechanical Tools Image dataset\Mechanical Tools Image dataset\Rope\000021.jpg,Rope,exito,0.3183098861837905,0.048930378231068654,0.028314355562052015,0.03253717402515649,0.10590358652237787,0.051008656018405825,0.06411442868262648,0.04967466426214402,0.05335062857317551,0.157094755419704,0.09601604422983492,0.09915591001461588,0.12423453619792009,0.06668042199600079,0.10156266091650157,0.1310564963497877,0.14660999409772432,0.11420475760632479,0.11479210784811257,0.12313072756300016,0.1832293320994741,0.09002881453117005,0.1624850930466143,0.1950905600904371,0.01675382898335817
C:\Users\damba\.cache\kagglehub\datasets\salmaneunus\mechanical-tools-dataset\versions\20\Mechanical Tools Image dataset\Mechanical Tools Image dataset\Rope\000022.jpg,Rope,exito,0.31830988618379064,0.006604869879219015,0.049248875681834996,0.056730450250123736,0.025206675109561604,0.07407482929605382,0.05725270188863629,0.10648650561366811,0.022812941555814332,0.05494837151693867,0.11159409755243854,0.021952073847618686,0.01940514715139666,0.15962132025487494,0.09149137385668828,0.02733442355620684,0.06171874280520501,0.09940633826788932,0.059562173104099496,0.007921883621803174,0.05142675330288183,0.1854068066806454,0.16868790185453683,0.004702855190997758,0.14497791363876372
C:\Users\damba\.cache\kagglehub\datasets\salmaneunus\mechanical-tools-dataset\versions\20\Mechanical Tools Image dataset\Mechanical Tools Image dataset\Rope\000023.jpg,Rope,exito,0.3183098861837905,0.04187845137961401,0.025296648988946915,0.03359378716291376,0.0917139793640749,0.05000042066543996,0.04817409108460965,0.054407367697217074,0.051616165002066026,0.13567857597962366,0.08925084520443034,0.09805447306098285,0.07952333676988005,0.0780030129309333,0.08955448232378012,0.127239566354936,0.11828614285502276,0.09252792296192895,0.10324210882366691,0.12153539899037695,0.10128649492904929,0.10070083490103618,0.12995177608434733,0.18795350286085727,0.028615033096913906
C:\Users\damba\.cache\kagglehub\datasets\salmaneunus\mechanical-tools-dataset\versions\20\Mechanical Tools Image dataset\Mechanical Tools Image dataset\Rope\000024.jpg,Rope,exito,0.31830988618379047,0.02231589660756497,0.03040116453993363,0.0033887126559161568,0.044101122758325347,0.06655828821014428,0.0038718681230322715,0.016500179273143376,0.08373510336784483,0.0664367658953651,0.11945723669725017,0.11647553219628473,0.11749853327633011,0.05569538843513997,0.017573558405731132,0.03533972920649337,0.09788089270447733,0.16022749207131146,0.15161142172007544,0.13290804034328518,0.25619637493305625,0.11813573311615097,0.1381513566521592,0.11455986503042358,0.38540281053790815
C:\Users\damba\.cache\kagglehub\datasets\salmaneunus\mechanical-tools-dataset\versions\20\Mechanical Tools Image dataset\Mechanical Tools Image dataset\Rope\000025.jpg,Rope,exito,0.3183098861837905,0.020316716220368236,0.018977166983282556,0.03594237667149658,0.05109124949240192,0.0457787601606991,0.01438819049523311,0.06289143174593935,0.045197625528648325,0.08812913686253145,0.062669010044984,0.09824516734742882,0.014024658678342102,0.10074487022240076,0.07355460888946412,0.1200533782508565,0.10391617288723816,0.03703752351150829,0.09521451208409426,0.1258136176586439,0.05430037763354092,0.13515320487140312,0.11602634706107492,0.19095257071415184,0.06942367479135252
C:\Users\damba\.cache\kagglehub\datasets\salmaneunus\mechanical-tools-dataset\versions\20\Mechanical Tools Image dataset\Mechanical Tools Image dataset\Rope\000026.jpg,Rope,exito,0.3183098861837906,0.03814400023457611,0.0023464769723452227,0.06386682384203947,0.08111576824753103,0.05888843500519059,0.022950742241289596,0.08905049397989964,0.015155231747783096,0.11536450040885318,0.10916019089484257,0.041550650357097,0.08977602469179548,0.09919186175883439,0.02454701516966568,0.09274863647511004,0.10706475456285768,0.13373822411512,0.05582291681506316,0.153097675494108,0.17510406441553938,0.13149114914057897,0.07330638968923799,0.2015671531988779,0.12389256040057153
C:\Users\damba\.cache\kagglehub\datasets\salmaneunus\mechanical-tools-dataset\versions\20\Mechanical Tools Image dataset\Mechanical Tools Image dataset\Rope\000027.jpg,Rope,exito,0.0,0.0,0.0,0.0,0.0,0.0,0.0,0.0,0.0,0.0,0.0,0.0,0.0,0.0,0.0,0.0,0.0,0.0,0.0,0.0,0.0,0.0,0.0,0.0,0.0
C:\Users\damba\.cache\kagglehub\datasets\salmaneunus\mechanical-tools-dataset\versions\20\Mechanical Tools Image dataset\Mechanical Tools Image dataset\Rope\000028.jpg,Rope,exito,0.3183098861837905,0.012571275306017149,0.08495408386893563,0.07586778577592294,0.024352061610514283,0.005973070835063553,0.14088802389108668,0.06483763369473738,0.0181270133001028,0.02706387768124428,0.014311798842208267,0.0021709172076033105,0.1759358680631874,0.046117052266884104,0.01321131369934064,0.011447731473056836,0.001220846240726186,0.013135058243151235,0.0008906110217385162,0.001824244572902282,0.14663753253715414,0.213885830979396,0.04350649930657696,0.11293554325130463,0.09769807705655796
C:\Users\damba\.cache\kagglehub\datasets\salmaneunus\mechanical-tools-dataset\versions\20\Mechanical Tools Image dataset\Mechanical Tools Image dataset\Rope\000029.jpg,Rope,exito,0.3183098861837906,0.039208386194673664,0.001958492820726103,0.06535426874927525,0.08571746194048498,0.059609774017854916,0.02449068391033002,0.09605935662318543,0.013951729110177355,0.1252082336337868,0.11105367537076957,0.04158498271753648,0.09151342167461246,0.1041036027124193,0.03641559749958034,0.088997445764111,0.10092628442872542,0.13605847025377144,0.04338995434689439,0.14293556302671476,0.1686555266093584,0.09058773345000237,0.0998320942150024,0.1723766153182463,0.10552503091683282
C:\Users\damba\.cache\kagglehub\datasets\salmaneunus\mechanical-tools-dataset\versions\20\Mechanical Tools Image dataset\Mechanical Tools Image dataset\Rope\000030.jpg,Rope,exito,0.31830988618379047,0.023759958496076518,0.04522444049703197,0.04155123101966326,0.051597249092734165,0.055721826460942155,0.07176629030744512,0.025034910713671202,0.0419988878639671,0.0773810429340685,0.09018525433387763,0.07113735418217589,0.0795723471733702,0.09461981935722057,0.08009191419889411,0.06986207711441222,0.08897038314409306,0.09730425524277789,0.0770845468029096,0.09136319789968636,0.044025943118791835,0.24520620088412604,0.11291193093557304,0.1769941243642468,0.09443907151248959
C:\Users\damba\.cache\kagglehub\datasets\salmaneunus\mechanical-tools-dataset\versions\20\Mechanical Tools Image dataset\Mechanical Tools Image dataset\Rope\000031.jpg,Rope,exito,0.3183098861837905,0.0069008984211269934,0.0854744002426653,0.07538652406995879,0.006909634625871305,0.0032719124694116737,0.14378494070947376,0.06245077687708771,0.018507707810618543,0.0035258849367012044,0.010161264924056147,0.0011999587765162073,0.18394274337497596,0.051790898404674136,0.011421952206146328,0.011642320064869364,0.015732116021893987,0.008044890245782452,0.0015774483468153078,0.0010070332008209266,0.1582648546853521,0.22107717866937202,0.03952939759453599,0.11279814831984575,0.09790817574257904
C:\Users\damba\.cache\kagglehub\datasets\salmaneunus\mechanical-tools-dataset\versions\20\Mechanical Tools Image dataset\Mechanical Tools Image dataset\Rope\000032.jpg,Rope,exito,0.3183098861837906,0.008814094656422725,0.016956889681134873,0.008557228935545287,0.02908588505900124,0.08495240980657046,0.053674214114160186,0.013102450038736557,0.05293372362366712,0.06146723069036703,0.1088492581305924,0.07584637168186442,0.12057439792781491,0.07856199557803606,0.04469647306132136,0.04808365849139143,0.07334135695034481,0.05838348827916609,0.04712152516124283,0.04982073718962165,0.18605411846579903,0.1492960931798184,0.00841147264948818,0.1228566274342785,0.06857761077096833
C:\Users\damba\.cache\kagglehub\datasets\salmaneunus\mechanical-tools-dataset\versions\20\Mechanical Tools Image dataset\Mechanical Tools Image dataset\Rope\000033.jpg,Rope,exito,0.3183098861837906,0.019246931363631852,0.00282836464020223,0.03180946549824613,0.04239827253559605,0.0710652850877976,0.04974180286774429,0.045494066945282824,0.09457709812153647,0.059399077097189154,0.13506114374526337,0.1694154171318024,0.16209613909912984,0.05909245621496483,0.0856748071320291,0.05883187752860972,0.04906966146443811,0.18449536140018633,0.22417313777340744,0.04152488913688514,0.2972642099696236,0.1079582001474755,0.09475623581235187,0.1367206018500928,0.2784156061937781
C:\Users\damba\.cache\kagglehub\datasets\salmaneunus\mechanical-tools-dataset\versions\20\Mechanical Tools Image dataset\Mechanical Tools Image dataset\Rope\000034.jpg,Rope,exito,0.3183098861837906,0.004599193170596655,0.01722330782857172,0.008620953233172916,0.021829184049725326,0.08513950110923385,0.055683151983353205,0.010061949400742839,0.050568764051221876,0.052789834215200795,0.10698923955993955,0.0741887844930778,0.1280490679123237,0.06829289421920562,0.034204230865094165,0.045176603447080126,0.06487126998531759,0.050821590757119874,0.041209629980157425,0.04782648922256756,0.202502399412693,0.1302192577935151,0.01423672012329527,0.11466400499880156,0.07084060996645702
C:\Users\damba\.cache\kagglehub\datasets\salmaneunus\mechanical-tools-dataset\versions\20\Mechanical Tools Image dataset\Mechanical Tools Image dataset\Rope\000035.jpg,Rope,exito,0.3183098861837906,0.016797449280767596,0.015993366178084577,0.008387821354443593,0.043462590829035856,0.08459995023300475,0.04768361146179921,0.018963848288530403,0.057470719457012064,0.07900534645046582,0.11295928161607789,0.0791105218004711,0.10092131071167221,0.09860360666959976,0.06510148989419566,0.05382521327653683,0.09201581027896337,0.0761889191095415,0.06003577885404083,0.05385581418500075,0.1453578987679286,0.1882769701045129,0.043965116631612136,0.1395142992196562,0.06444910531859746
C:\Users\damba\.cache\kagglehub\datasets\salmaneunus\mechanical-tools-dataset\versions\20\Mechanical Tools Image dataset\Mechanical Tools Image dataset\Rope\000036.jpg,Rope,exito,0.0,0.0,0.0,0.0,0.0,0.0,0.0,0.0,0.0,0.0,0.0,0.0,0.0,0.0,0.0,0.0,0.0,0.0,0.0,0.0,0.0,0.0,0.0,0.0,0.0
C:\Users\damba\.cache\kagglehub\datasets\salmaneunus\mechanical-tools-dataset\versions\20\Mechanical Tools Image dataset\Mechanical Tools Image dataset\Rope\000037.jpg,Rope,exito,0.3183098861837905,0.005582388235738313,0.017178891547325114,0.036867065958284845,0.021894688952953097,0.04532326038509225,0.0025450785414357115,0.06579867878897358,0.04537982290697592,0.04946269986724,0.057022504774554214,0.09475546880724868,0.05395426453693773,0.09645704616172715,0.0835770855251928,0.1060452309713629,0.06035821142554511,0.024649624742982504,0.06876364146608689,0.11365112136441594,0.13509088864861526,0.10980226773142213,0.1439787799316729,0.15039143268798627,0.0876923181087513
C:\Users\damba\.cache\kagglehub\datasets\salmaneunus\mechanical-tools-dataset\versions\20\Mechanical Tools Image dataset\Mechanical Tools Image dataset\Rope\000038.jpg,Rope,exito,0.3183098861837905,0.010280742425484818,0.017530108755647804,0.03667035640290012,0.03260134339368226,0.04489104303764443,0.005518787519915477,0.06469667238431659,0.04440097123829101,0.06625139285490073,0.05578047423960207,0.09684026910148588,0.04207623066985922,0.09838578793832935,0.07911637050738804,0.11258185825025104,0.08628259248965582,0.03414253316889953,0.08366826220882631,0.12076207699176117,0.1071928406833432,0.12227585446336198,0.1373761484286346,0.17258399915108857,0.0839987825947268
C:\Users\damba\.cache\kagglehub\datasets\salmaneunus\mechanical-tools-dataset\versions\20\Mechanical Tools Image dataset\Mechanical Tools Image dataset\Rope\000039.jpg,Rope,exito,0.3183098861837905,0.008988259147204638,0.017412747356884323,0.03690626914407777,0.031591668663561896,0.04350740397939175,0.004779170078168514,0.06447259124492931,0.04246576292845021,0.07118973385074558,0.04794034283744123,0.09836073334186618,0.043525619364912393,0.09974103472977473,0.08329157692091083,0.11362313427729476,0.1079095181768187,0.05034533613927529,0.09392445153021067,0.1255063492153121,0.10322334883215041,0.13248634072879512,0.1566135429677343,0.18506018385357356,0.09463967651336432
C:\Users\damba\.cache\kagglehub\datasets\salmaneunus\mechanical-tools-dataset\versions\20\Mechanical Tools Image dataset\Mechanical Tools Image dataset\Rope\000040.jpg,Rope,exito,0.3183098861837905,0.017793611503262544,0.018524040870222882,0.03622474538926083,0.02056283727336485,0.04436583540488564,0.004535328032595884,0.06225894739067857,0.04487571288752759,0.005810522674910217,0.04858711625490411,0.09308512745640779,0.06270283538931805,0.08495516836378435,0.11283172094864358,0.08899181567808558,0.02854420487267123,0.011821331571479991,0.05522074595766973,0.1041241847750966,0.16697266477364747,0.09021880463541525,0.20163009526574466,0.11073268838532443,0.11559044514848944
C:\Users\damba\.cache\kagglehub\datasets\salmaneunus\mechanical-tools-dataset\versions\20\Mechanical Tools Image dataset\Mechanical Tools Image dataset\Rope\000041.jpg,Rope,exito,0.3183098861837905,0.01957220768062045,0.01883722013066505,0.037332256300136896,0.04639098854745934,0.04884950557461017,0.011332810781408471,0.07204309504073626,0.050888864130094066,0.07485761705918358,0.07826301502359966,0.08926749731904608,0.03014165792692534,0.10926985831463426,0.08117227350525583,0.10051550067572636,0.059980487878167364,0.05831683257066509,0.036961085550327795,0.09839702074080638,0.09823942421511624,0.11876912180163059,0.12418381865887541,0.1154474275675976,0.07196408767998466
C:\Users\damba\.cache\kagglehub\datasets\salmaneunus\mechanical-tools-dataset\versions\20\Mechanical Tools Image dataset\Mechanical Tools Image dataset\Rope\000042.jpg,Rope,exito,0.3183098861837905,0.009204235939796948,0.0174312630717993,0.036732108924897984,0.029317660662198777,0.04549407107686062,0.0045558651904388965,0.06540521978253028,0.04543608999451823,0.05871009724657737,0.0586974627852403,0.09541414792583104,0.04645746931656871,0.09718263766457189,0.07994468114433607,0.10934785084466331,0.06841926599255385,0.027429780892444574,0.07389027455264302,0.11605858473042693,0.11970022366044918,0.11353210576870088,0.13512434917477523,0.1589164655509835,0.08267479387327482
C:\Users\damba\.cache\kagglehub\datasets\salmaneunus\mechanical-tools-dataset\versions\20\Mechanical Tools Image dataset\Mechanical Tools Image dataset\Rope\000043.jpg,Rope,exito,0.3183098861837905,0.014842397731929307,0.018070163167659255,0.03674930984314467,0.018155100551609585,0.04576923526493716,0.003213235890808943,0.066544130590094,0.046869135016032674,0.018291293979492466,0.05725212671259106,0.09090081326070865,0.06354106383664235,0.09539064345269918,0.10508157517539471,0.08906787562723058,0.022612342713372785,0.012247241107658298,0.041205608313724336,0.10010841648557287,0.16618546917104207,0.10180528566725466,0.18381311670055328,0.10328851151882025,0.1050282783820322
C:\Users\damba\.cache\kagglehub\datasets\salmaneunus\mechanical-tools-dataset\versions\20\Mechanical Tools Image dataset\Mechanical Tools Image dataset\Rope\000044.jpg,Rope,exito,0.3183098861837905,0.022418270020379827,0.0194003860378543,0.035835468006783035,0.03307606494889158,0.04238319702655194,0.008575571964064277,0.057807460259098456,0.04199676454712092,0.04069855315839134,0.037061155660895045,0.09647827080760364,0.05238410495443239,0.07478191396702306,0.11981014061703907,0.09244082220329101,0.06894607232735708,0.041726392686128974,0.07941074841237651,0.11158519815678773,0.1455128677845803,0.084789869284384,0.2225484394071993,0.1319615096143566,0.12862045636467695
C:\Users\damba\.cache\kagglehub\datasets\salmaneunus\mechanical-tools-dataset\versions\20\Mechanical Tools Image dataset\Mechanical Tools Image dataset\Rope\000045.jpg,Rope,exito,0.0,0.0,0.0,0.0,0.0,0.0,0.0,0.0,0.0,0.0,0.0,0.0,0.0,0.0,0.0,0.0,0.0,0.0,0.0,0.0,0.0,0.0,0.0,0.0,0.0
C:\Users\damba\.cache\kagglehub\datasets\salmaneunus\mechanical-tools-dataset\versions\20\Mechanical Tools Image dataset\Mechanical Tools Image dataset\Rope\000046.jpg,Rope,exito,0.31830988618379075,0.28392743615274124,0.12958295190092042,0.07286284025422314,0.26532274601405453,0.1307481503845654,0.04825281908499336,0.19053441249148148,0.14402854886194386,0.0904771411219187,0.05192199537780773,0.13620221397171425,0.09961054155962473,0.14371553874782733,0.20290202380368505,0.189457963397834,0.12395644143911705,0.1946062148968991,0.16688076628386123,0.19313297671338345,0.19670587232175535,0.07189658536713961,0.07428921731727665,0.08355222827551168,0.15384376675679645
C:\Users\damba\.cache\kagglehub\datasets\salmaneunus\mechanical-tools-dataset\versions\20\Mechanical Tools Image dataset\Mechanical Tools Image dataset\Rope\000047.jpg,Rope,exito,0.0,0.0,0.0,0.0,0.0,0.0,0.0,0.0,0.0,0.0,0.0,0.0,0.0,0.0,0.0,0.0,0.0,0.0,0.0,0.0,0.0,0.0,0.0,0.0,0.0
C:\Users\damba\.cache\kagglehub\datasets\salmaneunus\mechanical-tools-dataset\versions\20\Mechanical Tools Image dataset\Mechanical Tools Image dataset\Rope\000048.jpg,Rope,exito,0.3183098861837906,0.036524977756661824,0.011036311385994433,0.01012779470383536,0.07888881709185026,0.08400621854088176,0.021972960259855057,0.0176029089521811,0.06498154037231778,0.11797040538790378,0.12087219478715479,0.08220167340694472,0.03127544517295918,0.10025683120645894,0.09837342805016575,0.06290413000037584,0.11871447830895057,0.11085501842461841,0.0783638547185556,0.05815810109442489,0.027972096740055113,0.20457202390893847,0.11455232770123906,0.15940833968877963,0.06727007415072633
C:\Users\damba\.cache\kagglehub\datasets\salmaneunus\mechanical-tools-dataset\versions\20\Mechanical Tools Image dataset\Mechanical Tools Image dataset\Rope\000049.jpg,Rope,exito,0.3183098861837906,0.21184179453300572,0.111163007550443,0.10234147293316166,0.19392401002647242,0.21534613218650148,0.01264402318168207,0.06040309887784663,0.10226691779687797,0.032666036076986045,0.19792293864378083,0.07378203595084222,0.005924974428722409,0.026258895929476615,0.051096292388558624,0.18570797154385565,0.12870567017400059,0.06654434877745005,0.21577610276744727,0.05571328455222629,0.21952993829563094,0.03497501130602494,0.182455716445522,0.2224506308888989,0.21041262468125133
C:\Users\damba\.cache\kagglehub\datasets\salmaneunus\mechanical-tools-dataset\versions\20\Mechanical Tools Image dataset\Mechanical Tools Image dataset\Rope\000050.jpg,Rope,exito,0.3183098861837905,0.006855633389413693,0.08547733459944636,0.07550280953947125,0.01070933399511846,0.0032521199580916606,0.1436132353320432,0.06292686853115564,0.018416075201212728,0.010877604913536931,0.008951946043981383,0.0011901111233097875,0.18300131319714943,0.05096413128588644,0.011913114153466684,0.011595259281800755,0.010781328083957733,0.007477275047800262,0.0011034070616014466,0.0009990755385491299,0.15628438854710372,0.22046388387024543,0.040588949029852994,0.11288921256005831,0.0978573179024195
C:\Users\damba\.cache\kagglehub\datasets\salmaneunus\mechanical-tools-dataset\versions\20\Mechanical Tools Image dataset\Mechanical Tools Image dataset\Rope\000051.jpg,Rope,exito,0.3183098861837905,0.008619524114345373,0.08534870293590462,0.07536900660760165,0.01002374290880702,0.0040864445094454,0.14329691441288228,0.06247970823020045,0.018521880449457087,0.007749231807265347,0.012357509393224914,0.0014991804101986595,0.18312129406238442,0.05140722588411782,0.011308229520477317,0.011649523517446225,0.01830791877335507,0.009912444693721274,0.0018466138579030685,0.0012580866664785037,0.15777513288750483,0.22009670923822192,0.03928349128415651,0.11273000704873708,0.0979158639069042
C:\Users\damba\.cache\kagglehub\datasets\salmaneunus\mechanical-tools-dataset\versions\20\Mechanical Tools Image dataset\Mechanical Tools Image dataset\Rope\000052.jpg,Rope,exito,0.0,0.0,0.0,0.0,0.0,0.0,0.0,0.0,0.0,0.0,0.0,0.0,0.0,0.0,0.0,0.0,0.0,0.0,0.0,0.0,0.0,0.0,0.0,0.0,0.0
C:\Users\damba\.cache\kagglehub\datasets\salmaneunus\mechanical-tools-dataset\versions\20\Mechanical Tools Image dataset\Mechanical Tools Image dataset\Rope\000053.jpg,Rope,exito,0.31830988618379047,0.007170513122685561,0.08050982280810755,0.030141615684656654,0.021154207807009537,0.041157499562865706,0.11183014509165341,0.04751332323056419,0.08230109623778852,0.05657836804862423,0.061092292891616704,0.049131571739724204,0.08826069399358581,0.05926392185907979,0.2006650720563605,0.07040134757793956,0.10774703603377776,0.10209514699906985,0.05399551796493124,0.08247245193420738,0.015312206832826133,0.06183892372965879,0.3185875168970019,0.08130644283619712,0.18246987180934632
C:\Users\damba\.cache\kagglehub\datasets\salmaneunus\mechanical-tools-dataset\versions\20\Mechanical Tools Image dataset\Mechanical Tools Image dataset\Rope\000054.jpg,Rope,exito,0.3183098861837906,0.022927434955917272,0.014845838335465558,0.008614415078402672,0.05410980529436542,0.08441731307151622,0.04151399752844792,0.020331381974892215,0.059927305924079875,0.09050469769370473,0.11549105373536489,0.08046774579704803,0.08344147146856977,0.10427022941103453,0.07619677414382944,0.056889452900314004,0.101277237923008,0.08732469699502138,0.06650910144858288,0.055623145292220476,0.114131751550559,0.2017640721388997,0.0666499791060248,0.14734892508260583,0.06384286040357878
C:\Users\damba\.cache\kagglehub\datasets\salmaneunus\mechanical-tools-dataset\versions\20\Mechanical Tools Image dataset\Mechanical Tools Image dataset\Rope\000055.jpg,Rope,exito,0.0,0.0,0.0,0.0,0.0,0.0,0.0,0.0,0.0,0.0,0.0,0.0,0.0,0.0,0.0,0.0,0.0,0.0,0.0,0.0,0.0,0.0,0.0,0.0,0.0
C:\Users\damba\.cache\kagglehub\datasets\salmaneunus\mechanical-tools-dataset\versions\20\Mechanical Tools Image dataset\Mechanical Tools Image dataset\Rope\000056.jpg,Rope,exito,0.3183098861837905,0.029728121167365593,0.0363362558845542,0.05070463525542693,0.06393967024132072,0.09969717739333184,0.10626531003922482,0.06792934604227198,0.06170834508354036,0.09063845223335118,0.17815451194984133,0.10193137959736222,0.24263227129495465,0.05411200779050557,0.01841078017232325,0.10471205424628258,0.068086525726715,0.2441169340250316,0.13716805573722055,0.07787237372836299,0.405224460511201,0.018707468435477527,0.06451789292740212,0.22029365369055154,0.17283945157169223
C:\Users\damba\.cache\kagglehub\datasets\salmaneunus\mechanical-tools-dataset\versions\20\Mechanical Tools Image dataset\Mechanical Tools Image dataset\Rope\000057.jpg,Rope,exito,0.3183098861837905,0.011945140063936977,0.01770443277730214,0.03685444584231246,0.032260380057096194,0.04675928460802688,0.00563414333388569,0.06723332313399716,0.04747575049490824,0.05728025361830674,0.06573287356198475,0.0930798695934537,0.04504630113117694,0.09867984703667959,0.07999445386149495,0.10552538187897569,0.047111916092693995,0.02871407821823993,0.0590464879935769,0.1089785577300789,0.12248433819192399,0.10701313235815811,0.12842846156755192,0.14023819643370253,0.07797214256279325
C:\Users\damba\.cache\kagglehub\datasets\salmaneunus\mechanical-tools-dataset\versions\20\Mechanical Tools Image dataset\Mechanical Tools Image dataset\Rope\000058.jpg,Rope,exito,0.3183098861837905,0.026206575681472576,0.020268435317365358,0.03529976103622158,0.062281350994828746,0.046189745698482915,0.021775924354691258,0.06109117324433581,0.045479321448427666,0.10294710084408262,0.066178887985649,0.09955103434181777,0.008328481953148273,0.10295280068750705,0.0731286928173056,0.125052735966104,0.12133391529918412,0.04216613751418451,0.10554210265564688,0.13018438672493532,0.011535879172356423,0.1486185445482196,0.10898307667876574,0.2056783915346077,0.06158386526295587
C:\Users\damba\.cache\kagglehub\datasets\salmaneunus\mechanical-tools-dataset\versions\20\Mechanical Tools Image dataset\Mechanical Tools Image dataset\Rope\000059.jpg,Rope,exito,0.3183098861837905,0.004513370026245993,0.01712803285636476,0.036875395094408535,0.009773159086206412,0.04388729418539935,0.0007901433016025062,0.06420849814196157,0.04361295008313034,0.038677873604006395,0.047588017401512396,0.09553648585671905,0.06248958277111823,0.09173538566423475,0.09465932296580148,0.10206963921526505,0.06745354977026148,0.03454358712574864,0.07283191279846266,0.1144498375515799,0.15113281149661575,0.10647050225957314,0.17297997598563866,0.14820868242392696,0.10356429252730996
C:\Users\damba\.cache\kagglehub\datasets\salmaneunus\mechanical-tools-dataset\versions\20\Mechanical Tools Image dataset\Mechanical Tools Image dataset\Rope\000060.jpg,Rope,exito,0.31830988618379047,0.02288033528314288,0.045417770425728754,0.041272495567517366,0.05007448142312888,0.055058160772775325,0.0725005401707757,0.02315022977208571,0.042820363386571504,0.076679836695086,0.08941178966694302,0.0717463768530886,0.08029877635498657,0.10213934161642434,0.08359410307315654,0.07139631351566691,0.09369566313501024,0.10006281112771633,0.08172082768299568,0.09282151769908185,0.04069627991986632,0.2607818397337411,0.12059822744241168,0.18201090993388044,0.09771132062989123
C:\Users\damba\.cache\kagglehub\datasets\salmaneunus\mechanical-tools-dataset\versions\20\Mechanical Tools Image dataset\Mechanical Tools Image dataset\Rope\000061.jpg,Rope,exito,0.3183098861837906,0.01235417041729115,0.016603756153055503,0.008682873590122289,0.01747392635175203,0.08585196941597245,0.05545426601226266,0.006759578012160966,0.04231225930090678,0.03135718139964644,0.10241322487718421,0.06839133955772565,0.13650068722781142,0.03656577102484564,0.01196869209797789,0.035487454516504174,0.039352666740930554,0.03544878834025432,0.0240649248866572,0.04112975894894731,0.23114653773697086,0.06979552479090288,0.07624694319115549,0.08783253533611181,0.07937467785967026
C:\Users\damba\.cache\kagglehub\datasets\salmaneunus\mechanical-tools-dataset\versions\20\Mechanical Tools Image dataset\Mechanical Tools Image dataset\Rope\000062.jpg,Rope,exito,0.31830988618379047,0.0029572166164382784,0.03270672022255165,0.00261220160613455,0.003904610020634298,0.06628380507845247,0.008347227425397069,0.004726630094992254,0.09002797069305435,0.005501239452760219,0.1266684985627289,0.12725538008773044,0.08306698314889852,0.031024048109847137,0.05196457648723427,0.04457067161940524,0.048876280249487876,0.16931062608261024,0.17598553303379563,0.12379547852453922,0.19264476526295143,0.09323224855878154,0.02811512504568339,0.06694888424218491,0.3607364597269137
C:\Users\damba\.cache\kagglehub\datasets\salmaneunus\mechanical-tools-dataset\versions\20\Mechanical Tools Image dataset\Mechanical Tools Image dataset\Rope\000063.jpg,Rope,exito,0.3183098861837906,0.053002048005913745,0.00029545992453070154,0.00019136347150280425,0.11475419680017715,0.008992375929364534,0.033475429774022424,0.004220450426669977,0.012565141772212334,0.17239759424500592,0.039535025362957284,0.16057171101213805,0.11591293481205829,0.022556556175764783,0.0742169969007605,0.1821738215481697,0.16975530038905817,0.04856434973317019,0.2034005726176384,0.04795706804413762,0.20520559295043894,0.0744048266590963,0.16164830774473174,0.21826813467898956,0.08999430053304039
C:\Users\damba\.cache\kagglehub\datasets\salmaneunus\mechanical-tools-dataset\versions\20\Mechanical Tools Image dataset\Mechanical Tools Image dataset\Rope\000064.jpg,Rope,exito,0.3183098861837906,0.013018541300623462,0.016524319926150905,0.008393271757454291,0.013094002465280244,0.08602450193479634,0.055846422305146456,0.004604107429202588,0.03974431484985546,0.020063863104344826,0.10098422961798642,0.06719714930951212,0.1398758362342254,0.028984566906426097,0.014105933294773413,0.03266512445318486,0.03431638050871846,0.031560306783907074,0.02163035788850834,0.039815576365683086,0.23970848083219382,0.058229806049138196,0.09028112865132656,0.0813947868242044,0.08102931340657385
C:\Users\damba\.cache\kagglehub\datasets\salmaneunus\mechanical-tools-dataset\versions\20\Mechanical Tools Image dataset\Mechanical Tools Image dataset\Rope\000065.jpg,Rope,exito,0.0,0.0,0.0,0.0,0.0,0.0,0.0,0.0,0.0,0.0,0.0,0.0,0.0,0.0,0.0,0.0,0.0,0.0,0.0,0.0,0.0,0.0,0.0,0.0,0.0
C:\Users\damba\.cache\kagglehub\datasets\salmaneunus\mechanical-tools-dataset\versions\20\Mechanical Tools Image dataset\Mechanical Tools Image dataset\Rope\000066.jpg,Rope,exito,0.3183098861837906,0.025897600535237857,0.010373051630732055,0.005260714862966019,0.0619923829280995,0.008486532535966996,0.020908964470468878,0.0215728369802984,0.01067461880556905,0.0950152798608178,0.033261616098268394,0.15757697332980428,0.038806777414317255,0.04278570915533272,0.013396280563190274,0.1344954584429121,0.061759589694501155,0.020961437144971347,0.1305421133003385,0.10258905347065908,0.07486253748994853,0.03904072600044717,0.012325187993491861,0.12484816800279125,0.060785212351737686
C:\Users\damba\.cache\kagglehub\datasets\salmaneunus\mechanical-tools-dataset\versions\20\Mechanical Tools Image dataset\Mechanical Tools Image dataset\Rope\000067.jpg,Rope,exito,0.0,0.0,0.0,0.0,0.0,0.0,0.0,0.0,0.0,0.0,0.0,0.0,0.0,0.0,0.0,0.0,0.0,0.0,0.0,0.0,0.0,0.0,0.0,0.0,0.0
C:\Users\damba\.cache\kagglehub\datasets\salmaneunus\mechanical-tools-dataset\versions\20\Mechanical Tools Image dataset\Mechanical Tools Image dataset\Rope\000068.jpg,Rope,exito,0.31830988618379064,0.0180176376503308,0.05057310863488384,0.05664389983866648,0.033398560607626325,0.06680303466482135,0.06045020025187406,0.09717374456862755,0.03487491456100641,0.06058454136857025,0.08891389236471466,0.027455645848830548,0.018035479499454086,0.1362924994931844,0.1378857713523365,0.022224143880296927,0.1041337005119766,0.0870858875276251,0.04029726513459436,0.01485122758957438,0.06369328647716699,0.160899679021222,0.2452916923101269,0.016759743003660794,0.1480394540830061
C:\Users\damba\.cache\kagglehub\datasets\salmaneunus\mechanical-tools-dataset\versions\20\Mechanical Tools Image dataset\Mechanical Tools Image dataset\Rope\000069.jpg,Rope,exito,0.3183098861837905,0.0017523478012669755,0.01704650953462034,0.036920267305521545,0.015471438797489632,0.0440728680934986,0.0012472767941775946,0.06466221523934265,0.04369363837672238,0.04687034420829731,0.04934872351225684,0.09595485954265015,0.05868067581071291,0.0941444260246064,0.08954505842564803,0.10533548834647974,0.07403643306400495,0.03567721587241417,0.07617105792767484,0.11657604797520817,0.1412155737897112,0.11165239745042406,0.16302039682901423,0.15626291281862242,0.09836429112082261
C:\Users\damba\.cache\kagglehub\datasets\salmaneunus\mechanical-tools-dataset\versions\20\Mechanical Tools Image dataset\Mechanical Tools Image dataset\Rope\000070.jpg,Rope,exito,0.3183098861837906,0.018777909832750735,0.0027443216839343654,0.03259611272655396,0.044373394553158745,0.07298731587672028,0.04967658008961321,0.054664347988516965,0.08923048815616759,0.06585940324416972,0.13416681979908346,0.17543344344540562,0.16205860020210386,0.0835479501240275,0.08311256017670697,0.048484751574200166,0.03730954935526413,0.18026230629974868,0.2378747651332556,0.03843668024452311,0.292551873901002,0.1419362735614142,0.11991780429944138,0.08646638777497416,0.2801742138476916
C:\Users\damba\.cache\kagglehub\datasets\salmaneunus\mechanical-tools-dataset\versions\20\Mechanical Tools Image dataset\Mechanical Tools Image dataset\Rope\000071.jpg,Rope,exito,0.31830988618379047,0.028068972134014908,0.029035193981797075,0.0009230693425242553,0.057058345983920664,0.06668063062490563,0.011957032217683482,0.004109233723319616,0.07420346235495551,0.08492463625622802,0.10385585992380894,0.10378511242814875,0.1407083629062688,0.012394726618421696,0.046874353569308094,0.007159447415939604,0.10411023675031734,0.13491927305826257,0.13480015976661724,0.13324918176966982,0.2892420313482214,0.026914620786920137,0.28266651521872005,0.019051527205753715,0.4163746502388085
C:\Users\damba\.cache\kagglehub\datasets\salmaneunus\mechanical-tools-dataset\versions\20\Mechanical Tools Image dataset\Mechanical Tools Image dataset\Rope\000072.jpg,Rope,exito,0.31830988618379075,0.17309464794975263,0.04767241158118549,0.10877535308281366,0.01614344699859492,0.0913578406097757,0.10525880680718014,0.03399956279305689,0.04999707355066869,0.0356481700646317,0.14172682640416462,0.10641959183627446,0.01868452207896888,0.05955819364702664,0.2004893659286941,0.1837681205574596,0.09107849569809215,0.21352422410139144,0.09441425738476453,0.20658207975167198,0.038027677355394855,0.029422189047901056,0.3379806577378492,0.3002881964028536,0.014886088801739958
C:\Users\damba\.cache\kagglehub\datasets\salmaneunus\mechanical-tools-dataset\versions\20\Mechanical Tools Image dataset\Mechanical Tools Image dataset\Rope\000073.jpg,Rope,exito,0.31830988618379047,0.0071926765139377945,0.03250413713991619,0.002690993056934849,0.017235488889969897,0.06638107627916993,0.006775163991539577,0.004419663037595636,0.08707211270178836,0.025138967301863806,0.1221189175850246,0.12243411194570238,0.08776752367739178,0.024285651658489595,0.032540972091620025,0.037386422109660034,0.03383389997078002,0.1591660238517177,0.16369304062409243,0.12709414841305086,0.19539778294887078,0.06785119444470408,0.08029589896146791,0.06390306110849175,0.37103919447131734
C:\Users\damba\.cache\kagglehub\datasets\salmaneunus\mechanical-tools-dataset\versions\20\Mechanical Tools Image dataset\Mechanical Tools Image dataset\Rope\000074.jpg,Rope,exito,0.3183098861837907,0.5441243313029098,0.4933250637288278,0.6799395959218866,0.33523947647887603,0.7366857631773072,0.033230114364136934,0.22654223369573465,0.7319867709907107,0.32708633229281825,0.35119423905415503,0.6888567530043139,0.505120657207582,0.493898042089196,0.5338663301827369,0.6346864988285973,0.5106476758507283,0.5223578762994405,0.6601744606848718,0.598311508259929,0.3755872690121012,0.44660844974292263,0.4700911783560045,0.6985457418219967,0.6009065546339728
C:\Users\damba\.cache\kagglehub\datasets\salmaneunus\mechanical-tools-dataset\versions\20\Mechanical Tools Image dataset\Mechanical Tools Image dataset\Rope\000075.jpg,Rope,exito,0.0,0.0,0.0,0.0,0.0,0.0,0.0,0.0,0.0,0.0,0.0,0.0,0.0,0.0,0.0,0.0,0.0,0.0,0.0,0.0,0.0,0.0,0.0,0.0,0.0
C:\Users\damba\.cache\kagglehub\datasets\salmaneunus\mechanical-tools-dataset\versions\20\Mechanical Tools Image dataset\Mechanical Tools Image dataset\Rope\000076.jpg,Rope,exito,0.31830988618379047,0.018565983424687828,0.03112359026810553,0.0028684838009175773,0.03820889570256701,0.06654907090118554,0.00059673195495307,0.012208193272223201,0.08283523299865216,0.057045397261962505,0.11693278028765113,0.11554514400898659,0.10857703742247989,0.04111863173316465,0.01140912246763299,0.030309116183734112,0.07296978703943012,0.15259519980750033,0.14950561654876443,0.1317495025404929,0.23328125691931148,0.08779848193281772,0.15168813530984415,0.08566669766047302,0.38714624075126514
C:\Users\damba\.cache\kagglehub\datasets\salmaneunus\mechanical-tools-dataset\versions\20\Mechanical Tools Image dataset\Mechanical Tools Image dataset\Rope\000077.jpg,Rope,exito,0.3183098861837906,0.01728681331903449,0.01591476535647407,0.008892359969306698,0.042350182430918704,0.08479695438052413,0.048065006034670094,0.014094539972433507,0.055322436398286,0.07373678474357834,0.1111793105280342,0.07684322336581527,0.10482230403637778,0.0819731132643876,0.05571928547926916,0.05090953160396786,0.07915248575087835,0.06784205816135236,0.05143615425164997,0.05108549914992046,0.15910509438436407,0.15693646998004077,0.032563705672656006,0.12907617810580163,0.06828295558194325
C:\Users\damba\.cache\kagglehub\datasets\salmaneunus\mechanical-tools-dataset\versions\20\Mechanical Tools Image dataset\Mechanical Tools Image dataset\Rope\000078.jpg,Rope,exito,0.0,0.0,0.0,0.0,0.0,0.0,0.0,0.0,0.0,0.0,0.0,0.0,0.0,0.0,0.0,0.0,0.0,0.0,0.0,0.0,0.0,0.0,0.0,0.0,0.0
C:\Users\damba\.cache\kagglehub\datasets\salmaneunus\mechanical-tools-dataset\versions\20\Mechanical Tools Image dataset\Mechanical Tools Image dataset\Rope\000079.jpg,Rope,exito,0.3183098861837906,0.021237760176163974,0.01519749949773215,0.008096540907659653,0.051994649058710776,0.0843594548148425,0.04291978912167995,0.02389979414620483,0.060558363146528536,0.09081789647238793,0.11612463316645598,0.08163475131181641,0.0855453202652394,0.11516184074346256,0.079261028319101,0.05792600539386124,0.10824848201983016,0.09083382148397287,0.07079453088871564,0.05704957418395677,0.11255005710182704,0.22142961066672348,0.07116946961530862,0.15252594361252492,0.06112616056519383
C:\Users\damba\.cache\kagglehub\datasets\salmaneunus\mechanical-tools-dataset\versions\20\Mechanical Tools Image dataset\Mechanical Tools Image dataset\Rope\000080.jpg,Rope,exito,0.0,0.0,0.0,0.0,0.0,0.0,0.0,0.0,0.0,0.0,0.0,0.0,0.0,0.0,0.0,0.0,0.0,0.0,0.0,0.0,0.0,0.0,0.0,0.0,0.0
C:\Users\damba\.cache\kagglehub\datasets\salmaneunus\mechanical-tools-dataset\versions\20\Mechanical Tools Image dataset\Mechanical Tools Image dataset\Rope\000081.jpg,Rope,exito,0.3183098861837905,0.04606235653355396,0.027030506538334186,0.03315899545654265,0.10020159297999323,0.05080297642153318,0.057297745983362625,0.052519961762161345,0.05304045047854711,0.1482001769136515,0.0943932772821545,0.09811428630028152,0.10484539951055104,0.07094238133297855,0.09669281596674356,0.12839688307364935,0.13201815395152725,0.10787274799540598,0.10635117796654968,0.12048890564653637,0.14640606294703506,0.0869879865878876,0.14856473929237746,0.18671029660387892,0.021978529197723105
C:\Users\damba\.cache\kagglehub\datasets\salmaneunus\mechanical-tools-dataset\versions\20\Mechanical Tools Image dataset\Mechanical Tools Image dataset\Rope\000082.jpg,Rope,exito,0.0,0.0,0.0,0.0,0.0,0.0,0.0,0.0,0.0,0.0,0.0,0.0,0.0,0.0,0.0,0.0,0.0,0.0,0.0,0.0,0.0,0.0,0.0,0.0,0.0
C:\Users\damba\.cache\kagglehub\datasets\salmaneunus\mechanical-tools-dataset\versions\20\Mechanical Tools Image dataset\Mechanical Tools Image dataset\Rope\000083.jpg,Rope,exito,0.3183098861837906,0.012920046925954515,0.016536359161208065,0.008372434360583532,0.036918343070526764,0.08472595234598718,0.050773337029655266,0.017226076901166783,0.0557775388776962,0.07176091175468118,0.11130824712871368,0.07801277746093907,0.11024725096009519,0.09249181026711548,0.05740595052869243,0.051690182200754387,0.08532923626642164,0.06898031062383798,0.0553863659110776,0.05247287864465884,0.16324388492347275,0.17576143201957972,0.028573493670512606,0.13360953509645726,0.06556552084406417
C:\Users\damba\.cache\kagglehub\datasets\salmaneunus\mechanical-tools-dataset\versions\20\Mechanical Tools Image dataset\Mechanical Tools Image dataset\Rope\000084.jpg,Rope,exito,0.3183098861837906,0.01915831358053118,0.015593347137232403,0.007940894911542096,0.022774763760093863,0.08635708309467395,0.052821395691949054,0.006853505100429991,0.03539097811562789,0.013063706107920977,0.09939925340003607,0.0649085025664145,0.13682768456504169,0.01984874850278476,0.031103248920630634,0.02799628699363426,0.025229571334209732,0.02951396563608965,0.017932762168243754,0.037354183618585925,0.24107261198331387,0.03976563881120069,0.117836004979521,0.07004842017908323,0.08454815109261349
C:\Users\damba\.cache\kagglehub\datasets\salmaneunus\mechanical-tools-dataset\versions\20\Mechanical Tools Image dataset\Mechanical Tools Image dataset\Rope\000085.jpg,Rope,exito,0.31830988618379047,0.03399292043929742,0.035453273451310066,0.03298415180066274,0.07624081568024328,0.048908870511862254,0.023217736401813797,0.04404879915456042,0.055967287276200706,0.1137997839516469,0.08478543581266162,0.1132151118144521,0.041041546268654874,0.03433089140953327,0.06873427531834636,0.10810851994007269,0.09442129020061352,0.10269445036134993,0.1331064426110109,0.14028407562156547,0.11865923731576326,0.023600843890734982,0.11992084923275338,0.14746249804356795,0.18726613518020796
C:\Users\damba\.cache\kagglehub\datasets\salmaneunus\mechanical-tools-dataset\versions\20\Mechanical Tools Image dataset\Mechanical Tools Image dataset\Rope\000086.jpg,Rope,exito,0.3183098861837905,0.02293247855869388,0.01951027773373221,0.03642170686735547,0.054292713862960675,0.04850097748666646,0.01623190361592407,0.06671715636075795,0.04988177456269302,0.0841428143553861,0.07736499673154701,0.09275847733226267,0.01320099924477561,0.0977886401099546,0.07637558310626857,0.1102277914441659,0.058721026250490096,0.05538073572938137,0.06088433868985065,0.10787528950851795,0.06721179478832241,0.10393825791132345,0.10787049359937322,0.14315366500415763,0.060908212674976626
C:\Users\damba\.cache\kagglehub\datasets\salmaneunus\mechanical-tools-dataset\versions\20\Mechanical Tools Image dataset\Mechanical Tools Image dataset\Rope\000087.jpg,Rope,exito,0.3183098861837906,0.021984123757603075,0.0030895206087548496,0.08490710847778656,0.04514332490924694,0.08024819994017374,0.05083172943351434,0.11444656177989673,0.12007495774639677,0.05222762283680769,0.14965877168528563,0.10679464954109089,0.166258594055391,0.09560612361647493,0.10534613196761966,0.03944126906897455,0.008558168243484822,0.20378041734608657,0.15532383186593707,0.06518976786971274,0.3167585683219014,0.03336537391401913,0.06047640408440457,0.15875664461039682,0.09318748946381256
C:\Users\damba\.cache\kagglehub\datasets\salmaneunus\mechanical-tools-dataset\versions\20\Mechanical Tools Image dataset\Mechanical Tools Image dataset\Rope\000088.jpg,Rope,exito,0.0,0.0,0.0,0.0,0.0,0.0,0.0,0.0,0.0,0.0,0.0,0.0,0.0,0.0,0.0,0.0,0.0,0.0,0.0,0.0,0.0,0.0,0.0,0.0,0.0
C:\Users\damba\.cache\kagglehub\datasets\salmaneunus\mechanical-tools-dataset\versions\20\Mechanical Tools Image dataset\Mechanical Tools Image dataset\Rope\000089.jpg,Rope,exito,0.0,0.0,0.0,0.0,0.0,0.0,0.0,0.0,0.0,0.0,0.0,0.0,0.0,0.0,0.0,0.0,0.0,0.0,0.0,0.0,0.0,0.0,0.0,0.0,0.0
C:\Users\damba\.cache\kagglehub\datasets\salmaneunus\mechanical-tools-dataset\versions\20\Mechanical Tools Image dataset\Mechanical Tools Image dataset\Rope\000090.jpg,Rope,exito,0.31830988618379064,0.013071442815492246,0.04984847209721527,0.056462738134757336,0.0380307975649209,0.07631410334789486,0.06145707442362656,0.108328387101891,0.01918251096814534,0.07191343867395585,0.12019132152653801,0.020698083868545495,0.034289495414686885,0.16638711507118964,0.07709999160387276,0.028817837123532617,0.07628977392733721,0.11795483018381296,0.06584990459725681,0.005801399007447062,0.01977149309857484,0.19918589577524737,0.1469341474073766,0.001704129039003289,0.14435641716201464
C:\Users\damba\.cache\kagglehub\datasets\salmaneunus\mechanical-tools-dataset\versions\20\Mechanical Tools Image dataset\Mechanical Tools Image dataset\Rope\000091.jpg,Rope,exito,0.31830988618379064,0.45007795173191056,0.28849649217962164,0.3710059403215345,0.144155693386404,0.13264572406431716,0.02756171715470785,0.26132096324033677,0.17284146235388814,0.17155664264204368,0.3462761115453093,0.42587777006797123,0.38408480669464473,0.2507061400584574,0.3497682634888324,0.5451479235180229,0.4349882139712464,0.37133263310581965,0.35430222241988546,0.5155203660107978,0.24140796467864037,0.6692911945165732,0.5558771470817081,0.43476050380348585,0.449995404722985
C:\Users\damba\.cache\kagglehub\datasets\salmaneunus\mechanical-tools-dataset\versions\20\Mechanical Tools Image dataset\Mechanical Tools Image dataset\Rope\000092.jpg,Rope,exito,0.3183098861837905,0.009879211278207628,0.017491962676821553,0.03668579636921091,0.03171575656170518,0.04495246497538248,0.005228765642277085,0.06478760932330131,0.04452065904784106,0.06472494077328723,0.05601689724654846,0.09663233269009318,0.0431979770265125,0.09808236906835094,0.07938074376625745,0.11200651597825569,0.08355873728995344,0.033122957429545324,0.08219296252704487,0.12004679855120502,0.1099343535734532,0.12073484188138862,0.13750196710287732,0.17040683077940075,0.08409256537437822
C:\Users\damba\.cache\kagglehub\datasets\salmaneunus\mechanical-tools-dataset\versions\20\Mechanical Tools Image dataset\Mechanical Tools Image dataset\Rope\000093.jpg,Rope,exito,0.3183098861837906,0.013009062013234996,0.0165254825815187,0.008969264770347117,0.02438837901700771,0.08563360662253934,0.05415141297588355,0.00825135692189291,0.04539716373755971,0.04311636450295741,0.10430137595495718,0.06993278360062456,0.13038098819797217,0.04474076778143258,0.018515952917201615,0.03894312875733107,0.04578869922539683,0.04129799942515062,0.027879134228960982,0.042870730338778,0.21757212618250243,0.08380202371091271,0.05961998122962085,0.0959179557147173,0.07738155222688886
C:\Users\damba\.cache\kagglehub\datasets\salmaneunus\mechanical-tools-dataset\versions\20\Mechanical Tools Image dataset\Mechanical Tools Image dataset\Rope\000094.jpg,Rope,exito,0.31830988618379047,0.021627059019363893,0.030543806478904003,0.0033374800923520417,0.04284916828356612,0.0665473314650826,0.0031648039206217276,0.015804271307465482,0.08388542525733023,0.06443262230763828,0.11950497434774893,0.11675815410929334,0.1155202087725722,0.05358100649834868,0.017809972155778363,0.03526492017628588,0.09400483365134822,0.15983061164739246,0.15212088442366414,0.13260813613067274,0.2518705646131804,0.11368283716274269,0.13552034038210214,0.11184984715632235,0.3846728710493944
C:\Users\damba\.cache\kagglehub\datasets\salmaneunus\mechanical-tools-dataset\versions\20\Mechanical Tools Image dataset\Mechanical Tools Image dataset\Rope\000095.jpg,Rope,exito,0.3183098861837906,0.02387201195807845,0.014637523970183803,0.007558840703486189,0.0574080791160861,0.0841745563081926,0.039435850728569,0.029526235926856364,0.06305715229165731,0.09999812352911806,0.11902056562673334,0.08407055676441734,0.07357058563865054,0.13324029899880585,0.09113088275879877,0.06144363733383718,0.1250200313436196,0.10490626593855922,0.08134324079233178,0.0601634622900276,0.08401016334358294,0.2572859300476075,0.09516477365744008,0.16509211738867957,0.05725277187286996
C:\Users\damba\.cache\kagglehub\datasets\salmaneunus\mechanical-tools-dataset\versions\20\Mechanical Tools Image dataset\Mechanical Tools Image dataset\Rope\000096.jpg,Rope,exito,0.3183098861837905,0.018023979501871477,0.018562923860257076,0.037645896170391324,0.040494972018864865,0.04865112681565395,0.00858680274636584,0.07396078153133852,0.05088944574985187,0.06695883336924661,0.07621737375057507,0.08771924921391279,0.040948946586836656,0.11431747875109727,0.08782899004050683,0.09406390658967394,0.06350267875814371,0.055953758096007764,0.025070986307359933,0.09432958483339644,0.11826737056260532,0.1281115208105976,0.14296307547134593,0.10093969081184374,0.08150907522395416
C:\Users\damba\.cache\kagglehub\datasets\salmaneunus\mechanical-tools-dataset\versions\20\Mechanical Tools Image dataset\Mechanical Tools Image dataset\Rope\000097.jpg,Rope,exito,0.3183098861837905,0.013958031661744861,0.08478071656251142,0.07587318503117937,0.02614286441333974,0.006632118368702839,0.14016819383686607,0.06500410608941092,0.018124396660215182,0.02880576307026225,0.01639356322301578,0.002410242851013149,0.17455332692333822,0.04540796226916164,0.01320568019251471,0.011446024065502273,0.009344661669152134,0.014888139364407997,0.0012496032397827292,0.002025365365873901,0.14541596300251453,0.21235160235425912,0.043469526464766074,0.11286629444820628,0.0976958156204562
C:\Users\damba\.cache\kagglehub\datasets\salmaneunus\mechanical-tools-dataset\versions\20\Mechanical Tools Image dataset\Mechanical Tools Image dataset\Rope\000098.jpg,Rope,exito,0.3183098861837905,0.024488807015334357,0.01985806663093298,0.03550430323753483,0.034464358185419305,0.04313582314329764,0.009891755015489844,0.05742601174983008,0.04319958450418936,0.029662681732422588,0.0410764283133506,0.09505346593927423,0.0522305475042599,0.07352210726668709,0.12353225986738661,0.08768145412124512,0.046135594019417796,0.02523407231501394,0.06918062409358373,0.10669119179264462,0.15214482387998726,0.07797200846097574,0.22471613914510336,0.11465457579498016,0.12788600088779542
C:\Users\damba\.cache\kagglehub\datasets\salmaneunus\mechanical-tools-dataset\versions\20\Mechanical Tools Image dataset\Mechanical Tools Image dataset\Rope\000099.jpg,Rope,exito,0.3183098861837907,0.23677179058105205,0.0309191133331571,0.0686140810575365,0.11893985497729921,0.1616638439456118,0.02058445051237701,0.012370495184486432,0.020259521437652656,0.009294059970921007,0.007814753200333457,0.05596937607280933,0.20635590979624505,0.04005365155776083,0.12141313411950179,0.026984992093917685,0.16107298588764976,0.03569478181086986,0.05444236448930079,0.110735162560561,0.22235444035772134,0.14810123619659973,0.011625207214851288,0.15472379875325232,0.10846411191446709
C:\Users\damba\.cache\kagglehub\datasets\salmaneunus\mechanical-tools-dataset\versions\20\Mechanical Tools Image dataset\Mechanical Tools Image dataset\Rope\000100.jpg,Rope,exito,0.0,0.0,0.0,0.0,0.0,0.0,0.0,0.0,0.0,0.0,0.0,0.0,0.0,0.0,0.0,0.0,0.0,0.0,0.0,0.0,0.0,0.0,0.0,0.0,0.0
C:\Users\damba\.cache\kagglehub\datasets\salmaneunus\mechanical-tools-dataset\versions\20\Mechanical Tools Image dataset\Mechanical Tools Image dataset\Rope\000101.jpg,Rope,exito,0.3183098861837905,0.028836550092009448,0.020950610228718757,0.0352806096675271,0.066139199638911,0.04819053219467018,0.024833691077107388,0.06122231409114332,0.04890023698789714,0.10081301391516598,0.0769869001732326,0.09637844202934971,0.013672661501861534,0.09156307820728869,0.0761416390062375,0.11983920429734111,0.08446640657166982,0.05719273657424951,0.08605100878824248,0.11855997058906671,0.015455292186962724,0.11069023791591258,0.10314773261123376,0.17446754837643047,0.050719348450006994
C:\Users\damba\.cache\kagglehub\datasets\salmaneunus\mechanical-tools-dataset\versions\20\Mechanical Tools Image dataset\Mechanical Tools Image dataset\Rope\000102.jpg,Rope,exito,0.0,0.0,0.0,0.0,0.0,0.0,0.0,0.0,0.0,0.0,0.0,0.0,0.0,0.0,0.0,0.0,0.0,0.0,0.0,0.0,0.0,0.0,0.0,0.0,0.0
C:\Users\damba\.cache\kagglehub\datasets\salmaneunus\mechanical-tools-dataset\versions\20\Mechanical Tools Image dataset\Mechanical Tools Image dataset\Rope\000103.jpg,Rope,exito,0.3183098861837905,0.043270128868303774,0.02585506407814954,0.03398069079033492,0.09483242569868687,0.05086386716037862,0.05095895875314557,0.05644212524522136,0.053277283388953565,0.140165218361202,0.0942651666016699,0.09635377566609281,0.08653269537874626,0.07611156449120761,0.09271857723675096,0.12432910773683013,0.11811970465195629,0.10545443826160639,0.09373245049391986,0.11547288372112982,0.11133379731562855,0.0808147785383809,0.13717716335032584,0.17208960519896815,0.02794262310504841
C:\Users\damba\.cache\kagglehub\datasets\salmaneunus\mechanical-tools-dataset\versions\20\Mechanical Tools Image dataset\Mechanical Tools Image dataset\Rope\000104.jpg,Rope,exito,0.0,0.0,0.0,0.0,0.0,0.0,0.0,0.0,0.0,0.0,0.0,0.0,0.0,0.0,0.0,0.0,0.0,0.0,0.0,0.0,0.0,0.0,0.0,0.0,0.0
C:\Users\damba\.cache\kagglehub\datasets\salmaneunus\mechanical-tools-dataset\versions\20\Mechanical Tools Image dataset\Mechanical Tools Image dataset\Rope\000105.jpg,Rope,exito,0.31830988618379064,0.019913451674025383,0.05091197789812248,0.055980376173439456,0.028202049738316536,0.06487891942123597,0.06052229685254807,0.09123691962454658,0.03701304387003414,0.02598460345573741,0.08110954358080838,0.02927323101111948,0.012354371712662357,0.11809788088424365,0.14596903114158244,0.020203522284739643,0.041862228837607644,0.05684236773902132,0.021868178205047935,0.015757025420131094,0.0874794065416883,0.1222542684342237,0.250916676607866,0.01531170154319758,0.14933964145487064
C:\Users\damba\.cache\kagglehub\datasets\salmaneunus\mechanical-tools-dataset\versions\20\Mechanical Tools Image dataset\Mechanical Tools Image dataset\Rope\000106.jpg,Rope,exito,0.0,0.0,0.0,0.0,0.0,0.0,0.0,0.0,0.0,0.0,0.0,0.0,0.0,0.0,0.0,0.0,0.0,0.0,0.0,0.0,0.0,0.0,0.0,0.0,0.0
C:\Users\damba\.cache\kagglehub\datasets\salmaneunus\mechanical-tools-dataset\versions\20\Mechanical Tools Image dataset\Mechanical Tools Image dataset\Rope\000107.jpg,Rope,exito,0.31830988618379064,0.014446005179607976,0.05002671561090585,0.056363792884276814,0.04069188461376512,0.07683674211432967,0.06260970362408808,0.10857247103412779,0.01827361502562131,0.07508732235738239,0.12218678219186987,0.020441617535980575,0.03811418506822127,0.1673957885765413,0.07348413210584988,0.02914851652116619,0.07730144374425603,0.12199036102952666,0.06697605927174102,0.0052454330098241075,0.012149693143602348,0.201112891813062,0.14099788111650163,0.001613775159185815,0.1442479945844878
C:\Users\damba\.cache\kagglehub\datasets\salmaneunus\mechanical-tools-dataset\versions\20\Mechanical Tools Image dataset\Mechanical Tools Image dataset\Rope\000108.jpg,Rope,exito,0.31830988618379047,0.004096823557868627,0.03266883811381071,0.002641344086899482,0.012234032187624328,0.06635692713914293,0.007692981479759479,0.003304817654331224,0.08774288568424031,0.017760102153374153,0.12301150059359828,0.1235572097692241,0.08517399517502282,0.023543226056383385,0.03675934419872263,0.03868128593323579,0.030754009566356086,0.16072194535092824,0.1663338659649986,0.1261923454328459,0.1912735730890723,0.07075028307300682,0.06860114414453747,0.05928119731365791,0.3685524947895686
C:\Users\damba\.cache\kagglehub\datasets\salmaneunus\mechanical-tools-dataset\versions\20\Mechanical Tools Image dataset\Mechanical Tools Image dataset\Rope\000109.jpg,Rope,exito,0.0,0.0,0.0,0.0,0.0,0.0,0.0,0.0,0.0,0.0,0.0,0.0,0.0,0.0,0.0,0.0,0.0,0.0,0.0,0.0,0.0,0.0,0.0,0.0,0.0
C:\Users\damba\.cache\kagglehub\datasets\salmaneunus\mechanical-tools-dataset\versions\20\Mechanical Tools Image dataset\Mechanical Tools Image dataset\Rope\000110.jpg,Rope,exito,0.0,0.0,0.0,0.0,0.0,0.0,0.0,0.0,0.0,0.0,0.0,0.0,0.0,0.0,0.0,0.0,0.0,0.0,0.0,0.0,0.0,0.0,0.0,0.0,0.0
C:\Users\damba\.cache\kagglehub\datasets\salmaneunus\mechanical-tools-dataset\versions\20\Mechanical Tools Image dataset\Mechanical Tools Image dataset\Rope\000111.jpg,Rope,exito,0.3183098861837906,0.012188155300812825,0.016622956296875626,0.008992265321195087,0.025376343705568884,0.0854966116928757,0.05409883540483536,0.007998073338174854,0.046972730604631426,0.0469557001396502,0.10514956707910185,0.07099059711327085,0.12858083674115794,0.04961022034771308,0.022588924972192788,0.04076930930000592,0.05019815224805041,0.04403464275967101,0.030947501518083516,0.044087849575701686,0.2121123243326934,0.0937874017627664,0.049109709864860136,0.10081457637896474,0.07590484188144275
C:\Users\damba\.cache\kagglehub\datasets\salmaneunus\mechanical-tools-dataset\versions\20\Mechanical Tools Image dataset\Mechanical Tools Image dataset\Rope\000112.jpg,Rope,exito,0.3183098861837905,0.03523665570252781,0.022883044477647833,0.033989464020517314,0.07924819766703095,0.047296646416618626,0.03600045242990991,0.0570520602569761,0.0467857963550213,0.12454605890347735,0.0739154297647306,0.10107739278456342,0.04913865366659445,0.10276089380884512,0.07777493284295907,0.13137231014908152,0.14265488125211206,0.05656396500951807,0.11892795774816706,0.1345589709874071,0.06248189100410027,0.16384181003816636,0.10899128064431211,0.22182193300997277,0.04699416586831568
C:\Users\damba\.cache\kagglehub\datasets\salmaneunus\mechanical-tools-dataset\versions\20\Mechanical Tools Image dataset\Mechanical Tools Image dataset\Rope\000113.jpg,Rope,exito,0.3183098861837906,0.04926282636674166,0.002233311544731761,0.06236665310996367,0.1004463013991456,0.06310898269773435,0.04647984234699264,0.08493014923082724,0.011275155945223533,0.13981648814274586,0.12351008774860503,0.04017060026621428,0.15414531813655494,0.08718608556452873,0.04219279112291133,0.09551027617198019,0.13536097188412363,0.16788732892913052,0.06199734046570231,0.15714040557578446,0.29247556070633446,0.1145022840008849,0.12012285622448374,0.21651220569095586,0.12481187263820183
C:\Users\damba\.cache\kagglehub\datasets\salmaneunus\mechanical-tools-dataset\versions\20\Mechanical Tools Image dataset\Mechanical Tools Image dataset\Rope\000114.jpg,Rope,exito,0.31830988618379047,0.022132531809006012,0.030439571816034447,0.002816595481562692,0.04502509660771595,0.06662294150090402,0.004209682097456163,0.014685121822028871,0.08081380359873452,0.06768743082345204,0.11440911355366383,0.11246906456225818,0.11881429542817483,0.047771590120803634,0.013791536331457768,0.026992833814989844,0.09001587272352785,0.15000620135159967,0.14434152711261455,0.1330878880878936,0.2528657673178735,0.10163271318718119,0.18435465919527697,0.08770027368916458,0.39470185898677057
C:\Users\damba\.cache\kagglehub\datasets\salmaneunus\mechanical-tools-dataset\versions\20\Mechanical Tools Image dataset\Mechanical Tools Image dataset\Rope\000115.jpg,Rope,exito,0.3183098861837905,0.04381142606995944,0.026077191966961195,0.03353676649470721,0.09569351163215573,0.050544957836894396,0.052237260765667023,0.05421883507088477,0.0526152481400978,0.1413642013965701,0.09257688578059192,0.09759195694176252,0.09055598540006154,0.07442172926982124,0.09301449211676828,0.12683999287916337,0.12229229681093416,0.10178822928531175,0.10163190461917099,0.11940267427110604,0.11997150580457756,0.08897490760751851,0.13852979690086997,0.18288494108565534,0.02577088818177086
C:\Users\damba\.cache\kagglehub\datasets\salmaneunus\mechanical-tools-dataset\versions\20\Mechanical Tools Image dataset\Mechanical Tools Image dataset\Rope\000116.jpg,Rope,exito,0.31830988618379047,0.02486923715462166,0.0449702385482757,0.0415961445796685,0.0535237950527989,0.0558179274508128,0.07044532315032676,0.025199148123549377,0.04214307768058185,0.07906434579889808,0.09073090294542424,0.07133590625248797,0.07603043614610329,0.0938050917900222,0.08131519871207135,0.07007904509532653,0.08920210069520756,0.09892419332584027,0.07779070234566979,0.09175588132272317,0.03830034948934477,0.24457760805150888,0.11575643263672677,0.1784227368556882,0.09352562864979139
C:\Users\damba\.cache\kagglehub\datasets\salmaneunus\mechanical-tools-dataset\versions\20\Mechanical Tools Image dataset\Mechanical Tools Image dataset\Rope\000117.jpg,Rope,exito,0.3183098861837906,0.028204844755130333,0.00978481563997406,0.004970509719345599,0.06639939062874727,0.00856098854555505,0.01759564997682108,0.02010632837993765,0.010830463378157212,0.10076124053101292,0.0340615336524997,0.15781286915145462,0.02918755820619848,0.03924291028361379,0.018292956767087674,0.13852776406984757,0.06722356015225067,0.023600322425734142,0.13528377154354565,0.09861496596767362,0.05835829732648133,0.033918503029521666,0.020343853863182704,0.13102921392991412,0.06406265636706132
C:\Users\damba\.cache\kagglehub\datasets\salmaneunus\mechanical-tools-dataset\versions\20\Mechanical Tools Image dataset\Mechanical Tools Image dataset\Rope\000118.jpg,Rope,exito,0.0,0.0,0.0,0.0,0.0,0.0,0.0,0.0,0.0,0.0,0.0,0.0,0.0,0.0,0.0,0.0,0.0,0.0,0.0,0.0,0.0,0.0,0.0,0.0,0.0
C:\Users\damba\.cache\kagglehub\datasets\salmaneunus\mechanical-tools-dataset\versions\20\Mechanical Tools Image dataset\Mechanical Tools Image dataset\Rope\000119.jpg,Rope,exito,0.31830988618379047,0.009293447791734787,0.08067452981972814,0.030234788372150177,0.028159563536065673,0.0414463256126045,0.11314681211294314,0.04851511253175045,0.0830486277897981,0.06983643349786528,0.06473296370798004,0.0477237369351444,0.09377177126356616,0.063317449538555,0.20197250445633036,0.07089049532257582,0.12822494854159017,0.11632731708482849,0.05344449443277288,0.08376132874656642,0.03093655500983039,0.07394434683012308,0.3241844514464584,0.0824209423069332,0.17977842438688368
C:\Users\damba\.cache\kagglehub\datasets\salmaneunus\mechanical-tools-dataset\versions\20\Mechanical Tools Image dataset\Mechanical Tools Image dataset\Rope\000120.jpg,Rope,exito,0.3183098861837907,0.5681537843646806,0.7076945456515082,0.6907362766064221,0.698958801003317,0.656537135757059,0.5545403588573721,0.5604715953119912,0.4722533334440285,0.325604200948794,0.3836572533484949,0.20230833516762964,0.004383321831430886,0.29347767663479435,0.37874422638871746,0.27930211893288553,0.3474563197665773,0.5333663694294969,0.5578415154393548,0.6140403893745441,0.5246784891957267,0.6144774615630981,0.7304669767059881,0.7185823570479584,0.8836450041643372
C:\Users\damba\.cache\kagglehub\datasets\salmaneunus\mechanical-tools-dataset\versions\20\Mechanical Tools Image dataset\Mechanical Tools Image dataset\Rope\000121.jpg,Rope,exito,0.3183098861837905,0.013532865914413683,0.01789505875437466,0.036568732986433115,0.0396120103842417,0.04440698076273443,0.008100428375851853,0.06421502596214947,0.043464939701819506,0.0784515760415036,0.05398105201637582,0.09842333561316173,0.03243990359096734,0.10181737281926613,0.0774527206939625,0.11693943242738442,0.108113107265486,0.04230751287674341,0.09502681608023408,0.12636244278241424,0.08363325726075152,0.13639561827669516,0.13765901420075577,0.18971416988878398,0.08384545816921773
C:\Users\damba\.cache\kagglehub\datasets\salmaneunus\mechanical-tools-dataset\versions\20\Mechanical Tools Image dataset\Mechanical Tools Image dataset\Rope\000122.jpg,Rope,exito,0.31830988618379064,0.2879614020390272,0.20165997986926837,0.04612698712423136,0.09265373381624809,0.15847568958001532,0.1784529984665333,0.09900116266232273,0.13502922229829192,0.16277006574347314,0.04862220827547613,0.1599355881224281,0.3400451297747357,0.06905668339720701,0.1987713667073457,0.25825489509867683,0.23999945949380536,0.18531760014691404,0.2789722225980045,0.2919062364277518,0.32372561665525534,0.34821738746501235,0.23441911828283812,0.3681046196921802,0.11634566002195125
C:\Users\damba\.cache\kagglehub\datasets\salmaneunus\mechanical-tools-dataset\versions\20\Mechanical Tools Image dataset\Mechanical Tools Image dataset\Rope\000123.jpg,Rope,exito,0.3183098861837905,0.026128784694834376,0.02024925014830634,0.035950428342396916,0.060718193309389684,0.04859264180222984,0.020600648449750517,0.06448058539815305,0.04983267698915469,0.09258482411813464,0.07854462560017168,0.09404518850615036,0.00016528280051897082,0.09408134624504741,0.07620211117608996,0.11418924905254844,0.06721699448777763,0.05914334338793907,0.07029410058180316,0.11144413755954673,0.04276367410144669,0.10218134638150486,0.10423102660692704,0.1541792647279389,0.05513619622357119
C:\Users\damba\.cache\kagglehub\datasets\salmaneunus\mechanical-tools-dataset\versions\20\Mechanical Tools Image dataset\Mechanical Tools Image dataset\Rope\000124.jpg,Rope,exito,0.0,0.0,0.0,0.0,0.0,0.0,0.0,0.0,0.0,0.0,0.0,0.0,0.0,0.0,0.0,0.0,0.0,0.0,0.0,0.0,0.0,0.0,0.0,0.0,0.0
C:\Users\damba\.cache\kagglehub\datasets\salmaneunus\mechanical-tools-dataset\versions\20\Mechanical Tools Image dataset\Mechanical Tools Image dataset\Rope\000125.jpg,Rope,exito,0.3183098861837905,0.011749673068459216,0.017682607093593743,0.0367063447272811,0.03304704335729573,0.04627080021476128,0.005911646719146604,0.06602704517906867,0.0466005568011195,0.06024186123691645,0.0632411484181725,0.09440321315743978,0.042986782934075804,0.09745184511562498,0.07868031784021749,0.10847514340758115,0.05797863826171438,0.027292148097958574,0.06774484756306315,0.1130129406400573,0.11624543926976706,0.10962220856422514,0.12755050056827158,0.15153053477820258,0.077870892825646
C:\Users\damba\.cache\kagglehub\datasets\salmaneunus\mechanical-tools-dataset\versions\20\Mechanical Tools Image dataset\Mechanical Tools Image dataset\Rope\000126.jpg,Rope,exito,0.3183098861837906,0.030222145066007414,0.013018794334187858,0.007444984032512828,0.06900004742860671,0.08392267330379449,0.030689131709845188,0.03416699760613934,0.06642984988524889,0.11513252909717032,0.12314225454198797,0.08671253927530916,0.04798466334736212,0.1492387430180808,0.10707784051413466,0.06608424604480946,0.14628055319753894,0.12498424778142071,0.09452470323663853,0.06368935658873957,0.033155067973060455,0.293554338044746,0.13019373762736905,0.18003897750857947,0.054900061408897236
C:\Users\damba\.cache\kagglehub\datasets\salmaneunus\mechanical-tools-dataset\versions\20\Mechanical Tools Image dataset\Mechanical Tools Image dataset\Rope\000127.jpg,Rope,exito,0.3183098861837905,0.03762199036932589,0.07902883342382079,0.07881860532736493,0.07356577689684253,0.018108059553465023,0.11179935385372072,0.0817113705254254,0.015777511473156865,0.0874458796121504,0.045456714661311244,0.006219938031169055,0.10431130525812767,0.002733703670990135,0.023435476966581607,0.01028465223841488,0.025826758434464116,0.05176451754158301,0.004402272355944927,0.005274065788145705,0.04894316435693385,0.13961809651794463,0.06818487068077018,0.11233137117984367,0.09643548146863068
C:\Users\damba\.cache\kagglehub\datasets\salmaneunus\mechanical-tools-dataset\versions\20\Mechanical Tools Image dataset\Mechanical Tools Image dataset\Rope\000128.jpg,Rope,exito,0.0,0.0,0.0,0.0,0.0,0.0,0.0,0.0,0.0,0.0,0.0,0.0,0.0,0.0,0.0,0.0,0.0,0.0,0.0,0.0,0.0,0.0,0.0,0.0,0.0
C:\Users\damba\.cache\kagglehub\datasets\salmaneunus\mechanical-tools-dataset\versions\20\Mechanical Tools Image dataset\Mechanical Tools Image dataset\Rope\000129.jpg,Rope,exito,0.0,0.0,0.0,0.0,0.0,0.0,0.0,0.0,0.0,0.0,0.0,0.0,0.0,0.0,0.0,0.0,0.0,0.0,0.0,0.0,0.0,0.0,0.0,0.0,0.0
C:\Users\damba\.cache\kagglehub\datasets\salmaneunus\mechanical-tools-dataset\versions\20\Mechanical Tools Image dataset\Mechanical Tools Image dataset\Rope\000130.jpg,Rope,exito,0.3183098861837905,0.035840998174951184,0.02308546630120488,0.035977200322493984,0.08062103454354476,0.05093431661847397,0.03573088707523571,0.06666877699579175,0.053747877810646744,0.12136596111211648,0.09342230657832383,0.09174281715818589,0.0424933010987292,0.0973856762112378,0.0841243339943417,0.11337758161573624,0.0990891785805647,0.09966379671576332,0.06132283050448271,0.10333761321054741,0.031478016493294333,0.10326281250494647,0.11633818360040461,0.13777300693433123,0.04437099367352894
C:\Users\damba\.cache\kagglehub\datasets\salmaneunus\mechanical-tools-dataset\versions\20\Mechanical Tools Image dataset\Mechanical Tools Image dataset\Rope\000131.jpg,Rope,exito,0.3183098861837906,0.028677186212309743,0.013447607798448905,0.006804767676310597,0.06658542407752083,0.08393773793580676,0.032638582263510435,0.0372685962703894,0.06657793547056615,0.11441390365997901,0.12364178996502055,0.08746152968819092,0.05192943958979508,0.1582875283618508,0.108272158689517,0.0665205429700969,0.15106216044170973,0.12776809517095847,0.09707046279406183,0.06461108240638719,0.0349238602630317,0.30931076529172624,0.13258252220883546,0.18355508035518456,0.052069974286900376
C:\Users\damba\.cache\kagglehub\datasets\salmaneunus\mechanical-tools-dataset\versions\20\Mechanical Tools Image dataset\Mechanical Tools Image dataset\Rope\000132.jpg,Rope,exito,0.3183098861837906,0.0445510166792283,0.004180466524006602,0.0024935539883450624,0.09799959432841421,0.00894621419334119,0.012831520938970184,0.008895587770127816,0.01195137162029152,0.14575927699586588,0.03853889375663755,0.1595497335218986,0.05747321796220683,0.020163621829345373,0.05456747758046697,0.1669771229379389,0.12604117291586112,0.041779418522113615,0.17639543779496925,0.06843391592730923,0.09613391265650428,0.046447257600189244,0.10833627912536803,0.18528903660872487,0.08341816969319027
C:\Users\damba\.cache\kagglehub\datasets\salmaneunus\mechanical-tools-dataset\versions\20\Mechanical Tools Image dataset\Mechanical Tools Image dataset\Rope\000133.jpg,Rope,exito,0.3183098861837905,0.01801927573025609,0.0185621249254066,0.03614968301583123,0.04677502606327244,0.04560277284805612,0.011943356143850128,0.06346607070398508,0.0450599753987225,0.08269904529855364,0.061227217891710324,0.09782050989744911,0.021561812991771147,0.10015141687897498,0.07430635817983368,0.11821058530024463,0.09848722116081633,0.03559330243045433,0.09182459641932893,0.12436669821923566,0.06859228854733757,0.13124673996737393,0.11999799400675994,0.18594752130865375,0.0726127168050589
C:\Users\damba\.cache\kagglehub\datasets\salmaneunus\mechanical-tools-dataset\versions\20\Mechanical Tools Image dataset\Mechanical Tools Image dataset\Rope\000134.jpg,Rope,exito,0.31830988618379064,0.01288760200560814,0.0498259830133183,0.056432869865839036,0.037507096718640484,0.07635920896435539,0.06132719756226212,0.10818339508446105,0.018998047098829608,0.07033543653021763,0.12022420659258055,0.02068850540598543,0.03380863217998658,0.16565827866145022,0.07641933454090762,0.0288360572730002,0.07042391286245789,0.1169595678467707,0.06569031610973927,0.005635277650002072,0.021308812995403083,0.19671159735413274,0.1450382918174323,0.00025456146236135964,0.14436622921349349
C:\Users\damba\.cache\kagglehub\datasets\salmaneunus\mechanical-tools-dataset\versions\20\Mechanical Tools Image dataset\Mechanical Tools Image dataset\Rope\000135.jpg,Rope,exito,0.0,0.0,0.0,0.0,0.0,0.0,0.0,0.0,0.0,0.0,0.0,0.0,0.0,0.0,0.0,0.0,0.0,0.0,0.0,0.0,0.0,0.0,0.0,0.0,0.0
C:\Users\damba\.cache\kagglehub\datasets\salmaneunus\mechanical-tools-dataset\versions\20\Mechanical Tools Image dataset\Mechanical Tools Image dataset\Rope\000136.jpg,Rope,exito,0.3183098861837906,0.01728681331903449,0.01591476535647407,0.008892359969306698,0.042350182430918704,0.08479695438052413,0.048065006034670094,0.014094539972433507,0.055322436398286,0.07373678474357834,0.1111793105280342,0.07684322336581527,0.10482230403637778,0.0819731132643876,0.05571928547926916,0.05090953160396786,0.07915248575087835,0.06784205816135236,0.05143615425164997,0.05108549914992046,0.15910509438436407,0.15693646998004077,0.032563705672656006,0.12907617810580163,0.06828295558194325
C:\Users\damba\.cache\kagglehub\datasets\salmaneunus\mechanical-tools-dataset\versions\20\Mechanical Tools Image dataset\Mechanical Tools Image dataset\Rope\000137.jpg,Rope,exito,0.0,0.0,0.0,0.0,0.0,0.0,0.0,0.0,0.0,0.0,0.0,0.0,0.0,0.0,0.0,0.0,0.0,0.0,0.0,0.0,0.0,0.0,0.0,0.0,0.0
C:\Users\damba\.cache\kagglehub\datasets\salmaneunus\mechanical-tools-dataset\versions\20\Mechanical Tools Image dataset\Mechanical Tools Image dataset\Rope\000138.jpg,Rope,exito,0.31830988618379075,0.301414646077843,0.056794110224137544,0.0946342100756893,0.20079707257160467,0.12077399496257807,0.22731964370100735,0.07768433682871725,0.1521359648659164,0.15505723453785442,0.20278775621766365,0.12622429803959484,0.06763581791843792,0.16054988091862965,0.12304493814629462,0.16126903560603392,0.0644759139743346,0.07970329761675485,0.2324006145653601,0.19459282269461067,0.09021062465405717,0.06682805005755262,0.06329072494228034,0.18952141637224132,0.14037198467163384
C:\Users\damba\.cache\kagglehub\datasets\salmaneunus\mechanical-tools-dataset\versions\20\Mechanical Tools Image dataset\Mechanical Tools Image dataset\Rope\000139.jpg,Rope,exito,0.3183098861837907,0.5002311814487508,0.277308903006641,0.57747138131873,0.07622490368063288,0.5827601141885007,0.422416390892434,0.3378359801086874,0.5473205418778646,0.5805594872757972,0.538489007343192,0.4986788559322416,0.48445776422225023,0.5540518460179616,0.626323631698194,0.45804293195557405,0.29366020521515407,0.5187886099531758,0.6026946601933615,0.4366639896026937,0.005394291747652954,0.38979134608129234,0.6741683377481007,0.49530307055342676,0.4340207780196189
C:\Users\damba\.cache\kagglehub\datasets\salmaneunus\mechanical-tools-dataset\versions\20\Mechanical Tools Image dataset\Mechanical Tools Image dataset\Rope\000140.jpg,Rope,exito,0.31830988618379047,0.026604002027891895,0.029412629350143354,0.0012311334681139247,0.05435733781633724,0.06667584478392792,0.010018952312679186,0.005926865124230585,0.07513870517723706,0.08084423024451406,0.10519341146275549,0.10500676440809859,0.13529202799134923,0.018149041922850558,0.04159856294612058,0.009865622385024017,0.09730269246341529,0.1360539834540821,0.13561749400490994,0.1331950618466868,0.2785432431827461,0.03927636034510564,0.26906294047451845,0.028217724413581866,0.413152222657594
C:\Users\damba\.cache\kagglehub\datasets\salmaneunus\mechanical-tools-dataset\versions\20\Mechanical Tools Image dataset\Mechanical Tools Image dataset\Rope\000141.jpg,Rope,exito,0.3183098861837905,0.038917627236955195,0.024169337253197337,0.03538962238518636,0.08666649603651545,0.05110725311769208,0.04170266858566336,0.06373865875801446,0.05393948774903351,0.12943345159352712,0.09494362324604914,0.09302305411353085,0.05970812094764924,0.09052009039647668,0.08738691623205036,0.11681560372470334,0.1061656136405613,0.10476641396906529,0.07089405225041528,0.10635919402343794,0.06213200652650356,0.09309108164484503,0.12336537433591949,0.14668912447047364,0.0385365478450664
C:\Users\damba\.cache\kagglehub\datasets\salmaneunus\mechanical-tools-dataset\versions\20\Mechanical Tools Image dataset\Mechanical Tools Image dataset\Rope\000142.jpg,Rope,exito,0.31830988618379047,0.021271808572465887,0.045752443832719814,0.04064470937867471,0.04721337804177808,0.05335712803210156,0.07368455112572331,0.019865982503334562,0.044830587102400045,0.07648291484277639,0.08759454032810296,0.07316873998628942,0.08057374046585973,0.12095212265544575,0.0921079791487308,0.07521237210503805,0.10628564468165405,0.10825595933328305,0.09340473315312806,0.09636507421307382,0.029390295895295546,0.2992758554157824,0.14054740146046382,0.19431080942610715,0.10673519535594703
C:\Users\damba\.cache\kagglehub\datasets\salmaneunus\mechanical-tools-dataset\versions\20\Mechanical Tools Image dataset\Mechanical Tools Image dataset\Rope\000143.jpg,Rope,exito,0.3183098861837906,0.025940125181519117,0.014152067137183923,0.009496304685779736,0.057971462352205724,0.0845668838191139,0.03877384859692708,0.01429519895365797,0.05860696250152185,0.09033478044457854,0.11450719736188826,0.07814753515234601,0.07928676766713277,0.08426527629653846,0.07027632467388698,0.054796895208250464,0.08823187086865353,0.0816885802487151,0.05800042638297604,0.05280947208603783,0.11607980186722436,0.16456453487845407,0.06012791768293265,0.1373940060114323,0.06862565345974918
C:\Users\damba\.cache\kagglehub\datasets\salmaneunus\mechanical-tools-dataset\versions\20\Mechanical Tools Image dataset\Mechanical Tools Image dataset\Rope\000144.jpg,Rope,exito,0.31830988618379064,0.004025430562463766,0.04911966096326163,0.056861562537495976,0.016933433280880004,0.07193233271453026,0.05552648567683479,0.10434175987498479,0.026378132932209364,0.04529336455886752,0.10405801387649288,0.02333029667008515,0.011603186581260135,0.15339245118620226,0.10535244868166468,0.025869070016853936,0.06370437032743462,0.08767348357713642,0.052978806175946684,0.010032863466904345,0.06909963532911806,0.17649303075756229,0.1906534722241925,0.008597638173108265,0.14570864496665906
C:\Users\damba\.cache\kagglehub\datasets\salmaneunus\mechanical-tools-dataset\versions\20\Mechanical Tools Image dataset\Mechanical Tools Image dataset\Rope\000145.jpg,Rope,exito,0.31830988618379047,0.017514235706683902,0.0313024126505554,0.0025232547685473455,0.037094587188941444,0.06656374821636481,4.428569822043465e-05,0.009582504242441333,0.08166142436180815,0.05508075602998128,0.11465370287796554,0.11401257734415457,0.10694712263652978,0.031805683596565354,0.008114438544315882,0.025957204653451693,0.06134818425347179,0.1473994819308254,0.14667099109294196,0.13158093601596685,0.2267681993759058,0.06853729255866486,0.16994624532652558,0.06576199478084038,0.3905878608442231
C:\Users\damba\.cache\kagglehub\datasets\salmaneunus\mechanical-tools-dataset\versions\20\Mechanical Tools Image dataset\Mechanical Tools Image dataset\Rope\000146.jpg,Rope,exito,0.3183098861837906,0.008739395072583265,0.016963068746416607,0.008481563738129722,0.002454986152414987,0.08584988049825171,0.05725910359913611,0.0004926529244081101,0.041750115909861316,0.022984516377580307,0.10172099653018209,0.0684841675847714,0.14119038876688417,0.034459185555640856,0.0034936753177758845,0.03488934055751418,0.039407944349687474,0.0329295876401744,0.02451298327783008,0.041241928777075124,0.23846534585484438,0.06968415743995729,0.07591033990346314,0.08726201850059377,0.07906052361151449
C:\Users\damba\.cache\kagglehub\datasets\salmaneunus\mechanical-tools-dataset\versions\20\Mechanical Tools Image dataset\Mechanical Tools Image dataset\Rope\000147.jpg,Rope,exito,0.3183098861837906,0.04553231816656412,0.0005668502783622483,0.06319935995293503,0.09440113813931965,0.06181690179927637,0.037972529729140385,0.08771567594500727,0.01203311811786128,0.13222002977679065,0.11882333482878603,0.040632195571813405,0.1305957997447935,0.09148656480003829,0.03672561529427556,0.09394584151024811,0.12017686386645814,0.15601322057871567,0.05734447167039516,0.15390975673946636,0.24676312413384885,0.10984024992508244,0.10595766870814227,0.20572664812085306,0.12080894721842105
C:\Users\damba\.cache\kagglehub\datasets\salmaneunus\mechanical-tools-dataset\versions\20\Mechanical Tools Image dataset\Mechanical Tools Image dataset\Rope\000148.jpg,Rope,exito,0.3183098861837905,0.010375469325427428,0.08519152512327852,0.07554827363522539,0.016878756240387885,0.004922814488980326,0.14236876838079218,0.06334466087487586,0.01838131420619431,0.01752997465616575,0.013303171188326173,0.0017999884279817798,0.18042492736953006,0.04948196370328361,0.012019137858828318,0.011577189052539653,0.014864078841890864,0.011313346695069431,0.0015255233132837154,0.0015112301949425,0.15369143513235783,0.21775494239349097,0.0408144071627967,0.11280062092425402,0.09783751210793083
C:\Users\damba\.cache\kagglehub\datasets\salmaneunus\mechanical-tools-dataset\versions\20\Mechanical Tools Image dataset\Mechanical Tools Image dataset\Rope\000149.jpg,Rope,exito,0.3183098861837905,0.048342469531009534,0.028044865565222996,0.033170798427339186,0.10505807607585282,0.051454181028424376,0.06259278859833979,0.052765362938713124,0.05428249518510947,0.15586314191350778,0.09842572244077089,0.09751749400636456,0.11942442366854901,0.06758796604528945,0.10129692521867105,0.12776632904438734,0.14090272565683878,0.11936083254635851,0.10434586717604756,0.11774381151281815,0.1723275516796518,0.07184039085821581,0.16069723429654492,0.18006364547586065,0.020080702937255737
C:\Users\damba\.cache\kagglehub\datasets\salmaneunus\mechanical-tools-dataset\versions\20\Mechanical Tools Image dataset\Mechanical Tools Image dataset\Rope\000150.jpg,Rope,exito,0.0,0.0,0.0,0.0,0.0,0.0,0.0,0.0,0.0,0.0,0.0,0.0,0.0,0.0,0.0,0.0,0.0,0.0,0.0,0.0,0.0,0.0,0.0,0.0,0.0
C:\Users\damba\.cache\kagglehub\datasets\salmaneunus\mechanical-tools-dataset\versions\20\Mechanical Tools Image dataset\Mechanical Tools Image dataset\Rope\000151.jpg,Rope,exito,0.0,0.0,0.0,0.0,0.0,0.0,0.0,0.0,0.0,0.0,0.0,0.0,0.0,0.0,0.0,0.0,0.0,0.0,0.0,0.0,0.0,0.0,0.0,0.0,0.0
C:\Users\damba\.cache\kagglehub\datasets\salmaneunus\mechanical-tools-dataset\versions\20\Mechanical Tools Image dataset\Mechanical Tools Image dataset\Rope\000152.jpg,Rope,exito,0.31830988618379047,0.025634365306880402,0.02965132240404472,0.0017551805336387053,0.052403551937496774,0.06667940135959997,0.008699894740029348,0.010045245994989004,0.07632356623928646,0.07823000654595638,0.10719881956993778,0.10648585628277296,0.13160033939297433,0.03138152939791496,0.03525605846719982,0.01455473461741589,0.09651607819348917,0.13900911966873275,0.13683783022674087,0.13335236669531184,0.2727085479897698,0.06767748147508106,0.2520705240054126,0.048872152180211625,0.4094271542547438
C:\Users\damba\.cache\kagglehub\datasets\salmaneunus\mechanical-tools-dataset\versions\20\Mechanical Tools Image dataset\Mechanical Tools Image dataset\Rope\000153.jpg,Rope,exito,0.0,0.0,0.0,0.0,0.0,0.0,0.0,0.0,0.0,0.0,0.0,0.0,0.0,0.0,0.0,0.0,0.0,0.0,0.0,0.0,0.0,0.0,0.0,0.0,0.0
C:\Users\damba\.cache\kagglehub\datasets\salmaneunus\mechanical-tools-dataset\versions\20\Mechanical Tools Image dataset\Mechanical Tools Image dataset\Rope\000154.jpg,Rope,exito,0.3183098861837905,0.0017523478012669755,0.01704650953462034,0.036920267305521545,0.015471438797489632,0.0440728680934986,0.0012472767941775946,0.06466221523934265,0.04369363837672238,0.04687034420829731,0.04934872351225684,0.09595485954265015,0.05868067581071291,0.0941444260246064,0.08954505842564803,0.10533548834647974,0.07403643306400495,0.03567721587241417,0.07617105792767484,0.11657604797520817,0.1412155737897112,0.11165239745042406,0.16302039682901423,0.15626291281862242,0.09836429112082261
C:\Users\damba\.cache\kagglehub\datasets\salmaneunus\mechanical-tools-dataset\versions\20\Mechanical Tools Image dataset\Mechanical Tools Image dataset\Rope\000155.jpg,Rope,exito,0.3183098861837906,0.015427564411363318,0.016201392509920032,0.0091122171126162,0.028812809917832916,0.08566704613908996,0.052667340999825,0.00988782837304141,0.04540825879269199,0.04633697411359542,0.10461918867662852,0.06960295691608803,0.12696812330723553,0.0443171584664486,0.020874209190715955,0.038916107553951064,0.04477027669187347,0.04260600843607567,0.02685781330979322,0.04249493621810902,0.21294166264948336,0.08085103110553628,0.06297191986784606,0.09509476518751472,0.07803052888610815
C:\Users\damba\.cache\kagglehub\datasets\salmaneunus\mechanical-tools-dataset\versions\20\Mechanical Tools Image dataset\Mechanical Tools Image dataset\Rope\000156.jpg,Rope,exito,0.3183098861837906,0.04211310924670126,0.008965499312412339,0.009556148575088524,0.09070338931332794,0.08350051396106865,0.010233090490382209,0.029573482354367117,0.07044976245136965,0.13900245050736357,0.1271582946888386,0.08780315236976373,0.005526580317787242,0.1387482423119247,0.12458060958880308,0.07089526338181107,0.16327534660541285,0.1439211988266852,0.10538129579081583,0.06554263644621522,0.05342232617244185,0.287859264667218,0.17167995596199917,0.18880819457141385,0.06177631799412072
C:\Users\damba\.cache\kagglehub\datasets\salmaneunus\mechanical-tools-dataset\versions\20\Mechanical Tools Image dataset\Mechanical Tools Image dataset\Rope\000157.jpg,Rope,exito,0.3183098861837905,0.03570849100130269,0.023040788986746986,0.03600029969093421,0.08035888374101262,0.0509255452153459,0.0354830558273868,0.06678303396467727,0.05373755638938114,0.12101913700231494,0.09334850466550766,0.09169203987036431,0.04177603818661356,0.09765605076839749,0.08400165836214767,0.11323430225846126,0.09880888509230311,0.09942937308353489,0.0609377189374622,0.10322064385281239,0.03020740357284113,0.1036701242229841,0.11610368089116602,0.13742111704358909,0.04461811610727643
C:\Users\damba\.cache\kagglehub\datasets\salmaneunus\mechanical-tools-dataset\versions\20\Mechanical Tools Image dataset\Mechanical Tools Image dataset\Rope\000158.jpg,Rope,exito,0.3183098861837906,0.04103931024449563,0.005596860334826072,0.0029988080915842237,0.09114504271827042,0.008884642979569396,0.005267083300523223,0.010605117415650615,0.011711217757401086,0.13533122909049264,0.03775155115226275,0.15917300889575703,0.03604401905743219,0.019142135583191146,0.04672006800744305,0.16091866676334257,0.10973094746528486,0.037948026583918354,0.16648649292870868,0.07488828931944377,0.056728742251891194,0.030539942655777398,0.08784051530648469,0.17168162348128954,0.07981120330383767
C:\Users\damba\.cache\kagglehub\datasets\salmaneunus\mechanical-tools-dataset\versions\20\Mechanical Tools Image dataset\Mechanical Tools Image dataset\Rope\000159.jpg,Rope,exito,0.3183098861837906,0.04387901062393011,0.00012975590967590481,0.06352125397530083,0.0916818212943159,0.061222083244919,0.03437705411319804,0.08875008738460942,0.012513524620820381,0.1288779234477112,0.11671835000928377,0.040842368081242066,0.12060318870949344,0.09328264379054994,0.034556325091246606,0.09329684071808607,0.11435426419683725,0.1507554612494581,0.05559491181889552,0.1526561619614452,0.22773655429193057,0.10899768112009309,0.10014833846616518,0.20156173399864394,0.11946412818281987
C:\Users\damba\.cache\kagglehub\datasets\salmaneunus\mechanical-tools-dataset\versions\20\Mechanical Tools Image dataset\Mechanical Tools Image dataset\Rope\000160.jpg,Rope,exito,0.3183098861837905,0.008203555005744172,0.017349174931000255,0.03692910935462258,0.029962654269248833,0.043472508537650334,0.004265458270662683,0.06445574331512703,0.0424705507230812,0.06901276943018096,0.04752155505189581,0.09819600922166995,0.04550109859804798,0.0989774966534922,0.08423162352685697,0.11278127762054192,0.10550699629058703,0.05012395566080838,0.09265452445540216,0.12480050316801963,0.10761029578846605,0.13037119961513574,0.15852605896229305,0.18263418165407097,0.09573777635121583
C:\Users\damba\.cache\kagglehub\datasets\salmaneunus\mechanical-tools-dataset\versions\20\Mechanical Tools Image dataset\Mechanical Tools Image dataset\Rope\000161.jpg,Rope,exito,0.31830988618379075,0.22214281744298603,0.035333781276668294,0.020337371910160582,0.023851419014786587,0.013781971302112027,0.09483083345964409,0.18444865645475597,0.18101157066157425,0.14405025454213835,0.20047792983587456,0.17616651092040142,0.001141093991324664,0.2259441540734243,0.10849464321518214,0.06849922568444497,0.2018454067358188,0.2903612631093085,0.20264852307850753,0.03725494534093844,0.1646073228770885,0.47758303310953965,0.22072350194008028,0.31243337807570676,0.045846609991430046
C:\Users\damba\.cache\kagglehub\datasets\salmaneunus\mechanical-tools-dataset\versions\20\Mechanical Tools Image dataset\Mechanical Tools Image dataset\Rope\000162.jpg,Rope,exito,0.0,0.0,0.0,0.0,0.0,0.0,0.0,0.0,0.0,0.0,0.0,0.0,0.0,0.0,0.0,0.0,0.0,0.0,0.0,0.0,0.0,0.0,0.0,0.0,0.0
C:\Users\damba\.cache\kagglehub\datasets\salmaneunus\mechanical-tools-dataset\versions\20\Mechanical Tools Image dataset\Mechanical Tools Image dataset\Rope\000163.jpg,Rope,exito,0.3183098861837906,0.045927616906443744,0.0007372219758169765,0.06456740631947196,0.09761437031754804,0.062304853183016894,0.03876421965896622,0.09438194203869502,0.010725565030896111,0.14077967352902915,0.12009318846654592,0.040761264124130066,0.13168822147650355,0.10015059213696349,0.04431694322994989,0.09112049313121087,0.12300399574421507,0.15858985358985134,0.048422288172197646,0.14593351036685212,0.2428580734446661,0.08405805221120513,0.12386283173233607,0.18295045095589246,0.10633946701155617
C:\Users\damba\.cache\kagglehub\datasets\salmaneunus\mechanical-tools-dataset\versions\20\Mechanical Tools Image dataset\Mechanical Tools Image dataset\Rope\000164.jpg,Rope,exito,0.3183098861837906,0.024696391513774254,0.003956828115321848,0.03197552346103956,0.05419485419322031,0.07124899632378867,0.055892144427866525,0.047004607293079724,0.09385999374101496,0.08114097593636826,0.13352771876437547,0.1665289862624731,0.17935724048652316,0.059517045814140905,0.0895722066317199,0.06617477169729348,0.07689977164234503,0.18132512173744147,0.2230089910824348,0.03748238137474002,0.32615762529795667,0.09543041030811188,0.14804690063213277,0.1463901428598362,0.2817065082976099
C:\Users\damba\.cache\kagglehub\datasets\salmaneunus\mechanical-tools-dataset\versions\20\Mechanical Tools Image dataset\Mechanical Tools Image dataset\Rope\000165.jpg,Rope,exito,0.3183098861837905,0.0008554149345939833,0.017035487312843108,0.036911337989394215,0.011989830393258964,0.04442933496855695,0.0008791235581484823,0.06500677720036722,0.044282139826092054,0.04097106819887247,0.05110810497268976,0.09515540528525541,0.060813154107702126,0.0939219627721088,0.09026242878518466,0.10339315277123073,0.0637491119262616,0.029410423397736377,0.07054298975919733,0.11399541058716574,0.14772138649655503,0.10797076032369662,0.16202306863926313,0.14847216921717019,0.09766089857865605
C:\Users\damba\.cache\kagglehub\datasets\salmaneunus\mechanical-tools-dataset\versions\20\Mechanical Tools Image dataset\Mechanical Tools Image dataset\Rope\000166.jpg,Rope,exito,0.3183098861837906,0.022660526339484354,0.014903177834818999,0.009109780515668912,0.05233676560801845,0.08460439422387307,0.04250403978666965,0.015519637034854119,0.0578806314590953,0.08510118955688535,0.11363591510584582,0.07825506447599768,0.0887422826500388,0.08799437981203563,0.06703430077748597,0.05404276300124651,0.08795880357866843,0.07830591899284836,0.05770151108984502,0.05288262355002671,0.13011853575456628,0.1703539794983494,0.052317718874889375,0.13694734614134355,0.06742143754981522
C:\Users\damba\.cache\kagglehub\datasets\salmaneunus\mechanical-tools-dataset\versions\20\Mechanical Tools Image dataset\Mechanical Tools Image dataset\Rope\000167.jpg,Rope,exito,0.3183098861837907,0.503397179234669,0.5442777756589251,0.459181196500144,0.36546500171133406,0.2343979414198688,0.00717099351474462,0.1486193891894264,0.050609941947408664,0.33139551033145237,0.13951168710366682,0.18026399210942984,0.763775564467969,0.4001941672117987,0.2441162333748195,0.12976057037884253,0.845183411324092,0.2021574439816837,0.3924582076382129,0.12083481608179192,0.9301708053698797,0.5562808728247599,0.2325269542395761,0.4493667303649357,0.39433121218463085
C:\Users\damba\.cache\kagglehub\datasets\salmaneunus\mechanical-tools-dataset\versions\20\Mechanical Tools Image dataset\Mechanical Tools Image dataset\Rope\000168.jpg,Rope,exito,0.3183098861837906,0.037338714303724395,0.006963667079188453,0.0035148836076759654,0.08398446657260385,0.008805147873980589,0.002075171727273618,0.012735841513285962,0.01146432490837111,0.1247819801042117,0.03680198970473246,0.1587921469418319,0.015216399099966924,0.02085171998300999,0.03853410406188802,0.15462477538933064,0.09415170564018606,0.03385137566501274,0.15676641616658676,0.08130166867168978,0.018959098490946395,0.011284041240198908,0.0669576209832765,0.15791536587800503,0.07563241542839397
C:\Users\damba\.cache\kagglehub\datasets\salmaneunus\mechanical-tools-dataset\versions\20\Mechanical Tools Image dataset\Mechanical Tools Image dataset\Rope\000169.jpg,Rope,exito,0.3183098861837905,0.009523590669395052,0.017459447022073887,0.036736346704749075,0.03179324755645332,0.04445202890454312,0.005121086938329612,0.06460135169082916,0.043773356891653105,0.0673120070876292,0.0532815401083572,0.09734026035647388,0.04296238398178622,0.09885279323008651,0.0802332249592155,0.11296128185264527,0.09315127290101904,0.03855418401661745,0.08693961467405109,0.12233639908654292,0.10672697861101886,0.1255534739394173,0.14303205891461232,0.17664736837594197,0.08723121408605145
C:\Users\damba\.cache\kagglehub\datasets\salmaneunus\mechanical-tools-dataset\versions\20\Mechanical Tools Image dataset\Mechanical Tools Image dataset\Rope\000170.jpg,Rope,exito,0.0,0.0,0.0,0.0,0.0,0.0,0.0,0.0,0.0,0.0,0.0,0.0,0.0,0.0,0.0,0.0,0.0,0.0,0.0,0.0,0.0,0.0,0.0,0.0,0.0
C:\Users\damba\.cache\kagglehub\datasets\salmaneunus\mechanical-tools-dataset\versions\20\Mechanical Tools Image dataset\Mechanical Tools Image dataset\Rope\000171.jpg,Rope,exito,0.3183098861837906,0.014990949393476094,0.016263978595958226,0.008867628226751356,0.037854711760102064,0.08490373389235047,0.05014363888316647,0.012850916992388987,0.05395009573838873,0.0682927987677314,0.109968416718627,0.07596053501806858,0.11132597529772081,0.07722392837733708,0.04969900436099629,0.0492147232550239,0.07419260858352217,0.0627413132764317,0.047919788919249716,0.049994553458884664,0.17174834978031658,0.14740964182772487,0.024653914387873052,0.12449294063526375,0.0692149184485757
C:\Users\damba\.cache\kagglehub\datasets\salmaneunus\mechanical-tools-dataset\versions\20\Mechanical Tools Image dataset\Mechanical Tools Image dataset\Rope\000172.jpg,Rope,exito,0.3183098861837906,0.044802873896593126,0.004074416932627544,0.002253123489774573,0.098511579055893,0.008942197476568025,0.013421738295005365,0.007216608042783309,0.011978369776128484,0.14641869160782894,0.038517322637308476,0.1596008369458733,0.059127410263273616,0.01430125370802733,0.05529798649568152,0.1675821357538826,0.1261136675991996,0.0417583622876823,0.177285519529883,0.06694708653813851,0.09870384076858672,0.040294181884002425,0.11005097891160816,0.1852640744025394,0.08351663448601646
C:\Users\damba\.cache\kagglehub\datasets\salmaneunus\mechanical-tools-dataset\versions\20\Mechanical Tools Image dataset\Mechanical Tools Image dataset\Rope\000173.jpg,Rope,exito,0.0,0.0,0.0,0.0,0.0,0.0,0.0,0.0,0.0,0.0,0.0,0.0,0.0,0.0,0.0,0.0,0.0,0.0,0.0,0.0,0.0,0.0,0.0,0.0,0.0
C:\Users\damba\.cache\kagglehub\datasets\salmaneunus\mechanical-tools-dataset\versions\20\Mechanical Tools Image dataset\Mechanical Tools Image dataset\Rope\000174.jpg,Rope,exito,0.3183098861837906,0.0408098774028149,0.0013546070263898544,0.06277575362016263,0.08456619207957806,0.059480133479503074,0.02837335219708136,0.08533717175941734,0.01564350610985054,0.11999238186439515,0.11244215748218382,0.04104593929300329,0.10682513768087039,0.10362825825756664,0.020742654696159435,0.09548139518579757,0.1354475180632813,0.144498229535816,0.06314169529445898,0.15997598934872842,0.21624168958720935,0.17111587795952027,0.06534267932403078,0.2225921028463722,0.13520728539803023
C:\Users\damba\.cache\kagglehub\datasets\salmaneunus\mechanical-tools-dataset\versions\20\Mechanical Tools Image dataset\Mechanical Tools Image dataset\Rope\000175.jpg,Rope,exito,0.3183098861837907,0.624342244182883,0.8819748241117019,0.918452241331537,1.1055887598474423,1.2009859121929913,1.2407092899355152,1.2968603082302699,1.4722803787219885,1.3279744314937925,1.4574048535028965,1.7326640653321685,1.3018558273323912,1.3713344091703865,1.588778802843902,1.9824569089829704,1.2255233520150712,1.3745374829342072,1.6924814281296972,2.2219705643981493,1.0304345485785125,1.1055128027590126,1.3411380671289594,1.769956655357739,2.451508604525559
C:\Users\damba\.cache\kagglehub\datasets\salmaneunus\mechanical-tools-dataset\versions\20\Mechanical Tools Image dataset\Mechanical Tools Image dataset\Rope\000176.jpg,Rope,exito,0.3183098861837905,0.006356383367045387,0.01722243661847478,0.03699163956172966,0.012651966628330088,0.04572106397895022,0.001213845670910342,0.06700098795978848,0.04635131541149407,0.032435072917527084,0.058140487455016744,0.09254917064983885,0.062233911671522445,0.09678837244086816,0.09122517060927299,0.0982894995576692,0.03679835684417019,0.015527589579128028,0.053064536674463154,0.10634985401719617,0.1561896481002734,0.10420219108467853,0.1574804946604471,0.126846435165869,0.09395258976243911
C:\Users\damba\.cache\kagglehub\datasets\salmaneunus\mechanical-tools-dataset\versions\20\Mechanical Tools Image dataset\Mechanical Tools Image dataset\Rope\000177.jpg,Rope,exito,0.0,0.0,0.0,0.0,0.0,0.0,0.0,0.0,0.0,0.0,0.0,0.0,0.0,0.0,0.0,0.0,0.0,0.0,0.0,0.0,0.0,0.0,0.0,0.0,0.0
C:\Users\damba\.cache\kagglehub\datasets\salmaneunus\mechanical-tools-dataset\versions\20\Mechanical Tools Image dataset\Mechanical Tools Image dataset\Rope\000178.jpg,Rope,exito,0.3183098861837906,0.047940079739198616,0.001627416997532056,0.06247588140597927,0.09797669492297248,0.06257646676410256,0.043410757154039734,0.08509624051266355,0.011842500336418215,0.1363519493327379,0.12176966035445781,0.04029195728074679,0.14592496754146408,0.08896086550502004,0.03905010989893268,0.095364237772199,0.1321864200027805,0.1637565365304182,0.06146498693563393,0.15718743016113068,0.27799245625472524,0.12096604900855805,0.11203682655829579,0.2161481483094124,0.12560271449498994
C:\Users\damba\.cache\kagglehub\datasets\salmaneunus\mechanical-tools-dataset\versions\20\Mechanical Tools Image dataset\Mechanical Tools Image dataset\Rope\000179.jpg,Rope,exito,0.3183098861837905,0.022503319649133238,0.0833124645812602,0.07665110081562602,0.04346657016283156,0.010729046589539083,0.1329020850805298,0.06936641118132723,0.017507918610480788,0.04915595659901047,0.026177019167911167,0.0038422767163077804,0.156644417151225,0.03357669547094226,0.015880439986840526,0.011134505652073108,0.007012135724439493,0.025590586145287426,0.0018820753101195758,0.0032358177400486758,0.12180082864866897,0.19469999631875076,0.049652963414896445,0.1127902051334553,0.0973587387802809
C:\Users\damba\.cache\kagglehub\datasets\salmaneunus\mechanical-tools-dataset\versions\20\Mechanical Tools Image dataset\Mechanical Tools Image dataset\Rope\000180.jpg,Rope,exito,0.3183098861837906,0.02331567824297699,0.0036444395998424103,0.03169740957008851,0.0504072342540796,0.07080042878927802,0.054045315670140454,0.044316660744409854,0.09516201726368881,0.07341053854910236,0.13429420430012437,0.1661974632262817,0.17403419573560583,0.05391204173816191,0.08773836521643223,0.06576667087193434,0.06962239398817673,0.18324205927143714,0.22019461568323875,0.0399297239018985,0.31835532109032944,0.09381649207532883,0.12287577062547703,0.15230788974792708,0.28039870453863514
C:\Users\damba\.cache\kagglehub\datasets\salmaneunus\mechanical-tools-dataset\versions\20\Mechanical Tools Image dataset\Mechanical Tools Image dataset\Rope\000181.jpg,Rope,exito,0.0,0.0,0.0,0.0,0.0,0.0,0.0,0.0,0.0,0.0,0.0,0.0,0.0,0.0,0.0,0.0,0.0,0.0,0.0,0.0,0.0,0.0,0.0,0.0,0.0
C:\Users\damba\.cache\kagglehub\datasets\salmaneunus\mechanical-tools-dataset\versions\20\Mechanical Tools Image dataset\Mechanical Tools Image dataset\Rope\000182.jpg,Rope,exito,0.31830988618379075,0.03808814680526073,0.10062512223880667,0.052525580405332645,0.05855748625059607,0.02446042456449103,0.09212495530887055,0.0728729174349319,0.08274965988009601,0.0868180764090152,0.04415258335191125,0.05077508802620637,0.0017360971907289548,0.08312431970054483,0.0024707469469635725,0.08125575836379659,0.09228515387838515,0.10583914290554788,0.08944939220847387,0.19565163406299338,0.12700039754538367,0.06599813016928822,0.10936289989591846,0.11306974411662267,0.1928231366573673
C:\Users\damba\.cache\kagglehub\datasets\salmaneunus\mechanical-tools-dataset\versions\20\Mechanical Tools Image dataset\Mechanical Tools Image dataset\Rope\000183.jpg,Rope,exito,0.31830988618379064,0.3872475155865025,0.028910993047757242,0.2629263306376243,0.24632299377956307,0.08388024632031996,0.3892219738432316,0.24458441674911707,0.07157116259961097,0.240515589630269,0.05829803877819042,0.10091537139600947,0.117430250225912,0.12764865765618577,0.11927365904466919,0.06431239471714648,0.15805620122132838,0.057452235304869516,0.17259403190859135,0.10831822771004042,0.2883471759503199,0.24759221177680896,0.1709554520605191,0.09030543486081066,0.18548186015093965
C:\Users\damba\.cache\kagglehub\datasets\salmaneunus\mechanical-tools-dataset\versions\20\Mechanical Tools Image dataset\Mechanical Tools Image dataset\Rope\000184.jpg,Rope,exito,0.3183098861837906,0.021572385207918463,0.015129992893883108,0.009019858265527864,0.05042916126697047,0.08462731375771333,0.04367329410748918,0.01564029732453685,0.05753610047529527,0.08318768594100445,0.11327006643670799,0.07815793773059375,0.09186543928828313,0.08819611185964382,0.0654989675712476,0.05364360838077385,0.08717251231318149,0.07679657682492025,0.05711427029024796,0.052746292119918846,0.13517318841282056,0.17028814163774722,0.04911562889083375,0.13620716357841456,0.06726022912303384
C:\Users\damba\.cache\kagglehub\datasets\salmaneunus\mechanical-tools-dataset\versions\20\Mechanical Tools Image dataset\Mechanical Tools Image dataset\Rope\000185.jpg,Rope,exito,0.3183098861837906,0.03798086230567502,0.0024049994356038214,0.06474169990130095,0.08225867187242077,0.059060883565411136,0.022341122189476897,0.09283020969792642,0.01453478461104301,0.1183264608944325,0.1091724204022978,0.04168040154852351,0.08640203732983018,0.09973982956503973,0.030877482509243884,0.0904654238173201,0.09546571825962966,0.13185937011454116,0.0486556460156571,0.1470841581068762,0.1622216049546745,0.10187797662128426,0.08699010995712668,0.1839501065411515,0.11330552382983937
C:\Users\damba\.cache\kagglehub\datasets\salmaneunus\mechanical-tools-dataset\versions\20\Mechanical Tools Image dataset\Mechanical Tools Image dataset\Rope\000186.jpg,Rope,exito,0.31830988618379064,0.006837341889727432,0.049263601605209865,0.056904732271810796,0.02417231916792254,0.07270133366446499,0.056776442247347014,0.10570731281616183,0.02538913165483755,0.05692479871920975,0.10723498936940443,0.022787108241495713,0.01677253020042688,0.15822576351624512,0.10143733249529846,0.02645847065986619,0.08174661273212222,0.0972551999311546,0.05670512817219641,0.009536690365758124,0.056045929246698996,0.18761617684584733,0.1867046763248561,0.008036887962919648,0.1453688279425376
C:\Users\damba\.cache\kagglehub\datasets\salmaneunus\mechanical-tools-dataset\versions\20\Mechanical Tools Image dataset\Mechanical Tools Image dataset\Rope\000187.jpg,Rope,exito,0.31830988618379047,0.03411983062894357,0.035412538608328784,0.03309788801340287,0.07664497658064708,0.04886229180823716,0.022977967383402544,0.04443029179610807,0.05583944646131953,0.11453747528706683,0.08448206427871918,0.11380410131454327,0.04166283855324631,0.034099868914726106,0.0702671781190344,0.10848970134660801,0.09428431743374473,0.1022880278790892,0.13496435206803514,0.1396826783305882,0.11909556160891478,0.01608718648630831,0.1237909445760952,0.14529589430024908,0.18660605277871362
C:\Users\damba\.cache\kagglehub\datasets\salmaneunus\mechanical-tools-dataset\versions\20\Mechanical Tools Image dataset\Mechanical Tools Image dataset\Rope\000188.jpg,Rope,exito,0.3183098861837906,0.006503757410402589,0.01712365831931622,0.008650728233601968,0.009645237722206615,0.08564280565021187,0.05717179005397974,0.0039833429786485545,0.044466391944807164,0.03319531836395987,0.1031876597929672,0.07002510937724422,0.13824984070619228,0.04347067466512096,0.009471778768697366,0.037952398546229456,0.04587584206056005,0.03721887990670943,0.028356912290511783,0.042976182703690434,0.22977517836900238,0.08503597853934526,0.058757642859579955,0.09487780716750271,0.07685485657772217
C:\Users\damba\.cache\kagglehub\datasets\salmaneunus\mechanical-tools-dataset\versions\20\Mechanical Tools Image dataset\Mechanical Tools Image dataset\Rope\000189.jpg,Rope,exito,0.3183098861837905,0.05203138376174354,0.029789724357912776,0.03140214426556083,0.1118897980600832,0.05076463477741679,0.07201226504115753,0.044937983491948726,0.052719616467699584,0.16732007075755548,0.09523296537817029,0.10156729016135115,0.14741850542282847,0.0691350705810264,0.10617873126279523,0.13646767503587537,0.17120338665610932,0.11578311212923177,0.1321151444281125,0.13076528704445753,0.23116444606325634,0.12380025648105142,0.17744581112040556,0.2179308647179112,0.010902573532698865
C:\Users\damba\.cache\kagglehub\datasets\salmaneunus\mechanical-tools-dataset\versions\20\Mechanical Tools Image dataset\Mechanical Tools Image dataset\Rope\000190.jpg,Rope,exito,0.0,0.0,0.0,0.0,0.0,0.0,0.0,0.0,0.0,0.0,0.0,0.0,0.0,0.0,0.0,0.0,0.0,0.0,0.0,0.0,0.0,0.0,0.0,0.0,0.0
C:\Users\damba\.cache\kagglehub\datasets\salmaneunus\mechanical-tools-dataset\versions\20\Mechanical Tools Image dataset\Mechanical Tools Image dataset\Rope\000191.jpg,Rope,exito,0.3183098861837906,0.03519136877764719,0.00336686147899834,0.06344526999224012,0.07507325033647294,0.05726517106166237,0.018030136339207855,0.08731692611181992,0.01769198760248509,0.11020046062149841,0.10526777325736104,0.04191178813675915,0.07893709472628227,0.1104820296941218,0.014517761014337391,0.09448973115756847,0.13250400526044545,0.1298008023009435,0.06321598165716741,0.15886782639635919,0.16830263963383818,0.1801238754542977,0.04708479294514901,0.21873805402665011,0.13689382331359645
C:\Users\damba\.cache\kagglehub\datasets\salmaneunus\mechanical-tools-dataset\versions\20\Mechanical Tools Image dataset\Mechanical Tools Image dataset\Rope\000192.jpg,Rope,exito,0.31830988618379047,0.008124998220798763,0.03243683950980618,0.002539266614720835,0.020778573495043518,0.06644136398888359,0.006061844908055025,0.002897722888554931,0.08505581626958451,0.030387148556529735,0.11888643734672869,0.11935511122539391,0.09000012240441806,0.017038436337884523,0.01937644901149833,0.03188492323968912,0.017572504227480485,0.1523099204856783,0.15665623462980857,0.12847249975788172,0.1955482474069515,0.0500530331065822,0.11421778365114169,0.049346997873486224,0.3778486538374799
C:\Users\damba\.cache\kagglehub\datasets\salmaneunus\mechanical-tools-dataset\versions\20\Mechanical Tools Image dataset\Mechanical Tools Image dataset\Rope\000193.jpg,Rope,exito,0.0,0.0,0.0,0.0,0.0,0.0,0.0,0.0,0.0,0.0,0.0,0.0,0.0,0.0,0.0,0.0,0.0,0.0,0.0,0.0,0.0,0.0,0.0,0.0,0.0
C:\Users\damba\.cache\kagglehub\datasets\salmaneunus\mechanical-tools-dataset\versions\20\Mechanical Tools Image dataset\Mechanical Tools Image dataset\Rope\000194.jpg,Rope,exito,0.0,0.0,0.0,0.0,0.0,0.0,0.0,0.0,0.0,0.0,0.0,0.0,0.0,0.0,0.0,0.0,0.0,0.0,0.0,0.0,0.0,0.0,0.0,0.0,0.0
C:\Users\damba\.cache\kagglehub\datasets\salmaneunus\mechanical-tools-dataset\versions\20\Mechanical Tools Image dataset\Mechanical Tools Image dataset\Rope\000195.jpg,Rope,exito,0.0,0.0,0.0,0.0,0.0,0.0,0.0,0.0,0.0,0.0,0.0,0.0,0.0,0.0,0.0,0.0,0.0,0.0,0.0,0.0,0.0,0.0,0.0,0.0,0.0
C:\Users\damba\.cache\kagglehub\datasets\salmaneunus\mechanical-tools-dataset\versions\20\Mechanical Tools Image dataset\Mechanical Tools Image dataset\Rope\000196.jpg,Rope,exito,0.3183098861837906,0.034108616264914016,0.011840604485387443,0.007701238362944331,0.07611083409353572,0.08377546978251119,0.024547372201621304,0.03536796221243221,0.06818535554338571,0.12387799514261298,0.12524247192307375,0.08785498158532865,0.030925217234602627,0.1540649798336093,0.11525760944234993,0.06844737486944204,0.15705064403176114,0.13535471579026764,0.10110905519572877,0.06528453215942327,0.0017654702787756685,0.30735764879321087,0.1490079758791207,0.18696988547468374,0.05506562922386603
C:\Users\damba\.cache\kagglehub\datasets\salmaneunus\mechanical-tools-dataset\versions\20\Mechanical Tools Image dataset\Mechanical Tools Image dataset\Rope\000197.jpg,Rope,exito,0.3183098861837906,0.03379472468629995,0.011941045696026017,0.006763264343846005,0.07596783608576388,0.08374397051203405,0.024642978999606387,0.04101004747896002,0.0692250493427527,0.12696488038707007,0.127161602221746,0.0895939535910214,0.028867191651760372,0.17123403730245096,0.12103904900516146,0.07027094772051636,0.17029461911193436,0.14543794060691567,0.10841126792410415,0.0675326236786944,0.01112358198071404,0.34041802267316157,0.16229059156819575,0.19613452146400653,0.050528282887172676
C:\Users\damba\.cache\kagglehub\datasets\salmaneunus\mechanical-tools-dataset\versions\20\Mechanical Tools Image dataset\Mechanical Tools Image dataset\Rope\000198.jpg,Rope,exito,0.3183098861837905,0.03123197713207864,0.08110217978942949,0.07772115047184339,0.06054126946612844,0.014960587365403856,0.12210442655807859,0.07555058790141184,0.01666225986476941,0.0701993583887085,0.037131051765303215,0.005249551713039467,0.13023107482941854,0.01686850689130656,0.019638064487119297,0.010713240313511837,0.01527227636602668,0.039336271541223336,0.003053414653761319,0.0044351545228975406,0.0861615199259157,0.1674410589279574,0.05859549338901185,0.1125611090889184,0.09690031283543458
C:\Users\damba\.cache\kagglehub\datasets\salmaneunus\mechanical-tools-dataset\versions\20\Mechanical Tools Image dataset\Mechanical Tools Image dataset\Rope\000199.jpg,Rope,exito,0.3183098861837905,0.023050256577253632,0.019535798879951518,0.03687851873498475,0.054346036363704824,0.049092308999379254,0.01591944861283513,0.0696917639587322,0.051015084632029827,0.08482236206148544,0.08053570544692593,0.0907381035046191,0.015233654989897908,0.10382840544455015,0.0780943035484571,0.10598243926256429,0.062014781336780726,0.06345666344406939,0.048217275849946936,0.10216857313067103,0.07158555169071985,0.11047514513095355,0.11219025456818621,0.12812420117487697,0.06332753199053874
C:\Users\damba\.cache\kagglehub\datasets\salmaneunus\mechanical-tools-dataset\versions\20\Mechanical Tools Image dataset\Mechanical Tools Image dataset\Rope\000200.jpg,Rope,exito,0.0,0.0,0.0,0.0,0.0,0.0,0.0,0.0,0.0,0.0,0.0,0.0,0.0,0.0,0.0,0.0,0.0,0.0,0.0,0.0,0.0,0.0,0.0,0.0,0.0
C:\Users\damba\.cache\kagglehub\datasets\salmaneunus\mechanical-tools-dataset\versions\20\Mechanical Tools Image dataset\Mechanical Tools Image dataset\Rope\000201.jpg,Rope,exito,0.31830988618379064,0.4445838175918036,0.21817623398977215,0.3921959953624133,0.03162331072176105,0.263157112500907,0.2658881059244132,0.06997554550519992,0.16154190734298657,0.16135586392994694,0.1147882063776765,0.13373668461872984,0.004840578235318709,0.10123698429452009,0.3353105462826116,0.16080037332256258,0.1353401587230482,0.20976177663049436,0.3953508950530614,0.18704622686330635,0.04078808800145511,0.06875270108323908,0.046711952440531154,0.22895545023330213,0.16270142889091388
C:\Users\damba\.cache\kagglehub\datasets\salmaneunus\mechanical-tools-dataset\versions\20\Mechanical Tools Image dataset\Mechanical Tools Image dataset\Rope\000202.jpg,Rope,exito,0.0,0.0,0.0,0.0,0.0,0.0,0.0,0.0,0.0,0.0,0.0,0.0,0.0,0.0,0.0,0.0,0.0,0.0,0.0,0.0,0.0,0.0,0.0,0.0,0.0
C:\Users\damba\.cache\kagglehub\datasets\salmaneunus\mechanical-tools-dataset\versions\20\Mechanical Tools Image dataset\Mechanical Tools Image dataset\Rope\000203.jpg,Rope,exito,0.31830988618379047,0.010456736845596129,0.03223266230112983,0.00287742505699536,0.02021565665987013,0.06632623146121656,0.005849250671211355,0.006424232871705827,0.08886910211412703,0.029312881596683056,0.1253334803213282,0.12514255077499284,0.09000815146784075,0.03255853083466002,0.04466249612690823,0.04295658338886318,0.05602376723391096,0.16730519190056134,0.17072423076191015,0.1261973674987273,0.2049051175604298,0.0859467108183624,0.04948790182181811,0.08558120510360134,0.3652994037835404
C:\Users\damba\.cache\kagglehub\datasets\salmaneunus\mechanical-tools-dataset\versions\20\Mechanical Tools Image dataset\Mechanical Tools Image dataset\Rope\000204.jpg,Rope,exito,0.3183098861837907,0.01594639695894808,0.10730159736545773,0.0005991509854303944,0.04258375665779881,2.0010477979102973e-05,0.1546924037863463,0.003663984410764327,0.09333146786545196,0.08657388501266478,0.013982615271900398,0.014026919206090477,0.14305531981488454,0.01249451979053063,0.22023101840517673,0.0012297387870778432,0.1415357561594463,0.06235490185607204,0.0625882129427206,8.21417735057584e-05,0.07305586733054927,0.03145420738470002,0.33728404334139056,0.00862668645747067,0.19897196315938626
C:\Users\damba\.cache\kagglehub\datasets\salmaneunus\mechanical-tools-dataset\versions\20\Mechanical Tools Image dataset\Mechanical Tools Image dataset\Rope\000205.jpg,Rope,exito,0.31830988618379064,0.3635524187693081,0.08956968688715412,0.2517810071764201,0.3262998213203499,0.10292914723999541,0.32597623701068706,0.27046072477361094,0.03225204680000098,0.1333374555619569,0.05667040187495639,0.07447116076628946,0.06882607345138259,0.06353761958190886,0.15107436822517104,0.08020161046380453,0.1599325978073638,0.10934708176141096,0.2407539911879621,0.07113478062188988,0.19581246819962603,0.17764015545143075,0.18112750717861634,0.20182557097147388,0.07218060240498636
C:\Users\damba\.cache\kagglehub\datasets\salmaneunus\mechanical-tools-dataset\versions\20\Mechanical Tools Image dataset\Mechanical Tools Image dataset\Rope\000206.jpg,Rope,exito,0.3183098861837905,0.013626854108943374,0.017907088036968687,0.036552968266688204,0.012710914931982028,0.04468525096501526,0.002411479224485776,0.06403374950707622,0.04520668995945217,0.00838421558497187,0.05084030963670831,0.09287841141379562,0.06546739665775986,0.08921565681867444,0.1062603016412859,0.09168259776777256,0.031029805366627194,0.01198744563377588,0.053915853564699426,0.10487032784533018,0.16827720781728783,0.09547738257456558,0.18904379661475793,0.11575273377566303,0.10969743861962822
C:\Users\damba\.cache\kagglehub\datasets\salmaneunus\mechanical-tools-dataset\versions\20\Mechanical Tools Image dataset\Mechanical Tools Image dataset\Rope\000207.jpg,Rope,exito,0.3183098861837906,0.2994852746142315,0.054547431185951845,0.08388364008795,0.0866347255043107,0.13161337080732632,0.02590223321365841,0.11472881833169367,0.046889934046101214,0.1365576566063403,0.17779945859789015,0.11069874739563494,0.016943155833491572,0.14007606622411276,0.09530281204616094,0.0768379044596879,0.10192339766854851,0.16714494560892806,0.17310838030679215,0.12794802160342644,0.15067251321171374,0.08260646451626034,0.24691246117432872,0.1363529572160023,0.14849477854131007
C:\Users\damba\.cache\kagglehub\datasets\salmaneunus\mechanical-tools-dataset\versions\20\Mechanical Tools Image dataset\Mechanical Tools Image dataset\Rope\000208.jpg,Rope,exito,0.0,0.0,0.0,0.0,0.0,0.0,0.0,0.0,0.0,0.0,0.0,0.0,0.0,0.0,0.0,0.0,0.0,0.0,0.0,0.0,0.0,0.0,0.0,0.0,0.0
C:\Users\damba\.cache\kagglehub\datasets\salmaneunus\mechanical-tools-dataset\versions\20\Mechanical Tools Image dataset\Mechanical Tools Image dataset\Rope\000209.jpg,Rope,exito,0.31830988618379064,0.007427064618630538,0.04930324243210872,0.05684754836689988,0.026429340528109264,0.07349787636214201,0.057362785836370035,0.10645878245581553,0.02405166440410428,0.05940926601915021,0.10998990926941507,0.02227642731226657,0.019465436734906413,0.16037363697451612,0.09623223096200893,0.02699294331535456,0.07996253312643739,0.10095031581977931,0.05894052922433479,0.008749103316199413,0.050043102373528894,0.1904644962649824,0.1783405672101467,0.006622560655839818,0.14510312233080516
C:\Users\damba\.cache\kagglehub\datasets\salmaneunus\mechanical-tools-dataset\versions\20\Mechanical Tools Image dataset\Mechanical Tools Image dataset\Rope\000210.jpg,Rope,exito,0.31830988618379047,0.04877046877778804,0.03667605851547531,0.044583382672989495,0.09818617237608676,0.05968269742390231,0.028978802992798626,0.041689190712687174,0.04449204186209618,0.12986983770723343,0.10735821789667378,0.07266059289851642,0.030150125222458753,0.03815953841570407,0.10126230228665052,0.07114142117763922,0.10076523529606406,0.13512851607224755,0.07845286134241926,0.0943376683868349,0.12366234867937566,0.14454803061809357,0.16602006725560586,0.19037429652718896,0.06692418100512613
C:\Users\damba\.cache\kagglehub\datasets\salmaneunus\mechanical-tools-dataset\versions\20\Mechanical Tools Image dataset\Mechanical Tools Image dataset\Rope\000211.jpg,Rope,exito,0.31830988618379047,0.03574587316280687,0.04186341472594886,0.042606805814050186,0.07320805262778347,0.05747929795179947,0.05484412598014466,0.03045927109538985,0.04284894288094731,0.0984661424410613,0.09727290345851923,0.0721820710686527,0.03620194696183795,0.07316119784273431,0.08927683471151794,0.07043507827696577,0.08783000984365394,0.1123229003368451,0.07848537994027158,0.09328556074808063,0.020496086009322362,0.2116788100473911,0.13522319283074888,0.1847880583089729,0.08165863822657367
C:\Users\damba\.cache\kagglehub\datasets\salmaneunus\mechanical-tools-dataset\versions\20\Mechanical Tools Image dataset\Mechanical Tools Image dataset\Rope\000212.jpg,Rope,exito,0.31830988618379064,0.007062838976768749,0.05092886806037654,0.031126982689240724,0.0027374655545118892,0.0014270445879449444,0.0624167660507108,0.04744316763597276,0.046540133210652306,0.03629036218284518,0.02786570707386172,0.08743465078710466,0.024318456390681264,0.05486413648010899,0.15707546964592586,0.1536969757860533,0.08402532324814209,0.11675986514619702,0.05445556360391555,0.1610398300990422,0.04820614262523397,0.05781112038474346,0.27482216657100184,0.20726987163434527,0.10038562745870315
C:\Users\damba\.cache\kagglehub\datasets\salmaneunus\mechanical-tools-dataset\versions\20\Mechanical Tools Image dataset\Mechanical Tools Image dataset\Rope\000213.jpg,Rope,exito,0.3183098861837905,0.02560072479088863,0.020120525212343775,0.03577446754410386,0.05976776174802593,0.048115982877309525,0.020089782070302046,0.06332566886727518,0.048976087815099385,0.09191325506401984,0.07590276398750834,0.09512937282667697,0.0006049624467005719,0.09341355163267834,0.07538438339736069,0.11614241859470352,0.07193608755538358,0.053285099677333726,0.07686217812006962,0.11487952393792986,0.042347001020658456,0.1062960163026966,0.10382940374420453,0.16311250237512692,0.055752147055710424
C:\Users\damba\.cache\kagglehub\datasets\salmaneunus\mechanical-tools-dataset\versions\20\Mechanical Tools Image dataset\Mechanical Tools Image dataset\Rope\000214.jpg,Rope,exito,0.3183098861837907,0.6254072444665726,0.8882469363726954,0.9215882974620336,1.1197979564864695,1.2071423114509199,1.2697769534780174,1.3214655108094326,1.4823517495299006,1.375027809318745,1.494608238912556,1.7474924215236154,1.374202259922872,1.4388916385274675,1.6405395376491803,2.002833630726414,1.324970167564253,1.4645540363918579,1.7605288505837697,2.248638317538956,1.1618450254687742,1.2329390808602088,1.4550507798599004,1.855802923970539,2.4851632000635333
C:\Users\damba\.cache\kagglehub\datasets\salmaneunus\mechanical-tools-dataset\versions\20\Mechanical Tools Image dataset\Mechanical Tools Image dataset\Rope\000215.jpg,Rope,exito,0.3183098861837905,0.027170599166996257,0.02051092001095317,0.0357947183075693,0.06278078400422085,0.048631462507602384,0.02210700041115295,0.06377088477830395,0.049836721394584456,0.09534483369632887,0.07897088617376179,0.09443238290808688,0.004689259861885044,0.09301250630024217,0.07639405655516047,0.11537107163148361,0.07035707339657539,0.06052605054168539,0.07316003817159686,0.11252147022297314,0.034477246631768134,0.10208287713708461,0.10373847810215785,0.157520979988164,0.05334666535625423
C:\Users\damba\.cache\kagglehub\datasets\salmaneunus\mechanical-tools-dataset\versions\20\Mechanical Tools Image dataset\Mechanical Tools Image dataset\Rope\000216.jpg,Rope,exito,0.3183098861837906,0.030615229998152117,0.012906101060336165,0.009433615831788028,0.06773457015283237,0.08422928735030086,0.03162222136239353,0.01848477765414449,0.0624132143389385,0.10458447705000096,0.11816255928620649,0.08112401930225366,0.057329131506064085,0.10069544165177902,0.08711067571966569,0.059787350230168325,0.10807999840348564,0.09871666686916822,0.07141946335799,0.05661445840121295,0.07216116617797583,0.20007216295415425,0.09043562594446236,0.15256019917021427,0.06586884734622711
C:\Users\damba\.cache\kagglehub\datasets\salmaneunus\mechanical-tools-dataset\versions\20\Mechanical Tools Image dataset\Mechanical Tools Image dataset\Rope\000217.jpg,Rope,exito,0.31830988618379047,0.03297533414926617,0.04276062901702072,0.04250078921725214,0.06817226008865386,0.0574153808493028,0.05949989412869637,0.030459480153874244,0.04198203831811866,0.0929582633012583,0.095708133414847,0.0714456687526869,0.04885637602799928,0.0748658537622063,0.0840520998272747,0.06917037729939665,0.08452814012994624,0.10626985030518077,0.07475164371529759,0.09170953157658149,0.0012704577277588432,0.21133930288204844,0.12321268831061706,0.17890537682664395,0.08326483523926445
C:\Users\damba\.cache\kagglehub\datasets\salmaneunus\mechanical-tools-dataset\versions\20\Mechanical Tools Image dataset\Mechanical Tools Image dataset\Rope\000218.jpg,Rope,exito,0.3183098861837906,0.00020780751383074307,0.01732278350356899,0.008661595239059686,0.013613948743508974,0.08537766767286878,0.057092043122396435,0.00644795188744513,0.04762547536803298,0.04261616447391383,0.10496725280613203,0.07216428054835877,0.13466079091338884,0.05586838080419892,0.02140825362688785,0.04164191579431317,0.055275893666373706,0.04315374031013559,0.03459571135196908,0.0454400886693875,0.21844994127571313,0.10765307993009422,0.035657695462845446,0.10489791691503367,0.07371480870621373
C:\Users\damba\.cache\kagglehub\datasets\salmaneunus\mechanical-tools-dataset\versions\20\Mechanical Tools Image dataset\Mechanical Tools Image dataset\Rope\000219.jpg,Rope,exito,0.3183098861837906,0.2911206550254595,0.09839389039462301,0.02543519489534656,0.08232007616180735,0.08775253772977817,0.008498614969377656,0.0367845009482868,0.05401945491281532,0.19306869311723648,0.14210221325139877,0.2193872755516859,0.13178699438578745,0.1342685865025086,0.07839176216986372,0.29114104466642515,0.02926866040810548,0.06772505000383557,0.2873486288955716,0.12866143761738072,0.03603638981061403,0.1188997915408804,0.05178393449277503,0.26281569536906285,0.15814554352923516
C:\Users\damba\.cache\kagglehub\datasets\salmaneunus\mechanical-tools-dataset\versions\20\Mechanical Tools Image dataset\Mechanical Tools Image dataset\Rope\000220.jpg,Rope,exito,0.3183098861837906,0.03305885074995896,0.01217287545933256,0.009383148171145585,0.07272005467382976,0.08405943962036469,0.02751407991969197,0.02109254149119618,0.06431674873216088,0.11205458444589675,0.12014726204186275,0.08270556988895975,0.044905381899997585,0.1099248191144446,0.09578926516924698,0.06236435393054309,0.11965462836907123,0.10836607288373275,0.07891099938112188,0.05867371258949105,0.04703972871634525,0.2202921084265965,0.10782016095331036,0.16080191065142158,0.06449582134898198
C:\Users\damba\.cache\kagglehub\datasets\salmaneunus\mechanical-tools-dataset\versions\20\Mechanical Tools Image dataset\Mechanical Tools Image dataset\Rope\000221.jpg,Rope,exito,0.3183098861837905,0.04809811826666997,0.027933816330256524,0.03357034988354584,0.10482408393361406,0.05173794066361624,0.06195365409208458,0.05491682679578321,0.05486244350574386,0.15587847293413834,0.10002483141039432,0.09649847892258594,0.11742075833612542,0.07051670833031777,0.10122078066447025,0.1257870772659485,0.14037884291230227,0.12307257989088075,0.09801110116812638,0.11451244538562659,0.1681104437415953,0.0679617809746186,0.16001157867185442,0.1712801446388828,0.02247803227379277
C:\Users\damba\.cache\kagglehub\datasets\salmaneunus\mechanical-tools-dataset\versions\20\Mechanical Tools Image dataset\Mechanical Tools Image dataset\Rope\000222.jpg,Rope,exito,0.3183098861837906,0.009341728890329646,0.016911746719210818,0.008693274535906612,0.028400579630880444,0.08504225230977565,0.0537978970340485,0.011424736595655053,0.05194411525769945,0.0589361554534548,0.10814863748195486,0.07495012376715933,0.12211341952125393,0.07247609921585808,0.04056283792202379,0.04682000845085419,0.06871819805279519,0.05540421855994471,0.04395300846049398,0.048746857861958336,0.19119845845025812,0.13798907721297962,0.013620369735307778,0.11876746198545646,0.07001692513921225
C:\Users\damba\.cache\kagglehub\datasets\salmaneunus\mechanical-tools-dataset\versions\20\Mechanical Tools Image dataset\Mechanical Tools Image dataset\Rope\000223.jpg,Rope,exito,0.31830988618379064,0.015569132396119937,0.050185574097785436,0.056253766596730315,0.04276622376587053,0.0773070548479918,0.06361694395355437,0.10865901877316997,0.01738444628732076,0.07707629834723316,0.12392532291260602,0.02022922215416061,0.0413609396155312,0.1677590092108534,0.0699687309523735,0.02943839380270136,0.07512790305852321,0.12505948517920823,0.06778896127312345,0.004657454714684114,0.006075326265845696,0.20126811260693775,0.13471001217504402,0.001706511166752082,0.14417107653647898
C:\Users\damba\.cache\kagglehub\datasets\salmaneunus\mechanical-tools-dataset\versions\20\Mechanical Tools Image dataset\Mechanical Tools Image dataset\Rope\000224.jpg,Rope,exito,0.3183098861837906,0.031853271087369434,0.012541651630004744,0.007600090431845007,0.07192955014120744,0.08386714346695144,0.02822957381779768,0.03428190623453783,0.06707032248579756,0.11846642347330869,0.1238739798759388,0.08705579053264413,0.04130439868811411,0.1500725673055285,0.1100038042085073,0.06691744366945145,0.14968501299400128,0.12853065059710958,0.09666625426251475,0.06417956811006587,0.02146261685690807,0.29694928706802426,0.13691030640024696,0.18222674449220436,0.05522618141990965
C:\Users\damba\.cache\kagglehub\datasets\salmaneunus\mechanical-tools-dataset\versions\20\Mechanical Tools Image dataset\Mechanical Tools Image dataset\Rope\000225.jpg,Rope,exito,0.0,0.0,0.0,0.0,0.0,0.0,0.0,0.0,0.0,0.0,0.0,0.0,0.0,0.0,0.0,0.0,0.0,0.0,0.0,0.0,0.0,0.0,0.0,0.0,0.0
C:\Users\damba\.cache\kagglehub\datasets\salmaneunus\mechanical-tools-dataset\versions\20\Mechanical Tools Image dataset\Mechanical Tools Image dataset\Rope\000226.jpg,Rope,exito,0.3183098861837906,0.01218748968785593,0.016623032754185918,0.008992484825809267,0.029145903936807636,0.08526445300163774,0.053221213833650055,0.008908527186699385,0.04968438931275465,0.0546543435637564,0.10682484544049439,0.07285295413836959,0.1235380519405852,0.059291080510357815,0.032181201411132544,0.043979348399336614,0.05855597033535631,0.05005944866020313,0.03684829347536729,0.04626567933802283,0.19942150846451173,0.11275065601085697,0.03252022949892212,0.10957050007758369,0.07335990311192142
C:\Users\damba\.cache\kagglehub\datasets\salmaneunus\mechanical-tools-dataset\versions\20\Mechanical Tools Image dataset\Mechanical Tools Image dataset\Rope\000227.jpg,Rope,exito,0.31830988618379047,0.041180008514886644,0.0329072900335263,0.03218731878453283,0.08819503867741214,0.0502753699173209,0.009677233150991947,0.041959384070132714,0.058430859912088726,0.12854087508905807,0.09254259297291062,0.11375956285397482,0.07913096757194588,0.02788624754509801,0.08691364062135673,0.11709529263893959,0.11489691294477025,0.12246217919752259,0.14919361570448542,0.1303066606423129,0.18796917836840618,0.019350544004035672,0.16695231105116842,0.16047658504451567,0.1993288990844961
C:\Users\damba\.cache\kagglehub\datasets\salmaneunus\mechanical-tools-dataset\versions\20\Mechanical Tools Image dataset\Mechanical Tools Image dataset\Rope\000228.jpg,Rope,exito,0.3183098861837906,0.018327457537716644,0.015740115808918532,0.009263181256439981,0.0421419184932489,0.08499673645186362,0.04794237098125004,0.011138828307439529,0.05333862937562481,0.06982082856714579,0.10984199592793877,0.07481490100175425,0.10714387225073997,0.06861611837594592,0.04780235528897143,0.04830056833785304,0.06858477615704166,0.06184948023008371,0.044022000309872765,0.04864269980267883,0.16879930065789345,0.1309588721707061,0.031880169597234165,0.1200933907614054,0.07149765741392286
C:\Users\damba\.cache\kagglehub\datasets\salmaneunus\mechanical-tools-dataset\versions\20\Mechanical Tools Image dataset\Mechanical Tools Image dataset\Rope\000229.jpg,Rope,exito,0.0,0.0,0.0,0.0,0.0,0.0,0.0,0.0,0.0,0.0,0.0,0.0,0.0,0.0,0.0,0.0,0.0,0.0,0.0,0.0,0.0,0.0,0.0,0.0,0.0
C:\Users\damba\.cache\kagglehub\datasets\salmaneunus\mechanical-tools-dataset\versions\20\Mechanical Tools Image dataset\Mechanical Tools Image dataset\Rope\000230.jpg,Rope,exito,0.3183098861837905,0.007039268736895351,0.08546531049043687,0.07556985396197845,0.012657612830013355,0.0033402201047542357,0.14345783941775866,0.06321105718273848,0.018362966396400972,0.01365775788811891,0.008472831905889338,0.0012208161491869707,0.18235239022304325,0.05042310164916894,0.012183655092594963,0.011568088373098367,0.006966691322859649,0.007367924568037899,0.0007897949477122351,0.0010250358973628634,0.15505488799692033,0.21998967614811565,0.04118361680458797,0.11293494899659016,0.097828012817093
C:\Users\damba\.cache\kagglehub\datasets\salmaneunus\mechanical-tools-dataset\versions\20\Mechanical Tools Image dataset\Mechanical Tools Image dataset\Rope\000231.jpg,Rope,exito,0.3183098861837905,0.009934947042115321,0.017497166837757667,0.03685421803975098,0.009243554153138605,0.0453927621002627,0.0013593394884097625,0.06620106779266254,0.04610110101503743,0.019505769785110164,0.05548446690570733,0.0921776746484867,0.06540355699491145,0.09447153504744941,0.09901118920953474,0.09390809245318843,0.0298565367254988,0.010743778153889645,0.04973986925517274,0.10426131425029873,0.1654342191548102,0.101060143430586,0.17352648915457963,0.11741608944464543,0.10166678699025519
C:\Users\damba\.cache\kagglehub\datasets\salmaneunus\mechanical-tools-dataset\versions\20\Mechanical Tools Image dataset\Mechanical Tools Image dataset\Rope\000232.jpg,Rope,exito,0.3183098861837905,0.012341403343130412,0.017749784174235447,0.036560206300535227,0.013222959072705346,0.043558030295423544,0.002168789663051595,0.062446633795398665,0.04345019673553524,0.026529210919533867,0.044578159920063545,0.09504570513491169,0.06407832979869715,0.08601845598525401,0.10544293485027793,0.09609738593093192,0.057016060029863945,0.031801736735138204,0.06885267381828884,0.11094472205884302,0.16078320827435907,0.09654172953988441,0.19273576396363465,0.1340378495167834,0.11337609984592932
C:\Users\damba\.cache\kagglehub\datasets\salmaneunus\mechanical-tools-dataset\versions\20\Mechanical Tools Image dataset\Mechanical Tools Image dataset\Rope\000233.jpg,Rope,exito,0.31830988618379047,0.021033826310052028,0.030663066830297993,0.002573955218157194,0.04337600337113428,0.06661593606286835,0.0032190858099940926,0.012559389025767682,0.08038799735039853,0.06488409300868495,0.11332286630241739,0.11201207258151197,0.11610675851848909,0.0406733292827565,0.014107284805790862,0.024656568970354443,0.08075524960359344,0.14706104275439055,0.14356974645581852,0.13269508354971593,0.24543783197481012,0.0866068792384603,0.19052795542337597,0.07502998448009293,0.39563584711527483
C:\Users\damba\.cache\kagglehub\datasets\salmaneunus\mechanical-tools-dataset\versions\20\Mechanical Tools Image dataset\Mechanical Tools Image dataset\Rope\000234.jpg,Rope,exito,0.0,0.0,0.0,0.0,0.0,0.0,0.0,0.0,0.0,0.0,0.0,0.0,0.0,0.0,0.0,0.0,0.0,0.0,0.0,0.0,0.0,0.0,0.0,0.0,0.0
C:\Users\damba\.cache\kagglehub\datasets\salmaneunus\mechanical-tools-dataset\versions\20\Mechanical Tools Image dataset\Mechanical Tools Image dataset\Rope\000235.jpg,Rope,exito,0.31830988618379047,0.0024193391139141836,0.032720348113926864,0.00260758027935575,0.011089511707212622,0.06636282345841182,0.007893386856429855,0.002452298583768745,0.08752269292260492,0.01609901402906819,0.1225919792216651,0.12323656286920998,0.08466214476395036,0.021731264883044797,0.03523635597460373,0.03791675529618887,0.025147216506648216,0.15962003244552855,0.16550141309945354,0.12625724108404549,0.18957385010373076,0.0677085665775353,0.07235529546543269,0.05473225666503984,0.369225264822544
C:\Users\damba\.cache\kagglehub\datasets\salmaneunus\mechanical-tools-dataset\versions\20\Mechanical Tools Image dataset\Mechanical Tools Image dataset\Rope\000236.jpg,Rope,exito,0.3183098861837906,0.018868812548346454,0.015645225319829755,0.008037022417129865,0.04795341172800328,0.08442983359240047,0.045326629938512386,0.023204510028188487,0.059611499680987716,0.08641561612718643,0.11510704941101997,0.08106402474054487,0.09239905650517592,0.11247154823777798,0.07493391485086774,0.056716628258667204,0.10418874789515396,0.08623299167971299,0.06803456395215629,0.0563015722899071,0.12505402684903874,0.2151249785516195,0.06208808319638701,0.1492490101717543,0.06144958843416612
C:\Users\damba\.cache\kagglehub\datasets\salmaneunus\mechanical-tools-dataset\versions\20\Mechanical Tools Image dataset\Mechanical Tools Image dataset\Rope\000237.jpg,Rope,exito,0.3183098861837906,0.03397583924915274,0.0037630545635175777,0.06460597187865427,0.07436766649814602,0.05736811475777863,0.015313318776798123,0.0913701593214963,0.016512424993491422,0.10788612849528814,0.10380226917356247,0.04221962146423082,0.06771112805828253,0.10173450466318476,0.02491194553982486,0.09088557216283287,0.09410477031182282,0.12048920798369171,0.0522619877772321,0.14950641983600133,0.1326129936048529,0.12333312687226529,0.0692551977504484,0.19042640662734348,0.12032613803348903
C:\Users\damba\.cache\kagglehub\datasets\salmaneunus\mechanical-tools-dataset\versions\20\Mechanical Tools Image dataset\Mechanical Tools Image dataset\Rope\000238.jpg,Rope,exito,0.31830988618379047,0.03307787859678039,0.04272871016764649,0.04289985601617552,0.06843529916423226,0.05818885603648528,0.05974407884321573,0.0338971107522497,0.04063477752546546,0.09314678202085298,0.09625684137618401,0.07028282668027876,0.051194372813466074,0.06651926837943639,0.07767947527192247,0.06676634427162323,0.07860218568890162,0.10195404285385914,0.06737613339253117,0.08914214145803047,0.010472465113106524,0.19024339382522917,0.1100306453929143,0.16995101967753834,0.0804840348272318
C:\Users\damba\.cache\kagglehub\datasets\salmaneunus\mechanical-tools-dataset\versions\20\Mechanical Tools Image dataset\Mechanical Tools Image dataset\Rope\000239.jpg,Rope,exito,0.3183098861837905,0.05343303502250409,0.030486330127811778,0.031915612442442565,0.11517189079674874,0.051720567694693076,0.0755247104422939,0.046762237943992035,0.05469693099115911,0.1719922987571456,0.10070957999557162,0.09973788631479161,0.15626389842699845,0.05750559429770613,0.11072876507303703,0.13304080957077172,0.16884780192525173,0.12948359903221934,0.12184320731800259,0.12346403119554225,0.2432196060570627,0.07702511517069488,0.18843311811056404,0.19768576736014193,0.010672220044384277
C:\Users\damba\.cache\kagglehub\datasets\salmaneunus\mechanical-tools-dataset\versions\20\Mechanical Tools Image dataset\Mechanical Tools Image dataset\Rope\000240.jpg,Rope,exito,0.3183098861837907,0.005406444517344382,0.10624103683896212,6.887072218260123e-05,0.01441952489685744,7.798390907813182e-07,0.14820749098959887,0.0004209097491781762,0.09333159421173073,0.02915968448246145,0.004747410181030055,0.004755668704648824,0.12058546790503481,0.0013155272702131539,0.21805631482384885,0.00014135503081040928,0.046970000784530355,0.021102171472315797,0.02114590736448071,3.2011913213758058e-06,0.01622461292144648,0.0026851528550205783,0.32203477162373,0.0009897298685990052,0.1989710295341745
C:\Users\damba\.cache\kagglehub\datasets\salmaneunus\mechanical-tools-dataset\versions\20\Mechanical Tools Image dataset\Mechanical Tools Image dataset\Rope\000241.jpg,Rope,exito,0.3183098861837906,0.027199549265203717,0.013836688686644531,0.009374215434192933,0.06089860387287701,0.0844306838258829,0.03678083375450373,0.01631674560662707,0.060092713435233494,0.09519808022828265,0.11584729864920744,0.07944427720752542,0.07258784470940832,0.09214607144922801,0.07677689654376882,0.05676835348913856,0.09627225639947488,0.08795858229155182,0.06350358778809419,0.05443761051471577,0.10149974555457364,0.18086062745012646,0.07072293867309443,0.1437203221354453,0.06709294217987846
C:\Users\damba\.cache\kagglehub\datasets\salmaneunus\mechanical-tools-dataset\versions\20\Mechanical Tools Image dataset\Mechanical Tools Image dataset\Rope\000242.jpg,Rope,exito,0.3183098861837906,0.014483151027171043,0.016334508450786298,0.00825852853009165,0.014490925186861922,0.08612146111011636,0.05535885106543085,0.004479693730355345,0.03842218004709438,0.015547323309965576,0.10040305737262549,0.0665212066942953,0.13998277059950487,0.025283913847227484,0.01854193627494328,0.03122823491525075,0.0315324253426721,0.030371171158079014,0.020380598173072167,0.039081017738056494,0.24171305038514107,0.05199366564444506,0.09830588888493319,0.07796687229764171,0.08203882778061594
C:\Users\damba\.cache\kagglehub\datasets\salmaneunus\mechanical-tools-dataset\versions\20\Mechanical Tools Image dataset\Mechanical Tools Image dataset\Rope\000243.jpg,Rope,exito,0.0,0.0,0.0,0.0,0.0,0.0,0.0,0.0,0.0,0.0,0.0,0.0,0.0,0.0,0.0,0.0,0.0,0.0,0.0,0.0,0.0,0.0,0.0,0.0,0.0
C:\Users\damba\.cache\kagglehub\datasets\salmaneunus\mechanical-tools-dataset\versions\20\Mechanical Tools Image dataset\Mechanical Tools Image dataset\Rope\000244.jpg,Rope,exito,0.3183098861837906,0.012488961728497613,0.016587976066565504,0.008827232953407803,0.02064686081299152,0.08575059844972564,0.05494096921103121,0.007570327506719439,0.043769208588648356,0.03706948949356093,0.10328399221833137,0.06910194592173607,0.13386646235700314,0.040494337581284866,0.014181576447680097,0.03710991023615568,0.04230615407087546,0.03805964229090548,0.025729365333316965,0.04192634831809808,0.22515415611676762,0.07632114181686005,0.06834271029278251,0.09159299725770373,0.07843853332604976
C:\Users\damba\.cache\kagglehub\datasets\salmaneunus\mechanical-tools-dataset\versions\20\Mechanical Tools Image dataset\Mechanical Tools Image dataset\Rope\000245.jpg,Rope,exito,0.0,0.0,0.0,0.0,0.0,0.0,0.0,0.0,0.0,0.0,0.0,0.0,0.0,0.0,0.0,0.0,0.0,0.0,0.0,0.0,0.0,0.0,0.0,0.0,0.0
C:\Users\damba\.cache\kagglehub\datasets\salmaneunus\mechanical-tools-dataset\versions\20\Mechanical Tools Image dataset\Mechanical Tools Image dataset\Rope\000246.jpg,Rope,exito,0.31830988618379047,0.03904247412331516,0.040701587769578794,0.043403590415852136,0.07962773391617975,0.058641313722961316,0.04930603916717851,0.03588362612979889,0.042116584161536914,0.10595653515537053,0.10007336418953078,0.07137430082795308,0.02329171838915489,0.05836089302081273,0.08695628060674936,0.06862616382622777,0.08404938581463683,0.11405430152845138,0.07221691437220017,0.09148929067381746,0.03550486224517633,0.17964523291254647,0.13119352418439947,0.1787878879950388,0.07564657372834344
C:\Users\damba\.cache\kagglehub\datasets\salmaneunus\mechanical-tools-dataset\versions\20\Mechanical Tools Image dataset\Mechanical Tools Image dataset\Rope\000247.jpg,Rope,exito,0.31830988618379086,0.11953694746299735,0.14174311759147984,0.0852240503278238,0.03102964549151529,0.07497754885137169,0.009856289105513701,0.038976743175382786,0.06483396390390848,0.06374467492245642,0.16396800192968655,0.15840626103261424,0.08526916725149682,0.0645589393497571,0.057920494091875246,0.09494127304399838,0.08546723835974489,0.11453424388886782,0.12489311654994956,0.12321040392448539,0.1896837195522855,0.15120015283875787,0.005880473211962387,0.15568425617472825,0.25489676772323594
C:\Users\damba\.cache\kagglehub\datasets\salmaneunus\mechanical-tools-dataset\versions\20\Mechanical Tools Image dataset\Mechanical Tools Image dataset\Rope\000248.jpg,Rope,exito,0.3183098861837906,0.03020879251157031,0.005112405223323528,0.08580524478427469,0.06559622843938394,0.0844736405708742,0.06126283120458237,0.12428930647025849,0.11511765847407193,0.0955181549622624,0.1568686408757149,0.09820085046311187,0.19395015656973766,0.12905617926136512,0.07736148614875084,0.03095610861450807,0.0791661170272243,0.21732906908430985,0.13161334075367628,0.06881774524899825,0.3609636760320198,0.10435502465800643,0.02096822959569379,0.14012397420232225,0.08598646829310028
C:\Users\damba\.cache\kagglehub\datasets\salmaneunus\mechanical-tools-dataset\versions\20\Mechanical Tools Image dataset\Mechanical Tools Image dataset\Rope\000249.jpg,Rope,exito,0.3183098861837905,0.03648272969122558,0.02330417965677782,0.03547721203329894,0.08161142174204518,0.05062420430011741,0.037071933627476274,0.06376000769392909,0.05311390369101583,0.12169044731618335,0.091753056043555,0.09320524532618746,0.046608927377919475,0.09073690897971261,0.08438291621084025,0.11636052029711208,0.09548776972940493,0.09547589360175958,0.07047670874474248,0.1073830726406404,0.03835617516427838,0.0933271359062913,0.11637410868852935,0.14828109792203706,0.04114834381621118
C:\Users\damba\.cache\kagglehub\datasets\salmaneunus\mechanical-tools-dataset\versions\20\Mechanical Tools Image dataset\Mechanical Tools Image dataset\Rope\000250.jpg,Rope,exito,0.3183098861837906,0.21184179453300572,0.111163007550443,0.10234147293316166,0.19392401002647242,0.21534613218650148,0.01264402318168207,0.06040309887784663,0.10226691779687797,0.032666036076986045,0.19792293864378083,0.07378203595084222,0.005924974428722409,0.026258895929476615,0.051096292388558624,0.18570797154385565,0.12870567017400059,0.06654434877745005,0.21577610276744727,0.05571328455222629,0.21952993829563094,0.03497501130602494,0.182455716445522,0.2224506308888989,0.21041262468125133
C:\Users\damba\.cache\kagglehub\datasets\salmaneunus\mechanical-tools-dataset\versions\20\Mechanical Tools Image dataset\Mechanical Tools Image dataset\Rope\000251.jpg,Rope,exito,0.31830988618379047,0.032192982871227,0.043000887888901336,0.04298136094304531,0.06672510047830507,0.05845496943294391,0.0613754884743968,0.03507088950548734,0.03979487679733653,0.09124490271542522,0.09591132464950852,0.06959075044888016,0.056394499602229954,0.06441321622202742,0.07334846839739283,0.06541127098474764,0.0756936747397529,0.09828347189479855,0.06348035900971387,0.08763165870921388,0.02127400446075198,0.18277972384858762,0.10120059842408981,0.16468642115841373,0.08018218423802326
C:\Users\damba\.cache\kagglehub\datasets\salmaneunus\mechanical-tools-dataset\versions\20\Mechanical Tools Image dataset\Mechanical Tools Image dataset\Rope\000252.jpg,Rope,exito,0.3183098861837905,0.01904699553033781,0.01874163745019692,0.03740633365110353,0.04497386840680975,0.04880429920342361,0.010611264674889664,0.07245408130736701,0.05087388426326493,0.0730535735665551,0.07782582738025147,0.08897419854972269,0.0326734172180577,0.11028321410979129,0.08215901509404727,0.09934627662504006,0.06014958005518953,0.05753399842912188,0.034699682434196785,0.09763611874960837,0.10282977127628244,0.12048448928690213,0.12729839955723213,0.11279917409961356,0.07375625334781064
C:\Users\damba\.cache\kagglehub\datasets\salmaneunus\mechanical-tools-dataset\versions\20\Mechanical Tools Image dataset\Mechanical Tools Image dataset\Rope\000253.jpg,Rope,exito,0.3183098861837906,0.020647290237311485,0.011524642250185272,0.005791736908872994,0.05205230264884214,0.00830524479416919,0.02751744406318558,0.02426220376985778,0.010334878166515177,0.08236002379804051,0.0313469243611558,0.15706969485965297,0.05825906066198777,0.04914095521802788,0.0033111082035556893,0.12552838664382068,0.05044870652802066,0.015003408348211726,0.12083928694975904,0.1108033373472262,0.10820678937470739,0.048218906782741815,0.020708135300025587,0.11112766038322179,0.052866115602813464
C:\Users\damba\.cache\kagglehub\datasets\salmaneunus\mechanical-tools-dataset\versions\20\Mechanical Tools Image dataset\Mechanical Tools Image dataset\Rope\000254.jpg,Rope,exito,0.3183098861837906,0.048303955851546156,0.002538297624071664,0.0013664290758542532,0.10541796756943504,0.008973581363296491,0.02160804829170889,0.00297807955592689,0.012231495054244125,0.15715085693767275,0.03903574043402726,0.1600170419697985,0.08228204395919954,0.011180220570308225,0.06340186827853567,0.17385522804409367,0.142938057441587,0.04480984036063015,0.18805625958482564,0.05874640240551888,0.14138350640558905,0.050580036880475694,0.13164268887835812,0.19840696641410752,0.08649939999300045
C:\Users\damba\.cache\kagglehub\datasets\salmaneunus\mechanical-tools-dataset\versions\20\Mechanical Tools Image dataset\Mechanical Tools Image dataset\Rope\000255.jpg,Rope,exito,0.0,0.0,0.0,0.0,0.0,0.0,0.0,0.0,0.0,0.0,0.0,0.0,0.0,0.0,0.0,0.0,0.0,0.0,0.0,0.0,0.0,0.0,0.0,0.0,0.0
C:\Users\damba\.cache\kagglehub\datasets\salmaneunus\mechanical-tools-dataset\versions\20\Mechanical Tools Image dataset\Mechanical Tools Image dataset\Rope\000256.jpg,Rope,exito,0.3183098861837907,0.515393031945071,0.3911361600531018,0.6042640808762669,0.20961789406631431,0.5963745460144493,0.00035211503865144425,0.10520306226775562,0.5091570720051313,0.11806571381500831,0.24728563880642979,0.3761242385933902,0.009488293425115996,0.2507720842860726,0.40430390104048597,0.281605854480588,0.1306886305077721,0.3997838921035029,0.5160654568014076,0.3580398117558616,0.1294401805724262,0.19170278349241496,0.5229163060936224,0.5659401550373571,0.5480870188228514
C:\Users\damba\.cache\kagglehub\datasets\salmaneunus\mechanical-tools-dataset\versions\20\Mechanical Tools Image dataset\Mechanical Tools Image dataset\Rope\000257.jpg,Rope,exito,0.0,0.0,0.0,0.0,0.0,0.0,0.0,0.0,0.0,0.0,0.0,0.0,0.0,0.0,0.0,0.0,0.0,0.0,0.0,0.0,0.0,0.0,0.0,0.0,0.0
C:\Users\damba\.cache\kagglehub\datasets\salmaneunus\mechanical-tools-dataset\versions\20\Mechanical Tools Image dataset\Mechanical Tools Image dataset\Rope\000258.jpg,Rope,exito,0.31830988618379047,0.03620835921757125,0.03472037143984156,0.03246005742120232,0.07943661443551459,0.04947485977032371,0.019351777805460473,0.0424524851818894,0.05708443101713509,0.11705695704363459,0.08810894480180098,0.1119553350083597,0.05209711321627912,0.03308932784119044,0.07102700514107123,0.11024853282709313,0.10156407588115993,0.11012310200921072,0.1336728165949608,0.13863687335035169,0.14043421605236406,0.036094682109711757,0.12563759373125444,0.15722193757067482,0.1930419894623857
C:\Users\damba\.cache\kagglehub\datasets\salmaneunus\mechanical-tools-dataset\versions\20\Mechanical Tools Image dataset\Mechanical Tools Image dataset\Rope\000259.jpg,Rope,exito,0.31830988618379064,0.3212586145400617,0.016107206013938568,0.1273159014850531,0.08644429409930672,0.020796829853334163,0.0449706715263835,0.10549528908421613,0.027001650816447512,0.10268629387914789,0.22084571179422396,0.013343302142028144,0.019907990453739463,0.09398403227654682,0.08416818416508405,0.018486663167822777,0.1495661647719345,0.0483943341853491,0.11961238689903109,0.02795986817918553,0.17969895987207882,0.17548219372609142,0.07049359185761095,0.18456116582527302,0.1138774121139874
C:\Users\damba\.cache\kagglehub\datasets\salmaneunus\mechanical-tools-dataset\versions\20\Mechanical Tools Image dataset\Mechanical Tools Image dataset\Rope\000260.jpg,Rope,exito,0.31830988618379047,0.023151525033791212,0.030222122645667152,0.002040328156053126,0.04777591311864473,0.06665371737997872,0.005725724497599264,0.010385227488269158,0.07793875322269371,0.07122265153289577,0.1094590525915596,0.10869293594723074,0.1232470052865112,0.03275739198581607,0.02609176666345533,0.01797915373559716,0.0851856116695033,0.14119468487218062,0.13911962999294436,0.13301801015453352,0.2566094143791189,0.070168469967258,0.22779117862265968,0.05511379403627488,0.40376385792836605
C:\Users\damba\.cache\kagglehub\datasets\salmaneunus\mechanical-tools-dataset\versions\20\Mechanical Tools Image dataset\Mechanical Tools Image dataset\Rope\000261.jpg,Rope,exito,0.3183098861837905,0.08052973937110247,0.07701692631612914,0.07416318783973852,0.02949151669571647,0.11877210820848692,0.0030279182555598486,0.051842835614165445,0.09098461969862327,0.04539450671465435,0.06324029395890059,0.015908186758498505,0.043495698035048415,0.14285909394962648,0.07132813134192503,0.12512054092258298,0.009692614299110324,0.05568136768407536,0.05125014267011011,0.013331695093692437,0.22258230801919293,0.11405525966075791,0.11608468035178955,0.08025622095207818,0.0860103377167328
C:\Users\damba\.cache\kagglehub\datasets\salmaneunus\mechanical-tools-dataset\versions\20\Mechanical Tools Image dataset\Mechanical Tools Image dataset\Rope\000262.jpg,Rope,exito,0.3183098861837906,0.007726468083975182,0.017041665349472095,0.008787736680957238,0.017944014262179755,0.08547593962350307,0.05609089046551354,0.006355002986338336,0.04672958535192206,0.0422805891217849,0.10463713839928426,0.07128082860792914,0.13338129150057956,0.050771867718492375,0.019310049572337024,0.04054729994667679,0.051323472224327184,0.0420781413895444,0.03188098436953914,0.044418041271305664,0.2188607388920603,0.0975757429244809,0.04553362535675251,0.10126761333883331,0.07518534040450284
C:\Users\damba\.cache\kagglehub\datasets\salmaneunus\mechanical-tools-dataset\versions\20\Mechanical Tools Image dataset\Mechanical Tools Image dataset\Rope\000263.jpg,Rope,exito,0.3183098861837905,0.024751468736566654,0.019919014481491436,0.035916529551108044,0.05807255853472055,0.04813471477592043,0.018898891059885434,0.06398214970667222,0.04906797521389202,0.08952751350349168,0.07581938915467148,0.09469872317608044,0.004293373521979785,0.09408382015060782,0.07539283994395536,0.11494459444778234,0.06830926367968439,0.05269856782048132,0.07381451065132728,0.11360122043437502,0.049412268806223056,0.10522300995429595,0.10448295273797781,0.15929501924440312,0.057122104304583116
C:\Users\damba\.cache\kagglehub\datasets\salmaneunus\mechanical-tools-dataset\versions\20\Mechanical Tools Image dataset\Mechanical Tools Image dataset\Rope\000264.jpg,Rope,exito,0.0,0.0,0.0,0.0,0.0,0.0,0.0,0.0,0.0,0.0,0.0,0.0,0.0,0.0,0.0,0.0,0.0,0.0,0.0,0.0,0.0,0.0,0.0,0.0,0.0
C:\Users\damba\.cache\kagglehub\datasets\salmaneunus\mechanical-tools-dataset\versions\20\Mechanical Tools Image dataset\Mechanical Tools Image dataset\Rope\000265.jpg,Rope,exito,0.3183098861837905,0.02336218564557916,0.019604021972398564,0.03564804775077226,0.057169111917676846,0.04572040639078862,0.01811209181686621,0.0621013269928433,0.044888920726889485,0.0975035159445548,0.06312329782067669,0.09935858886695663,0.002129050404850479,0.10368158058634276,0.0729424092976242,0.12348670713850309,0.11928883384225167,0.04004549165815972,0.10344889434655444,0.12972721744978516,0.029278470320590128,0.14732282756482454,0.11382534005582241,0.20324649574061895,0.06693681396801275
C:\Users\damba\.cache\kagglehub\datasets\salmaneunus\mechanical-tools-dataset\versions\20\Mechanical Tools Image dataset\Mechanical Tools Image dataset\Rope\000266.jpg,Rope,exito,0.3183098861837905,0.014258035929682902,0.01799002813604973,0.0365509950713195,0.014171284892630339,0.04487641936140227,0.002694603425482989,0.06432876528406921,0.04551789185491373,0.006830302864195871,0.05190561972876822,0.09247851768841008,0.06515616378633149,0.08990877166370866,0.10678837350319606,0.09075778938991055,0.026989664061670315,0.00896813834446016,0.05125411311631187,0.10374404757288032,0.1685721349400363,0.09583676461631434,0.18932569070254615,0.1123238794885252,0.10938981208151397
C:\Users\damba\.cache\kagglehub\datasets\salmaneunus\mechanical-tools-dataset\versions\20\Mechanical Tools Image dataset\Mechanical Tools Image dataset\Rope\000267.jpg,Rope,exito,0.3183098861837906,0.029402250804858768,0.01324916276816139,0.006738951091493636,0.06792986000900054,0.08390839445420878,0.031554893429905466,0.03810916984475143,0.0670174405378413,0.11636556117817928,0.12424380987750817,0.08785982128404374,0.048660988981329076,0.16106790359766132,0.1104206219479405,0.06715554669494415,0.15439542984840512,0.13077407327435828,0.09904113451374232,0.06514515715838427,0.02792999280961449,0.31543083345817313,0.13747673608765404,0.18581988569787794,0.05156192161349891
C:\Users\damba\.cache\kagglehub\datasets\salmaneunus\mechanical-tools-dataset\versions\20\Mechanical Tools Image dataset\Mechanical Tools Image dataset\Rope\000268.jpg,Rope,exito,0.3183098861837906,0.03835021953755272,0.002272140993314108,0.06302894524291033,0.08032416602014061,0.05847222796451695,0.023705474384585555,0.08609843253263055,0.016661341612642343,0.11564763444928434,0.10929762313034923,0.04140186221245658,0.09448263145759953,0.1076898117223782,0.01652002262255797,0.09520385439671286,0.13607907708849123,0.13828011066869522,0.0635014614477523,0.15994536160082892,0.19595735942951026,0.17902580093029902,0.05436166026078098,0.22220510120097423,0.13678885503254226
C:\Users\damba\.cache\kagglehub\datasets\salmaneunus\mechanical-tools-dataset\versions\20\Mechanical Tools Image dataset\Mechanical Tools Image dataset\Rope\000269.jpg,Rope,exito,0.3183098861837905,0.01512311499991879,0.01810980301502069,0.0374434427305991,0.03163705831643659,0.047788761128087054,0.005524833665431371,0.07206045389031551,0.04965092811457358,0.052687752575540106,0.07047454734710616,0.08859611433082883,0.0513397637859901,0.1091878057763534,0.09158082346874707,0.09273644175803811,0.04876134408884124,0.04171092759852567,0.028884839866622124,0.09618989298567066,0.13873497577521834,0.11976081411626031,0.15296195834311474,0.10197599941032215,0.08780043707883095
C:\Users\damba\.cache\kagglehub\datasets\salmaneunus\mechanical-tools-dataset\versions\20\Mechanical Tools Image dataset\Mechanical Tools Image dataset\Rope\000270.jpg,Rope,exito,0.3183098861837905,0.035535921191623826,0.022982851885891123,0.034019486376559285,0.07942850701565873,0.047966013454242444,0.03627559012384138,0.056572671470338044,0.04802386719002113,0.12184316079227832,0.07731646471620202,0.09986844124651784,0.048392256685278766,0.09486243586201491,0.07933128886854944,0.1290236356118627,0.12583996904814185,0.062339816684463326,0.11120205071572423,0.12975453547050855,0.05462732436689855,0.14297751194868957,0.10942528351534424,0.2082502963325242,0.042773074724653706
C:\Users\damba\.cache\kagglehub\datasets\salmaneunus\mechanical-tools-dataset\versions\20\Mechanical Tools Image dataset\Mechanical Tools Image dataset\Rope\000271.jpg,Rope,exito,0.0,0.0,0.0,0.0,0.0,0.0,0.0,0.0,0.0,0.0,0.0,0.0,0.0,0.0,0.0,0.0,0.0,0.0,0.0,0.0,0.0,0.0,0.0,0.0,0.0
C:\Users\damba\.cache\kagglehub\datasets\salmaneunus\mechanical-tools-dataset\versions\20\Mechanical Tools Image dataset\Mechanical Tools Image dataset\Rope\000272.jpg,Rope,exito,0.31830988618379047,0.03919688462851448,0.03365843228651785,0.03281424957323056,0.08541273094623397,0.049725003754933265,0.013562509416011073,0.04419149240668451,0.057283559476936946,0.125869873858523,0.08932630082019473,0.1150799165230063,0.06823156561945055,0.033673400976298354,0.08468892095508276,0.11515858082075653,0.10930108270986229,0.11555643036168209,0.14871227568687936,0.132123346141726,0.16672022083503588,0.023706572229404182,0.16103656840859823,0.15129218006082965,0.19396912315025389
C:\Users\damba\.cache\kagglehub\datasets\salmaneunus\mechanical-tools-dataset\versions\20\Mechanical Tools Image dataset\Mechanical Tools Image dataset\Rope\000273.jpg,Rope,exito,0.3183098861837905,0.016590138194921673,0.018329042567632257,0.0364384394812855,0.02550059719408646,0.042316680226933974,0.0048594506621212515,0.06033205044827802,0.041710009489848154,0.04472646220296121,0.03740810742019086,0.09696202342479592,0.057019272123729335,0.08165040593791296,0.11054406487849974,0.09785395656420032,0.08097677904081513,0.05024827850072573,0.08285907298737301,0.11546204026890958,0.14514606314453937,0.09781077418704394,0.208538970664513,0.146931463365193,0.1222874310394852
C:\Users\damba\.cache\kagglehub\datasets\salmaneunus\mechanical-tools-dataset\versions\20\Mechanical Tools Image dataset\Mechanical Tools Image dataset\Rope\000274.jpg,Rope,exito,0.31830988618379047,0.04231637071610788,0.03944639374415871,0.04274131102039345,0.08500560435530645,0.05746066432506453,0.04246623248073817,0.02955491802401847,0.0452813331768019,0.11215530404944739,0.1010247050594877,0.07420289258554007,0.0027312195672815516,0.07014687357567896,0.10333391176177176,0.0740816632069335,0.10003651597098759,0.12806047000866705,0.0898822631509393,0.09763970019032371,0.07951689187304768,0.2160681217554758,0.1687884920963808,0.20148701507182476,0.07887035237790718
C:\Users\damba\.cache\kagglehub\datasets\salmaneunus\mechanical-tools-dataset\versions\20\Mechanical Tools Image dataset\Mechanical Tools Image dataset\Rope\000275.jpg,Rope,exito,0.31830988618379086,0.10625445078021005,0.13759054332556322,0.11539926012785208,0.10954879428725126,0.04641815501028779,0.0014816958365030952,0.007840850023579076,0.07464794835967264,0.19355607631690136,0.07524872081263051,0.15457490345149075,0.020776372968836745,0.07802163468216465,0.09045978606784538,0.14501071464519638,0.12418770149181169,0.1425043266500908,0.07124183046039806,0.1267687725994658,0.08724172635098186,0.12896965368201896,0.09268910600203858,0.12041858093088528,0.01744640606060882
C:\Users\damba\.cache\kagglehub\datasets\salmaneunus\mechanical-tools-dataset\versions\20\Mechanical Tools Image dataset\Mechanical Tools Image dataset\Rope\000276.jpg,Rope,exito,0.31830988618379047,0.049998815916756624,0.03610433749672035,0.044634218336085836,0.10046128829201265,0.05965069198308229,0.026060356399819313,0.04162360854189266,0.04508991929896376,0.13292767289901328,0.10816336151942914,0.07308945507748575,0.03807290568824062,0.03654022526040045,0.1044652068589425,0.07199327862939511,0.10481733704890529,0.1385663450009343,0.08112467924466997,0.0952678314379923,0.13799416074397372,0.14417414317663185,0.17372150301618935,0.19396223149639447,0.0664743576813929
C:\Users\damba\.cache\kagglehub\datasets\salmaneunus\mechanical-tools-dataset\versions\20\Mechanical Tools Image dataset\Mechanical Tools Image dataset\Rope\000277.jpg,Rope,exito,0.3183098861837905,0.09339146557409088,0.059107372151181295,0.07773895201215288,0.09709858381361287,0.07174865077413317,0.055284991314973046,0.013293682428144412,0.06434572799110387,0.15104406397121764,0.04227696935071042,0.1723461543392451,0.06952979513140127,0.03478452961807931,0.11000459752148453,0.12804845529203762,0.12689514096279395,0.028739223712339546,0.13442404028211993,0.06494975321164015,0.03460038123323854,0.11109807858934943,0.1226477524570351,0.15135539451453972,0.05232742444883739
C:\Users\damba\.cache\kagglehub\datasets\salmaneunus\mechanical-tools-dataset\versions\20\Mechanical Tools Image dataset\Mechanical Tools Image dataset\Rope\000278.jpg,Rope,exito,0.3183098861837906,0.0325836663285936,0.01231986571717016,0.008080593728091156,0.07298603177559002,0.08387762127256307,0.027323275574113067,0.03142788480929445,0.06671148838843925,0.1180388054208953,0.12321187628536759,0.0862516849002559,0.040037534887061785,0.14157134747024255,0.10791664660927618,0.06622653137445171,0.14416976194293635,0.12490069876112586,0.0935852466228615,0.06316893518733865,0.02370238788185803,0.28131460436111255,0.13249658358551522,0.1782749464759726,0.05749679744897101
C:\Users\damba\.cache\kagglehub\datasets\salmaneunus\mechanical-tools-dataset\versions\20\Mechanical Tools Image dataset\Mechanical Tools Image dataset\Rope\000279.jpg,Rope,exito,0.3183098861837906,0.01574267042997142,0.01615510776181962,0.00843016386763707,0.019709411451721875,0.08610422318209539,0.05434718272202302,0.007824119344121801,0.039113271936801766,0.02400792192228669,0.10100420362426091,0.06660463938351911,0.13701147138303565,0.029280387831593136,0.019396548030733853,0.03197107453323454,0.03246365480743041,0.03231913917128866,0.020339495134562267,0.03915913257519723,0.23654136412067778,0.05500908792659685,0.09656553035618834,0.07915437756764698,0.08198309455013313
C:\Users\damba\.cache\kagglehub\datasets\salmaneunus\mechanical-tools-dataset\versions\20\Mechanical Tools Image dataset\Mechanical Tools Image dataset\Rope\000280.jpg,Rope,exito,0.3183098861837907,0.27097082401714295,0.050908253993155524,0.05239768126331519,0.0999083042700347,0.17600432240920996,0.08908057170990615,0.10070224700270067,0.07571917708737932,0.18009080856229645,0.06693962165146232,0.053624515103713355,0.02319495514445278,0.20242340617503668,0.1983361555009597,0.017191799343676144,0.2119004128509391,0.25149884661888167,0.14023797180641098,0.12109882744195741,0.018559243460161225,0.2784168824404023,0.23199184873908477,0.10881737824340958,0.16903658106056513
C:\Users\damba\.cache\kagglehub\datasets\salmaneunus\mechanical-tools-dataset\versions\20\Mechanical Tools Image dataset\Mechanical Tools Image dataset\Rope\000281.jpg,Rope,exito,0.3183098861837905,0.01602721142129967,0.018242517548238323,0.037108316921929514,0.03923988263116241,0.0479643606413735,0.00821828300036841,0.0698565907862448,0.04945104552167235,0.06468032586829903,0.07279273573358136,0.09079335925454357,0.038771855131688286,0.10381169899034588,0.08071429642645515,0.10217181312696152,0.046523766452691566,0.04372541993539386,0.045364896996229795,0.10250263229210635,0.11365054993315378,0.11044770174432003,0.1255712727266466,0.12438086817521662,0.07461128599649756
C:\Users\damba\.cache\kagglehub\datasets\salmaneunus\mechanical-tools-dataset\versions\20\Mechanical Tools Image dataset\Mechanical Tools Image dataset\Rope\000282.jpg,Rope,exito,0.31830988618379047,0.02836444437019869,0.04409343850599003,0.041074806697577536,0.05919647834818799,0.05480614123647308,0.06545155992133359,0.021242977126218903,0.04463231076063731,0.08525177080773094,0.09169193288079117,0.07371243679180348,0.060197271569959396,0.1075809733385803,0.0949094965344149,0.07459068235700805,0.10225570737012833,0.11326505570029831,0.09221439297074373,0.09702037763808817,0.0022941688208549934,0.27855295002638436,0.14748088072388219,0.19737420698802388,0.09671966331434381
C:\Users\damba\.cache\kagglehub\datasets\salmaneunus\mechanical-tools-dataset\versions\20\Mechanical Tools Image dataset\Mechanical Tools Image dataset\Rope\000283.jpg,Rope,exito,0.0,0.0,0.0,0.0,0.0,0.0,0.0,0.0,0.0,0.0,0.0,0.0,0.0,0.0,0.0,0.0,0.0,0.0,0.0,0.0,0.0,0.0,0.0,0.0,0.0
C:\Users\damba\.cache\kagglehub\datasets\salmaneunus\mechanical-tools-dataset\versions\20\Mechanical Tools Image dataset\Mechanical Tools Image dataset\Rope\000284.jpg,Rope,exito,0.3183098861837906,0.05022339552818726,0.0016471033083376495,0.00300599290796161,0.10911416928182957,0.009070844221604287,0.026146351416760284,0.014969927271366317,0.012298703568259945,0.16417509410734143,0.04009097575560903,0.16005387353364373,0.09535771354409148,0.046056525777816444,0.06646079597008366,0.17602030071891045,0.1622899716114421,0.050241968682306605,0.19289680859423539,0.06376272027141835,0.17029652606508933,0.09951855041564366,0.1416604179921612,0.21413620373074252,0.08946755959117136
C:\Users\damba\.cache\kagglehub\datasets\salmaneunus\mechanical-tools-dataset\versions\20\Mechanical Tools Image dataset\Mechanical Tools Image dataset\Rope\000285.jpg,Rope,exito,0.3183098861837906,0.01779229804561815,0.01583120548705136,0.008806707692776864,0.043753026707944294,0.08472697957294079,0.047402704588336356,0.015310506679737074,0.05612383523932541,0.07621684188686653,0.11184995468276879,0.07753275819791462,0.10223196631222994,0.08643887643246669,0.05918576967652665,0.05194923799142005,0.08303611660068348,0.07083149569432794,0.054111478938304036,0.05193142464437545,0.15292030715357524,0.16560985074061926,0.036824228963298664,0.13237431385018675,0.06730475393128747
C:\Users\damba\.cache\kagglehub\datasets\salmaneunus\mechanical-tools-dataset\versions\20\Mechanical Tools Image dataset\Mechanical Tools Image dataset\Rope\000286.jpg,Rope,exito,0.3183098861837906,0.015271459497890228,0.016223975543054065,0.00909576622795517,0.036265357412059517,0.0850896623047659,0.05062940127794994,0.010465068974278286,0.05197293939400055,0.06345499232860159,0.10860458800228384,0.07419944606473561,0.11493003122433915,0.06620991430188387,0.04179397551554105,0.04670024557094624,0.06519743582085094,0.056956861240781344,0.041583814944870456,0.04788038202471978,0.1824747573415054,0.12606522707860915,0.02768575496424646,0.11649273131489173,0.07185413562140464
C:\Users\damba\.cache\kagglehub\datasets\salmaneunus\mechanical-tools-dataset\versions\20\Mechanical Tools Image dataset\Mechanical Tools Image dataset\Rope\000287.jpg,Rope,exito,0.3183098861837907,0.5484217792200827,0.6510269170115525,0.6258868055411229,0.606109441810244,0.5424573721684707,0.40898743596523907,0.5256722205421429,0.3370432145626441,0.26196814924346,0.5255382591111172,0.07460275287816434,0.09068520563450681,0.3455587001853407,0.5612609610584893,0.18108219513313512,0.2774698272523287,0.38482400996103167,0.5436838709198852,0.3927782479583049,0.40870801397622464,0.3056058275385401,0.2961893886913029,0.4928527760747788,0.5692234567277163
C:\Users\damba\.cache\kagglehub\datasets\salmaneunus\mechanical-tools-dataset\versions\20\Mechanical Tools Image dataset\Mechanical Tools Image dataset\Rope\000288.jpg,Rope,exito,0.3183098861837906,0.02083946708656782,0.015276474749093579,0.009655137859479699,0.04438489231693081,0.08522475300105824,0.04647450758426897,0.010992837233703368,0.05139148045134161,0.06826576609033566,0.10894938979466083,0.07266923546268184,0.1061693617198562,0.05690639612265267,0.04149970851085587,0.04577452772787944,0.05882207196064646,0.05807352164385115,0.0365449561586851,0.04610229557162437,0.1729259336638387,0.10589665529318304,0.042617395816723955,0.11122249711479784,0.07486381207345785
C:\Users\damba\.cache\kagglehub\datasets\salmaneunus\mechanical-tools-dataset\versions\20\Mechanical Tools Image dataset\Mechanical Tools Image dataset\Rope\000289.jpg,Rope,exito,0.0,0.0,0.0,0.0,0.0,0.0,0.0,0.0,0.0,0.0,0.0,0.0,0.0,0.0,0.0,0.0,0.0,0.0,0.0,0.0,0.0,0.0,0.0,0.0,0.0
C:\Users\damba\.cache\kagglehub\datasets\salmaneunus\mechanical-tools-dataset\versions\20\Mechanical Tools Image dataset\Mechanical Tools Image dataset\Rope\000290.jpg,Rope,exito,0.31830988618379075,0.0824282530341868,0.02926732810038192,0.12171128512835784,0.06481577006657176,0.058573217566867564,0.03967625315400095,0.06106149276151874,0.053937553630484796,0.11672433527898797,0.0629604118527488,0.07051906115659905,0.0008212560194971264,0.11305829650436595,0.1477373352181441,0.07883469966330488,0.08956276355441041,0.09242002953764192,0.025633956438828702,0.07323090994537902,0.0631592519118008,0.17056438428173637,0.10515208483827429,0.11052196929682145,0.11895842662488096
C:\Users\damba\.cache\kagglehub\datasets\salmaneunus\mechanical-tools-dataset\versions\20\Mechanical Tools Image dataset\Mechanical Tools Image dataset\Rope\000292.jpg,Rope,exito,0.3183098861837907,0.397217904705098,0.15664660618838558,0.23968129514113776,0.1212090541825533,0.044991160351466455,0.30823984542455185,0.16569329815584372,0.08256746207458227,0.2160382491964038,0.04615057252580644,0.04341212931852008,0.20684068511367368,0.011509451525913515,0.1428065510861855,0.0298817173122762,0.20493936313037495,0.09244224516769464,0.041324252669000944,0.01248836739865903,0.40123282634580815,0.2621878227756463,0.07504245032622654,0.1951635173343024,0.14691016460799783
C:\Users\damba\.cache\kagglehub\datasets\salmaneunus\mechanical-tools-dataset\versions\20\Mechanical Tools Image dataset\Mechanical Tools Image dataset\Rope\000293.jpg,Rope,exito,0.3183098861837905,0.13971652310164362,0.0321664284367236,0.03455783441620716,0.1380427542699023,0.0937733753160054,0.15594028269789653,0.06698341724676772,0.10112441598152085,0.1503087472344648,0.1461006012308814,0.10901756103979347,0.25130256123627476,0.07549264843735706,0.13930675607073104,0.07204068203188081,0.1775963866609141,0.19078182606894717,0.07163125999471266,0.09550159780322605,0.18647548852608173,0.06444218445590011,0.2211501507460731,0.17657384806374476,0.06346814470330003
C:\Users\damba\.cache\kagglehub\datasets\salmaneunus\mechanical-tools-dataset\versions\20\Mechanical Tools Image dataset\Mechanical Tools Image dataset\Rope\000294.jpg,Rope,exito,0.3183098861837905,0.032319745595060116,0.08077641441384124,0.07788919344445451,0.06273286867095974,0.015493019984661623,0.12049411918098103,0.07650252632964541,0.016528113808259883,0.07302561288230826,0.03852269177831719,0.005418815204629754,0.1262189271201664,0.014349746564544446,0.02022434959324693,0.010647421432165828,0.016647991326131418,0.04129166787241507,0.003245674540589848,0.004580591821755749,0.08053092816690977,0.16321190482675704,0.06004070036558483,0.11252775312776497,0.0968287922704375
C:\Users\damba\.cache\kagglehub\datasets\salmaneunus\mechanical-tools-dataset\versions\20\Mechanical Tools Image dataset\Mechanical Tools Image dataset\Rope\000295.jpg,Rope,exito,0.3183098861837906,0.04547781769084584,0.00378727037275315,0.0018963774922731787,0.09985361612664678,0.008942980625476299,0.0149759171832172,0.004576865275159037,0.012034806133373,0.14836502709384367,0.03856683265743838,0.15969955372295497,0.06350762895246595,0.0015337822322154689,0.05699119384841374,0.16892578811188083,0.12824238999210366,0.042111164663756584,0.1794380349086973,0.06454633929612878,0.10630886066800836,0.03492350445070023,0.11433087016361303,0.1868890861931701,0.0840000631193979
C:\Users\damba\.cache\kagglehub\datasets\salmaneunus\mechanical-tools-dataset\versions\20\Mechanical Tools Image dataset\Mechanical Tools Image dataset\Rope\000296.jpg,Rope,exito,0.0,0.0,0.0,0.0,0.0,0.0,0.0,0.0,0.0,0.0,0.0,0.0,0.0,0.0,0.0,0.0,0.0,0.0,0.0,0.0,0.0,0.0,0.0,0.0,0.0
C:\Users\damba\.cache\kagglehub\datasets\salmaneunus\mechanical-tools-dataset\versions\20\Mechanical Tools Image dataset\Mechanical Tools Image dataset\Rope\000297.jpg,Rope,exito,0.0,0.0,0.0,0.0,0.0,0.0,0.0,0.0,0.0,0.0,0.0,0.0,0.0,0.0,0.0,0.0,0.0,0.0,0.0,0.0,0.0,0.0,0.0,0.0,0.0
C:\Users\damba\.cache\kagglehub\datasets\salmaneunus\mechanical-tools-dataset\versions\20\Mechanical Tools Image dataset\Mechanical Tools Image dataset\Rope\000298.jpg,Rope,exito,0.31830988618379075,0.22806774411248015,0.06468100193119582,0.07297939446487268,0.042593274614707015,0.05028711491865045,0.10782842777714684,0.21741395311937775,0.0418844623038632,0.15815210609377925,0.1272378272138422,0.02402972006849021,0.0018647534406612196,0.12237706129753535,0.10249916835305718,0.03483462991914506,0.13861237674208665,0.1272518357666156,0.02081878601508207,0.030091446702449374,0.1650215447212933,0.09637044896485038,0.1657251505918255,0.19689456242464115,0.09256842673856852
C:\Users\damba\.cache\kagglehub\datasets\salmaneunus\mechanical-tools-dataset\versions\20\Mechanical Tools Image dataset\Mechanical Tools Image dataset\Rope\000299.jpg,Rope,exito,0.3183098861837905,0.04239723236720814,0.025502677568369252,0.03268215423724622,0.09310696565656557,0.04798788978066162,0.05002773195578341,0.053150059196689955,0.04755855524122546,0.14470098178431445,0.07909467599705088,0.10292340699231371,0.08938267841937349,0.105775682074463,0.08523907377479846,0.13728808235341983,0.1718034236730596,0.07169998607546658,0.13452889609587645,0.14010041525855765,0.13927286144657286,0.18795378906347956,0.12483698018591352,0.2409142262706428,0.037310381711117654
C:\Users\damba\.cache\kagglehub\datasets\salmaneunus\mechanical-tools-dataset\versions\20\Mechanical Tools Image dataset\Mechanical Tools Image dataset\Rope\000300.jpg,Rope,exito,0.31830988618379047,0.0174514107439162,0.03131276442817089,0.002457344470139752,0.03711590687333354,0.06656708685019465,5.0670831059428686e-05,0.009060825693277073,0.08141798517280402,0.055053378126078856,0.11421150289213415,0.11368807519483368,0.10695516746329584,0.029963570199511,0.00822894252360393,0.025105683843129778,0.059678522985580094,0.1464835598491005,0.146112620217307,0.13158106707035186,0.22621789056943534,0.06472100500590965,0.1737142166464115,0.0619971185442459,0.391334703013043
C:\Users\damba\.cache\kagglehub\datasets\salmaneunus\mechanical-tools-dataset\versions\20\Mechanical Tools Image dataset\Mechanical Tools Image dataset\Rope\000302.jpg,Rope,exito,0.0,0.0,0.0,0.0,0.0,0.0,0.0,0.0,0.0,0.0,0.0,0.0,0.0,0.0,0.0,0.0,0.0,0.0,0.0,0.0,0.0,0.0,0.0,0.0,0.0
C:\Users\damba\.cache\kagglehub\datasets\salmaneunus\mechanical-tools-dataset\versions\20\Mechanical Tools Image dataset\Mechanical Tools Image dataset\Rope\000303.jpg,Rope,exito,0.31830988618379064,0.017588543578746566,0.05050111086506742,0.05656712629554221,0.031048473460865665,0.06668049504376862,0.05990491223407727,0.0965610125661928,0.03490043572762087,0.05435185530798371,0.08808847262562793,0.027565652830032705,0.015830026249989904,0.1340552493796305,0.13798222289629508,0.02204730684274403,0.09385406742965047,0.0817846136648761,0.03796446170273734,0.014824224399555962,0.06979350149425448,0.1549928222525718,0.24393606924387654,0.016317534540377356,0.14814309985573887
C:\Users\damba\.cache\kagglehub\datasets\salmaneunus\mechanical-tools-dataset\versions\20\Mechanical Tools Image dataset\Mechanical Tools Image dataset\Rope\000304.jpg,Rope,exito,0.3183098861837906,0.0029471645050105906,0.017282056235746468,0.00864409710918935,0.01888326344360153,0.08522340179070423,0.056292545790320114,0.008741979680915246,0.04952857774293528,0.04914835553640234,0.10624093782902452,0.07346181352840626,0.13066575862615495,0.06379079801219127,0.0296525860851868,0.04391561862604417,0.0613384728597241,0.047901974197070915,0.03875818458175844,0.046963572548802526,0.20863539517927643,0.12198981120632353,0.02183068598401476,0.11113990640835837,0.07186667378943015
C:\Users\damba\.cache\kagglehub\datasets\salmaneunus\mechanical-tools-dataset\versions\20\Mechanical Tools Image dataset\Mechanical Tools Image dataset\Rope\000305.jpg,Rope,exito,0.0,0.0,0.0,0.0,0.0,0.0,0.0,0.0,0.0,0.0,0.0,0.0,0.0,0.0,0.0,0.0,0.0,0.0,0.0,0.0,0.0,0.0,0.0,0.0,0.0
C:\Users\damba\.cache\kagglehub\datasets\salmaneunus\mechanical-tools-dataset\versions\20\Mechanical Tools Image dataset\Mechanical Tools Image dataset\Rope\000306.jpg,Rope,exito,0.31830988618379047,0.038083479951797984,0.04105013179997698,0.04228815116999369,0.077106296957863,0.056901975256273316,0.05046680169932252,0.02735644773398078,0.04458685767556245,0.10289165926543156,0.09813287212757722,0.07375508303754563,0.02329442900485633,0.07970474906671492,0.0985550594617686,0.07342801599974601,0.09683082061346471,0.1211502425517906,0.08812327323765781,0.09672052795252263,0.04729588727873419,0.23081039918127336,0.15682970731434984,0.19749473276415136,0.08306872971660169
C:\Users\damba\.cache\kagglehub\datasets\salmaneunus\mechanical-tools-dataset\versions\20\Mechanical Tools Image dataset\Mechanical Tools Image dataset\Rope\000307.jpg,Rope,exito,0.0,0.0,0.0,0.0,0.0,0.0,0.0,0.0,0.0,0.0,0.0,0.0,0.0,0.0,0.0,0.0,0.0,0.0,0.0,0.0,0.0,0.0,0.0,0.0,0.0
C:\Users\damba\.cache\kagglehub\datasets\salmaneunus\mechanical-tools-dataset\versions\20\Mechanical Tools Image dataset\Mechanical Tools Image dataset\Rope\000308.jpg,Rope,exito,0.3183098861837905,0.02136678136547585,0.019183430077083227,0.035845194863296494,0.02778126787452842,0.04372831232365192,0.0070859951773137265,0.05972884458137296,0.04401907496722672,0.018034012463503994,0.04463658222707612,0.09405551619677463,0.05808827430375813,0.07893203326389342,0.11870394104840619,0.08801783134750611,0.035998591875153814,0.01841491509193243,0.06195619791266187,0.10530929435645146,0.1610804606269897,0.08360733532408395,0.21404923728284656,0.11194155212456945,0.12214218305354785
C:\Users\damba\.cache\kagglehub\datasets\salmaneunus\mechanical-tools-dataset\versions\20\Mechanical Tools Image dataset\Mechanical Tools Image dataset\Rope\000309.jpg,Rope,exito,0.31830988618379047,0.011187173900969398,0.03215816171953288,0.0024644255406518763,0.02623960505642271,0.06648642666246721,0.004468813931085837,0.004139579283864836,0.08362747545284369,0.03849993508531824,0.11685258914747991,0.117151335133103,0.09454516043536024,0.01729916031931166,0.01073107025929974,0.028608338140400723,0.02674241690392214,0.1489400568152319,0.15219686639116742,0.1296066078798453,0.20254691377401612,0.04537661972202686,0.13776990685524687,0.04822668363169327,0.3829327399981179
C:\Users\damba\.cache\kagglehub\datasets\salmaneunus\mechanical-tools-dataset\versions\20\Mechanical Tools Image dataset\Mechanical Tools Image dataset\Rope\000310.jpg,Rope,exito,0.31830988618379075,0.2099858715165736,0.1282053769159683,0.009133476521562994,0.017627313048537575,0.08373970694008696,0.07474245949004053,0.09052562865509418,0.06696166666856546,0.09195769647471824,0.03670404731600935,0.10613530010619646,0.10443820346872902,0.08121962299188895,0.16118459517983674,0.0949257890734369,0.1255339963419455,0.06576624672601966,0.1227123512165312,0.12901707455715483,0.08879315918564601,0.15108192157665934,0.12481757088567394,0.12901507855818448,0.14611882313300384
C:\Users\damba\.cache\kagglehub\datasets\salmaneunus\mechanical-tools-dataset\versions\20\Mechanical Tools Image dataset\Mechanical Tools Image dataset\Rope\000313.jpg,Rope,exito,0.3183098861837906,0.034086844987529875,0.011847600980160623,0.006495871895447632,0.07661328642221293,0.0837257907966607,0.024043281016706587,0.042735491056188735,0.0696761656699594,0.1287154958456538,0.12794743835816919,0.09019173331432288,0.02654171610710791,0.17661222483592862,0.12344393580214381,0.07100863093075344,0.17522495683146866,0.149487252689004,0.11113339711759013,0.06832368642756967,0.018140421057111812,0.35131471315653423,0.1679947019152571,0.19944443864251027,0.04917741798749384
C:\Users\damba\.cache\kagglehub\datasets\salmaneunus\mechanical-tools-dataset\versions\20\Mechanical Tools Image dataset\Mechanical Tools Image dataset\Rope\000316.jpg,Rope,exito,0.3183098861837907,0.6090540315558806,0.846167664706354,0.8485639819850982,1.0143533377307306,1.017743477321633,1.09765869588128,1.1091349250155367,1.1030231714685688,1.1080431563345723,1.139559868998788,1.0973370317727973,1.0315971830624733,1.0783009609003598,1.1305903939819961,1.001725080868383,0.9308936445417546,1.0668130915031504,1.1234022080800006,0.8298726491413893,0.7503422205014622,0.8973187597888828,1.1395359525904896,1.1655904882133252,0.625998486286107
C:\Users\damba\.cache\kagglehub\datasets\salmaneunus\mechanical-tools-dataset\versions\20\Mechanical Tools Image dataset\Mechanical Tools Image dataset\Rope\000317.jpg,Rope,exito,0.0,0.0,0.0,0.0,0.0,0.0,0.0,0.0,0.0,0.0,0.0,0.0,0.0,0.0,0.0,0.0,0.0,0.0,0.0,0.0,0.0,0.0,0.0,0.0,0.0
C:\Users\damba\.cache\kagglehub\datasets\salmaneunus\mechanical-tools-dataset\versions\20\Mechanical Tools Image dataset\Mechanical Tools Image dataset\Rope\000318.jpg,Rope,exito,0.3183098861837905,0.014352670501132283,0.018002787221108676,0.03715598615704611,0.02385621121593432,0.04686631088012744,0.00381907791449211,0.06979301461034029,0.048414800960391996,0.036746624049614464,0.06427460429077371,0.08939926565390101,0.05920056004354883,0.10348995412987118,0.0986335342551735,0.09007614129446471,0.035768478927385876,0.028050504316563803,0.03247643259552832,0.09739293305294032,0.15572368092695194,0.1121534786178782,0.16930138748545495,0.10016901072038384,0.0965906225817899
C:\Users\damba\.cache\kagglehub\datasets\salmaneunus\mechanical-tools-dataset\versions\20\Mechanical Tools Image dataset\Mechanical Tools Image dataset\Rope\000320.jpg,Rope,exito,0.31830988618379064,0.011508642743131368,0.04966745152030099,0.056521966516545494,0.034843171853263286,0.07583984922423624,0.06027390011740281,0.10790324579053058,0.019897710061145834,0.06716833572565324,0.11825733209192232,0.020953618554473363,0.030247719877010484,0.16458956987348486,0.07998462021724786,0.02850369215433279,0.06953415414595103,0.11303318444908116,0.06448872535562133,0.006189201121878425,0.028472427195934274,0.19477518670465327,0.15086658122017654,0.0015296262321848725,0.14448360785795286
C:\Users\damba\.cache\kagglehub\datasets\salmaneunus\mechanical-tools-dataset\versions\20\Mechanical Tools Image dataset\Mechanical Tools Image dataset\Rope\000321.jpg,Rope,exito,0.3183098861837906,0.013728940810060465,0.016434777946802294,0.008229220368323105,0.03882216484442943,0.08464724950020035,0.04997261178490572,0.019065201363988184,0.05674427702121225,0.0749611160877147,0.11219225380937249,0.07887168792218634,0.10707644524422419,0.09853155541721996,0.0617720587080969,0.052966256026274285,0.09032476695693356,0.07298875798784349,0.058733842356233266,0.05353202629899844,0.15538658768933275,0.18718962634208652,0.036072322113197205,0.13779342487880764,0.06422235957705925
C:\Users\damba\.cache\kagglehub\datasets\salmaneunus\mechanical-tools-dataset\versions\20\Mechanical Tools Image dataset\Mechanical Tools Image dataset\Rope\2018-03-15-PHOTO-00007811+(1).jpg,Rope,exito,0.0,0.0,0.0,0.0,0.0,0.0,0.0,0.0,0.0,0.0,0.0,0.0,0.0,0.0,0.0,0.0,0.0,0.0,0.0,0.0,0.0,0.0,0.0,0.0,0.0
C:\Users\damba\.cache\kagglehub\datasets\salmaneunus\mechanical-tools-dataset\versions\20\Mechanical Tools Image dataset\Mechanical Tools Image dataset\Rope\5d03854eec0f8c0001d4eddf.jpg,Rope,exito,0.3183098861837906,0.024225416319030836,0.014557423532018915,0.0096817339645512,0.0534843411220928,0.0848121630064985,0.04156946773084647,0.01177678998351087,0.056006222818137254,0.08253164209503579,0.11239027293467035,0.07592842395986538,0.08922572516577379,0.07163124462929757,0.059373098757760305,0.051422572045203674,0.07553961111395283,0.07213150482965625,0.048979639566595255,0.05006404386901867,0.1380837548307123,0.138201923931221,0.046679675009822286,0.12686014010974947,0.07129754892365545
C:\Users\damba\.cache\kagglehub\datasets\salmaneunus\mechanical-tools-dataset\versions\20\Mechanical Tools Image dataset\Mechanical Tools Image dataset\Rope\andrew-buchanan-Csf7vDp-Whc-unsplash.jpg,Rope,exito,0.3183098861837906,0.046040958748063264,0.007333806768233831,0.011273002449953329,0.09765961881848123,0.08347167700467827,0.0026460918485435585,0.019023799673592898,0.07025617216611384,0.1440006019954001,0.12637719342265,0.0854160943828716,0.022274041716939825,0.10804011166215545,0.12209968752409073,0.06971510571615272,0.15077088098684963,0.1375772800176342,0.09770438615790479,0.06267442740374114,0.06913546469145619,0.2316837159078522,0.1674422570778223,0.17772584127499752,0.0690186031467584
C:\Users\damba\.cache\kagglehub\datasets\salmaneunus\mechanical-tools-dataset\versions\20\Mechanical Tools Image dataset\Mechanical Tools Image dataset\Rope\engin-akyurt-MGScaQTG8To-unsplash.jpg,Rope,exito,0.0,0.0,0.0,0.0,0.0,0.0,0.0,0.0,0.0,0.0,0.0,0.0,0.0,0.0,0.0,0.0,0.0,0.0,0.0,0.0,0.0,0.0,0.0,0.0,0.0
C:\Users\damba\.cache\kagglehub\datasets\salmaneunus\mechanical-tools-dataset\versions\20\Mechanical Tools Image dataset\Mechanical Tools Image dataset\Rope\eric-barbeau-aveIX3ZBiyA-unsplash.jpg,Rope,exito,0.31830988618379075,0.4052857687190834,0.29068131976522293,0.24573449601568,0.10273764349782885,0.10151473013583172,0.10939461352501458,0.14316698358701652,0.07736197549796542,0.1614507692743441,0.26143930925568376,0.04282877406074028,0.0937976417924653,0.2900487517374788,0.24438680542008143,0.08464201222716682,0.1744925270346248,0.2533267550895344,0.10896978729544726,0.06561062899360774,0.09874508847845004,0.15650068123788086,0.29218470346870684,0.15128725065676812,0.20812842228086964
C:\Users\damba\.cache\kagglehub\datasets\salmaneunus\mechanical-tools-dataset\versions\20\Mechanical Tools Image dataset\Mechanical Tools Image dataset\Rope\Ha676193c3003477f9d841b93c3123549s.jpg_350x350.jpg,Rope,exito,0.3183098861837906,0.014200753141935581,0.01637268009214547,0.008316145214554604,0.039267203884464384,0.08466352036825547,0.04974324986125778,0.018403708743378808,0.056578385744099645,0.0747882790380255,0.11205812032980215,0.07862799247815838,0.10680867722516324,0.09644963357671041,0.061032985876422204,0.05272190705672691,0.0889452511153116,0.07230441154584273,0.05785344994721945,0.05323683310283358,0.1558963287056092,0.18344532726395757,0.035325519842917194,0.13672990234330926,0.0647378487981706
C:\Users\damba\.cache\kagglehub\datasets\salmaneunus\mechanical-tools-dataset\versions\20\Mechanical Tools Image dataset\Mechanical Tools Image dataset\Rope\HTB13093XOLxK1Rjy0Ffq6zYdVXa4.jpg,Rope,exito,0.3183098861837907,0.41663538616778517,0.13692940529995912,0.4090001266257065,0.5958621024311106,0.35689314741334344,0.7466882150353419,0.8771582195933526,0.2919606033837949,0.3814771079462821,0.9949183494881443,0.22928810699838328,0.4628294759929459,0.17711023492294492,0.9933220809228391,0.17506702379395436,0.9872739927744676,0.7160786002489896,0.9177248786812495,0.13093999675797383,0.8587053471771168,1.0263895575367334,1.1286652080098838,0.8043608708538879,0.0964052929114626
C:\Users\damba\.cache\kagglehub\datasets\salmaneunus\mechanical-tools-dataset\versions\20\Mechanical Tools Image dataset\Mechanical Tools Image dataset\Rope\il_340x270.1549969063_me9u.jpg,Rope,exito,0.31830988618379047,0.011888927581961898,0.03208185052157075,0.002381746235622416,0.027717897628923936,0.06650324068462955,0.003987887482629825,0.0035171598892636815,0.08298366991020696,0.040649958867467056,0.1158559460038589,0.11620457325259509,0.0959420949171068,0.014654648952961905,0.006744099670732037,0.02685985574421775,0.026320786866173496,0.1471475359710319,0.15038105711895353,0.12993735738130385,0.20424263705301496,0.039533602988021714,0.1481515567283232,0.04314306731262806,0.38512319751539104
C:\Users\damba\.cache\kagglehub\datasets\salmaneunus\mechanical-tools-dataset\versions\20\Mechanical Tools Image dataset\Mechanical Tools Image dataset\Rope\il_340x270.1597533795_8ivp.jpg,Rope,exito,0.0,0.0,0.0,0.0,0.0,0.0,0.0,0.0,0.0,0.0,0.0,0.0,0.0,0.0,0.0,0.0,0.0,0.0,0.0,0.0,0.0,0.0,0.0,0.0,0.0
C:\Users\damba\.cache\kagglehub\datasets\salmaneunus\mechanical-tools-dataset\versions\20\Mechanical Tools Image dataset\Mechanical Tools Image dataset\Rope\images.jpg,Rope,exito,0.31830988618379064,0.018143885154725356,0.05059462211376433,0.056287376114999225,0.027769642735375823,0.06586167520621246,0.05966154218563682,0.09401986948989831,0.03577832072144099,0.03866819829124225,0.08464705653126371,0.028326029454161475,0.012580455082948716,0.12609744405933276,0.14130971947129203,0.021189665997391274,0.06705539297082234,0.06802988109646985,0.030207269995106773,0.015189619123834385,0.08176562845565719,0.13764492645256038,0.24579685829781847,0.015704402453123642,0.14869354041187766
C:\Users\damba\.cache\kagglehub\datasets\salmaneunus\mechanical-tools-dataset\versions\20\Mechanical Tools Image dataset\Mechanical Tools Image dataset\Rope\index.jpg,Rope,exito,0.3183098861837905,0.00493952365046911,0.017147016172975045,0.03689890102524467,0.01335362317348836,0.04355920730965044,0.0011052180960156987,0.06393894283185629,0.04309819045633171,0.04402685880500472,0.0459031924952211,0.09618545332125221,0.06079546687664053,0.09179978691358735,0.09442650643318673,0.10352416050968151,0.07605714275749015,0.04037041134090397,0.07746141461373952,0.1164970106498088,0.1458737119592951,0.10935869362924831,0.17474969084848166,0.15442098209945937,0.10465199854448179
C:\Users\damba\.cache\kagglehub\datasets\salmaneunus\mechanical-tools-dataset\versions\20\Mechanical Tools Image dataset\Mechanical Tools Image dataset\Rope\jon-moore-uoTXJDmFRvE-unsplash.jpg,Rope,exito,0.3183098861837905,0.044921877939007246,0.02654152280097116,0.03219057480359997,0.09789729719606349,0.04848689129222694,0.05542991673704383,0.05107754986547807,0.048365928068052316,0.15071601363653017,0.08214509196448537,0.10313122549918746,0.10409380700905609,0.10225270464145335,0.08942924257576558,0.13834499100347195,0.17590916794744282,0.08016802394904168,0.13730896077877633,0.14004082627535622,0.164521677008208,0.18670801273874552,0.13477983223288004,0.24184216129318953,0.03198254987769794
C:\Users\damba\.cache\kagglehub\datasets\salmaneunus\mechanical-tools-dataset\versions\20\Mechanical Tools Image dataset\Mechanical Tools Image dataset\Rope\kynda-light-fabric-cord-jute-round-twisted-raw-yar.jpg,Rope,exito,0.31830988618379075,0.05831981678185308,0.07785241351379692,0.060247693681300715,0.04776314508305107,0.09338435307039575,0.05099712691604174,0.01501326308477796,0.04202815796041459,0.0983837416985203,0.06256333081621047,0.05474154409598557,0.04999409906243284,0.09063559700050719,0.057420628540798546,0.09159562793054041,0.12666313209659746,0.03107650587894857,0.07270764058973063,0.10431119262184886,0.10478911941354563,0.20911548903456884,0.10997069327429516,0.1393329997979013,0.10383650240898722
C:\Users\damba\.cache\kagglehub\datasets\salmaneunus\mechanical-tools-dataset\versions\20\Mechanical Tools Image dataset\Mechanical Tools Image dataset\Rope\mae-mu-TVoh0JsOCv0-unsplash.jpg,Rope,exito,0.3183098861837905,0.015124673587221887,0.018110025175035068,0.03638317783538974,0.01597030482898808,0.04399861869022401,0.0031508807151565243,0.062335796305272397,0.044223917023460416,0.014492756020600957,0.046717914270858224,0.09396612809215604,0.06417050746324238,0.08522524177106974,0.1092824742880855,0.09223337883871752,0.04128906243216167,0.020998954509672905,0.0612144984774586,0.10715426709362129,0.16582503406416407,0.09228809387762442,0.19696907757631155,0.1211838158034242,0.11448040883394464
C:\Users\damba\.cache\kagglehub\datasets\salmaneunus\mechanical-tools-dataset\versions\20\Mechanical Tools Image dataset\Mechanical Tools Image dataset\Rope\pexels-david-waschb├╝sch-1887836.jpg,Rope,exito,0.0,0.0,0.0,0.0,0.0,0.0,0.0,0.0,0.0,0.0,0.0,0.0,0.0,0.0,0.0,0.0,0.0,0.0,0.0,0.0,0.0,0.0,0.0,0.0,0.0
C:\Users\damba\.cache\kagglehub\datasets\salmaneunus\mechanical-tools-dataset\versions\20\Mechanical Tools Image dataset\Mechanical Tools Image dataset\Rope\regine-tholen-IOUbVsWf_TE-unsplash.jpg,Rope,exito,0.3183098861837906,0.029723990704280553,0.013159517715547483,0.00785027919530522,0.06778040037336647,0.08398151656557021,0.03168273984783125,0.030975725180289085,0.0654936744872776,0.11188933705911958,0.12182118271238004,0.0855494195259189,0.0520067845566779,0.13932499352076197,0.1023403927540359,0.06463503011205522,0.13759990399039035,0.11819736222171622,0.08943705195623047,0.062184625139742294,0.04502325030436476,0.2739797136367275,0.11990202335748575,0.17396062506605944,0.05716717905449939
C:\Users\damba\.cache\kagglehub\datasets\salmaneunus\mechanical-tools-dataset\versions\20\Mechanical Tools Image dataset\Mechanical Tools Image dataset\Rope\Rope_Drawing_Day_5_Pencil_Charcoal_on_Paper_15x22_inches_2018.jpg,Rope,exito,0.3183098861837905,0.00993894531748207,0.08523331331499295,0.07571721540028784,0.019068592943024418,0.004719220258846178,0.14227259516700588,0.06399903090148569,0.018246321469226473,0.021064634815437442,0.011378354496694073,0.0017200651468931712,0.17934217023459162,0.04838277913809179,0.012700154526716178,0.011508499907345406,0.0037035232833119436,0.010269361522047908,0.0007485010283614271,0.0014447950883038551,0.1510411993506677,0.21716409585675586,0.042343975160145604,0.11294494922341637,0.09776368946363079
C:\Users\damba\.cache\kagglehub\datasets\salmaneunus\mechanical-tools-dataset\versions\20\Mechanical Tools Image dataset\Mechanical Tools Image dataset\Rope\thomas-kinto--U23q5CyYKc-unsplash.jpg,Rope,exito,0.31830988618379075,0.34914883374936956,0.13514308948755624,0.12545688116999634,0.07801101714469218,0.10281735892734407,0.06814899517745937,0.08454127699692446,0.16319231763206052,0.11844836817288713,0.11482636132938624,0.1730581074126115,0.036992406294170214,0.28637430973476896,0.044454303792834736,0.2247864414110076,0.04574322410969147,0.1667835400087893,0.3068935082450811,0.2637855158092216,0.08344558437304962,0.1021606341681268,0.10049586832499224,0.3323095221891237,0.19126592494135758
C:\Users\damba\.cache\kagglehub\datasets\salmaneunus\mechanical-tools-dataset\versions\20\Mechanical Tools Image dataset\Mechanical Tools Image dataset\Rope\unnamed.jpg,Rope,exito,0.3183098861837907,0.451256968068548,0.26992578411765955,0.3540128229106237,0.1158581022084499,0.13730062873313684,0.43688628651853756,0.38012488098355035,0.25027177795331224,0.5487151395683507,0.424253145894075,0.4112428166291682,0.42370553004807754,0.3214951278861616,0.21476606802367795,0.40774995886428295,0.08302444774535732,0.11144928146489824,0.11241624398843209,0.27691165635554565,0.2394151256557235,0.41676694438474987,0.4837001654759998,0.3519904609408421,0.22836114898869703
C:\Users\damba\.cache\kagglehub\datasets\salmaneunus\mechanical-tools-dataset\versions\20\Mechanical Tools Image dataset\Mechanical Tools Image dataset\Rope\vasileia-eleftheriou-KurXWo1VNEk-unsplash.jpg,Rope,exito,0.31830988618379064,0.2592223209248811,0.05399008500011067,0.05273563389500963,0.19741330129319729,0.1541432279724591,0.06431603977536778,0.12262424137596538,0.139997661810213,0.2060322411420039,0.253986075652716,0.16226902768846407,0.06342623711652329,0.24670855065524788,0.19970148460404868,0.13393469142176662,0.33491086991834906,0.23844572285104743,0.20872998691710334,0.12349000169838477,0.06370651233932863,0.40014920562225575,0.2197004953078558,0.2519434172637322,0.013153024633517274
C:\Users\damba\.cache\kagglehub\datasets\salmaneunus\mechanical-tools-dataset\versions\20\Mechanical Tools Image dataset\Mechanical Tools Image dataset\Toolbox\000000.jpg,Toolbox,exito,0.3183098861837906,0.024739986470326828,0.014438689544408717,0.007238861672410334,0.05925829351980122,0.08410786547967226,0.0381568700226366,0.03225184213366908,0.06405484452132493,0.10364240573187462,0.1203077359381925,0.08514853826052138,0.06892919030496593,0.14183912472546584,0.09601765009916101,0.06290631151234426,0.1327537862537621,0.11129161373178272,0.08603956355226652,0.06155105841719034,0.07194945608685777,0.2742520711672069,0.10544163394690018,0.17071478765722858,0.05528978989215929
C:\Users\damba\.cache\kagglehub\datasets\salmaneunus\mechanical-tools-dataset\versions\20\Mechanical Tools Image dataset\Mechanical Tools Image dataset\Toolbox\000001.jpg,Toolbox,exito,0.31830988618379047,0.026337402268504125,0.029479140788805883,0.0015628982177643075,0.053755850612307164,0.06668211824873177,0.009615905529865318,0.00895479099099202,0.07570315948084552,0.08018356097548719,0.10622937675224735,0.1056836316518892,0.13416834019480392,0.027841716700481915,0.038661309055234364,0.012703531892797737,0.09873438402706479,0.1378015980748629,0.13614191007938134,0.133348976137309,0.2773272058891837,0.06019502881818897,0.26112674984307654,0.04252475030670969,0.41147541228229284
C:\Users\damba\.cache\kagglehub\datasets\salmaneunus\mechanical-tools-dataset\versions\20\Mechanical Tools Image dataset\Mechanical Tools Image dataset\Toolbox\000002.jpg,Toolbox,exito,0.3183098861837905,0.024604562003347336,0.01988484620606858,0.03652873718622221,0.05761506688211696,0.04902347648876498,0.018163102853514607,0.06775265159077203,0.05075841026001064,0.08867171947817869,0.0805297712651938,0.09189935802724836,0.00802588838215716,0.09965345266671041,0.07719856918369893,0.10918510399015532,0.06251405676827793,0.06346737587645157,0.05624008130638947,0.10527612360963744,0.058665014382811666,0.10506984239274877,0.10793245395720644,0.13717550900379583,0.05932574936573965
C:\Users\damba\.cache\kagglehub\datasets\salmaneunus\mechanical-tools-dataset\versions\20\Mechanical Tools Image dataset\Mechanical Tools Image dataset\Toolbox\000003.jpg,Toolbox,exito,0.3183098861837905,0.007146030302042068,0.01727268076748637,0.036805772325154765,0.0014726436481136069,0.04444884650928116,0.0007016890410904629,0.06463052344667741,0.0445930163733547,0.025463671903599563,0.05024326521775077,0.09409012282747171,0.065470911375276,0.09134472334131809,0.09785734226592377,0.09776652659842185,0.048602750263795624,0.022617728226706713,0.06256514211978337,0.10965194007259957,0.1617013815730028,0.10089416277270224,0.17533386598971337,0.13298005707640434,0.10409082536994267
C:\Users\damba\.cache\kagglehub\datasets\salmaneunus\mechanical-tools-dataset\versions\20\Mechanical Tools Image dataset\Mechanical Tools Image dataset\Toolbox\000004.jpg,Toolbox,exito,0.3183098861837906,0.019563368820902077,0.015519436047504396,0.008520361961495108,0.04805568906491118,0.08453598369163726,0.04517782674474047,0.019192836704023154,0.058376157619664755,0.0835560668031107,0.11389774665196081,0.07952398497329462,0.09399094467688814,0.09982673485796453,0.06920098438965953,0.05492749003713157,0.09485476337152042,0.08021509661490442,0.06208711631026273,0.05440027492870032,0.13348780090109935,0.1916597823936261,0.052695066071130524,0.1420736675742302,0.06443842691085525
C:\Users\damba\.cache\kagglehub\datasets\salmaneunus\mechanical-tools-dataset\versions\20\Mechanical Tools Image dataset\Mechanical Tools Image dataset\Toolbox\000005.jpg,Toolbox,exito,0.3183098861837906,0.044811138394935564,0.0002598198834585905,0.06288542883895765,0.09244777233812859,0.061379687291315405,0.036449870813281375,0.08619219258848733,0.012932415801016332,0.12908581280756384,0.11772744752076933,0.04064384463616278,0.1270594975016902,0.09282827665461306,0.03291530074010069,0.09468650203593701,0.12394471817920767,0.1541073106473174,0.059640380202243465,0.15630590431228478,0.24376368296949522,0.12829376336405113,0.09634818950278545,0.21253083063721312,0.12569632721265897
C:\Users\damba\.cache\kagglehub\datasets\salmaneunus\mechanical-tools-dataset\versions\20\Mechanical Tools Image dataset\Mechanical Tools Image dataset\Toolbox\000006.jpg,Toolbox,exito,0.3183098861837906,0.04554452139062747,0.007548062383813196,0.010692402513126557,0.09701845494071766,0.08340269317115127,0.0033527458845054123,0.02415368825007183,0.07103446885950011,0.14515419689887823,0.12739003036679128,0.08696123989135364,0.02221961486894147,0.12324930464683236,0.12637147338590005,0.07117400402503599,0.16106112560207186,0.14390812626951355,0.10404326791674455,0.06462965515357688,0.07565015857098688,0.2617261895061484,0.1766858807501643,0.18537722404028417,0.06621998810871119
C:\Users\damba\.cache\kagglehub\datasets\salmaneunus\mechanical-tools-dataset\versions\20\Mechanical Tools Image dataset\Mechanical Tools Image dataset\Toolbox\000007.jpg,Toolbox,exito,0.3183098861837905,0.024793057476372678,0.01992872433264093,0.03795263476744572,0.057237195856365934,0.05022441518653655,0.016815961359102058,0.07715743283354716,0.053232718502817016,0.09316278066260045,0.08685929293117714,0.08626234068743559,0.015061486978967665,0.12384885971200119,0.08414614936194777,0.09630095637567415,0.09498155561276277,0.08380353447351227,0.020233293565104272,0.09079386941847824,0.06819389268021761,0.14734322843573083,0.13067502024976788,0.09872679498796015,0.07146480065825057
C:\Users\damba\.cache\kagglehub\datasets\salmaneunus\mechanical-tools-dataset\versions\20\Mechanical Tools Image dataset\Mechanical Tools Image dataset\Toolbox\000008.jpg,Toolbox,exito,0.31830988618379064,0.017310245942089058,0.05045534296214912,0.05665357385494068,0.03179554957284776,0.06698303546053919,0.059914548766509874,0.09740758842088232,0.03454966004221419,0.05808295318257942,0.08928248652602291,0.02728888134187951,0.016711060222338144,0.13666708931510027,0.13664546850229728,0.022338245926925012,0.10030517857226541,0.08552877248509622,0.040118474652765135,0.014666915307873483,0.06628131014838862,0.16046161514978255,0.24283502018755024,0.016380280898244785,0.1479499101064257
C:\Users\damba\.cache\kagglehub\datasets\salmaneunus\mechanical-tools-dataset\versions\20\Mechanical Tools Image dataset\Mechanical Tools Image dataset\Toolbox\000009.jpg,Toolbox,exito,0.31830988618379047,0.041859271632349294,0.03962771049237651,0.04265296940454079,0.08411248970711772,0.057349374519709534,0.043357937451198786,0.02902595519340267,0.04527648531145488,0.11106803651754676,0.10065748301856643,0.07423296716229215,0.0049438838798885314,0.0719396710275698,0.103172105978713,0.07415808869401203,0.10005695629717103,0.1275548304120381,0.0902056678473712,0.09771119964071061,0.07640783871915068,0.21940981914053512,0.16832965822187823,0.20168147313242973,0.07955006868010137
C:\Users\damba\.cache\kagglehub\datasets\salmaneunus\mechanical-tools-dataset\versions\20\Mechanical Tools Image dataset\Mechanical Tools Image dataset\Toolbox\000010.jpg,Toolbox,exito,0.3183098861837905,0.03131359947352543,0.08107812249511683,0.07777796037148563,0.06092910048407209,0.01500346897848444,0.12191322169798463,0.07578602614365615,0.016611540446174442,0.07076170661889593,0.037127819644787514,0.00525858121966335,0.1295533873946569,0.015913650560096727,0.019784557145320982,0.010689570265092124,0.014273960360998508,0.03947818615052464,0.003127769929207736,0.004443700358876822,0.08493496687395041,0.1667798893338942,0.05903216018851513,0.11257983094541513,0.09687587537200253
C:\Users\damba\.cache\kagglehub\datasets\salmaneunus\mechanical-tools-dataset\versions\20\Mechanical Tools Image dataset\Mechanical Tools Image dataset\Toolbox\000011.jpg,Toolbox,exito,0.31830988618379047,0.034393495264263434,0.035324182849559106,0.033283376765173095,0.0774001929047126,0.04879555258347563,0.022481438497418446,0.04513784648733229,0.0556472501689518,0.11591551582422985,0.08406204266774393,0.11471038127507803,0.04298400008209949,0.03490510397106579,0.07265283534766692,0.10912414570580661,0.09492294433168348,0.10186479874470454,0.13791874480246502,0.1388047304393557,0.12060802935499441,0.008460188352381185,0.1297914083771543,0.14245048074257866,0.18569620725966923
C:\Users\damba\.cache\kagglehub\datasets\salmaneunus\mechanical-tools-dataset\versions\20\Mechanical Tools Image dataset\Mechanical Tools Image dataset\Toolbox\000012.jpg,Toolbox,exito,0.31830988618379064,0.004890367984774163,0.04915600105894218,0.05685749932581994,0.014117868070285719,0.07099481237887192,0.0552122374789821,0.10311111319459401,0.027868399711587926,0.04082576653365179,0.10081686621441757,0.023998774648728082,0.00924071791887587,0.1498937784367209,0.11111146702279684,0.02519508085254187,0.062412897914034135,0.08272983259244152,0.04961663932558325,0.010884571603561674,0.07542536107395617,0.17114471747539778,0.19938448281125237,0.010011364177560066,0.1460883252598364
C:\Users\damba\.cache\kagglehub\datasets\salmaneunus\mechanical-tools-dataset\versions\20\Mechanical Tools Image dataset\Mechanical Tools Image dataset\Toolbox\000013.jpg,Toolbox,exito,0.3183098861837905,0.0420565114826142,0.025367077848281582,0.033446826579693265,0.09202280240479448,0.049856144702847834,0.048598996230993764,0.053782719328970725,0.05131778366269789,0.13635130611071902,0.08850833957178672,0.09853341544156405,0.08098256904747818,0.07872131475949265,0.0895076336931495,0.1282260160302038,0.1215425144878724,0.09096095448209511,0.10631676627891104,0.12315679864032131,0.1049379444632632,0.10664516964161282,0.13015727543035793,0.19248600048468542,0.028307866469725794
C:\Users\damba\.cache\kagglehub\datasets\salmaneunus\mechanical-tools-dataset\versions\20\Mechanical Tools Image dataset\Mechanical Tools Image dataset\Toolbox\000014.jpg,Toolbox,exito,0.3183098861837905,0.02582953443876125,0.020175979378307923,0.0359616197772921,0.06013086367298247,0.04852841884358064,0.02020452160400577,0.0644846055158663,0.04973180927137095,0.09184283939963854,0.07813850582605206,0.09408889858834264,0.0009424290674647867,0.09416846998578995,0.07607356130533194,0.11415683166039695,0.06688423589580163,0.05811649531392602,0.07043846929735217,0.11160838838590703,0.044611838542356855,0.10252662019903928,0.10429794225810939,0.1544753363452846,0.05558088680502823
C:\Users\damba\.cache\kagglehub\datasets\salmaneunus\mechanical-tools-dataset\versions\20\Mechanical Tools Image dataset\Mechanical Tools Image dataset\Toolbox\000015.jpg,Toolbox,exito,0.31830988618379047,0.021595679955589673,0.04568701913149362,0.04145340358474155,0.04787979838311818,0.05549026864628886,0.07416268926000164,0.024585851708491795,0.041814888137423664,0.07429996740921657,0.08913417735972454,0.07080655715332634,0.08593968005025174,0.09652814982105724,0.07813910374397315,0.06959164577961575,0.08896980903894362,0.09454693687297737,0.07613630902525584,0.09073497130183032,0.0540249932812787,0.24727645941573229,0.10833332394978956,0.17472149128996692,0.09640722930316033
C:\Users\damba\.cache\kagglehub\datasets\salmaneunus\mechanical-tools-dataset\versions\20\Mechanical Tools Image dataset\Mechanical Tools Image dataset\Toolbox\000016.jpg,Toolbox,exito,0.3183098861837906,0.01792605737799682,0.0025969824120889006,0.03223572327446791,0.041474866211860625,0.07208709840555003,0.04874234964610258,0.050408286145165106,0.09176000319862147,0.0591376365837901,0.13455191690712562,0.17293869723353164,0.1593289051761216,0.07188273895414911,0.08384624171949735,0.05203987503775063,0.030302976584788303,0.18169324727917163,0.23142715893109786,0.03978399095753446,0.28910655275759617,0.12489626094286826,0.10372487572808296,0.10749330651883471,0.27902617508295746
C:\Users\damba\.cache\kagglehub\datasets\salmaneunus\mechanical-tools-dataset\versions\20\Mechanical Tools Image dataset\Mechanical Tools Image dataset\Toolbox\000017.jpg,Toolbox,exito,0.3183098861837905,0.12854051176890824,0.050706293335156916,0.056697033442322055,0.0787636212400743,0.10701148389001881,0.0591513213579274,0.09128820393732469,0.08032968582581738,0.08434226952549746,0.08578852193268915,0.11477022469480042,0.0050528288540074955,0.03016361016734672,0.06595729418958395,0.03755326955751936,0.043094814085627146,0.1614902632568251,0.019403378540822358,0.0910076484422742,0.12006595154247317,0.07039060074323027,0.05015506755341094,0.13985814253270124,0.04989859475561957
C:\Users\damba\.cache\kagglehub\datasets\salmaneunus\mechanical-tools-dataset\versions\20\Mechanical Tools Image dataset\Mechanical Tools Image dataset\Toolbox\000018.jpg,Toolbox,exito,0.31830988618379047,0.0034379246079141415,0.08032322665816864,0.030057169928631722,0.014708001885609936,0.041306080301350565,0.1108654948546975,0.04709833801356065,0.0811246531639425,0.048445375915086145,0.05832329988022121,0.0520067355833406,0.08543990245314927,0.05635670379195851,0.19863420603878926,0.07131685958781184,0.09636192192619866,0.09013463632330068,0.067046718380603,0.08325959569995448,0.009014571696139773,0.049588497685936414,0.31507652200702935,0.08667376875582704,0.1867491342736291
C:\Users\damba\.cache\kagglehub\datasets\salmaneunus\mechanical-tools-dataset\versions\20\Mechanical Tools Image dataset\Mechanical Tools Image dataset\Toolbox\000019.jpg,Toolbox,exito,0.3183098861837906,0.028911083843576314,0.013384133050069313,0.009894047557738348,0.06322921674897382,0.08452975921980435,0.034963322671297564,0.013087384292693748,0.05932314293619526,0.0955177981178077,0.11538396202245704,0.07802321206761932,0.06961912253637526,0.08034857930695324,0.073425936012549,0.055529506722783416,0.08868603248898378,0.08509036074018778,0.05828963466484433,0.05272105929173286,0.10160954497430194,0.15827864416009121,0.06752174822469881,0.1377483333330466,0.06986109977619923
C:\Users\damba\.cache\kagglehub\datasets\salmaneunus\mechanical-tools-dataset\versions\20\Mechanical Tools Image dataset\Mechanical Tools Image dataset\Toolbox\000020.jpg,Toolbox,exito,0.31830988618379047,0.02282375603150934,0.030293134917003216,0.003111322833921685,0.04580184312345386,0.06661385906329427,0.004739139950716923,0.016410926027625162,0.0817757735136519,0.06911377156386374,0.11630498488766562,0.11369261727531313,0.12017468717600134,0.0539325906031306,0.013245372970768953,0.03040477657643662,0.09733384043561637,0.15427846881352641,0.1464264495777506,0.13333829279114584,0.25826718401584875,0.1146315179694189,0.1696125606956497,0.1016185744483433,0.39192703213965613
C:\Users\damba\.cache\kagglehub\datasets\salmaneunus\mechanical-tools-dataset\versions\20\Mechanical Tools Image dataset\Mechanical Tools Image dataset\Toolbox\000021.jpg,Toolbox,exito,0.31830988618379047,0.022318918770927714,0.030400528868330563,0.003368008999055153,0.04417131371474615,0.06656267058065442,0.0039016522355941655,0.01649361049355931,0.08358943403906166,0.06655448364319617,0.11921731705757202,0.11626750257828794,0.11760320918451346,0.05554999014939493,0.016973968562644406,0.03496027662681717,0.09767402329085453,0.1597410871266549,0.1511954467172783,0.13293904498782982,0.2561306833130417,0.11783146695380868,0.14051537997522107,0.11351737848042552,0.38588317349781365
C:\Users\damba\.cache\kagglehub\datasets\salmaneunus\mechanical-tools-dataset\versions\20\Mechanical Tools Image dataset\Mechanical Tools Image dataset\Toolbox\000022.jpg,Toolbox,exito,0.3183098861837906,0.032782938211422225,0.012258483427806019,0.009644870992347543,0.07182514797020326,0.08414513971594213,0.02824912964945287,0.01843901004301049,0.06340266392018183,0.10951131360822584,0.11920233535105196,0.08159912636457459,0.04811001866194681,0.10138878031620731,0.09147608970368974,0.06100745027365417,0.11226852804723414,0.1034020910528142,0.07420295257321032,0.05727325316908252,0.05625631546641025,0.2032636835115799,0.09959005561613381,0.15544040938898818,0.06616920519231188
C:\Users\damba\.cache\kagglehub\datasets\salmaneunus\mechanical-tools-dataset\versions\20\Mechanical Tools Image dataset\Mechanical Tools Image dataset\Toolbox\000023.jpg,Toolbox,exito,0.31830988618379047,0.013900687538126639,0.03183735992968787,0.0024693731694910973,0.030846138621059407,0.06651829403496624,0.0027850594042234515,0.006387004112953551,0.08276110103971562,0.04546902136438167,0.11581002287487582,0.11577795780548071,0.09927216770439455,0.022662660101773806,0.007128353928315356,0.02719361411334063,0.04136500847224511,0.14787689968355752,0.14966980367540825,0.1304472229355087,0.21142691197981486,0.052264282309991715,0.15197402380677946,0.05464248734967047,0.38622536580495764
C:\Users\damba\.cache\kagglehub\datasets\salmaneunus\mechanical-tools-dataset\versions\20\Mechanical Tools Image dataset\Mechanical Tools Image dataset\Toolbox\000024.jpg,Toolbox,exito,0.31830988618379047,0.0018389468183681518,0.0802834654039233,0.03003443150308519,0.01596356391389659,0.041616712447992844,0.1109610277583823,0.047308906761542965,0.08051994364710234,0.05217465861476996,0.05806536507535951,0.05369817849802194,0.08678629084652349,0.05605242331561807,0.19758445835382263,0.07251825943581161,0.10188875324435241,0.08854860053114033,0.07779006940905352,0.08478949732010078,0.014112858654978128,0.04611367673717052,0.3155440939146552,0.09284351174410853,0.18905711423082946
C:\Users\damba\.cache\kagglehub\datasets\salmaneunus\mechanical-tools-dataset\versions\20\Mechanical Tools Image dataset\Mechanical Tools Image dataset\Toolbox\000025.jpg,Toolbox,exito,0.31830988618379047,0.020376709382991267,0.030791298304454158,0.0018657485866170067,0.04302915020976563,0.06661868877955181,0.002912334965475643,0.005971882384184456,0.07858166090855019,0.06359350995003031,0.10982064524508388,0.10975624837199832,0.11538676493489429,0.01856503235571352,0.021494525807555846,0.017145585004824146,0.06602410798859851,0.13977232669870096,0.14036014359478363,0.1322754604518272,0.23935644378048224,0.040273413796084505,0.2173430608223536,0.03687745288196396,0.4008691884977743
C:\Users\damba\.cache\kagglehub\datasets\salmaneunus\mechanical-tools-dataset\versions\20\Mechanical Tools Image dataset\Mechanical Tools Image dataset\Toolbox\000026.jpg,Toolbox,exito,0.3183098861837905,0.020992326704036772,0.0191086842107459,0.03594269100408803,0.0266547263528434,0.04430354396853427,0.006700382018820283,0.061027097200810565,0.044888748959400045,0.010522166792402258,0.04798248511902904,0.0930055708287561,0.05927494079662331,0.08209810992028334,0.11773853363687403,0.08656935111147197,0.023686901394827743,0.009001192255799602,0.054829613096971895,0.10289083768005172,0.16417989323574073,0.08628140169380002,0.21037664867533712,0.10494940679132413,0.11919577184701366
C:\Users\damba\.cache\kagglehub\datasets\salmaneunus\mechanical-tools-dataset\versions\20\Mechanical Tools Image dataset\Mechanical Tools Image dataset\Toolbox\000027.jpg,Toolbox,exito,0.3183098861837905,0.030300294410919783,0.021358520368821098,0.03697270240314435,0.06956876546142327,0.05062215440412105,0.025916437638045454,0.07176439767590322,0.05346633251191527,0.1075066469207973,0.0905857025255006,0.08932340467076286,0.013663788857801987,0.10977034292197878,0.08078641412642151,0.10646295391858232,0.09222088330762915,0.09124500768475556,0.04338869945792746,0.09772788849074697,0.018870992071960482,0.12288432043800605,0.11307502460874223,0.12101950209976801,0.05570167433835995
C:\Users\damba\.cache\kagglehub\datasets\salmaneunus\mechanical-tools-dataset\versions\20\Mechanical Tools Image dataset\Mechanical Tools Image dataset\Toolbox\000028.jpg,Toolbox,exito,0.3183098861837906,0.049687539653400746,0.001899394537245195,0.0009702254209642622,0.10815936856816931,0.008981097368093384,0.024998915431723445,0.0010413752403757586,0.012330950692747774,0.16152951571145746,0.039198284937184365,0.16018227073537153,0.09187868222866148,0.012591261484640038,0.06660530926888045,0.17632501236485332,0.15024732163731402,0.04591008470401501,0.19247929756189075,0.055450883524100644,0.1593408812789021,0.05613439370537628,0.14037426186933438,0.20392736451383886,0.08757632637904424
C:\Users\damba\.cache\kagglehub\datasets\salmaneunus\mechanical-tools-dataset\versions\20\Mechanical Tools Image dataset\Mechanical Tools Image dataset\Toolbox\000029.jpg,Toolbox,exito,0.31830988618379047,0.03761956007985419,0.03422940637138826,0.03304287758563256,0.08286299884832453,0.049386150977146805,0.016591586675805882,0.044776934252289013,0.05665699957632171,0.1227952545983499,0.087390766545302,0.11519927294431766,0.05967989019470032,0.03457527975570151,0.08112929930302434,0.1132526428866042,0.10444435055350146,0.11070503000434558,0.14570570963175988,0.13423749889889716,0.15083888392347986,0.019739849387287716,0.15167644053324683,0.1474289432280764,0.19091331741603607
C:\Users\damba\.cache\kagglehub\datasets\salmaneunus\mechanical-tools-dataset\versions\20\Mechanical Tools Image dataset\Mechanical Tools Image dataset\Toolbox\000030.jpg,Toolbox,exito,0.3183098861837905,0.02237802770172923,0.01939189098178356,0.03575191096570309,0.0311149484738139,0.042976098030696186,0.008173479424765775,0.05824560646507178,0.042897704659227674,0.0305568529038694,0.04032214608984223,0.09540201229573565,0.05482455652629216,0.0755106690421146,0.12020979750363235,0.08995754491637795,0.053297647809493025,0.030746507375951703,0.07150871691145726,0.10848309921733446,0.1533679685565046,0.08206359487450701,0.21992174808068363,0.12156559977311901,0.1263137198430108
C:\Users\damba\.cache\kagglehub\datasets\salmaneunus\mechanical-tools-dataset\versions\20\Mechanical Tools Image dataset\Mechanical Tools Image dataset\Toolbox\000031.jpg,Toolbox,exito,0.3183098861837905,0.0013140585064996032,0.017040176210791434,0.036909255627302615,0.011060500449750554,0.04444529467920055,0.0008007714007142928,0.06501562078416863,0.04432816605618727,0.0396938253090788,0.05111747593417202,0.0950437225111057,0.06134158627273196,0.09375481937576134,0.09076831932212165,0.1029324390700011,0.062260368890494765,0.02872232067273428,0.06972311270847426,0.11358141933234397,0.14914059111351566,0.10731045253796963,0.16283526977971718,0.1470820721864824,0.09805996496867371
C:\Users\damba\.cache\kagglehub\datasets\salmaneunus\mechanical-tools-dataset\versions\20\Mechanical Tools Image dataset\Mechanical Tools Image dataset\Toolbox\000032.jpg,Toolbox,exito,0.3183098861837906,0.039043093337270705,0.006350191545730608,0.0032144281473967004,0.08728657174829173,0.008841122981753389,0.00123993347620596,0.011253079917466264,0.011582340619901803,0.12954223876621274,0.037232189733402636,0.1589769414308382,0.024623479336030502,0.017407755960510463,0.04236540174582913,0.1576012953765402,0.1005579065897241,0.03568203502508358,0.16122230989412853,0.07798098859626594,0.03573930874780947,0.014035703493373861,0.07653616650436312,0.1636776402148188,0.07755070883327239
C:\Users\damba\.cache\kagglehub\datasets\salmaneunus\mechanical-tools-dataset\versions\20\Mechanical Tools Image dataset\Mechanical Tools Image dataset\Toolbox\000033.jpg,Toolbox,exito,0.3183098861837906,0.04269537739372387,0.004943392104019478,0.00269104015397562,0.09437880311024312,0.008912834267204803,0.00877256108602683,0.009212761898856175,0.011827866525376755,0.14015638531871444,0.03811333756832236,0.15935835610398363,0.04597136809576306,0.017039453744340755,0.05047421463763462,0.16383670710331905,0.11675481340239359,0.039677291476965984,0.17113696585047447,0.07150818848332302,0.07472065030565317,0.03477819823891097,0.09748310686994577,0.17761151893167665,0.08150440572531503
C:\Users\damba\.cache\kagglehub\datasets\salmaneunus\mechanical-tools-dataset\versions\20\Mechanical Tools Image dataset\Mechanical Tools Image dataset\Toolbox\000034.jpg,Toolbox,exito,0.3183098861837905,0.019093288764931306,0.018749957819143875,0.03745926384456228,0.04489267280838625,0.04884802064549048,0.01054611374581482,0.07282513553503908,0.05097376627408839,0.07308506068416329,0.07802700960185147,0.08871917900765867,0.03310764760810785,0.11125330951046179,0.08272083638569563,0.09865757328684024,0.06163986592756835,0.05833829259522953,0.032994730879028954,0.09697460643636896,0.1035814375224642,0.12219514349747226,0.12884644501000742,0.11089664005347624,0.07445303276710775
C:\Users\damba\.cache\kagglehub\datasets\salmaneunus\mechanical-tools-dataset\versions\20\Mechanical Tools Image dataset\Mechanical Tools Image dataset\Toolbox\000035.jpg,Toolbox,exito,0.3183098861837905,0.008561415558143222,0.017377447010602714,0.03706890251591658,0.016840004163334952,0.04623375168131725,0.0018861317328927828,0.06805966671025343,0.04716655402451853,0.03460755617899778,0.06110141530618698,0.09156104604008565,0.060869128331209194,0.09906683365098438,0.09133215120402798,0.09670764602562679,0.03222057177664886,0.01809691255320392,0.0467719367460124,0.10368029999870984,0.1549858640619046,0.1057680054187526,0.15588014969800335,0.11986494315850554,0.09235672312884351
C:\Users\damba\.cache\kagglehub\datasets\salmaneunus\mechanical-tools-dataset\versions\20\Mechanical Tools Image dataset\Mechanical Tools Image dataset\Toolbox\000036.jpg,Toolbox,exito,0.0,0.0,0.0,0.0,0.0,0.0,0.0,0.0,0.0,0.0,0.0,0.0,0.0,0.0,0.0,0.0,0.0,0.0,0.0,0.0,0.0,0.0,0.0,0.0,0.0
C:\Users\damba\.cache\kagglehub\datasets\salmaneunus\mechanical-tools-dataset\versions\20\Mechanical Tools Image dataset\Mechanical Tools Image dataset\Toolbox\000037.jpg,Toolbox,exito,0.3183098861837905,0.052662375987249294,0.03010102924347235,0.03154804470772639,0.11329715143576485,0.05114249290352901,0.07358016736895763,0.04523936780874858,0.05350000494994907,0.16915273503138303,0.09737928569293904,0.10091639319777092,0.15135206020272238,0.06334553621086697,0.10817112742804229,0.1352520022229707,0.16952722749083793,0.12118533677097833,0.1285275098964393,0.1280431423311088,0.23642833440190647,0.10567523314959593,0.1823363305335307,0.21037459620455545,0.00951901114024089
C:\Users\damba\.cache\kagglehub\datasets\salmaneunus\mechanical-tools-dataset\versions\20\Mechanical Tools Image dataset\Mechanical Tools Image dataset\Toolbox\000038.jpg,Toolbox,exito,0.3183098861837906,0.04421645073491248,1.0329005441061227e-05,0.06322545406685452,0.09184267890240666,0.0612612977096998,0.03513348093949595,0.08752029194331246,0.012724370744369416,0.12863193231195957,0.1170553564422761,0.04076194452023348,0.12303837524448467,0.09287760431951793,0.03356253894267577,0.09394863511181899,0.1181941933617851,0.15197469910536412,0.057522798630177695,0.15438542638082164,0.2340964149541117,0.11793914659951284,0.09786304265875868,0.20671317781344997,0.12245170567728957
C:\Users\damba\.cache\kagglehub\datasets\salmaneunus\mechanical-tools-dataset\versions\20\Mechanical Tools Image dataset\Mechanical Tools Image dataset\Toolbox\000039.jpg,Toolbox,exito,0.31830988618379064,0.013003366903924184,0.05149060299981912,0.030870309307636682,0.012004356383851113,0.0005486569627048112,0.0638387875306387,0.046839138152746596,0.0464975107520531,0.020389936294281222,0.021096412021817217,0.08996728584726467,0.0232210031160853,0.05428408226024773,0.16111382530648496,0.1481041057725475,0.06295756290283652,0.09231512752456729,0.05933426760121613,0.15013594284008192,0.060845970611647614,0.05487695912380425,0.2763683289812835,0.18302412023520556,0.1132242013985855
C:\Users\damba\.cache\kagglehub\datasets\salmaneunus\mechanical-tools-dataset\versions\20\Mechanical Tools Image dataset\Mechanical Tools Image dataset\Toolbox\000040.jpg,Toolbox,exito,0.3183098861837906,0.022992646259543132,0.014831727047274505,0.009729999529335974,0.050126501642758205,0.08498577323652949,0.04348696205367657,0.01108544163073953,0.05413866032934125,0.0769751560604927,0.11097875633609375,0.07448881099581066,0.09600579748477751,0.06453996017992787,0.051937784375268053,0.04908523589893249,0.06790530513894197,0.06613457431027851,0.04334137356310629,0.04830372945044555,0.1525095589275799,0.12287009859280407,0.04194911475378901,0.12005222547465118,0.0729387121792661
C:\Users\damba\.cache\kagglehub\datasets\salmaneunus\mechanical-tools-dataset\versions\20\Mechanical Tools Image dataset\Mechanical Tools Image dataset\Toolbox\000041.jpg,Toolbox,exito,0.31830988618379064,0.01879756381865298,0.050708416114783036,0.05611705602532884,0.026806455407854774,0.06535821127245005,0.05982130614563491,0.09250073397210054,0.03636328161715949,0.028772273039758146,0.08267410846635247,0.028804817722983916,0.011543739947130822,0.12154437314979759,0.14351662937976375,0.02066216756108231,0.04947255214636306,0.060278936075468886,0.025184317427071803,0.01544522212015845,0.08691749956369957,0.12824133959154876,0.247648810221126,0.015347449996489845,0.14903117464367807
C:\Users\damba\.cache\kagglehub\datasets\salmaneunus\mechanical-tools-dataset\versions\20\Mechanical Tools Image dataset\Mechanical Tools Image dataset\Toolbox\000042.jpg,Toolbox,exito,0.3183098861837905,0.02017416360225147,0.018949966692720786,0.03599537775932844,0.05002373135032962,0.046502544305209406,0.013927861154619222,0.06331022408090442,0.046437746834786804,0.08319277839662538,0.06632912681690221,0.0967990097088626,0.016845266226034588,0.09733115711116684,0.07397341153999003,0.11722377289048191,0.0851675977997031,0.03656574498483285,0.0856601125908571,0.12077536912256413,0.06496574163198174,0.12144725757317504,0.11183863726387247,0.17683132592208486,0.06636216885260457
C:\Users\damba\.cache\kagglehub\datasets\salmaneunus\mechanical-tools-dataset\versions\20\Mechanical Tools Image dataset\Mechanical Tools Image dataset\Toolbox\000043.jpg,Toolbox,exito,0.3183098861837905,0.034527849731518345,0.022650019208110966,0.03410614717322379,0.07787812959684812,0.0472398428106709,0.03473597472170996,0.057394210397646465,0.04673415625050867,0.12257141986888395,0.07345856505607264,0.10088670399700404,0.045466062985213315,0.10241673720117046,0.07724075037097045,0.13075446148686515,0.13981619579256438,0.05532460154509417,0.11737259927768574,0.13396158990828447,0.0554431768698589,0.1614769114107314,0.10814652631112619,0.21981584602635942,0.0479317857178489
C:\Users\damba\.cache\kagglehub\datasets\salmaneunus\mechanical-tools-dataset\versions\20\Mechanical Tools Image dataset\Mechanical Tools Image dataset\Toolbox\000044.jpg,Toolbox,exito,0.0,0.0,0.0,0.0,0.0,0.0,0.0,0.0,0.0,0.0,0.0,0.0,0.0,0.0,0.0,0.0,0.0,0.0,0.0,0.0,0.0,0.0,0.0,0.0,0.0
C:\Users\damba\.cache\kagglehub\datasets\salmaneunus\mechanical-tools-dataset\versions\20\Mechanical Tools Image dataset\Mechanical Tools Image dataset\Toolbox\000045.jpg,Toolbox,exito,0.3183098861837906,0.020566480359184763,0.015329740173345293,0.009609686413088389,0.04428970377071407,0.08518082367621793,0.04658377113272003,0.010789446509202799,0.05179054917251264,0.06880135002764393,0.10914668634760533,0.07304744806983218,0.10594787298069501,0.05861493206489941,0.04274855903995303,0.04627400737726811,0.06046376082212706,0.0588472644128621,0.037856629521137594,0.04654946015815822,0.1716515588109696,0.10984063414211583,0.040569464914340964,0.11282252501350776,0.07432320247031021
C:\Users\damba\.cache\kagglehub\datasets\salmaneunus\mechanical-tools-dataset\versions\20\Mechanical Tools Image dataset\Mechanical Tools Image dataset\Toolbox\000046.jpg,Toolbox,exito,0.3183098861837905,0.002183008558833737,0.017054496108199584,0.03691642173996731,0.010089172478453935,0.04478584788145177,0.0007556730811906194,0.06545033266865789,0.04485611156757669,0.036739736774197194,0.052977917418654555,0.09441718092407735,0.061973723308463215,0.09424366407372894,0.090635189157012,0.10181099991986561,0.0548728977186077,0.023869438136152082,0.0654654373056622,0.11173231596197239,0.15187927744890667,0.10571361930000966,0.16067470801280928,0.14185912622307842,0.09668506734259615
C:\Users\damba\.cache\kagglehub\datasets\salmaneunus\mechanical-tools-dataset\versions\20\Mechanical Tools Image dataset\Mechanical Tools Image dataset\Toolbox\000047.jpg,Toolbox,exito,0.3183098861837906,0.043543453770052316,0.004598741567199756,0.002715302482755025,0.09601851578722366,0.008933168621475555,0.010590338292640153,0.00988991288454684,0.011877650270802086,0.1427685088487068,0.038354214928058974,0.1594298742894171,0.05113178678119415,0.02170700790802382,0.05223665150313945,0.16515627942264527,0.121701911405993,0.04079459940215492,0.17341775325868153,0.07074253014411293,0.0846247769459061,0.04492393961436414,0.1022918335584868,0.18177313616020782,0.0824805772842696
C:\Users\damba\.cache\kagglehub\datasets\salmaneunus\mechanical-tools-dataset\versions\20\Mechanical Tools Image dataset\Mechanical Tools Image dataset\Toolbox\000048.jpg,Toolbox,exito,0.3183098861837906,0.005733797076826439,0.01716806048185078,0.008609167524798594,0.02368685132918066,0.08509215701053108,0.05523278355780379,0.010819186350502774,0.051166356483284554,0.054971024156262156,0.10744205171821705,0.07460110747636195,0.12630541890935482,0.07083737775145486,0.03685032581642498,0.04590485232530045,0.06692244182012672,0.05262403160823669,0.04264016229596318,0.04831929090853426,0.1986098349260481,0.13490078221244878,0.010399577156888053,0.11669234614924293,0.07027334796546254
C:\Users\damba\.cache\kagglehub\datasets\salmaneunus\mechanical-tools-dataset\versions\20\Mechanical Tools Image dataset\Mechanical Tools Image dataset\Toolbox\000049.jpg,Toolbox,exito,0.3183098861837906,0.03864205461566359,0.010286408264684811,0.008959874693640115,0.0841457766343906,0.08365112781796828,0.01695751094194054,0.030349990832889535,0.0690333593627855,0.13093734829729206,0.1256852632843281,0.08721267615157488,0.012413927175240251,0.14013078407776325,0.11826714691212324,0.06912638511995423,0.155540124173333,0.1367456816512151,0.1007404452554501,0.06462624124313796,0.022861254544206486,0.2858443513007878,0.15662157130398818,0.1848222774344009,0.06000877416549843
C:\Users\damba\.cache\kagglehub\datasets\salmaneunus\mechanical-tools-dataset\versions\20\Mechanical Tools Image dataset\Mechanical Tools Image dataset\Toolbox\000050.jpg,Toolbox,exito,0.31830988618379064,0.010552915838603832,0.049568091622882365,0.056644998337240494,0.012975196904240824,0.06832911444159619,0.05578474078695855,0.09867634684548418,0.03192607521575943,0.027020527831784703,0.09180562473487915,0.026105223134505456,0.0060489749120786985,0.13757765701465388,0.12667548648443872,0.023144224178638498,0.05189207076800485,0.06884427389086124,0.03831124222113912,0.01311882011738515,0.08849586156891451,0.15169319161859465,0.22213105853750856,0.013123168634326847,0.1473536143023386
C:\Users\damba\.cache\kagglehub\datasets\salmaneunus\mechanical-tools-dataset\versions\20\Mechanical Tools Image dataset\Mechanical Tools Image dataset\Toolbox\000051.jpg,Toolbox,exito,0.3183098861837905,0.02071936750487225,0.08367582372643252,0.07642484045085005,0.039618347796076266,0.009868668741571584,0.13475548632944467,0.06815493599109602,0.01768936784536331,0.04447932219931365,0.024209464252537755,0.003549411368522211,0.16137649976055388,0.036835005462533064,0.015115001047677816,0.011225282112574326,0.009308853654077345,0.023197909241143434,0.0017236772859051256,0.002987201816066778,0.12833608212226427,0.19935556475007057,0.04782661290400312,0.11279049591186656,0.09745656248295229
C:\Users\damba\.cache\kagglehub\datasets\salmaneunus\mechanical-tools-dataset\versions\20\Mechanical Tools Image dataset\Mechanical Tools Image dataset\Toolbox\000052.jpg,Toolbox,exito,0.31830988618379064,0.01871266431765661,0.05069340904248062,0.05664922953908255,0.03520080587878687,0.06666726529204771,0.06104037218085344,0.09708020524136975,0.03515656636491064,0.06383975324770383,0.08874930395227301,0.027583653059271112,0.0196622212421753,0.13637751359610115,0.13896079633365332,0.02215737176823067,0.10924822815220236,0.08943026580438733,0.04091414342013455,0.015018079950529745,0.06017378707158863,0.16239068875128732,0.24772079835470442,0.017181374491260233,0.14809985604243978
C:\Users\damba\.cache\kagglehub\datasets\salmaneunus\mechanical-tools-dataset\versions\20\Mechanical Tools Image dataset\Mechanical Tools Image dataset\Toolbox\000053.jpg,Toolbox,exito,0.3183098861837906,0.019933852251922474,0.0026845226703379097,0.08470043274619844,0.03987818276981378,0.07914391562591809,0.048782805527210524,0.1121079003775929,0.12137696091005357,0.04113447614973387,0.1481761790113845,0.10915833561226908,0.16127828032132413,0.0878910784143928,0.11305276684188502,0.04191410221476221,0.029814526703975816,0.20233257865728926,0.16239109035916788,0.06413870701994197,0.3114971092342679,0.019047966191202945,0.08105386930177795,0.1647284240012481,0.09509133491859822
C:\Users\damba\.cache\kagglehub\datasets\salmaneunus\mechanical-tools-dataset\versions\20\Mechanical Tools Image dataset\Mechanical Tools Image dataset\Toolbox\000054.jpg,Toolbox,exito,0.3183098861837906,0.04338308152486065,0.0003336883633350253,0.06471961175518205,0.09282241666534657,0.061280383957165306,0.03316898322093664,0.09426633511001314,0.011944469867846896,0.13374474711624712,0.1166003971753124,0.04103400412900905,0.11614760440489472,0.10014313192241843,0.03992302750074149,0.09067812394027301,0.11255091213363257,0.14976304648550107,0.04741349907602815,0.14570827557047064,0.21438425339574768,0.08700698561250515,0.11196671652566272,0.18143096160843852,0.10745770998790512
C:\Users\damba\.cache\kagglehub\datasets\salmaneunus\mechanical-tools-dataset\versions\20\Mechanical Tools Image dataset\Mechanical Tools Image dataset\Toolbox\000055.jpg,Toolbox,exito,0.3183098861837906,0.045917593695914895,0.003597862924323626,0.002634213989563984,0.10065330789305228,0.008979945699840317,0.015890340722520126,0.010688054548393142,0.012030213012021864,0.15011153523120108,0.0389410816647044,0.15966059310281946,0.06616906481090208,0.028597167160120368,0.05736572080087325,0.16907578264052286,0.13474411897642785,0.04376697284095919,0.180171200581991,0.06754989028526474,0.11313597783705169,0.062481179788612326,0.11613821153769961,0.1924405555405706,0.08497810781199464
C:\Users\damba\.cache\kagglehub\datasets\salmaneunus\mechanical-tools-dataset\versions\20\Mechanical Tools Image dataset\Mechanical Tools Image dataset\Toolbox\000056.jpg,Toolbox,exito,0.3183098861837906,0.03261069971268508,0.004191410330392278,0.06441674629772778,0.07154574073747907,0.05672207143490476,0.013208399591073934,0.09038699291604722,0.017355515607703337,0.10468212458095473,0.10200643472342512,0.042403538753774374,0.06274626569800919,0.10397900614167166,0.0219941046226511,0.091557988661916,0.10086612461009407,0.11789227561172762,0.05537913453960131,0.1516841100217641,0.12748353699319312,0.13895361511364218,0.06094711666833623,0.1968132144759342,0.125207362836047
C:\Users\damba\.cache\kagglehub\datasets\salmaneunus\mechanical-tools-dataset\versions\20\Mechanical Tools Image dataset\Mechanical Tools Image dataset\Toolbox\000057.jpg,Toolbox,exito,0.3183098861837906,0.038112938848541104,0.010477789112453275,0.008662084147514225,0.08328030885279906,0.08365161232125037,0.01780336117594508,0.03213531771520666,0.06917161268801848,0.130761132601904,0.1260006155322574,0.08767043974645244,0.014000523766101993,0.14540223650144424,0.11919181785006236,0.06945663783085769,0.15855908744561115,0.13861598225739527,0.10240946991387397,0.06519552080180788,0.022754871368684603,0.2955295827930149,0.1585888246193206,0.1870544925425229,0.05865952632449212
C:\Users\damba\.cache\kagglehub\datasets\salmaneunus\mechanical-tools-dataset\versions\20\Mechanical Tools Image dataset\Mechanical Tools Image dataset\Toolbox\000058.jpg,Toolbox,exito,0.3183098861837906,0.020827951202894813,0.015278735928353677,0.008460025339398982,0.05052986584563216,0.08446523455443002,0.043752613980259876,0.02047735205241472,0.059263733347358495,0.08695246003594284,0.11478468825343394,0.08022628880523876,0.08945989151854812,0.10424140798371503,0.07322797680042731,0.05609470230356546,0.09934074881048209,0.08428932701578314,0.06509414261136674,0.05528850524780098,0.12405253447489113,0.20059762351349264,0.06023963524206467,0.1456895997142629,0.0635805602676743
C:\Users\damba\.cache\kagglehub\datasets\salmaneunus\mechanical-tools-dataset\versions\20\Mechanical Tools Image dataset\Mechanical Tools Image dataset\Toolbox\000059.jpg,Toolbox,exito,0.31830988618379064,0.36006498771596707,0.184410882399435,0.09962749286152818,0.10999374677771603,0.1981754289068571,0.0987228946830721,0.2561805474551712,0.21601861882882895,0.1417273955675575,0.17449358594369407,0.053533959554247834,0.05273542559675943,0.17422916833382918,0.10020292984375836,0.0974066619717996,0.20225940166903192,0.09784330607260815,0.12884835824440874,0.07549597584047193,0.20636622283499262,0.24612698612567988,0.18456676999469787,0.051450351139598914,0.29219374855475244
C:\Users\damba\.cache\kagglehub\datasets\salmaneunus\mechanical-tools-dataset\versions\20\Mechanical Tools Image dataset\Mechanical Tools Image dataset\Toolbox\000060.jpg,Toolbox,exito,0.3183098861837907,0.03893139076824183,0.30536501483969014,0.19180553513222381,0.07787020849251566,0.07802391611362426,0.05549299274594596,0.1142080476911292,0.08831839038006974,0.11695882114231194,0.11651110751664258,0.11783268494628944,0.16493221538734051,0.050994779941859934,0.1558895036184126,0.07244868937420539,0.15140076917044526,0.15114640306846044,0.1528391995317979,0.15705336241863802,0.22153547761831377,0.4192016039570964,0.12283047007636386,0.3524559412795412,0.13415674692009158
C:\Users\damba\.cache\kagglehub\datasets\salmaneunus\mechanical-tools-dataset\versions\20\Mechanical Tools Image dataset\Mechanical Tools Image dataset\Toolbox\000061.jpg,Toolbox,exito,0.31830988618379047,0.035768843345821894,0.03486944844453351,0.03339747278931448,0.08000209037660712,0.04893023870724471,0.020017260763500064,0.045850984260836676,0.05579607023427491,0.11966907423280548,0.08479964008443096,0.11570538617362484,0.04991722015999788,0.03700064229243665,0.07758803949159838,0.11109342508347964,0.09954818046703541,0.10456828308267553,0.1432371017219695,0.13659341746700063,0.13256380840877893,0.01892645103337663,0.14236464773100832,0.14200974618172452,0.1866775909402333
C:\Users\damba\.cache\kagglehub\datasets\salmaneunus\mechanical-tools-dataset\versions\20\Mechanical Tools Image dataset\Mechanical Tools Image dataset\Toolbox\000062.jpg,Toolbox,exito,0.3183098861837905,0.011254499502575534,0.01762892799663524,0.03661617128819734,0.010867833728083538,0.043731103268710034,0.0017458234336894124,0.06291080334691485,0.04367213447684836,0.025530425217002405,0.0456713632321429,0.09484685321097328,0.06470388205156515,0.0871449776267362,0.10391461390247954,0.09640620694636569,0.05517625749086524,0.02992414620667292,0.06749234282295387,0.11068692129136087,0.161556969538561,0.09747595569070606,0.1892869816986472,0.13377485439542383,0.11154437188607083
C:\Users\damba\.cache\kagglehub\datasets\salmaneunus\mechanical-tools-dataset\versions\20\Mechanical Tools Image dataset\Mechanical Tools Image dataset\Toolbox\000063.jpg,Toolbox,exito,0.3183098861837905,0.0447599304730656,0.053219690821649915,0.06730698529603661,0.026086924124551998,0.06326748308096579,0.13247803699999777,0.04744224335098527,0.12748043885557356,0.06379731210031948,0.05497315365982047,0.03177837527044352,0.154240795623942,0.06112435535920703,0.18523422096950506,0.04493455781863075,0.12988858496898137,0.05681694732849156,0.0633579179518331,0.06935489550604562,0.04551407799638901,0.06253958496321965,0.2733949456383408,0.1032615994071613,0.19971187642756277
C:\Users\damba\.cache\kagglehub\datasets\salmaneunus\mechanical-tools-dataset\versions\20\Mechanical Tools Image dataset\Mechanical Tools Image dataset\Toolbox\000064.jpg,Toolbox,exito,0.3183098861837906,0.011341270404957715,0.016716858730180202,0.008841583786633892,0.030352236360168434,0.08509037836102248,0.053031697339487927,0.010573926302506226,0.05155808902864255,0.05913672563421642,0.10799826236504785,0.07441272251057875,0.1208679438711246,0.06859442548849762,0.03929751642996122,0.04629403253148408,0.06605764922579607,0.054694854754925415,0.04214388907685787,0.048113014544408826,0.19092592154293553,0.13070381831049582,0.02036653909775015,0.11661723311725253,0.07103006937190816
C:\Users\damba\.cache\kagglehub\datasets\salmaneunus\mechanical-tools-dataset\versions\20\Mechanical Tools Image dataset\Mechanical Tools Image dataset\Toolbox\000065.jpg,Toolbox,exito,0.3183098861837905,0.009888549740828676,0.01749283258617111,0.03697360155288217,0.013183475811658234,0.04589403808182014,0.0016452768913010846,0.06737736578279772,0.04681124114234123,0.02573801545478409,0.058614992961248454,0.09149669078662304,0.06382727424812533,0.09729244062379795,0.096568701479412,0.0940123991075895,0.028460197602407224,0.013603085061081106,0.04562148779734312,0.10284650834941439,0.16228946766052965,0.10383534319776687,0.16732147272127543,0.11490371814214317,0.09800513990122733
C:\Users\damba\.cache\kagglehub\datasets\salmaneunus\mechanical-tools-dataset\versions\20\Mechanical Tools Image dataset\Mechanical Tools Image dataset\Toolbox\000066.jpg,Toolbox,exito,0.31830988618379047,0.026631948384396528,0.02940561848943649,0.0009497587097681782,0.05448618689281972,0.06666936703947675,0.010098424630941634,0.0013039959106917877,0.07483452161479352,0.08084450957472905,0.10458437476444311,0.10465970176526784,0.13550798284025387,0.0013776416581940867,0.04313542382936173,0.007562053968878191,0.09534041758691617,0.1348989623022847,0.1353729945440182,0.13306445376720802,0.27823100235827747,0.0024153734054887612,0.2732283353981443,0.009914198320293145,0.41399387955275446
C:\Users\damba\.cache\kagglehub\datasets\salmaneunus\mechanical-tools-dataset\versions\20\Mechanical Tools Image dataset\Mechanical Tools Image dataset\Toolbox\000067.jpg,Toolbox,exito,0.3183098861837905,0.03560649781772559,0.023006512752821423,0.03485359276960951,0.07943314375623278,0.049706020729086836,0.03574923214281843,0.06002286010660146,0.05137493900824099,0.11780683521951683,0.08646671028638904,0.09557361451916564,0.04371111080145304,0.08537223298554963,0.08243970063102364,0.12059415475205561,0.09174937688693555,0.08192716409019765,0.08434459225376116,0.11478640357875734,0.03450151363309004,0.09449490550446424,0.11225095231833768,0.16721145489141617,0.03968181762222008
C:\Users\damba\.cache\kagglehub\datasets\salmaneunus\mechanical-tools-dataset\versions\20\Mechanical Tools Image dataset\Mechanical Tools Image dataset\Toolbox\000068.jpg,Toolbox,exito,0.3183098861837905,0.021520536232989124,0.019214504200704047,0.03783204900754953,0.049371517225862284,0.04949898302910648,0.012556184553972177,0.07580390979162431,0.05214961931633605,0.08090756830810691,0.08189953660952021,0.08684184006308972,0.028353217596309124,0.11963528401620148,0.0855652450179114,0.09504992130697336,0.08009980259358036,0.07075858144438296,0.021605201997417202,0.09227140068389367,0.09380677412408883,0.13822612211400545,0.13596440171067717,0.09923031261493195,0.07619135897958006
C:\Users\damba\.cache\kagglehub\datasets\salmaneunus\mechanical-tools-dataset\versions\20\Mechanical Tools Image dataset\Mechanical Tools Image dataset\Toolbox\000069.jpg,Toolbox,exito,0.31830988618379064,0.017758244714437727,0.05052937761255208,0.05632217020958061,0.027213300911962075,0.06601569342689852,0.05942701001011237,0.09437819062734827,0.03555800118809708,0.03876922390896844,0.08512487258054341,0.028179750253184383,0.01225203859171244,0.1270488605569208,0.1404746125073722,0.021324278894720747,0.06770232642365122,0.06860861155010316,0.03090451724964751,0.01507861968139859,0.08184428721081762,0.13915526243591378,0.24458328461739232,0.01563028123905551,0.14860033498557323
C:\Users\damba\.cache\kagglehub\datasets\salmaneunus\mechanical-tools-dataset\versions\20\Mechanical Tools Image dataset\Mechanical Tools Image dataset\Toolbox\000070.jpg,Toolbox,exito,0.3183098861837905,0.03058704348363542,0.03658038610094181,0.05037716296133205,0.06499196278977241,0.0991538917716645,0.10747692814018242,0.0649041306565609,0.061635416768057914,0.09184542876212343,0.1763549761812027,0.10099281666917383,0.24605971169777835,0.04436688936608179,0.018906969916776394,0.10665382877003779,0.07666260877809607,0.24082355062590735,0.1376384536695916,0.07999312764192282,0.41289020607493004,0.007692923664697978,0.07281678945044669,0.22850562148282522,0.17575273905977673
C:\Users\damba\.cache\kagglehub\datasets\salmaneunus\mechanical-tools-dataset\versions\20\Mechanical Tools Image dataset\Mechanical Tools Image dataset\Toolbox\000071.jpg,Toolbox,exito,0.3183098861837906,0.031032298634833054,0.012784939645763226,0.006842716546766976,0.07083892315341005,0.08385355621480518,0.029142706035078403,0.0385499231474247,0.06769467177452937,0.11978272006643428,0.12507187148866283,0.08829167777822694,0.04198956001388952,0.1628877812975504,0.11358636670205674,0.06806966959140534,0.15852644216600253,0.13486632591632977,0.10155701754823256,0.0657511015877483,0.0157226498882417,0.3207812386230433,0.14481875283014523,0.18849565244110028,0.05165296003527003
C:\Users\damba\.cache\kagglehub\datasets\salmaneunus\mechanical-tools-dataset\versions\20\Mechanical Tools Image dataset\Mechanical Tools Image dataset\Toolbox\000072.jpg,Toolbox,exito,0.3183098861837906,0.03569266424792749,0.011319562338690185,0.00878518715215214,0.0784731409189841,0.08379917048533397,0.02240150352903964,0.028715920526222922,0.06738733647487698,0.12307629414653157,0.12375460900025863,0.08599838106165279,0.02782218918774256,0.1342597160799278,0.11055513578939774,0.06687143606977572,0.14428686853381323,0.1270236970370518,0.09397973823752502,0.06295029790967674,0.006535591602371045,0.2706418589522781,0.13895790629211077,0.17781257751744908,0.06016444347371728
C:\Users\damba\.cache\kagglehub\datasets\salmaneunus\mechanical-tools-dataset\versions\20\Mechanical Tools Image dataset\Mechanical Tools Image dataset\Toolbox\000073.jpg,Toolbox,exito,0.31830988618379047,0.04655388122362773,0.037671761650970546,0.04424610992544762,0.09389036793859543,0.059379663868236635,0.0339696114541239,0.03984990711695521,0.04400506268712948,0.12399872153791984,0.10553720636715401,0.07247403995481493,0.01711964609251757,0.04366344196868102,0.09832178398535163,0.07072370845333632,0.0959630324294771,0.1302109812786182,0.07755720028578411,0.09390720130862916,0.10220691199756228,0.15566956458244935,0.15855288309209276,0.1884726970110173,0.0691263186366678
C:\Users\damba\.cache\kagglehub\datasets\salmaneunus\mechanical-tools-dataset\versions\20\Mechanical Tools Image dataset\Mechanical Tools Image dataset\Toolbox\000074.jpg,Toolbox,exito,0.0,0.0,0.0,0.0,0.0,0.0,0.0,0.0,0.0,0.0,0.0,0.0,0.0,0.0,0.0,0.0,0.0,0.0,0.0,0.0,0.0,0.0,0.0,0.0,0.0
C:\Users\damba\.cache\kagglehub\datasets\salmaneunus\mechanical-tools-dataset\versions\20\Mechanical Tools Image dataset\Mechanical Tools Image dataset\Toolbox\000075.jpg,Toolbox,exito,0.3183098861837905,0.007948876092665211,0.01732978965375509,0.03677537992263156,0.00910318483752479,0.04368396123864465,0.0010713943186865405,0.06351984279435052,0.04346050236190268,0.03335963246798816,0.045908047654624626,0.09536847881361188,0.06391483754333982,0.08934820357745346,0.09929234266893629,0.09958223865420915,0.06379573874922916,0.03437041109818457,0.0713758882793071,0.11310827104875372,0.15625579401517312,0.10244648159380487,0.1819323148101471,0.1426411095517352,0.10813915979804774
C:\Users\damba\.cache\kagglehub\datasets\salmaneunus\mechanical-tools-dataset\versions\20\Mechanical Tools Image dataset\Mechanical Tools Image dataset\Toolbox\000076.jpg,Toolbox,exito,0.0,0.0,0.0,0.0,0.0,0.0,0.0,0.0,0.0,0.0,0.0,0.0,0.0,0.0,0.0,0.0,0.0,0.0,0.0,0.0,0.0,0.0,0.0,0.0,0.0
C:\Users\damba\.cache\kagglehub\datasets\salmaneunus\mechanical-tools-dataset\versions\20\Mechanical Tools Image dataset\Mechanical Tools Image dataset\Toolbox\000077.jpg,Toolbox,exito,0.31830988618379064,0.22956322959225722,0.05205072922588967,0.04618321923465798,0.164127103840382,0.07101247531246022,0.1307619555535879,0.04242339216389565,0.10023496726684193,0.11748742644990796,0.13856989821908763,0.09036353278256043,0.18104648015732255,0.056744635615399816,0.025939292943144756,0.11918828249951095,0.21234541293630801,0.11277720137351627,0.06863309136611442,0.13251122063739276,0.052719173173376564,0.1694003251995136,0.054508286191619196,0.08289594093658181,0.12002687370536196
C:\Users\damba\.cache\kagglehub\datasets\salmaneunus\mechanical-tools-dataset\versions\20\Mechanical Tools Image dataset\Mechanical Tools Image dataset\Toolbox\000078.jpg,Toolbox,exito,0.31830988618379064,0.014353815921410674,0.050014204057265366,0.05639932640388247,0.017633198178142684,0.06682729448031897,0.057136527132379794,0.09560701093664892,0.03412998889208902,0.019756335979089646,0.08691467048118744,0.027421684094995645,0.006813465248638388,0.12929452319651036,0.13505761885006626,0.021891303281764578,0.042295476730211126,0.061386264943319856,0.030777538751670483,0.014279474719914495,0.09190046061335054,0.1385518977141404,0.23418111937165606,0.014247210001753498,0.14817761385557854
C:\Users\damba\.cache\kagglehub\datasets\salmaneunus\mechanical-tools-dataset\versions\20\Mechanical Tools Image dataset\Mechanical Tools Image dataset\Toolbox\000079.jpg,Toolbox,exito,0.3183098861837906,0.028130584264672714,0.004811740380749347,0.03135255976384554,0.059350848331998385,0.07020691934117256,0.060000478203008814,0.04122380403632946,0.09673060280295345,0.08878570088640543,0.13423095694100898,0.16174529596698423,0.19069118319027487,0.045570956860306086,0.09226957934538367,0.07484173098125667,0.10146349650132527,0.185125506382529,0.21485160993873653,0.03922187161439712,0.35191517030296526,0.08257231506317156,0.15089239748422456,0.17791514624762328,0.282423794588673
C:\Users\damba\.cache\kagglehub\datasets\salmaneunus\mechanical-tools-dataset\versions\20\Mechanical Tools Image dataset\Mechanical Tools Image dataset\Toolbox\000080.jpg,Toolbox,exito,0.3183098861837906,0.019968321116527177,0.002961675680124007,0.03247222966368052,0.046351121888941506,0.07250991250662865,0.05082951455545274,0.05275876615351716,0.09048974406734415,0.06884963586968672,0.13382725171246718,0.17308623494070977,0.16527436868123196,0.0771960476325991,0.08460620040926667,0.053161315536085725,0.04458756498132455,0.17991470342973964,0.23364326575524708,0.03800936595441053,0.2982040769642247,0.1288103525466382,0.12691860984333717,0.10275848580815904,0.28045131162704484
C:\Users\damba\.cache\kagglehub\datasets\salmaneunus\mechanical-tools-dataset\versions\20\Mechanical Tools Image dataset\Mechanical Tools Image dataset\Toolbox\000081.jpg,Toolbox,exito,0.3183098861837906,0.019006918547481322,0.015620575446013338,0.008688525023992307,0.04652051450190786,0.0846194137151824,0.0459863088240624,0.01724370643117425,0.05740107120792491,0.08053624093373206,0.11299500596293374,0.07859581446304742,0.09724081365532765,0.09327970114868743,0.0648259404327935,0.053612932560276896,0.08927898536995635,0.0759904363440638,0.058374905743646684,0.053248729323242844,0.14174162298260154,0.17903064750619968,0.04554575283108582,0.13759443078912637,0.06586334927894232
C:\Users\damba\.cache\kagglehub\datasets\salmaneunus\mechanical-tools-dataset\versions\20\Mechanical Tools Image dataset\Mechanical Tools Image dataset\Toolbox\000082.jpg,Toolbox,exito,0.3183098861837906,0.028370020918548414,0.013530182623629573,0.007758098420688786,0.06534794752676579,0.08402793294238038,0.03361341444584098,0.030731241959194744,0.06492997937511298,0.10907624225963117,0.12117596699033363,0.08522195227806278,0.05732560323059439,0.13817822283731968,0.09975732564592414,0.06389936358520139,0.13465985832361926,0.1151151672295534,0.08755854137499133,0.06173027078167988,0.05451555405956695,0.2704751875161841,0.11413144145392161,0.1719609381132372,0.057077336369658706
C:\Users\damba\.cache\kagglehub\datasets\salmaneunus\mechanical-tools-dataset\versions\20\Mechanical Tools Image dataset\Mechanical Tools Image dataset\Toolbox\000083.jpg,Toolbox,exito,0.3183098861837906,0.04285119751281142,0.0005498297854282682,0.06511275325084627,0.09247404679264505,0.061097115844700185,0.0319783005454057,0.09602445327459504,0.012192543623826258,0.13456442909256824,0.11605428580312804,0.04112444212676512,0.11258607209289272,0.10367782490470288,0.04083584372285695,0.0897958360882609,0.11385558701274542,0.14848504576195543,0.04466867510392963,0.1436140317726735,0.2071344337600727,0.08737298932459722,0.11333212856504056,0.17534176392860246,0.1042507222114069
C:\Users\damba\.cache\kagglehub\datasets\salmaneunus\mechanical-tools-dataset\versions\20\Mechanical Tools Image dataset\Mechanical Tools Image dataset\Toolbox\000084.jpg,Toolbox,exito,0.3183098861837906,0.04635989881906121,0.000925219076473261,0.06274824493741266,0.09528221468632134,0.061999999637459446,0.03983620620873109,0.08592463422718842,0.01227301056617314,0.1328389953070629,0.1197528511562538,0.0404770636963001,0.1361458151196929,0.09077332402605966,0.03625428067388917,0.09488321495764741,0.12680794233602438,0.15879675263426613,0.06007349477800454,0.1563333923632246,0.25962569447160777,0.1219731412265401,0.10488774351723895,0.2130924536267055,0.12486179580294955
C:\Users\damba\.cache\kagglehub\datasets\salmaneunus\mechanical-tools-dataset\versions\20\Mechanical Tools Image dataset\Mechanical Tools Image dataset\Toolbox\000085.jpg,Toolbox,exito,0.3183098861837906,0.01540395965334015,0.016204822048382177,0.008156502202581906,0.04179948680428021,0.08457310903078434,0.0485759207967804,0.020512316623051564,0.05771376657369186,0.07873377869874054,0.11314497263562893,0.0796203724648585,0.10253839551552851,0.10336963892274988,0.06620571166621163,0.054227623976854926,0.09489369807019137,0.0772744758278529,0.061820159502639555,0.05446979222164934,0.14581339283301717,0.1967014391049582,0.044704322463047286,0.14164755383583272,0.0632276020896541
C:\Users\damba\.cache\kagglehub\datasets\salmaneunus\mechanical-tools-dataset\versions\20\Mechanical Tools Image dataset\Mechanical Tools Image dataset\Toolbox\000086.jpg,Toolbox,exito,0.3183098861837905,0.025161382999883887,0.020015429912197565,0.03665352925810091,0.05874363194747852,0.04928670112209265,0.018769707929862517,0.06866560387035613,0.05122623461820617,0.09048729213658874,0.08207421573682527,0.09127778495528883,0.0065516915053218236,0.10159935888253507,0.07775711509224958,0.10814164210940908,0.06550901374431109,0.06754883297727932,0.052627210560047204,0.1034894475882681,0.05617774702511485,0.10746827013343772,0.10887561318297166,0.1328102356690858,0.059359089471373375
C:\Users\damba\.cache\kagglehub\datasets\salmaneunus\mechanical-tools-dataset\versions\20\Mechanical Tools Image dataset\Mechanical Tools Image dataset\Toolbox\000087.jpg,Toolbox,exito,0.3183098861837905,0.010674665006113075,0.01756900862272021,0.03708704628145095,0.017887461918734103,0.04639146050945133,0.002274780340485414,0.06853565503376013,0.04753519818493048,0.032393305081471584,0.06171513624649904,0.0907829768004624,0.0614997055924387,0.10011153519703123,0.09469754876918582,0.09388369736547802,0.029900737318886407,0.019545126884638393,0.041392757967760874,0.10126407122088069,0.15791710186598953,0.10692832663961736,0.16226433223741987,0.11189653305818555,0.09482538152991041
C:\Users\damba\.cache\kagglehub\datasets\salmaneunus\mechanical-tools-dataset\versions\20\Mechanical Tools Image dataset\Mechanical Tools Image dataset\Toolbox\000088.jpg,Toolbox,exito,0.3183098861837905,0.047766671912845976,0.07494676988819603,0.0808661674657032,0.09406282249548464,0.02319570591608387,0.09162846234483107,0.09346094933838081,0.014127414272167921,0.11678569483932444,0.05999435885853845,0.007651383023254749,0.053303357818878655,0.03483783321298331,0.030844774384030393,0.00950696004389323,0.0567709779921912,0.07680820546012043,0.007206241671184522,0.006536449561571229,0.028139098330271867,0.08147653113241184,0.08769758734600816,0.11166096135069531,0.09558464776159883
C:\Users\damba\.cache\kagglehub\datasets\salmaneunus\mechanical-tools-dataset\versions\20\Mechanical Tools Image dataset\Mechanical Tools Image dataset\Toolbox\000089.jpg,Toolbox,exito,0.31830988618379047,0.006779859275404525,0.08048414138780828,0.030139599887346408,0.02236128819526314,0.04143045350746705,0.11197634448630474,0.04782655739466075,0.08223070608011132,0.060246189310656555,0.062190467052021844,0.04960200384817149,0.08968227934862225,0.05981249666253865,0.2004507615210464,0.07119589642441312,0.11357629706164044,0.10580053265023538,0.059513027481324574,0.08376140264385933,0.020457918607912438,0.06137025062018241,0.3200358661414438,0.08472236110852054,0.18275479757203267
C:\Users\damba\.cache\kagglehub\datasets\salmaneunus\mechanical-tools-dataset\versions\20\Mechanical Tools Image dataset\Mechanical Tools Image dataset\Toolbox\000090.jpg,Toolbox,exito,0.3183098861837906,0.03510332147731468,0.011516177826552329,0.007366374742844056,0.07815668763445087,0.08371253203630202,0.02265806949087253,0.038408150674296954,0.06920630395642832,0.12797793319005116,0.12676860070281756,0.08903114011202079,0.024591780993229968,0.16365229772068607,0.12046139682798855,0.0700294421930773,0.16677784727995043,0.14326601033090644,0.10664757205695524,0.06684507260398435,0.014184483002220255,0.32733593047214643,0.16105445955692868,0.19344487332479943,0.053093513854662176
C:\Users\damba\.cache\kagglehub\datasets\salmaneunus\mechanical-tools-dataset\versions\20\Mechanical Tools Image dataset\Mechanical Tools Image dataset\Toolbox\000091.jpg,Toolbox,exito,0.3183098861837905,0.0038286624451874455,0.01710111638382086,0.03694752831209603,0.018738151005909007,0.04360512027675521,0.0017114436834279898,0.06430099099761635,0.04298225503842449,0.05261692680857252,0.04689124508384046,0.09678052818579155,0.056577021856279566,0.0943367138139013,0.08994511939364061,0.10688717138064607,0.08502361746391797,0.04315527112405477,0.08200782845315947,0.11915765526506517,0.1346038388448721,0.11584893502633227,0.1670272054515332,0.16382849967369725,0.10057690272513511
C:\Users\damba\.cache\kagglehub\datasets\salmaneunus\mechanical-tools-dataset\versions\20\Mechanical Tools Image dataset\Mechanical Tools Image dataset\Toolbox\000092.jpg,Toolbox,exito,0.3183098861837906,0.02308226075396754,0.01102286628283947,0.005522373948041452,0.05669619409712941,0.008393531022396612,0.024584161021900964,0.022856234687989783,0.010500127623022168,0.08815232228562377,0.03227346431858746,0.15731838664670997,0.04954256611989429,0.04553228907199284,0.007140856971828621,0.12985023364631104,0.054664853317750214,0.017750788962429386,0.12525607713021142,0.10668219717156185,0.09347438707396413,0.04198381437402885,0.008518172573285887,0.11669369401704895,0.056619728570193505
C:\Users\damba\.cache\kagglehub\datasets\salmaneunus\mechanical-tools-dataset\versions\20\Mechanical Tools Image dataset\Mechanical Tools Image dataset\Toolbox\000093.jpg,Toolbox,exito,0.3183098861837906,0.022805693724789647,0.011082671660222242,0.00567922358983123,0.05601519404686214,0.00837553329010918,0.025018041692557138,0.02375938075748108,0.01045073026289522,0.0874903651573472,0.03208810907139723,0.1572357656863164,0.050912837801942196,0.048513652733077145,0.008205701667943701,0.12876009843256372,0.056561930775103866,0.017489798724406588,0.12443458879534033,0.108449398591335,0.09519808161493865,0.048953794108747894,0.019309084944437834,0.11815206901886775,0.056168933233589416
C:\Users\damba\.cache\kagglehub\datasets\salmaneunus\mechanical-tools-dataset\versions\20\Mechanical Tools Image dataset\Mechanical Tools Image dataset\Toolbox\000094.jpg,Toolbox,exito,0.3183098861837905,0.007316161130603477,0.01728427543380708,0.036913994867452185,0.02813180828367472,0.0436461647965489,0.0037762948249869207,0.06448814311351621,0.04275675362222009,0.06579757960317244,0.0482926782406739,0.09781302751259663,0.04745763293703934,0.09816948478677606,0.08439793117570524,0.11182651129317606,0.09995811761606502,0.047077951986695975,0.08985432160135569,0.12344784316563163,0.11287725324158757,0.1269864779490674,0.15731027341043616,0.17847596872234622,0.09516054367151179
C:\Users\damba\.cache\kagglehub\datasets\salmaneunus\mechanical-tools-dataset\versions\20\Mechanical Tools Image dataset\Mechanical Tools Image dataset\Toolbox\000095.jpg,Toolbox,exito,0.3183098861837906,0.01806390014128368,0.015785313328217226,0.008053714990110627,0.021072827594628685,0.08629552809858591,0.05346081108828916,0.0067089506989467295,0.03625613080749369,0.01435351119900432,0.09970813630159749,0.06531996289344774,0.13754980988124219,0.0216480718133047,0.027856736012874046,0.028910308027251117,0.026945798569939856,0.02981035781301435,0.018442526039334342,0.03778821463062254,0.24104831078459596,0.04310098306926035,0.1126244598615644,0.07219502528795145,0.0839033383295833
C:\Users\damba\.cache\kagglehub\datasets\salmaneunus\mechanical-tools-dataset\versions\20\Mechanical Tools Image dataset\Mechanical Tools Image dataset\Toolbox\000096.jpg,Toolbox,exito,0.3183098861837905,0.020375769111748564,0.018988490896019606,0.03593505545470621,0.05110203339588813,0.04586978777006523,0.014421143549152287,0.06288593885410336,0.045345625037403935,0.08769602702112302,0.06314530874681998,0.098101638374035,0.014090180695188595,0.10029099785630399,0.07356305323882006,0.11981059140480767,0.1019106635566872,0.03683454665485215,0.09427514344957301,0.1252982341267789,0.05509067560465739,0.1336262723360885,0.11529795685061002,0.1895275873455914,0.06889061784753589
C:\Users\damba\.cache\kagglehub\datasets\salmaneunus\mechanical-tools-dataset\versions\20\Mechanical Tools Image dataset\Mechanical Tools Image dataset\Toolbox\000097.jpg,Toolbox,exito,0.3183098861837906,0.04748119154868234,0.0066990778093410945,0.011760347275581343,0.10033284585730703,0.08344731163919418,0.0004094529823754336,0.016270118313693644,0.07045075177006162,0.1467906828244551,0.12653987412873813,0.08492203392366203,0.029650596887337625,0.10019292593481889,0.12260751793667453,0.06971712715717646,0.14967022180403614,0.13763612450546442,0.09661026569834029,0.062125063200171,0.0790972938661837,0.21767171454803444,0.16920246302499325,0.17567184116736564,0.07087829049866372
C:\Users\damba\.cache\kagglehub\datasets\salmaneunus\mechanical-tools-dataset\versions\20\Mechanical Tools Image dataset\Mechanical Tools Image dataset\Toolbox\000098.jpg,Toolbox,exito,0.3183098861837906,0.013482417186442478,0.01646638979519917,0.008233608064318717,0.01119743627516317,0.08609907972226306,0.05592268266516479,0.0020607701348479483,0.038549733939821945,0.012472015338593514,0.10033825258287418,0.06669023307793132,0.14116420377645852,0.024729219716639075,0.016764282061981745,0.03136768118555617,0.03203285484736965,0.02993529697915035,0.02075175457644924,0.03926880283816624,0.24321120279710384,0.05268223680175882,0.09657716597911742,0.078527253799052,0.08175739541400989
C:\Users\damba\.cache\kagglehub\datasets\salmaneunus\mechanical-tools-dataset\versions\20\Mechanical Tools Image dataset\Mechanical Tools Image dataset\Toolbox\000099.jpg,Toolbox,exito,0.3183098861837906,0.016289399920645254,0.016072580270836054,0.008431888639451473,0.020848706978013293,0.08612374910263924,0.054020813350209945,0.008377150721924057,0.038941068402912546,0.024672518998844085,0.10099158341829023,0.06646350090227954,0.1364176142224637,0.0293769806611016,0.020502362058696478,0.03178368350018619,0.03204906087530013,0.03245319423242942,0.020055092924714024,0.039003672070579115,0.23592616479618353,0.05434368176148788,0.09809656863277168,0.07859311365681,0.08220554984522654
C:\Users\damba\.cache\kagglehub\datasets\salmaneunus\mechanical-tools-dataset\versions\20\Mechanical Tools Image dataset\Mechanical Tools Image dataset\Toolbox\000100.jpg,Toolbox,exito,0.31830988618379064,0.006302485243762074,0.04923048329421378,0.05689371894473896,0.01756573365337222,0.0709907222475977,0.055656514133494185,0.10335919019387271,0.028004012690905078,0.04616571910518542,0.1010813422012098,0.02399309855301246,0.010767069899009728,0.1510603783609044,0.11160440254147014,0.025226053793958578,0.0725671772986581,0.0860259758017769,0.050393525766991985,0.010996600053732666,0.07148253045321451,0.17490118758561535,0.20123051228970218,0.010354060649719733,0.1460622879888939
C:\Users\damba\.cache\kagglehub\datasets\salmaneunus\mechanical-tools-dataset\versions\20\Mechanical Tools Image dataset\Mechanical Tools Image dataset\Toolbox\000101.jpg,Toolbox,exito,0.3183098861837906,0.022631847056909068,0.011119895598612697,0.00557401840609128,0.05583786799822849,0.008377606497012245,0.025146478245457817,0.023124882158295505,0.010469627258688701,0.08707368497731505,0.03210560110696935,0.1572724081620261,0.051203999640581976,0.04622023755837065,0.006243488149732352,0.12905457018044608,0.05383573470305019,0.01723767462043019,0.12441855328485046,0.10744895213979293,0.09628723148359163,0.043171724604929615,0.010768356312205319,0.11563367958846135,0.05593714348776402
C:\Users\damba\.cache\kagglehub\datasets\salmaneunus\mechanical-tools-dataset\versions\20\Mechanical Tools Image dataset\Mechanical Tools Image dataset\Toolbox\000102.jpg,Toolbox,exito,0.31830988618379047,0.004674889741170015,0.032644943328974364,0.002605457215217924,0.014444261151126684,0.0663861187134364,0.007391382562343101,0.0025561910816670886,0.08680467648046034,0.021034211207459456,0.12151034459668561,0.12208811482450112,0.0861304652886201,0.020250407775519272,0.030577982714750554,0.036180474100745284,0.021808620023533985,0.1573975970657701,0.16276717585780429,0.12697667195335008,0.1910612928205399,0.06206626907621542,0.08472528962755657,0.05388842888179477,0.3717402645272457
C:\Users\damba\.cache\kagglehub\datasets\salmaneunus\mechanical-tools-dataset\versions\20\Mechanical Tools Image dataset\Mechanical Tools Image dataset\Toolbox\000103.jpg,Toolbox,exito,0.0,0.0,0.0,0.0,0.0,0.0,0.0,0.0,0.0,0.0,0.0,0.0,0.0,0.0,0.0,0.0,0.0,0.0,0.0,0.0,0.0,0.0,0.0,0.0,0.0
C:\Users\damba\.cache\kagglehub\datasets\salmaneunus\mechanical-tools-dataset\versions\20\Mechanical Tools Image dataset\Mechanical Tools Image dataset\Toolbox\000104.jpg,Toolbox,exito,0.3183098861837905,0.033455915259228496,0.022306607907931077,0.035758026856798665,0.07548970110310511,0.050191572691725035,0.03165017288233325,0.064828156816186,0.05243586237667124,0.11294451297864662,0.08875837632474176,0.09289811177701306,0.031131468676907137,0.09324761984327865,0.08141191731553832,0.114723087612661,0.08543925429279504,0.08664655585196505,0.06687152345580645,0.10703290705865338,0.010666281754379382,0.096760368654634,0.11036761986305015,0.1460601915995565,0.045531561955459585
C:\Users\damba\.cache\kagglehub\datasets\salmaneunus\mechanical-tools-dataset\versions\20\Mechanical Tools Image dataset\Mechanical Tools Image dataset\Toolbox\000105.jpg,Toolbox,exito,0.3183098861837905,0.004739109677367473,0.06801373500302202,0.03536812551000106,0.01332632486577103,0.044516102119488976,0.054991199843709454,0.046872380469937476,0.14252328110468732,0.01925284646675136,0.08272658934460624,0.09932384705483403,0.04299075802709221,0.03878249644364107,0.065872139644881,0.06696189234873644,0.0039463344652493374,0.10585791172405816,0.123903641727364,0.07887961220680988,0.16088922753619253,0.009661998969341968,0.10953950327653009,0.030960874963659138,0.308291046034842
C:\Users\damba\.cache\kagglehub\datasets\salmaneunus\mechanical-tools-dataset\versions\20\Mechanical Tools Image dataset\Mechanical Tools Image dataset\Toolbox\000106.jpg,Toolbox,exito,0.31830988618379064,0.009148766178189252,0.04943772757523149,0.05677814550942843,0.0151813008127665,0.0692291899322945,0.055707199455375334,0.10051834121308455,0.03067448536910055,0.0372074767948399,0.09503945728258895,0.02535729392970573,0.007769395169687914,0.1429927425865139,0.12187992567674173,0.02389281061086725,0.06521274076460679,0.07645305411624947,0.04323124039460215,0.012467422507940251,0.08177777896872757,0.16173607301999568,0.21607170490564523,0.012487409469456229,0.14687671054491572
C:\Users\damba\.cache\kagglehub\datasets\salmaneunus\mechanical-tools-dataset\versions\20\Mechanical Tools Image dataset\Mechanical Tools Image dataset\Toolbox\000107.jpg,Toolbox,exito,0.31830988618379047,0.07630952624317391,0.010994180134954689,0.07714050977624337,0.09521074860614262,0.06872683372824945,0.09661789615911674,0.04614946964731989,0.026931733634767488,0.11159337201476313,0.10223118917354873,0.11533423240969871,0.1283981920197521,0.05528995545585081,0.14999183192648619,0.13352601446726836,0.11181713874297719,0.14419187706946504,0.03694868453555197,0.097751242666692,0.07628273452150425,0.0969809395070264,0.16088376992955478,0.16459717014139735,0.0229790362969088
C:\Users\damba\.cache\kagglehub\datasets\salmaneunus\mechanical-tools-dataset\versions\20\Mechanical Tools Image dataset\Mechanical Tools Image dataset\Toolbox\000108.jpg,Toolbox,exito,0.3183098861837906,0.02316045049003089,0.014795231079567381,0.008217773297894498,0.055260074550497945,0.084310898859334,0.04082580704203984,0.02394506730007508,0.06120513257067668,0.0941384165241333,0.11682270180102042,0.0819273061364769,0.07984578612680865,0.11577153008319774,0.08217647188201929,0.05872503240782348,0.11057949232486071,0.09393756509287148,0.07242744236762298,0.05744932930191685,0.10287464882416167,0.22374327633597776,0.07747325769296129,0.15439369951078374,0.061270661953381385
C:\Users\damba\.cache\kagglehub\datasets\salmaneunus\mechanical-tools-dataset\versions\20\Mechanical Tools Image dataset\Mechanical Tools Image dataset\Toolbox\000109.jpg,Toolbox,exito,0.3183098861837906,0.02189607887904196,0.015063687381570384,0.007562062704026342,0.053945502410131525,0.08424209521215847,0.04173881495195745,0.028493043637769694,0.06214467343602952,0.09587055240699034,0.11796204545226661,0.08342063816392487,0.08024819328235508,0.12956770819523566,0.08687784916677835,0.06022537085617371,0.12008040192806968,0.09990318093346427,0.07816304795680619,0.059304302920009364,0.09685548448228168,0.2489564061372977,0.08604260360798102,0.16141182440015509,0.057789537007341255
C:\Users\damba\.cache\kagglehub\datasets\salmaneunus\mechanical-tools-dataset\versions\20\Mechanical Tools Image dataset\Mechanical Tools Image dataset\Toolbox\000110.jpg,Toolbox,exito,0.3183098861837905,0.0233435973336698,0.08313092384257639,0.07670968637374219,0.04490720068754385,0.01113251676651159,0.13206321471847401,0.06975975456242114,0.01746355498068893,0.05081803049564822,0.027302937774357768,0.003982417726556107,0.15473626275485458,0.03247704652836148,0.016098480414477777,0.01111177266302906,0.009138280796289689,0.02680074349283257,0.001979355330018739,0.0033543741902991066,0.1194784819200705,0.19271373885221696,0.05012889487725112,0.11275544031521738,0.09733358384655577
C:\Users\damba\.cache\kagglehub\datasets\salmaneunus\mechanical-tools-dataset\versions\20\Mechanical Tools Image dataset\Mechanical Tools Image dataset\Toolbox\000111.jpg,Toolbox,exito,0.3183098861837905,0.005801858191356476,0.01719066545146639,0.0369707234080587,0.011197348969388543,0.04555245709393191,0.0010372815763591786,0.06669144407610625,0.046097315410588716,0.03170712227492219,0.057140666311171526,0.0928204554429238,0.06270580147408299,0.09613437487451382,0.09154479287282478,0.0985717146040941,0.03864962917975926,0.015611265648310352,0.05477114057804294,0.10705409249379379,0.15672226154141264,0.10389548125097137,0.1587800796512614,0.12856141538824226,0.09481378962435007
C:\Users\damba\.cache\kagglehub\datasets\salmaneunus\mechanical-tools-dataset\versions\20\Mechanical Tools Image dataset\Mechanical Tools Image dataset\Toolbox\000112.jpg,Toolbox,exito,0.3183098861837907,0.01260957318884291,0.10685257153825231,0.0003746380718277102,0.033655210435503964,9.893977307593968e-06,0.15194606759518503,0.00229043473695884,0.0933313578589783,0.06826825434891862,0.010986359847235573,0.011091748380796523,0.13353016740965978,0.00716439913174711,0.21930760969042043,0.0007689329451924963,0.11088564952925656,0.048859933863396675,0.0494183934361761,4.061416306768701e-05,0.04890363151334195,0.014657452735458385,0.3308023398954501,0.005389767421011681,0.19897277591836718
C:\Users\damba\.cache\kagglehub\datasets\salmaneunus\mechanical-tools-dataset\versions\20\Mechanical Tools Image dataset\Mechanical Tools Image dataset\Toolbox\000113.jpg,Toolbox,exito,0.3183098861837905,0.02569413732877571,0.020143105016455106,0.03579059602039312,0.059934850300096966,0.048179075385114664,0.020190508225395892,0.06343951095531876,0.04908714173650906,0.09202977142616271,0.07625563886789634,0.09500242213673142,0.00040472047324395196,0.09340496917036027,0.07548928531564324,0.1159265871334725,0.07122623633530296,0.05404343112608474,0.07610207820427814,0.11446688813059712,0.042249070656228654,0.1056153097443284,0.10382218036489221,0.16204601596095816,0.05559402541362602
C:\Users\damba\.cache\kagglehub\datasets\salmaneunus\mechanical-tools-dataset\versions\20\Mechanical Tools Image dataset\Mechanical Tools Image dataset\Toolbox\000114.jpg,Toolbox,exito,0.3183098861837907,4.9388447735469545e-18,0.10610329539459702,1.3660169687215429e-17,8.834874115176436e-18,1.0374513396485638e-17,0.1473656880480518,0.0,0.09333160243043236,0.0,2.8161161242124886e-17,3.3130777931911632e-18,0.11767423090059402,0.0,0.21777373900434305,1.5461029701558764e-17,0.0,0.0,0.0,0.0,0.008896521167336226,0.0,0.32005644248658266,4.969616689786745e-18,0.19897096880710055
C:\Users\damba\.cache\kagglehub\datasets\salmaneunus\mechanical-tools-dataset\versions\20\Mechanical Tools Image dataset\Mechanical Tools Image dataset\Toolbox\000115.jpg,Toolbox,exito,0.3183098861837906,0.028608481750279493,0.013466154729459615,0.009155894131512372,0.06415326278407475,0.0842733148897914,0.03443404594969795,0.019396852812109892,0.061832481873934864,0.10093177197390024,0.11752812506815305,0.08108172549623646,0.06458367208570168,0.1029406206602896,0.08461156730348864,0.05914653265706062,0.10691797190746007,0.09609525022863527,0.07056123198105092,0.056508902679691914,0.08336538268698743,0.20290664680090845,0.08478705105637704,0.15178329579013558,0.06502428178817977
C:\Users\damba\.cache\kagglehub\datasets\salmaneunus\mechanical-tools-dataset\versions\20\Mechanical Tools Image dataset\Mechanical Tools Image dataset\Toolbox\000116.jpg,Toolbox,exito,0.3183098861837905,0.0069195447673990945,0.017257668748878414,0.036800600629585616,0.025827189787357933,0.04497547881240876,0.0034445835047602195,0.06518994459133996,0.04472689358720583,0.05659643971446658,0.055515358704742356,0.09584491680863792,0.04984062145325483,0.09689874614981106,0.08188768618769553,0.10901379473020087,0.0734893486710248,0.030026983674723586,0.0763677397333693,0.11723487154834862,0.12443694535126987,0.11508158136243496,0.14262787794041432,0.16121658071241057,0.08708338294622295
C:\Users\damba\.cache\kagglehub\datasets\salmaneunus\mechanical-tools-dataset\versions\20\Mechanical Tools Image dataset\Mechanical Tools Image dataset\Toolbox\000117.jpg,Toolbox,exito,0.3183098861837905,0.03057173082269214,0.021436382625809717,0.035656306075157664,0.06953330568438759,0.04936039072284723,0.027080131634192196,0.06364163660266266,0.05100515845257824,0.10423216832390468,0.08360090842612354,0.09397658799664285,0.0185697603897504,0.09173328082806455,0.07860283846797672,0.11576190667229148,0.07608560928389531,0.07270535951037177,0.07192912918192833,0.11068244491220437,0.010990333031881822,0.09766998852434773,0.10552788576274871,0.15421610152936963,0.048416148803578994
C:\Users\damba\.cache\kagglehub\datasets\salmaneunus\mechanical-tools-dataset\versions\20\Mechanical Tools Image dataset\Mechanical Tools Image dataset\Toolbox\000118.jpg,Toolbox,exito,0.3183098861837905,0.007086464610946916,0.017268685753041423,0.036795612258102114,0.026464819290755275,0.04482901357656657,0.0035875134362174767,0.06504307367804643,0.04448658804811244,0.058198432676561426,0.05477556450890911,0.09615098028377639,0.04910124402910904,0.09708431975198585,0.08180082033054777,0.10965899617362168,0.07735866362356793,0.0318800987750426,0.0784642963680987,0.1182273511699522,0.12210614804963621,0.11679830793394702,0.1434338136769801,0.16407852738014095,0.08755429863112957
C:\Users\damba\.cache\kagglehub\datasets\salmaneunus\mechanical-tools-dataset\versions\20\Mechanical Tools Image dataset\Mechanical Tools Image dataset\Toolbox\000119.jpg,Toolbox,exito,0.3183098861837906,0.039994560263752095,0.0016650650696432639,0.06311730628323836,0.08349904702245894,0.05932794638760532,0.026684826084638368,0.08643314003086819,0.015374448606486556,0.11830616411851773,0.11143360807353712,0.04120543764819992,0.10145582945080267,0.10135431730410499,0.021917901422011145,0.09462741782012223,0.12528702017503726,0.14102437610142785,0.060857711599629834,0.15776112215810698,0.20275589427079713,0.15704120550749925,0.06817594929551024,0.21577976056475592,0.13144305992942246
C:\Users\damba\.cache\kagglehub\datasets\salmaneunus\mechanical-tools-dataset\versions\20\Mechanical Tools Image dataset\Mechanical Tools Image dataset\Toolbox\000120.jpg,Toolbox,exito,0.3183098861837906,0.03585731425929697,0.01126404707532877,0.006015694561428974,0.08005259034308153,0.08365329223809927,0.020802474980536032,0.046622753636396785,0.07107908127870881,0.13494047536513068,0.13024502046339578,0.09173954456065711,0.01622499985859404,0.1890833443615355,0.1306940171630244,0.0731988441755594,0.18906335951412429,0.16130285390519153,0.11877704195430425,0.07042055506069486,0.04304137708502923,0.37833379725878064,0.1855976066369546,0.2084006532841098,0.04648577423524197
C:\Users\damba\.cache\kagglehub\datasets\salmaneunus\mechanical-tools-dataset\versions\20\Mechanical Tools Image dataset\Mechanical Tools Image dataset\Toolbox\000121.jpg,Toolbox,exito,0.0,0.0,0.0,0.0,0.0,0.0,0.0,0.0,0.0,0.0,0.0,0.0,0.0,0.0,0.0,0.0,0.0,0.0,0.0,0.0,0.0,0.0,0.0,0.0,0.0
C:\Users\damba\.cache\kagglehub\datasets\salmaneunus\mechanical-tools-dataset\versions\20\Mechanical Tools Image dataset\Mechanical Tools Image dataset\Toolbox\000122.jpg,Toolbox,exito,0.31830988618379064,0.009447872373425748,0.04946393962538817,0.05662766208333182,0.030811063794434376,0.07508508067367253,0.058865357912278794,0.10737520981446241,0.02116410195365927,0.06214552958648379,0.11539656210598298,0.021363154949511576,0.025333106975858225,0.16266840244512082,0.08499523649056669,0.028011090542604228,0.0667957942374805,0.10719852589130303,0.06252948145622238,0.006949639354529395,0.0386631321760262,0.19113825961777597,0.15876706882569638,0.0029272814679750002,0.14467828306171057
C:\Users\damba\.cache\kagglehub\datasets\salmaneunus\mechanical-tools-dataset\versions\20\Mechanical Tools Image dataset\Mechanical Tools Image dataset\Toolbox\000123.jpg,Toolbox,exito,0.3183098861837905,0.004143192628960286,0.0171129321763095,0.03687396862142763,0.00804362934245897,0.04410786251708068,0.0006637383990976213,0.0644648971971421,0.04394259319083961,0.03628503754739724,0.04880587467282167,0.09516221901929224,0.0630888783829119,0.09205078019715535,0.09434547848526151,0.10146628884120594,0.06277848122677601,0.031093927452900988,0.07022996567831873,0.11337101442739962,0.15319834720443667,0.10543216899960066,0.17110024230655754,0.1451318637149259,0.1024549985648798
C:\Users\damba\.cache\kagglehub\datasets\salmaneunus\mechanical-tools-dataset\versions\20\Mechanical Tools Image dataset\Mechanical Tools Image dataset\Toolbox\000124.jpg,Toolbox,exito,0.3183098861837906,0.034011993370125816,0.011871621479125473,0.007209067279563184,0.07617798583011823,0.08375196240519714,0.024470208357048308,0.03850336007557566,0.06880060044767289,0.12574334465591785,0.12632253452596706,0.0888424346920012,0.029433961671724275,0.1636212488109898,0.11862517311397296,0.0695070031237437,0.1645678714894544,0.1410485741961734,0.10528903230411553,0.06656143886698446,0.005921384577029181,0.3258527989429527,0.15668635235823244,0.19216217321292386,0.05263589176181772
C:\Users\damba\.cache\kagglehub\datasets\salmaneunus\mechanical-tools-dataset\versions\20\Mechanical Tools Image dataset\Mechanical Tools Image dataset\Toolbox\000125.jpg,Toolbox,exito,0.31830988618379047,0.022678402890968057,0.030324302100247464,0.0028871803562163607,0.04593243274356036,0.06662917092350319,0.0047555904747378,0.015425732125395676,0.08083047782014428,0.0691759191746731,0.11460765670282183,0.11243697403698895,0.12032858931906681,0.05017715044021767,0.014218454258076621,0.027522439951290414,0.09382006330015338,0.15081714145008476,0.14431861941238622,0.13328203696794313,0.2565111626873309,0.10679172206680541,0.18428057889738136,0.09148417002414906,0.39484863986457397
C:\Users\damba\.cache\kagglehub\datasets\salmaneunus\mechanical-tools-dataset\versions\20\Mechanical Tools Image dataset\Mechanical Tools Image dataset\Toolbox\000126.jpg,Toolbox,exito,0.31830988618379047,0.008706844194890501,0.032390688541027585,0.0027453704156233335,0.019462756224382094,0.06638419533634354,0.00623174952631535,0.0053543041130655715,0.08705212721253824,0.02843041536142362,0.12222513755727107,0.12234968763264008,0.08924940035590609,0.026383483573257233,0.03256547282351712,0.03770023237371192,0.03945549914967806,0.15973262344523803,0.16356635078996382,0.12736057330174946,0.19867832702517305,0.07024580948861019,0.08074645881071317,0.06946841866542852,0.37126507454435403
C:\Users\damba\.cache\kagglehub\datasets\salmaneunus\mechanical-tools-dataset\versions\20\Mechanical Tools Image dataset\Mechanical Tools Image dataset\Toolbox\000127.jpg,Toolbox,exito,0.3183098861837905,0.013169458056588012,0.0178493305123008,0.037167267918998353,0.03235457499448479,0.04747809828925757,0.005613311082210903,0.06973770314928192,0.04882048503456554,0.05552264421620718,0.0694186256013611,0.09080624052470111,0.04734185072089386,0.10333802683222837,0.08346510503595657,0.1001357661045191,0.04107196378779618,0.03573546183834409,0.04416472585960041,0.10241002676096718,0.12934673055755266,0.11006549416717462,0.1344367159650952,0.12179675961985605,0.0801154012513634
C:\Users\damba\.cache\kagglehub\datasets\salmaneunus\mechanical-tools-dataset\versions\20\Mechanical Tools Image dataset\Mechanical Tools Image dataset\Toolbox\000128.jpg,Toolbox,exito,0.3183098861837905,0.014102740007973461,0.01796927330075813,0.036610397059080514,0.01443774664273028,0.04511630253052144,0.0026644338930879156,0.06493603161911557,0.045870672611890574,0.009113390900002587,0.053351287127118806,0.0920801431257971,0.06505582482730886,0.0913770313314562,0.10599537467518264,0.09047012444539781,0.024568494515952433,0.007440702551873938,0.04867795940005148,0.10287325686167442,0.1684271261753447,0.09728344464166289,0.18716049705251112,0.11026749705665315,0.10795243334720994
C:\Users\damba\.cache\kagglehub\datasets\salmaneunus\mechanical-tools-dataset\versions\20\Mechanical Tools Image dataset\Mechanical Tools Image dataset\Toolbox\000129.jpg,Toolbox,exito,0.3183098861837906,0.026511689877595015,0.010221388166542096,0.005121346505591785,0.06321572481196,0.008508450188776955,0.020016412336947547,0.02080088601689019,0.010728339985034694,0.0965030293858468,0.03349616241852643,0.15766236831820726,0.036180762280142165,0.0404260613950886,0.014531719678828546,0.13580136014215888,0.06206737068028326,0.02167905837364319,0.131907737432727,0.10094329879040312,0.07066360550402816,0.03365883074312572,0.010426059364049195,0.12550773204821047,0.06165362196423143
C:\Users\damba\.cache\kagglehub\datasets\salmaneunus\mechanical-tools-dataset\versions\20\Mechanical Tools Image dataset\Mechanical Tools Image dataset\Toolbox\000130.jpg,Toolbox,exito,0.3183098861837905,0.008001387416413427,0.017333736606806257,0.036905752598511254,0.02954799016650835,0.043618654721214345,0.004178008943778166,0.0644845592723123,0.042676947721509345,0.0678858210734563,0.048314017140381936,0.09800825397017023,0.045873063187101555,0.09877975281495224,0.08381342306948979,0.11255628110463974,0.10277128091005931,0.04803976712521937,0.09131563566570616,0.12420230406290934,0.10910717877904258,0.12900577372061323,0.15653424925309928,0.18093928281054075,0.094688747905433
C:\Users\damba\.cache\kagglehub\datasets\salmaneunus\mechanical-tools-dataset\versions\20\Mechanical Tools Image dataset\Mechanical Tools Image dataset\Toolbox\000131.jpg,Toolbox,exito,0.31830988618379047,0.0180875630920692,0.031206225787817628,0.003123088183101652,0.036367890126558784,0.06649199997822677,0.00015896951499161198,0.012426435670749277,0.08479560888283785,0.05419071548714549,0.12008744183215518,0.11839130587986983,0.10621551420970016,0.043662883200297625,0.020728232721614885,0.03549090538287229,0.07553131409902662,0.15879854118219824,0.1552210020606636,0.13105946611200148,0.23216773342267347,0.09390819448142246,0.11980776249826268,0.0991444550601169,0.38059459705012993
C:\Users\damba\.cache\kagglehub\datasets\salmaneunus\mechanical-tools-dataset\versions\20\Mechanical Tools Image dataset\Mechanical Tools Image dataset\Toolbox\000132.jpg,Toolbox,exito,0.31830988618379047,0.017937406861401935,0.031231716860823436,0.0031579933929654727,0.03587866386100443,0.0664779151776405,0.0003585638001732472,0.012287637886736192,0.0852080795720978,0.05340145113853055,0.1207253193285635,0.1190111695985683,0.10560219478391031,0.043683544264147695,0.023036172056462877,0.03650651968962081,0.0756768664817947,0.16005562071503263,0.15655564509963998,0.13084626075724795,0.2316674469914864,0.09427512727342388,0.11296107165182784,0.1012033219821121,0.3791790206282494
C:\Users\damba\.cache\kagglehub\datasets\salmaneunus\mechanical-tools-dataset\versions\20\Mechanical Tools Image dataset\Mechanical Tools Image dataset\Toolbox\000133.jpg,Toolbox,exito,0.3183098861837905,0.029587571749761274,0.036296969705631614,0.05025110601359178,0.062441505989686376,0.09879803794617673,0.105988267409851,0.06336772114489077,0.06255279458693215,0.08663686721822192,0.17581555412475922,0.10145697646125147,0.24204581406987463,0.039165287727327795,0.022795738880905563,0.107898788743592,0.07044601313514387,0.2398122966857919,0.13990914413136024,0.0789472634740741,0.40646932112451967,0.018646420605893048,0.061732089715704826,0.2314126665424569,0.176553550894025
C:\Users\damba\.cache\kagglehub\datasets\salmaneunus\mechanical-tools-dataset\versions\20\Mechanical Tools Image dataset\Mechanical Tools Image dataset\Toolbox\000134.jpg,Toolbox,exito,0.3183098861837906,0.02228006158172726,0.014983751721960271,0.008381795906465603,0.053362390468157016,0.08438420405577739,0.04202623221758802,0.022020264524205246,0.06028438559875048,0.09089662476499764,0.1158380271843506,0.08105170598288597,0.08401201253711166,0.10949676587003285,0.0778936614634178,0.057451755016243285,0.10477860809154209,0.08919559335789194,0.06869431553110006,0.05633905462809619,0.11267652188812026,0.21132489599257098,0.06922471378191719,0.14996886093630393,0.06257544731425209
C:\Users\damba\.cache\kagglehub\datasets\salmaneunus\mechanical-tools-dataset\versions\20\Mechanical Tools Image dataset\Mechanical Tools Image dataset\Toolbox\000135.jpg,Toolbox,exito,0.3183098861837907,4.9388447735469545e-18,0.10610329539459702,1.3660169687215429e-17,8.834874115176436e-18,1.0374513396485638e-17,0.1473656880480518,0.0,0.09333160243043236,0.0,2.8161161242124886e-17,3.3130777931911632e-18,0.11767423090059402,0.0,0.21777373900434305,1.5461029701558764e-17,0.0,0.0,0.0,0.0,0.008896521167336226,0.0,0.32005644248658266,4.969616689786745e-18,0.19897096880710055
C:\Users\damba\.cache\kagglehub\datasets\salmaneunus\mechanical-tools-dataset\versions\20\Mechanical Tools Image dataset\Mechanical Tools Image dataset\Toolbox\000136.jpg,Toolbox,exito,0.31830988618379047,0.004552591320822768,0.03265026128989857,0.00266213304005255,0.011994527309343408,0.06634409630692653,0.007689361678860606,0.003786745441183101,0.0881594555365632,0.017379870154282124,0.12370921315511865,0.12420567303630664,0.08512227440010718,0.02531016503512952,0.03954246900958269,0.03985912822096194,0.035594389351095476,0.1623810317673413,0.16797920163690447,0.12587298890490634,0.19222068466440248,0.07496754057300517,0.06138377363560961,0.0627618698443828,0.36716845550879096
C:\Users\damba\.cache\kagglehub\datasets\salmaneunus\mechanical-tools-dataset\versions\20\Mechanical Tools Image dataset\Mechanical Tools Image dataset\Toolbox\000137.jpg,Toolbox,exito,0.3183098861837906,0.025709685166265067,0.010418751446643552,0.005233158942869989,0.06167761877742993,0.008481949239538671,0.021139878252868713,0.02138445139920837,0.01067209655682527,0.09453274664928853,0.033212429347780494,0.15757647932995406,0.039456415720265536,0.04196651502115134,0.012829612848378403,0.13435922790084212,0.060462941871021345,0.02075654192309901,0.13027241284022154,0.1024316611283117,0.07620821677222707,0.036496061766336275,0.008235439445363455,0.12359053629714242,0.06050388145683986
C:\Users\damba\.cache\kagglehub\datasets\salmaneunus\mechanical-tools-dataset\versions\20\Mechanical Tools Image dataset\Mechanical Tools Image dataset\Toolbox\000138.jpg,Toolbox,exito,0.3183098861837906,0.054998475000067604,0.0007206025771569375,0.0005167652979732229,0.11874995731138893,0.008992678265597227,0.038827810298617066,0.006983043346164704,0.012705305436641013,0.17918882752515392,0.039684605654595924,0.16080682702781765,0.13112430227647556,0.029596467688413845,0.07879289925273393,0.18568541547881268,0.1826632246717018,0.05011488188247968,0.21023278128481163,0.04352649455042932,0.2347659585922994,0.08702859312698552,0.17475899887507226,0.22746204084094376,0.09130741322442287
C:\Users\damba\.cache\kagglehub\datasets\salmaneunus\mechanical-tools-dataset\versions\20\Mechanical Tools Image dataset\Mechanical Tools Image dataset\Toolbox\000139.jpg,Toolbox,exito,0.31830988618379047,0.022810638919105296,0.03029595571293517,0.0024107342792837267,0.04681500680054275,0.0666482487589218,0.0051885877218887785,0.012855514622561093,0.07907052304542228,0.07011469494461131,0.11146854671284472,0.11014024812756813,0.12168661904822084,0.04106584904052467,0.02060639480713359,0.021913895756991673,0.08820781049314175,0.14480323514397117,0.1409345405806292,0.1331416126442223,0.25563859230323044,0.08770355954795801,0.21100605988510265,0.0708723010208915,0.40028091088287826
C:\Users\damba\.cache\kagglehub\datasets\salmaneunus\mechanical-tools-dataset\versions\20\Mechanical Tools Image dataset\Mechanical Tools Image dataset\Toolbox\000140.jpg,Toolbox,exito,0.3183098861837905,0.022746321163596026,0.01947020618677459,0.03638918142872027,0.053941938598618976,0.04840800313083647,0.016048559197871973,0.066469811507376,0.049719144366851785,0.08370308657939196,0.0768302778509376,0.0929603995195519,0.013616944515530843,0.09739834246747513,0.07621533563640966,0.11056522125743916,0.05869899964078859,0.05409110870415874,0.06207699800714076,0.1084806157713033,0.06775354635144902,0.10388536580222452,0.10776647076029847,0.1446668167433046,0.061022118798521784
C:\Users\damba\.cache\kagglehub\datasets\salmaneunus\mechanical-tools-dataset\versions\20\Mechanical Tools Image dataset\Mechanical Tools Image dataset\Toolbox\000141.jpg,Toolbox,exito,0.3183098861837905,0.030028104550568764,0.021281139273222408,0.03735341953305572,0.0691388989231177,0.050855064972256614,0.025243139135735986,0.07416866898076166,0.053949723204878085,0.10839142037116513,0.0918461925408892,0.08807189204329113,0.011360944832907591,0.11631231037252548,0.08149354272726253,0.10376765283579108,0.10018383416485063,0.09520072768238622,0.03556521450873539,0.09461855854083227,0.02158948969645804,0.1353532670328517,0.11659984445224852,0.11310022434581911,0.05870050273724362
C:\Users\damba\.cache\kagglehub\datasets\salmaneunus\mechanical-tools-dataset\versions\20\Mechanical Tools Image dataset\Mechanical Tools Image dataset\Toolbox\000142.jpg,Toolbox,exito,0.3183098861837905,0.020335748512869945,0.018980813003874265,0.0360382981392456,0.05003159000601049,0.04683647502062533,0.013959720699080988,0.06365407378445766,0.04701109860093207,0.08184870859225787,0.06808359303157983,0.09612956131467111,0.017366707240559758,0.09637323626652011,0.07424667257332149,0.11597615782454271,0.07761227406454493,0.03790105396948905,0.08136793353623778,0.11852363506960283,0.06803753623864994,0.11623334698432093,0.11040067394674592,0.1706882006561117,0.0651483212349807
C:\Users\damba\.cache\kagglehub\datasets\salmaneunus\mechanical-tools-dataset\versions\20\Mechanical Tools Image dataset\Mechanical Tools Image dataset\Toolbox\000143.jpg,Toolbox,exito,0.31830988618379047,0.02008374674587594,0.03084715614507217,0.0030277646087227056,0.040691347249956704,0.06656027285403904,0.0018991454041918938,0.013928154681771419,0.08290832783928036,0.06099077519537594,0.11744639293883956,0.11551697413706682,0.11216360866553021,0.04671260609684289,0.012853987605505407,0.031553908894665805,0.08263650199622105,0.15459342500952214,0.1495575735314068,0.13224232583726603,0.24185356359068413,0.09927815816075677,0.15088359712774138,0.0953657037352768,0.38736527175879
C:\Users\damba\.cache\kagglehub\datasets\salmaneunus\mechanical-tools-dataset\versions\20\Mechanical Tools Image dataset\Mechanical Tools Image dataset\Toolbox\000144.jpg,Toolbox,exito,0.31830988618379064,0.015104917808421908,0.050118472781489065,0.056751433719333916,0.028245605790019387,0.0677790856492642,0.05861256108814271,0.09882670496880669,0.033296915375474655,0.0550129227211794,0.09152574006800655,0.026573699701071853,0.01437249163330111,0.14014170560479716,0.13186600885464542,0.022934705304043814,0.0958790110388597,0.08509719380219963,0.04191667731027611,0.01399114669333603,0.06915348381201326,0.16445686050491903,0.23495789388865326,0.015357786589099517,0.14752573282249423
C:\Users\damba\.cache\kagglehub\datasets\salmaneunus\mechanical-tools-dataset\versions\20\Mechanical Tools Image dataset\Mechanical Tools Image dataset\Toolbox\000145.jpg,Toolbox,exito,0.3183098861837905,0.03298228964097986,0.022158323937324146,0.034763674014224845,0.07419225829165098,0.04869490254194924,0.03142142952253318,0.05922286489032546,0.04958342802682704,0.11144577989574257,0.08051564491818541,0.09701007330767694,0.03249731342155028,0.08840349097828665,0.07891828084245232,0.12253051235898617,0.094156690819682,0.06690732316514815,0.0918845276301885,0.1200170391579047,0.01789869765393312,0.11005398916491442,0.10634352771988079,0.18018042279330204,0.04383637773566709
C:\Users\damba\.cache\kagglehub\datasets\salmaneunus\mechanical-tools-dataset\versions\20\Mechanical Tools Image dataset\Mechanical Tools Image dataset\Toolbox\000146.jpg,Toolbox,exito,0.3183098861837905,0.014418297924439993,0.01801168498680397,0.03642937952450037,0.03952801121257655,0.04569479615330386,0.0084526395053959,0.06442918298355119,0.04544387657400533,0.0719042674129343,0.060876713094159034,0.09653926377349553,0.03321433200606522,0.09819334358525933,0.07610730756926117,0.11410968997370528,0.08209666249913286,0.031665758510144686,0.08247891321655958,0.11996726814118717,0.09319431168764915,0.12071327938826634,0.12445544317350599,0.17213478783972258,0.07597615101167274
C:\Users\damba\.cache\kagglehub\datasets\salmaneunus\mechanical-tools-dataset\versions\20\Mechanical Tools Image dataset\Mechanical Tools Image dataset\Toolbox\000147.jpg,Toolbox,exito,0.31830988618379047,0.018047568367523952,0.0463498574921718,0.040905556660009265,0.042199354612375437,0.05383913327629114,0.07706043247084884,0.02112633175294144,0.04349243462338041,0.07176019719758851,0.08669444036801084,0.0717014062728943,0.09111814835561195,0.11299645908990583,0.08410760037863695,0.0726646824401154,0.09895406352205068,0.09869046382403063,0.08496128032305239,0.09315116912017549,0.052740849780270355,0.2796873395202061,0.12132858527990113,0.1828837688702254,0.10547783838196083
C:\Users\damba\.cache\kagglehub\datasets\salmaneunus\mechanical-tools-dataset\versions\20\Mechanical Tools Image dataset\Mechanical Tools Image dataset\Toolbox\000149.jpg,Toolbox,exito,0.3183098861837906,0.025175712376560806,0.014336197142855575,0.009388405470155514,0.05667863431781504,0.08457007092154989,0.03966698887501973,0.014708338430064048,0.05849021333294792,0.08920448919945187,0.11434231030191294,0.07823932668922666,0.08147203811652125,0.08563304051712123,0.0697507325360213,0.05469669478502669,0.08851950164069701,0.08109492366160499,0.058181867399472134,0.05290755685598297,0.11911881823982673,0.16689458401929613,0.05861176456235796,0.13758700885177974,0.0682327122989321
C:\Users\damba\.cache\kagglehub\datasets\salmaneunus\mechanical-tools-dataset\versions\20\Mechanical Tools Image dataset\Mechanical Tools Image dataset\Toolbox\000150.jpg,Toolbox,exito,0.0,0.0,0.0,0.0,0.0,0.0,0.0,0.0,0.0,0.0,0.0,0.0,0.0,0.0,0.0,0.0,0.0,0.0,0.0,0.0,0.0,0.0,0.0,0.0,0.0
C:\Users\damba\.cache\kagglehub\datasets\salmaneunus\mechanical-tools-dataset\versions\20\Mechanical Tools Image dataset\Mechanical Tools Image dataset\Toolbox\000151.jpg,Toolbox,exito,0.3183098861837905,0.00960944594603257,0.017467187932219172,0.036954244616535445,0.012122543758505305,0.04578694041117351,0.00151211364577817,0.06713852350281888,0.0466467304605994,0.024762029105380792,0.057976778888459854,0.0916854797217631,0.06417718454475636,0.09672561936052805,0.09669780570662213,0.09423868321961842,0.028905105897760502,0.012757145552363805,0.04680663289639759,0.10331677658679393,0.1627866805360405,0.10327909004990046,0.16789299087260878,0.11606288798205866,0.09846578473529556
C:\Users\damba\.cache\kagglehub\datasets\salmaneunus\mechanical-tools-dataset\versions\20\Mechanical Tools Image dataset\Mechanical Tools Image dataset\Toolbox\000152.jpg,Toolbox,exito,0.3183098861837906,0.03321068832939627,0.004005308271005164,0.06391035308376519,0.07201260837557551,0.05669868914489934,0.014506356730083377,0.08865025930885943,0.01782881568606714,0.10606214978443296,0.1027504886624961,0.04226183884712787,0.06809754642407781,0.10806895267008795,0.017330892126793698,0.09320795385960252,0.11889565433793226,0.12249913986599291,0.060389994189749066,0.15590624518214946,0.1441636602066459,0.1642815035838167,0.051145510238178524,0.20961793671777268,0.13260910753526536
C:\Users\damba\.cache\kagglehub\datasets\salmaneunus\mechanical-tools-dataset\versions\20\Mechanical Tools Image dataset\Mechanical Tools Image dataset\Toolbox\000153.jpg,Toolbox,exito,0.3183098861837905,0.022563652799663655,0.019431203162491088,0.03575600058999876,0.03206497378852445,0.04275325982602143,0.008446467874747936,0.05795726745009505,0.0425630344900414,0.03435614645710177,0.03907335086740348,0.09580235061476167,0.05377519063322886,0.07490957880559021,0.12036783331606106,0.09071734133119547,0.05886134320536171,0.034626130916856075,0.07442518433405514,0.10953529994432151,0.15052125124008736,0.08245636141847583,0.22133738434000857,0.12498093447006602,0.1273843691373289
C:\Users\damba\.cache\kagglehub\datasets\salmaneunus\mechanical-tools-dataset\versions\20\Mechanical Tools Image dataset\Mechanical Tools Image dataset\Toolbox\000154.jpg,Toolbox,exito,0.3183098861837905,0.04701404196725631,0.0752829272302712,0.08067979081105947,0.09246682972533517,0.022811793877852874,0.09332286376726515,0.09243099817422999,0.014284123295484863,0.11437211245864932,0.058887654239286415,0.007553256472692119,0.057711158427665235,0.032118558353889035,0.030200445174978222,0.009578069320168784,0.053904375516323835,0.07467965379288355,0.006916872088655845,0.006447766229031843,0.02114412508206931,0.08674477015258052,0.08590306455921291,0.11172323227120556,0.09566144562529064
C:\Users\damba\.cache\kagglehub\datasets\salmaneunus\mechanical-tools-dataset\versions\20\Mechanical Tools Image dataset\Mechanical Tools Image dataset\Toolbox\000155.jpg,Toolbox,exito,0.3183098861837906,0.031219848288458533,0.012729920767464068,0.009171570541878764,0.06931473420362401,0.08412310567705508,0.030377977619437828,0.02137443143059635,0.0635769107592549,0.10812386378207414,0.1193587483328923,0.08240758431608315,0.052595209665504156,0.11015181518199103,0.09252821260577394,0.06146407682206115,0.11667980159727127,0.10481497616351607,0.07693483564751649,0.05824237488418125,0.059963274095925785,0.2190562897004879,0.10070767268923289,0.1588438624196802,0.06402442614178071
C:\Users\damba\.cache\kagglehub\datasets\salmaneunus\mechanical-tools-dataset\versions\20\Mechanical Tools Image dataset\Mechanical Tools Image dataset\Toolbox\000156.jpg,Toolbox,exito,0.3183098861837907,4.9388447735469545e-18,0.10610329539459702,1.3660169687215429e-17,8.834874115176436e-18,1.0374513396485638e-17,0.1473656880480518,0.0,0.09333160243043236,0.0,2.8161161242124886e-17,3.3130777931911632e-18,0.11767423090059402,0.0,0.21777373900434305,1.5461029701558764e-17,0.0,0.0,0.0,0.0,0.008896521167336226,0.0,0.32005644248658266,4.969616689786745e-18,0.19897096880710055
C:\Users\damba\.cache\kagglehub\datasets\salmaneunus\mechanical-tools-dataset\versions\20\Mechanical Tools Image dataset\Mechanical Tools Image dataset\Toolbox\000157.jpg,Toolbox,exito,0.31830988618379075,0.06324905170587085,0.0824982264107878,0.06371320234296743,0.06435814185578081,0.1016156644293575,0.052483956773464104,0.0380343407387832,0.03214799202150185,0.11032173365574119,0.1158556184583203,0.09979787898173438,0.01964043184188234,0.04647013361236446,0.11515180690046084,0.029461569243190208,0.1546112852593468,0.11419061601853633,0.09418100515106767,0.09165539218356962,0.047344779354192235,0.13885158331545244,0.10354043826578274,0.1384780705664376,0.02782857513039966
C:\Users\damba\.cache\kagglehub\datasets\salmaneunus\mechanical-tools-dataset\versions\20\Mechanical Tools Image dataset\Mechanical Tools Image dataset\Toolbox\000158.jpg,Toolbox,exito,0.0,0.0,0.0,0.0,0.0,0.0,0.0,0.0,0.0,0.0,0.0,0.0,0.0,0.0,0.0,0.0,0.0,0.0,0.0,0.0,0.0,0.0,0.0,0.0,0.0
C:\Users\damba\.cache\kagglehub\datasets\salmaneunus\mechanical-tools-dataset\versions\20\Mechanical Tools Image dataset\Mechanical Tools Image dataset\Toolbox\000159.jpg,Toolbox,exito,0.3183098861837906,0.014286766558479144,0.012571729876544717,0.006294450449216577,0.040070750988358474,0.00806468564251512,0.03385567061428302,0.02690514933506311,0.009930220418506816,0.0677288939508526,0.028854038543114875,0.15647006420435314,0.07759603169873538,0.05572035131201868,0.012168744756061365,0.11464563840267071,0.040185000578396066,0.007955173751848166,0.11087392828561886,0.12020780811797226,0.14118254500288963,0.059151802222465584,0.04813064730514217,0.09663955463134559,0.04248645383147247
C:\Users\damba\.cache\kagglehub\datasets\salmaneunus\mechanical-tools-dataset\versions\20\Mechanical Tools Image dataset\Mechanical Tools Image dataset\Toolbox\000160.jpg,Toolbox,exito,0.31830988618379047,0.020798493663461898,0.0307094579934365,0.0023566017886285373,0.04324945867170704,0.06661933147485702,0.0031068885228154298,0.010944602814718355,0.07974957738608342,0.06446844911447312,0.1121008236224719,0.11120269159216704,0.11585004199772334,0.03515632636677499,0.01635752949180177,0.022238695888769585,0.07617536980060975,0.14450384395228288,0.14234866939471544,0.1325693445505248,0.24331560405375074,0.07501559380486636,0.20012663598877733,0.0643210413923505,0.39750903685618566
C:\Users\damba\.cache\kagglehub\datasets\salmaneunus\mechanical-tools-dataset\versions\20\Mechanical Tools Image dataset\Mechanical Tools Image dataset\Toolbox\000161.jpg,Toolbox,exito,0.3183098861837905,0.04883367232060351,0.0282698029330116,0.03152918717967185,0.1054031937972359,0.04952416553256652,0.0642958917741477,0.04724191526182923,0.050247839400862804,0.15956595480778724,0.08818030801755553,0.10286738752576827,0.12755172341224105,0.0895394575353719,0.09768325178359435,0.13860473252626765,0.17618010761285335,0.09698341751906661,0.13807348049803556,0.13731511385072556,0.2019725482327478,0.16842224605899672,0.15566218738469487,0.23558214045774958,0.02144306194724557
C:\Users\damba\.cache\kagglehub\datasets\salmaneunus\mechanical-tools-dataset\versions\20\Mechanical Tools Image dataset\Mechanical Tools Image dataset\Toolbox\000162.jpg,Toolbox,exito,0.3183098861837906,0.018824099853802886,0.015653167352508508,0.009492964866659605,0.039727998419388975,0.08533076221167725,0.04869722840723644,0.010642515317824102,0.04991920910614975,0.06234240217839622,0.10775670903284688,0.07196233949164535,0.11295983355032942,0.054240583814766125,0.03575532458624009,0.04407539561300706,0.055238566179351446,0.053579210767905644,0.034033949750354814,0.04524986027899585,0.18525957776304575,0.1004615888602512,0.04440132541929624,0.10734280312270005,0.07542982610862493
C:\Users\damba\.cache\kagglehub\datasets\salmaneunus\mechanical-tools-dataset\versions\20\Mechanical Tools Image dataset\Mechanical Tools Image dataset\Toolbox\000163.jpg,Toolbox,exito,0.3183098861837905,0.01161554539420785,0.017667838832159728,0.03721651043868144,0.023496172614203184,0.046950716491497776,0.0032739055332429877,0.06976549461360533,0.04831031500199805,0.04143677059452331,0.06535257444389476,0.09018612078353899,0.05745605041670611,0.1031632175888781,0.09146431245239166,0.09471989514884711,0.03501818005350847,0.027576054494871303,0.038292270653695525,0.10011717633115255,0.14978855308933703,0.11053256439692177,0.1542020448044427,0.11101518539242668,0.09021190667595366
C:\Users\damba\.cache\kagglehub\datasets\salmaneunus\mechanical-tools-dataset\versions\20\Mechanical Tools Image dataset\Mechanical Tools Image dataset\Toolbox\000164.jpg,Toolbox,exito,0.3183098861837906,0.014764643038699121,0.016295711256251712,0.00909532524249067,0.03489246904780968,0.08513900061327795,0.05115841727050495,0.010053403688846971,0.05137792037776628,0.061462875154926926,0.10816098417154202,0.07379529954619556,0.11685326009400189,0.0640426481104524,0.03937212326032621,0.04597870454896803,0.06318282714707953,0.055194007346886884,0.040138963836363305,0.04739512663397628,0.18655590177242118,0.1217998187355155,0.028811602308692345,0.11451884493482435,0.072353526481483
C:\Users\damba\.cache\kagglehub\datasets\salmaneunus\mechanical-tools-dataset\versions\20\Mechanical Tools Image dataset\Mechanical Tools Image dataset\Toolbox\000165.jpg,Toolbox,exito,0.31830988618379047,0.012671035735731114,0.03199133237368659,0.0027468629909643554,0.027472194403186028,0.06645958323763515,0.003919855114989882,0.007528356822642095,0.084930869566063,0.04051072286772,0.11926172557397716,0.11896083343765085,0.09587471447419173,0.028741244994711968,0.01964692788550556,0.03315586368107376,0.04610866433261815,0.15451326299820922,0.15604067474773367,0.1294380837780688,0.20866039628044508,0.0669612270863413,0.11672220385665984,0.0713977298088917,0.37893197410887147
C:\Users\damba\.cache\kagglehub\datasets\salmaneunus\mechanical-tools-dataset\versions\20\Mechanical Tools Image dataset\Mechanical Tools Image dataset\Toolbox\000166.jpg,Toolbox,exito,0.3183098861837906,0.02166020544061421,0.003293572306213481,0.03228731837680246,0.04909948413930468,0.07196842367452799,0.05253397170593183,0.05040291774017159,0.09193111624203812,0.07303317932178928,0.1336072850127532,0.1703878499972436,0.1700090503052418,0.06971759716406978,0.08645698604384822,0.0585091696229552,0.05595595691985909,0.18010994930296728,0.2290001439964196,0.03771775679403713,0.3072795839697953,0.11405208635743405,0.1346914128880422,0.12112277449305939,0.280845614917706
C:\Users\damba\.cache\kagglehub\datasets\salmaneunus\mechanical-tools-dataset\versions\20\Mechanical Tools Image dataset\Mechanical Tools Image dataset\Toolbox\000167.jpg,Toolbox,exito,0.3183098861837907,0.01747840308316844,0.10754290466027328,0.0007198046328381696,0.046688123865939034,2.6349659163276874e-05,0.1561687259536223,0.004402423240525176,0.09333192804550514,0.09503265919039504,0.015478002138702141,0.015374531958182924,0.14818128077989207,0.01586026665175965,0.2207338133991062,0.0014773771363221862,0.15594221117276533,0.06920681778533205,0.0686559446472784,0.00010816373512491632,0.08609485779828874,0.04352955594060293,0.34081982900498364,0.010368374930213904,0.19896856300001006
C:\Users\damba\.cache\kagglehub\datasets\salmaneunus\mechanical-tools-dataset\versions\20\Mechanical Tools Image dataset\Mechanical Tools Image dataset\Toolbox\000168.jpg,Toolbox,exito,0.3183098861837905,0.02789390503302251,0.06445300310187303,0.035408066039612954,0.04872657932664792,0.04802454334898346,0.03854248452807746,0.05397087469194611,0.1375275702617362,0.06452520842275108,0.08643322991619948,0.08251563885757038,0.08381359345981901,0.07074179405221787,0.03885100909740467,0.0862758022812949,0.07792281626309268,0.1282258512390119,0.11956817366594472,0.09333294428767008,0.23514300447667405,0.08703106956496087,0.17216244628293928,0.11024758519781493,0.3249888230159228
C:\Users\damba\.cache\kagglehub\datasets\salmaneunus\mechanical-tools-dataset\versions\20\Mechanical Tools Image dataset\Mechanical Tools Image dataset\Toolbox\000169.jpg,Toolbox,exito,0.31830988618379047,0.04977753390179967,0.0362083809745915,0.0444327846819445,0.099889907972268,0.059392860547397716,0.026524443330293933,0.040131957574668496,0.04538963806701551,0.13198588467719657,0.10771305399054948,0.07344003567497406,0.037181262145342606,0.03910097151810001,0.10587240944115191,0.07263753876240685,0.10545902429895347,0.1387660842600707,0.08345572781237781,0.09600808252326076,0.1378597164018674,0.15248144556699397,0.17680907526908224,0.19664386711944434,0.06758772626430436
C:\Users\damba\.cache\kagglehub\datasets\salmaneunus\mechanical-tools-dataset\versions\20\Mechanical Tools Image dataset\Mechanical Tools Image dataset\Toolbox\000170.jpg,Toolbox,exito,0.0,0.0,0.0,0.0,0.0,0.0,0.0,0.0,0.0,0.0,0.0,0.0,0.0,0.0,0.0,0.0,0.0,0.0,0.0,0.0,0.0,0.0,0.0,0.0,0.0
C:\Users\damba\.cache\kagglehub\datasets\salmaneunus\mechanical-tools-dataset\versions\20\Mechanical Tools Image dataset\Mechanical Tools Image dataset\Toolbox\000171.jpg,Toolbox,exito,0.0,0.0,0.0,0.0,0.0,0.0,0.0,0.0,0.0,0.0,0.0,0.0,0.0,0.0,0.0,0.0,0.0,0.0,0.0,0.0,0.0,0.0,0.0,0.0,0.0
C:\Users\damba\.cache\kagglehub\datasets\salmaneunus\mechanical-tools-dataset\versions\20\Mechanical Tools Image dataset\Mechanical Tools Image dataset\Toolbox\000172.jpg,Toolbox,exito,0.31830988618379047,0.013531959273547337,0.03188502665018923,0.0026043554617110197,0.029737646484849934,0.0664978461432608,0.003166382381937092,0.007237094224672773,0.08360692812028053,0.04388893207184555,0.11718823326933653,0.11699333174282987,0.09812036034709722,0.026193714521308118,0.011796039738999734,0.029649094543398206,0.044120260798130084,0.15053409177647606,0.15200348995049554,0.13013888545153515,0.21073900591930206,0.05998285009379639,0.13840405702110176,0.06292490792806305,0.383427912090798
C:\Users\damba\.cache\kagglehub\datasets\salmaneunus\mechanical-tools-dataset\versions\20\Mechanical Tools Image dataset\Mechanical Tools Image dataset\Toolbox\000173.jpg,Toolbox,exito,0.3183098861837906,0.03231638811346718,0.0124016085633672,0.008061107539974993,0.07249288390121837,0.08388810740332048,0.02774949561282621,0.03135864732828325,0.06658913387891058,0.11743144183101767,0.1230701454681648,0.08617518525967763,0.041218230223809715,0.14127821806278895,0.10735216248726472,0.06606422664829277,0.14345935949917693,0.12420910192291149,0.09314369750467634,0.06306235578505594,0.025849712217479982,0.2804525206717162,0.13121692027436335,0.17781421893927904,0.05747952284882446
C:\Users\damba\.cache\kagglehub\datasets\salmaneunus\mechanical-tools-dataset\versions\20\Mechanical Tools Image dataset\Mechanical Tools Image dataset\Toolbox\000174.jpg,Toolbox,exito,0.3183098861837905,0.01438835042088447,0.018007619669131454,0.03649269097572508,0.014095795639452513,0.044584456182909925,0.0027379019066328435,0.06364832281756735,0.045083803546826555,0.007234129684258484,0.050173064943925316,0.09297948920308934,0.06511606607663742,0.08828511214461263,0.1075310847381031,0.09126738717370447,0.031202425516227338,0.012498343528331301,0.054553110888340736,0.1048965145932355,0.16822021124416056,0.09443374048888181,0.19163413691235562,0.11527099919547174,0.11099687743488573
C:\Users\damba\.cache\kagglehub\datasets\salmaneunus\mechanical-tools-dataset\versions\20\Mechanical Tools Image dataset\Mechanical Tools Image dataset\Toolbox\000175.jpg,Toolbox,exito,0.0,0.0,0.0,0.0,0.0,0.0,0.0,0.0,0.0,0.0,0.0,0.0,0.0,0.0,0.0,0.0,0.0,0.0,0.0,0.0,0.0,0.0,0.0,0.0,0.0
C:\Users\damba\.cache\kagglehub\datasets\salmaneunus\mechanical-tools-dataset\versions\20\Mechanical Tools Image dataset\Mechanical Tools Image dataset\Toolbox\000176.jpg,Toolbox,exito,0.3183098861837906,0.04334519860538215,0.004679917764511001,0.002747741792254836,0.0956302798750764,0.008929993038945773,0.010156437992765902,0.010009659641359234,0.01186374116646225,0.14217810620710064,0.038312356454906014,0.15940778564091648,0.049902978586699495,0.021748746860882847,0.05178841938915952,0.16480829831180738,0.120797814000262,0.04058292489645498,0.17284720412554652,0.07113520615157334,0.08237237742720868,0.044258190193385734,0.1011231726450958,0.1810284583627721,0.08228396330885451
C:\Users\damba\.cache\kagglehub\datasets\salmaneunus\mechanical-tools-dataset\versions\20\Mechanical Tools Image dataset\Mechanical Tools Image dataset\Toolbox\000177.jpg,Toolbox,exito,0.3183098861837905,0.04932286737721565,0.06042251031441864,0.06640362509915398,0.0929709083599456,0.06801661018293735,0.03159704653714708,0.08521211550709121,0.0631955211593356,0.14793336294874632,0.0648607431615231,0.10087993131770984,0.06973953044220345,0.09584773698466555,0.07600517020347908,0.14016933415506863,0.17115385237072636,0.07930243938873004,0.17554364231772762,0.13538481605262487,0.19163506132333064,0.10496503735442943,0.16701935093524728,0.18306901453184135,0.10698072126956074
C:\Users\damba\.cache\kagglehub\datasets\salmaneunus\mechanical-tools-dataset\versions\20\Mechanical Tools Image dataset\Mechanical Tools Image dataset\Toolbox\000178.jpg,Toolbox,exito,0.3183098861837906,0.013913788761208057,0.01641069904375604,0.008324934646967857,0.014094479410095687,0.08608002091800591,0.055539122310146925,0.00472298729522131,0.039010534608204445,0.017891493406111122,0.10067042015271839,0.06680714942571522,0.13985460917171497,0.02701829958556296,0.016660795415379473,0.03186550039689418,0.03273830485979355,0.030928243570138594,0.020883472412051483,0.03939017586404199,0.2407186258121956,0.05472435581578114,0.09485372363482018,0.0794564685596448,0.0816126346269822
C:\Users\damba\.cache\kagglehub\datasets\salmaneunus\mechanical-tools-dataset\versions\20\Mechanical Tools Image dataset\Mechanical Tools Image dataset\Toolbox\000179.jpg,Toolbox,exito,0.31830988618379064,0.00396476302198473,0.0491173766544148,0.05685731653613614,0.01746205378112521,0.07210796464627756,0.05560462504355878,0.10454656381449626,0.026091331273010814,0.04599064369956903,0.10466256996500393,0.023209678917251942,0.01208049200299459,0.1539676174188711,0.1042425771329596,0.02599221478032788,0.0635446461801124,0.08853355766910947,0.053558778056772505,0.009866051673483226,0.06791318249105915,0.17730685711664063,0.18891928326589053,0.00830608495816533,0.145642178400011
C:\Users\damba\.cache\kagglehub\datasets\salmaneunus\mechanical-tools-dataset\versions\20\Mechanical Tools Image dataset\Mechanical Tools Image dataset\Toolbox\000180.jpg,Toolbox,exito,0.3183098861837905,0.012658333380510879,0.017787121221425457,0.03728465149614725,0.0283166402301848,0.04737202638318857,0.004416405650801016,0.07047671892744209,0.04886153634825684,0.04906057558958458,0.06821184328421516,0.08994482605871028,0.052925999002285326,0.10496275625681374,0.08827781601852948,0.09615057980544228,0.03973953227893803,0.03392423497985667,0.037585214408732893,0.09980337526383645,0.14075226586651654,0.11263999917618547,0.14619266822610671,0.11234395092206927,0.0858369932284429
C:\Users\damba\.cache\kagglehub\datasets\salmaneunus\mechanical-tools-dataset\versions\20\Mechanical Tools Image dataset\Mechanical Tools Image dataset\Toolbox\000181.jpg,Toolbox,exito,0.3183098861837906,0.014277210085816885,0.016362419628376316,0.00831167187763735,0.01479399749768935,0.08609653865168912,0.05537456920564547,0.0049977854918662745,0.03881639595849485,0.017745122499237074,0.10060686119313314,0.06668983976405495,0.13965550736996638,0.026632902085737625,0.017551481698977092,0.03165449689203729,0.03229211433014222,0.03085376503950189,0.02065776470073658,0.039262069218065375,0.24070662697507053,0.053800149890422026,0.09619970921036461,0.07891347200689244,0.08179311458605254
C:\Users\damba\.cache\kagglehub\datasets\salmaneunus\mechanical-tools-dataset\versions\20\Mechanical Tools Image dataset\Mechanical Tools Image dataset\Toolbox\000182.jpg,Toolbox,exito,0.3183098861837906,0.047956079929243084,0.002696099267289423,0.001363349056180775,0.10473388255119791,0.008968574109528985,0.020775888356248138,0.0021022886346288403,0.012208865208779215,0.15603190227235905,0.03896555847699942,0.15998197001779416,0.07992093484952213,0.007789020324229516,0.06264221144788008,0.17327666945790973,0.14084165926868059,0.044402218901645626,0.18700226827218752,0.059254359656672737,0.1368465690845223,0.04721992532254385,0.1295296147078163,0.19677066975431654,0.08617349825762328
C:\Users\damba\.cache\kagglehub\datasets\salmaneunus\mechanical-tools-dataset\versions\20\Mechanical Tools Image dataset\Mechanical Tools Image dataset\Toolbox\000183.jpg,Toolbox,exito,0.3183098861837905,0.0025976380849362336,0.017063836992688555,0.03692775544365439,0.01605448803829164,0.043867305169740335,0.001321341408492072,0.06446904445197121,0.043401390142015536,0.04822695185927692,0.04817791474858692,0.09623865219818575,0.05840800505556027,0.09392484344098419,0.09018918807536508,0.10561686630423062,0.07766303333839213,0.03852763232670057,0.07812062433800618,0.11737419588161553,0.13994319433217375,0.11263895620405887,0.16554054607584207,0.1584063616927811,0.09975232940381855
C:\Users\damba\.cache\kagglehub\datasets\salmaneunus\mechanical-tools-dataset\versions\20\Mechanical Tools Image dataset\Mechanical Tools Image dataset\Toolbox\000184.jpg,Toolbox,exito,0.3183098861837905,0.01935908042252202,0.018798119937514544,0.03623545834635078,0.0477947937433048,0.047144820688616335,0.012686372436388569,0.06468714073466056,0.04762615784826792,0.07761610176656283,0.06946112159891818,0.09502313818281101,0.021996603395731784,0.09620579609032866,0.07497430127846681,0.1133335487747321,0.06645847203758141,0.038695824377044025,0.07393900097632293,0.11497600724678855,0.07878124197316329,0.11023936709951855,0.1112049816095772,0.16053617447213211,0.06591340930868424
C:\Users\damba\.cache\kagglehub\datasets\salmaneunus\mechanical-tools-dataset\versions\20\Mechanical Tools Image dataset\Mechanical Tools Image dataset\Toolbox\000185.jpg,Toolbox,exito,0.3183098861837906,0.03322431801799603,0.012121191414967638,0.009831674255405083,0.07246065620928566,0.08416933227171244,0.02768988019973469,0.017112707261392662,0.0631880098699347,0.10955813769102153,0.11901459623710645,0.08115152939699465,0.04720243248281275,0.09723624748641484,0.09041683730397092,0.060629189095111696,0.10968846718790583,0.10221666539115436,0.07252886897775915,0.056726056797366475,0.05651206950695462,0.19542741639565764,0.09794910538013171,0.15346361159149458,0.06709890108191174
C:\Users\damba\.cache\kagglehub\datasets\salmaneunus\mechanical-tools-dataset\versions\20\Mechanical Tools Image dataset\Mechanical Tools Image dataset\Toolbox\000186.jpg,Toolbox,exito,0.3183098861837905,0.01827356026929624,0.018605614182918735,0.036149611376217514,0.021656392922659525,0.04405570221932519,0.004870236926302083,0.06147648088712967,0.04441989741662734,0.011169803734328557,0.04675212440798186,0.09362004355397253,0.06196789002025241,0.08308117793710604,0.11385411499755925,0.0894736311417682,0.034032229415954726,0.01639119503506889,0.05884134384866728,0.10527870856670134,0.1654649405708672,0.08858250865905534,0.20451215913792536,0.11374753306620485,0.1175008106174811
C:\Users\damba\.cache\kagglehub\datasets\salmaneunus\mechanical-tools-dataset\versions\20\Mechanical Tools Image dataset\Mechanical Tools Image dataset\Toolbox\000187.jpg,Toolbox,exito,0.31830988618379064,0.01805722740819582,0.05057983884607747,0.056090301392625705,0.023704547239894017,0.06542588073102582,0.05912529144903588,0.09238700287050675,0.036150462558283525,0.016021639409621993,0.08251099590162114,0.028734116011103514,0.009396003547897084,0.12077187302956836,0.14270509388162841,0.020652401568824436,0.030926823262715553,0.054939063535399124,0.02292862652463052,0.015306975797037822,0.09194251479686794,0.12509368440300153,0.24526978565260776,0.014837280006598785,0.1490133632380039
C:\Users\damba\.cache\kagglehub\datasets\salmaneunus\mechanical-tools-dataset\versions\20\Mechanical Tools Image dataset\Mechanical Tools Image dataset\Toolbox\000188.jpg,Toolbox,exito,0.31830988618379047,0.016561250204338327,0.03145544015049216,0.0030317288508088375,0.03364996278834402,0.06647415341793507,0.001397750421818191,0.011066233785207921,0.08507389854899301,0.04996737899442819,0.1202078095727843,0.11891854572360638,0.10276861365648304,0.03970071897901648,0.021763821573008154,0.0354104444418063,0.06793487079693963,0.1582360634664147,0.15623318695121147,0.13045429582816903,0.22482776802124235,0.08660723375225021,0.11493294639117167,0.09302915849559425,0.37928004186385716
C:\Users\damba\.cache\kagglehub\datasets\salmaneunus\mechanical-tools-dataset\versions\20\Mechanical Tools Image dataset\Mechanical Tools Image dataset\Toolbox\000189.jpg,Toolbox,exito,0.31830988618379047,0.03762161372038812,0.03422867822093932,0.03350909150020531,0.08343775674415962,0.04915002857171491,0.016573048085343885,0.04683764446124523,0.05607900143272135,0.12469343409956499,0.08604988319613689,0.1167679917085606,0.059648346127826296,0.04159298266225773,0.0836067487193416,0.11363438759322912,0.10713414020432804,0.10892279265305743,0.1498045288165636,0.13384806526366422,0.15003810041155305,0.037807855737020696,0.15791761324018913,0.14316278488252457,0.18846981049456582
C:\Users\damba\.cache\kagglehub\datasets\salmaneunus\mechanical-tools-dataset\versions\20\Mechanical Tools Image dataset\Mechanical Tools Image dataset\Toolbox\000190.jpg,Toolbox,exito,0.0,0.0,0.0,0.0,0.0,0.0,0.0,0.0,0.0,0.0,0.0,0.0,0.0,0.0,0.0,0.0,0.0,0.0,0.0,0.0,0.0,0.0,0.0,0.0,0.0
C:\Users\damba\.cache\kagglehub\datasets\salmaneunus\mechanical-tools-dataset\versions\20\Mechanical Tools Image dataset\Mechanical Tools Image dataset\Toolbox\000191.jpg,Toolbox,exito,0.3183098861837906,0.028520964603186986,0.013489715760911259,0.008873386831568315,0.06440991520555724,0.08420576759561176,0.0342737597613027,0.021860915951295246,0.06257725212956217,0.10271716003233256,0.1182905545578306,0.08204602267877363,0.06299447889211922,0.11077388733521268,0.08812643431712903,0.06026111764216171,0.11308636936461901,0.10007584265324239,0.07447646430438595,0.057714823223382644,0.07717189930384848,0.21800893334516636,0.09111316523856748,0.15635421469113317,0.06333009719825555
C:\Users\damba\.cache\kagglehub\datasets\salmaneunus\mechanical-tools-dataset\versions\20\Mechanical Tools Image dataset\Mechanical Tools Image dataset\Toolbox\000192.jpg,Toolbox,exito,0.3183098861837905,0.043883356305265124,0.026106917275246277,0.033107255601167423,0.09563739328314239,0.05002974143839145,0.05253933348627373,0.052326801122925745,0.0515713968600376,0.14175982486680733,0.08978740335240643,0.09904131089706934,0.09216128106721141,0.07679425985684363,0.09218273792853925,0.12969137716067292,0.12940813520664873,0.0953761977037408,0.11061687765758393,0.12441330577420041,0.12575447484415853,0.10832470782958163,0.1373287278269266,0.19669568031307852,0.025142587586681742
C:\Users\damba\.cache\kagglehub\datasets\salmaneunus\mechanical-tools-dataset\versions\20\Mechanical Tools Image dataset\Mechanical Tools Image dataset\Toolbox\000193.jpg,Toolbox,exito,0.31830988618379064,0.003922762962056745,0.049115815550384995,0.05685287149583989,0.013961850076943321,0.07132708781791511,0.055167822171473,0.10349468600570995,0.02730706958656277,0.040846988807574196,0.10188320044084447,0.023760162171327252,0.009572430214477217,0.1508456053908053,0.1089543673029868,0.025427193924679577,0.05984227069434372,0.08353233969643019,0.050626022300303136,0.010555264118542865,0.0744033338261953,0.17204398423685183,0.1958214317957628,0.009430950519515006,0.14595771959041845
C:\Users\damba\.cache\kagglehub\datasets\salmaneunus\mechanical-tools-dataset\versions\20\Mechanical Tools Image dataset\Mechanical Tools Image dataset\Toolbox\000194.jpg,Toolbox,exito,0.3183098861837905,0.01883376170626903,0.018703573322715605,0.036247939383053436,0.022877762204156403,0.04490683347218718,0.005196722434629885,0.0632320526751509,0.045734766259201455,0.006134735171282834,0.05169008368667251,0.09202363526946042,0.06175801889175898,0.08743277282472132,0.11357005480518771,0.08685642487541792,0.01820485947766834,0.004370066001636463,0.048280251627251115,0.10134776685544017,0.16700129044234852,0.09240721074829009,0.20132028763682752,0.10237128798813282,0.11407356736014995
C:\Users\damba\.cache\kagglehub\datasets\salmaneunus\mechanical-tools-dataset\versions\20\Mechanical Tools Image dataset\Mechanical Tools Image dataset\Toolbox\000195.jpg,Toolbox,exito,0.3183098861837906,0.05280828743821662,0.00039207271392449676,0.0020233585928806455,0.11432510377408141,0.009040121977594092,0.032881931602931624,0.01118987143011851,0.012520935800825054,0.17220265179972502,0.03998593455688557,0.16045916389300935,0.11435923308083096,0.03807665380533027,0.07313307309978803,0.1812706915226767,0.17286929320558458,0.050941676076801376,0.20211464147079666,0.05361676004494093,0.2043649732269198,0.09371550063980745,0.15945165214903106,0.22114095282746554,0.09063586461919712
C:\Users\damba\.cache\kagglehub\datasets\salmaneunus\mechanical-tools-dataset\versions\20\Mechanical Tools Image dataset\Mechanical Tools Image dataset\Toolbox\000196.jpg,Toolbox,exito,0.0,0.0,0.0,0.0,0.0,0.0,0.0,0.0,0.0,0.0,0.0,0.0,0.0,0.0,0.0,0.0,0.0,0.0,0.0,0.0,0.0,0.0,0.0,0.0,0.0
C:\Users\damba\.cache\kagglehub\datasets\salmaneunus\mechanical-tools-dataset\versions\20\Mechanical Tools Image dataset\Mechanical Tools Image dataset\Toolbox\000197.jpg,Toolbox,exito,0.0,0.0,0.0,0.0,0.0,0.0,0.0,0.0,0.0,0.0,0.0,0.0,0.0,0.0,0.0,0.0,0.0,0.0,0.0,0.0,0.0,0.0,0.0,0.0,0.0
C:\Users\damba\.cache\kagglehub\datasets\salmaneunus\mechanical-tools-dataset\versions\20\Mechanical Tools Image dataset\Mechanical Tools Image dataset\Toolbox\000198.jpg,Toolbox,exito,0.0,0.0,0.0,0.0,0.0,0.0,0.0,0.0,0.0,0.0,0.0,0.0,0.0,0.0,0.0,0.0,0.0,0.0,0.0,0.0,0.0,0.0,0.0,0.0,0.0
C:\Users\damba\.cache\kagglehub\datasets\salmaneunus\mechanical-tools-dataset\versions\20\Mechanical Tools Image dataset\Mechanical Tools Image dataset\Toolbox\000199.jpg,Toolbox,exito,0.3183098861837906,0.12736914485533457,0.08182944558730296,0.11951164965847558,0.03657089398841748,0.03854952684111353,0.003177280531483099,0.024952401628282415,0.014007936796656456,0.09646003508633937,0.10218384057721239,0.05229405728601705,0.16307739785390074,0.03317618782400375,0.0794130988693528,0.009850707737159294,0.030516793463515667,0.005934937878916567,0.07546389504023862,0.002929502716939209,0.2815334481691933,0.11325809161882099,0.09017416976866226,0.059681539778459004,0.14204842211146282
C:\Users\damba\.cache\kagglehub\datasets\salmaneunus\mechanical-tools-dataset\versions\20\Mechanical Tools Image dataset\Mechanical Tools Image dataset\Toolbox\000200.jpg,Toolbox,exito,0.0,0.0,0.0,0.0,0.0,0.0,0.0,0.0,0.0,0.0,0.0,0.0,0.0,0.0,0.0,0.0,0.0,0.0,0.0,0.0,0.0,0.0,0.0,0.0,0.0
C:\Users\damba\.cache\kagglehub\datasets\salmaneunus\mechanical-tools-dataset\versions\20\Mechanical Tools Image dataset\Mechanical Tools Image dataset\Toolbox\000201.jpg,Toolbox,exito,0.3183098861837906,0.012973296330390986,0.0165298616952145,0.008556811212168343,0.016083928835559726,0.0859482612109626,0.05551333715122907,0.006312038963090717,0.040977841463714436,0.026615872015625427,0.10170519874402303,0.06771325198495884,0.13793611840619427,0.032937813924505725,0.012870611191022055,0.034012510791939274,0.03659003779166416,0.03354033556429287,0.022590446124770725,0.04037799850652159,0.2351887058443976,0.06359966761275268,0.08398743385235988,0.08434614072757364,0.08032250667387242
C:\Users\damba\.cache\kagglehub\datasets\salmaneunus\mechanical-tools-dataset\versions\20\Mechanical Tools Image dataset\Mechanical Tools Image dataset\Toolbox\000202.jpg,Toolbox,exito,0.3183098861837907,0.20574800650005837,0.09561379875811432,0.13354189412040848,0.19573328905652515,0.15681851459859894,0.026499090925210623,0.10212778830700989,0.0815728547587311,0.17514929539315646,0.09948100481908372,0.07750934208528382,0.005721796570233662,0.19415614019436148,0.1432413642784075,0.07273763786248215,0.13856422127717394,0.1502954026504438,0.11180815099973797,0.11485709251091375,0.2379553734588913,0.07694801542089816,0.25943344421753545,0.24241350415413954,0.09097297661458685
C:\Users\damba\.cache\kagglehub\datasets\salmaneunus\mechanical-tools-dataset\versions\20\Mechanical Tools Image dataset\Mechanical Tools Image dataset\Toolbox\000203.jpg,Toolbox,exito,0.3183098861837905,0.02306434594352529,0.019538860639357808,0.03681941415490381,0.0543993187939563,0.0490314279356938,0.015996188728042027,0.06930911075180783,0.050894054579877855,0.08476004725381489,0.08021599027878015,0.09098251313439756,0.01487608484656096,0.10295941729954813,0.07785942072667364,0.10652168835905869,0.061173378018988894,0.06257942538687818,0.04976726953035429,0.1028355874963118,0.07094177082149954,0.10923908119456163,0.11148857264696989,0.12989477715776068,0.06291120621998124
C:\Users\damba\.cache\kagglehub\datasets\salmaneunus\mechanical-tools-dataset\versions\20\Mechanical Tools Image dataset\Mechanical Tools Image dataset\Toolbox\000204.jpg,Toolbox,exito,0.3183098861837906,0.03428279039621411,0.0036643202848670505,0.0637043628170121,0.07371308716664482,0.05704700321625962,0.016364069162893062,0.08805469036106964,0.017630113336849378,0.10810897534505164,0.10411536761197003,0.0420757231327463,0.0736242707360361,0.10850578060313161,0.016264503588020954,0.09374586938114803,0.12385472603541572,0.12605438601774327,0.06138935860249561,0.15706164365261763,0.15560722857885056,0.16947887526185682,0.05014064592807368,0.21316840313793317,0.13403940925615884
C:\Users\damba\.cache\kagglehub\datasets\salmaneunus\mechanical-tools-dataset\versions\20\Mechanical Tools Image dataset\Mechanical Tools Image dataset\Toolbox\000205.jpg,Toolbox,exito,0.31830988618379047,0.01145692192228274,0.032129377504961615,0.0024028872294987193,0.02693052126865444,0.06649647749046006,0.00425647410920652,0.003428581388852045,0.08321713967092267,0.03948341606598323,0.1161915626397388,0.11655558546403373,0.09517751044468938,0.01480019184196203,0.00806889518274362,0.0274165118588389,0.02472981201763944,0.14767546871913545,0.151037161387596,0.12978510779511823,0.20303144984965407,0.040444783367106885,0.1443776506592715,0.04378358491609224,0.384299645388198
C:\Users\damba\.cache\kagglehub\datasets\salmaneunus\mechanical-tools-dataset\versions\20\Mechanical Tools Image dataset\Mechanical Tools Image dataset\Toolbox\000206.jpg,Toolbox,exito,0.3183098861837906,0.034547088748424284,0.011698744435836832,0.008313009257275315,0.07657868212530211,0.08380598546797605,0.02413608913010049,0.03134888676654646,0.06749194988333243,0.12220221777782421,0.1240719508882877,0.08662921432599095,0.031451764151261795,0.14193175369009456,0.11143804446096606,0.0672219766824372,0.1481457279533675,0.12903636041207178,0.09609778972612608,0.06371919193206532,0.00893149236994681,0.2842612746915777,0.14059638209769482,0.18072571331833479,0.05807346916430835
C:\Users\damba\.cache\kagglehub\datasets\salmaneunus\mechanical-tools-dataset\versions\20\Mechanical Tools Image dataset\Mechanical Tools Image dataset\Toolbox\000207.jpg,Toolbox,exito,0.3183098861837905,0.006168284346887025,0.01721133480624528,0.0370015339529997,0.023748445206813268,0.04312387674728947,0.0026338838819749467,0.0641140121212539,0.04222364483333515,0.06087300270278112,0.044576439868735496,0.09774287846766763,0.05263630559481664,0.09551648082311802,0.08971333106019656,0.10914685373554985,0.09859298812997137,0.05167656503537817,0.08902960768347191,0.12239994643736726,0.12349214164862825,0.12266201023784223,0.17049015575444382,0.17378620765226938,0.10235517835485372
C:\Users\damba\.cache\kagglehub\datasets\salmaneunus\mechanical-tools-dataset\versions\20\Mechanical Tools Image dataset\Mechanical Tools Image dataset\Toolbox\000208.jpg,Toolbox,exito,0.3183098861837906,0.04004762685711315,0.005975795636309185,0.0035070330133386163,0.08915386553251944,0.008878456010390483,0.0031608439830616186,0.013693678488962935,0.011615805337546782,0.1327099233136788,0.03763202129555955,0.15900530994942536,0.030089573456673315,0.029591436320428103,0.04412091934075229,0.1587244394536326,0.10852553605215474,0.03721294295990447,0.1634112337523181,0.07898130568805345,0.04710078527438784,0.0457418104586295,0.08191125978758154,0.1707284042165348,0.07903432343096195
C:\Users\damba\.cache\kagglehub\datasets\salmaneunus\mechanical-tools-dataset\versions\20\Mechanical Tools Image dataset\Mechanical Tools Image dataset\Toolbox\000209.jpg,Toolbox,exito,0.3183098861837905,0.0371997243986231,0.07917771977036941,0.07874520552587166,0.07272596324355468,0.017899100554524993,0.1125312796275679,0.08128846158892282,0.015836126476176382,0.08630871188048814,0.04487981955019923,0.0061569536689949885,0.10613675234393638,0.0023877935251219316,0.023172651085773124,0.010312920547833436,0.02485546972212536,0.05087136943194821,0.0043101207676543764,0.005219367922366445,0.05158301563703413,0.14161981680505506,0.06751923738583243,0.11235213032911735,0.09646635351437928
C:\Users\damba\.cache\kagglehub\datasets\salmaneunus\mechanical-tools-dataset\versions\20\Mechanical Tools Image dataset\Mechanical Tools Image dataset\Toolbox\000210.jpg,Toolbox,exito,0.3183098861837907,0.2491291691620879,0.09270342721470037,0.04718303704872701,0.14767429023451142,0.04847133832828453,0.01634432680947615,0.08870483311045156,0.11558855174351024,0.10765332593823729,0.16920595928632676,0.09737852423199841,0.06346026858726878,0.17330202757470425,0.14100097903254408,0.10853424150853136,0.0393712768399691,0.23425281477493862,0.1492921596497746,0.14886899240788556,0.1597250235542303,0.13175128541588327,0.2585126631267974,0.054764354963786566,0.1479692328236011
C:\Users\damba\.cache\kagglehub\datasets\salmaneunus\mechanical-tools-dataset\versions\20\Mechanical Tools Image dataset\Mechanical Tools Image dataset\Toolbox\000211.jpg,Toolbox,exito,0.3183098861837906,0.04916821039958717,0.002189424369941276,0.06233519229883641,0.10020377241137736,0.06305478403614083,0.04625836441054484,0.08476757040637087,0.011388178386446119,0.13941761189776608,0.12336759382510588,0.04017056095052978,0.15359944989538704,0.08735207812430636,0.04175626870500006,0.09557944049857955,0.13559005298999158,0.1675980161522692,0.062181515539628876,0.157382569525428,0.29182957087720246,0.1166570536453876,0.11898905973695137,0.2171847499034927,0.12531868732611923
C:\Users\damba\.cache\kagglehub\datasets\salmaneunus\mechanical-tools-dataset\versions\20\Mechanical Tools Image dataset\Mechanical Tools Image dataset\Toolbox\000212.jpg,Toolbox,exito,0.3183098861837905,0.018907752214424582,0.01871673273394392,0.037548821511317845,0.04402540205331761,0.04885791642296494,0.010106527068913388,0.07341188409119129,0.05105712228233344,0.07207970093526557,0.07792116281051314,0.08829197072801583,0.034959193416002315,0.1128038607265275,0.08406868779884645,0.09720925299071857,0.06346093879889622,0.05870088603440274,0.02992517589663038,0.0958711399174885,0.10692881154327553,0.12501066048535311,0.13267691117748487,0.10735875615552422,0.07632997704008582
C:\Users\damba\.cache\kagglehub\datasets\salmaneunus\mechanical-tools-dataset\versions\20\Mechanical Tools Image dataset\Mechanical Tools Image dataset\Toolbox\000213.jpg,Toolbox,exito,0.3183098861837906,0.018452749000129227,0.015718399961885444,0.00946341614645045,0.038289791596759194,0.08540128810909399,0.04927132948732951,0.010751537660789727,0.049088842214723996,0.05991084156284677,0.10721039241083069,0.07143603686314765,0.11521200279090311,0.05213902355518774,0.03296620601904626,0.04310061133295927,0.052899151232550276,0.05158955546760756,0.03229168324792371,0.04462890313897619,0.1900482643415912,0.0958315918752053,0.047818192797613755,0.10481304315298447,0.07604957081519018
C:\Users\damba\.cache\kagglehub\datasets\salmaneunus\mechanical-tools-dataset\versions\20\Mechanical Tools Image dataset\Mechanical Tools Image dataset\Toolbox\000214.jpg,Toolbox,exito,0.3183098861837907,0.010229593045482191,0.1065964213313881,0.00024656296839557285,0.027294762481890063,5.282564645857439e-06,0.15037987206547443,0.0015071981130318193,0.0933316857753288,0.05529520282870524,0.00904258925059637,0.008998254748942693,0.12810419829622932,0.005622957487910134,0.21878722625266145,0.0005060629127913176,0.08954101667507292,0.04029226662051594,0.04005732713676528,2.1684602340212482e-05,0.03518967303619068,0.016094306064366938,0.32715625614312455,0.0035455770848113743,0.19897035298168086
C:\Users\damba\.cache\kagglehub\datasets\salmaneunus\mechanical-tools-dataset\versions\20\Mechanical Tools Image dataset\Mechanical Tools Image dataset\Toolbox\000215.jpg,Toolbox,exito,0.3183098861837905,0.02007044873202825,0.018930297347249936,0.037597724962123484,0.046724034460504375,0.04911709989485891,0.01135023787910866,0.07394463652528122,0.05145097347968105,0.07616330747551119,0.07963216085144488,0.08800097230929507,0.031158157595184886,0.11432191908113855,0.0836643752118614,0.09734860549302463,0.06850334761949094,0.06326471297895553,0.028684659965052126,0.09514178074512777,0.09972808246587139,0.12785159966678866,0.13104080315810085,0.1064116178620724,0.07487987023582902
C:\Users\damba\.cache\kagglehub\datasets\salmaneunus\mechanical-tools-dataset\versions\20\Mechanical Tools Image dataset\Mechanical Tools Image dataset\Toolbox\000216.jpg,Toolbox,exito,0.31830988618379075,0.04071397534866217,0.09829190846958775,0.08681159413536685,0.041980919579648314,0.04150417596279865,0.11415795926848976,0.06364033455900799,0.011301609041609696,0.07086934096764251,0.023885655042160524,0.0316727308612019,0.1284620711045273,0.054155634775241504,0.035611410156397856,0.024306457604352686,0.07470923448109552,0.021663721102068243,0.04371312847324783,0.022588225426229763,0.14591253789064065,0.2010801704886056,0.027068909760335814,0.09848587496732436,0.12102777311485649
C:\Users\damba\.cache\kagglehub\datasets\salmaneunus\mechanical-tools-dataset\versions\20\Mechanical Tools Image dataset\Mechanical Tools Image dataset\Toolbox\000217.jpg,Toolbox,exito,0.3183098861837906,0.0232337880590211,0.010989794048696166,0.005525184745603756,0.05696161974087132,0.008397673680295965,0.024406510686217794,0.022886161934385706,0.010505617396506071,0.08851822988727778,0.03231774016141197,0.1573253380090993,0.0490317156331021,0.045726377438807635,0.007673827043347157,0.13002464981540177,0.05534090292731358,0.01792735459575693,0.12549199475848927,0.10663033227005408,0.09251259929137326,0.04267547972130339,0.010068817355241443,0.11739268140532988,0.05684483598971661
C:\Users\damba\.cache\kagglehub\datasets\salmaneunus\mechanical-tools-dataset\versions\20\Mechanical Tools Image dataset\Mechanical Tools Image dataset\Toolbox\000218.jpg,Toolbox,exito,0.3183098861837905,0.013932141193961344,0.01794673527559015,0.03737038906987812,0.030056241745139843,0.04760549266661096,0.004972940411335394,0.07131942391442468,0.049293993943839536,0.05093337047904905,0.06949207116236401,0.08923255730742988,0.05210588680600766,0.1071480258633193,0.08982325466299913,0.09443036323576615,0.044023541998446596,0.03803861246461368,0.033003828838087196,0.09788800924120228,0.13973806072950232,0.1161350392812805,0.14924832275705957,0.10694194509871448,0.08666794779482535
C:\Users\damba\.cache\kagglehub\datasets\salmaneunus\mechanical-tools-dataset\versions\20\Mechanical Tools Image dataset\Mechanical Tools Image dataset\Toolbox\000219.jpg,Toolbox,exito,0.3183098861837906,0.03807025957225692,0.002372961022512681,0.06312060256084831,0.07991819209529098,0.05841111247845216,0.023154441872909617,0.08636534412894971,0.016608620508374226,0.11499586383741109,0.10894399024541325,0.04145351582453291,0.09274590107324843,0.10696947836047285,0.016895569442916907,0.09496285771155821,0.1330993941633632,0.13711663847671693,0.06289019008448656,0.1593371779049463,0.19173176894965474,0.17521855568101408,0.05516430235052129,0.22032206124652812,0.13578691783074032
C:\Users\damba\.cache\kagglehub\datasets\salmaneunus\mechanical-tools-dataset\versions\20\Mechanical Tools Image dataset\Mechanical Tools Image dataset\Toolbox\000220.jpg,Toolbox,exito,0.0,0.0,0.0,0.0,0.0,0.0,0.0,0.0,0.0,0.0,0.0,0.0,0.0,0.0,0.0,0.0,0.0,0.0,0.0,0.0,0.0,0.0,0.0,0.0,0.0
C:\Users\damba\.cache\kagglehub\datasets\salmaneunus\mechanical-tools-dataset\versions\20\Mechanical Tools Image dataset\Mechanical Tools Image dataset\Toolbox\000221.jpg,Toolbox,exito,0.3183098861837906,0.016496685099756818,0.016040554547786752,0.008216507716123542,0.018932046295433203,0.0862003388271469,0.0542561084709125,0.0065933527952617395,0.037585606406322476,0.01733325845762952,0.10022317018156449,0.06596292036606423,0.13820059842749088,0.024663017176388056,0.0230714204344456,0.03032724899690843,0.02959386467959999,0.030527171080306247,0.019362856977806285,0.03847297637940962,0.24028316500312671,0.04850566554527391,0.1046501266256502,0.07552552387362535,0.08291517776705322
C:\Users\damba\.cache\kagglehub\datasets\salmaneunus\mechanical-tools-dataset\versions\20\Mechanical Tools Image dataset\Mechanical Tools Image dataset\Toolbox\000222.jpg,Toolbox,exito,0.3183098861837905,0.04593105421293857,0.026973585835412435,0.03241894647840657,0.09962251041214985,0.04978382124630765,0.05727096993220209,0.04975894131053743,0.05095937359092741,0.1487703808647709,0.08889036709960707,0.10074595218613899,0.10638631895613711,0.08029206748215502,0.09438820361496784,0.13359151025518212,0.1477158967157663,0.09527476280963862,0.12261461511476497,0.13002267444746898,0.15590588610154896,0.13192163143644298,0.14455581314900423,0.21330513950397956,0.022580037687924038
C:\Users\damba\.cache\kagglehub\datasets\salmaneunus\mechanical-tools-dataset\versions\20\Mechanical Tools Image dataset\Mechanical Tools Image dataset\Toolbox\000223.jpg,Toolbox,exito,0.3183098861837905,0.016006365026652526,0.01823937068755824,0.03656747989169536,0.04095533421371866,0.04703638206821258,0.009195319460660096,0.06609960980301537,0.04766615974553924,0.06846280367933687,0.0681419715362327,0.09397926719417588,0.03320213555587115,0.0974712170085077,0.07667598830293434,0.10963179710824392,0.05613227904699555,0.0346511296062478,0.06615962800899543,0.11178592991855583,0.10013556941613423,0.10782392768367137,0.11776763328836698,0.15020959415253837,0.07109252606528592
C:\Users\damba\.cache\kagglehub\datasets\salmaneunus\mechanical-tools-dataset\versions\20\Mechanical Tools Image dataset\Mechanical Tools Image dataset\Toolbox\000224.jpg,Toolbox,exito,0.3183098861837906,0.014994359457484454,0.016263496745596653,0.008289115415766612,0.040690771754547946,0.08462841987265497,0.04908198954546533,0.019044542902470138,0.05703445691808338,0.0765679811026617,0.11249759967288593,0.07897093268127692,0.10467318527588286,0.09861483915194388,0.0631068846616436,0.05331038050458154,0.09101060472128228,0.0742632359378149,0.059260083605336154,0.05366543839809899,0.15145217952239381,0.18770945322015056,0.0392903725035803,0.1384951712253849,0.06429701553918517
C:\Users\damba\.cache\kagglehub\datasets\salmaneunus\mechanical-tools-dataset\versions\20\Mechanical Tools Image dataset\Mechanical Tools Image dataset\Toolbox\000225.jpg,Toolbox,exito,0.31830988618379064,0.019325891523189666,0.050803331534586306,0.0565002759465237,0.03456256530977792,0.06615079666358073,0.061196110768367735,0.09564324048438996,0.03577138625507427,0.058928212915352204,0.08678833536507075,0.028065668958935617,0.018679395307497192,0.13203579916135486,0.14129983994635412,0.021665102824766438,0.10024010521356069,0.08395103961307247,0.03761213758347256,0.01529649080786578,0.06502669180546751,0.15356691155981256,0.24989623379157827,0.017112724310531607,0.14843277135223895
C:\Users\damba\.cache\kagglehub\datasets\salmaneunus\mechanical-tools-dataset\versions\20\Mechanical Tools Image dataset\Mechanical Tools Image dataset\Toolbox\000226.jpg,Toolbox,exito,0.31830988618379064,0.31115764652840844,0.029713922876568124,0.0414494603624793,0.23857754652343977,0.21296794570451744,0.22875342554402858,0.23123977454496414,0.13971282080937097,0.11007554623313189,0.020252960069674107,0.07989979425870893,0.04569188225599995,0.07875257327307396,0.1599704521726391,0.0812515975256565,0.09981805254905793,0.09166207041613379,0.08824025518559231,0.12816242877990172,0.20682837563769554,0.04613945120284498,0.10061271140891156,0.10032549251551856,0.22813331791401892
C:\Users\damba\.cache\kagglehub\datasets\salmaneunus\mechanical-tools-dataset\versions\20\Mechanical Tools Image dataset\Mechanical Tools Image dataset\Toolbox\000227.jpg,Toolbox,exito,0.3183098861837905,0.04084514496786396,0.07783701507757808,0.07942728093861255,0.08008006232699681,0.019711516122535754,0.10590117769859018,0.08517436860133953,0.015286181021220683,0.09645189424453603,0.04989891132689757,0.006690332693942739,0.08945315200744644,0.010904729966323638,0.02558984610728867,0.010050337943182783,0.03390960813681116,0.0589583177886299,0.005203199450428849,0.0056849912997991746,0.027037612372846503,0.12311054570962786,0.07375209629139565,0.11216101310955574,0.09618031657842453
C:\Users\damba\.cache\kagglehub\datasets\salmaneunus\mechanical-tools-dataset\versions\20\Mechanical Tools Image dataset\Mechanical Tools Image dataset\Toolbox\000228.jpg,Toolbox,exito,0.3183098861837906,0.014137098590008862,0.016381180456096708,0.009130557014637011,0.03124155633454043,0.08534435752239129,0.052329953125859224,0.009016460644763018,0.04902206697470161,0.05470371612797048,0.1066022277324319,0.0721088113349522,0.12227364498878086,0.05518499071804673,0.030534637706691993,0.04314055262218687,0.055256116735564985,0.04924221300065124,0.034432849945177355,0.04539760040602314,0.1994282869080433,0.10416401070478847,0.0398682877063503,0.10659064708575192,0.07459899902426102
C:\Users\damba\.cache\kagglehub\datasets\salmaneunus\mechanical-tools-dataset\versions\20\Mechanical Tools Image dataset\Mechanical Tools Image dataset\Toolbox\000229.jpg,Toolbox,exito,0.3183098861837905,0.018512557140579238,0.01864704440869491,0.03671144005542546,0.04531769937968743,0.04792756976417341,0.01118845815049476,0.06765673895305979,0.049132644714347626,0.07266814723509753,0.07332623521866288,0.09240661975931647,0.028365217734231254,0.09954801719007138,0.0772340444416134,0.1074061221202633,0.05100314770633913,0.04507539196886294,0.05688339072362427,0.10705998065799303,0.09396302313657719,0.10607285561042055,0.11493001022679311,0.13860005841570616,0.06805649671064172
C:\Users\damba\.cache\kagglehub\datasets\salmaneunus\mechanical-tools-dataset\versions\20\Mechanical Tools Image dataset\Mechanical Tools Image dataset\Toolbox\000230.jpg,Toolbox,exito,0.3183098861837905,0.02323547206806618,0.019576197408181895,0.03564958847168212,0.05674909336598457,0.04586894624305507,0.017893717436588803,0.06207861038321324,0.045146591945876696,0.09611394862755065,0.06383546054480782,0.09906429120830004,0.0031121097294200366,0.10250571059546612,0.07301401459668357,0.12287883003362197,0.11494777637082314,0.03954250249773375,0.10144243234529997,0.12863650572680932,0.03250242830984704,0.1436862333037815,0.1127749094945774,0.20009903057274914,0.06615834489281251
C:\Users\damba\.cache\kagglehub\datasets\salmaneunus\mechanical-tools-dataset\versions\20\Mechanical Tools Image dataset\Mechanical Tools Image dataset\Toolbox\000231.jpg,Toolbox,exito,0.3183098861837906,0.0283060938095007,0.013547256269425108,0.007699705483173104,0.06527986394716186,0.08402403254950491,0.033667524032595514,0.031112435390933894,0.06500088693215532,0.10923381376818468,0.12128197234347192,0.08534130098305213,0.05730930005528122,0.13932836671520488,0.10013320762175215,0.06401899817326645,0.13547884619935688,0.11567636146775728,0.08803309329913703,0.06188089115146313,0.053905098816700664,0.2726165148370081,0.11490411006333763,0.17254864556720861,0.0567832503989386
C:\Users\damba\.cache\kagglehub\datasets\salmaneunus\mechanical-tools-dataset\versions\20\Mechanical Tools Image dataset\Mechanical Tools Image dataset\Toolbox\000232.jpg,Toolbox,exito,0.3183098861837906,0.019609459075122015,0.015510927897076393,0.008117872677401347,0.04907629460539258,0.08442315445598289,0.04466772917794735,0.02287123610982903,0.05971744665255853,0.08724603352749606,0.11522304574199499,0.08102491615551032,0.0907729875749156,0.11157643319777101,0.07539305521480354,0.056821856616993474,0.10407149311695421,0.08667456705178414,0.06802048841513852,0.05626333296964164,0.12281363976054688,0.21381158596595065,0.06330361930355817,0.14922175910479948,0.06174774682298018
C:\Users\damba\.cache\kagglehub\datasets\salmaneunus\mechanical-tools-dataset\versions\20\Mechanical Tools Image dataset\Mechanical Tools Image dataset\Toolbox\000233.jpg,Toolbox,exito,0.31830988618379064,0.4171403803853125,0.3934491662912404,0.19724182593667514,0.18498072912663607,0.14323966556977138,0.2709073751699635,0.12872291750783446,0.2891581696057111,0.282409498879674,0.31782929458466613,0.1522598922557949,0.6203064739223162,0.14717964815662107,0.30769680658318216,0.04458973959545255,0.5216076290294542,0.385749139504286,0.1855128695764563,0.01680077466033466,0.6292295579102991,0.325837039551951,0.6249634659892466,0.13230809596831583,0.318680699549197
C:\Users\damba\.cache\kagglehub\datasets\salmaneunus\mechanical-tools-dataset\versions\20\Mechanical Tools Image dataset\Mechanical Tools Image dataset\Toolbox\000234.jpg,Toolbox,exito,0.31830988618379047,0.03242811186014461,0.03594306126040604,0.03309711385037743,0.07358753699815061,0.04863789753191049,0.025888075321575065,0.044412632672472606,0.055507629692728856,0.1106488526261821,0.0832872763840684,0.1128899573611412,0.03346192672669187,0.036744555145383634,0.06439707370907935,0.10605286233288519,0.09135334546771644,0.09893743096254723,0.12935738551007223,0.14255780599025114,0.10539838671156936,0.031149943365258684,0.10900461826414291,0.14606245225158257,0.18490321441580854
C:\Users\damba\.cache\kagglehub\datasets\salmaneunus\mechanical-tools-dataset\versions\20\Mechanical Tools Image dataset\Mechanical Tools Image dataset\Toolbox\000235.jpg,Toolbox,exito,0.3183098861837905,0.023267255693611415,0.01958316243825252,0.0369482694811934,0.0547682033004268,0.0492079148079544,0.01611198383843135,0.07019108237409728,0.05122532857647663,0.08559753801627942,0.0812029500612218,0.09041474411932246,0.014829457118810665,0.10500815987323654,0.07840411975083876,0.10538222175645194,0.06390867903447466,0.06529264751720958,0.04627945197846123,0.10127963150992693,0.07084183269118285,0.11226931838490442,0.1129003192723658,0.1259089083482322,0.06355516409201505
C:\Users\damba\.cache\kagglehub\datasets\salmaneunus\mechanical-tools-dataset\versions\20\Mechanical Tools Image dataset\Mechanical Tools Image dataset\Toolbox\000236.jpg,Toolbox,exito,0.31830988618379064,0.018419835521242097,0.050642169044725426,0.0565295075875099,0.032620030973470375,0.06640980251945267,0.060487707659887625,0.09606745967669932,0.03533357734794805,0.05613898718537163,0.08738075991869255,0.027819000629720002,0.017034473489668935,0.1329055522538791,0.13963171831867202,0.02184527243952249,0.09625616281291383,0.08243934011856147,0.03757675636473153,0.015056815198837262,0.06796320642183724,0.1538748036973988,0.2467813560545387,0.01667700573971332,0.1482926010646439
C:\Users\damba\.cache\kagglehub\datasets\salmaneunus\mechanical-tools-dataset\versions\20\Mechanical Tools Image dataset\Mechanical Tools Image dataset\Toolbox\000237.jpg,Toolbox,exito,0.0,0.0,0.0,0.0,0.0,0.0,0.0,0.0,0.0,0.0,0.0,0.0,0.0,0.0,0.0,0.0,0.0,0.0,0.0,0.0,0.0,0.0,0.0,0.0,0.0
C:\Users\damba\.cache\kagglehub\datasets\salmaneunus\mechanical-tools-dataset\versions\20\Mechanical Tools Image dataset\Mechanical Tools Image dataset\Toolbox\000238.jpg,Toolbox,exito,0.3183098861837905,0.038786820095436415,0.024121439133723027,0.03466822492557257,0.08588553869236659,0.05037421047411917,0.041665074057995695,0.05951490671674223,0.05251208983273695,0.12704506783432656,0.09074542655355951,0.09531011036340391,0.06016873029139099,0.08276382067830781,0.08647171424345608,0.12108033456751445,0.10096583343478142,0.0940454574479703,0.08456648750300583,0.11327420550164112,0.06325745289508684,0.08742009448178736,0.1212173774047608,0.164514724558718,0.03526799614594699
C:\Users\damba\.cache\kagglehub\datasets\salmaneunus\mechanical-tools-dataset\versions\20\Mechanical Tools Image dataset\Mechanical Tools Image dataset\Toolbox\000239.jpg,Toolbox,exito,0.3183098861837906,0.05727486115209802,0.001924983019388068,0.0009717564785864836,0.12333207773868633,0.008981705150952963,0.045165495736902504,0.009741402161594982,0.012866807645094907,0.18712350297726,0.0397535722402063,0.1610837411887729,0.14916358004439118,0.03687861083545673,0.08405852678338493,0.18972962543503286,0.1980826667966383,0.051524264646508874,0.2183165173936254,0.03798236246282096,0.27013884615548517,0.10090826939333718,0.19005958483974025,0.2381209609037387,0.09259142377402103
C:\Users\damba\.cache\kagglehub\datasets\salmaneunus\mechanical-tools-dataset\versions\20\Mechanical Tools Image dataset\Mechanical Tools Image dataset\Toolbox\000240.jpg,Toolbox,exito,0.3183098861837905,0.009175062429297748,0.08530211826298298,0.07568753409934814,0.01765022263761381,0.004355942458167434,0.1426019317820464,0.06382249718787406,0.01826974540767253,0.019498218284145188,0.010469887163095114,0.0015885410268325795,0.18011882729577056,0.04888351957345456,0.0126028941306234,0.011520470203952438,0.00294001184757885,0.009434988996058245,0.0006701376123980988,0.0013342126432476212,0.15199246495261995,0.2179256973601952,0.04212415149987264,0.11295255667101552,0.09777663230851213
C:\Users\damba\.cache\kagglehub\datasets\salmaneunus\mechanical-tools-dataset\versions\20\Mechanical Tools Image dataset\Mechanical Tools Image dataset\Toolbox\000241.jpg,Toolbox,exito,0.3183098861837905,0.03136343305390778,0.021667450884573374,0.0360794515386018,0.07133715241895584,0.050039146850301315,0.02807950088265863,0.06635414758983724,0.05226311243358864,0.1074254553158632,0.08750733684712919,0.09221211806639144,0.020728178212724283,0.09656737905526575,0.08000033432161079,0.11261719132774267,0.08054059171930393,0.0827925352284173,0.06155675811267835,0.10538828015399582,0.007837896204036634,0.10097107979250358,0.10837710096001668,0.14088441113941438,0.04930948228055664
C:\Users\damba\.cache\kagglehub\datasets\salmaneunus\mechanical-tools-dataset\versions\20\Mechanical Tools Image dataset\Mechanical Tools Image dataset\Toolbox\000242.jpg,Toolbox,exito,0.3183098861837905,0.016875515234994157,0.018374047433335983,0.03654320897843408,0.02845342841907634,0.04190915576670477,0.00543992608016782,0.06031132866631722,0.041096065888528044,0.05272793247225915,0.035324465272513636,0.09771236775537495,0.05412155908355502,0.08225533623624198,0.1100798504741741,0.09982305496271021,0.09221129921369993,0.05802900854010644,0.08859429265624497,0.11793374384152883,0.13654645437930563,0.10252812371687997,0.2108916028265609,0.15518294580320147,0.12372928580709801
C:\Users\damba\.cache\kagglehub\datasets\salmaneunus\mechanical-tools-dataset\versions\20\Mechanical Tools Image dataset\Mechanical Tools Image dataset\Toolbox\000243.jpg,Toolbox,exito,0.31830988618379047,0.022852328572053122,0.03028698486400819,0.0025279729565922944,0.04675711728058411,0.06664687940676817,0.005173139304791238,0.013633808148367869,0.0794192460775888,0.07014640313130385,0.11212332818355607,0.11058009411594559,0.12161822812271468,0.04371203052526245,0.01912990757714243,0.0231740527691775,0.09002736941930843,0.14610672638938918,0.14153888491443228,0.13321101397249135,0.2563098552580268,0.09329046201224514,0.20581164689020764,0.07605681626020153,0.39924639529822814
C:\Users\damba\.cache\kagglehub\datasets\salmaneunus\mechanical-tools-dataset\versions\20\Mechanical Tools Image dataset\Mechanical Tools Image dataset\Toolbox\000244.jpg,Toolbox,exito,0.3183098861837905,0.011441540578300055,0.017648932520225275,0.03665429730865227,0.03313029239791834,0.045906967693223576,0.005909023273575029,0.06546138202238631,0.04598980749810232,0.061973791383721985,0.06131304641751224,0.09517857104020215,0.042309828641005236,0.09731676036482634,0.07836852389830813,0.10997749483283453,0.06595980708607767,0.027599957932019428,0.07279774744843108,0.11543937719400128,0.1130984674706917,0.11266664978800936,0.12887225811728492,0.15818753096581578,0.07883387268625297
C:\Users\damba\.cache\kagglehub\datasets\salmaneunus\mechanical-tools-dataset\versions\20\Mechanical Tools Image dataset\Mechanical Tools Image dataset\Toolbox\000245.jpg,Toolbox,exito,0.0,0.0,0.0,0.0,0.0,0.0,0.0,0.0,0.0,0.0,0.0,0.0,0.0,0.0,0.0,0.0,0.0,0.0,0.0,0.0,0.0,0.0,0.0,0.0,0.0
C:\Users\damba\.cache\kagglehub\datasets\salmaneunus\mechanical-tools-dataset\versions\20\Mechanical Tools Image dataset\Mechanical Tools Image dataset\Toolbox\000246.jpg,Toolbox,exito,0.0,0.0,0.0,0.0,0.0,0.0,0.0,0.0,0.0,0.0,0.0,0.0,0.0,0.0,0.0,0.0,0.0,0.0,0.0,0.0,0.0,0.0,0.0,0.0,0.0
C:\Users\damba\.cache\kagglehub\datasets\salmaneunus\mechanical-tools-dataset\versions\20\Mechanical Tools Image dataset\Mechanical Tools Image dataset\Toolbox\000247.jpg,Toolbox,exito,0.3183098861837905,0.043456184780862904,0.07679975168512623,0.07136060669286508,0.04608043550218148,0.020236296465770142,0.11438339644621356,0.05300192909453087,0.02171433991045514,0.022612403062704754,0.06230493455682205,0.007992522500657512,0.14876467688476153,0.04833235246443012,0.010859453155084634,0.01334046053948856,0.08294185159566794,0.0537760928524204,0.014171464732249516,0.006645406597559197,0.16600405198606444,0.17244754542111848,0.013447539273677955,0.10523106588691322,0.09971657917672683
C:\Users\damba\.cache\kagglehub\datasets\salmaneunus\mechanical-tools-dataset\versions\20\Mechanical Tools Image dataset\Mechanical Tools Image dataset\Toolbox\000248.jpg,Toolbox,exito,0.0,0.0,0.0,0.0,0.0,0.0,0.0,0.0,0.0,0.0,0.0,0.0,0.0,0.0,0.0,0.0,0.0,0.0,0.0,0.0,0.0,0.0,0.0,0.0,0.0
C:\Users\damba\.cache\kagglehub\datasets\salmaneunus\mechanical-tools-dataset\versions\20\Mechanical Tools Image dataset\Mechanical Tools Image dataset\Toolbox\000249.jpg,Toolbox,exito,0.3183098861837905,0.03329487375379655,0.022255951387266763,0.03682732061016342,0.07583660456014132,0.05109955353455529,0.030907575096485864,0.0714613451428369,0.0542069629331028,0.11665321491172702,0.09392308145717787,0.08943350515349414,0.02823515949480463,0.10950261314819908,0.08258783785906784,0.1079857936270003,0.1030291083013889,0.10073153544995832,0.04592384397649689,0.09759034711956296,0.007650282614929874,0.12428657974383502,0.11536368991637859,0.12233192632077802,0.05176060796282322
C:\Users\damba\.cache\kagglehub\datasets\salmaneunus\mechanical-tools-dataset\versions\20\Mechanical Tools Image dataset\Mechanical Tools Image dataset\Toolbox\000250.jpg,Toolbox,exito,0.3183098861837905,0.010595659883526776,0.017561089619737725,0.03665134931644795,0.010204400701695083,0.04371876666033625,0.0015692060813374611,0.06304048615695222,0.043626921268183155,0.02703804217204408,0.04569371269329664,0.09494800203764578,0.06466164442126691,0.08757703731170877,0.10299368371967393,0.09703120924862538,0.05688712399057094,0.03086143173352076,0.06823915082090606,0.11116037860804405,0.16070298378399905,0.09842376733843852,0.18783249206795907,0.13552157730484243,0.11089041166369089
C:\Users\damba\.cache\kagglehub\datasets\salmaneunus\mechanical-tools-dataset\versions\20\Mechanical Tools Image dataset\Mechanical Tools Image dataset\Toolbox\000251.jpg,Toolbox,exito,0.0,0.0,0.0,0.0,0.0,0.0,0.0,0.0,0.0,0.0,0.0,0.0,0.0,0.0,0.0,0.0,0.0,0.0,0.0,0.0,0.0,0.0,0.0,0.0,0.0
C:\Users\damba\.cache\kagglehub\datasets\salmaneunus\mechanical-tools-dataset\versions\20\Mechanical Tools Image dataset\Mechanical Tools Image dataset\Toolbox\000252.jpg,Toolbox,exito,0.31830988618379047,0.020497459318767154,0.03076804005772735,0.0016836131273097626,0.043388583282778496,0.06661943613596413,0.00309376917307398,0.0031842819884882263,0.07814992140957987,0.06396140130647116,0.10904133428908767,0.10920815914137737,0.11591163765890251,0.00897530702961165,0.023708510293661042,0.015287386113539515,0.06398429437231579,0.1383491983251841,0.13967924660977668,0.13222819724106566,0.2395260313056968,0.020654775877290046,0.2236897284400416,0.02443759222769561,0.4021814711673472
C:\Users\damba\.cache\kagglehub\datasets\salmaneunus\mechanical-tools-dataset\versions\20\Mechanical Tools Image dataset\Mechanical Tools Image dataset\Toolbox\000253.jpg,Toolbox,exito,0.3183098861837906,0.25904072193527516,0.051902297854054,0.014914808941964088,0.17663709459321877,0.11530756218064463,0.06818162039463023,0.030870681475406822,0.08573457083510369,0.09746850189228673,0.14615570890923127,0.13602530977414598,0.11545145047583517,0.15015685442395935,0.0975514300677922,0.1246884413732532,0.2461212202151272,0.14566208116801474,0.10035689649111604,0.18051468781708052,0.052018708398365573,0.20941331839407956,0.11409595953943492,0.16670618189806258,0.1412551348000681
C:\Users\damba\.cache\kagglehub\datasets\salmaneunus\mechanical-tools-dataset\versions\20\Mechanical Tools Image dataset\Mechanical Tools Image dataset\Toolbox\000254.jpg,Toolbox,exito,0.31830988618379047,0.0502798252674545,0.006527990725030785,0.10225403306383195,0.024607494590482802,0.10047358196586727,0.08697520603106125,0.1306852892350845,0.05352767079551769,0.06699841321483005,0.06690415580456759,0.03425335274279795,0.09092156714200135,0.17003185849495572,0.07903768983598437,0.048282488434422954,0.07638209136284649,0.05892563516044902,0.07836386227675497,0.052508959947874405,0.05171192230890195,0.14768952571753918,0.2177047547820682,0.019463605350392734,0.139357445257557
C:\Users\damba\.cache\kagglehub\datasets\salmaneunus\mechanical-tools-dataset\versions\20\Mechanical Tools Image dataset\Mechanical Tools Image dataset\Toolbox\000255.jpg,Toolbox,exito,0.3183098861837906,0.02135122090248247,0.0032309452895238123,0.03173624596660498,0.04646678050859092,0.07089383467135003,0.05185912118049828,0.04469928798555237,0.0949688223499239,0.06644226856241,0.1346640088743901,0.1676665556439452,0.16794691536309436,0.055912978214840016,0.0864757790074411,0.06255266368637886,0.059118639598554186,0.18379805710579852,0.2217727021012284,0.04083578183026528,0.30751509122772863,0.09997038970030339,0.10779113994358305,0.14542140735733433,0.27938687961721004
C:\Users\damba\.cache\kagglehub\datasets\salmaneunus\mechanical-tools-dataset\versions\20\Mechanical Tools Image dataset\Mechanical Tools Image dataset\Toolbox\000256.jpg,Toolbox,exito,0.3183098861837905,0.03881178292379762,0.024130567411035343,0.033365975260717017,0.08634427017289795,0.047373907717731194,0.042823531764508954,0.05563345407124679,0.04665219670629027,0.13608899960226958,0.07520943581351569,0.10246250969726702,0.06947528044752531,0.1082136907967628,0.08042547054987283,0.13532960439242894,0.16424740616849884,0.061674979191018456,0.12968813065791637,0.13932177605234455,0.10423189984209344,0.18482268723403847,0.11490785387370987,0.23710637000823942,0.04409874369363072
C:\Users\damba\.cache\kagglehub\datasets\salmaneunus\mechanical-tools-dataset\versions\20\Mechanical Tools Image dataset\Mechanical Tools Image dataset\Toolbox\000257.jpg,Toolbox,exito,0.0,0.0,0.0,0.0,0.0,0.0,0.0,0.0,0.0,0.0,0.0,0.0,0.0,0.0,0.0,0.0,0.0,0.0,0.0,0.0,0.0,0.0,0.0,0.0,0.0
C:\Users\damba\.cache\kagglehub\datasets\salmaneunus\mechanical-tools-dataset\versions\20\Mechanical Tools Image dataset\Mechanical Tools Image dataset\Toolbox\000258.jpg,Toolbox,exito,0.3183098861837906,0.012733971605261631,0.01655885412570227,0.008649384204803053,0.035044287410924246,0.08486925227570707,0.051436692949650004,0.014011045287329948,0.0541379477220462,0.06712882779877702,0.10996389487791618,0.07647152648413914,0.11397960667714757,0.08159477448059867,0.05023633753435164,0.04953437808941124,0.07679221028136994,0.06294287256532641,0.049620453507640765,0.050596321209925944,0.17411051681065864,0.15536571385011683,0.020342861666323587,0.12639395784833068,0.0680646474202127
C:\Users\damba\.cache\kagglehub\datasets\salmaneunus\mechanical-tools-dataset\versions\20\Mechanical Tools Image dataset\Mechanical Tools Image dataset\Toolbox\000259.jpg,Toolbox,exito,0.31830988618379047,0.02358370159425248,0.03012694242802461,0.002156908281248905,0.048454175507667396,0.06666017902237988,0.006161879198605574,0.011644465713577547,0.07804287160901055,0.07241942736553103,0.10979993182672332,0.10877665064437168,0.12445836403627675,0.0368395184615885,0.02581598376245958,0.018973611972689458,0.08923526853779923,0.14221106139788317,0.13922745945801837,0.13318878767770445,0.25978990443499705,0.07891475197318716,0.22646026796358582,0.06133642843336418,0.40362831709228975
C:\Users\damba\.cache\kagglehub\datasets\salmaneunus\mechanical-tools-dataset\versions\20\Mechanical Tools Image dataset\Mechanical Tools Image dataset\Toolbox\000260.jpg,Toolbox,exito,0.3183098861837905,0.01599620304783569,0.018237838174276568,0.03634207893174393,0.042116538867079126,0.04611276874436019,0.009714456004401672,0.0643833288480172,0.04604458728928939,0.07360421346813036,0.06338374146913985,0.09619147851354297,0.02975039305404825,0.09760419777777542,0.07540403635730715,0.11417391984973245,0.077845367605646,0.03203525080161725,0.08056014166990935,0.11883008762764946,0.08856712224565572,0.11812405210434278,0.11957785859936879,0.1696488553302774,0.0726413142393403
C:\Users\damba\.cache\kagglehub\datasets\salmaneunus\mechanical-tools-dataset\versions\20\Mechanical Tools Image dataset\Mechanical Tools Image dataset\Toolbox\000261.jpg,Toolbox,exito,0.3183098861837905,0.05455458969839136,0.07167378807859565,0.082501082478345,0.10799125861730781,0.02667873130872608,0.07540386828908376,0.1028995864486522,0.012801330968597726,0.13859718583150824,0.07063305577782865,0.00851363325375613,0.011557825493617243,0.062429422901747654,0.03697147731632443,0.008904097886902279,0.08714662121553168,0.09799288172621955,0.00972376743625388,0.007322085357709456,0.09547216711832848,0.03098612733560331,0.10473297869567774,0.1109643289743051,0.09491997423095486
C:\Users\damba\.cache\kagglehub\datasets\salmaneunus\mechanical-tools-dataset\versions\20\Mechanical Tools Image dataset\Mechanical Tools Image dataset\Toolbox\000262.jpg,Toolbox,exito,0.3183098861837905,0.00530810184218607,0.06798679529011467,0.03538089631895928,0.004699966628106652,0.0422909068318302,0.055626615632929796,0.0431356646156494,0.1459402238318563,0.0067157406981861794,0.0887864427592477,0.11295104399136043,0.04072695032247864,0.023429417636606182,0.09179747273884593,0.0552710955920932,0.04754516607283958,0.11999544798961354,0.14427531216303793,0.07116558576175687,0.1653406014434673,0.02244651806482454,0.04133248677460703,0.013673854540397866,0.2976774115888033
C:\Users\damba\.cache\kagglehub\datasets\salmaneunus\mechanical-tools-dataset\versions\20\Mechanical Tools Image dataset\Mechanical Tools Image dataset\Toolbox\000263.jpg,Toolbox,exito,0.31830988618379064,0.009902352635928282,0.04950538176584683,0.05676654604933465,0.016424005308058504,0.06900358343186722,0.05594182336124322,0.10019616916773567,0.031049513297118858,0.038205859386015756,0.0943760382771418,0.025540028760019665,0.008097887053359969,0.14223896510385217,0.12331108580813446,0.02372958368215774,0.06749289761513198,0.07649561932746256,0.042588205515216124,0.012680528363031041,0.08146545373720132,0.1610945247743458,0.21847811354531493,0.012832761941656669,0.14698067741497084
C:\Users\damba\.cache\kagglehub\datasets\salmaneunus\mechanical-tools-dataset\versions\20\Mechanical Tools Image dataset\Mechanical Tools Image dataset\Toolbox\000264.jpg,Toolbox,exito,0.0,0.0,0.0,0.0,0.0,0.0,0.0,0.0,0.0,0.0,0.0,0.0,0.0,0.0,0.0,0.0,0.0,0.0,0.0,0.0,0.0,0.0,0.0,0.0,0.0
C:\Users\damba\.cache\kagglehub\datasets\salmaneunus\mechanical-tools-dataset\versions\20\Mechanical Tools Image dataset\Mechanical Tools Image dataset\Toolbox\000265.jpg,Toolbox,exito,0.31830988618379047,0.029206261624896476,0.04386505722201771,0.041445617392081184,0.060929892031788696,0.055529257165114185,0.06450029676995862,0.023405121496487408,0.043818214926054075,0.08633183327980605,0.0925621963088789,0.07302267624921137,0.05891491546709485,0.09841616994287967,0.09135683618727537,0.07294877552794193,0.09655389756691073,0.11005184562210235,0.08690977135975271,0.09538308362776607,0.005492512968026308,0.2597898239583493,0.1390395987403417,0.19158560847112688,0.09292329555711296
C:\Users\damba\.cache\kagglehub\datasets\salmaneunus\mechanical-tools-dataset\versions\20\Mechanical Tools Image dataset\Mechanical Tools Image dataset\Toolbox\000266.jpg,Toolbox,exito,0.31830988618379047,0.01860145753263862,0.0311173770689401,0.003288375106069241,0.036576919696510744,0.06645631236350712,4.1629098336017955e-05,0.012724179225741598,0.08595811516216507,0.05439515885342089,0.12208558002458475,0.12007767565840699,0.10657925877531477,0.045945403078981456,0.027670690434155338,0.038819928816863795,0.08074084976167359,0.1633176732903602,0.15901759975096547,0.13073830683017876,0.2355880731664395,0.09926025764533397,0.10058480705677594,0.10936801327111471,0.37683101763770444
C:\Users\damba\.cache\kagglehub\datasets\salmaneunus\mechanical-tools-dataset\versions\20\Mechanical Tools Image dataset\Mechanical Tools Image dataset\Toolbox\000267.jpg,Toolbox,exito,0.31830988618379047,0.027100523518049386,0.044423792663309286,0.04131200668196086,0.05723537204464011,0.055234345618519684,0.06730874036086186,0.022875002304933268,0.04366478419745859,0.08301860111546815,0.09138379812920147,0.07278071294175788,0.0661017357359391,0.10162509888022733,0.08967059033362344,0.07279917467796485,0.09669237443261092,0.10757386172472606,0.08637380727806138,0.0949430275436455,0.01619193787495273,0.2642284847295244,0.13494242776854337,0.18981023729049068,0.0951464364836969
C:\Users\damba\.cache\kagglehub\datasets\salmaneunus\mechanical-tools-dataset\versions\20\Mechanical Tools Image dataset\Mechanical Tools Image dataset\Toolbox\000268.jpg,Toolbox,exito,0.3183098861837906,0.02744800581712149,0.01377270602212877,0.00978715235900189,0.06034316271390134,0.08459663881663354,0.037055860587810074,0.012939919334624714,0.05850574501968901,0.09191085753450173,0.11459293726293403,0.07758543700544965,0.07554138746302375,0.07902829630984967,0.06991186279476332,0.05453231029279088,0.08560304906487393,0.0816703927333436,0.05614883790762861,0.052149541928077824,0.11209642668918486,0.15477363972823507,0.06138449323061337,0.1353102549781738,0.06996116173987499
C:\Users\damba\.cache\kagglehub\datasets\salmaneunus\mechanical-tools-dataset\versions\20\Mechanical Tools Image dataset\Mechanical Tools Image dataset\Toolbox\000269.jpg,Toolbox,exito,0.3183098861837905,0.011230061360667065,0.01762633862894837,0.036880317626555574,0.02296761501141639,0.04231551289882339,0.0030620726135058606,0.0623788762650297,0.04144654024816607,0.05460458175175779,0.038571574322851174,0.0977034348397176,0.05629547761780739,0.08862284493083591,0.10110336619336341,0.10388903970214564,0.09550007118571524,0.05750626566146065,0.08848026518789417,0.12005737964605567,0.13490925973263274,0.11228859384045178,0.1944645293908658,0.16382289235269137,0.11517512850497355
C:\Users\damba\.cache\kagglehub\datasets\salmaneunus\mechanical-tools-dataset\versions\20\Mechanical Tools Image dataset\Mechanical Tools Image dataset\Toolbox\000270.jpg,Toolbox,exito,0.31830988618379075,0.36020394789588167,0.16858998368364833,0.12775800200971385,0.040121151725125655,0.12265492200508839,0.12907408619772723,0.029543770827235593,0.1930037058536845,0.01075117139453579,0.056721848444319684,0.11921053356602988,0.09205658012944722,0.02359937214752894,0.1459405485615396,0.1652784103454457,0.10259460631312578,0.12120676749195358,0.2513407744654632,0.23273850824380177,0.22097870117674118,0.18847193658924463,0.2143130478897997,0.17274246718851602,0.19337208530937475
C:\Users\damba\.cache\kagglehub\datasets\salmaneunus\mechanical-tools-dataset\versions\20\Mechanical Tools Image dataset\Mechanical Tools Image dataset\Toolbox\000271.jpg,Toolbox,exito,0.3183098861837906,0.04825207948482345,0.002561901868783326,0.002247441042299768,0.10526904159739826,0.009003907402930713,0.021408087097344475,0.009640067639107132,0.012199848075118072,0.15733689138315213,0.039320474740989333,0.1599373446516416,0.08179369035541785,0.028937011350864524,0.06275517087816576,0.1732677404526932,0.1462526815218221,0.04610838029208873,0.18739564514499066,0.062419236341621664,0.1421142000667051,0.0696586371888599,0.13054929288301892,0.2013464105361932,0.08698878901756664
C:\Users\damba\.cache\kagglehub\datasets\salmaneunus\mechanical-tools-dataset\versions\20\Mechanical Tools Image dataset\Mechanical Tools Image dataset\Toolbox\000272.jpg,Toolbox,exito,0.3183098861837905,0.01570216201677656,0.08453693881772766,0.07607364710962732,0.030417327074542654,0.007467438702200189,0.13884910805944795,0.06601372831126963,0.01796400829533186,0.033964610475157704,0.017963897055768053,0.002703549435689996,0.17099515813998392,0.04287199184217946,0.013904433446956046,0.011364929551119196,0.0020095325370228624,0.016772671796857517,0.001166952668526336,0.002273112329927962,0.1403221965191403,0.20904908289127289,0.04509263408917865,0.1129057761714597,0.09760857027762505
C:\Users\damba\.cache\kagglehub\datasets\salmaneunus\mechanical-tools-dataset\versions\20\Mechanical Tools Image dataset\Mechanical Tools Image dataset\Toolbox\000273.jpg,Toolbox,exito,0.3183098861837906,0.031158125404639424,0.012748064164466116,0.00901640950945448,0.06938346435611648,0.08409215569019357,0.030334160802613704,0.022696621983200892,0.06392790111257778,0.10895046681230164,0.11974448158472326,0.08289469426899393,0.051890756729744726,0.11427030267447302,0.09423143310807885,0.06200766729012961,0.11988556047826623,0.10688106813992991,0.07892933574888639,0.058854501926825606,0.05689974021932961,0.22700835889856413,0.10393750765475618,0.16117792753645824,0.06314229311093031
C:\Users\damba\.cache\kagglehub\datasets\salmaneunus\mechanical-tools-dataset\versions\20\Mechanical Tools Image dataset\Mechanical Tools Image dataset\Toolbox\000274.jpg,Toolbox,exito,0.3183098861837905,0.0069312099560536605,0.017258430137420774,0.03680102007185932,0.006420327150647844,0.043964771799844586,0.0008089674224091241,0.0639809571616038,0.043849359522582634,0.03136599287139884,0.04757577992674023,0.09498490364566761,0.06444221091970284,0.09031893970356822,0.09799192587550525,0.0994157306117815,0.05936571994230164,0.030542686780766444,0.06874298737310837,0.11221220328047388,0.15768077106522876,0.10238480337728281,0.17812809787748973,0.14041028440842931,0.10601403872700346
C:\Users\damba\.cache\kagglehub\datasets\salmaneunus\mechanical-tools-dataset\versions\20\Mechanical Tools Image dataset\Mechanical Tools Image dataset\Toolbox\000275.jpg,Toolbox,exito,0.3183098861837906,0.014921444254710184,0.016273775959289874,0.008298344221386577,0.01618024472529351,0.08612221676789862,0.05504960795584159,0.005624690313588254,0.0385396389047521,0.01804592311317635,0.10053769211045697,0.0665064381866041,0.13916185729453376,0.02627616773239645,0.01901558506647222,0.03135423933800799,0.03163285929428096,0.030849055055503116,0.020303615130537647,0.039061502910429396,0.24038549831123956,0.05252369139927962,0.09827128316794971,0.0781050650085191,0.08207919243751063
C:\Users\damba\.cache\kagglehub\datasets\salmaneunus\mechanical-tools-dataset\versions\20\Mechanical Tools Image dataset\Mechanical Tools Image dataset\Toolbox\000276.jpg,Toolbox,exito,0.0,0.0,0.0,0.0,0.0,0.0,0.0,0.0,0.0,0.0,0.0,0.0,0.0,0.0,0.0,0.0,0.0,0.0,0.0,0.0,0.0,0.0,0.0,0.0,0.0
C:\Users\damba\.cache\kagglehub\datasets\salmaneunus\mechanical-tools-dataset\versions\20\Mechanical Tools Image dataset\Mechanical Tools Image dataset\Toolbox\000277.jpg,Toolbox,exito,0.3183098861837906,0.04843427187167667,0.0018518560508227187,0.0628965713356808,0.09967853180245144,0.06295009177346679,0.04453730452215001,0.08711622674815411,0.010864671671372955,0.1395295268525778,0.12263834161965262,0.04033460950718753,0.14842936239948445,0.08860354223488122,0.0426339638487564,0.09448042115340606,0.12894858161803488,0.16529569879223727,0.058921864994460865,0.15439978491013645,0.27901810067946703,0.10078628225530899,0.12121732228915807,0.2081879395687837,0.12012257958748081
C:\Users\damba\.cache\kagglehub\datasets\salmaneunus\mechanical-tools-dataset\versions\20\Mechanical Tools Image dataset\Mechanical Tools Image dataset\Toolbox\000278.jpg,Toolbox,exito,0.31830988618379047,0.02070762680303949,0.030727230913877142,0.0026934221262994687,0.042586500677395264,0.06660438359541018,0.002809363416383261,0.012994587889907268,0.08099338378176711,0.06375638904350525,0.1143069514842992,0.11284325934166749,0.1149114017195538,0.04240188946030285,0.012138187473260348,0.026327706023561673,0.08080677432272694,0.14876150800940863,0.14487275013714926,0.13260478995551805,0.24400696791708076,0.09020552193134161,0.18113879805637412,0.08006709143948947,0.3936494720018283
C:\Users\damba\.cache\kagglehub\datasets\salmaneunus\mechanical-tools-dataset\versions\20\Mechanical Tools Image dataset\Mechanical Tools Image dataset\Toolbox\000279.jpg,Toolbox,exito,0.3183098861837905,0.021589250434772514,0.019228463496543634,0.03705515509717072,0.051183082852731744,0.048984018361499494,0.0140007006570094,0.07056497735078204,0.05093252427507022,0.08083445613452987,0.07958672684894819,0.09022654857250871,0.021276745226257814,0.10578400514477859,0.07886251100970516,0.10407546391573684,0.0604499805814277,0.06109606961606297,0.044250145528448845,0.10086915342592438,0.08234744370562387,0.11328672269888765,0.11588729528885801,0.1237381098906195,0.06648025069711164
C:\Users\damba\.cache\kagglehub\datasets\salmaneunus\mechanical-tools-dataset\versions\20\Mechanical Tools Image dataset\Mechanical Tools Image dataset\Toolbox\000280.jpg,Toolbox,exito,0.3183098861837905,0.006804910757364617,0.01725025479737713,0.037022055731465414,0.016610999763997804,0.04600333887809815,0.0017173575388701743,0.06742556379994387,0.04670429812221383,0.03719179824319663,0.060042299772992,0.09240606040539091,0.05991147215555088,0.09789870749083426,0.08883106235342574,0.09928499751432913,0.03722959668364464,0.0176780810181373,0.052546689657117646,0.10624873684305369,0.1515129470370873,0.10523081222775238,0.15156487095162344,0.127834297570498,0.09075923305893738
C:\Users\damba\.cache\kagglehub\datasets\salmaneunus\mechanical-tools-dataset\versions\20\Mechanical Tools Image dataset\Mechanical Tools Image dataset\Toolbox\000281.jpg,Toolbox,exito,0.3183098861837905,0.01676408674799036,0.018356383467582543,0.036459035131718616,0.02647378098177871,0.04219058539177998,0.0050720722037540375,0.060269704643692475,0.04152350569485667,0.04707578050181333,0.03673997253484874,0.09718495832155918,0.05614700973532242,0.08166249772908186,0.11057232751253425,0.09835364607116966,0.08420367577449546,0.05251778838824705,0.0845519533345591,0.11614399572735698,0.14272873963062524,0.09890198409538338,0.2094882542252698,0.14916549795591616,0.12285544789899952
C:\Users\damba\.cache\kagglehub\datasets\salmaneunus\mechanical-tools-dataset\versions\20\Mechanical Tools Image dataset\Mechanical Tools Image dataset\Toolbox\000282.jpg,Toolbox,exito,0.3183098861837906,0.02322707310705211,0.014780667638310934,0.0076737334310460915,0.05613553377767251,0.08421302679109909,0.04029214082498337,0.02832876564828376,0.06251840405907784,0.09793024191642957,0.11836722036977416,0.08355018928521424,0.07641378896391958,0.1293874375902503,0.08854845219938402,0.060679829940860186,0.12130520459750375,0.10171494460319565,0.07903549539903501,0.05949244955221738,0.09062737979891039,0.24953243421013996,0.08978638926610821,0.16235508187303666,0.0580695498734334
C:\Users\damba\.cache\kagglehub\datasets\salmaneunus\mechanical-tools-dataset\versions\20\Mechanical Tools Image dataset\Mechanical Tools Image dataset\Toolbox\000283.jpg,Toolbox,exito,0.3183098861837906,0.011260614147819783,0.016725449337123638,0.008547647127027012,0.03317417274895951,0.08486503976450922,0.0522226755488257,0.014441477787496342,0.054081094014897434,0.066041737422227,0.1098429820620784,0.0766109866215218,0.11581468701748165,0.08310428472854607,0.049859004508885876,0.04950394125806588,0.07748256674355465,0.06253760380782881,0.050030938407981396,0.05075607948846156,0.17640265953536527,0.15798713017735538,0.01710340165612632,0.12678331930083486,0.06763679336184039
C:\Users\damba\.cache\kagglehub\datasets\salmaneunus\mechanical-tools-dataset\versions\20\Mechanical Tools Image dataset\Mechanical Tools Image dataset\Toolbox\000284.jpg,Toolbox,exito,0.3183098861837906,0.05157294268892551,0.000999720214798795,0.0034905898863494635,0.11176273521163957,0.009119142061882588,0.029496777535319832,0.018056260230246216,0.012367367601396489,0.16896648355152163,0.04064800824122753,0.16013313343933952,0.10497391641997057,0.055800674025147094,0.06898863260620532,0.17791705615386666,0.17360474591486796,0.05331686144624148,0.1967514993133799,0.06490469684192941,0.19050050289770024,0.11791809602358438,0.14932579324418044,0.22301047728786555,0.09117661185954953
C:\Users\damba\.cache\kagglehub\datasets\salmaneunus\mechanical-tools-dataset\versions\20\Mechanical Tools Image dataset\Mechanical Tools Image dataset\Toolbox\000285.jpg,Toolbox,exito,0.3183098861837906,0.0359536922146104,0.011231432640747819,0.0071271261274103645,0.0798620038556739,0.0836666898774749,0.021043561362643,0.04062125599286721,0.06997884321838684,0.1312279075291985,0.12795969330010737,0.08990228201678574,0.01934142030068629,0.17067707642007457,0.12441796939797745,0.07122952818150731,0.17425743238144012,0.14944263217159492,0.11085050283586717,0.06801200145145204,0.027044469712271285,0.3422568942547432,0.17041779556739467,0.1983410414084198,0.05167383464633324
C:\Users\damba\.cache\kagglehub\datasets\salmaneunus\mechanical-tools-dataset\versions\20\Mechanical Tools Image dataset\Mechanical Tools Image dataset\Toolbox\000286.jpg,Toolbox,exito,0.31830988618379064,0.010569954778916668,0.04956978766507568,0.05685558048182748,0.021110428281526303,0.06931318712714536,0.056559645377140484,0.1011347790906697,0.030773632093266928,0.0481155705612326,0.09587551318292857,0.02528111185665557,0.01086545007803062,0.14554377857218354,0.12222774253083357,0.024035273609653917,0.08294920837121153,0.08358708153224186,0.04546295845968004,0.01258040729098051,0.0736798399548808,0.16920057426620477,0.2186374744470484,0.013023780616723263,0.14678646258870987
C:\Users\damba\.cache\kagglehub\datasets\salmaneunus\mechanical-tools-dataset\versions\20\Mechanical Tools Image dataset\Mechanical Tools Image dataset\Toolbox\000287.jpg,Toolbox,exito,0.31830988618379047,0.010101719619748211,0.03226705617247419,0.002477438316910067,0.024383028937964814,0.0664728359446873,0.005062268651388229,0.0034026329090601293,0.08403565880138507,0.035723449288011994,0.11739812515656979,0.1177876093328262,0.09286795781921782,0.016145086785021315,0.013041906354722136,0.029443283765798443,0.021524100941310506,0.1497159729397435,0.1534324013502937,0.12925302773678182,0.19966301242090773,0.04501275911195629,0.13106427232246842,0.04706403523921209,0.38144134945747715
C:\Users\damba\.cache\kagglehub\datasets\salmaneunus\mechanical-tools-dataset\versions\20\Mechanical Tools Image dataset\Mechanical Tools Image dataset\Toolbox\000288.jpg,Toolbox,exito,0.3183098861837906,0.018244302282259206,0.015754446815411025,0.0078974583365141,0.04717077391118262,0.08441898884437324,0.045789375573145746,0.0241032687791678,0.059733966243944094,0.0863361042507873,0.11523640957623295,0.08133698175874268,0.09322314691030469,0.11516108485060081,0.07554701461608006,0.05693052341561614,0.1058002492569024,0.08696853692481633,0.06900302375373664,0.05663333939531655,0.12512789964490856,0.21985593403269263,0.06290071926549044,0.1504343926921964,0.06074157393924433
C:\Users\damba\.cache\kagglehub\datasets\salmaneunus\mechanical-tools-dataset\versions\20\Mechanical Tools Image dataset\Mechanical Tools Image dataset\Toolbox\000289.jpg,Toolbox,exito,0.3183098861837906,0.04523888390520177,0.0004413340041794243,0.06482341954165637,0.09670113473068223,0.0620527163353024,0.037205110944667684,0.09541279398940047,0.011028057008748447,0.14019556819358012,0.11927062629238407,0.04084882846167605,0.12726569076550884,0.10234412905886003,0.04400266905243948,0.09056155345408314,0.12221974716758749,0.15657726630584975,0.04667493285944726,0.1447096708944398,0.2343628037486122,0.08535692138996831,0.12254468683419471,0.17924432508875124,0.10464486777233557
C:\Users\damba\.cache\kagglehub\datasets\salmaneunus\mechanical-tools-dataset\versions\20\Mechanical Tools Image dataset\Mechanical Tools Image dataset\Toolbox\000290.jpg,Toolbox,exito,0.3183098861837905,0.017796115017564125,0.01852446074120344,0.036661574651949365,0.04402037856550952,0.04768231226808162,0.010586117310299917,0.06716561754396119,0.04872538217760057,0.07121344242890411,0.07188735730373973,0.09285359674316426,0.029862181983152873,0.09874745407767875,0.07701883192880751,0.1080420581752057,0.05133290606671746,0.04182959493446363,0.05949046144101744,0.10838222240918391,0.09608844989814598,0.10600185955098201,0.11543994177728398,0.14180872946559084,0.06877954939749022
C:\Users\damba\.cache\kagglehub\datasets\salmaneunus\mechanical-tools-dataset\versions\20\Mechanical Tools Image dataset\Mechanical Tools Image dataset\Toolbox\000291.jpg,Toolbox,exito,0.3183098861837906,0.020599206457619743,0.0030822820117922655,0.03234820588185779,0.04719178157558661,0.07216871542603796,0.051427511515342056,0.0512248545866692,0.09141124252308162,0.06984226675048796,0.13376446131378858,0.1716198769138305,0.1669087748866305,0.07251279947161784,0.08538533943163444,0.0558825124663106,0.048454209827636166,0.18008652843050707,0.23081629128756403,0.03805064963895857,0.3014765162999117,0.12018693094027047,0.1281805781240634,0.11307778504117547,0.2804879776359547
C:\Users\damba\.cache\kagglehub\datasets\salmaneunus\mechanical-tools-dataset\versions\20\Mechanical Tools Image dataset\Mechanical Tools Image dataset\Toolbox\000292.jpg,Toolbox,exito,0.31830988618379064,0.01013905186724346,0.04952773632619653,0.0565898680526289,0.008076110423751426,0.06818414718441301,0.05542469694010157,0.09816241419234692,0.03203164507897612,0.015166826831988021,0.09103694036752351,0.026230147898882734,0.00447700362060028,0.1357543517826277,0.1270885392499002,0.022982440362046747,0.036465992644499706,0.06401836025613082,0.036414072024418154,0.013146668839177695,0.09291876891388083,0.14707051674721497,0.2216921027441443,0.012923900495274447,0.14745337097431632
C:\Users\damba\.cache\kagglehub\datasets\salmaneunus\mechanical-tools-dataset\versions\20\Mechanical Tools Image dataset\Mechanical Tools Image dataset\Toolbox\000293.jpg,Toolbox,exito,0.31830988618379047,0.024078256700087963,0.030015864516914955,0.0012781342926854499,0.04986379686205551,0.06665211185228187,0.0069834863522703,0.002304457829973678,0.07620226198534807,0.07375792846822263,0.1064026414996975,0.10651292096221954,0.12679974215102746,0.0055856735932393875,0.035182496000466364,0.010729063139313934,0.08193006057818661,0.1360784737244275,0.13685898837848445,0.13278583505784816,0.2607126477727372,0.012361523321960758,0.25297279751795726,0.01614133393745309,0.4091086278994744
C:\Users\damba\.cache\kagglehub\datasets\salmaneunus\mechanical-tools-dataset\versions\20\Mechanical Tools Image dataset\Mechanical Tools Image dataset\Toolbox\000294.jpg,Toolbox,exito,0.3183098861837905,0.011023683547086877,0.08512615846726726,0.07524136339841717,0.011710080944983612,0.0052232891758383386,0.14258522881603425,0.06213190868111301,0.01862276627123682,0.007402841173528233,0.01607022241796156,0.0019208262160358967,0.18246536893080295,0.05141808046701968,0.010691702342704664,0.011701389258198528,0.0244033540033134,0.012820774860343987,0.0024999927095608215,0.00161138439272369,0.15856163958237743,0.2188933791773527,0.03796139224856032,0.11253304202611494,0.0979718003391626
C:\Users\damba\.cache\kagglehub\datasets\salmaneunus\mechanical-tools-dataset\versions\20\Mechanical Tools Image dataset\Mechanical Tools Image dataset\Toolbox\000295.jpg,Toolbox,exito,0.3183098861837905,0.09130330725239,0.049135553245479656,0.06477883063564224,0.05887289489457303,0.03938411758277455,0.005430022953999562,0.0653443884430333,0.020508733453620493,0.08016542880117362,0.09189773158749807,0.1380299982699232,0.0868440315715231,0.09146674193456987,0.07789267872161709,0.15239659096160768,0.0733159600996211,0.033276535023650834,0.11448179930167485,0.08717463103350342,0.09658720440603279,0.1076558192383344,0.0832984677917357,0.131040016297192,0.1222615104868229
C:\Users\damba\.cache\kagglehub\datasets\salmaneunus\mechanical-tools-dataset\versions\20\Mechanical Tools Image dataset\Mechanical Tools Image dataset\Toolbox\000296.jpg,Toolbox,exito,0.3183098861837905,0.02222663634612849,0.01936006934735081,0.03649081590056963,0.05286030445699206,0.04843607182100487,0.015349451277187535,0.06700790619964152,0.04981055367482553,0.08229285147423057,0.07686206695865434,0.09261096460695678,0.01587248194526035,0.09832776689206098,0.07646829947831003,0.10960318108560672,0.057292927973071214,0.05402653861622954,0.059660628147929155,0.10749161294953935,0.07198193887328828,0.10444670491901355,0.1088858615168635,0.14176701338422165,0.062118353247422896
C:\Users\damba\.cache\kagglehub\datasets\salmaneunus\mechanical-tools-dataset\versions\20\Mechanical Tools Image dataset\Mechanical Tools Image dataset\Toolbox\000297.jpg,Toolbox,exito,0.3183098861837907,0.013536449179679687,0.10696677214012396,0.0004317383727635402,0.03613391803258856,1.2240073369786568e-05,0.152644442337355,0.002639702470573157,0.09333177460036476,0.07333818593609713,0.011976691999309966,0.011907066171433731,0.1359510607860316,0.00964204783077507,0.219548811176421,0.0008861297938154333,0.11938128511017917,0.053440615636789875,0.053071110353754475,5.0244748271102674e-05,0.0550397065057191,0.02691920163489999,0.33249782231728614,0.006212526360995715,0.19896969667612302
C:\Users\damba\.cache\kagglehub\datasets\salmaneunus\mechanical-tools-dataset\versions\20\Mechanical Tools Image dataset\Mechanical Tools Image dataset\Toolbox\000298.jpg,Toolbox,exito,0.3183098861837905,0.0029515368010109453,0.017073091398313322,0.03691399092151498,0.019219131061406363,0.044118252374801575,0.0018215409476875978,0.0647335062572556,0.04365509652238639,0.05177679226956578,0.050005266185073984,0.09629495441505863,0.055805249882430505,0.09527161952858507,0.08720126456739329,0.10716949998168347,0.07884496404487881,0.03696225307382077,0.07877642360705418,0.118004149169783,0.1343164645074585,0.11483316644293892,0.15857988065166842,0.1612950474679434,0.09598965389449042
C:\Users\damba\.cache\kagglehub\datasets\salmaneunus\mechanical-tools-dataset\versions\20\Mechanical Tools Image dataset\Mechanical Tools Image dataset\Toolbox\000299.jpg,Toolbox,exito,0.3183098861837905,0.0021738371067824913,0.017054307807728004,0.036902043756812816,0.009684293563430512,0.04437691290115231,0.0007033485437598001,0.06490513202414287,0.044264825657037356,0.03814964226716419,0.050594959676777636,0.0950078323237257,0.062083924348156745,0.09330336569177071,0.09184196946400768,0.10234810952655915,0.06155209018773776,0.028851799396335233,0.06937150738993225,0.11330962790690435,0.15092086729100165,0.1065613248276022,0.16515007764298897,0.14588334971054356,0.09927487862720262
C:\Users\damba\.cache\kagglehub\datasets\salmaneunus\mechanical-tools-dataset\versions\20\Mechanical Tools Image dataset\Mechanical Tools Image dataset\Toolbox\000300.jpg,Toolbox,exito,0.31830988618379047,0.03866430935617758,0.033853840668682855,0.03268100510905269,0.08427103542121936,0.04970763651305399,0.014624937408838636,0.043477717501310124,0.05732109271465193,0.12397605883056055,0.08925217963063285,0.1143442083901801,0.06526142650032833,0.0311958286482947,0.08204347272159335,0.11425589613624165,0.10696578325136262,0.11463363417633998,0.14551982721812992,0.1332831103786843,0.1617680895905777,0.015917603949642364,0.1541358612132418,0.15258637018256216,0.19406551071497727
C:\Users\damba\.cache\kagglehub\datasets\salmaneunus\mechanical-tools-dataset\versions\20\Mechanical Tools Image dataset\Mechanical Tools Image dataset\Toolbox\000301.jpg,Toolbox,exito,0.3183098861837905,0.016208101766121665,0.08446085884867578,0.0760568778445905,0.030880374367367954,0.007707468300383547,0.13856370034521873,0.0660117303707475,0.01797889169816655,0.034332971167595296,0.018832423402361936,0.002791376398706093,0.17054738801368408,0.042730756880119805,0.013841820200615867,0.011372113278610577,0.007795229046766516,0.017472220398673004,0.001328347323200386,0.0023468277191060084,0.1401103933353863,0.20848697957556192,0.04492178926658911,0.11286259569333086,0.09761593780687358
C:\Users\damba\.cache\kagglehub\datasets\salmaneunus\mechanical-tools-dataset\versions\20\Mechanical Tools Image dataset\Mechanical Tools Image dataset\Toolbox\000302.jpg,Toolbox,exito,0.0,0.0,0.0,0.0,0.0,0.0,0.0,0.0,0.0,0.0,0.0,0.0,0.0,0.0,0.0,0.0,0.0,0.0,0.0,0.0,0.0,0.0,0.0,0.0,0.0
C:\Users\damba\.cache\kagglehub\datasets\salmaneunus\mechanical-tools-dataset\versions\20\Mechanical Tools Image dataset\Mechanical Tools Image dataset\Toolbox\000303.jpg,Toolbox,exito,0.3183098861837906,0.14641510560972937,0.05725676822541527,0.10783359244346014,0.03970699086354435,0.05176192653567686,0.043467763321667505,0.0396210658795815,0.009716119031794255,0.07900184504845306,0.11663191787233315,0.050326421465723054,0.1329016049537269,0.04885091871723838,0.12185651709312212,0.011413162119065857,0.04774972925402056,0.038609821974755786,0.05831100744244986,0.0030754005318579295,0.24777624409703494,0.09896142378406127,0.13397112780327697,0.06291905818545293,0.14273326225817617
C:\Users\damba\.cache\kagglehub\datasets\salmaneunus\mechanical-tools-dataset\versions\20\Mechanical Tools Image dataset\Mechanical Tools Image dataset\Toolbox\000304.jpg,Toolbox,exito,0.0,0.0,0.0,0.0,0.0,0.0,0.0,0.0,0.0,0.0,0.0,0.0,0.0,0.0,0.0,0.0,0.0,0.0,0.0,0.0,0.0,0.0,0.0,0.0,0.0
C:\Users\damba\.cache\kagglehub\datasets\salmaneunus\mechanical-tools-dataset\versions\20\Mechanical Tools Image dataset\Mechanical Tools Image dataset\Toolbox\000305.jpg,Toolbox,exito,0.0,0.0,0.0,0.0,0.0,0.0,0.0,0.0,0.0,0.0,0.0,0.0,0.0,0.0,0.0,0.0,0.0,0.0,0.0,0.0,0.0,0.0,0.0,0.0,0.0
C:\Users\damba\.cache\kagglehub\datasets\salmaneunus\mechanical-tools-dataset\versions\20\Mechanical Tools Image dataset\Mechanical Tools Image dataset\Toolbox\000306.jpg,Toolbox,exito,0.3183098861837907,0.013390698021124515,0.1069482776019171,0.0004224911036600641,0.035744074867985025,1.1848937217666099e-05,0.1525313374382545,0.00258313623416109,0.09333137523003865,0.07254022840664122,0.011686972901449318,0.011778849006063139,0.13555892667210517,0.008336179042216521,0.2195043271446775,0.000867149809684436,0.11799006601310648,0.05200967104102546,0.05249625042247907,4.863915247969311e-05,0.05404050881269795,0.01864821523404723,0.33218245826568743,0.006079252999637533,0.1989726475735909
C:\Users\damba\.cache\kagglehub\datasets\salmaneunus\mechanical-tools-dataset\versions\20\Mechanical Tools Image dataset\Mechanical Tools Image dataset\Toolbox\000307.jpg,Toolbox,exito,0.31830988618379047,0.07153065438811948,0.0012607938206160279,0.06442698945936284,0.0661563624462098,0.08958469502023997,0.08193388555213796,0.031553726445555264,0.08538833374066612,0.062434834567246356,0.03269875681937871,0.12440059364788744,0.12142158452224831,0.06727200890469845,0.15540134229897423,0.03295151989197925,0.12283117494575009,0.05381929821393446,0.20068819658958867,0.16338812203019282,0.0482815217802082,0.04369962435270498,0.31016411462894516,0.0399448690136152,0.1867026660393997
C:\Users\damba\.cache\kagglehub\datasets\salmaneunus\mechanical-tools-dataset\versions\20\Mechanical Tools Image dataset\Mechanical Tools Image dataset\Toolbox\000308.jpg,Toolbox,exito,0.31830988618379047,0.04090425646823162,0.033013954506024845,0.0324633209901952,0.08805883204909844,0.05012572749465828,0.010186809544219931,0.04311445112293511,0.058066854012917404,0.12890464149688483,0.09163924190480048,0.11463522601501012,0.07771000003950473,0.031371817117714425,0.0879787705162323,0.11709775731705697,0.11454230467489453,0.12104900866729033,0.15115712388629923,0.13002381758416345,0.18462289569325957,0.02482108243076465,0.1697676758713801,0.15671093013091858,0.19765627867847482
C:\Users\damba\.cache\kagglehub\datasets\salmaneunus\mechanical-tools-dataset\versions\20\Mechanical Tools Image dataset\Mechanical Tools Image dataset\Toolbox\000309.jpg,Toolbox,exito,0.3183098861837905,0.04892643595997725,0.0283125376256333,0.03180573460008332,0.10558077824405149,0.050093452688347744,0.06433631851265458,0.04721480986252888,0.05144210125148161,0.15802235759252586,0.09110611058828393,0.1015702625411993,0.12637455540016868,0.07817738396304608,0.09947903029051447,0.13590764789042203,0.16217633607803414,0.10327377604989815,0.12985664013110038,0.13206558244762925,0.1938545878608828,0.1379246538105772,0.1590042988708675,0.2203922530236935,0.017578606008368382
C:\Users\damba\.cache\kagglehub\datasets\salmaneunus\mechanical-tools-dataset\versions\20\Mechanical Tools Image dataset\Mechanical Tools Image dataset\Toolbox\000310.jpg,Toolbox,exito,0.31830988618379047,0.04414939243263704,0.038699510148326566,0.04373169376333865,0.08913624390930247,0.0587977588334768,0.0390377866046693,0.036621642782345906,0.043929537054704655,0.11762025476953963,0.10339375183283155,0.07267390831709894,0.00435042979136678,0.05210197940759548,0.09726743769539099,0.07108517953023369,0.09350786537957982,0.12624694133880918,0.07931093012170953,0.09431370681061442,0.08309578994305043,0.17445304821880617,0.15528641802771753,0.18958897259962257,0.07249175878620805
C:\Users\damba\.cache\kagglehub\datasets\salmaneunus\mechanical-tools-dataset\versions\20\Mechanical Tools Image dataset\Mechanical Tools Image dataset\Toolbox\000311.jpg,Toolbox,exito,0.3183098861837905,0.017317189228988557,0.01844521406529554,0.036480241004157185,0.028468536962617426,0.0419656826982285,0.005595312511495912,0.0600946131416346,0.04120038993304335,0.05103678999091682,0.03552094593846369,0.09756059988564258,0.054383148092702054,0.08149882787798453,0.11097427697265402,0.09904900029090011,0.08954847947917456,0.05629783945229791,0.0874360623062939,0.11721873670859566,0.13830080790780402,0.10053428309179525,0.2117739939634068,0.15264403322106174,0.12413716711049189
C:\Users\damba\.cache\kagglehub\datasets\salmaneunus\mechanical-tools-dataset\versions\20\Mechanical Tools Image dataset\Mechanical Tools Image dataset\Toolbox\000312.jpg,Toolbox,exito,0.3183098861837905,0.009184498794583842,0.01742955275202856,0.03696954792698341,0.025729317921524893,0.04645451868449768,0.0036076126670994543,0.06753207074559857,0.0471666810593247,0.04909155437874806,0.06341814391064701,0.09273287943787924,0.05217039575634628,0.09878018027085461,0.08316740480751744,0.10293499729710005,0.04266857044028727,0.023908189789689116,0.05587158154313337,0.10774192407725137,0.13599400253174468,0.10660112342860564,0.13746474676065693,0.13494339314194279,0.08320371164730428
C:\Users\damba\.cache\kagglehub\datasets\salmaneunus\mechanical-tools-dataset\versions\20\Mechanical Tools Image dataset\Mechanical Tools Image dataset\Toolbox\000313.jpg,Toolbox,exito,0.0,0.0,0.0,0.0,0.0,0.0,0.0,0.0,0.0,0.0,0.0,0.0,0.0,0.0,0.0,0.0,0.0,0.0,0.0,0.0,0.0,0.0,0.0,0.0,0.0
C:\Users\damba\.cache\kagglehub\datasets\salmaneunus\mechanical-tools-dataset\versions\20\Mechanical Tools Image dataset\Mechanical Tools Image dataset\Toolbox\000314.jpg,Toolbox,exito,0.3183098861837906,0.03449261896775116,0.003596315583174899,0.06357140568391727,0.07395344057307728,0.05703394925543648,0.016801026465647396,0.08767138265782087,0.01782192570600311,0.10886324514024076,0.10437775536162575,0.04203187330798547,0.07535141953006977,0.1102687982481618,0.014962517246050834,0.09418704101958315,0.12967541210348818,0.1275819315017449,0.06271363881214763,0.15822631532175843,0.16102905350701358,0.1772937541923554,0.04728682053868807,0.21675253128684552,0.13614551608997208
C:\Users\damba\.cache\kagglehub\datasets\salmaneunus\mechanical-tools-dataset\versions\20\Mechanical Tools Image dataset\Mechanical Tools Image dataset\Toolbox\000315.jpg,Toolbox,exito,0.3183098861837906,0.04397404950734879,9.04100217431044e-05,0.06403913097088737,0.09277700613278726,0.0614054373304504,0.03451530523323606,0.09117016624235556,0.011961205798150059,0.13164981971078704,0.11708138492556629,0.04090201949499119,0.12038678773669961,0.09515259905816727,0.03768159046866585,0.09215925735612661,0.11217463039487933,0.1511153056006529,0.052035496282667036,0.1494659346119856,0.22431657804684654,0.09400014757351777,0.10748995621760755,0.19235431352916052,0.1136554483694314
C:\Users\damba\.cache\kagglehub\datasets\salmaneunus\mechanical-tools-dataset\versions\20\Mechanical Tools Image dataset\Mechanical Tools Image dataset\Toolbox\000316.jpg,Toolbox,exito,0.0,0.0,0.0,0.0,0.0,0.0,0.0,0.0,0.0,0.0,0.0,0.0,0.0,0.0,0.0,0.0,0.0,0.0,0.0,0.0,0.0,0.0,0.0,0.0,0.0
C:\Users\damba\.cache\kagglehub\datasets\salmaneunus\mechanical-tools-dataset\versions\20\Mechanical Tools Image dataset\Mechanical Tools Image dataset\Toolbox\000317.jpg,Toolbox,exito,0.3183098861837905,0.02619662424575285,0.02026597786741709,0.03532362310520441,0.0616343054587894,0.04687282135855818,0.02148510529048049,0.061064781289854216,0.04667500639401334,0.09873270300271228,0.06960755428631757,0.0982601703490465,0.006010141453812027,0.09773080814276189,0.0737953379529754,0.12254455056854449,0.10341372045504313,0.044036787768226414,0.0970543715309245,0.12541108637595774,0.021741699457467577,0.13231459835503628,0.10558564847725475,0.1922251123314335,0.05800790958489364
C:\Users\damba\.cache\kagglehub\datasets\salmaneunus\mechanical-tools-dataset\versions\20\Mechanical Tools Image dataset\Mechanical Tools Image dataset\Toolbox\000318.jpg,Toolbox,exito,0.3183098861837905,0.027076873433964525,0.020486960415185093,0.03518807607846469,0.06359605756838783,0.04661368994544543,0.02285668594172156,0.06066542216481826,0.04615443662419326,0.10290468354142125,0.06851091354646194,0.09910103243795482,0.010764274950067565,0.10029209271444876,0.07361895224387575,0.12452742254879755,0.11465961744058739,0.043882998923477516,0.10284438321800105,0.12838555249217432,0.010081526506493117,0.14204504482074803,0.10645976094100339,0.2009337878743941,0.058361842357552714
C:\Users\damba\.cache\kagglehub\datasets\salmaneunus\mechanical-tools-dataset\versions\20\Mechanical Tools Image dataset\Mechanical Tools Image dataset\Toolbox\000319.jpg,Toolbox,exito,0.31830988618379064,0.0011320084249886665,0.04904933964061357,0.056826262520218364,0.01177604019135881,0.07160771055699129,0.05492788467187158,0.10366585560196824,0.026757780274452227,0.03781483140079425,0.10264440715744813,0.023568272662569754,0.009123782926862738,0.15096451092853125,0.10685973222381663,0.02560486381893302,0.05077684815488949,0.08249571993172677,0.05107303884256138,0.010211390861470727,0.07551376556186014,0.17065447310037932,0.19178191276219964,0.008735949377984898,0.1458659966294502
C:\Users\damba\.cache\kagglehub\datasets\salmaneunus\mechanical-tools-dataset\versions\20\Mechanical Tools Image dataset\Mechanical Tools Image dataset\Toolbox\000320.jpg,Toolbox,exito,0.3183098861837905,0.034778609500482685,0.0227319170965795,0.03409460441254919,0.07889891502209197,0.04664700832026871,0.03544161348063536,0.058128186337663944,0.04562849738766747,0.12728310206577637,0.07064532028103958,0.10204138355251709,0.049091428989616936,0.11058692425224396,0.0762332496109774,0.13318287257906952,0.15821792534841464,0.0524128007959945,0.1251571487356878,0.1386489918369658,0.06914529800220284,0.1818954668966434,0.1095385112737463,0.23347587867788824,0.052063770568880945
C:\Users\damba\.cache\kagglehub\datasets\salmaneunus\mechanical-tools-dataset\versions\20\Mechanical Tools Image dataset\Mechanical Tools Image dataset\Toolbox\000321.jpg,Toolbox,exito,0.0,0.0,0.0,0.0,0.0,0.0,0.0,0.0,0.0,0.0,0.0,0.0,0.0,0.0,0.0,0.0,0.0,0.0,0.0,0.0,0.0,0.0,0.0,0.0,0.0
C:\Users\damba\.cache\kagglehub\datasets\salmaneunus\mechanical-tools-dataset\versions\20\Mechanical Tools Image dataset\Mechanical Tools Image dataset\Toolbox\000322.jpg,Toolbox,exito,0.3183098861837905,0.008439823466713327,0.017367705483714982,0.037033178050194175,0.02258149158155576,0.0464135836783259,0.0028458120136439684,0.06787028653521643,0.047214809514020614,0.04445565164258566,0.06283732155548641,0.0922709498287424,0.05547140920922821,0.09913613628998012,0.08551885692145175,0.10087073629377516,0.038702672329263804,0.022123420522148,0.05239017197982756,0.1062289247528112,0.14294703585538795,0.10634719573832765,0.14293112181222675,0.12966205289235636,0.0860091421728994
C:\Users\damba\.cache\kagglehub\datasets\salmaneunus\mechanical-tools-dataset\versions\20\Mechanical Tools Image dataset\Mechanical Tools Image dataset\Toolbox\000323.jpg,Toolbox,exito,0.0,0.0,0.0,0.0,0.0,0.0,0.0,0.0,0.0,0.0,0.0,0.0,0.0,0.0,0.0,0.0,0.0,0.0,0.0,0.0,0.0,0.0,0.0,0.0,0.0
C:\Users\damba\.cache\kagglehub\datasets\salmaneunus\mechanical-tools-dataset\versions\20\Mechanical Tools Image dataset\Mechanical Tools Image dataset\Toolbox\000324.jpg,Toolbox,exito,0.3183098861837905,0.033680119531555,0.03751712996856044,0.050678696811552765,0.07263513530122333,0.1000193505867234,0.11241979512525183,0.06865211934708514,0.059041988335832546,0.10768063721826775,0.1775792799992958,0.09950131886941732,0.2597916490088328,0.057279563649218344,0.012149665911867039,0.10372340625608462,0.1036371331103472,0.2438368557646292,0.13195289916693145,0.08345608789665399,0.4374102096414029,0.020280651988693627,0.10631223481932983,0.22297142242466994,0.17416659524078515
C:\Users\damba\.cache\kagglehub\datasets\salmaneunus\mechanical-tools-dataset\versions\20\Mechanical Tools Image dataset\Mechanical Tools Image dataset\Toolbox\000325.jpg,Toolbox,exito,0.3183098861837907,0.5897123771906025,0.7369056222012124,0.7991748534745287,0.8006842237964682,0.9385528676892897,0.7310543737983418,0.82085704827203,1.007413713247756,0.6683704033305266,0.8665378828030554,1.0142311532112889,0.5488137193483039,0.7293522348461766,1.0073396406709434,0.9786268501264721,0.6007926743342674,0.9487025059519831,1.258446806883827,0.9346321872638579,0.6454849848558905,0.8265968017528412,1.2495617812253368,1.5821725324046343,0.930073731836732
C:\Users\damba\.cache\kagglehub\datasets\salmaneunus\mechanical-tools-dataset\versions\20\Mechanical Tools Image dataset\Mechanical Tools Image dataset\Toolbox\000326.jpg,Toolbox,exito,0.3183098861837907,0.37771921686594445,0.1765013130288428,0.33616252506396616,0.4612563146561431,0.26593591385455717,0.340703185493543,0.5183732818387179,0.19270581169040335,0.059393186935834966,0.46645310096507375,0.1244636923070933,0.09932031478949765,0.05426371329932463,0.37493640010307644,0.06519148588057475,0.07228072173112773,0.03356762024322293,0.2656859246696584,0.025561767540914257,0.23835982516978588,0.12465496796724754,0.021621981048021353,0.14243595042356616,0.03982483197373552
C:\Users\damba\.cache\kagglehub\datasets\salmaneunus\mechanical-tools-dataset\versions\20\Mechanical Tools Image dataset\Mechanical Tools Image dataset\Toolbox\000327.jpg,Toolbox,exito,0.3183098861837905,0.01338706366236905,0.08485429191336118,0.07581552482600976,0.02474415079573781,0.00635920695792893,0.14056163353904286,0.06470994535490363,0.01817023487360355,0.027124031330203597,0.01587658690824867,0.0023135721363914483,0.17560202321231125,0.04614149378949434,0.013000524774698591,0.01146931814872339,0.010493199204441231,0.014288074733508781,0.0012840558161198068,0.0019438229732174463,0.14689655380111333,0.2133240230326362,0.04300159150797794,0.1128556608722418,0.09772093433647197
C:\Users\damba\.cache\kagglehub\datasets\salmaneunus\mechanical-tools-dataset\versions\20\Mechanical Tools Image dataset\Mechanical Tools Image dataset\Toolbox\000328.jpg,Toolbox,exito,0.31830988618379064,0.010710719349544063,0.049583903932365996,0.05680646155382045,0.019721408012241703,0.06901927807462763,0.05642342797682575,0.10048215394303668,0.031148572349105813,0.04430507509726903,0.09473592711058693,0.025523338729673446,0.009781307377584115,0.1434897592002544,0.12367450074116648,0.02378571193381834,0.07734421655289725,0.08035224359685297,0.04373682230743507,0.012766153760017043,0.07713290308750115,0.16494895600017645,0.2201342892632279,0.013164363617439962,0.14694618982038657
C:\Users\damba\.cache\kagglehub\datasets\salmaneunus\mechanical-tools-dataset\versions\20\Mechanical Tools Image dataset\Mechanical Tools Image dataset\Toolbox\000329.jpg,Toolbox,exito,0.3183098861837905,0.02786586182201865,0.02069123861391435,0.03510683392983712,0.06567860439717879,0.04608852360823877,0.024231246278343537,0.06068235254214189,0.04518261216712326,0.10875577267399292,0.06610099990262563,0.10032622342017485,0.01613932629791676,0.10580090536535426,0.07320293103451744,0.12721689959202995,0.13268180636841675,0.043774626562355826,0.1112327855653989,0.1329709032727694,0.005533628155611963,0.15869727081624616,0.10922418332463617,0.21429428671124354,0.06083411525497554
C:\Users\damba\.cache\kagglehub\datasets\salmaneunus\mechanical-tools-dataset\versions\20\Mechanical Tools Image dataset\Mechanical Tools Image dataset\Toolbox\000330.jpg,Toolbox,exito,0.31830988618379064,0.2941643341887789,0.17108356561326712,0.09677193173049502,0.17073600213336915,0.1768562048207892,0.09874166704320124,0.2018919791480285,0.01706342109929189,0.15048201357473395,0.0563795600568922,0.06333634631085194,0.04485582440236663,0.15662193248132414,0.054990539849840855,0.06200185187632577,0.10884196484701292,0.10800511264390322,0.1571686463039876,0.01288431017878418,0.2483445700984532,0.16358104600405446,0.2524958987152055,0.12667427784564586,0.22042213408654154
C:\Users\damba\.cache\kagglehub\datasets\salmaneunus\mechanical-tools-dataset\versions\20\Mechanical Tools Image dataset\Mechanical Tools Image dataset\Toolbox\000331.jpg,Toolbox,exito,0.3183098861837905,0.03629857814762347,0.02324102049600869,0.03410474183259268,0.08069827692313149,0.04869444330605257,0.03741251983069465,0.056593708637711855,0.04937028857897676,0.1213107861047987,0.08121331029690144,0.09857699692044314,0.050251035982479736,0.08804606576760238,0.08134465594128175,0.12667986345944768,0.11187196077391175,0.07056482130194712,0.10335583137202217,0.12480325276357174,0.05247108806223066,0.12215698728285987,0.11166612050241627,0.19470101940631063,0.03900843471584202
C:\Users\damba\.cache\kagglehub\datasets\salmaneunus\mechanical-tools-dataset\versions\20\Mechanical Tools Image dataset\Mechanical Tools Image dataset\Toolbox\000332.jpg,Toolbox,exito,0.3183098861837905,0.03265213973248803,0.022056210234017555,0.03575289069146203,0.07382501684540094,0.049995420198300305,0.030318248510047625,0.06463315014147153,0.052102528161554064,0.11046347818389207,0.08750900814779743,0.09309167921121562,0.027406671657098626,0.09295777273951839,0.0806302564972409,0.11480489284704908,0.08235688170265121,0.08317607010923998,0.06760280322482021,0.10772836842985958,0.004075011852197686,0.09668226694069242,0.1088980781383363,0.14748367746925833,0.04636585981030811
C:\Users\damba\.cache\kagglehub\datasets\salmaneunus\mechanical-tools-dataset\versions\20\Mechanical Tools Image dataset\Mechanical Tools Image dataset\Toolbox\000333.jpg,Toolbox,exito,0.31830988618379047,0.017143369962354816,0.046499803778929094,0.041034739797833966,0.04072515300657344,0.054193770536678905,0.07803087618758268,0.021888475978699237,0.04280115004590125,0.07007994329704223,0.08661583241933778,0.07106070315457348,0.0946143273097349,0.10849061145726777,0.08040518617417469,0.07138457468323013,0.09541711696367265,0.09471213533715062,0.0809563010933308,0.09169839498665074,0.061691077609478805,0.2694025325197803,0.11278211292592825,0.17785940012376333,0.1041284085950741
C:\Users\damba\.cache\kagglehub\datasets\salmaneunus\mechanical-tools-dataset\versions\20\Mechanical Tools Image dataset\Mechanical Tools Image dataset\Toolbox\000334.jpg,Toolbox,exito,0.31830988618379047,0.027543376010682016,0.04430975668062144,0.04210054985193714,0.058269797487408126,0.05686456542987655,0.06744296203077937,0.02868963752347826,0.04115220559844505,0.08290745760674903,0.09257960127847474,0.07064007355873925,0.06982210057893692,0.0819501382585982,0.07777572063144829,0.06814738934135976,0.08307710452097819,0.09759080737985844,0.07194023137126632,0.09006663889432819,0.03448597449564679,0.22066389823667049,0.108646611247397,0.1727327596685679,0.08809837450068894
C:\Users\damba\.cache\kagglehub\datasets\salmaneunus\mechanical-tools-dataset\versions\20\Mechanical Tools Image dataset\Mechanical Tools Image dataset\Toolbox\000335.jpg,Toolbox,exito,0.3183098861837905,0.01670922986293094,0.018347730381573023,0.03749878935408247,0.038351272408512264,0.04836325502189411,0.007739323419283119,0.07269908578810479,0.05035801728343219,0.06364483699936706,0.07456335893191933,0.0886053173542416,0.04266467637345712,0.1108039452821397,0.08611097701071764,0.09600171794528352,0.05546684374537967,0.05035415574169928,0.030623999306823326,0.09658327646533561,0.12151144209817268,0.1216073379189234,0.13900410086063014,0.10692603009826711,0.08045603216607868
C:\Users\damba\.cache\kagglehub\datasets\salmaneunus\mechanical-tools-dataset\versions\20\Mechanical Tools Image dataset\Mechanical Tools Image dataset\Toolbox\000336.jpg,Toolbox,exito,0.3183098861837906,0.026475275322046826,0.014019884112891585,0.007701062511887228,0.06193116753602611,0.08409663299809357,0.03620800422094447,0.0299572722395487,0.06405359276985141,0.10494366214512045,0.12015093368115687,0.08463088226952169,0.06466581354514234,0.1352636792158064,0.0956899354755387,0.06273046254086712,0.1297551112370701,0.11019717040343464,0.08444740552731482,0.06093102676619308,0.06822854717168342,0.26321489263772885,0.1051943346859439,0.16851601411561298,0.05731663416781216
C:\Users\damba\.cache\kagglehub\datasets\salmaneunus\mechanical-tools-dataset\versions\20\Mechanical Tools Image dataset\Mechanical Tools Image dataset\Toolbox\000337.jpg,Toolbox,exito,0.3183098861837906,0.021531746755110194,0.0032674261748291034,0.031543602380816264,0.04606208945864123,0.07051422779892849,0.05191359491128218,0.042682089043870906,0.0960469954992723,0.06527980106984463,0.13518232623700707,0.1667355387692974,0.1681163662928303,0.05181682816867614,0.08695889120647944,0.06429108263668545,0.06535754624671464,0.18589641354484338,0.21961549633070482,0.04217554957770337,0.31003573007184393,0.09840930934410368,0.09876978622595162,0.1549444023066544,0.27885510738068225
C:\Users\damba\.cache\kagglehub\datasets\salmaneunus\mechanical-tools-dataset\versions\20\Mechanical Tools Image dataset\Mechanical Tools Image dataset\Toolbox\000338.jpg,Toolbox,exito,0.3183098861837907,0.3695857546444612,0.06011419230265241,0.18080044730203151,0.2018490173365553,0.08937848557420186,0.22552055498120538,0.28014394710384816,0.22165509642024067,0.1752103076789365,0.1729907519203016,0.1809340247832106,0.05298412812070144,0.18477238008504346,0.08131463603371165,0.18538627988349432,0.14276263546194579,0.07390300314421304,0.1995465271775501,0.2647236784272595,0.2983415426204628,0.05894595187153017,0.023632568278711918,0.13246029319446623,0.18765441780778228
C:\Users\damba\.cache\kagglehub\datasets\salmaneunus\mechanical-tools-dataset\versions\20\Mechanical Tools Image dataset\Mechanical Tools Image dataset\Toolbox\000339.jpg,Toolbox,exito,0.3183098861837906,0.05334075302239457,0.0001257251390043066,0.001134544280316756,0.11541839125670492,0.009008150995557004,0.034344904184103055,0.007481430712568677,0.012579763725995695,0.17367815497760483,0.03971387651643293,0.16058396159839297,0.11842407377541063,0.029427981899641645,0.07479840677434876,0.18259903510977396,0.1732276227834064,0.04968747320381292,0.20435026370665843,0.04891026447267,0.21072819106071258,0.08325566978949847,0.16358104178456973,0.22095621675235247,0.09046915172501918
C:\Users\damba\.cache\kagglehub\datasets\salmaneunus\mechanical-tools-dataset\versions\20\Mechanical Tools Image dataset\Mechanical Tools Image dataset\Toolbox\000340.jpg,Toolbox,exito,0.31830988618379047,0.03709063715430327,0.034415620833166176,0.03281051340657175,0.08159516636016582,0.04942351760821985,0.01761885705424058,0.04370442461948913,0.056826269764744315,0.12054957837096042,0.08764490245239746,0.11407486999597698,0.0568368193393897,0.031612479233940075,0.0777768875061889,0.1122325292103523,0.10215733181283165,0.11033582948785448,0.14152115810715835,0.13558148485411758,0.14650734683066544,0.012504961138817987,0.14304367250468275,0.15017644717369225,0.19161666479028724
C:\Users\damba\.cache\kagglehub\datasets\salmaneunus\mechanical-tools-dataset\versions\20\Mechanical Tools Image dataset\Mechanical Tools Image dataset\Toolbox\000341.jpg,Toolbox,exito,0.31830988618379064,0.24775501328671337,0.05640252165872377,0.024534926001761156,0.14124407492832344,0.10239216093024138,0.04538841151539551,0.044858173013691285,0.041385939740806385,0.07511038973924271,0.05716709356952413,0.07120952575832155,0.16109283629288218,0.09799235202043306,0.1095239665327688,0.1576964940987809,0.15836441372437715,0.0890608980920552,0.1681787079579179,0.22622928745587476,0.10392566853256252,0.1213477509815084,0.030313170645951588,0.02258909621619936,0.1714679589134722
C:\Users\damba\.cache\kagglehub\datasets\salmaneunus\mechanical-tools-dataset\versions\20\Mechanical Tools Image dataset\Mechanical Tools Image dataset\Toolbox\000342.jpg,Toolbox,exito,0.3183098861837905,0.03444795172716577,0.022624049096321923,0.03445210488162422,0.07707221667623014,0.04864049421348017,0.03402952098226449,0.057945520816751146,0.04938562899348303,0.11589060172487918,0.08053814936312641,0.09783497670515008,0.04033507314952979,0.0883119796317487,0.07981787270991386,0.12463236779898815,0.10284288680506369,0.06788168553715146,0.09776372226255027,0.12257468608230483,0.033415689327122175,0.11631120076825427,0.10831203163893825,0.18778501504871437,0.04174309208143707
C:\Users\damba\.cache\kagglehub\datasets\salmaneunus\mechanical-tools-dataset\versions\20\Mechanical Tools Image dataset\Mechanical Tools Image dataset\Toolbox\000343.jpg,Toolbox,exito,0.3183098861837907,0.014679117888823706,0.10711870448812526,0.0005077045467641355,0.03919114078193004,1.5608803911184275e-05,0.15357366513915538,0.003104438428438671,0.09333146852100246,0.07960374149520909,0.012863593343244077,0.012912183326608736,0.1391735441895556,0.010494093883206707,0.21985564713945735,0.001042047812666019,0.12980739470413077,0.057323072337969204,0.057579631799148955,6.407317392243954e-05,0.06320342323404035,0.02598840435308102,0.33464861733785023,0.007307628834596463,0.19897195828179706
C:\Users\damba\.cache\kagglehub\datasets\salmaneunus\mechanical-tools-dataset\versions\20\Mechanical Tools Image dataset\Mechanical Tools Image dataset\Toolbox\000344.jpg,Toolbox,exito,0.3183098861837906,0.023334832242103972,0.0036486503259739265,0.0315137379511375,0.04976752675381611,0.07047051337428271,0.05393593698549686,0.042477479836476935,0.09610021221997396,0.0717934579576539,0.134761935264343,0.16543699315176522,0.17370453371584327,0.050203077286539464,0.08774125233224092,0.06700521886950665,0.07285665542251157,0.18497137300781255,0.21818228468125697,0.04122494488309396,0.3195857789477192,0.09289070697122889,0.11322112947246156,0.15986556679305863,0.27990649207061785
C:\Users\damba\.cache\kagglehub\datasets\salmaneunus\mechanical-tools-dataset\versions\20\Mechanical Tools Image dataset\Mechanical Tools Image dataset\Toolbox\000345.jpg,Toolbox,exito,0.3183098861837905,0.021173677662033753,0.019144719120209503,0.03587659899554718,0.053056693157737214,0.04554724606659421,0.01547196985624716,0.0626969562715137,0.04475586998677047,0.09220584623231946,0.061706865891664915,0.09892142275513259,0.010137317000347222,0.10277856394875236,0.07330020363390526,0.12169631904653248,0.1134298803298011,0.038736969087802615,0.09995410245320205,0.12823311746272217,0.044542443710912365,0.14252571010253826,0.1170404591577123,0.19813184229597525,0.06992471976117372
C:\Users\damba\.cache\kagglehub\datasets\salmaneunus\mechanical-tools-dataset\versions\20\Mechanical Tools Image dataset\Mechanical Tools Image dataset\Toolbox\000346.jpg,Toolbox,exito,0.3183098861837907,0.012065306163522424,0.10678928545870449,0.00034299503205381253,0.032200151726944036,8.667319183628711e-06,0.15155908153268965,0.0020969020726123735,0.09333179957715916,0.0652959952369037,0.010701821111760476,0.010613005275609466,0.1321890713185519,0.00793914205059107,0.2191849330981294,0.0007039868161605518,0.10603675542175162,0.04774637542964632,0.04727573247604907,3.557881237635887e-05,0.04551678073906368,0.02311238471970169,0.3299455613467943,0.004933978743654108,0.19896951211238412
C:\Users\damba\.cache\kagglehub\datasets\salmaneunus\mechanical-tools-dataset\versions\20\Mechanical Tools Image dataset\Mechanical Tools Image dataset\Toolbox\000347.jpg,Toolbox,exito,0.3183098861837905,0.0016724816757751081,0.0170452205649433,0.03691897809157563,0.013226994407607323,0.044856011787866364,0.001046006441135179,0.06552857249688614,0.04488411961461711,0.04045860010912855,0.053643354780812676,0.09461083424055937,0.06021313969343473,0.09485974869989798,0.08867465385123136,0.10313456858181043,0.05761734206900094,0.02473501378862761,0.067011524299221,0.11258175704385891,0.1476732286275863,0.10718650684050952,0.1566402899648759,0.1450864948678567,0.09460768581614407
C:\Users\damba\.cache\kagglehub\datasets\salmaneunus\mechanical-tools-dataset\versions\20\Mechanical Tools Image dataset\Mechanical Tools Image dataset\Toolbox\000348.jpg,Toolbox,exito,0.3183098861837906,0.048284525561020065,0.002547141563594631,0.0036853742782953164,0.1052007121869288,0.009082198278872118,0.0212779904079531,0.017857293892083344,0.012123201893279232,0.15835957258466735,0.04005586186814729,0.15973883513755013,0.08161956615535379,0.052431228245895224,0.06138443359652562,0.17194883496026173,0.15562477637946726,0.049013895303443814,0.1861442587076385,0.07116564235999533,0.1462178497383697,0.1048623839760281,0.12849722023955304,0.20975230345502774,0.08843556734912333
C:\Users\damba\.cache\kagglehub\datasets\salmaneunus\mechanical-tools-dataset\versions\20\Mechanical Tools Image dataset\Mechanical Tools Image dataset\Toolbox\000349.jpg,Toolbox,exito,0.31830988618379064,0.3203028441516928,0.0059975909541384155,0.05846278417105037,0.2084190317578054,0.21240327403692727,0.19409833827544257,0.13825456388696622,0.29270757839943273,0.028863847057355056,0.02536325480474072,0.18365990096320292,0.0860134536825326,0.11184307101341891,0.03489762832486316,0.03131371019333993,0.040421058490288875,0.055070848926680745,0.15427325938243744,0.1997561965662272,0.033143172073030844,0.07348160502211659,0.02961656166412401,0.1253959048832895,0.28509878723787324
C:\Users\damba\.cache\kagglehub\datasets\salmaneunus\mechanical-tools-dataset\versions\20\Mechanical Tools Image dataset\Mechanical Tools Image dataset\Toolbox\000350.jpg,Toolbox,exito,0.31830988618379047,0.029529891922168438,0.028638659077005007,0.0007092955809994656,0.05972137616394,0.06668596953506392,0.013964916187866114,0.0034636280214984175,0.07339606491459613,0.08905732605884749,0.10277866154355599,0.10272165269878425,0.14632166969490837,0.010470134748363606,0.05147256227394798,0.005342343012893636,0.11194290199216869,0.13436220560782963,0.1342269105967791,0.13332474837399214,0.30079585442075024,0.022848450438969842,0.29443710814975504,0.015342910222960065,0.4192435907334157
C:\Users\damba\.cache\kagglehub\datasets\salmaneunus\mechanical-tools-dataset\versions\20\Mechanical Tools Image dataset\Mechanical Tools Image dataset\Toolbox\000351.jpg,Toolbox,exito,0.3183098861837905,0.03990048120102766,0.024534390431003358,0.034357515699728516,0.08801416093451227,0.050334956061506966,0.04393455420466359,0.05799483841826948,0.052380258241710394,0.13003653728467213,0.09072400803693843,0.09604258750830769,0.066789380558687,0.08041368242190623,0.08768965011171743,0.12280599069784795,0.10544243786168916,0.09464969093940354,0.0896935581666212,0.1153407749640166,0.07567646713346306,0.08779896810354393,0.12435236605893542,0.1704308717283323,0.03291861372761969
C:\Users\damba\.cache\kagglehub\datasets\salmaneunus\mechanical-tools-dataset\versions\20\Mechanical Tools Image dataset\Mechanical Tools Image dataset\Toolbox\000352.jpg,Toolbox,exito,0.3183098861837905,0.01864306273271927,0.08406095974620428,0.07629860887084688,0.036047378944238276,0.008874815555911263,0.13653741575231623,0.06731747149749218,0.01778618411496549,0.04044326082701776,0.021482528441066163,0.003199485074591917,0.165425293653011,0.039248925970512036,0.014667325386782247,0.0112748572452659,0.004304564235084919,0.02042034055868087,0.0014648788072753063,0.002691781203809652,0.13319350896735713,0.2035224676888126,0.04684527643242383,0.11286276607504091,0.09751102853710826
C:\Users\damba\.cache\kagglehub\datasets\salmaneunus\mechanical-tools-dataset\versions\20\Mechanical Tools Image dataset\Mechanical Tools Image dataset\Toolbox\000353.jpg,Toolbox,exito,0.3183098861837906,0.022658812643385394,0.014903543815791365,0.008675098874837034,0.05347176990579684,0.0844473825349116,0.04190746539300148,0.019608051220104263,0.059571182605800986,0.08933637707402592,0.11513769412584055,0.08012648647437726,0.08487476036183983,0.10186492327943997,0.07457265556592554,0.05640183475095016,0.09910923169122113,0.08563418596207967,0.06508754757632777,0.05519445271316005,0.11758556057091765,0.19703118526677116,0.06373106451364935,0.1456673977213724,0.06434448417945453
C:\Users\damba\.cache\kagglehub\datasets\salmaneunus\mechanical-tools-dataset\versions\20\Mechanical Tools Image dataset\Mechanical Tools Image dataset\Toolbox\000354.jpg,Toolbox,exito,0.31830988618379047,0.02167890488849709,0.04567004734750309,0.041162953958679825,0.04805021414646443,0.05475784102545451,0.07372994690776533,0.022537966044489897,0.04298029783320666,0.07527110962697162,0.08872608203829707,0.07176120796745271,0.08320799823538796,0.10508263385111394,0.08374055967829518,0.07171932366731251,0.09504379732745827,0.09971132383981664,0.08260266205623924,0.09294515430442161,0.043954434531654284,0.265970753435431,0.12081211742566574,0.18236858414543528,0.09959117961761212
C:\Users\damba\.cache\kagglehub\datasets\salmaneunus\mechanical-tools-dataset\versions\20\Mechanical Tools Image dataset\Mechanical Tools Image dataset\Toolbox\000355.jpg,Toolbox,exito,0.3183098861837905,0.018852658171722395,0.08402392540125539,0.07633032134314685,0.03656581868953569,0.00897584690142771,0.13633479309585858,0.0674750313916519,0.017760493984513,0.04108165980570096,0.02167343734672789,0.003233952060551047,0.16487183825226714,0.03884123749419947,0.014773582367274352,0.011262014860631804,0.00235812178158516,0.02067126985469003,0.0014705448469479944,0.002721030825278142,0.132384866111176,0.20300109965418509,0.0471013056617052,0.1128687206645446,0.09749726739988383
C:\Users\damba\.cache\kagglehub\datasets\salmaneunus\mechanical-tools-dataset\versions\20\Mechanical Tools Image dataset\Mechanical Tools Image dataset\Toolbox\000356.jpg,Toolbox,exito,0.3183098861837905,0.04973940690646378,0.07404032464979915,0.0813133527763657,0.09807086229458621,0.024200225705991858,0.08715023996420064,0.0960524772181448,0.01376771183835709,0.12289189751475883,0.06301220310085212,0.0079114762618238,0.041873765826107426,0.042435212579817125,0.032516930397963995,0.009340963901581002,0.06471781878358364,0.08255851385982915,0.007864313929381115,0.006770529184769758,0.04616814314435772,0.06793397978085401,0.09225193077087322,0.11148225580060593,0.09540163142356334
C:\Users\damba\.cache\kagglehub\datasets\salmaneunus\mechanical-tools-dataset\versions\20\Mechanical Tools Image dataset\Mechanical Tools Image dataset\Toolbox\000357.jpg,Toolbox,exito,0.3183098861837905,0.01813392539306213,0.08414919705224322,0.07622823310853663,0.03482619123687426,0.008629767448820387,0.13701182316048105,0.06696214052708933,0.017842942629538127,0.03895164455124557,0.020999090424475716,0.0031153100034114634,0.16669970942281842,0.04016879625701976,0.014429429760491871,0.011303312344195165,0.006681406427441102,0.0198112920472603,0.001452900774302921,0.0026204299483123,0.13502562953253278,0.20472870617809671,0.046277490807324496,0.11285165371811957,0.09754157324924562
C:\Users\damba\.cache\kagglehub\datasets\salmaneunus\mechanical-tools-dataset\versions\20\Mechanical Tools Image dataset\Mechanical Tools Image dataset\Toolbox\000358.jpg,Toolbox,exito,0.3183098861837905,0.0073823419287462845,0.017288859451015787,0.03688183870826668,0.02824100611392085,0.043836354895174366,0.003851727105861719,0.06454320044862573,0.04301026685885081,0.06520531963900848,0.04940234230673652,0.09763151056818938,0.047223191891251966,0.09818763654213182,0.08359543512293163,0.11181877013655238,0.09737119725129548,0.04466407986065688,0.08861204037080665,0.12293213775610007,0.11317572717365296,0.12602047022994767,0.15431542824743533,0.17717700154228452,0.09354219458378775
C:\Users\damba\.cache\kagglehub\datasets\salmaneunus\mechanical-tools-dataset\versions\20\Mechanical Tools Image dataset\Mechanical Tools Image dataset\Toolbox\000359.jpg,Toolbox,exito,0.3183098861837906,0.03446235232669258,0.003606150505632362,0.06444668074011072,0.07504144155742763,0.05752582591935587,0.0162136507737465,0.09079521872171276,0.016403714774720718,0.1085385237799256,0.10442227150930752,0.04212918679118784,0.07054402878947644,0.10162344863213303,0.024012471289276104,0.09133740623238301,0.0972014995910011,0.12229917198468757,0.0533985430300928,0.15052225399014865,0.1388035646766995,0.1274234346949038,0.06799574602739983,0.1934764938598801,0.12177493272931376
C:\Users\damba\.cache\kagglehub\datasets\salmaneunus\mechanical-tools-dataset\versions\20\Mechanical Tools Image dataset\Mechanical Tools Image dataset\Toolbox\000360.jpg,Toolbox,exito,0.31830988618379047,0.017128101905513008,0.031365448286978896,0.0029658263091384826,0.03510358448148235,0.06650324679457896,0.0008063573835477199,0.011414922602002992,0.08420781893820077,0.052241697415724576,0.11890311477104241,0.117610700365675,0.1045229368933509,0.03984359223038451,0.017026522303989426,0.03333899268613249,0.06855709732084476,0.155804274167854,0.15349565346373995,0.13095269754790068,0.226929778419817,0.08605053548464081,0.1292596981293519,0.0894592757625936,0.38228749783147775
C:\Users\damba\.cache\kagglehub\datasets\salmaneunus\mechanical-tools-dataset\versions\20\Mechanical Tools Image dataset\Mechanical Tools Image dataset\Toolbox\000361.jpg,Toolbox,exito,0.3183098861837905,0.018179726233395865,0.018589495178406867,0.03741440184848168,0.042884457428862384,0.04864090728744554,0.009649322973485168,0.07235744954448173,0.05064998899947918,0.07009846013039447,0.07669403624166696,0.08900556286348525,0.035756328084961604,0.1099746848973783,0.08284863285038925,0.09876035600970233,0.05771363679497634,0.054730954773013554,0.034407149027189325,0.09771178883866616,0.10852344773607599,0.11994107936751648,0.12969246717345542,0.11220210976329342,0.07537393433702941
C:\Users\damba\.cache\kagglehub\datasets\salmaneunus\mechanical-tools-dataset\versions\20\Mechanical Tools Image dataset\Mechanical Tools Image dataset\Toolbox\000362.jpg,Toolbox,exito,0.3183098861837907,0.44922725532892915,0.31860861577997807,0.3430059109946703,0.05447395934883954,0.1568721484893161,0.34492285870473555,0.15260927833656335,0.26102270535969174,0.4401564064192252,0.23496754996052885,0.3934576115366672,0.365739439897439,0.31673078852823267,0.3242759991309714,0.396926483827188,0.16154704176380744,0.22106492476040634,0.2819286210878723,0.29239783244739287,0.36268019483029834,0.24377663661659968,0.052933999325458635,0.15220773695203552,0.21299662576655554
C:\Users\damba\.cache\kagglehub\datasets\salmaneunus\mechanical-tools-dataset\versions\20\Mechanical Tools Image dataset\Mechanical Tools Image dataset\Toolbox\000363.jpg,Toolbox,exito,0.3183098861837905,0.04218682367145346,0.025418810140658665,0.03404026563875029,0.0925932947636405,0.05062777508464291,0.048658930880183505,0.05661631622896532,0.05285356746046703,0.13676373792542623,0.09275589646808766,0.09644635428438172,0.0801347262445586,0.07725559146614316,0.09093640864298988,0.1242164133338794,0.11402519558036586,0.1010495260843267,0.09358513417972118,0.11606486679111674,0.09989960519534428,0.0842685052913681,0.1326167129155354,0.17325655946352894,0.029267150321249106
C:\Users\damba\.cache\kagglehub\datasets\salmaneunus\mechanical-tools-dataset\versions\20\Mechanical Tools Image dataset\Mechanical Tools Image dataset\Toolbox\000364.jpg,Toolbox,exito,0.31830988618379047,0.03545356767762484,0.034975263693449755,0.032732682285905666,0.07849982272887135,0.04923818317968252,0.020662147349280697,0.04327414450157664,0.056587847519579064,0.1162739778243952,0.08667743770828196,0.11284853767561204,0.048325538400013905,0.03274089313339993,0.07133480442134027,0.10974273060871068,0.09836164999270645,0.10710177388911046,0.1348280313810995,0.13870992720471478,0.13233724671192895,0.02558183065198897,0.1265085031523593,0.15179016501565895,0.19044329956750927
C:\Users\damba\.cache\kagglehub\datasets\salmaneunus\mechanical-tools-dataset\versions\20\Mechanical Tools Image dataset\Mechanical Tools Image dataset\Toolbox\000365.jpg,Toolbox,exito,0.31830988618379047,0.01933451702569304,0.03098632870623451,0.0018582809772698578,0.04123079682768903,0.06660661366956316,0.0019283668380137861,0.004451121957318316,0.0789217196670621,0.06078348993024433,0.11016711162145183,0.11027502772126023,0.11263647890593972,0.013619686302125731,0.019254424322954763,0.017390814716653654,0.05935518794029603,0.1397274073913456,0.14100949774413776,0.13202124961300554,0.23364411712164915,0.030469598873027963,0.21199651171070713,0.03154063473484893,0.39952001842816237
C:\Users\damba\.cache\kagglehub\datasets\salmaneunus\mechanical-tools-dataset\versions\20\Mechanical Tools Image dataset\Mechanical Tools Image dataset\Toolbox\000366.jpg,Toolbox,exito,0.3183098861837907,0.4383743959646247,0.21591831832478925,0.32223683061219455,0.14730920820406412,0.07685041580181028,0.541896781263246,0.38086940323547336,0.2297982919696136,0.6036946189483171,0.3331164798331968,0.3681936493493322,0.4653340368872197,0.27047526432868385,0.05124041686500422,0.33138150305845043,0.08135583500802611,0.25053812632036526,0.2916254146246964,0.16715843401920874,0.2651238105104073,0.4211352753541698,0.6235044421813094,0.43593111687306396,0.13637119875103654
C:\Users\damba\.cache\kagglehub\datasets\salmaneunus\mechanical-tools-dataset\versions\20\Mechanical Tools Image dataset\Mechanical Tools Image dataset\Toolbox\000367.jpg,Toolbox,exito,0.3183098861837906,0.02698937352732991,0.013890359012293393,0.007219547345935585,0.06327392725741438,0.08402741474078193,0.035213487674416476,0.03363073453653721,0.06514945111853161,0.10865507858182656,0.12165052401776315,0.08597262526765535,0.06040461897968279,0.14667333125439302,0.10118540866340917,0.06440309498844404,0.1394371317061905,0.1177962615818721,0.09019915520759567,0.06265480932851128,0.055277647326885816,0.2854180630082632,0.1168452366708824,0.17544217255384076,0.05461151240444164
C:\Users\damba\.cache\kagglehub\datasets\salmaneunus\mechanical-tools-dataset\versions\20\Mechanical Tools Image dataset\Mechanical Tools Image dataset\Toolbox\000368.jpg,Toolbox,exito,0.3183098861837905,0.014881346708309809,0.018075618744773234,0.03687345111660709,0.020081430440178398,0.04614734495851773,0.0034374565117441854,0.06763763853344641,0.04742356914291221,0.024555244910726477,0.05960258105660332,0.09029527549664587,0.06238044051440752,0.09813726337289486,0.10360137214152618,0.08889195315906502,0.02614587610037852,0.01772070554613098,0.0375265707361375,0.09887357052932606,0.16360539134109753,0.10527551000014063,0.18026250481060424,0.10091477318983705,0.10268157959838482
C:\Users\damba\.cache\kagglehub\datasets\salmaneunus\mechanical-tools-dataset\versions\20\Mechanical Tools Image dataset\Mechanical Tools Image dataset\Toolbox\000369.jpg,Toolbox,exito,0.31830988618379047,0.02138775094546565,0.030592314827695203,0.0032459801861832,0.04264972323816237,0.06655840498254788,0.0030173495297647966,0.015500842655556409,0.08343085206018307,0.06412582616351793,0.11868345505335966,0.11613286506386936,0.11518085784353607,0.05221076838773978,0.015723459608660027,0.033894155046060165,0.09177024800043222,0.15798727588675338,0.15084957578848227,0.13261582130977329,0.2500902754189481,0.11078484541350361,0.1428257160521051,0.10712775570462625,0.38608647361718174
C:\Users\damba\.cache\kagglehub\datasets\salmaneunus\mechanical-tools-dataset\versions\20\Mechanical Tools Image dataset\Mechanical Tools Image dataset\Toolbox\000370.jpg,Toolbox,exito,0.3183098861837905,0.03901947514730676,0.02420674292936963,0.03336178466476322,0.08632945103868646,0.04800792480876305,0.04296971945353086,0.05464472736165723,0.047853344039117805,0.13298474723383905,0.07835140214428325,0.10134430445586004,0.06826375958436251,0.09878003978768894,0.08217095533389403,0.13306954267107127,0.14706982617339662,0.06711491584419514,0.12243418481226823,0.13462263127353213,0.09485051790652234,0.162468808919446,0.1162889931259214,0.22357317764061901,0.03926160955850362
C:\Users\damba\.cache\kagglehub\datasets\salmaneunus\mechanical-tools-dataset\versions\20\Mechanical Tools Image dataset\Mechanical Tools Image dataset\Toolbox\000371.jpg,Toolbox,exito,0.0,0.0,0.0,0.0,0.0,0.0,0.0,0.0,0.0,0.0,0.0,0.0,0.0,0.0,0.0,0.0,0.0,0.0,0.0,0.0,0.0,0.0,0.0,0.0,0.0
C:\Users\damba\.cache\kagglehub\datasets\salmaneunus\mechanical-tools-dataset\versions\20\Mechanical Tools Image dataset\Mechanical Tools Image dataset\Toolbox\000372.jpg,Toolbox,exito,0.31830988618379047,0.006250495939765861,0.08045163630737885,0.030115592202318502,0.019319592327233254,0.041196852707750885,0.11152182181871662,0.047378879970686585,0.08201326508233985,0.054047093636640925,0.06042095860318496,0.04984469938466462,0.08733256309109,0.05839688277456029,0.20014577812629442,0.07062772709051557,0.1041349945816316,0.09914879004313046,0.05717145630755529,0.08267885173180438,0.01318739374317306,0.058256707147609846,0.31758555861558047,0.08259707314338244,0.1835124408541655
C:\Users\damba\.cache\kagglehub\datasets\salmaneunus\mechanical-tools-dataset\versions\20\Mechanical Tools Image dataset\Mechanical Tools Image dataset\Toolbox\000373.jpg,Toolbox,exito,0.3183098861837906,0.04360561738489092,0.00024246544300631672,0.06425657605970737,0.09243386132047897,0.061298955200830216,0.033702915479771924,0.09209513461674738,0.0120058832987097,0.13172593193977714,0.11667830990194117,0.04096490679782545,0.11797706377237543,0.0965141055392888,0.03804187137729726,0.0916845304853372,0.11113956401981578,0.1500287252207251,0.05060171668347203,0.14830911886268167,0.21915348399181145,0.09132160740420457,0.10803607271919957,0.1889172724556698,0.11183118813904452
C:\Users\damba\.cache\kagglehub\datasets\salmaneunus\mechanical-tools-dataset\versions\20\Mechanical Tools Image dataset\Mechanical Tools Image dataset\Toolbox\000374.jpg,Toolbox,exito,0.31830988618379047,0.027841415795754942,0.02909514859065569,0.0009369411133755967,0.05664776138811344,0.06667917064232963,0.011655039501350233,0.003953402526979868,0.07431386274593194,0.08427867138237198,0.10399200444175395,0.10393489202660809,0.13986351167704844,0.011869629951443712,0.04623156629105855,0.007298567877436589,0.10278988373063551,0.13495113120586208,0.13489194216951345,0.13322642208409588,0.2874731714546326,0.025747330660349704,0.28103227773976175,0.018578118715048945,0.41596868969080675
C:\Users\damba\.cache\kagglehub\datasets\salmaneunus\mechanical-tools-dataset\versions\20\Mechanical Tools Image dataset\Mechanical Tools Image dataset\Toolbox\000375.jpg,Toolbox,exito,0.3183098861837906,0.022000865988991664,0.015042011174572026,0.008434977960950826,0.05274434481086219,0.08440937962166563,0.042405899416132424,0.021385203742697634,0.05997417973427567,0.0898283264308206,0.11551683352222514,0.08075851226159804,0.08535074795319689,0.10741333270298543,0.07646256135738924,0.057025797836560324,0.10287682336820145,0.08765849643071184,0.0674590747873266,0.05596896718740653,0.11584245341607675,0.2072198163191708,0.06653941093510596,0.14850126749635736,0.06301035956202579
C:\Users\damba\.cache\kagglehub\datasets\salmaneunus\mechanical-tools-dataset\versions\20\Mechanical Tools Image dataset\Mechanical Tools Image dataset\Toolbox\000376.jpg,Toolbox,exito,0.3183098861837905,0.016251761170150796,0.01827667405186825,0.03630349090795552,0.017990185318116535,0.044007926679547706,0.003715905435582346,0.06202763188596106,0.04427788818682026,0.01301802951360257,0.046659527509230886,0.09385491836297388,0.06350322218710755,0.08443807542386313,0.1109103286661699,0.09127214113338801,0.038905505226539815,0.01955276932837519,0.060434528072280586,0.10651879804174164,0.1658723993625362,0.09094382620814567,0.19968724572632018,0.11864560122183736,0.11561240084099488
C:\Users\damba\.cache\kagglehub\datasets\salmaneunus\mechanical-tools-dataset\versions\20\Mechanical Tools Image dataset\Mechanical Tools Image dataset\Toolbox\000377.jpg,Toolbox,exito,0.0,0.0,0.0,0.0,0.0,0.0,0.0,0.0,0.0,0.0,0.0,0.0,0.0,0.0,0.0,0.0,0.0,0.0,0.0,0.0,0.0,0.0,0.0,0.0,0.0
C:\Users\damba\.cache\kagglehub\datasets\salmaneunus\mechanical-tools-dataset\versions\20\Mechanical Tools Image dataset\Mechanical Tools Image dataset\Toolbox\000378.jpg,Toolbox,exito,0.3183098861837906,0.029211625563462743,0.013301815630121722,0.009692073409741231,0.06436782652784799,0.08441503118654245,0.03417533199188547,0.014992973420124322,0.06044472339081897,0.09835577612708486,0.11630692825217569,0.07920965857868768,0.06617497063252321,0.08814826492939452,0.07828464014919623,0.0570773641202751,0.09568582253502786,0.08962258039421479,0.0631516659871941,0.054194163899931744,0.0924859110787833,0.17422939212729985,0.07476456401940991,0.1432404674512253,0.06824208974392688
C:\Users\damba\.cache\kagglehub\datasets\salmaneunus\mechanical-tools-dataset\versions\20\Mechanical Tools Image dataset\Mechanical Tools Image dataset\Toolbox\000379.jpg,Toolbox,exito,0.3183098861837907,0.017052303997974503,0.10747356891229458,0.0006851367588488246,0.04554621812235398,2.4469153696247365e-05,0.15574449744224575,0.004190223976252417,0.09333242049259055,0.09267624780247226,0.01526046655137602,0.014999738144907534,0.14670790863674962,0.015934541913122068,0.22059954972024928,0.0014062228730540973,0.15199239628532507,0.06834980086672496,0.06696732697575097,0.0001004443906357764,0.08235370742558634,0.04667938125454639,0.339880374442086,0.009867794089142738,0.198964924236308
C:\Users\damba\.cache\kagglehub\datasets\salmaneunus\mechanical-tools-dataset\versions\20\Mechanical Tools Image dataset\Mechanical Tools Image dataset\Toolbox\000380.jpg,Toolbox,exito,0.0,0.0,0.0,0.0,0.0,0.0,0.0,0.0,0.0,0.0,0.0,0.0,0.0,0.0,0.0,0.0,0.0,0.0,0.0,0.0,0.0,0.0,0.0,0.0,0.0
C:\Users\damba\.cache\kagglehub\datasets\salmaneunus\mechanical-tools-dataset\versions\20\Mechanical Tools Image dataset\Mechanical Tools Image dataset\Toolbox\000381.jpg,Toolbox,exito,0.3183098861837907,0.5298883165208023,0.5568506717622983,0.5934887755942028,0.4761878261927892,0.5420506940685064,0.20072234279541187,0.502330838827889,0.46411421300714867,0.20223888384593294,0.6251799839379483,0.4422503119790763,0.17510976192311908,0.2720724584578745,0.6720942323599673,0.45335176198861654,0.24991990193574798,0.15610461198846684,0.5955773086212203,0.4156230530713737,0.3139422252961383,0.4666766304717686,0.2091761919312527,0.46954959075225833,0.28667027793731303
C:\Users\damba\.cache\kagglehub\datasets\salmaneunus\mechanical-tools-dataset\versions\20\Mechanical Tools Image dataset\Mechanical Tools Image dataset\Toolbox\000382.jpg,Toolbox,exito,0.3183098861837906,0.04346927495448689,0.00029841093652077845,0.06407828907786217,0.09184693305553147,0.061204688222989245,0.033436169011423544,0.09120843613817052,0.01218960836127269,0.13035977147161054,0.11640555788419031,0.0409588760500582,0.11742026164514836,0.09542936162228763,0.036809544166299335,0.09207099160857947,0.11059351221338296,0.14946356791140178,0.0518554265317858,0.1494072030874835,0.2189753309206369,0.0952775121679648,0.10515889530731885,0.19202937391044925,0.11385201815501325
C:\Users\damba\.cache\kagglehub\datasets\salmaneunus\mechanical-tools-dataset\versions\20\Mechanical Tools Image dataset\Mechanical Tools Image dataset\Toolbox\000383.jpg,Toolbox,exito,0.3183098861837906,0.03234827205161906,0.012391892729294174,0.008335415001816483,0.0723469552349466,0.0839177478505841,0.027874066348957085,0.02930653577377211,0.06612166352305486,0.11610762667983558,0.1224010136018118,0.08548769617136968,0.04240579575046216,0.1350142926550349,0.10492961478328722,0.06530244463606558,0.13850300885960917,0.12065412413323531,0.09025793681306503,0.06218325540677356,0.03099339686156584,0.2683623097828446,0.12604900835934757,0.17433065967642217,0.05892629607593105
C:\Users\damba\.cache\kagglehub\datasets\salmaneunus\mechanical-tools-dataset\versions\20\Mechanical Tools Image dataset\Mechanical Tools Image dataset\Toolbox\000384.jpg,Toolbox,exito,0.0,0.0,0.0,0.0,0.0,0.0,0.0,0.0,0.0,0.0,0.0,0.0,0.0,0.0,0.0,0.0,0.0,0.0,0.0,0.0,0.0,0.0,0.0,0.0,0.0
C:\Users\damba\.cache\kagglehub\datasets\salmaneunus\mechanical-tools-dataset\versions\20\Mechanical Tools Image dataset\Mechanical Tools Image dataset\Toolbox\000385.jpg,Toolbox,exito,0.3183098861837906,0.020808812216950034,0.01528249116247202,0.007646830378188126,0.0247769454744437,0.08646469509787989,0.05187720292479412,0.005106313581546444,0.033606645639925437,0.004612082001194516,0.09866050095055685,0.06420435031679865,0.13616833239051526,0.012522137435565378,0.03695252187548882,0.02612103854340568,0.02143476338334447,0.028512992667303606,0.01726662604103158,0.036629427995982074,0.24227893181539897,0.031078206739493144,0.12744608424293233,0.06592350064898564,0.08567581758856435
C:\Users\damba\.cache\kagglehub\datasets\salmaneunus\mechanical-tools-dataset\versions\20\Mechanical Tools Image dataset\Mechanical Tools Image dataset\Toolbox\000386.jpg,Toolbox,exito,0.3183098861837905,0.012733737906603811,0.01779614392470146,0.03666352153083876,0.019908853762634356,0.042654432576225164,0.0029671893244431293,0.06175211117944413,0.04207171636305684,0.043422593981417165,0.03978039194074775,0.09673422193865003,0.059757755385954445,0.08550245973576183,0.1050023070012874,0.09988232898218696,0.08015619870056769,0.04838260874281166,0.08114947775329269,0.11607890601680103,0.14732632767542217,0.10264773097470231,0.19770497666564346,0.1502111126293262,0.11672651842999061
C:\Users\damba\.cache\kagglehub\datasets\salmaneunus\mechanical-tools-dataset\versions\20\Mechanical Tools Image dataset\Mechanical Tools Image dataset\Toolbox\000387.jpg,Toolbox,exito,0.31830988618379064,0.008385691442249201,0.051025171037945995,0.03109037222039311,0.00445402979574657,0.0012353949870431659,0.06261403629595802,0.047401668993020646,0.04652616337720676,0.0332350476837536,0.026474929506828702,0.08795615190333851,0.023835971979097294,0.05497097119710184,0.1578573035566779,0.15256986451551546,0.08009061190987234,0.11178104703141628,0.05568577967453377,0.1587772676500436,0.05129467519921585,0.05774028355561668,0.2749784431622118,0.20233308172598347,0.10315085659847244
C:\Users\damba\.cache\kagglehub\datasets\salmaneunus\mechanical-tools-dataset\versions\20\Mechanical Tools Image dataset\Mechanical Tools Image dataset\Toolbox\000388.jpg,Toolbox,exito,0.3183098861837907,0.24549138355824643,0.011102864597688234,0.06808917286458183,0.12054113922965094,0.16721366056881587,0.01050363372086017,0.06378665717931235,0.043454840390089206,0.09327115196133409,0.03110207344852812,0.058484571982219256,0.1376261298906132,0.11616445697682747,0.14530866952355423,0.02640848218249896,0.15909459510352975,0.10492891982840484,0.06853492543755343,0.11562918007362204,0.14081089332194535,0.1189154701827888,0.09215320381251221,0.15435779705960756,0.12563346736250805
C:\Users\damba\.cache\kagglehub\datasets\salmaneunus\mechanical-tools-dataset\versions\20\Mechanical Tools Image dataset\Mechanical Tools Image dataset\Toolbox\000389.jpg,Toolbox,exito,0.3183098861837906,0.05078136546414435,0.001381524280784077,0.0028555591886716115,0.11023539559146399,0.00906869999283794,0.02756963733964685,0.014419173272012913,0.012345233498675879,0.1659127988751348,0.040111367071996806,0.16013590192956415,0.09938053587756536,0.045029290359555794,0.06786225551787056,0.17712507019331206,0.1647165287037419,0.05061210753359737,0.19481892281920485,0.06192786172968842,0.17758938921411677,0.099273160301092,0.14540560422264062,0.21581193407428328,0.08979212199052723
C:\Users\damba\.cache\kagglehub\datasets\salmaneunus\mechanical-tools-dataset\versions\20\Mechanical Tools Image dataset\Mechanical Tools Image dataset\Toolbox\000390.jpg,Toolbox,exito,0.3183098861837906,0.03645925503502969,0.011058915407846249,0.0070961824893411496,0.08082819151241104,0.08364417800168375,0.020118189681280936,0.04125002550111846,0.0702992448627133,0.13272007010400166,0.1284194995834331,0.09020275354811282,0.016593888234893665,0.1727516593430151,0.12601046055941623,0.07170522738206926,0.17703971127430734,0.1518183518121439,0.11242465200190607,0.0684239441079087,0.03291453692995988,0.3470477133700585,0.1742420901078479,0.20009755694427347,0.05137620617669354
C:\Users\damba\.cache\kagglehub\datasets\salmaneunus\mechanical-tools-dataset\versions\20\Mechanical Tools Image dataset\Mechanical Tools Image dataset\Toolbox\000391.jpg,Toolbox,exito,0.31830988618379047,0.0430017915717296,0.039170818666222164,0.044077430642312364,0.08726780395147897,0.05943011292725685,0.04170685528485443,0.03995242763947158,0.04238090388645954,0.11555342007797847,0.10323657160476754,0.07131266912884988,0.003992660876791086,0.04760748498919265,0.08953786484268862,0.06843620223389518,0.08683168415967882,0.12060829393456443,0.07078807013812793,0.091377644267263,0.06465927033975442,0.15649760529329118,0.13822368692201234,0.17889796497657898,0.07078989438644201
C:\Users\damba\.cache\kagglehub\datasets\salmaneunus\mechanical-tools-dataset\versions\20\Mechanical Tools Image dataset\Mechanical Tools Image dataset\Toolbox\000392.jpg,Toolbox,exito,0.31830988618379075,0.3175896207701647,0.050016409421456055,0.0638331963926416,0.14480874286434336,0.10025226732809217,0.097998582584151,0.041040116127030506,0.10661216035206239,0.10627776682567129,0.2273754967907257,0.24576019583476183,0.11680487178491593,0.27839171137033203,0.32983072377035455,0.22094822317789667,0.1277219617183864,0.3116528101342775,0.2301083206086504,0.17438776767251285,0.029544380698015103,0.32241294051349123,0.23534563993035557,0.17783418971621714,0.26031326447194536
C:\Users\damba\.cache\kagglehub\datasets\salmaneunus\mechanical-tools-dataset\versions\20\Mechanical Tools Image dataset\Mechanical Tools Image dataset\Toolbox\000393.jpg,Toolbox,exito,0.3183098861837906,0.02545898785246792,0.014268604667280499,0.007532982205586832,0.060259743605658646,0.08411461813880793,0.0374327047585415,0.03058442889428506,0.06386530041375958,0.10359435215585903,0.11998045741014401,0.08468456340188026,0.06770038718963564,0.1369116024840184,0.09492489451183618,0.06254047819838789,0.12976371616051718,0.10951017302635162,0.08434385385668924,0.0609761855392796,0.07243776552158006,0.2654955468824504,0.10334827615802576,0.16854071482900604,0.05668414266157266
C:\Users\damba\.cache\kagglehub\datasets\salmaneunus\mechanical-tools-dataset\versions\20\Mechanical Tools Image dataset\Mechanical Tools Image dataset\Toolbox\000394.jpg,Toolbox,exito,0.3183098861837905,0.01628634016592392,0.01828197612502433,0.037424791096370896,0.037958110911649065,0.04825927524548118,0.0075943331076815295,0.07210493075682607,0.050142234866764876,0.0630436543063077,0.07403383821832096,0.08905550098935038,0.04258314886544136,0.10921965167970422,0.08498393986343498,0.09719806286022128,0.052427720881801275,0.04835746948981339,0.03359048917070811,0.0977682538238632,0.12127766443999902,0.11880127469783482,0.13630215718522826,0.11033892708745639,0.07944735534149795
C:\Users\damba\.cache\kagglehub\datasets\salmaneunus\mechanical-tools-dataset\versions\20\Mechanical Tools Image dataset\Mechanical Tools Image dataset\Toolbox\000395.jpg,Toolbox,exito,0.3183098861837905,0.045052012908883866,0.07613415562183497,0.08027464093808472,0.08855443540359699,0.021821652554939532,0.09749796732357226,0.09005153170042106,0.014604595882799842,0.1085976881371415,0.05595040683276805,0.007283568485693263,0.06823405959831692,0.024964299097747205,0.02866818662089163,0.009728866662669483,0.04690399044515767,0.06938950608103434,0.0063589102780439504,0.0062081969311802215,0.0049902786450831205,0.09891958756364294,0.08184496388570263,0.11187919482788959,0.09582830367757474
C:\Users\damba\.cache\kagglehub\datasets\salmaneunus\mechanical-tools-dataset\versions\20\Mechanical Tools Image dataset\Mechanical Tools Image dataset\Toolbox\000396.jpg,Toolbox,exito,0.3183098861837906,0.03472205211595437,0.01164163234470672,0.0061475048171222854,0.07790792047268374,0.08369652682463978,0.022831808695474458,0.04506274362059009,0.07036206156702728,0.13156654509712962,0.12913212646201133,0.09103751142819498,0.02232228741538394,0.18394850342370728,0.12706556240580757,0.07211196777284329,0.18247112692630876,0.1555736882366959,0.11511880326944426,0.06945506694455399,0.02959163494627027,0.36657167295652304,0.1767184266078003,0.20423249601472493,0.047388405769695184
C:\Users\damba\.cache\kagglehub\datasets\salmaneunus\mechanical-tools-dataset\versions\20\Mechanical Tools Image dataset\Mechanical Tools Image dataset\Toolbox\000397.jpg,Toolbox,exito,0.0,0.0,0.0,0.0,0.0,0.0,0.0,0.0,0.0,0.0,0.0,0.0,0.0,0.0,0.0,0.0,0.0,0.0,0.0,0.0,0.0,0.0,0.0,0.0,0.0
C:\Users\damba\.cache\kagglehub\datasets\salmaneunus\mechanical-tools-dataset\versions\20\Mechanical Tools Image dataset\Mechanical Tools Image dataset\Toolbox\000398.jpg,Toolbox,exito,0.3183098861837906,0.040883211721577176,0.0013263755420791906,0.06287318503920078,0.0848357164686986,0.05958510195362497,0.02847385716357355,0.0856551021738892,0.015356288578668446,0.12004501481730434,0.11254998328020233,0.04105568979158502,0.1067252288635871,0.10195902375698078,0.021954223489470102,0.09518397733872501,0.13124625177407037,0.14413897654746624,0.06219871753278344,0.1590827654384799,0.21417579352083616,0.1639073002594651,0.06842358150532465,0.21990356776320966,0.1334186399954968
C:\Users\damba\.cache\kagglehub\datasets\salmaneunus\mechanical-tools-dataset\versions\20\Mechanical Tools Image dataset\Mechanical Tools Image dataset\Toolbox\000399.jpg,Toolbox,exito,0.31830988618379047,0.018423402654700615,0.031148443290478344,0.0022575615798268245,0.039170455449522454,0.06658925428376837,0.000917457277976909,0.008203273899209336,0.08034286884373475,0.05802408281789366,0.11253325788049973,0.11218070246274638,0.10973316807555727,0.026556970828378677,0.012194622669282897,0.02214626397554854,0.061114700619430855,0.14375636256539803,0.14371756393762966,0.13188111706757688,0.23021926739536372,0.05732467042327719,0.19045284642934873,0.05327544307050688,0.39494430231138505
C:\Users\damba\.cache\kagglehub\datasets\salmaneunus\mechanical-tools-dataset\versions\20\Mechanical Tools Image dataset\Mechanical Tools Image dataset\Toolbox\000400.jpg,Toolbox,exito,0.31830988618379047,0.01186821472563071,0.032084169385813446,0.0029211956282059574,0.023976973994752224,0.0663740448313302,0.004875540274242277,0.007371487688194254,0.08755968913254472,0.03507089676795159,0.12341780269447668,0.1229942814735854,0.09286444170520733,0.032493776124721166,0.03626618807736685,0.040013053058286945,0.054640232469954905,0.16330160175088224,0.16535688901887852,0.12766556781311586,0.20804979520216957,0.08014341838034714,0.07236321954601481,0.08570120298904113,0.3699749219951277
C:\Users\damba\.cache\kagglehub\datasets\salmaneunus\mechanical-tools-dataset\versions\20\Mechanical Tools Image dataset\Mechanical Tools Image dataset\Toolbox\000401.jpg,Toolbox,exito,0.3183098861837906,0.025468926757286237,0.014266219408208134,0.007475006612661181,0.060333028846958035,0.08410758569634137,0.03738177305902588,0.031004142524232794,0.06397715481186503,0.1039377690916452,0.1201324990333715,0.08483158896063288,0.06738069893763801,0.13820315848136586,0.09548885691180144,0.06271356631754271,0.13079042807048988,0.11028389544957505,0.08495468931277128,0.06116339123962135,0.07125075156912197,0.26795671300682145,0.10451574933996237,0.1692832216386004,0.05636739089838112
C:\Users\damba\.cache\kagglehub\datasets\salmaneunus\mechanical-tools-dataset\versions\20\Mechanical Tools Image dataset\Mechanical Tools Image dataset\Toolbox\000402.jpg,Toolbox,exito,0.3183098861837906,0.007084653124495531,0.017086461315152904,0.008664137936613704,0.010797917376108836,0.08564979036213834,0.05701519461818179,0.0042647350841244335,0.04442346809143298,0.033487800816080625,0.10319619523748479,0.06996307668178436,0.13793741147655172,0.04321909432569626,0.009837129308860684,0.037899569614430924,0.04562002880052004,0.03727849890509468,0.02817699134097664,0.04290546258537495,0.22944373468182808,0.08439443418989401,0.0594138331330619,0.0946599108899477,0.07696451240819899
C:\Users\damba\.cache\kagglehub\datasets\salmaneunus\mechanical-tools-dataset\versions\20\Mechanical Tools Image dataset\Mechanical Tools Image dataset\Toolbox\000403.jpg,Toolbox,exito,0.3183098861837905,0.03831562978365002,0.02395023838419442,0.033459019422478656,0.08543752167585292,0.04726396023778079,0.041884294553418626,0.05600090239223316,0.04648377703397636,0.1351048064008254,0.0745506371480621,0.10244556603956037,0.06694548199816816,0.10888069215828178,0.0797808055039871,0.13514684783148284,0.16404029787723076,0.06024359630110134,0.12934802939796858,0.13940004401857803,0.10012280611958913,0.18524350198163006,0.11389146734711285,0.23712677275089833,0.04524383001195448
C:\Users\damba\.cache\kagglehub\datasets\salmaneunus\mechanical-tools-dataset\versions\20\Mechanical Tools Image dataset\Mechanical Tools Image dataset\Toolbox\000404.jpg,Toolbox,exito,0.0,0.0,0.0,0.0,0.0,0.0,0.0,0.0,0.0,0.0,0.0,0.0,0.0,0.0,0.0,0.0,0.0,0.0,0.0,0.0,0.0,0.0,0.0,0.0,0.0
C:\Users\damba\.cache\kagglehub\datasets\salmaneunus\mechanical-tools-dataset\versions\20\Mechanical Tools Image dataset\Mechanical Tools Image dataset\Toolbox\000405.jpg,Toolbox,exito,0.3183098861837906,0.047690489451217906,0.0015149395235043218,0.061810782801026774,0.09643003437517664,0.062124295906027444,0.042914127373667475,0.08239578839852325,0.01343770490651868,0.13410886017380905,0.12121449836646588,0.040150234053407105,0.14589033919221733,0.09410584428135244,0.03405662027145373,0.09686699462337182,0.1466860549627878,0.1641045401525817,0.06564911865539871,0.16182689380854623,0.2858011883895783,0.15869127996399365,0.09864069359895747,0.22979802690174772,0.13466468577854335
C:\Users\damba\.cache\kagglehub\datasets\salmaneunus\mechanical-tools-dataset\versions\20\Mechanical Tools Image dataset\Mechanical Tools Image dataset\Toolbox\000406.jpg,Toolbox,exito,0.3183098861837907,0.001438677931515555,0.10611304906993242,4.876837667802728e-06,0.003836518568118282,1.4694692267254283e-08,0.14742529409082936,2.980306289918874e-05,0.09333160246932166,0.007753345751111752,0.0012656505843685177,0.0012655037361608311,0.11788032651595828,0.00011248051964842792,0.21779375875712065,1.0009558793735188e-05,0.012467141555069465,0.005625419604359163,0.005624642013986092,6.03208046009543e-08,0.009415042421851894,0.000325832111828036,0.32019658292042846,7.006813841737269e-05,0.19897096851975254
C:\Users\damba\.cache\kagglehub\datasets\salmaneunus\mechanical-tools-dataset\versions\20\Mechanical Tools Image dataset\Mechanical Tools Image dataset\Toolbox\000407.jpg,Toolbox,exito,0.3183098861837906,0.04800743184005331,0.0016578697108649285,0.06297672079601929,0.0989592390526046,0.06279561132326979,0.04354763191008774,0.08736486099800908,0.010983533305947167,0.13858671651783136,0.1220940127591469,0.04038201201009488,0.14570811199192418,0.08911330503142977,0.04191019205953612,0.09433087681050346,0.1273275792489441,0.16392636521082155,0.05844972133971104,0.15412158212823113,0.27384983694622383,0.10100402057955216,0.11933172581348875,0.20721510841869178,0.11983461586602014
C:\Users\damba\.cache\kagglehub\datasets\salmaneunus\mechanical-tools-dataset\versions\20\Mechanical Tools Image dataset\Mechanical Tools Image dataset\Toolbox\000408.jpg,Toolbox,exito,0.0,0.0,0.0,0.0,0.0,0.0,0.0,0.0,0.0,0.0,0.0,0.0,0.0,0.0,0.0,0.0,0.0,0.0,0.0,0.0,0.0,0.0,0.0,0.0,0.0
C:\Users\damba\.cache\kagglehub\datasets\salmaneunus\mechanical-tools-dataset\versions\20\Mechanical Tools Image dataset\Mechanical Tools Image dataset\Toolbox\000409.jpg,Toolbox,exito,0.0,0.0,0.0,0.0,0.0,0.0,0.0,0.0,0.0,0.0,0.0,0.0,0.0,0.0,0.0,0.0,0.0,0.0,0.0,0.0,0.0,0.0,0.0,0.0,0.0
C:\Users\damba\.cache\kagglehub\datasets\salmaneunus\mechanical-tools-dataset\versions\20\Mechanical Tools Image dataset\Mechanical Tools Image dataset\Toolbox\000410.jpg,Toolbox,exito,0.31830988618379047,0.016073652579134175,0.031530426987785055,0.0029109263290747365,0.033251426076781936,0.06649095588924335,0.0016298924531940897,0.010472060364786795,0.08441395326436779,0.04936991290940639,0.11902100373983955,0.11798738851435028,0.10222940082763028,0.03709452168529329,0.017720191807077283,0.03333323138055573,0.0631865904803924,0.1555027316889094,0.1542017239543893,0.13056144463878794,0.22208815711096586,0.0810024989277551,0.12570471159484933,0.0853308882863606,0.3813490477843748
C:\Users\damba\.cache\kagglehub\datasets\salmaneunus\mechanical-tools-dataset\versions\20\Mechanical Tools Image dataset\Mechanical Tools Image dataset\Toolbox\000411.jpg,Toolbox,exito,0.3183098861837905,0.1967269126330639,0.064806050148316,0.0748800029873425,0.09437672504361488,0.06501818771582743,0.1276046976127314,0.10737066365068716,0.09538169730710554,0.22297118924314563,0.02913126805607787,0.15463746557984626,0.06846539848872442,0.15876279905274987,0.03621012185246785,0.21726245371310934,0.25003832419350347,0.02387550589989087,0.23082495625312852,0.1983469015181344,0.2530043277012333,0.2567874409327515,0.16404263648529138,0.2344938164991308,0.09580183242110137
C:\Users\damba\.cache\kagglehub\datasets\salmaneunus\mechanical-tools-dataset\versions\20\Mechanical Tools Image dataset\Mechanical Tools Image dataset\Toolbox\000412.jpg,Toolbox,exito,0.3183098861837907,0.44489626936171345,0.34585197688089003,0.33211597503158824,0.1418790013738504,0.10636055512462256,0.0009661757998780746,0.03769858606011032,0.05482379767746887,0.04510941527090745,0.09561091716397616,0.0688388418057936,0.08774324418657901,0.23234980796001273,0.1877796165294812,0.005706116618032275,0.12672152075116555,0.35175734118319446,0.1121069117701675,0.0038047361425588067,0.15223945088204002,0.0994567077096114,0.2025372517740499,0.18517701048961727,0.14902352422858384
C:\Users\damba\.cache\kagglehub\datasets\salmaneunus\mechanical-tools-dataset\versions\20\Mechanical Tools Image dataset\Mechanical Tools Image dataset\Toolbox\000413.jpg,Toolbox,exito,0.3183098861837906,0.032570615553779686,0.012323872726838653,0.006322704834443105,0.07388555882293969,0.08377881376047756,0.02648856255778748,0.04255818553889523,0.06908194703493685,0.1255589962860156,0.12723751694354524,0.08984892047743379,0.033184844929454616,0.1756228608661433,0.12068431391447502,0.0702112167504449,0.1715060211457139,0.1458948025880461,0.1089171810084612,0.06782493542413782,0.006311399227812658,0.3473743783716073,0.1613803774757102,0.1972106552045973,0.04875938372650932
C:\Users\damba\.cache\kagglehub\datasets\salmaneunus\mechanical-tools-dataset\versions\20\Mechanical Tools Image dataset\Mechanical Tools Image dataset\Toolbox\000414.jpg,Toolbox,exito,0.3183098861837906,0.04018956954068406,0.009711529254132508,0.010395463154703575,0.08618945858098623,0.08378258697895496,0.01492011624259936,0.019299295263093066,0.0672905093126423,0.12835209994266905,0.12328601444996547,0.08383784371420748,0.011226586941967598,0.10703138411506324,0.10882673212782928,0.06595810048124784,0.1328189499934527,0.12264190498302519,0.08719879696170268,0.06037508290969059,0.009645665661493778,0.2221533568817063,0.13696021179315637,0.16833973740282734,0.06705089695572114
C:\Users\damba\.cache\kagglehub\datasets\salmaneunus\mechanical-tools-dataset\versions\20\Mechanical Tools Image dataset\Mechanical Tools Image dataset\Toolbox\000415.jpg,Toolbox,exito,0.3183098861837906,0.018352596467233053,0.015735770527799436,0.008546094837122539,0.04575830376453312,0.08459468665296707,0.04643835802895806,0.01825991186759426,0.057630218975133,0.08060701230392646,0.11316607364419048,0.07897491760190009,0.09791323724866835,0.09655156676356315,0.06583561782584797,0.05396363004837084,0.09140966821911793,0.07691981782510972,0.05974213360175441,0.05370701140242662,0.1413776803200623,0.18498094569831988,0.04643352474360263,0.13921566483616465,0.06505998465886509
C:\Users\damba\.cache\kagglehub\datasets\salmaneunus\mechanical-tools-dataset\versions\20\Mechanical Tools Image dataset\Mechanical Tools Image dataset\Toolbox\000416.jpg,Toolbox,exito,0.3183098861837906,0.04157664688344044,0.009177068633550405,0.011106494605466694,0.0883676834848764,0.08385899557459513,0.012672827853247233,0.013974350166965974,0.06663460435923375,0.12894739362933627,0.12267167409262579,0.08220885805721427,0.007264044993661137,0.0909352932826853,0.10530636676941052,0.06465929241948855,0.12373777795918554,0.118295337144298,0.08108027020623865,0.05837758184394918,0.009860225734952223,0.19117927122965,0.1307511741691353,0.16095632124189305,0.07035476041441312
C:\Users\damba\.cache\kagglehub\datasets\salmaneunus\mechanical-tools-dataset\versions\20\Mechanical Tools Image dataset\Mechanical Tools Image dataset\Toolbox\000417.jpg,Toolbox,exito,0.3183098861837905,0.018513247697880736,0.018647164897129358,0.03622292551298054,0.04642892116179562,0.04677391847678541,0.011951389744963813,0.06436310365253795,0.04702344012260656,0.0769670595975922,0.06735375449533515,0.09560007291755433,0.023670586728373823,0.09658037784111467,0.07482002187564055,0.11412928999369379,0.07164766856101447,0.035769508406426724,0.07739603766805996,0.11685706582799947,0.08013801169906974,0.1136502221681704,0.11316476332482905,0.16530546459190776,0.06768823929525239
C:\Users\damba\.cache\kagglehub\datasets\salmaneunus\mechanical-tools-dataset\versions\20\Mechanical Tools Image dataset\Mechanical Tools Image dataset\Toolbox\000418.jpg,Toolbox,exito,0.3183098861837906,0.05462490738515861,0.0005276220229544574,0.0008635537890919538,0.11799578414375081,0.009000327487357995,0.03780097645114465,0.007565396195926794,0.012675155044730118,0.1779680517731286,0.03973204690003061,0.16075043808533115,0.12822392273561775,0.03062189393935911,0.0778506294831029,0.1849537798237559,0.1807814312303269,0.05025857141852458,0.2088510626909739,0.045173671978504776,0.22940432392591564,0.08756146777324667,0.17217056419765323,0.2262247973413192,0.09118461723332494
C:\Users\damba\.cache\kagglehub\datasets\salmaneunus\mechanical-tools-dataset\versions\20\Mechanical Tools Image dataset\Mechanical Tools Image dataset\Toolbox\000419.jpg,Toolbox,exito,0.3183098861837906,0.020072489434776082,0.015424342712224435,0.009105836895912435,0.04702829585190762,0.08475736370659714,0.04556070578859626,0.013796801059916977,0.05602518323652554,0.0780394248614766,0.11194680081563974,0.07695884810980254,0.09823078715016785,0.08103935964990042,0.05894715396615722,0.051699200574891364,0.08015578196290711,0.07089784179117187,0.05224300239520326,0.051258230620283146,0.148755391051574,0.1558663637146807,0.03973005546613829,0.13030660594812538,0.0687281828935346
C:\Users\damba\.cache\kagglehub\datasets\salmaneunus\mechanical-tools-dataset\versions\20\Mechanical Tools Image dataset\Mechanical Tools Image dataset\Toolbox\000420.jpg,Toolbox,exito,0.3183098861837905,0.020676206549496225,0.019046611382929346,0.03766965626023915,0.047940637100524826,0.04927176652826592,0.011911562444996958,0.07454154727580672,0.05171757017708672,0.07819322620786594,0.0805833094629714,0.08763524974028519,0.029673111933971135,0.11600860005499158,0.08407226363264565,0.09677100206860918,0.07252501482100425,0.0661517463807164,0.02656587223175158,0.09422424043442898,0.09677660242702729,0.13108491604456615,0.13195863042818,0.10429485437698276,0.07492246920113274
C:\Users\damba\.cache\kagglehub\datasets\salmaneunus\mechanical-tools-dataset\versions\20\Mechanical Tools Image dataset\Mechanical Tools Image dataset\Toolbox\000421.jpg,Toolbox,exito,0.3183098861837905,0.043683514540811534,0.02602445273956676,0.03242337668311666,0.09560187078471769,0.04813747862380058,0.05278816417116609,0.05233607833639172,0.04775582786023429,0.14835149400255504,0.08014456579769194,0.10323208562439526,0.09720640533904068,0.10606876895439585,0.0869907451749586,0.13826834760890305,0.17702726067308236,0.07498797537131069,0.1372666654900009,0.1409573881133605,0.15409832995816775,0.19201557657879825,0.1291873941266157,0.2439902781070641,0.03551256684457151
C:\Users\damba\.cache\kagglehub\datasets\salmaneunus\mechanical-tools-dataset\versions\20\Mechanical Tools Image dataset\Mechanical Tools Image dataset\Toolbox\000422.jpg,Toolbox,exito,0.3183098861837905,0.015679846297991854,0.01819061564465721,0.03636876784369595,0.02020983358463952,0.04306479676543194,0.003818364866851753,0.060980558698264506,0.042820819842616854,0.03104879731554494,0.041470450910630716,0.0956385540523672,0.06123733336377164,0.08246859526871958,0.11010574671304786,0.09516152655478322,0.06258467319289485,0.03704822978791807,0.0730448090836476,0.11162678831571586,0.1569187248576345,0.09346169299560715,0.2030453287398273,0.13469030598787995,0.11880774041390511
C:\Users\damba\.cache\kagglehub\datasets\salmaneunus\mechanical-tools-dataset\versions\20\Mechanical Tools Image dataset\Mechanical Tools Image dataset\Toolbox\000423.jpg,Toolbox,exito,0.3183098861837906,0.01883770630825252,0.01565075251869902,0.007946739101916093,0.048080882896973876,0.08441064258924322,0.04526702766401219,0.023961968258030916,0.05985453985532649,0.08708423735812242,0.11536621034132882,0.08135227599352686,0.09187592239296792,0.11483696166506352,0.07608419932808455,0.05706788728535789,0.10599511133678809,0.08751016171943495,0.06917362315032288,0.05666048866979733,0.12308063614097328,0.21953905170356106,0.06417284272945765,0.1506320437795135,0.060889044084127236
C:\Users\damba\.cache\kagglehub\datasets\salmaneunus\mechanical-tools-dataset\versions\20\Mechanical Tools Image dataset\Mechanical Tools Image dataset\Toolbox\000424.jpg,Toolbox,exito,0.3183098861837906,0.030669982447765743,0.012890288566039689,0.0064532516710672574,0.0703669378216488,0.08385110892910717,0.02953007485620864,0.04055993577657192,0.06799030123505796,0.1204944661054119,0.12568299577872208,0.08887093530034608,0.04218988162591367,0.16894106590568234,0.11530606216312529,0.0686173243366734,0.16275653636858162,0.13803513051378002,0.10386849038515192,0.06649200184134857,0.012680757621738767,0.33205807635981033,0.14871748575566182,0.19148763535229135,0.0498572964252673
C:\Users\damba\.cache\kagglehub\datasets\salmaneunus\mechanical-tools-dataset\versions\20\Mechanical Tools Image dataset\Mechanical Tools Image dataset\Toolbox\000425.jpg,Toolbox,exito,0.3183098861837905,0.024932496384806862,0.019961398515501588,0.037961294302300747,0.05755589895438925,0.05025603023180584,0.017000312400034363,0.07723938765211852,0.05328257047768133,0.09367960200546224,0.08707172373341032,0.08622302181929214,0.014505645327347582,0.12410503739274957,0.0841463083611158,0.09630617754006743,0.0957406862903789,0.08439719315773798,0.020079050306631565,0.09069437695008334,0.06710226034826898,0.14790708308447717,0.1306236199655303,0.0985937401174575,0.07133373222651954
C:\Users\damba\.cache\kagglehub\datasets\salmaneunus\mechanical-tools-dataset\versions\20\Mechanical Tools Image dataset\Mechanical Tools Image dataset\Toolbox\000426.jpg,Toolbox,exito,0.0,0.0,0.0,0.0,0.0,0.0,0.0,0.0,0.0,0.0,0.0,0.0,0.0,0.0,0.0,0.0,0.0,0.0,0.0,0.0,0.0,0.0,0.0,0.0,0.0
C:\Users\damba\.cache\kagglehub\datasets\salmaneunus\mechanical-tools-dataset\versions\20\Mechanical Tools Image dataset\Mechanical Tools Image dataset\Toolbox\000427.jpg,Toolbox,exito,0.31830988618379064,0.22442282918458542,0.10831862995919665,0.06232303586314718,0.18086490035730063,0.09931489030667955,0.04995476280410338,0.057535198850739135,0.02296255282436696,0.10415799498089667,0.05666914690056842,0.0675858166320225,0.11692852976676331,0.11917611253087243,0.07027904459037147,0.17005282521248685,0.09865683328735243,0.04477634608909138,0.1185046577370149,0.22464060062980282,0.0757949607110167,0.059064230859713296,0.1006083418062871,0.010844461029666427,0.19228968568260105
C:\Users\damba\.cache\kagglehub\datasets\salmaneunus\mechanical-tools-dataset\versions\20\Mechanical Tools Image dataset\Mechanical Tools Image dataset\Toolbox\000428.jpg,Toolbox,exito,0.3183098861837905,0.028772830145668168,0.020933311677322004,0.03496242532990584,0.0669476060646496,0.046624613463258385,0.025389750603170138,0.06003160160063838,0.046050600428637255,0.10805371829265722,0.06898165699533648,0.09972525019217031,0.01851227040073114,0.10184148454458931,0.07394391810217003,0.12639956926419063,0.12332431636150926,0.04568464055437474,0.10752832917705983,0.13050942626355866,0.005663398637719176,0.1492769285702698,0.10631682818433517,0.20763064069453166,0.05669859113888128
C:\Users\damba\.cache\kagglehub\datasets\salmaneunus\mechanical-tools-dataset\versions\20\Mechanical Tools Image dataset\Mechanical Tools Image dataset\Toolbox\000429.jpg,Toolbox,exito,0.31830988618379064,0.014087865143856695,0.049978559136124534,0.056578708135931306,0.021704380001541804,0.06741646107429133,0.05745996771640204,0.09733412311527379,0.033485153089044796,0.0380836203547375,0.08941476009970893,0.026894254780608525,0.009505758457094197,0.13477396806258873,0.13260063637589323,0.02248897613090444,0.0690423502454799,0.07237105145571901,0.03655638495481543,0.014000329614677906,0.08279204217571069,0.15063978419215648,0.2327250083309875,0.014563948516195647,0.14779922154380737
C:\Users\damba\.cache\kagglehub\datasets\salmaneunus\mechanical-tools-dataset\versions\20\Mechanical Tools Image dataset\Mechanical Tools Image dataset\Toolbox\000430.jpg,Toolbox,exito,0.3183098861837906,0.04603359412789308,0.000783147946307791,0.0631644604333475,0.09533760482292106,0.062018847754422374,0.03907859218151953,0.08768606167274418,0.011805684346100749,0.1335234561571432,0.11948891027742702,0.040580850065335156,0.13358146525732223,0.0910013615356625,0.03780132214156038,0.09400222404494242,0.12140865055015851,0.15759535748628423,0.05747592418587148,0.1538912759117833,0.2520153990149494,0.1077326110030605,0.10872645711860751,0.20583816513261746,0.1204911539259599
C:\Users\damba\.cache\kagglehub\datasets\salmaneunus\mechanical-tools-dataset\versions\20\Mechanical Tools Image dataset\Mechanical Tools Image dataset\Toolbox\000431.jpg,Toolbox,exito,0.31830988618379047,0.02625569050885522,0.029499392158663117,0.0011873087208689474,0.05375048750922921,0.06667148552908296,0.00959164051939265,0.004954692712235755,0.07523196767161257,0.07984472453786991,0.10524914300692195,0.10515295833136437,0.13409510057854404,0.014997116741170312,0.04098596517433472,0.009564444096608612,0.09477944946761711,0.13582673739226017,0.1357285551056571,0.13311773369241897,0.27586860008484254,0.032418074516193565,0.2675793795213036,0.024272905635311714,0.4127380889054639
C:\Users\damba\.cache\kagglehub\datasets\salmaneunus\mechanical-tools-dataset\versions\20\Mechanical Tools Image dataset\Mechanical Tools Image dataset\Toolbox\000432.jpg,Toolbox,exito,0.3183098861837905,0.0647889425679381,0.04506014539774095,0.1497967265407389,0.09585320440962947,0.09355927303219595,0.053643385673321546,0.08427330079129848,0.04615865956825893,0.17296269851735038,0.08413830482062568,0.07126934800617,0.061826558511684594,0.11894856034689782,0.08301688351385658,0.111904981735129,0.11886001251214029,0.09768199477498346,0.07037111082171864,0.08227175961370774,0.12007172200603136,0.12391001207617798,0.08824590744378433,0.13408684884431135,0.07635508633585286
C:\Users\damba\.cache\kagglehub\datasets\salmaneunus\mechanical-tools-dataset\versions\20\Mechanical Tools Image dataset\Mechanical Tools Image dataset\Toolbox\000433.jpg,Toolbox,exito,0.31830988618379047,0.029115366246537575,0.043890038380294566,0.04196247086889344,0.0610651567499412,0.056522270560400184,0.06503052893751447,0.027168697540191293,0.0422253835511713,0.08587006860943842,0.09314858115061511,0.07161056294791195,0.062332052265207744,0.08595853659930587,0.08362722657983986,0.06996955731929243,0.08754215806092373,0.103234471954569,0.07746773301387122,0.09218787176926825,0.018819267240878033,0.23194507934183242,0.12149857418175002,0.1802421002784147,0.08864581153837883
C:\Users\damba\.cache\kagglehub\datasets\salmaneunus\mechanical-tools-dataset\versions\20\Mechanical Tools Image dataset\Mechanical Tools Image dataset\Toolbox\000434.jpg,Toolbox,exito,0.0,0.0,0.0,0.0,0.0,0.0,0.0,0.0,0.0,0.0,0.0,0.0,0.0,0.0,0.0,0.0,0.0,0.0,0.0,0.0,0.0,0.0,0.0,0.0,0.0
C:\Users\damba\.cache\kagglehub\datasets\salmaneunus\mechanical-tools-dataset\versions\20\Mechanical Tools Image dataset\Mechanical Tools Image dataset\Toolbox\000435.jpg,Toolbox,exito,0.31830988618379047,0.00905248702093729,0.08065369799458526,0.030224040586501764,0.027362297977638936,0.041406749505408895,0.11297761777174367,0.048389633069013525,0.08296766328768336,0.06827346974741351,0.06429677040948495,0.04786246776913794,0.09305730174165378,0.06281413826934704,0.20182240344766214,0.07081704545403122,0.1257624213441189,0.11465049237301804,0.05328938921193465,0.08358315752444406,0.028901555978447672,0.07248048600133403,0.3234685309156266,0.08221913116969139,0.1800704968634926
C:\Users\damba\.cache\kagglehub\datasets\salmaneunus\mechanical-tools-dataset\versions\20\Mechanical Tools Image dataset\Mechanical Tools Image dataset\Toolbox\000436.jpg,Toolbox,exito,0.31830988618379064,0.28475752319912384,0.0725925002640201,0.04425684343880626,0.07609711943246575,0.03839493119342588,0.1589043777422289,0.1281869149157365,0.08704664229152988,0.18885591414462563,0.1523998475413214,0.02593315215075688,0.15683046084663474,0.2950396827593182,0.10708704160000629,0.2030175259756227,0.1838079313103362,0.13605047827160247,0.16165223354024502,0.33969400345498885,0.3024766311357569,0.040542358263840415,0.2419962264542921,0.11392673669064442,0.3960554159591021
C:\Users\damba\.cache\kagglehub\datasets\salmaneunus\mechanical-tools-dataset\versions\20\Mechanical Tools Image dataset\Mechanical Tools Image dataset\Toolbox\000437.jpg,Toolbox,exito,0.31830988618379064,0.007290507820556087,0.049293771545458935,0.05670667211457271,0.0037958757129315135,0.069208816271924,0.05483086868780576,0.10001196202897272,0.03047885782574088,0.021828431151472094,0.09441331214165141,0.025382131323129706,0.004724237350399191,0.14073903473089772,0.12116449179305035,0.023798709316959557,0.04105983120922181,0.0689937427043133,0.04116471259863216,0.012301098253320758,0.08959427365988082,0.1546663095184261,0.21296441507606537,0.011880269611961545,0.14693570606787623
C:\Users\damba\.cache\kagglehub\datasets\salmaneunus\mechanical-tools-dataset\versions\20\Mechanical Tools Image dataset\Mechanical Tools Image dataset\Toolbox\000438.jpg,Toolbox,exito,0.3183098861837906,0.03997836222635278,0.006001916269813041,0.0030182499848598757,0.08910705154990113,0.008858529498058682,0.0031209212618924453,0.010220854982726806,0.011649134364314962,0.13217797680167023,0.03744798926225091,0.15908328870722296,0.029954239279391368,0.014445683914724268,0.044499286249963174,0.15926819176928506,0.10403956630800623,0.03664504957873183,0.16375637712650204,0.07597789494001958,0.045225244463604715,0.013473359156197686,0.08188388699446951,0.16673781218893416,0.07854902688323008
C:\Users\damba\.cache\kagglehub\datasets\salmaneunus\mechanical-tools-dataset\versions\20\Mechanical Tools Image dataset\Mechanical Tools Image dataset\Toolbox\000439.jpg,Toolbox,exito,0.0,0.0,0.0,0.0,0.0,0.0,0.0,0.0,0.0,0.0,0.0,0.0,0.0,0.0,0.0,0.0,0.0,0.0,0.0,0.0,0.0,0.0,0.0,0.0,0.0
C:\Users\damba\.cache\kagglehub\datasets\salmaneunus\mechanical-tools-dataset\versions\20\Mechanical Tools Image dataset\Mechanical Tools Image dataset\Toolbox\000440.jpg,Toolbox,exito,0.3183098861837906,0.02365961175873093,0.014685098959797731,0.009332154175626904,0.053673455424919934,0.08464550731294951,0.04160765562787429,0.014150602755298234,0.057566396483312875,0.08539599067149925,0.11346842567233882,0.07766368095468576,0.08717343231696381,0.08305551594156446,0.06573033496153134,0.05354481872622555,0.08482032934916915,0.07727309943818944,0.05559060863879552,0.052173094026423616,0.12968316772164787,0.16110341156836339,0.05180042595782161,0.13451813050842368,0.06862807046646682
C:\Users\damba\.cache\kagglehub\datasets\salmaneunus\mechanical-tools-dataset\versions\20\Mechanical Tools Image dataset\Mechanical Tools Image dataset\Toolbox\000441.jpg,Toolbox,exito,0.3183098861837905,0.008912162514429658,0.01740632832056393,0.03674192150934184,0.028824731017974788,0.045443423476456676,0.004394074665176533,0.06539770904538132,0.04536998533946014,0.058288414176609446,0.05837284033516108,0.0954385593112303,0.04696951423712653,0.09714893923917747,0.08017571438707531,0.10924945260951978,0.06868306710271652,0.027507717018719072,0.07399612051722615,0.11611504830839182,0.12053564301138807,0.11359338925107475,0.1359592498852959,0.15894481631059787,0.0831732570995739
C:\Users\damba\.cache\kagglehub\datasets\salmaneunus\mechanical-tools-dataset\versions\20\Mechanical Tools Image dataset\Mechanical Tools Image dataset\Toolbox\000442.jpg,Toolbox,exito,0.3183098861837905,0.013189937338484073,0.017851874361136565,0.036532883243679995,0.016243061332561103,0.04321886258517781,0.0026602454645747067,0.061884425596084605,0.04296356910981772,0.031402956089561965,0.0426284782485903,0.09558996874936383,0.06269273661387831,0.0848685804833504,0.10651781387665844,0.09671455462291505,0.063708660307781,0.03703898193129393,0.0727286518839158,0.11229172561505253,0.15738506131457924,0.096835184519373,0.19640548144110606,0.13785137124673358,0.11553675315237187
C:\Users\damba\.cache\kagglehub\datasets\salmaneunus\mechanical-tools-dataset\versions\20\Mechanical Tools Image dataset\Mechanical Tools Image dataset\Toolbox\000443.jpg,Toolbox,exito,0.0,0.0,0.0,0.0,0.0,0.0,0.0,0.0,0.0,0.0,0.0,0.0,0.0,0.0,0.0,0.0,0.0,0.0,0.0,0.0,0.0,0.0,0.0,0.0,0.0
C:\Users\damba\.cache\kagglehub\datasets\salmaneunus\mechanical-tools-dataset\versions\20\Mechanical Tools Image dataset\Mechanical Tools Image dataset\Toolbox\000444.jpg,Toolbox,exito,0.3183098861837906,0.03358804564393566,0.008217269875815506,0.0041764517349855874,0.07673511812988537,0.00871584616572075,0.008913499718770186,0.01610306397485995,0.01120112587941965,0.11465346163238703,0.03576959900600175,0.1583812487000699,0.004252607309328622,0.02945557826924797,0.030108325679076793,0.14799167425217696,0.08198065206460581,0.02972607116358199,0.14741797280857108,0.08873180754482606,0.015200247233007374,0.020719106999727222,0.046635403632114034,0.14637591848226494,0.07116544933580406
C:\Users\damba\.cache\kagglehub\datasets\salmaneunus\mechanical-tools-dataset\versions\20\Mechanical Tools Image dataset\Mechanical Tools Image dataset\Toolbox\000445.jpg,Toolbox,exito,0.0,0.0,0.0,0.0,0.0,0.0,0.0,0.0,0.0,0.0,0.0,0.0,0.0,0.0,0.0,0.0,0.0,0.0,0.0,0.0,0.0,0.0,0.0,0.0,0.0
C:\Users\damba\.cache\kagglehub\datasets\salmaneunus\mechanical-tools-dataset\versions\20\Mechanical Tools Image dataset\Mechanical Tools Image dataset\Toolbox\000446.jpg,Toolbox,exito,0.3183098861837906,0.021118067936122916,0.015221389726243392,0.009171301674436205,0.04893368981395913,0.0847281014297016,0.04447901598255279,0.013883040927193861,0.056442147360565006,0.08008228157017674,0.11236030439649129,0.07713778916103427,0.09522011183676068,0.08151031847957493,0.06079383799431103,0.05219485321346958,0.08132474792297799,0.07261267151529023,0.05309021950668788,0.05149048121870115,0.14361307015700395,0.15711218555298007,0.043034782482673783,0.13140523124213913,0.06871725254336775
C:\Users\damba\.cache\kagglehub\datasets\salmaneunus\mechanical-tools-dataset\versions\20\Mechanical Tools Image dataset\Mechanical Tools Image dataset\Toolbox\000447.jpg,Toolbox,exito,0.3183098861837906,0.023056302286868977,0.014817913653844538,0.009733306269630594,0.05026909243685724,0.0849814819535323,0.04340524955501848,0.01109480951461958,0.05419080425245765,0.0771672119042332,0.11102168765537704,0.07452003368008665,0.09575375694345595,0.06466510066374292,0.052148018394656895,0.049147948391485174,0.06807608863069085,0.06630900736434231,0.043466167563843035,0.04834220435509693,0.15203634451142878,0.12314935880624236,0.04208190122452097,0.12021195860491721,0.07291219076262515
C:\Users\damba\.cache\kagglehub\datasets\salmaneunus\mechanical-tools-dataset\versions\20\Mechanical Tools Image dataset\Mechanical Tools Image dataset\Toolbox\000448.jpg,Toolbox,exito,0.3183098861837906,0.006592260232933161,0.01711819649779112,0.008560583042028107,0.0018859913147491873,0.08573369059862758,0.05752845823272884,0.0018528990971745734,0.04321424363886378,0.027851073606425206,0.10244140087953484,0.06935256415721776,0.1403471588538405,0.03935836788321415,0.0027365019866341625,0.036535790341147255,0.04302058851589297,0.034890040933314055,0.026631613912809396,0.042215203687644864,0.23484897671417868,0.07827759829077055,0.06621260178377285,0.09144180596501696,0.07778192119786782
C:\Users\damba\.cache\kagglehub\datasets\salmaneunus\mechanical-tools-dataset\versions\20\Mechanical Tools Image dataset\Mechanical Tools Image dataset\Toolbox\000449.jpg,Toolbox,exito,0.0,0.0,0.0,0.0,0.0,0.0,0.0,0.0,0.0,0.0,0.0,0.0,0.0,0.0,0.0,0.0,0.0,0.0,0.0,0.0,0.0,0.0,0.0,0.0,0.0
C:\Users\damba\.cache\kagglehub\datasets\salmaneunus\mechanical-tools-dataset\versions\20\Mechanical Tools Image dataset\Mechanical Tools Image dataset\Toolbox\000450.jpg,Toolbox,exito,0.3183098861837905,0.015675156116719775,0.01818992263769392,0.036350380306093416,0.041702929549117744,0.04593698970602508,0.009490349755842493,0.06429958125331894,0.04576798890481445,0.07382496964715893,0.06240652864969839,0.09644984745801119,0.030177946798737518,0.0979484346054505,0.07547621190636314,0.11452935796371858,0.08094330510255335,0.032034877596939036,0.08218084440297672,0.11968656254184905,0.0884036909612212,0.11997673727492522,0.12100523549034152,0.17189062984500453,0.07362937245816335
C:\Users\damba\.cache\kagglehub\datasets\salmaneunus\mechanical-tools-dataset\versions\20\Mechanical Tools Image dataset\Mechanical Tools Image dataset\Toolbox\000451.jpg,Toolbox,exito,0.3183098861837906,0.015219732550916878,0.016231407999644572,0.008413523031627332,0.018406995090087516,0.08609150864433099,0.05467570767655235,0.0071621703884990565,0.039178449630340624,0.02287736752015309,0.10096078677080604,0.06670090973414967,0.1377087866291501,0.028921211578275173,0.018478936193392467,0.032043208343364514,0.03269855249603472,0.03205229033899233,0.020556020042146184,0.03926641671615375,0.23744481787122057,0.05529199552487818,0.09559411498816979,0.079462464402167,0.08182365709369745
C:\Users\damba\.cache\kagglehub\datasets\salmaneunus\mechanical-tools-dataset\versions\20\Mechanical Tools Image dataset\Mechanical Tools Image dataset\Toolbox\000452.jpg,Toolbox,exito,0.3183098861837906,0.04332138007322341,0.0046896454109694305,0.0028886632943468733,0.09556720467305115,0.008935234894649556,0.010082986073794207,0.010984329701589978,0.011853932418548036,0.14218956317292047,0.03835915608024341,0.15938582343246485,0.049706078207805315,0.025258291943438916,0.051603299958964545,0.16462486610570792,0.12162790338466392,0.04074229631659743,0.1726547746739421,0.07195836691327241,0.08240501621581459,0.049425378019687084,0.10082689860637255,0.1817746140833487,0.08237095593851312
C:\Users\damba\.cache\kagglehub\datasets\salmaneunus\mechanical-tools-dataset\versions\20\Mechanical Tools Image dataset\Mechanical Tools Image dataset\Toolbox\000453.jpg,Toolbox,exito,0.3183098861837905,0.052353414920659876,0.029948132056598995,0.03157982299555447,0.11265522912410236,0.05107608376582611,0.07278321275719107,0.045416865725485686,0.05336968722831289,0.168144671267378,0.09696526504124311,0.10092034846895108,0.14914696824377985,0.06426147564687891,0.10748070936559413,0.13520774336950478,0.16829847279243637,0.11992189205291147,0.1283111796179636,0.12818735731942024,0.23241430608486352,0.10740726424269686,0.18040966907147937,0.21066558773656008,0.010038738237355084
C:\Users\damba\.cache\kagglehub\datasets\salmaneunus\mechanical-tools-dataset\versions\20\Mechanical Tools Image dataset\Mechanical Tools Image dataset\Toolbox\000454.jpg,Toolbox,exito,0.3183098861837905,0.03447190066058705,0.022631827162733945,0.03541728222981889,0.0773928520634023,0.050075182582081074,0.03352637114478046,0.06300408138999711,0.052154069232901605,0.11521575818981682,0.08829456028283524,0.09384725601712783,0.036760284559187936,0.08965956619606182,0.08200306596808118,0.11690076905100762,0.08704637920877348,0.08585020090461967,0.07319279867981351,0.10965888894925756,0.02087289032293106,0.09329922378610755,0.11126018409989614,0.15327595882110412,0.04293034782844623
C:\Users\damba\.cache\kagglehub\datasets\salmaneunus\mechanical-tools-dataset\versions\20\Mechanical Tools Image dataset\Mechanical Tools Image dataset\Toolbox\000455.jpg,Toolbox,exito,0.0,0.0,0.0,0.0,0.0,0.0,0.0,0.0,0.0,0.0,0.0,0.0,0.0,0.0,0.0,0.0,0.0,0.0,0.0,0.0,0.0,0.0,0.0,0.0,0.0
C:\Users\damba\.cache\kagglehub\datasets\salmaneunus\mechanical-tools-dataset\versions\20\Mechanical Tools Image dataset\Mechanical Tools Image dataset\Toolbox\000456.jpg,Toolbox,exito,0.31830988618379064,0.01528671800898771,0.05014450969894101,0.056486754079870194,0.02303553776966918,0.0669083268064051,0.05798969342606947,0.09625129208365034,0.03421957305476862,0.036697815169909734,0.08777553491420997,0.027350600709840887,0.009943811406323395,0.1318408887112747,0.1353941194078817,0.022062247337247612,0.06648489534765918,0.07007869455309246,0.03418685831465422,0.014380805104594663,0.08367810717373307,0.14591417050010275,0.23670713201505933,0.014915899387706743,0.14808690066438676
C:\Users\damba\.cache\kagglehub\datasets\salmaneunus\mechanical-tools-dataset\versions\20\Mechanical Tools Image dataset\Mechanical Tools Image dataset\Toolbox\000457.jpg,Toolbox,exito,0.0,0.0,0.0,0.0,0.0,0.0,0.0,0.0,0.0,0.0,0.0,0.0,0.0,0.0,0.0,0.0,0.0,0.0,0.0,0.0,0.0,0.0,0.0,0.0,0.0
C:\Users\damba\.cache\kagglehub\datasets\salmaneunus\mechanical-tools-dataset\versions\20\Mechanical Tools Image dataset\Mechanical Tools Image dataset\Toolbox\000458.jpg,Toolbox,exito,0.0,0.0,0.0,0.0,0.0,0.0,0.0,0.0,0.0,0.0,0.0,0.0,0.0,0.0,0.0,0.0,0.0,0.0,0.0,0.0,0.0,0.0,0.0,0.0,0.0
C:\Users\damba\.cache\kagglehub\datasets\salmaneunus\mechanical-tools-dataset\versions\20\Mechanical Tools Image dataset\Mechanical Tools Image dataset\Toolbox\000459.jpg,Toolbox,exito,0.31830988618379064,0.01450754358012639,0.050035111933910664,0.056402485115098794,0.018293201294396263,0.06680939935943417,0.05724460599687904,0.09561114500247875,0.03417503699961574,0.02177326046430795,0.08691293730808917,0.027438159957114485,0.007131647755153947,0.12938149278636896,0.1352281604871072,0.021885359704304767,0.04487858936734879,0.06211287318234746,0.03097408899196597,0.014307845030554527,0.09117337209590186,0.13899814342363312,0.2346146148514685,0.014324129893025188,0.14818382561141163
C:\Users\damba\.cache\kagglehub\datasets\salmaneunus\mechanical-tools-dataset\versions\20\Mechanical Tools Image dataset\Mechanical Tools Image dataset\Toolbox\000460.jpg,Toolbox,exito,0.3183098861837906,0.010165969455785594,0.01683597604566225,0.00875997200866371,0.016846534841309907,0.08568879303891869,0.05592574418994018,0.006072429929130812,0.04424826762949744,0.03586240817643118,0.10332675326696134,0.06960998375040281,0.13563125823789773,0.04208810799561501,0.012495570358817914,0.037674374163802204,0.044229017974290526,0.03792484887205851,0.02714203580715916,0.0425031328087778,0.2266984089934751,0.08089359903006214,0.06307929464438233,0.09352230477744633,0.07760633537557504
C:\Users\damba\.cache\kagglehub\datasets\salmaneunus\mechanical-tools-dataset\versions\20\Mechanical Tools Image dataset\Mechanical Tools Image dataset\Toolbox\000461.jpg,Toolbox,exito,0.3183098861837906,0.01256751325157707,0.016578701028192002,0.008650753736352554,0.01715856139914488,0.08588085819285335,0.05545539843904528,0.006700937629907903,0.04192621387125652,0.030107237814510798,0.10221203415109276,0.06818551412530569,0.13688267678783364,0.0355353161817914,0.012103240749684382,0.03505872077208203,0.03852346143258799,0.034902583572686274,0.023597788425243453,0.04090046182157253,0.23228038007915927,0.06794390464664016,0.07855718286493601,0.08679861034793271,0.0796632703821272
C:\Users\damba\.cache\kagglehub\datasets\salmaneunus\mechanical-tools-dataset\versions\20\Mechanical Tools Image dataset\Mechanical Tools Image dataset\Toolbox\000462.jpg,Toolbox,exito,0.0,0.0,0.0,0.0,0.0,0.0,0.0,0.0,0.0,0.0,0.0,0.0,0.0,0.0,0.0,0.0,0.0,0.0,0.0,0.0,0.0,0.0,0.0,0.0,0.0
C:\Users\damba\.cache\kagglehub\datasets\salmaneunus\mechanical-tools-dataset\versions\20\Mechanical Tools Image dataset\Mechanical Tools Image dataset\Toolbox\000463.jpg,Toolbox,exito,0.0,0.0,0.0,0.0,0.0,0.0,0.0,0.0,0.0,0.0,0.0,0.0,0.0,0.0,0.0,0.0,0.0,0.0,0.0,0.0,0.0,0.0,0.0,0.0,0.0
C:\Users\damba\.cache\kagglehub\datasets\salmaneunus\mechanical-tools-dataset\versions\20\Mechanical Tools Image dataset\Mechanical Tools Image dataset\Toolbox\000464.jpg,Toolbox,exito,0.3183098861837906,0.02488644145340078,0.014404439723823114,0.008953542134974441,0.057173230864852695,0.08442187922739572,0.03944469674715907,0.018516211573524278,0.05999765098939952,0.09252731175429503,0.11562871358992119,0.0800178605359421,0.07871270959326394,0.0988829679967377,0.07642944683888939,0.05683419393120707,0.0990103898601692,0.0875256636346082,0.06518617070767574,0.05510069190091627,0.10872990827538387,0.19256962380905288,0.06837415015804917,0.1457410575684686,0.06530495303334223
C:\Users\damba\.cache\kagglehub\datasets\salmaneunus\mechanical-tools-dataset\versions\20\Mechanical Tools Image dataset\Mechanical Tools Image dataset\Toolbox\000465.jpg,Toolbox,exito,0.3183098861837906,0.01975763937073379,0.01548343851390797,0.009278605639404568,0.04541173277842463,0.08489141644105862,0.04632490278871754,0.01197540935991007,0.054607765346808154,0.07432330759187947,0.11087509188111845,0.07566705746957114,0.1018522521391493,0.07296789043737464,0.05308867749184468,0.049858642016711786,0.07317102420857553,0.0661305490037719,0.04732195351672762,0.049685515623796264,0.15823217546967985,0.13987243304700606,0.03531354195961046,0.12434760087087063,0.07056987529388532
C:\Users\damba\.cache\kagglehub\datasets\salmaneunus\mechanical-tools-dataset\versions\20\Mechanical Tools Image dataset\Mechanical Tools Image dataset\Toolbox\000466.jpg,Toolbox,exito,0.31830988618379064,0.010148574175855652,0.051179142395370386,0.03109485935270988,0.01160647744928294,0.0013382929453977658,0.06323260532821921,0.047573563391743186,0.04650527453814646,0.03631821070055899,0.025441078511898904,0.0883682623693523,0.02500690864826387,0.055772593019028156,0.15853986764880243,0.15179648979499566,0.08248161238666109,0.10821562318151631,0.05948487708198628,0.1571585606380817,0.049947654442308816,0.06054520541312631,0.2761893591024468,0.19934534286235137,0.10577952262550366
C:\Users\damba\.cache\kagglehub\datasets\salmaneunus\mechanical-tools-dataset\versions\20\Mechanical Tools Image dataset\Mechanical Tools Image dataset\Toolbox\000467.jpg,Toolbox,exito,0.3183098861837905,0.0385233191147562,0.02402544165587544,0.03360499872283724,0.08510534820860363,0.0485895529140933,0.04174944339273782,0.05483881225498174,0.04902030757633341,0.1286261648374827,0.08115796013013836,0.0998717066018267,0.06329200980768496,0.0902459533954534,0.08307554101093452,0.12992772859541543,0.1278236749793366,0.07213514220894642,0.11270638757013868,0.12901778172385242,0.07924419572542739,0.13712788804503692,0.11635307563354379,0.20740285874792247,0.03653948325048862
C:\Users\damba\.cache\kagglehub\datasets\salmaneunus\mechanical-tools-dataset\versions\20\Mechanical Tools Image dataset\Mechanical Tools Image dataset\Toolbox\000468.jpg,Toolbox,exito,0.0,0.0,0.0,0.0,0.0,0.0,0.0,0.0,0.0,0.0,0.0,0.0,0.0,0.0,0.0,0.0,0.0,0.0,0.0,0.0,0.0,0.0,0.0,0.0,0.0
C:\Users\damba\.cache\kagglehub\datasets\salmaneunus\mechanical-tools-dataset\versions\20\Mechanical Tools Image dataset\Mechanical Tools Image dataset\Toolbox\000469.jpg,Toolbox,exito,0.31830988618379047,0.04131506382492186,0.032854787434385496,0.03164146921525578,0.08764317010135059,0.050502344303738504,0.009567769602723389,0.03983313862084585,0.0590545698983513,0.12683462590645184,0.09405254772829391,0.1114921553607539,0.07946727946556296,0.02593728109438528,0.08213029492665148,0.11620308802945299,0.11663980229187279,0.12439944197547288,0.14251776259598425,0.1325436693596092,0.19127622054777216,0.03431363987994284,0.15415629750543056,0.17008749819027325,0.20251812262545532
C:\Users\damba\.cache\kagglehub\datasets\salmaneunus\mechanical-tools-dataset\versions\20\Mechanical Tools Image dataset\Mechanical Tools Image dataset\Toolbox\000470.jpg,Toolbox,exito,0.31830988618379047,0.03346456208349753,0.03562123112133156,0.03287389876447168,0.07509246953653685,0.04890204129786099,0.02416540952463179,0.04376000442646811,0.05601656467253476,0.11216697940328726,0.08482562549829296,0.11233580622954216,0.03843994537771185,0.036355591201066545,0.06550948523931405,0.10707709619226338,0.094516429794172,0.10240188848864097,0.1296723725027382,0.14175354650719882,0.11516089793171784,0.03639296749828224,0.11176338245195601,0.15038441237600728,0.1876047734967878
C:\Users\damba\.cache\kagglehub\datasets\salmaneunus\mechanical-tools-dataset\versions\20\Mechanical Tools Image dataset\Mechanical Tools Image dataset\Toolbox\000471.jpg,Toolbox,exito,0.3183098861837905,0.04746275798178419,0.02764770087393932,0.03162081739532126,0.10297807669195129,0.04857612874907248,0.06134381156167379,0.04980503269989465,0.048357301293878205,0.15942823091738595,0.08321631319617614,0.1041801558491682,0.12143779850978864,0.10715575309443479,0.09270878341356545,0.14117066460149258,0.19374677788262235,0.08526078082735469,0.14574853566362284,0.14356577502502907,0.20045422243609207,0.20505143513434448,0.1444302856192756,0.2533903694684713,0.030612169398877412
C:\Users\damba\.cache\kagglehub\datasets\salmaneunus\mechanical-tools-dataset\versions\20\Mechanical Tools Image dataset\Mechanical Tools Image dataset\Toolbox\000472.jpg,Toolbox,exito,0.3183098861837905,0.00728684454478033,0.017282258011692288,0.036854266350032826,0.0036042604209952905,0.04495574917853072,0.0007541247961636177,0.06551218994531251,0.04534774030271195,0.023381306152281924,0.05318713539128536,0.09324982162068415,0.0654893947484726,0.09315566599029054,0.09682746617393435,0.09674219605835445,0.03999849961121006,0.016140519544269545,0.05698469452391681,0.10747412714686756,0.16298708055530686,0.10113375529992252,0.171176738785749,0.12724409457620897,0.10142198976337809
C:\Users\damba\.cache\kagglehub\datasets\salmaneunus\mechanical-tools-dataset\versions\20\Mechanical Tools Image dataset\Mechanical Tools Image dataset\Toolbox\000473.jpg,Toolbox,exito,0.3183098861837906,0.026241984127174416,0.004327834391971691,0.03134248605903722,0.05531975714149015,0.07019144033589635,0.057428594746504594,0.040992642895064324,0.09681014860114533,0.08140208097659828,0.13456684109928133,0.16292103297384458,0.18343395533714416,0.04592353072382404,0.08996513598011403,0.07214137518524713,0.09017319937670973,0.18543608748804186,0.21516729593463524,0.04056731609027071,0.3384720667127927,0.08635315563714009,0.13161464207568283,0.17312857747037327,0.2812601390167354
C:\Users\damba\.cache\kagglehub\datasets\salmaneunus\mechanical-tools-dataset\versions\20\Mechanical Tools Image dataset\Mechanical Tools Image dataset\Toolbox\000474.jpg,Toolbox,exito,0.31830988618379047,0.04025674549127873,0.03326160298609257,0.03230766659084964,0.08666490535592106,0.050095433328281605,0.011535193580662989,0.04225464755636704,0.05809593732217646,0.1265926725595432,0.09150809638214816,0.11372473706186186,0.07394031076421183,0.02839018443579189,0.08461877529339909,0.11596021733723375,0.11181218154477889,0.11979166708922952,0.14709901753283602,0.13158803054473914,0.17836426075240325,0.01730717792648967,0.1608984010478522,0.15844912919808093,0.19775788365669192
C:\Users\damba\.cache\kagglehub\datasets\salmaneunus\mechanical-tools-dataset\versions\20\Mechanical Tools Image dataset\Mechanical Tools Image dataset\Toolbox\000475.jpg,Toolbox,exito,0.0,0.0,0.0,0.0,0.0,0.0,0.0,0.0,0.0,0.0,0.0,0.0,0.0,0.0,0.0,0.0,0.0,0.0,0.0,0.0,0.0,0.0,0.0,0.0,0.0
C:\Users\damba\.cache\kagglehub\datasets\salmaneunus\mechanical-tools-dataset\versions\20\Mechanical Tools Image dataset\Mechanical Tools Image dataset\Toolbox\000476.jpg,Toolbox,exito,0.3183098861837905,0.017471720532910642,0.018470547753412975,0.03619982338432733,0.020491341405415493,0.043841527410127513,0.004435651643327697,0.06135943770894187,0.044066544419069285,0.015168541913125604,0.04559681799702355,0.09406780614318026,0.06231873567433845,0.08283680640402584,0.11280466941448464,0.0907906207058889,0.04030864967204557,0.021014936917557302,0.061903497055459195,0.10667715952899676,0.16456150523920196,0.08919664199861879,0.20359082326733174,0.1183962304637721,0.1176068927015586
C:\Users\damba\.cache\kagglehub\datasets\salmaneunus\mechanical-tools-dataset\versions\20\Mechanical Tools Image dataset\Mechanical Tools Image dataset\Toolbox\000477.jpg,Toolbox,exito,0.3183098861837905,0.03185743660017452,0.021814625077849054,0.03452819497836251,0.07305232373404669,0.046654808588806704,0.030334063284398038,0.05895139662250044,0.045872666903016834,0.11762094705334357,0.06991123401672279,0.1008676716125646,0.03353673801305222,0.10547751801982107,0.0749357928036837,0.1297970177133982,0.13995898983210317,0.04911332206839616,0.11619624599877003,0.13445665071615018,0.036426331554764435,0.16417677251073715,0.10719004933991846,0.2201538693987686,0.05393290242694333
C:\Users\damba\.cache\kagglehub\datasets\salmaneunus\mechanical-tools-dataset\versions\20\Mechanical Tools Image dataset\Mechanical Tools Image dataset\Toolbox\000478.jpg,Toolbox,exito,0.0,0.0,0.0,0.0,0.0,0.0,0.0,0.0,0.0,0.0,0.0,0.0,0.0,0.0,0.0,0.0,0.0,0.0,0.0,0.0,0.0,0.0,0.0,0.0,0.0
C:\Users\damba\.cache\kagglehub\datasets\salmaneunus\mechanical-tools-dataset\versions\20\Mechanical Tools Image dataset\Mechanical Tools Image dataset\Toolbox\000479.jpg,Toolbox,exito,0.3183098861837907,0.13004464199639743,0.10930241544427717,0.36779503030023986,0.09788476287820251,0.098343788561363,0.18282746453986756,0.24869201523505324,0.2227461729693959,0.10453123674489578,0.025302794419638074,0.11134836391885769,0.577645273967088,0.03905657096556762,0.3506602048262125,0.02421998735594591,0.25085525223139377,0.11572151013305464,0.05311435167887799,0.26237719226826933,0.1989033175569179,0.5964684321220076,0.036709098082849535,0.25643130633087746,0.14027034827124835
C:\Users\damba\.cache\kagglehub\datasets\salmaneunus\mechanical-tools-dataset\versions\20\Mechanical Tools Image dataset\Mechanical Tools Image dataset\Toolbox\000480.jpg,Toolbox,exito,0.31830988618379047,0.030976176780679026,0.04336310386868484,0.0423161683924606,0.06450149360984572,0.0571557915725965,0.06254962537832615,0.029535478996416287,0.041750158158820716,0.08913010357029187,0.09448264429032854,0.07123616940383133,0.056761045857867475,0.07832256213351221,0.08212837695404117,0.0689488142140413,0.08426929305036131,0.10331266462178637,0.07421991766659226,0.09129179558025714,0.013395017239686466,0.2166729328653939,0.11862885649383563,0.17725511698757324,0.08525509018845905
C:\Users\damba\.cache\kagglehub\datasets\salmaneunus\mechanical-tools-dataset\versions\20\Mechanical Tools Image dataset\Mechanical Tools Image dataset\Toolbox\000481.jpg,Toolbox,exito,0.0,0.0,0.0,0.0,0.0,0.0,0.0,0.0,0.0,0.0,0.0,0.0,0.0,0.0,0.0,0.0,0.0,0.0,0.0,0.0,0.0,0.0,0.0,0.0,0.0
C:\Users\damba\.cache\kagglehub\datasets\salmaneunus\mechanical-tools-dataset\versions\20\Mechanical Tools Image dataset\Mechanical Tools Image dataset\Toolbox\000482.jpg,Toolbox,exito,0.3183098861837905,0.19802274283784452,0.04476063201358204,0.06635390983716413,0.055366674206284175,0.05709386734380208,0.10168456048981182,0.08492926161751255,0.11575889522060638,0.07094410093384433,0.07792076197728434,0.18666636187953442,0.034971213076369356,0.017758310123173606,0.02164952563425383,0.13716226828342473,0.031544151354932305,0.055761339888151656,0.1758883807424818,0.0949451325523513,0.04340302459080073,0.060697997768565,0.0286323041998676,0.18979646122007612,0.11612346758787165
