rutaImagen,etiqueta,estado,crudo_m00,crudo_m10,crudo_m01,crudo_m20,crudo_m02,crudo_m11,crudo_m30,crudo_m03,crudo_m21,crudo_m12,central_mu20,central_mu02,central_mu11,central_mu30,central_mu03,central_mu21,central_mu12,normalizado_nu20,normalizado_nu02,normalizado_nu11,normalizado_nu30,normalizado_nu03,normalizado_nu21,normalizado_nu12,hu_0,hu_1,hu_2,hu_3,hu_4,hu_5,hu_6,zernike_0,zernike_1,zernike_2,zernike_3,zernike_4,zernike_5,zernike_6,zernike_7,zernike_8,zernike_9,zernike_10,zernike_11,zernike_12,zernike_13,zernike_14,zernike_15,zernike_16,zernike_17,zernike_18,zernike_19,zernike_20,zernike_21,zernike_22,zernike_23,zernike_24,momentos_tamano,sift_tamano,hog_tamano
C:\Users\damba\.cache\kagglehub\datasets\sunnykusawa\ecommerce-products-image-dataset\versions\1\ecommerce products\jeans\1.jpg,jeans,exito,4525230.0,517574010.0,441505980.0,63031720080.0,60121336230.0,50129593710.0,8082910578720.0,9503800180650.0,6074881352130.0,6797175362790.0,3834097897.816975,17045618448.63631,-367733609.84447014,-3405247528.5060515,311910613295.8173,9284105826.910156,-7457308595.263672,0.0001872327786274484,0.0008323988042607415,-1.7957753662232877e-05,-7.817124743368683e-08,7.16025531918891e-06,2.1312698349254166e-07,-1.7119081961288913e-07,2.9915566782148018,6.379209222456007,9.845541404168623,9.81127128698077,9.99999999998861,9.999847296142695,-9.999999999999604,0.3183098861837906,0.2887460755609589,0.024778640615341914,0.0853686379377599,0.11290523370106026,0.1328269022468513,0.00193218909488372,0.11455991980620571,0.03429634819431618,0.1089983973900505,0.14933088875480358,0.10876503278282745,0.03956444429286822,0.10714462278780824,0.08704851185469667,0.06178114618296916,0.12525762222393216,0.1508385321494262,0.18681270878693673,0.1229421282290148,0.17875595444521303,0.029784315974949342,0.23921879977116645,0.09146580389343144,0.12510187304047876,56,57,756
C:\Users\damba\.cache\kagglehub\datasets\sunnykusawa\ecommerce-products-image-dataset\versions\1\ecommerce products\jeans\10.jpg,jeans,exito,4331685.0,511272195.0,444043740.0,64851205005.0,64539473370.0,51892793760.0,8665385388675.0,10671794288400.0,6586426107960.0,7576728946680.0,4505344818.925061,19020271712.17225,-518038889.606169,-52592257647.09539,156252575042.83243,60777577755.63281,65293013085.66016,0.00024011224100402845,0.0010136849117810382,-2.7608869844562438e-05,-1.3467272452032966e-06,4.001151678168676e-06,1.5563283175673494e-06,1.6719548385603537e-06,2.9017726860855055,6.220718395650867,9.851000938809172,9.88275735914273,9.99999999999966,9.999897471639397,-9.999999999995218,0.0,0.0,0.0,0.0,0.0,0.0,0.0,0.0,0.0,0.0,0.0,0.0,0.0,0.0,0.0,0.0,0.0,0.0,0.0,0.0,0.0,0.0,0.0,0.0,0.0,56,57,756
C:\Users\damba\.cache\kagglehub\datasets\sunnykusawa\ecommerce-products-image-dataset\versions\1\ecommerce products\jeans\100.jpg,jeans,exito,3608760.0,439153350.0,381579195.0,56389369410.0,50531365845.0,47387585340.0,7572251728590.0,7528538926065.0,6202078564110.0,6295233852900.0,2948391119.33437,10184354113.311546,952859346.984879,-7407809622.820918,31782924089.165825,7731216367.322266,-55479742919.27344,0.00022639617950625672,0.0007820193348408608,7.316658714292461e-05,-2.994296563089005e-07,1.2846914973615087e-06,3.1250201848944246e-07,-2.242536080199398e-06,2.996360438310654,6.481182832838542,9.849421557161401,9.962523234654531,9.999999999999956,-9.999985403486916,-9.999999999999245,0.3183098861837905,0.04217848237395816,0.06350309734288422,0.05960915566423888,0.04287402376599445,0.06035492281949215,0.06181151233536126,0.054485449738785746,0.05465222304529904,0.06672745022149056,0.03300258740164734,0.11285780822088941,0.05141156464140119,0.06891040637469087,0.03098334410040346,0.09966015064416148,0.08977026179681317,0.05863271963466677,0.1212677514709911,0.1467945095972853,0.07358103974941511,0.08788451325912128,0.017789513239368445,0.08784536722811849,0.03878636605422939,56,57,756
C:\Users\damba\.cache\kagglehub\datasets\sunnykusawa\ecommerce-products-image-dataset\versions\1\ecommerce products\jeans\101.jpg,jeans,exito,3465195.0,414514230.0,338208795.0,52396890510.0,43094958435.0,40949912970.0,6938238362460.0,6356838009285.0,5220385384740.0,5205832670910.0,2811788698.27139,10085217564.615496,492634739.29354143,-2297329909.489876,182030380115.6981,-11498367947.240234,-45444765329.30078,0.00023416787929623752,0.0008399045101785363,4.102699190694632e-05,-1.0277894823424403e-07,8.143754598626814e-06,-5.144190040559357e-07,-2.0331277471308946e-06,2.968966406982358,6.427419121408138,9.638654781646617,9.788428680815828,9.99999999997625,9.999870511350675,-9.999999999993564,0.3183098861837907,0.24812704581646877,0.07094555783870983,0.07311494453862462,0.10236222220407355,0.13596892892293397,0.061357871714507316,0.061050487739203955,0.028114157409375333,0.10448424874767274,0.046551786480355385,0.018679252290771674,0.09418542700187342,0.128646403823168,0.18279842589241424,0.05795528958179564,0.09883521953499243,0.22369471639709898,0.10035205228941159,0.04501664358662996,0.17489150616935764,0.19187650063724043,0.22271430963662717,0.12363799828751058,0.16908717992402303,56,57,756
C:\Users\damba\.cache\kagglehub\datasets\sunnykusawa\ecommerce-products-image-dataset\versions\1\ecommerce products\jeans\102.jpg,jeans,exito,7110165.0,899286315.0,1065643215.0,143883358065.0,178602408765.0,127020735150.0,25204113399705.0,31594049665665.0,19698241497360.0,20769411744540.0,30142555095.40939,18888047470.214844,-7760716464.991033,-618903289354.9236,-835898773723.3239,96711567989.92969,506254372033.5156,0.0005962394464832022,0.00037361792764889,-0.000153512045503536,-4.591172315228136e-06,-6.200896608986721e-06,7.174294936781895e-07,3.755515760412385e-06,3.0132920829975465,6.841866377735678,9.375467331864332,9.883502724686151,9.999999999999586,-9.999959385966736,9.999999999986722,0.3183098861837906,0.01967595648225115,0.015498617354492289,0.007853548711207175,0.04968739194573951,0.08436405459457447,0.044344490399376546,0.025136236486287128,0.06047518492785325,0.08944381566746469,0.1160443332536835,0.08189963766973735,0.0888256561289511,0.11867207034794823,0.07898497079823705,0.05791351685249719,0.10962733154625612,0.09071463464227164,0.07152220043561708,0.05735650175272473,0.11625868915757552,0.22715635038181745,0.06995116933519281,0.15346292413409532,0.06008557475985739,56,57,756
C:\Users\damba\.cache\kagglehub\datasets\sunnykusawa\ecommerce-products-image-dataset\versions\1\ecommerce products\jeans\103.jpg,jeans,exito,4054755.0,453075075.0,373299855.0,54025382985.0,49566465225.0,41825349645.0,6795768293955.0,7682206539525.0,5005405124265.0,5569583674785.0,3399137111.635119,15198721244.655684,113122937.93283583,-618430128.533783,320352332554.21747,6293216937.3671875,10237301956.859375,0.00020674710981677483,0.0009244380520831097,6.88052282196576e-06,-1.868009558875738e-08,9.6764564307078e-06,1.9009082599115998e-07,3.0922455149217326e-07,2.9464662618898654,6.287881156330485,9.735611558041965,9.7045798794948,9.999999999961764,9.999696600903365,-9.999999999999417,0.0,0.0,0.0,0.0,0.0,0.0,0.0,0.0,0.0,0.0,0.0,0.0,0.0,0.0,0.0,0.0,0.0,0.0,0.0,0.0,0.0,0.0,0.0,0.0,0.0,56,57,756
C:\Users\damba\.cache\kagglehub\datasets\sunnykusawa\ecommerce-products-image-dataset\versions\1\ecommerce products\jeans\104.jpg,jeans,exito,4054755.0,453075075.0,373299855.0,54025382985.0,49566465225.0,41825349645.0,6795768293955.0,7682206539525.0,5005405124265.0,5569583674785.0,3399137111.635119,15198721244.655684,113122937.93283583,-618430128.533783,320352332554.21747,6293216937.3671875,10237301956.859375,0.00020674710981677483,0.0009244380520831097,6.88052282196576e-06,-1.868009558875738e-08,9.6764564307078e-06,1.9009082599115998e-07,3.0922455149217326e-07,2.9464662618898654,6.287881156330485,9.735611558041965,9.7045798794948,9.999999999961764,9.999696600903365,-9.999999999999417,0.0,0.0,0.0,0.0,0.0,0.0,0.0,0.0,0.0,0.0,0.0,0.0,0.0,0.0,0.0,0.0,0.0,0.0,0.0,0.0,0.0,0.0,0.0,0.0,0.0,56,57,756
C:\Users\damba\.cache\kagglehub\datasets\sunnykusawa\ecommerce-products-image-dataset\versions\1\ecommerce products\jeans\105.jpg,jeans,exito,3733455.0,522545490.0,417386805.0,76067411880.0,56383454685.0,58293220320.0,11453526297000.0,8375879238495.0,8505823961490.0,7786313320710.0,2930387563.558497,9721115112.644627,-125481000.42825177,-13386957464.184593,-101158883470.40387,36887025728.53906,-77226410866.3086,0.00021023412922335379,0.0006974197530053198,-9.002354905940817e-06,-4.970551533200715e-07,-3.756009867633618e-06,1.3696081636229504e-06,-2.8674017674448448e-06,3.042079682590038,6.623835633237039,9.642924919049507,9.931760380138833,-9.999999999998378,-9.999986843813218,9.999999999996962,0.3183098861837906,0.05015123492111959,0.002649511164852504,0.06319286423578542,0.10365983162136085,0.06376277152301979,0.04862028257768276,0.08909249293516511,0.009539001456829252,0.14650455928758668,0.1251845129965162,0.040254495914665185,0.1592448758285655,0.08982276778910962,0.04843781888020563,0.09389808696574103,0.1348152090106392,0.1714642329376934,0.05737934123904075,0.1520637787615655,0.29658681589468056,0.08363779383850893,0.13603372587794327,0.20213888270325595,0.11495360544671229,56,57,756
C:\Users\damba\.cache\kagglehub\datasets\sunnykusawa\ecommerce-products-image-dataset\versions\1\ecommerce products\jeans\106.jpg,jeans,exito,3171435.0,363380100.0,320252205.0,43803408870.0,43349351025.0,38242427775.0,5550280620270.0,6637277879265.0,4808298459705.0,5270676677775.0,2167651846.4412613,11010212809.22007,1548225220.5978107,34591291946.54123,36223432171.11265,30232143321.166016,-8932266398.767578,0.0002155151973780964,0.0010946721867026573,0.00015392973025196813,1.9311999692186086e-06,2.0223208546808804e-06,1.687832716438514e-06,-4.986802060186474e-07,2.8826665535994134,6.061583127084333,9.917233518744116,9.936226367343805,-9.99999999999879,9.999941069619856,-9.999999999999678,0.0,0.0,0.0,0.0,0.0,0.0,0.0,0.0,0.0,0.0,0.0,0.0,0.0,0.0,0.0,0.0,0.0,0.0,0.0,0.0,0.0,0.0,0.0,0.0,0.0,56,57,756
C:\Users\damba\.cache\kagglehub\datasets\sunnykusawa\ecommerce-products-image-dataset\versions\1\ecommerce products\jeans\107.jpg,jeans,exito,4913085.0,659381040.0,397047240.0,95929747950.0,44669015550.0,54399627360.0,14847177021570.0,5931296518230.0,7997595382230.0,6130373981400.0,7434768540.630602,12581943823.861006,1112248444.241443,-23102608269.3883,287803381872.15155,-53442352563.46484,-44388368344.79297,0.0003080058016148889,0.0005212417403666899,4.607796083917387e-05,-4.317927237833301e-07,5.379107186667482e-06,-9.988490784109423e-07,-8.296281635564167e-07,3.0813157547507104,7.267105646708544,9.75849532342345,9.918012728129352,9.999999999997073,9.999988128283567,-9.999999999997996,0.3183098861837906,0.03736848744724299,0.006953185462046693,0.0035879661425038865,0.08402409837419766,0.008808269609913832,0.00203701459526105,0.013258208027836992,0.011459366237747624,0.12491884387080447,0.036831447983505065,0.15878022271929165,0.015324936910097408,0.02330992475530314,0.038516350039531654,0.15455352290207727,0.09502121842774476,0.03393686248402878,0.15675086726389592,0.0817667473419347,0.019425305283045532,0.02077087992273531,0.06713159938451074,0.15868695526257334,0.07572816595054997,56,57,756
C:\Users\damba\.cache\kagglehub\datasets\sunnykusawa\ecommerce-products-image-dataset\versions\1\ecommerce products\jeans\108.jpg,jeans,exito,8352270.0,1207100385.0,867677280.0,193476569475.0,125799749760.0,126474407850.0,33338035893555.0,20856751212120.0,20417685049680.0,18155376042030.0,19022039213.508423,35660917774.42023,1074537067.1166842,-122168723629.78754,378734939889.4992,7739997541.3984375,-248917541332.32812,0.00027267669558004855,0.0005111913139772805,1.540324953864992e-05,-6.05966651084096e-07,1.878555626633548e-06,3.8391007536210146e-08,-1.2346509354908306e-06,3.105757003782382,7.237034524860251,9.948048969614115,9.970362386451214,9.999999999999906,-9.999999352969015,-9.999999999999725,0.3183098861837906,0.021699910753206448,0.015103988408735933,0.007686700259577654,0.053440874567577956,0.08426751954027618,0.042053264663557355,0.02744752318194242,0.06178406145527906,0.09466858600736838,0.11752542119677607,0.08301686968493692,0.08156828827981273,0.12629356073332682,0.08512923724471966,0.05969970322642205,0.11734504335024815,0.09774711236384902,0.07647524962390062,0.0587917977180955,0.10064585453265519,0.24266621618836787,0.08252967224987501,0.15937328792930613,0.058554553363628116,56,57,756
C:\Users\damba\.cache\kagglehub\datasets\sunnykusawa\ecommerce-products-image-dataset\versions\1\ecommerce products\jeans\109.jpg,jeans,exito,4458165.0,497204610.0,425287980.0,59940485640.0,58475661600.0,47167515495.0,7681595338950.0,9370600759800.0,5677893053085.0,6463481389965.0,4488876243.476521,17905187888.847446,-263466586.99736845,-4631103947.205636,376156099594.6543,18619685055.216797,-7851585632.978516,0.00022585273611649357,0.0009008792971855632,-1.325602362843156e-05,-1.1035555113073556e-07,8.963502904529539e-06,4.4369239593272534e-07,-1.8709708735869052e-07,2.948179319851036,6.340593709237205,9.800087843419995,9.72449561395421,9.999999999972333,9.999740259534775,-9.999999999999009,0.0,0.0,0.0,0.0,0.0,0.0,0.0,0.0,0.0,0.0,0.0,0.0,0.0,0.0,0.0,0.0,0.0,0.0,0.0,0.0,0.0,0.0,0.0,0.0,0.0,56,57,756
C:\Users\damba\.cache\kagglehub\datasets\sunnykusawa\ecommerce-products-image-dataset\versions\1\ecommerce products\jeans\11.jpg,jeans,exito,4445160.0,484541565.0,457949145.0,57452636025.0,66935499015.0,50389619250.0,7259252852985.0,11152452375525.0,6095384306340.0,7455162802290.0,4635520732.715985,19756675439.19373,471192149.8029512,-13915067577.854195,185882039494.3226,73776555661.18945,61819136134.0,0.00023459769055638087,0.0009998597133641157,2.3846423417310892e-05,-3.34015657585697e-07,4.461890774708046e-06,1.7709238288428083e-06,1.4838993265142227e-06,2.9085238560200173,6.230622252044663,9.907886483259789,9.853344274972077,9.99999999999805,9.99987233333012,-9.999999999994992,0.0,0.0,0.0,0.0,0.0,0.0,0.0,0.0,0.0,0.0,0.0,0.0,0.0,0.0,0.0,0.0,0.0,0.0,0.0,0.0,0.0,0.0,0.0,0.0,0.0,56,57,756
C:\Users\damba\.cache\kagglehub\datasets\sunnykusawa\ecommerce-products-image-dataset\versions\1\ecommerce products\jeans\110.jpg,jeans,exito,4458165.0,497204610.0,425287980.0,59940485640.0,58475661600.0,47167515495.0,7681595338950.0,9370600759800.0,5677893053085.0,6463481389965.0,4488876243.476521,17905187888.847446,-263466586.99736845,-4631103947.205636,376156099594.6543,18619685055.216797,-7851585632.978516,0.00022585273611649357,0.0009008792971855632,-1.325602362843156e-05,-1.1035555113073556e-07,8.963502904529539e-06,4.4369239593272534e-07,-1.8709708735869052e-07,2.948179319851036,6.340593709237205,9.800087843419995,9.72449561395421,9.999999999972333,9.999740259534775,-9.999999999999009,0.0,0.0,0.0,0.0,0.0,0.0,0.0,0.0,0.0,0.0,0.0,0.0,0.0,0.0,0.0,0.0,0.0,0.0,0.0,0.0,0.0,0.0,0.0,0.0,0.0,56,57,756
C:\Users\damba\.cache\kagglehub\datasets\sunnykusawa\ecommerce-products-image-dataset\versions\1\ecommerce products\jeans\111.jpg,jeans,exito,5344035.0,787570815.0,613366035.0,123843547605.0,84871905255.0,91911471465.0,20572066800075.0,12961644917595.0,14700065290575.0,12699334028325.0,7776233554.89286,14472311522.619644,1517380094.2906785,28744588174.103172,-101741209363.94914,38575552977.25,-156879379021.53906,0.00027228938326612635,0.0005067564845001175,5.3131954838822745e-05,4.35394417445154e-07,-1.5410745950812065e-06,5.84304089327189e-07,-2.376252720147785e-06,3.1084369159368874,7.178048860024369,9.774518188542903,9.980126574871987,-9.999999999999792,-9.999998810325321,9.999999999999702,0.3183098861837905,0.013866906088689832,0.017938189481752156,0.03647941092381553,0.03821510760005054,0.04583806572665732,0.007909633172428855,0.06471146378427658,0.045717745166819805,0.0693770338251552,0.06149383188002733,0.09608319048432688,0.035289748534995995,0.09773341955982694,0.07650657128241867,0.1129655074735578,0.07652438747553705,0.030484467981594456,0.07933408831571445,0.1184463795285108,0.09828831231835407,0.11763658838429837,0.12453980741300816,0.16765758516851775,0.07606871237060787,56,57,756
C:\Users\damba\.cache\kagglehub\datasets\sunnykusawa\ecommerce-products-image-dataset\versions\1\ecommerce products\jeans\112.jpg,jeans,exito,7894800.0,1003930920.0,862481145.0,168629289150.0,125590313415.0,109580541825.0,30463389236070.0,20510977321155.0,18582145644195.0,15981396276045.0,40965853454.09303,31367061973.48015,-95636087.3604551,-1398840496008.2144,-62853094742.08059,184268771279.89844,31780041871.953125,0.0006572638435998856,0.0005032590310422428,-1.5344033399872156e-06,-7.987582657928166e-06,-3.5890031135902347e-07,1.0522014812076224e-06,1.8146866068649554e-07,2.935346257481622,7.622932460337341,9.73246783041173,9.792053197714925,9.999999999980862,9.99995942342127,-9.999999999997593,0.31830988618379064,0.23900250234278786,0.07647895032543463,0.05226932064781399,0.16843441021352834,0.10371502587036198,0.0307593498945081,0.07116470353238266,0.019988665585149952,0.11902867325854688,0.0476343180823629,0.0699256806637259,0.08904780641281787,0.14405446676186778,0.08314656758582085,0.1738347883712562,0.12798705257076465,0.09177396371570953,0.15951489495925822,0.24689245320652756,0.07893023369597224,0.0930514908909057,0.0403370202704362,0.07380756998734277,0.21836362555653446,56,57,756
C:\Users\damba\.cache\kagglehub\datasets\sunnykusawa\ecommerce-products-image-dataset\versions\1\ecommerce products\jeans\113.jpg,jeans,exito,4753965.0,659886450.0,537826110.0,100465798620.0,75165374880.0,77719223595.0,16519920149940.0,11618667950640.0,12211794739425.0,10947691851795.0,8868547295.347324,14319970128.864454,3064874552.6302166,112460780648.39154,-125046788077.86055,-4969169501.324219,-179304562575.01953,0.00039241041581549715,0.0006336218599951804,0.00013561281882670023,2.2822391119083006e-06,-2.5376550733900996e-06,-1.0084255972827624e-07,-3.638743064853264e-06,2.9888389351169073,6.879932029172632,9.554091803446676,9.963364028512252,9.999999999998483,9.99998620318076,9.999999999999968,0.3183098861837906,0.048616712504390855,0.00239545293808081,0.002579576437535443,0.10596461242782314,0.009024802147232095,0.02224874473062948,0.011835095507955128,0.012209787367233415,0.1586881142225166,0.039542658624334544,0.15993744890691028,0.08422022941715059,0.03561310211175281,0.0632876816666588,0.17363046511536312,0.15018990178338365,0.047200909721082845,0.1882563908537985,0.06363413543208578,0.1476146652323397,0.07996410724508636,0.1323634657279274,0.20459556399421364,0.08760130074512522,56,57,756
C:\Users\damba\.cache\kagglehub\datasets\sunnykusawa\ecommerce-products-image-dataset\versions\1\ecommerce products\jeans\114.jpg,jeans,exito,5148195.0,705609735.0,553279875.0,105956801595.0,75939347565.0,79324434825.0,17208248434215.0,11564574428085.0,12387373556835.0,11017235243715.0,9246187850.421522,16477998474.684727,3492096310.31998,151289439326.92267,-138479283165.69522,42876068662.91016,-141579861683.32422,0.0003488612524384032,0.0006217194889994089,0.00013175777003040406,2.515771206499048e-06,-2.302752887675539e-06,7.12980228295619e-07,-2.354311979921791e-06,3.0129682855943565,6.841661463788472,9.674730138895585,9.989049741084894,9.999999999999975,9.999997623450103,-9.999999999999815,0.3183098861837906,0.0334032889308672,0.012064998986666055,0.006289449906334093,0.07542662111418978,0.08374750737316748,0.02511157139925569,0.04333337853743981,0.06954005077951253,0.12773903605390718,0.1278895513574693,0.09024779483364889,0.029163670468035162,0.17824669940567975,0.12293825185757323,0.0708790239692945,0.17520758106954953,0.14921212521045205,0.11103607453741497,0.0683738571030163,0.014635242891577869,0.35358636160305085,0.16676076820166225,0.19958137338799503,0.04838961510567744,56,57,756
C:\Users\damba\.cache\kagglehub\datasets\sunnykusawa\ecommerce-products-image-dataset\versions\1\ecommerce products\jeans\115.jpg,jeans,exito,4446945.0,493584120.0,446251020.0,58645858290.0,62297144640.0,49416664200.0,7367797275750.0,10035931828020.0,5892679158600.0,6893254906920.0,3860992833.7880626,17515845826.760704,-114512148.21262583,1366196414.0673878,268981152579.45566,32986420129.36914,1629534948.328125,0.00019524300321758448,0.0008857427325908049,-5.790659730387232e-06,3.276112039972588e-08,6.450114957246496e-06,7.910078450556521e-07,3.907592648322202e-08,2.966179996583746,6.321459767278831,9.933190435300682,9.816903851885264,9.999999999993275,9.9998428574616,9.99999999999994,0.0,0.0,0.0,0.0,0.0,0.0,0.0,0.0,0.0,0.0,0.0,0.0,0.0,0.0,0.0,0.0,0.0,0.0,0.0,0.0,0.0,0.0,0.0,0.0,0.0,56,57,756
C:\Users\damba\.cache\kagglehub\datasets\sunnykusawa\ecommerce-products-image-dataset\versions\1\ecommerce products\jeans\116.jpg,jeans,exito,4446945.0,493584120.0,446251020.0,58645858290.0,62297144640.0,49416664200.0,7367797275750.0,10035931828020.0,5892679158600.0,6893254906920.0,3860992833.7880626,17515845826.760704,-114512148.21262583,1366196414.0673878,268981152579.45566,32986420129.36914,1629534948.328125,0.00019524300321758448,0.0008857427325908049,-5.790659730387232e-06,3.276112039972588e-08,6.450114957246496e-06,7.910078450556521e-07,3.907592648322202e-08,2.966179996583746,6.321459767278831,9.933190435300682,9.816903851885264,9.999999999993275,9.9998428574616,9.99999999999994,0.0,0.0,0.0,0.0,0.0,0.0,0.0,0.0,0.0,0.0,0.0,0.0,0.0,0.0,0.0,0.0,0.0,0.0,0.0,0.0,0.0,0.0,0.0,0.0,0.0,56,57,756
C:\Users\damba\.cache\kagglehub\datasets\sunnykusawa\ecommerce-products-image-dataset\versions\1\ecommerce products\jeans\117.jpg,jeans,exito,4939350.0,634814340.0,510251175.0,86692349490.0,66837015975.0,66957605475.0,12457334863410.0,9920317519035.0,9308760378555.0,8825976027225.0,5104843791.955602,14126383687.577436,1379186676.605576,3306963032.323793,97228714857.9394,-1356975039.1914062,-48989186477.96875,0.00020923910558639527,0.0005790171077549505,5.6530581230394986e-05,6.098946688929195e-08,1.7931641290074423e-06,-2.5026340909593988e-08,-9.034949400483286e-07,3.1033325421933418,6.825014421028898,9.954006916576292,9.983651520272577,9.999999999999897,9.999997582201228,-9.999999999999963,0.3183098861837906,0.019450401366457554,0.015540204894927922,0.007882104904117454,0.023039763290971422,0.0863786638526705,0.05267595609212471,0.006497791386701189,0.035029864673800974,0.01144463362892314,0.0992398729526512,0.06476719097956808,0.1368040815779917,0.01849722815502125,0.032227217812087906,0.027615173305563578,0.024492206959367,0.029255295299757855,0.017787918936446417,0.03720796959112407,0.24148356711218302,0.03807698683032169,0.11974829574083473,0.06921634809440694,0.0847702253982227,56,57,756
C:\Users\damba\.cache\kagglehub\datasets\sunnykusawa\ecommerce-products-image-dataset\versions\1\ecommerce products\jeans\118.jpg,jeans,exito,5945325.0,854038860.0,578947920.0,129822877620.0,77624319990.0,82137129195.0,20701795641090.0,11872661546220.0,12327937821765.0,10834165552425.0,7141211875.890178,21247133869.421825,-1028050437.0926586,1240616173.4882076,175671639200.35593,-18686613380.148438,-116255228291.79297,0.0002020322581724931,0.0006011033575162568,-2.9084608457322644e-05,1.4394561450423843e-08,2.0382744152498714e-06,-2.1681613568244835e-07,-1.34888055092341e-06,3.095211060456692,6.788501951919079,9.907555716440811,9.978403221490204,9.99999999999985,9.999996108302698,-9.999999999999808,0.31830988618379064,0.004157942582883583,0.049124771055767784,0.05686367511931281,0.01729037356567071,0.07196899574357386,0.05557657603808521,0.10440560889813927,0.026329240242891298,0.04584183259497547,0.10420567146653861,0.02330410813191705,0.011820672658516742,0.15361087244485688,0.10516025760437774,0.02589726296454728,0.06453397607539907,0.08810379699822146,0.053156609694875914,0.010007567526065181,0.06854266161314249,0.17697671130464104,0.19044239271633326,0.008566027731471275,0.14569236589409937,56,57,756
C:\Users\damba\.cache\kagglehub\datasets\sunnykusawa\ecommerce-products-image-dataset\versions\1\ecommerce products\jeans\119.jpg,jeans,exito,4912575.0,608183415.0,455362680.0,81474540765.0,60015667290.0,55954574265.0,11691313885485.0,9280769269530.0,7415051101605.0,7235123537145.0,6180613185.052165,17806607817.771603,-419940075.4329109,74319273622.07355,416614643008.9596,-33112856436.42578,-117045826082.82422,0.00025610212171984375,0.000737841037163366,-1.7400788739483624e-05,1.3894037665179978e-06,7.788638477909944e-06,-6.190470548312134e-07,-2.1881795083420407e-06,3.0026384074108186,6.631929791047255,9.591240781626748,9.81803904309044,9.999999999980899,9.99989207349043,9.999999999992882,0.3183098861837905,0.028012761192476074,0.02072992042163914,0.03574517373203091,0.06443793351477405,0.048791418158096,0.023296108755902583,0.06365163626953388,0.05008381501701735,0.0974753298038228,0.08000273517271865,0.09437878740716486,0.008039117375076907,0.09258909963757969,0.0768273612104739,0.11558992360998067,0.07159934451026528,0.06320912980093528,0.07320127641436029,0.11225583435795489,0.028792697002029834,0.10107654430112599,0.10382538296187667,0.15720041933471282,0.05205461652749161,56,57,756
C:\Users\damba\.cache\kagglehub\datasets\sunnykusawa\ecommerce-products-image-dataset\versions\1\ecommerce products\jeans\12.jpg,jeans,exito,7865220.0,922857750.0,1057345260.0,145523127660.0,172028660490.0,116798896695.0,25521935325930.0,30411593406060.0,17840268859575.0,18840454025415.0,37240533309.80222,29886546366.750084,-7263655607.003638,-292037547484.686,-750215803416.3606,-18296763658.351562,608592881970.8438,0.0006019967435330533,0.0004831188489853747,-0.00011741767995601824,-1.6832999300884472e-06,-4.324232347240313e-06,-1.0546226419245997e-07,3.5079200071955415e-06,2.96452395587649,7.158768207878324,9.576631002752661,9.910266405979902,9.999999999993886,9.999991925472871,9.9999999999995,0.0,0.0,0.0,0.0,0.0,0.0,0.0,0.0,0.0,0.0,0.0,0.0,0.0,0.0,0.0,0.0,0.0,0.0,0.0,0.0,0.0,0.0,0.0,0.0,0.0,56,57,756
C:\Users\damba\.cache\kagglehub\datasets\sunnykusawa\ecommerce-products-image-dataset\versions\1\ecommerce products\jeans\120.jpg,jeans,exito,4397985.0,514602750.0,497851290.0,66465541920.0,75319316340.0,58467057900.0,9106732436610.0,12687611050260.0,7339188028620.0,8794745728680.0,6252514747.88311,18962619590.31484,214098209.358149,-133515817903.07596,-131656876170.4228,-234804797647.625,-66745489710.97656,0.0003232564782676507,0.0009803718783021945,1.1068927615717679e-05,-3.2915341177166684e-06,-3.2457060635432147e-06,-5.788587559129283e-06,-1.6454608902360238e-06,2.8848461680010242,6.364123621820706,9.519875834148017,9.686148842563961,9.999999999996932,9.999828092209889,-9.999999999932701,0.3183098861837905,0.030878428293537923,0.03666478548148295,0.050011089501139264,0.06470562208517461,0.09849440899913779,0.10784842497710892,0.061406273560451315,0.06221513195012406,0.09070080174150826,0.17472455009090893,0.10048050681005806,0.2473061549386628,0.03341533306135126,0.02283102991195973,0.10900753188387503,0.08448461537099944,0.2382418851745167,0.13928810548848108,0.08128936803321041,0.4177205868216884,0.03324258555756104,0.07372216187522249,0.2374045488001199,0.1787250335979713,56,57,756
C:\Users\damba\.cache\kagglehub\datasets\sunnykusawa\ecommerce-products-image-dataset\versions\1\ecommerce products\jeans\121.jpg,jeans,exito,4803180.0,528872805.0,484389330.0,63967467825.0,68082624930.0,53758666245.0,8311657393125.0,11034874062150.0,6637576797405.0,7592212788675.0,5733871776.430506,19233107939.62094,423096129.1245487,5570209805.352169,289675753557.49884,93435841884.32812,10374231819.644531,0.0002485365425156101,0.0008336653374063906,1.8339239729182653e-05,1.1016646090014063e-07,5.729147319971251e-06,1.8479548134310828e-06,2.0517941766389285e-07,2.9656916758475202,6.463667578811294,9.998743536188684,9.802686575261825,9.999999999999533,9.99985362058782,-9.999999999999094,0.0,0.0,0.0,0.0,0.0,0.0,0.0,0.0,0.0,0.0,0.0,0.0,0.0,0.0,0.0,0.0,0.0,0.0,0.0,0.0,0.0,0.0,0.0,0.0,0.0,56,57,756
C:\Users\damba\.cache\kagglehub\datasets\sunnykusawa\ecommerce-products-image-dataset\versions\1\ecommerce products\jeans\122.jpg,jeans,exito,4803180.0,528872805.0,484389330.0,63967467825.0,68082624930.0,53758666245.0,8311657393125.0,11034874062150.0,6637576797405.0,7592212788675.0,5733871776.430506,19233107939.62094,423096129.1245487,5570209805.352169,289675753557.49884,93435841884.32812,10374231819.644531,0.0002485365425156101,0.0008336653374063906,1.8339239729182653e-05,1.1016646090014063e-07,5.729147319971251e-06,1.8479548134310828e-06,2.0517941766389285e-07,2.9656916758475202,6.463667578811294,9.998743536188684,9.802686575261825,9.999999999999533,9.99985362058782,-9.999999999999094,0.0,0.0,0.0,0.0,0.0,0.0,0.0,0.0,0.0,0.0,0.0,0.0,0.0,0.0,0.0,0.0,0.0,0.0,0.0,0.0,0.0,0.0,0.0,0.0,0.0,56,57,756
C:\Users\damba\.cache\kagglehub\datasets\sunnykusawa\ecommerce-products-image-dataset\versions\1\ecommerce products\jeans\123.jpg,jeans,exito,5712255.0,807873915.0,625356390.0,122812312815.0,83896667190.0,91784195355.0,19829218983105.0,12542351047410.0,14413557004545.0,12511588948755.0,8556163091.742326,15434980078.02196,3341169779.361853,39929829755.319305,-21871622900.990707,23451448997.390625,-85322905046.16797,0.00026221883360461203,0.0004730324129369962,0.00010239608958188252,5.120100579217564e-07,-2.8045426131292843e-07,3.0071196980005935e-07,-1.094073924743475e-06,3.1335641714518965,7.063073261572009,9.93631126293623,9.9985293281635,-9.999999999999996,-9.999999669214075,-9.999999999999998,0.3183098861837907,0.016047766317321983,0.10731688071641757,0.0006067926609103513,0.042855227077981846,2.0394521707776967e-05,0.15478589854596914,0.0037107478745353555,0.09333141605821277,0.08713244868346119,0.01405451460869043,0.014116085104405525,0.14337982801475482,0.012558786592620642,0.22026154054276523,0.0012454230425506653,0.14247258873017782,0.06266434204013403,0.06298920550864341,8.371824791276172e-05,0.07387939179051929,0.031179889545536268,0.3374979728417502,0.008736950473525858,0.19897234595797575,56,57,756
C:\Users\damba\.cache\kagglehub\datasets\sunnykusawa\ecommerce-products-image-dataset\versions\1\ecommerce products\jeans\124.jpg,jeans,exito,4273545.0,582303465.0,472097820.0,84057695865.0,63058769970.0,67035769605.0,12770319602835.0,9301743519330.0,10033804632555.0,9108362660025.0,4714357874.875596,10906200698.177105,2708800682.256405,32075027503.312008,-73960956205.47139,9774695199.9375,-82362615123.4961,0.0002581344597304417,0.0005971685433427141,0.0001483202631599453,8.495644556180255e-07,-1.95898817200396e-06,2.5890028014814795e-07,-2.1815211311492937e-06,3.06787995233063,6.692419011898872,9.790063974821472,9.980200981040236,9.999999999999755,9.999992522043616,9.999999999999758,0.3183098861837906,0.011220224528257564,0.016729728151076612,0.008562442674424343,0.012902899333390701,0.08588150405918472,0.05622213922137576,0.00495517144797984,0.04166170008644151,0.02658560866015821,0.10190295346397442,0.06821305079296457,0.13890089641597514,0.034466693056412215,0.009586188164439204,0.03477650625901461,0.03845914427818776,0.03379035638884449,0.02376403422403387,0.040935088482267776,0.23547493164416067,0.0676739042538713,0.07856490997865546,0.08649008138632706,0.0795495734731478,56,57,756
C:\Users\damba\.cache\kagglehub\datasets\sunnykusawa\ecommerce-products-image-dataset\versions\1\ecommerce products\jeans\125.jpg,jeans,exito,5727300.0,798328500.0,534512895.0,118691994510.0,69524774625.0,73216840830.0,18643930028970.0,10370977359495.0,10631248064400.0,9367861145370.0,7412963568.32592,19640180676.493546,-1288925883.1121945,32863363824.279232,216498246743.3484,-86617084118.83594,-82615349447.60156,0.00022599144602429764,0.0005987501206972208,-3.929416642316661e-05,4.1863658974341076e-07,2.757906591263278e-06,-1.103389199684975e-06,-1.052412295288297e-06,3.0836820639185927,6.837958149520719,9.825044034721055,9.986576664942298,9.999999999999856,9.999995502957304,-9.99999999999991,0.3183098861837906,0.021916071812916063,0.002608662733969771,0.046458635227271415,0.01393034860492811,0.07009667109917456,0.0012114630806350063,0.07263517118788371,0.08440005722768364,0.039908309475240156,0.06358256584791319,0.06100784849143443,0.037542494672352336,0.09905453154202974,0.09394982698179084,0.08406680299791022,0.0657244111913566,0.035401959203109144,0.05535797880188929,0.14692818930715124,0.12426153081584979,0.1020513910668993,0.14188746926712809,0.12339853286030995,0.06312326899598598,56,57,756
C:\Users\damba\.cache\kagglehub\datasets\sunnykusawa\ecommerce-products-image-dataset\versions\1\ecommerce products\jeans\126.jpg,jeans,exito,4885800.0,608742375.0,381550890.0,82713453165.0,44310869070.0,47855650335.0,12037347003075.0,6170812177710.0,6460645884825.0,5547510192405.0,6867679879.020096,14514094404.685804,316619887.1790198,20383671644.69642,443483427938.0586,-77663410329.57812,-22819513165.335938,0.000287699212401026,0.0006080209914411512,1.3263765023494794e-05,3.863164502752103e-07,8.405009000500137e-06,-1.4718964040316086e-06,-4.3248112885171533e-07,3.047827581254245,6.985438503500775,9.573154850891177,9.829532391406817,9.999999999981398,9.999933212469914,9.999999999997934,0.3183098861837906,0.03244870325404536,0.012361226207018261,0.00841573332843527,0.07247475753089254,0.08392297899001572,0.027763405846689754,0.028761868631415055,0.06603253918400889,0.11595211882472786,0.12226767736338398,0.08532192389416092,0.04233248300812205,0.1333792649980341,0.10444825022602813,0.06514530015822581,0.1373718684056259,0.11991946997442303,0.08960365556172775,0.06197463800287391,0.031674593586020844,0.2653025579185011,0.1250606085436978,0.1735213051216238,0.059324188856828546,56,57,756
C:\Users\damba\.cache\kagglehub\datasets\sunnykusawa\ecommerce-products-image-dataset\versions\1\ecommerce products\jeans\127.jpg,jeans,exito,10141350.0,1244755980.0,1288861290.0,194451350580.0,202263986010.0,149134691640.0,33373630381950.0,34710939828810.0,22607519118600.0,22901832342630.0,41669181564.45863,38462970872.91626,-9060992180.991707,-722462083221.0789,-771228762392.2682,119056522719.19531,378935294166.22656,0.0004051570754568974,0.0003739825023476446,-8.810168462535076e-05,-2.205848241944854e-06,-2.3547444899467563e-06,3.63507826128836e-07,1.1569794067540613e-06,3.108384678576472,7.493231476199257,9.841348750104677,9.978541318065957,-9.99999999999974,-9.999996415653566,9.999999999999797,0.3183098861837906,0.034033739579004796,0.003744498226352966,0.06475247587689274,0.07470318775288906,0.05742760686181288,0.015330171402618518,0.09200282285326034,0.01639486290023245,0.10847931852654193,0.10389438889682692,0.04222917448769898,0.06737036235479817,0.10157951332879324,0.02622002954463215,0.09045067203378604,0.09139926108173824,0.1202150030667798,0.050831643111793216,0.14837306008333037,0.13059776417621785,0.11757085966705663,0.07209732919934277,0.1870953342132687,0.11830590838298137,56,57,756
C:\Users\damba\.cache\kagglehub\datasets\sunnykusawa\ecommerce-products-image-dataset\versions\1\ecommerce products\jeans\128.jpg,jeans,exito,4657065.0,522135195.0,441329775.0,62983541655.0,59809943235.0,49316861025.0,8057947152525.0,9475855255185.0,5927592584325.0,6676871298315.0,4443417809.254225,17987041836.46881,-163618231.55560854,70903765.98377445,398820031525.0206,-4394749505.771484,2183017324.9375,0.00020487669152109605,0.0008293448376680505,-7.544094071872092e-06,1.5149160054836484e-09,8.521110842025044e-06,-9.389735896268346e-08,4.664192148203676e-08,2.9853863838533816,6.408614669171503,9.750780853754556,9.766952472768844,9.999999999977115,9.999807499345597,9.999999999999968,0.0,0.0,0.0,0.0,0.0,0.0,0.0,0.0,0.0,0.0,0.0,0.0,0.0,0.0,0.0,0.0,0.0,0.0,0.0,0.0,0.0,0.0,0.0,0.0,0.0,56,57,756
C:\Users\damba\.cache\kagglehub\datasets\sunnykusawa\ecommerce-products-image-dataset\versions\1\ecommerce products\jeans\129.jpg,jeans,exito,4657065.0,522135195.0,441329775.0,62983541655.0,59809943235.0,49316861025.0,8057947152525.0,9475855255185.0,5927592584325.0,6676871298315.0,4443417809.254225,17987041836.46881,-163618231.55560854,70903765.98377445,398820031525.0206,-4394749505.771484,2183017324.9375,0.00020487669152109605,0.0008293448376680505,-7.544094071872092e-06,1.5149160054836484e-09,8.521110842025044e-06,-9.389735896268346e-08,4.664192148203676e-08,2.9853863838533816,6.408614669171503,9.750780853754556,9.766952472768844,9.999999999977115,9.999807499345597,9.999999999999968,0.0,0.0,0.0,0.0,0.0,0.0,0.0,0.0,0.0,0.0,0.0,0.0,0.0,0.0,0.0,0.0,0.0,0.0,0.0,0.0,0.0,0.0,0.0,0.0,0.0,56,57,756
C:\Users\damba\.cache\kagglehub\datasets\sunnykusawa\ecommerce-products-image-dataset\versions\1\ecommerce products\jeans\13.jpg,jeans,exito,4215915.0,472998225.0,394200165.0,56518135995.0,52825596255.0,44403511080.0,7113919121985.0,8276190309615.0,5314975844640.0,5970632885550.0,3450813515.0281234,15966748273.950281,176818098.83051893,-1365541195.409266,350971616127.65204,-9307929703.378906,10878784566.083984,0.0001941501801746556,0.000898323552023516,9.948166018413642e-06,-3.741753649742049e-08,9.617061206329362e-06,-2.550489143516624e-07,2.9809230209786765e-07,2.9615889567996847,6.304206722515184,9.680564342675064,9.726500500540627,9.99999999996281,9.999731827196294,-9.999999999999778,0.0,0.0,0.0,0.0,0.0,0.0,0.0,0.0,0.0,0.0,0.0,0.0,0.0,0.0,0.0,0.0,0.0,0.0,0.0,0.0,0.0,0.0,0.0,0.0,0.0,56,57,756
C:\Users\damba\.cache\kagglehub\datasets\sunnykusawa\ecommerce-products-image-dataset\versions\1\ecommerce products\jeans\130.jpg,jeans,exito,3245640.0,392345550.0,303973005.0,49296779010.0,36802309155.0,37373204175.0,6413019010290.0,5126406664485.0,4776479533185.0,4548819563715.0,1868527384.803584,8333474728.28292,627768503.7987127,2083514403.656086,118700567912.42981,7776161806.230469,-17574609322.246094,0.00017737759944090178,0.0007910891509142255,5.959349117065651e-05,1.0978566566028214e-07,6.254634400248039e-06,4.097457155472544e-07,-9.260508013654555e-07,3.0139152401531666,6.407881665059944,9.874210433346938,9.838391701429998,9.999999999992474,9.999889044457072,9.999999999998817,0.3183098861837906,0.039076689307195364,0.010127227241298447,0.010717711053898833,0.08351049817420708,0.08396999307215999,0.01754830067254144,0.014759460907695478,0.06547728614687685,0.12267005716946769,0.12146217821944844,0.08175621368167083,0.020377444176351726,0.09222010735971813,0.10027904086869636,0.06327436541290955,0.11815568809845553,0.11283516439107835,0.07777651960577955,0.057698046115157095,0.01250623251747474,0.1910195644301859,0.11966013205674006,0.15807650199873283,0.06943567260665899,56,57,756
C:\Users\damba\.cache\kagglehub\datasets\sunnykusawa\ecommerce-products-image-dataset\versions\1\ecommerce products\jeans\131.jpg,jeans,exito,3771450.0,462567705.0,384657555.0,59925205785.0,50341590765.0,48294052200.0,8125654328205.0,7468182987285.0,6387679389480.0,6344118846690.0,3191354956.017244,11109615100.844831,1115868099.1206915,-7000323801.712467,67563071380.087944,2068488761.2070312,-57887886963.04297,0.00022436670089463615,0.0007810562355923397,7.845057898095043e-05,-2.5342370901557446e-07,2.4458988793400346e-06,7.488283524740418e-08,-2.0956406356031633e-06,2.9976511683375424,6.475446532868272,9.84974396611536,9.951276875063085,9.999999999999414,-9.99999395184359,-9.99999999999902,0.31830988618379064,0.2538733412986146,0.16652342694588693,0.035129965661720254,0.21923202515097154,0.04951980999188604,0.18100490948615838,0.05562436161641335,0.007291740659048532,0.06177035411240049,0.1398502957066821,0.024231525121257792,0.2041877224284462,0.09980945920495085,0.0341041364644403,0.003743789075943942,0.20783873563928348,0.09424460351722702,0.12655666436027493,0.037372658893488966,0.036820600089682166,0.13042135319777742,0.08430835512159862,0.04782493418266981,0.08164898860014329,56,57,756
C:\Users\damba\.cache\kagglehub\datasets\sunnykusawa\ecommerce-products-image-dataset\versions\1\ecommerce products\jeans\132.jpg,jeans,exito,3701070.0,469042410.0,351548100.0,62608406820.0,44122512300.0,45179246325.0,8736040866450.0,6420388325670.0,6093572744265.0,5660758508115.0,3165926029.6858244,10730529275.196365,627003850.5477498,-866344384.8052747,190898009715.1689,-12242399971.24414,-50069314420.68164,0.00023112459609345553,0.0007833692958533449,4.5773656853653965e-05,-3.287549623274618e-08,7.244078578105384e-06,-4.645669565052604e-07,-1.89999910714869e-06,2.9937505206090265,6.503824633270165,9.684601739855472,9.824784634168118,9.99999999998478,9.999909156409547,-9.999999999996072,0.3183098861837905,0.031882599664676534,0.13704933058721222,0.04183334195613976,0.05008816666851879,0.07000774168748855,0.12786920166403595,0.05294900829603419,0.030680856540482384,0.09408340504072461,0.08376081636488543,0.10009034450038598,0.003932191407440856,0.08833104946762015,0.10959959052481523,0.06339213100036999,0.12054159922550926,0.15500849075138287,0.09801017513075717,0.1703606514151691,0.18770138591522123,0.16562599366636344,0.24827652101740802,0.15444030576811593,0.12923320365648658,56,57,756
C:\Users\damba\.cache\kagglehub\datasets\sunnykusawa\ecommerce-products-image-dataset\versions\1\ecommerce products\jeans\133.jpg,jeans,exito,7646940.0,996364815.0,1098144240.0,161438040015.0,179411085930.0,136153198815.0,28303639176435.0,31305504588810.0,21427616302005.0,21618343861575.0,31615804641.113937,21711303815.170067,-6930476816.156471,-969891616031.9666,-694685952924.6842,50217334865.36719,232329710900.08594,0.0005406657690377333,0.0003712876805537854,-0.00011851893760542283,-5.997965987450124e-06,-4.296049835597614e-06,3.1055208801076837e-07,1.4367643567783013e-06,3.0400272819235985,7.070704272270813,9.631547397130003,9.864267219738338,-9.999999999990308,-9.999966192972284,-9.999999999994479,0.3183098861837905,0.005931349568845835,0.017197825216059923,0.036982744677848775,0.012321090706256907,0.045646687897771765,0.001150904775881832,0.06685247070735571,0.046224214975073744,0.032771334290270106,0.05774405383718902,0.0927293833002037,0.06220275498001157,0.09651925959214554,0.09097193070987399,0.09870837989930457,0.03822950486691883,0.015796431162344828,0.05426483378797797,0.10687734941667598,0.15577888111724295,0.10418176283519809,0.15727677981935095,0.12837439355083838,0.09397250355448276,56,57,756
C:\Users\damba\.cache\kagglehub\datasets\sunnykusawa\ecommerce-products-image-dataset\versions\1\ecommerce products\jeans\134.jpg,jeans,exito,4615755.0,519245790.0,453394080.0,62388288780.0,62484936330.0,51257153475.0,7913825235330.0,9982413905490.0,6190461053535.0,7087931853195.0,3976135094.9096727,17949168773.21971,252936992.3393728,918438646.5894488,318470748499.15356,5307437063.2890625,9046514252.636719,0.00018662749815124695,0.000842478533068198,1.1872081039356797e-05,2.006519006570898e-08,6.957651578288377e-06,1.159519297583386e-07,1.9763979726393445e-07,2.9875398343472392,6.365719904752813,9.84158454437162,9.823667739498315,9.999999999989788,9.999857322434748,9.99999999999994,0.0,0.0,0.0,0.0,0.0,0.0,0.0,0.0,0.0,0.0,0.0,0.0,0.0,0.0,0.0,0.0,0.0,0.0,0.0,0.0,0.0,0.0,0.0,0.0,0.0,56,57,756
C:\Users\damba\.cache\kagglehub\datasets\sunnykusawa\ecommerce-products-image-dataset\versions\1\ecommerce products\jeans\135.jpg,jeans,exito,4615755.0,519245790.0,453394080.0,62388288780.0,62484936330.0,51257153475.0,7913825235330.0,9982413905490.0,6190461053535.0,7087931853195.0,3976135094.9096727,17949168773.21971,252936992.3393728,918438646.5894488,318470748499.15356,5307437063.2890625,9046514252.636719,0.00018662749815124695,0.000842478533068198,1.1872081039356797e-05,2.006519006570898e-08,6.957651578288377e-06,1.159519297583386e-07,1.9763979726393445e-07,2.9875398343472392,6.365719904752813,9.84158454437162,9.823667739498315,9.999999999989788,9.999857322434748,9.99999999999994,0.0,0.0,0.0,0.0,0.0,0.0,0.0,0.0,0.0,0.0,0.0,0.0,0.0,0.0,0.0,0.0,0.0,0.0,0.0,0.0,0.0,0.0,0.0,0.0,0.0,56,57,756
C:\Users\damba\.cache\kagglehub\datasets\sunnykusawa\ecommerce-products-image-dataset\versions\1\ecommerce products\jeans\136.jpg,jeans,exito,3360135.0,418851525.0,321410670.0,54231690225.0,39112609920.0,40448229540.0,7266534795165.0,5434442326680.0,5297406241620.0,4919827905330.0,2020514187.4819834,8368363397.21181,383366288.7402348,2654905966.8669324,92224608511.38647,14347376486.732422,-29024549455.58203,0.00017895690144199136,0.0007411857798295987,3.395474457705581e-05,1.2827952042604517e-07,4.456100780579316e-06,6.932353153215084e-07,-1.4024057089818233e-06,3.0361447766685177,6.493748027436613,9.905026793071226,9.892318466991066,9.99999999999698,9.999943093541633,9.999999999998925,0.31830988618379064,0.006095347827920913,0.049218381619638187,0.0567367571234625,0.02422606051361427,0.07394304391194366,0.05702143819208583,0.10632690207749829,0.023008190324254527,0.05351024220731085,0.11107327577471751,0.022033983117199576,0.01853332561125939,0.15904762889774263,0.09226487744263306,0.02724198051416106,0.059676829270488126,0.09809335950309901,0.05908558820909058,0.008029928534561581,0.0534235993413959,0.18414607941372232,0.16971414381885705,0.004869374706667272,0.1450235019912429,56,57,756
C:\Users\damba\.cache\kagglehub\datasets\sunnykusawa\ecommerce-products-image-dataset\versions\1\ecommerce products\jeans\137.jpg,jeans,exito,3922155.0,465807225.0,367620750.0,58535342565.0,46762445190.0,44795200515.0,7708672452495.0,6809632339230.0,5774576684055.0,5723620104945.0,3214639823.2163053,12305618310.24576,1135426383.197776,-6726453331.207133,119828790559.88174,18407904200.427734,-42877502949.234375,0.0002089694575162882,0.0007999335925981683,7.380902632791006e-05,-2.2078738303898542e-07,3.9332295606212194e-06,6.042163374253898e-07,-1.4074001856947273e-06,2.9961505219589717,6.430474291285414,9.918983511258698,9.909250389375124,9.999999999997799,9.99996343731794,9.99999999999989,0.3183098861837905,0.1083300698641089,0.05816979113379682,0.10205554714214701,0.09303901131069371,0.023077475823872227,0.00433550051252526,0.10160204979607466,0.02854785321745787,0.12871769723406468,0.15947852502056906,0.020634987272553362,0.021445863813389095,0.13864776057560427,0.01370275733163765,0.0038488802442836804,0.13972807104195006,0.10392663242907507,0.042393630966221285,0.019147778755068155,0.018254155133089443,0.10964696278979114,0.16710205911086157,0.09239811982913311,0.10901369664857676,56,57,756
C:\Users\damba\.cache\kagglehub\datasets\sunnykusawa\ecommerce-products-image-dataset\versions\1\ecommerce products\jeans\138.jpg,jeans,exito,4269465.0,544578000.0,393351015.0,73340891190.0,49325328045.0,51130380735.0,10349792807370.0,7124701177335.0,7003291619265.0,6387894954495.0,3878980134.63358,13085419531.514069,957745745.2132248,5487296027.292287,169147270568.58325,1981498333.1015625,-80116615590.03711,0.00021279951809329586,0.0007178616217940065,5.254160267993511e-05,1.456883235511515e-07,4.4908789611173825e-06,5.260900247282958e-08,-2.1271051089372604e-06,3.031208373175993,6.574742667483658,9.792158050465025,9.904588992204841,9.999999999995984,9.999971549312225,-9.999999999998979,0.3183098861837906,0.020775265700101547,0.015289064949673019,0.008264831697755954,0.050851187240316224,0.08441557129890455,0.04359364682164041,0.022199307378460292,0.059850522540263996,0.0884990783936908,0.11537240157076868,0.08091219431378124,0.08818258776693584,0.1097107403437069,0.07595341088212225,0.0569352281304752,0.10358374003502381,0.08719361848878544,0.06780734000868607,0.056140472561883044,0.11943663657045414,0.21090113279966372,0.06493859306985177,0.1489447173552251,0.06232537412657453,56,57,756
C:\Users\damba\.cache\kagglehub\datasets\sunnykusawa\ecommerce-products-image-dataset\versions\1\ecommerce products\jeans\139.jpg,jeans,exito,9664755.0,1027530660.0,1125071475.0,153322211880.0,170296349865.0,116626500120.0,26006013647220.0,28793210524125.0,17111989767630.0,17566778727210.0,44077926097.27343,39327088475.6864,-2988061786.0103893,332717784671.8655,-187051925085.93073,-100841480745.57031,157009456243.625,0.0004718885655749191,0.00042102714469993056,-3.19895311530298e-05,1.1457738145669297e-06,-6.441471048479159e-07,-3.4726586128955994e-07,5.406904346299278e-07,3.0491894871995977,8.168757204025702,9.998331240693478,9.983689437855775,9.999999999999988,9.999998659725096,-9.999999999999984,0.3183098861837905,0.00883573973304998,0.017399936699793096,0.036850277140389034,0.0067078184692434635,0.045200270627162684,0.0010582557435381463,0.06587555614903275,0.045772396770950415,0.020470667491034947,0.05445233895129815,0.09263727417006493,0.06560524694492023,0.09378860658453941,0.09814062278542691,0.09507559228666763,0.033743009405954545,0.012446644252197592,0.05281585782393982,0.10560947649494826,0.16477783381285335,0.10081140942035462,0.17259943374279665,0.12149581869589651,0.10163334596442797,56,57,756
C:\Users\damba\.cache\kagglehub\datasets\sunnykusawa\ecommerce-products-image-dataset\versions\1\ecommerce products\jeans\14.jpg,jeans,exito,4215915.0,472998225.0,394200165.0,56518135995.0,52825596255.0,44403511080.0,7113919121985.0,8276190309615.0,5314975844640.0,5970632885550.0,3450813515.0281234,15966748273.950281,176818098.83051893,-1365541195.409266,350971616127.65204,-9307929703.378906,10878784566.083984,0.0001941501801746556,0.000898323552023516,9.948166018413642e-06,-3.741753649742049e-08,9.617061206329362e-06,-2.550489143516624e-07,2.9809230209786765e-07,2.9615889567996847,6.304206722515184,9.680564342675064,9.726500500540627,9.99999999996281,9.999731827196294,-9.999999999999778,0.0,0.0,0.0,0.0,0.0,0.0,0.0,0.0,0.0,0.0,0.0,0.0,0.0,0.0,0.0,0.0,0.0,0.0,0.0,0.0,0.0,0.0,0.0,0.0,0.0,56,57,756
C:\Users\damba\.cache\kagglehub\datasets\sunnykusawa\ecommerce-products-image-dataset\versions\1\ecommerce products\jeans\140.jpg,jeans,exito,4931700.0,551563980.0,493418880.0,66311134830.0,69033556140.0,55271813295.0,8449223898840.0,11133430896600.0,6665205807705.0,7741806933195.0,4623922705.693899,19666767580.182007,87580421.96587469,-1333082866.3520126,291252982638.61615,11155826650.449219,3531968058.3320312,0.00019011538587537455,0.0008086110744938401,3.6009221556984737e-06,-2.468115737133017e-08,5.392358480342812e-06,2.0654283399537041e-07,6.539207852603627e-08,3.0005534002404186,6.417154266749605,9.910703576347665,9.881572061103872,9.999999999996358,9.999915795541568,-9.999999999999911,0.0,0.0,0.0,0.0,0.0,0.0,0.0,0.0,0.0,0.0,0.0,0.0,0.0,0.0,0.0,0.0,0.0,0.0,0.0,0.0,0.0,0.0,0.0,0.0,0.0,56,57,756
C:\Users\damba\.cache\kagglehub\datasets\sunnykusawa\ecommerce-products-image-dataset\versions\1\ecommerce products\jeans\141.jpg,jeans,exito,4931700.0,551563980.0,493418880.0,66311134830.0,69033556140.0,55271813295.0,8449223898840.0,11133430896600.0,6665205807705.0,7741806933195.0,4623922705.693899,19666767580.182007,87580421.96587469,-1333082866.3520126,291252982638.61615,11155826650.449219,3531968058.3320312,0.00019011538587537455,0.0008086110744938401,3.6009221556984737e-06,-2.468115737133017e-08,5.392358480342812e-06,2.0654283399537041e-07,6.539207852603627e-08,3.0005534002404186,6.417154266749605,9.910703576347665,9.881572061103872,9.999999999996358,9.999915795541568,-9.999999999999911,0.0,0.0,0.0,0.0,0.0,0.0,0.0,0.0,0.0,0.0,0.0,0.0,0.0,0.0,0.0,0.0,0.0,0.0,0.0,0.0,0.0,0.0,0.0,0.0,0.0,56,57,756
C:\Users\damba\.cache\kagglehub\datasets\sunnykusawa\ecommerce-products-image-dataset\versions\1\ecommerce products\jeans\142.jpg,jeans,exito,4130235.0,538116810.0,405437505.0,73913847630.0,49846444515.0,53617481670.0,10628612184480.0,6949232162925.0,7473553576710.0,6587064023610.0,3804107819.8981376,10047360331.98741,794158821.5521456,7329707487.543569,83576453998.89104,10988761044.21875,-63204848408.53516,0.0002229991935139725,0.0005889825833163337,4.655408971370253e-05,2.1142178573297926e-07,2.4107214619007275e-06,3.1696537507260466e-07,-1.8231125785338953e-06,3.090453663961323,6.845536541398042,9.871593884887693,9.958458011540436,9.999999999999222,9.99999585808366,-9.999999999999774,0.3183098861837905,0.03594516186366637,0.023120703242717942,0.03456527320731939,0.08001395275746714,0.04940572967245151,0.03648853371434116,0.05857232861422454,0.050771964912770515,0.11883786712016413,0.08490246978258041,0.09658973271063628,0.046303121180152326,0.08470464413190185,0.08228110662128126,0.12266911877151405,0.09649834464849742,0.0784566067242486,0.09077829104887512,0.11802322098523604,0.04058210612830666,0.10052466864623212,0.11227089839864073,0.17601241083324157,0.03873286401615497,56,57,756
C:\Users\damba\.cache\kagglehub\datasets\sunnykusawa\ecommerce-products-image-dataset\versions\1\ecommerce products\jeans\143.jpg,jeans,exito,5287425.0,731270385.0,498430905.0,109060798785.0,63179725395.0,67004356410.0,17327752581285.0,9186792996255.0,9727604947410.0,8248341094830.0,7923406580.278758,16194024971.992767,-1930476669.476005,52569013317.901184,177883602543.08163,-19270290307.410156,-125686649657.96875,0.0002834154369629245,0.0005792504293606969,-6.905197698526085e-05,8.177475946841256e-07,2.767103259741373e-06,-2.997627795000551e-07,-1.955143324075115e-06,3.0641573352986295,6.9718720317886795,9.801048105893493,9.969070784106604,9.999999999999353,9.99999047430435,-9.99999999999985,0.0,0.0,0.0,0.0,0.0,0.0,0.0,0.0,0.0,0.0,0.0,0.0,0.0,0.0,0.0,0.0,0.0,0.0,0.0,0.0,0.0,0.0,0.0,0.0,0.0,56,57,756
C:\Users\damba\.cache\kagglehub\datasets\sunnykusawa\ecommerce-products-image-dataset\versions\1\ecommerce products\jeans\144.jpg,jeans,exito,5047215.0,652935915.0,409503225.0,92331233085.0,46726397625.0,52893041715.0,14011200372825.0,6319716588795.0,7436723958585.0,5909374097595.0,7863797262.098211,13501561495.49083,-82582051.93402055,32107055255.22425,337709388794.90564,-33157182053.941406,-122013104009.25195,0.00030869436240243573,0.000530005514940724,-3.2417689594473844e-06,5.610104651544741e-07,5.900837052443036e-06,-5.793594578956764e-07,-2.1319497440997435e-06,3.0763933687146747,7.308735784396953,9.68455253719577,9.883438828930787,9.999999999992392,9.999974684171045,-9.999999999999064,0.3183098861837906,0.033171328308515775,0.012137770947189139,0.010161163221616401,0.07180149453547832,0.08429024401877709,0.028191424493346,0.014082137816140379,0.06203930137827189,0.10693769736224729,0.1180005626167426,0.07971797866556554,0.0501672478147515,0.0866335968992186,0.08518812398376507,0.058938720262754596,0.10086833532025673,0.09684405482105368,0.06659795511556442,0.05493528408698678,0.06606049585784148,0.17407915077073222,0.0889935796741428,0.14680239522619143,0.06921563678104503,56,57,756
C:\Users\damba\.cache\kagglehub\datasets\sunnykusawa\ecommerce-products-image-dataset\versions\1\ecommerce products\jeans\145.jpg,jeans,exito,7285860.0,922428585.0,1048723710.0,151901944245.0,175799451060.0,123496471695.0,27328269723705.0,31247197176210.0,19402160603895.0,20241189141345.0,35117584618.9432,24846588952.27845,-9277521748.636076,-795469034108.5327,-1210119657405.1892,-113376066728.28125,654850009192.8672,0.0006615504874768253,0.0004680638834326175,-0.0001747713888066298,-5.551639069651248e-06,-8.445517400350516e-06,-7.912602183408631e-07,4.570248167951411e-06,2.9470697527336096,6.796648259470814,9.294217162898308,9.729830998987191,-9.999999999999142,-9.999901605738025,9.999999999929708,0.31830988618379047,0.02133070921167247,0.0457406189618713,0.04144606120004797,0.047427360482071815,0.05547172776468177,0.07444669283821383,0.02456128419121178,0.04177868591984138,0.07392632033846783,0.08901471632983358,0.07075271879167848,0.0867195892307641,0.09663070656405963,0.077831315240313,0.06953173219286334,0.08889760030866452,0.09415161034528723,0.07593652927918798,0.09062818352812936,0.05532914712684805,0.24725337886551832,0.10762508037656587,0.17434395693954646,0.09660757147164502,56,57,756
C:\Users\damba\.cache\kagglehub\datasets\sunnykusawa\ecommerce-products-image-dataset\versions\1\ecommerce products\jeans\146.jpg,jeans,exito,4088415.0,459074970.0,389710890.0,54753407220.0,53611742640.0,43990336620.0,6866723005560.0,8610053804910.0,5270235387270.0,6074842434540.0,3205355449.2035227,16464198228.634695,230954283.46535695,-1199084121.2498722,360980599689.72546,-768099348.9179688,10922812186.861328,0.0001917636336756609,0.0009849873213480548,1.3817073741784375e-05,-3.547825242864357e-08,1.068061915813363e-05,-2.2726364321114867e-08,3.231819028611557e-07,2.9293154036516817,6.20061294575581,9.664448355972016,9.67024943329446,9.999999999943181,9.999608414178303,-9.999999999999304,0.0,0.0,0.0,0.0,0.0,0.0,0.0,0.0,0.0,0.0,0.0,0.0,0.0,0.0,0.0,0.0,0.0,0.0,0.0,0.0,0.0,0.0,0.0,0.0,0.0,56,57,756
C:\Users\damba\.cache\kagglehub\datasets\sunnykusawa\ecommerce-products-image-dataset\versions\1\ecommerce products\jeans\147.jpg,jeans,exito,4088415.0,459074970.0,389710890.0,54753407220.0,53611742640.0,43990336620.0,6866723005560.0,8610053804910.0,5270235387270.0,6074842434540.0,3205355449.2035227,16464198228.634695,230954283.46535695,-1199084121.2498722,360980599689.72546,-768099348.9179688,10922812186.861328,0.0001917636336756609,0.0009849873213480548,1.3817073741784375e-05,-3.547825242864357e-08,1.068061915813363e-05,-2.2726364321114867e-08,3.231819028611557e-07,2.9293154036516817,6.20061294575581,9.664448355972016,9.67024943329446,9.999999999943181,9.999608414178303,-9.999999999999304,0.0,0.0,0.0,0.0,0.0,0.0,0.0,0.0,0.0,0.0,0.0,0.0,0.0,0.0,0.0,0.0,0.0,0.0,0.0,0.0,0.0,0.0,0.0,0.0,0.0,56,57,756
C:\Users\damba\.cache\kagglehub\datasets\sunnykusawa\ecommerce-products-image-dataset\versions\1\ecommerce products\jeans\148.jpg,jeans,exito,4939350.0,645533775.0,522840780.0,90110476845.0,68953616700.0,70012168365.0,13270392293715.0,10229319985680.0,10004565652725.0,9303803638575.0,5744344729.286271,13609799956.702114,1681035232.6355221,-7810984205.773957,49178957151.70554,26782738156.453125,-63768214549.66406,0.0002354511915192873,0.0005578431948569365,6.890285440078627e-05,-1.4405596855314012e-07,9.069948316737562e-07,4.939471370049587e-07,-1.1760607457208495e-06,3.1005655641743073,6.909999505389998,9.951625174672444,9.984198852940848,9.999999999999908,-9.999998094259617,-9.999999999999947,0.3183098861837905,0.035246637247634965,0.02288635979488323,0.03418609056571111,0.07870346990166964,0.04836303798501818,0.035586481689350455,0.056966147624637635,0.048801515141642576,0.1192275093680059,0.0792723476272184,0.09886213565648326,0.045493968432908254,0.09056758457166456,0.07989641690924691,0.12692009864564247,0.11378744780515467,0.06584574336965274,0.10463665521547036,0.1260723276130713,0.04553956079714229,0.1282460088024113,0.10928796747838647,0.19779644872825197,0.041425482901428404,56,57,756
C:\Users\damba\.cache\kagglehub\datasets\sunnykusawa\ecommerce-products-image-dataset\versions\1\ecommerce products\jeans\149.jpg,jeans,exito,4176135.0,507960000.0,492659235.0,67018796550.0,72070772145.0,63520999800.0,9504517888350.0,11454158434095.0,8865955444110.0,9484193926800.0,5233590468.300057,13951692701.738415,3596886951.49295,79588587909.9061,-339807033401.1575,84731074997.32812,-130712815099.4336,0.0003000894149985486,0.000799977630359778,0.00020624229343646605,2.2331324155517922e-06,-9.534458661078544e-06,2.3774226324416597e-06,-3.667598988651504e-06,2.958580805779379,6.376614484244241,9.257298743167238,9.814512074249699,9.99999999996416,9.999856503240704,-9.999999999997208,0.31830988618379047,0.029963715375898186,0.04365385491741792,0.04137603351291587,0.06217502540755537,0.055412541176350194,0.06336725220526417,0.02281381548451651,0.0442111280543595,0.0876369259060531,0.09285023441040702,0.07340773453165328,0.055593305527327205,0.10010264829282137,0.09358819959392072,0.07364719300368962,0.09863269010965305,0.11249620372116452,0.08918529220205922,0.09622523156563324,0.0013340524825890133,0.2644128403273346,0.14435946742072261,0.19468901152613383,0.0931693972823887,56,57,756
C:\Users\damba\.cache\kagglehub\datasets\sunnykusawa\ecommerce-products-image-dataset\versions\1\ecommerce products\jeans\15.jpg,jeans,exito,5411100.0,633076770.0,851559495.0,91056543420.0,147711917355.0,100105654725.0,14468931605280.0,26771604369765.0,14781215198745.0,17552910231675.0,16989127051.122526,13699688136.420609,476644993.6272381,-159632966246.47403,-786135234108.7352,339868729970.59375,121192712178.89844,0.0005802296854025013,0.0004678854724900356,1.6278857287298712e-05,-2.3437359609167553e-06,-1.1542060901628156e-05,4.9899628075149e-06,1.7793550067606556e-06,2.979590956746966,7.860712115135099,9.064546382791518,9.843909870595946,9.999999999970752,-9.999980255848074,9.999999999982476,0.3183098861837905,0.02702452709477803,0.0822572397240466,0.0772139555624297,0.05258926030845016,0.012916527820662813,0.1276660458727405,0.07251315918748179,0.017058111278632968,0.060309771337985256,0.03161643676829771,0.00457623450106301,0.14363580566277606,0.02486126158729372,0.017797840157572194,0.010910643643221796,0.007953074806531546,0.03228629299073841,0.0024772170818793404,0.0038604140816666066,0.10412682033223865,0.1815040347898323,0.054249964820752186,0.11271581301091382,0.0971166337888031,56,57,756
C:\Users\damba\.cache\kagglehub\datasets\sunnykusawa\ecommerce-products-image-dataset\versions\1\ecommerce products\jeans\150.jpg,jeans,exito,6000405.0,801993615.0,600709620.0,117871320105.0,78703588110.0,83999700450.0,18609855148815.0,11639115414300.0,12810680800110.0,11080728440100.0,10679595796.262806,18565639494.77413,3710906658.7348633,781028885.0383298,42711671865.92483,18430476755.89453,-181532990496.44922,0.00029661539435538604,0.0005156425940885718,0.00010306682602930068,8.855552969777097e-09,4.842784689299592e-07,2.0897058520705e-07,-2.0582785654905133e-06,3.0903059552688052,7.043044419623002,9.859308530723746,9.980133261849112,-9.999999999999853,-9.999993918123366,-9.99999999999977,0.3183098861837906,0.03974547799166883,0.009878811895766068,0.010701652754175882,0.0849445645239775,0.083903769109143,0.016145759797729302,0.015708458741766282,0.06611930273529201,0.12505220513226953,0.12209277852573137,0.08234924703279743,0.01608621874508716,0.0956349969390376,0.10320956457018435,0.0641664665246095,0.12258424612538571,0.1160482768393878,0.0806384492469732,0.05847288356307094,0.0036316955991224074,0.19869286595038005,0.12561870049614635,0.16107116533946517,0.06899360902173161,56,57,756
C:\Users\damba\.cache\kagglehub\datasets\sunnykusawa\ecommerce-products-image-dataset\versions\1\ecommerce products\jeans\151.jpg,jeans,exito,4966890.0,547114740.0,330846945.0,84473458320.0,30191916105.0,36583206270.0,14847792544140.0,3172197971985.0,5677283696670.0,3341688635070.0,24207469194.96047,8154041093.507291,139628841.5751108,209819765406.1742,74810597306.22894,19704887099.71289,-2624180641.0214844,0.0009812514330347663,0.00033052461798419193,5.659864721302006e-06,3.816234402543837e-06,1.3606667349103952e-06,3.5839553963181474e-07,-4.7729004087719934e-08,2.88214026913075,6.372968674767747,9.936447046278925,9.931232469259584,9.999999999999739,9.999967580967176,-9.999999999998803,0.0,0.0,0.0,0.0,0.0,0.0,0.0,0.0,0.0,0.0,0.0,0.0,0.0,0.0,0.0,0.0,0.0,0.0,0.0,0.0,0.0,0.0,0.0,0.0,0.0,56,57,756
C:\Users\damba\.cache\kagglehub\datasets\sunnykusawa\ecommerce-products-image-dataset\versions\1\ecommerce products\jeans\152.jpg,jeans,exito,4854690.0,540041550.0,507487485.0,64963696470.0,73484940435.0,56505137625.0,8314685887110.0,12204455471715.0,6851456197635.0,8182870711575.0,4888825422.332181,20434478421.64277,51619891.63252712,368587158.8844969,250412735782.2276,48958672470.71484,-2474600306.1289062,0.00020743475524524134,0.0008670428300823908,2.190251985204062e-06,7.09800733121421e-09,4.822282577046171e-06,9.42813681234476e-07,-4.765421336946823e-08,2.9688025994742655,6.36130911627296,9.982975337248359,9.875371961266667,9.999999999998339,9.999904813856656,9.99999999999991,0.0,0.0,0.0,0.0,0.0,0.0,0.0,0.0,0.0,0.0,0.0,0.0,0.0,0.0,0.0,0.0,0.0,0.0,0.0,0.0,0.0,0.0,0.0,0.0,0.0,56,57,756
C:\Users\damba\.cache\kagglehub\datasets\sunnykusawa\ecommerce-products-image-dataset\versions\1\ecommerce products\jeans\153.jpg,jeans,exito,4854690.0,540041550.0,507487485.0,64963696470.0,73484940435.0,56505137625.0,8314685887110.0,12204455471715.0,6851456197635.0,8182870711575.0,4888825422.332181,20434478421.64277,51619891.63252712,368587158.8844969,250412735782.2276,48958672470.71484,-2474600306.1289062,0.00020743475524524134,0.0008670428300823908,2.190251985204062e-06,7.09800733121421e-09,4.822282577046171e-06,9.42813681234476e-07,-4.765421336946823e-08,2.9688025994742655,6.36130911627296,9.982975337248359,9.875371961266667,9.999999999998339,9.999904813856656,9.99999999999991,0.0,0.0,0.0,0.0,0.0,0.0,0.0,0.0,0.0,0.0,0.0,0.0,0.0,0.0,0.0,0.0,0.0,0.0,0.0,0.0,0.0,0.0,0.0,0.0,0.0,56,57,756
C:\Users\damba\.cache\kagglehub\datasets\sunnykusawa\ecommerce-products-image-dataset\versions\1\ecommerce products\jeans\154.jpg,jeans,exito,5488365.0,815125860.0,550894860.0,130677891600.0,71121003480.0,82127770440.0,22253281124580.0,10388214006210.0,13242262070970.0,10567668479370.0,9616306293.494406,15824909511.319057,309479104.22339225,-11260072744.310888,72588519443.7833,33536404939.875,-57271738943.85547,0.000319243685272953,0.0005253578949458241,1.0274137151193636e-05,-1.5956356503436092e-07,1.0286330475856025e-06,4.7523568027978114e-07,-8.115829310442074e-07,3.0733480589411637,7.366478028438443,9.977430864418748,9.986300327862928,9.999999999999943,9.999999080425283,9.999999999999998,0.31830988618379064,0.009715750268975627,0.05113862643174368,0.031095256543536523,0.01028667116154774,0.0013162533070568375,0.06307356252056606,0.04753587582463,0.04651047711063351,0.03564574141829945,0.02572573946463991,0.0882557540123424,0.024722811745087635,0.05558642269937281,0.15835368997749424,0.15201201886491486,0.08199604764226794,0.10920448480943094,0.058563360159322946,0.15760508476609383,0.05022280856758369,0.059932193899221296,0.2758873693237005,0.20019108737282107,0.10508352808362345,56,57,756
C:\Users\damba\.cache\kagglehub\datasets\sunnykusawa\ecommerce-products-image-dataset\versions\1\ecommerce products\jeans\155.jpg,jeans,exito,4103970.0,572805225.0,393246975.0,86880882465.0,50277144615.0,55908376680.0,14244825811275.0,7336002645885.0,8627967164760.0,7089291991830.0,6932484745.88884,12595781606.339941,1021542225.6924934,183380333379.51596,104507030567.65228,17783936431.972656,-123832839425.90625,0.00041160492990699037,0.0007478539073996315,6.065239688447081e-05,5.3745525596934275e-06,3.0629158443119925e-06,5.212156577012769e-07,-3.629321050110779e-06,2.93574462746319,6.893203390836527,9.435668691152381,9.935947173149307,-9.999999999995712,9.999979098550527,9.999999999998657,0.3183098861837906,0.01730108759967174,0.015912438768018372,0.009117558313469129,0.04094721150986736,0.08494813617642895,0.048604874761146014,0.01176146682432453,0.05371945612870164,0.06973246580319044,0.10999839177549699,0.07534934535532994,0.10815745602525012,0.07228527249879531,0.04910855410746407,0.04882854679676044,0.07119356381558116,0.06262458784853665,0.04588132501323958,0.049276528983517066,0.16879876293800386,0.13814777056011052,0.029451648863114167,0.12224666291833103,0.07053592778433325,56,57,756
C:\Users\damba\.cache\kagglehub\datasets\sunnykusawa\ecommerce-products-image-dataset\versions\1\ecommerce products\jeans\156.jpg,jeans,exito,5552880.0,809062215.0,523956660.0,130131494685.0,67498903410.0,78511579995.0,22598321354025.0,9973060752840.0,12836000990685.0,10140912970035.0,12250022774.800932,18059588755.558414,2170377609.2826986,68294331818.756935,195903026572.17258,-75353900446.39062,-103353052130.57031,0.0003972833090415003,0.0005856946809516042,7.038801595202936e-05,9.39915777104743e-07,2.6961585325472507e-06,-1.037074644553303e-06,-1.422419133805359e-06,3.0074561622300604,7.25635905563384,9.793605007739766,9.987224471264426,9.999999999999826,9.999998917030355,-9.999999999999979,0.3183098861837907,0.5740436419605752,0.6509771650848891,0.7500538701760983,0.6005500519115876,0.8383951491409893,0.3160450793216183,0.45699219821962744,0.8391744532639915,0.03755393408089943,0.2676647776736188,0.7592096572676793,0.5023173398726555,0.3647891688143951,0.11652131747744987,0.6107402778875993,0.8750137783741165,0.6253070367927744,0.1762369356340748,0.411014180801438,1.1871558060254084,1.0915187538513695,0.7726468344131581,0.26741114602523,0.19107897467793833,56,57,756
C:\Users\damba\.cache\kagglehub\datasets\sunnykusawa\ecommerce-products-image-dataset\versions\1\ecommerce products\jeans\157.jpg,jeans,exito,11446695.0,1408912740.0,1294889490.0,212200287450.0,194396907570.0,157578838140.0,35621667829080.0,32735615410980.0,23674413343710.0,23516085808740.0,38784719992.816284,47914556872.92456,-1802214587.717699,-44545051615.27874,-95749863137.02385,113237317941.40625,-3449064448.703125,0.0002960059481834534,0.00036568509045796944,-1.3754546583454459e-05,-1.0048452612729143e-07,-2.159921085550334e-07,2.5544023007405916e-07,-7.780383996491918e-09,3.1793446813831556,8.243216889701431,9.995803817669573,9.999942340616547,10.0,-9.99999999794438,-10.0,0.31830988618379047,0.006189696962230052,0.03256738798853486,0.0026896108620915785,0.014963251170063314,0.06636010340847079,0.007201735309210257,0.004205877655039183,0.08769884560912426,0.021755296152907843,0.12306040963992274,0.12344025859716111,0.08651455524381364,0.025139622832390913,0.0365889312724937,0.038883720811652756,0.03570521567813268,0.1611166480384249,0.16611666976335068,0.12646137412798023,0.1941539753102905,0.07205091421612557,0.06946397686839155,0.0646112818349329,0.36883836509132684,56,57,756
C:\Users\damba\.cache\kagglehub\datasets\sunnykusawa\ecommerce-products-image-dataset\versions\1\ecommerce products\jeans\158.jpg,jeans,exito,4173330.0,477576240.0,352365120.0,58623336180.0,43926634050.0,41195818905.0,7618751372310.0,6439066405020.0,5132223989685.0,5202526747125.0,3971759378.611763,14175529346.414518,872813267.5956303,1153844785.303051,336472582664.6906,-17258233141.115234,28381728877.503906,0.00022804338304429318,0.0008139052144014622,5.0113632608333155e-05,3.242952394823315e-08,9.456770803520648e-06,-4.850533556010237e-07,7.976861082606824e-07,2.9821536639201014,6.451758537308465,9.648507489305075,9.74188781284587,9.999999999964608,9.999790519909975,9.99999999999774,0.31830988618379064,0.020195652618241355,0.05096531661423321,0.05586398160151798,0.027209110695846285,0.06459999827905646,0.060533120340507736,0.09027708167591052,0.03730710318045442,0.01305158622845775,0.07992889097963003,0.029544793775565303,0.01144824474039484,0.11517348175291646,0.14706863188701721,0.019874245538009056,0.015043632333434849,0.05029439833218585,0.01715465240408207,0.01587164341478512,0.09132022147176387,0.11592230349054979,0.2514765722242644,0.014856229987725395,0.14953926156497765,56,57,756
C:\Users\damba\.cache\kagglehub\datasets\sunnykusawa\ecommerce-products-image-dataset\versions\1\ecommerce products\jeans\159.jpg,jeans,exito,4835055.0,543380520.0,510383520.0,66052065540.0,74273205360.0,57181765080.0,8539869932040.0,12356975449260.0,7005476510010.0,8306945711460.0,4985047788.294923,20397636728.910923,-176933527.77806947,-3768442095.634233,210463101399.35413,72856043662.26562,-2785002493.9882812,0.00021323892705513682,0.0008725232646207261,-7.5684561564414975e-06,-7.330916954882857e-08,4.094231725659792e-06,1.4173008160803353e-06,-5.41778843470158e-08,2.964265245385688,6.3615257550443465,9.999857483311343,9.88474491021202,-9.99999999999989,9.999912986392049,9.999999999999927,0.0,0.0,0.0,0.0,0.0,0.0,0.0,0.0,0.0,0.0,0.0,0.0,0.0,0.0,0.0,0.0,0.0,0.0,0.0,0.0,0.0,0.0,0.0,0.0,0.0,56,57,756
C:\Users\damba\.cache\kagglehub\datasets\sunnykusawa\ecommerce-products-image-dataset\versions\1\ecommerce products\jeans\16.jpg,jeans,exito,4635645.0,549963855.0,538635990.0,74278298475.0,78353089080.0,64226895390.0,10856319448545.0,12334368083070.0,9011036555280.0,9432481486890.0,9031662503.854446,15766603332.433027,324175163.981516,-98910131698.7653,-433804133734.5043,303395206480.8203,61489587733.703125,0.00042028835809649945,0.0007336987874069776,1.5085489227183659e-05,-2.1377915441917504e-06,-9.376014297073543e-06,6.5574243590973224e-06,1.3290035960450372e-06,2.937798991213277,7.003329064046187,9.00819103024666,9.964175824677087,9.999999999998371,9.999989479701345,9.999999999997186,0.3183098861837905,0.02048988620512068,0.019010466979731966,0.035929854753189605,0.051005938959738664,0.04615844512633724,0.014437850387206089,0.06294335055427573,0.045825282621160326,0.08616884117688407,0.06464131138335977,0.09760103069760419,0.014579716250782282,0.09888589197132266,0.07365552529271484,0.11891074056492111,0.09517202440949966,0.03653972666786433,0.09099712900540541,0.12352518291136276,0.05811992060684536,0.12854764930277363,0.1132796149507394,0.18460899422617902,0.06738372353764215,56,57,756
C:\Users\damba\.cache\kagglehub\datasets\sunnykusawa\ecommerce-products-image-dataset\versions\1\ecommerce products\jeans\160.jpg,jeans,exito,4835055.0,543380520.0,510383520.0,66052065540.0,74273205360.0,57181765080.0,8539869932040.0,12356975449260.0,7005476510010.0,8306945711460.0,4985047788.294923,20397636728.910923,-176933527.77806947,-3768442095.634233,210463101399.35413,72856043662.26562,-2785002493.9882812,0.00021323892705513682,0.0008725232646207261,-7.5684561564414975e-06,-7.330916954882857e-08,4.094231725659792e-06,1.4173008160803353e-06,-5.41778843470158e-08,2.964265245385688,6.3615257550443465,9.999857483311343,9.88474491021202,-9.99999999999989,9.999912986392049,9.999999999999927,0.0,0.0,0.0,0.0,0.0,0.0,0.0,0.0,0.0,0.0,0.0,0.0,0.0,0.0,0.0,0.0,0.0,0.0,0.0,0.0,0.0,0.0,0.0,0.0,0.0,56,57,756
C:\Users\damba\.cache\kagglehub\datasets\sunnykusawa\ecommerce-products-image-dataset\versions\1\ecommerce products\jeans\161.jpg,jeans,exito,3784200.0,412058835.0,294500520.0,48246878475.0,33456494190.0,32991722010.0,6005255170635.0,4466954887740.0,3946600767780.0,3815867645730.0,3378086259.589289,10537368276.921835,923770744.7142884,16012235772.462051,223131672713.8526,-9328251038.353516,29031339912.66504,0.00023589708393910406,0.0007358410229644344,6.450836602758907e-05,5.748000176726312e-07,8.009880146770128e-06,-3.348613484021848e-07,1.0421539460191317e-06,3.0124507212990075,6.573994474796431,9.726370225588138,9.79177247422349,9.999999999981538,9.999863892743221,9.999999999993321,0.31830988618379047,0.034764241510015205,0.035203357331471286,0.03347980947525638,0.07831825118422148,0.048736386688009024,0.021822929635870077,0.04598045419836169,0.05546373416910147,0.11758455628571239,0.08370784860274932,0.11561136335082857,0.04476972276171274,0.03701897434572405,0.07506939775286502,0.10982017007803203,0.09659540815192154,0.10170536017192769,0.14098167116596944,0.13798299352005425,0.12318659523235682,0.014618010004631426,0.135854774621707,0.1402680242926542,0.18493185865766001,56,57,756
C:\Users\damba\.cache\kagglehub\datasets\sunnykusawa\ecommerce-products-image-dataset\versions\1\ecommerce products\jeans\162.jpg,jeans,exito,7326405.0,972110490.0,918226440.0,152863730550.0,145820557110.0,114256715250.0,26259252332640.0,25434193805460.0,17386811426100.0,17665333682310.0,23878395345.620766,30738222033.646244,-7578967396.448776,-360257946668.7082,-546568575776.23676,239474950825.42188,216765561705.0625,0.0004448599341488719,0.0005726600649590586,-0.00014119788570796858,-2.479626465140581e-06,-3.761987537100097e-06,1.6482868214174861e-06,1.4919799230111565e-06,2.992457003384852,7.016914120310732,9.649385499204747,9.976981519711945,-9.999999999999753,-9.9999968177699,9.999999999999437,0.31830988618379064,0.013464106646458803,0.049897573072212174,0.05642790693239764,0.03876179850793677,0.07648390272742546,0.06178056429177398,0.10838300538322941,0.01886936843852643,0.07261801505182641,0.12081320054331013,0.020615739573543245,0.035361769658349806,0.16658043951343754,0.07586485983388694,0.02892382292395386,0.07559254028947822,0.11901782593831395,0.0661792904932693,0.005600756395636285,0.017728329934665926,0.1993562012813283,0.14477524015139565,0.0014404226880868074,0.14432343248938656,56,57,756
C:\Users\damba\.cache\kagglehub\datasets\sunnykusawa\ecommerce-products-image-dataset\versions\1\ecommerce products\jeans\163.jpg,jeans,exito,3169395.0,387058380.0,301584675.0,49067005140.0,36808055325.0,37035567855.0,6448298145540.0,5159251472835.0,4724799035085.0,4528241572185.0,1797987069.2879589,8110680527.962831,204918554.9517283,16898005911.091974,113222402718.73492,5763482181.892578,-5894077249.0546875,0.00017899208507529224,0.0008074293991750242,2.03999239193368e-05,9.449189018601266e-07,6.331278909822468e-06,3.222879245550229e-07,-3.2959066477777117e-07,3.00593743335246,6.4015398956432685,9.877731320513018,9.839685824040892,9.999999999993998,9.999878774823257,9.99999999999569,0.3183098861837906,0.05479876142353638,0.0006172693173470373,0.0012343531592355634,0.118337859536843,0.009009769726537662,0.03825849991168558,0.008978878116999729,0.012682231510243338,0.17864860677030375,0.039838306660712454,0.16075494851871794,0.12955164334098077,0.03399645559347057,0.07813707748551704,0.18516262215496623,0.18270476937212485,0.050952350257556456,0.20933697295518888,0.0458522191644832,0.23239417728936598,0.09235581028130399,0.1731657252582652,0.22770018962647517,0.09144524570224333,56,57,756
C:\Users\damba\.cache\kagglehub\datasets\sunnykusawa\ecommerce-products-image-dataset\versions\1\ecommerce products\jeans\164.jpg,jeans,exito,4943430.0,555021525.0,503197875.0,68244062115.0,70842952245.0,56472586365.0,8991522320475.0,11475111086415.0,7033889157495.0,7946438056665.0,5929253730.2700405,19621816028.948467,-23743502.978179477,-1960002979.5366418,269261041562.31723,92572960608.94531,-2590862533.7578125,0.00024262930701833118,0.0008029387579148385,-9.716011383309443e-07,-3.6073290522678225e-08,4.955671945464418e-06,1.7037786867958697e-06,-4.768407898372818e-08,2.9806476484614968,6.50300057056064,9.999845089549751,9.84056727233867,-9.999999999999806,9.99989210425849,9.999999999999856,0.0,0.0,0.0,0.0,0.0,0.0,0.0,0.0,0.0,0.0,0.0,0.0,0.0,0.0,0.0,0.0,0.0,0.0,0.0,0.0,0.0,0.0,0.0,0.0,0.0,56,57,756
C:\Users\damba\.cache\kagglehub\datasets\sunnykusawa\ecommerce-products-image-dataset\versions\1\ecommerce products\jeans\165.jpg,jeans,exito,4943430.0,555021525.0,503197875.0,68244062115.0,70842952245.0,56472586365.0,8991522320475.0,11475111086415.0,7033889157495.0,7946438056665.0,5929253730.2700405,19621816028.948467,-23743502.978179477,-1960002979.5366418,269261041562.31723,92572960608.94531,-2590862533.7578125,0.00024262930701833118,0.0008029387579148385,-9.716011383309443e-07,-3.6073290522678225e-08,4.955671945464418e-06,1.7037786867958697e-06,-4.768407898372818e-08,2.9806476484614968,6.50300057056064,9.999845089549751,9.84056727233867,-9.999999999999806,9.99989210425849,9.999999999999856,0.0,0.0,0.0,0.0,0.0,0.0,0.0,0.0,0.0,0.0,0.0,0.0,0.0,0.0,0.0,0.0,0.0,0.0,0.0,0.0,0.0,0.0,0.0,0.0,0.0,56,57,756
C:\Users\damba\.cache\kagglehub\datasets\sunnykusawa\ecommerce-products-image-dataset\versions\1\ecommerce products\jeans\166.jpg,jeans,exito,4576230.0,690644805.0,551254665.0,110895044385.0,76322790045.0,83323984875.0,18721484092635.0,11461655484075.0,13425170324565.0,11447139353055.0,6662904244.865436,9918412274.59462,128609945.36025235,-25931730127.881874,-121773698822.03484,27885196002.390625,-102483832924.59766,0.0003181616895235509,0.0004736161125395074,6.141279538405831e-06,-5.788444633515088e-07,-2.7182155219631903e-06,6.224494561626023e-07,-2.287629825657526e-06,3.101396623253171,7.612308783689225,9.794479999394705,9.948427244296173,-9.999999999999542,-9.999998058916143,9.999999999998558,0.3183098861837906,0.029715040161985,0.013162024760959158,0.00700454376389935,0.06834614736957123,0.08391163326039984,0.031220312228826725,0.036688963813807506,0.06681419027252451,0.1159409297730649,0.12384356139163723,0.08745183091294968,0.04835808534135936,0.15680896656237814,0.10924715552102242,0.06677966326760182,0.15149939543185276,0.1286837002397428,0.0974408535044604,0.06462700036849947,0.02974619720857013,0.30757761256719574,0.13489450605188047,0.1837553541180614,0.052801219084646515,56,57,756
C:\Users\damba\.cache\kagglehub\datasets\sunnykusawa\ecommerce-products-image-dataset\versions\1\ecommerce products\jeans\167.jpg,jeans,exito,3734730.0,431785380.0,362125500.0,52362790380.0,48496941930.0,41739885630.0,6650898276630.0,7442641087980.0,5042004377940.0,5602270097790.0,2442551331.4625154,13384664000.872591,-126727652.6710364,32266340254.748806,144701040863.29016,-5874144047.546875,19942092577.21875,0.00017511577839855825,0.0009595973787427176,-9.085586557078765e-06,1.197020763195643e-06,5.368137477069072e-06,-2.1791973726802948e-07,7.398142673768934e-07,2.9451138711355815,6.210530997094163,9.862302303420256,9.885135342132939,9.999999999997291,9.999923992939534,9.999999999996508,0.31830988618379047,0.02539504959476475,0.044845692052479035,0.041189301523111156,0.0542716403822575,0.054936471249613275,0.06941420648053907,0.022331872119017986,0.04364828799310716,0.08055388823794138,0.09042341452942425,0.07265078593561965,0.07138592826493557,0.10472199122802928,0.08878544281526159,0.07285726655404608,0.097400462378244,0.10605189242762299,0.086467914998222,0.09475001904816285,0.023559957875446836,0.26899194199911736,0.1327576717742393,0.18897332671316702,0.09723239063862812,56,57,756
C:\Users\damba\.cache\kagglehub\datasets\sunnykusawa\ecommerce-products-image-dataset\versions\1\ecommerce products\jeans\168.jpg,jeans,exito,4811595.0,592907130.0,442689180.0,81430052700.0,57785882520.0,56386963485.0,12281034593880.0,8701334335230.0,8030699571225.0,7414124174565.0,8369276636.1714945,17056413375.345806,1836742363.759868,184242070161.20346,246224491176.02942,86091069467.8164,-44498943386.24219,0.0003615012416786366,0.0007367320835259423,7.933596581970368e-05,3.6279905108402375e-06,4.848513245327212e-06,1.6952565872932515e-06,-8.762479937749798e-07,2.959305342486962,6.779695826324242,9.856351351494277,9.822772347060301,-9.999999999990825,9.999917748989803,9.999999999996767,0.31830988618379047,0.04222771417820439,0.03191330427249117,0.09101197922078305,0.0836097706516205,0.06729297583748252,0.005019093598067848,0.12442808799625354,0.06978799990642223,0.10587568145122613,0.1285610692806233,0.06284540350386457,0.09372544630747853,0.1146813433640512,0.041950803987272176,0.07941503639757906,0.07018954872624415,0.17752570244865803,0.10070911254246626,0.09024494060632456,0.23414696556687717,0.09645780415979517,0.022555154167266788,0.16836796986257574,0.04260378300199846,56,57,756
C:\Users\damba\.cache\kagglehub\datasets\sunnykusawa\ecommerce-products-image-dataset\versions\1\ecommerce products\jeans\169.jpg,jeans,exito,9509460.0,1278873960.0,1028845695.0,202827744090.0,151250623245.0,141221351610.0,34869446005560.0,25125818017125.0,22562803168260.0,20924978060970.0,30839155298.829784,39937944699.632225,2857662379.1075897,-702490319150.7355,119822142026.46033,-150119683277.6172,-34221596509.789062,0.0003410285684735746,0.00044164569284455024,3.160088208916768e-05,-2.5191307184510815e-06,4.2968227532925787e-07,-5.383292769727795e-07,-1.227186662251354e-07,3.1064188924742706,7.847153282271992,9.96334169460264,9.970652053727797,9.999999999999808,-9.999997112929439,9.999999999999858,0.3183098861837906,0.005806465178847352,0.017164108630252722,0.008634061230681184,0.02328317821336941,0.08511797089525935,0.055312403165330024,0.01038602011208806,0.050870146585273196,0.054116573077631715,0.10723653581273793,0.0743600745456143,0.126848106851662,0.069267185548623,0.03560444713917769,0.045536565257507856,0.06572101421351437,0.05179124722933696,0.04181180081495808,0.04803233234411617,0.20016495532769848,0.13200220168796045,0.013343853567247347,0.11557358252721942,0.07064301346192864,56,57,756
C:\Users\damba\.cache\kagglehub\datasets\sunnykusawa\ecommerce-products-image-dataset\versions\1\ecommerce products\jeans\17.jpg,jeans,exito,5061240.0,605431710.0,567658815.0,82872282720.0,83470985745.0,69933376425.0,12372969160440.0,13396707440295.0,10121229405795.0,10501552028115.0,10449802167.107008,19803479314.322094,2029335703.3539853,-40350703695.9946,-407474945005.59515,340932447881.23047,61438096314.25391,0.00040793804023583273,0.0007730856921640592,7.922094759005524e-05,-7.001785205829523e-07,-7.0706376354214175e-06,5.915970605486623e-06,1.0660938086444665e-06,2.927741338478499,6.799870345325393,9.135988534007902,9.99367453810003,9.99999999999986,9.999998679496937,-9.999999999999865,0.31830988618379075,0.1367888591815154,0.12456269229350388,0.10455669503632971,0.096149982700915,0.09654293405321965,0.007813196908409595,0.03308802331742194,0.11010840592133173,0.17395935099365606,0.12277912575231906,0.10608813379991223,0.07314032353213977,0.13473284051286694,0.0387600110064919,0.0782162844116228,0.12692737041679586,0.09483689711566622,0.08315401648940299,0.07034915267843665,0.012783392268596594,0.15404395368891657,0.04964100914008749,0.11306490961313562,0.045068583656933524,56,57,756
C:\Users\damba\.cache\kagglehub\datasets\sunnykusawa\ecommerce-products-image-dataset\versions\1\ecommerce products\jeans\170.jpg,jeans,exito,4408695.0,491292180.0,439181655.0,58446188190.0,60925401975.0,48884096700.0,7336940768190.0,9786827859225.0,5838777964440.0,6778913081340.0,3698013020.4424796,17175374792.684366,-57032750.08849419,-324559876.12673885,295688661726.9715,29246080406.08203,925926744.8359375,0.00019026036539590316,0.0008836618653864852,-2.9342979084675495e-06,-7.95279324863068e-09,7.245352755066472e-06,7.166259538242332e-07,2.268827574417221e-08,2.9690271269533786,6.31790902816492,9.899734101197343,9.78676569710861,9.99999999998883,9.999809146297963,-9.999999999999895,0.0,0.0,0.0,0.0,0.0,0.0,0.0,0.0,0.0,0.0,0.0,0.0,0.0,0.0,0.0,0.0,0.0,0.0,0.0,0.0,0.0,0.0,0.0,0.0,0.0,56,57,756
C:\Users\damba\.cache\kagglehub\datasets\sunnykusawa\ecommerce-products-image-dataset\versions\1\ecommerce products\jeans\171.jpg,jeans,exito,4408695.0,491292180.0,439181655.0,58446188190.0,60925401975.0,48884096700.0,7336940768190.0,9786827859225.0,5838777964440.0,6778913081340.0,3698013020.4424796,17175374792.684366,-57032750.08849419,-324559876.12673885,295688661726.9715,29246080406.08203,925926744.8359375,0.00019026036539590316,0.0008836618653864852,-2.9342979084675495e-06,-7.95279324863068e-09,7.245352755066472e-06,7.166259538242332e-07,2.268827574417221e-08,2.9690271269533786,6.31790902816492,9.899734101197343,9.78676569710861,9.99999999998883,9.999809146297963,-9.999999999999895,0.0,0.0,0.0,0.0,0.0,0.0,0.0,0.0,0.0,0.0,0.0,0.0,0.0,0.0,0.0,0.0,0.0,0.0,0.0,0.0,0.0,0.0,0.0,0.0,0.0,56,57,756
C:\Users\damba\.cache\kagglehub\datasets\sunnykusawa\ecommerce-products-image-dataset\versions\1\ecommerce products\jeans\172.jpg,jeans,exito,5347605.0,775730400.0,553278600.0,120898827240.0,71860158720.0,83211410790.0,19969663482060.0,10500040503630.0,13398897380040.0,10922365653420.0,8370386286.683504,14616362811.745743,2952111591.6785007,3487629680.6410036,40679814213.16969,33882707358.703125,-112628517784.57031,0.00029270278821679553,0.0005111174086902719,0.00010323194944851078,5.2739020949696106e-08,6.151494770006054e-07,5.123654105657911e-07,-1.703138894574941e-06,3.094841031829666,7.043676481141555,9.89449718182003,9.982987083192274,9.999999999999929,-9.999995285104768,-9.999999999999833,0.3183098861837906,0.03341182105660407,0.012062312571897302,0.0064374523431213635,0.07538764761526281,0.08375017912032283,0.025153247002414836,0.04254633416925826,0.06938793061047412,0.12722324850275002,0.12758672351797495,0.09000319769798856,0.02960272427177701,0.1758332575187664,0.12208454319188869,0.07061295619616598,0.17327108625856427,0.14765492027674204,0.1099856589671133,0.06805417611092529,0.012497052858365765,0.34888665766760474,0.1647335583479111,0.19825340497815677,0.04908105916601792,56,57,756
C:\Users\damba\.cache\kagglehub\datasets\sunnykusawa\ecommerce-products-image-dataset\versions\1\ecommerce products\jeans\173.jpg,jeans,exito,5743620.0,925790505.0,569515470.0,157824014775.0,76506665190.0,90428589090.0,28091916013875.0,11554714845690.0,15252030612780.0,11932360595310.0,8599647712.388784,20035681634.45126,-1369269155.6033573,-119372117412.18777,-4718172066.263741,44216518919.83594,-127891348359.0,0.00026068093040125404,0.0006073411730771079,-4.1506625549114765e-05,-1.5098668486778476e-06,-5.967734964950993e-08,5.592684248908269e-07,-1.617621529265501e-06,3.0614691656935524,6.895634031029858,9.942354889702319,9.958485828886383,-9.9999999999997,-9.999986776744477,-9.999999999999575,0.3183098861837906,0.04535201460202909,0.003841117302844544,0.002226057151441604,0.09958389909369911,0.00895214617933969,0.014656742292069239,0.007435997855766918,0.012013768392944865,0.14812010895520086,0.03864490175965828,0.15965489911800573,0.06262904775990381,0.0166753304875952,0.056490667198954236,0.1684906363422096,0.12914495058784445,0.042411731193555596,0.1788623299580855,0.06616090494987986,0.105334395962593,0.04508115488014145,0.11328407063796356,0.18772927873071432,0.08407943155313957,56,57,756
C:\Users\damba\.cache\kagglehub\datasets\sunnykusawa\ecommerce-products-image-dataset\versions\1\ecommerce products\jeans\174.jpg,jeans,exito,5722965.0,873615465.0,529134180.0,144184127505.0,68962863510.0,82213516230.0,25135241647185.0,10300031936520.0,13705520710200.0,10702787782980.0,10825985233.089167,20040149419.61636,1440734514.9111125,-179779472615.05438,218113858344.0673,-65321149350.921875,-90866874231.875,0.00033054093448787184,0.0006118694579584612,4.3988766163480274e-05,-2.2944963826083653e-06,2.7837519583718487e-06,-8.336832827095545e-07,-1.1597192448683799e-06,3.0257598872575495,7.060551716336495,9.888292150616886,9.936537635182818,-9.99999999999856,-9.999984921123954,-9.999999999999721,0.0,0.0,0.0,0.0,0.0,0.0,0.0,0.0,0.0,0.0,0.0,0.0,0.0,0.0,0.0,0.0,0.0,0.0,0.0,0.0,0.0,0.0,0.0,0.0,0.0,56,57,756
C:\Users\damba\.cache\kagglehub\datasets\sunnykusawa\ecommerce-products-image-dataset\versions\1\ecommerce products\jeans\175.jpg,jeans,exito,7268775.0,939206055.0,1009726560.0,153909169095.0,167302323210.0,120889367505.0,27796903946535.0,29623823162190.0,18969327764475.0,19391786849445.0,32553367911.35309,27038286151.56394,-9578462225.088062,-502371246329.53754,-1128559546460.362,64646243315.00781,435621670423.3906,0.0006161315881352338,0.0005117486532386734,-0.00018128978724129657,-3.5267259203845496e-06,-7.922667219270695e-06,4.5382689319955915e-07,3.058133298408599e-06,2.947736972903707,6.8463078375835265,9.459027695679922,9.806866618791817,9.99999999998772,-9.999963790571673,9.999999999974131,0.0,0.0,0.0,0.0,0.0,0.0,0.0,0.0,0.0,0.0,0.0,0.0,0.0,0.0,0.0,0.0,0.0,0.0,0.0,0.0,0.0,0.0,0.0,0.0,0.0,56,57,756
C:\Users\damba\.cache\kagglehub\datasets\sunnykusawa\ecommerce-products-image-dataset\versions\1\ecommerce products\jeans\176.jpg,jeans,exito,6504540.0,872953485.0,655587405.0,126352996995.0,89920004085.0,89225916525.0,19444177637295.0,14065872892515.0,12969684379095.0,12184741467105.0,9196705086.018713,23843871784.386272,1241630177.793839,18225828605.33488,196497626588.18842,-98603954207.1875,-133420178403.22656,0.00021736973831302676,0.0005635644637578695,2.9346687134603035e-05,1.6890628501592021e-07,1.8210247029175654e-06,-9.138035890527866e-07,-1.2364599255396237e-06,3.1073855006274624,6.908699973621239,9.86691823486309,9.991558583688494,-9.999999999999977,-9.999999030211507,-9.999999999999932,0.3183098861837906,0.033806600332614546,0.008147859138782227,0.004076746625967713,0.07717858958969155,0.008720217591484898,0.008512865735396,0.015498920439118236,0.011223812733151229,0.11518687401482164,0.03582317971168913,0.15842009379613917,0.003103297612062591,0.027210261812640905,0.030655999168274262,0.1485102127864488,0.08187886070707627,0.029957336799299673,0.14803242131647557,0.08783296496553385,0.013446847926346133,0.011962753663675356,0.04759065852898976,0.14635344071264303,0.0713908372691483,56,57,756
C:\Users\damba\.cache\kagglehub\datasets\sunnykusawa\ecommerce-products-image-dataset\versions\1\ecommerce products\jeans\177.jpg,jeans,exito,10083210.0,1200452025.0,1311813840.0,184512973185.0,203812801440.0,151122929445.0,31646299178415.0,34641871194360.0,22686331765365.0,23280923998095.0,41593698040.81471,33147353550.335335,-5054476425.851235,-224647710459.97482,-498800079130.2852,-115073636503.66406,331245676330.39844,0.0004091004057361207,0.00032602524962349345,-4.971398202127485e-05,-6.958329116445451e-07,-1.5450035554740046e-06,-3.564337396447087e-07,1.0260137659925721e-06,3.1336383613415215,7.7724371686048945,9.941314314473322,9.984118720403186,9.999999999999929,-9.999999277104207,9.999999999999904,0.31830988618379047,0.012282328292057883,0.03203704046553332,0.0024935141574773394,0.02797475365129502,0.06649559683822849,0.003857398306450721,0.005370809776607085,0.08343446674392845,0.041139708864317025,0.11668847966166213,0.11681970589797426,0.09624579831895001,0.020436614082986193,0.01003189258996248,0.028499531188598874,0.03397941554994281,0.14900171302795306,0.15159300184436073,0.12989894352481518,0.20600875555037607,0.049805324827860355,0.14100415310408246,0.052808596057981626,0.38374581509967576,56,57,756
C:\Users\damba\.cache\kagglehub\datasets\sunnykusawa\ecommerce-products-image-dataset\versions\1\ecommerce products\jeans\178.jpg,jeans,exito,5591640.0,684236655.0,663142800.0,92047557315.0,100348653660.0,83236624170.0,13471114987305.0,16746409609230.0,11505443394810.0,12592663067100.0,8319026857.819454,21702965956.24225,2089302228.7924113,171496460676.77023,-302223419608.94,77699615229.14453,-182343652604.27344,0.00026606890388964233,0.0006941297896765272,6.682252184177864e-05,2.31956824252212e-06,-4.087710285710233e-06,1.050922912522383e-06,-2.466281485561e-06,3.017638844032219,6.696378240975018,9.60752802052421,9.961603987364681,9.999999999998954,9.999982378926745,-9.999999999998954,0.31830988618379064,0.008052595611775511,0.04934887252871161,0.05681533523750287,0.014750049917793455,0.06970209311231852,0.05551894409637105,0.10129482197440305,0.02994592891543796,0.038599886142089306,0.09659702165228895,0.024979343807457415,0.008069232158682884,0.14509825664797685,0.11908837794747139,0.0242528663261282,0.06575946425137315,0.07838895473961359,0.04509899544833283,0.012065345638944167,0.08005107788837734,0.16486863949648048,0.2118897172333695,0.011911243268813808,0.14665127898575347,56,57,756
C:\Users\damba\.cache\kagglehub\datasets\sunnykusawa\ecommerce-products-image-dataset\versions\1\ecommerce products\jeans\179.jpg,jeans,exito,5626320.0,630555330.0,587331555.0,78616043550.0,83600989335.0,65659747275.0,10588988032320.0,13612367184225.0,8311778362575.0,9336953619195.0,7948178197.263413,22289447243.771976,-163924766.8387439,-3245885429.6295395,231668879611.3105,141792326361.1211,1812169359.8359375,0.0002510838254606812,0.0007041260956249328,-5.178401455542753e-06,-4.32286938184207e-08,3.0853655438839418e-06,1.8883898384441927e-06,2.4134466881787645e-08,3.0199011300177254,6.687284211201297,9.97196275625381,9.903999109506342,-9.999999999998622,9.999951321480244,-9.999999999999954,0.0,0.0,0.0,0.0,0.0,0.0,0.0,0.0,0.0,0.0,0.0,0.0,0.0,0.0,0.0,0.0,0.0,0.0,0.0,0.0,0.0,0.0,0.0,0.0,0.0,56,57,756
C:\Users\damba\.cache\kagglehub\datasets\sunnykusawa\ecommerce-products-image-dataset\versions\1\ecommerce products\jeans\18.jpg,jeans,exito,8808975.0,1021965540.0,928867080.0,151853710230.0,132929997030.0,107950106505.0,25156137230250.0,21655711237980.0,15783082197705.0,15239696681235.0,33291270792.09812,34985111012.30481,188403582.64827475,-185553720271.6078,260789126767.7857,-272928444471.23438,-221793443134.1172,0.00042902205462751186,0.00045085044369748623,2.4279425267879045e-06,-8.056682005994513e-07,1.1323378814035759e-06,-1.1850464028836437e-06,-9.630198951174744e-07,3.055580207224836,9.22180663302427,9.898552082222364,9.986610620511337,-9.999999999999961,-9.99999970763826,9.999999999999883,0.3183098861837905,0.011940303140590004,0.08502696625997244,0.07579032852740242,0.022594720362022352,0.005671333112599287,0.14131004308065737,0.06446463692437807,0.018188964788998126,0.024911568574346624,0.013868125481758597,0.0020642661515169873,0.17714360087635378,0.047006120256330906,0.012934163396390823,0.011479136187074999,0.006756942301238649,0.0125360185502346,0.0010072447789205765,0.0017342519602829673,0.14845172035629528,0.21496363768929158,0.042868918085920714,0.11291045076712737,0.0977318459580474,56,57,756
C:\Users\damba\.cache\kagglehub\datasets\sunnykusawa\ecommerce-products-image-dataset\versions\1\ecommerce products\jeans\180.jpg,jeans,exito,5626320.0,630555330.0,587331555.0,78616043550.0,83600989335.0,65659747275.0,10588988032320.0,13612367184225.0,8311778362575.0,9336953619195.0,7948178197.263413,22289447243.771976,-163924766.8387439,-3245885429.6295395,231668879611.3105,141792326361.1211,1812169359.8359375,0.0002510838254606812,0.0007041260956249328,-5.178401455542753e-06,-4.32286938184207e-08,3.0853655438839418e-06,1.8883898384441927e-06,2.4134466881787645e-08,3.0199011300177254,6.687284211201297,9.97196275625381,9.903999109506342,-9.999999999998622,9.999951321480244,-9.999999999999954,0.0,0.0,0.0,0.0,0.0,0.0,0.0,0.0,0.0,0.0,0.0,0.0,0.0,0.0,0.0,0.0,0.0,0.0,0.0,0.0,0.0,0.0,0.0,0.0,0.0,56,57,756
C:\Users\damba\.cache\kagglehub\datasets\sunnykusawa\ecommerce-products-image-dataset\versions\1\ecommerce products\jeans\181.jpg,jeans,exito,5848170.0,773665410.0,626505165.0,109367155020.0,87066618855.0,84545671260.0,16339478145420.0,13731297861285.0,12148875246120.0,11828581733670.0,7017502627.804135,19950115440.824753,1664124494.6285005,14374236929.961449,129540876828.35603,-7754711668.722656,-46175080161.13672,0.00020518358174690982,0.0005833180776012964,4.8657056846373595e-05,1.7379401943828266e-07,1.5662347695572504e-06,-9.375958647815868e-08,-5.58287220267099e-07,3.103197333312421,6.816571465122241,9.971303380911234,9.990056369559316,9.99999999999996,9.999997160708121,10.0,0.3183098861837905,0.040599775125321286,0.024799666546809703,0.033302123042194605,0.08912596234994609,0.04897353278465405,0.04582153519474165,0.053550116810273635,0.04964077413503317,0.1338533508974783,0.08357998632199887,0.09998746422767373,0.07449410251595462,0.0871956301841169,0.08598471777696422,0.13073936008806528,0.13132308649354696,0.0788907774623332,0.11457217562896026,0.1288744255823653,0.09849493930867165,0.13408986761215302,0.12287746256507305,0.20785518174850443,0.0324517087957592,56,57,756
C:\Users\damba\.cache\kagglehub\datasets\sunnykusawa\ecommerce-products-image-dataset\versions\1\ecommerce products\jeans\182.jpg,jeans,exito,4903395.0,556540815.0,483032985.0,68091134535.0,67721540595.0,55286624460.0,8846515084845.0,10995238187385.0,6818692654980.0,7787974841550.0,4923129762.620002,20138006207.497013,461840581.9353589,533716984.1339906,356409293707.6308,6202485573.2109375,10512518900.15625,0.00020476113264863454,0.0008375730803686716,1.9208715841335396e-05,1.002464088237843e-08,6.6943254248475635e-06,1.1649936632701003e-07,1.9745338798666632e-07,2.9819929652856736,6.395744929846253,9.852027194169233,9.834368806233618,9.999999999991246,9.999872180783514,-9.999999999999998,0.0,0.0,0.0,0.0,0.0,0.0,0.0,0.0,0.0,0.0,0.0,0.0,0.0,0.0,0.0,0.0,0.0,0.0,0.0,0.0,0.0,0.0,0.0,0.0,0.0,56,57,756
C:\Users\damba\.cache\kagglehub\datasets\sunnykusawa\ecommerce-products-image-dataset\versions\1\ecommerce products\jeans\183.jpg,jeans,exito,4903395.0,556540815.0,483032985.0,68091134535.0,67721540595.0,55286624460.0,8846515084845.0,10995238187385.0,6818692654980.0,7787974841550.0,4923129762.620002,20138006207.497013,461840581.9353589,533716984.1339906,356409293707.6308,6202485573.2109375,10512518900.15625,0.00020476113264863454,0.0008375730803686716,1.9208715841335396e-05,1.002464088237843e-08,6.6943254248475635e-06,1.1649936632701003e-07,1.9745338798666632e-07,2.9819929652856736,6.395744929846253,9.852027194169233,9.834368806233618,9.999999999991246,9.999872180783514,-9.999999999999998,0.0,0.0,0.0,0.0,0.0,0.0,0.0,0.0,0.0,0.0,0.0,0.0,0.0,0.0,0.0,0.0,0.0,0.0,0.0,0.0,0.0,0.0,0.0,0.0,0.0,56,57,756
C:\Users\damba\.cache\kagglehub\datasets\sunnykusawa\ecommerce-products-image-dataset\versions\1\ecommerce products\jeans\184.jpg,jeans,exito,5022225.0,669838590.0,546097800.0,96307002090.0,72731154570.0,74750420265.0,14721155476380.0,10786362045510.0,11065779479475.0,9992939352555.0,6967369426.5514145,13350539968.933739,1914698975.3122668,17677971395.005432,-25524023678.559296,82973952096.27344,-123962981052.39453,0.0002762336025053598,0.0005293056138169663,7.591160498082216e-05,3.1274617936364845e-07,-4.5155299265344594e-07,1.4679165343679374e-06,-2.1930654734297255e-06,3.0939132579199486,7.0595047821105705,9.766818944704108,9.980598725128182,9.999999999999819,-9.999994729284296,-9.999999999999691,0.3183098861837905,0.008649652192546521,0.017384603464542982,0.03690360480557081,0.02574372910265545,0.04618996353861442,0.0035925611971429237,0.0668966214382914,0.046700156615861285,0.050346400457623126,0.062041506777867385,0.09342738155764702,0.051511861320169834,0.09787590880833635,0.08235635619462434,0.10449642861132966,0.047840016707091114,0.023227802973779084,0.060443940098409414,0.10981315101592669,0.13355231515849064,0.10712713962409737,0.13679617971178096,0.1407699178424031,0.08315114187050546,56,57,756
C:\Users\damba\.cache\kagglehub\datasets\sunnykusawa\ecommerce-products-image-dataset\versions\1\ecommerce products\jeans\185.jpg,jeans,exito,5441445.0,786061215.0,621645630.0,123478645665.0,87002181120.0,90092925705.0,20822513251815.0,13419514103010.0,14166092325435.0,12383338044135.0,9925676972.442005,15983676054.140303,291132391.41501313,117323060736.16943,-171892303652.2812,-24560385124.195312,-251357805328.96094,0.00033522133355772253,0.0005398190185817933,9.832456643809017e-06,1.6986260290362333e-06,-2.4886901120944786e-06,-3.555900195011787e-07,-3.639207058306547e-06,3.0579718695663853,7.3731781558253395,9.583040877100377,9.951341553092709,9.999999999997875,9.999995215061553,9.999999999999254,0.0,0.0,0.0,0.0,0.0,0.0,0.0,0.0,0.0,0.0,0.0,0.0,0.0,0.0,0.0,0.0,0.0,0.0,0.0,0.0,0.0,0.0,0.0,0.0,0.0,56,57,756
C:\Users\damba\.cache\kagglehub\datasets\sunnykusawa\ecommerce-products-image-dataset\versions\1\ecommerce products\jeans\186.jpg,jeans,exito,5931810.0,823564320.0,546999735.0,125790803850.0,68550956655.0,76717984200.0,20646549553470.0,9922478694015.0,11834649039450.0,9478903689150.0,11448269416.654623,18109571969.706604,773295345.256637,3003946043.842919,261141385323.83032,20168588839.164062,-181234902745.01562,0.0003253609126763244,0.0005146757688694495,2.1977127733824294e-05,3.505290760824956e-08,3.0472467610424185e-06,2.353463314086608e-07,-2.114821707377952e-06,3.0757016976611613,7.421680711876465,9.835113515754438,9.938921447770234,9.99999999999846,9.99999730337656,-9.999999999999208,0.3183098861837906,0.040829360911791075,0.005677858162531445,0.0034832785002171566,0.09066129939701059,0.0088982391765609,0.004743990704367497,0.013837628904836089,0.011663141104700995,0.13502548240903134,0.03786120947466898,0.1590741799856134,0.03458623710149187,0.03129938470331831,0.045764464372167045,0.15996964117435605,0.11252513441247519,0.038201806191650846,0.16543456080662267,0.07811347440029687,0.05555623881434127,0.05127447967531025,0.08622965644698805,0.17421612503459824,0.07996798192019045,56,57,756
C:\Users\damba\.cache\kagglehub\datasets\sunnykusawa\ecommerce-products-image-dataset\versions\1\ecommerce products\jeans\187.jpg,jeans,exito,7958040.0,679074435.0,702585435.0,85945653135.0,88519141695.0,50974754235.0,12978002402595.0,13138275327465.0,5967278060925.0,5616847138365.0,27998961704.626537,26490514862.998756,-8978174791.726963,865691576855.5068,645757133236.7598,-88291670587.61133,-351358154661.17773,0.00044210934118478934,0.000418290656534989,-0.0001417672192307188,4.8456037586013935e-06,3.614547346436734e-06,-4.942019332179945e-07,-1.966684718159878e-06,3.0652995489596586,7.091198182188485,9.617172548915649,9.928026983163821,-9.999999999996144,-9.999977727326822,-9.99999999999913,0.3183098861837905,0.017523569478694948,0.01847909823663689,0.03743463135880995,0.04115790078665943,0.048521937223746266,0.008889107458253071,0.07238421258772337,0.050502709376790855,0.067672390315208,0.07583339988079167,0.08894676467926942,0.038319779558397486,0.11000445118794491,0.08370470231116649,0.09802492392843441,0.05626257784604994,0.052742143125633044,0.033606403531477126,0.0975409443890509,0.11328499534986834,0.12002364320546897,0.13234614124852587,0.11101468878047673,0.07696579247688998,56,57,756
C:\Users\damba\.cache\kagglehub\datasets\sunnykusawa\ecommerce-products-image-dataset\versions\1\ecommerce products\jeans\188.jpg,jeans,exito,4170015.0,468315660.0,468438060.0,55351077240.0,71926318470.0,52346598390.0,6833695017450.0,12409662025380.0,6186795028440.0,8011754286810.0,2756648346.762062,19304393595.25408,-261576697.62428895,-1709519263.9317782,-7283826734.07213,27692408032.476562,-7199204747.121094,0.00015852805610858502,0.0011101481241179128,-1.5042631551604602e-05,-4.8142645996191445e-08,-2.0512356856952259e-07,7.798600605549018e-07,-2.027404855313658e-07,2.8966491798331635,6.042591050813123,9.971472644781219,9.998295424046914,-10.0,9.999998857286,9.999999999999996,0.0,0.0,0.0,0.0,0.0,0.0,0.0,0.0,0.0,0.0,0.0,0.0,0.0,0.0,0.0,0.0,0.0,0.0,0.0,0.0,0.0,0.0,0.0,0.0,0.0,56,57,756
C:\Users\damba\.cache\kagglehub\datasets\sunnykusawa\ecommerce-products-image-dataset\versions\1\ecommerce products\jeans\189.jpg,jeans,exito,4170015.0,468315660.0,468438060.0,55351077240.0,71926318470.0,52346598390.0,6833695017450.0,12409662025380.0,6186795028440.0,8011754286810.0,2756648346.762062,19304393595.25408,-261576697.62428895,-1709519263.9317782,-7283826734.07213,27692408032.476562,-7199204747.121094,0.00015852805610858502,0.0011101481241179128,-1.5042631551604602e-05,-4.8142645996191445e-08,-2.0512356856952259e-07,7.798600605549018e-07,-2.027404855313658e-07,2.8966491798331635,6.042591050813123,9.971472644781219,9.998295424046914,-10.0,9.999998857286,9.999999999999996,0.0,0.0,0.0,0.0,0.0,0.0,0.0,0.0,0.0,0.0,0.0,0.0,0.0,0.0,0.0,0.0,0.0,0.0,0.0,0.0,0.0,0.0,0.0,0.0,0.0,56,57,756
C:\Users\damba\.cache\kagglehub\datasets\sunnykusawa\ecommerce-products-image-dataset\versions\1\ecommerce products\jeans\19.jpg,jeans,exito,4648650.0,516656775.0,475867995.0,62466065565.0,67285281495.0,53066230575.0,8065779906945.0,10928131166445.0,6521239603455.0,7514237700885.0,5044185416.268509,18572139256.86204,177666449.41168028,1989102927.8990731,237998474139.98373,87288558417.71875,-306972578.15625,0.0002334196126302619,0.0008594254955558229,8.221512568772092e-06,4.269137413401219e-08,5.108072468409545e-06,1.8734417675235008e-06,-6.588437933069955e-09,2.961441347648953,6.406432908501888,9.998844994504351,9.827563917641514,-9.999999999999241,9.999867473700721,9.99999999999992,0.0,0.0,0.0,0.0,0.0,0.0,0.0,0.0,0.0,0.0,0.0,0.0,0.0,0.0,0.0,0.0,0.0,0.0,0.0,0.0,0.0,0.0,0.0,0.0,0.0,56,57,756
C:\Users\damba\.cache\kagglehub\datasets\sunnykusawa\ecommerce-products-image-dataset\versions\1\ecommerce products\jeans\190.jpg,jeans,exito,3114060.0,352896795.0,315421995.0,41950775475.0,42431652435.0,36133536210.0,5230680673905.0,6556265846535.0,4385226058170.0,4896117877320.0,1959205652.5585477,10482674274.726908,388749305.44259644,32614803639.271866,134806874153.80394,47938382267.83203,8853561982.279297,0.00020203474926524845,0.0010809811955972968,4.00881185441493e-05,1.905887791004094e-06,7.877612216674264e-06,2.8013407192411958e-06,5.173692252007326e-07,2.891767912485792,6.108420684537417,9.998256477627208,9.657750656265108,-9.999999999996394,9.999569292181086,-9.99999999999972,0.3183098861837905,0.01934082338451633,0.018794790419746066,0.03757950131295088,0.04497076204321483,0.04896000876453565,0.010527830343153058,0.07369691499515527,0.05122115415825825,0.0735454858876024,0.0785717651306248,0.08812112046924626,0.0337403776617186,0.1136008981782755,0.08408982751774727,0.09706749219550909,0.06566846125034181,0.06052792234535139,0.02902330732126283,0.0954411218944732,0.10459960968899941,0.12648560778835105,0.1325492540136099,0.10651635058465615,0.07601497838913038,56,57,756
C:\Users\damba\.cache\kagglehub\datasets\sunnykusawa\ecommerce-products-image-dataset\versions\1\ecommerce products\jeans\191.jpg,jeans,exito,3699795.0,426236325.0,351604965.0,51578239785.0,47293582395.0,41861091210.0,6556800342345.0,7320842731155.0,5219976667170.0,5702889452820.0,2473517834.322838,13879284734.548214,1354304176.2985075,44783952524.85083,188363977778.0413,6262808850.341797,-2995035683.5722656,0.00018070065373415687,0.0010139388485880746,9.893749162275026e-05,1.7008979898236128e-06,7.154078483359978e-06,2.3786196580761436e-07,-1.1375168752269538e-07,2.9227630924811803,6.134575963210271,9.836688515607356,9.803658485591566,9.999999999992538,9.99979127261555,9.999999999989749,0.0,0.0,0.0,0.0,0.0,0.0,0.0,0.0,0.0,0.0,0.0,0.0,0.0,0.0,0.0,0.0,0.0,0.0,0.0,0.0,0.0,0.0,0.0,0.0,0.0,56,57,756
C:\Users\damba\.cache\kagglehub\datasets\sunnykusawa\ecommerce-products-image-dataset\versions\1\ecommerce products\jeans\192.jpg,jeans,exito,3925215.0,450045420.0,368618565.0,54360398160.0,50381896575.0,42987636075.0,6888810675120.0,7997771786385.0,5257129352445.0,5927869924365.0,2760452663.262525,15764774592.469305,723684442.9945457,23121438290.774715,305434018108.8914,-13826175024.892578,15411919829.863281,0.00017916509515785735,0.0010232007878967634,4.697019217860354e-05,7.574539274225625e-07,1.0005960428393492e-05,-4.529428680920406e-07,5.04891566754711e-07,2.9199633191648684,6.1418713959462865,9.638778859929221,9.714772113153728,9.999999999958094,9.99966161005251,9.999999999985759,0.0,0.0,0.0,0.0,0.0,0.0,0.0,0.0,0.0,0.0,0.0,0.0,0.0,0.0,0.0,0.0,0.0,0.0,0.0,0.0,0.0,0.0,0.0,0.0,0.0,56,57,756
C:\Users\damba\.cache\kagglehub\datasets\sunnykusawa\ecommerce-products-image-dataset\versions\1\ecommerce products\jeans\193.jpg,jeans,exito,11627235.0,1252816785.0,1383627195.0,180338839425.0,210450860205.0,152486323410.0,29250875056995.0,35501338204425.0,22451946730620.0,23341973437680.0,45349747282.47977,45800862613.69235,3402609691.4359484,46909178515.95243,-442561744643.5712,258586433727.625,-143597868704.97656,0.00033544550057189445,0.0003387823352217476,2.5168610181769874e-05,1.0175756409960837e-07,-9.600254475419554e-07,5.609376765440395e-07,-3.1149915201232163e-07,3.1711932569920296,8.577579213466064,9.966341388156149,9.999118137764397,10.0,9.999999961731477,9.999999999999998,0.3183098861837905,0.05272763294036268,0.07259741623235506,0.08204700134285221,0.10424465600347041,0.025735204051013563,0.07997555895587224,0.10025617160120934,0.013167190978350275,0.13257435768233705,0.06768259735381024,0.008288813492741727,0.023353290893146934,0.05457557172561576,0.03523262023855765,0.009069251497785334,0.07814750065590283,0.09190717118353721,0.009006655357239674,0.007115053737013413,0.07610791867030095,0.04536406716566722,0.09983941557112146,0.11117429932046459,0.09510319339620665,56,57,756
C:\Users\damba\.cache\kagglehub\datasets\sunnykusawa\ecommerce-products-image-dataset\versions\1\ecommerce products\jeans\194.jpg,jeans,exito,4352850.0,484938345.0,452400090.0,57523536735.0,63039542970.0,50414448855.0,7188025807245.0,10134644450640.0,5990781319125.0,7025443131135.0,3497967636.285591,16020729679.395433,13872009.381373204,99281951.13618347,252692623484.18427,9158397458.792969,-492298299.375,0.00018461559482477167,0.0008455414248569629,7.321363516320239e-07,2.511516580729402e-09,6.392317097374656e-06,2.3167823363098313e-07,-1.2453576177700502e-08,2.987096531598892,6.359593008777721,9.877913227981248,9.842007379682997,9.99999999999281,9.999874075498202,9.999999999999982,0.0,0.0,0.0,0.0,0.0,0.0,0.0,0.0,0.0,0.0,0.0,0.0,0.0,0.0,0.0,0.0,0.0,0.0,0.0,0.0,0.0,0.0,0.0,0.0,0.0,56,57,756
C:\Users\damba\.cache\kagglehub\datasets\sunnykusawa\ecommerce-products-image-dataset\versions\1\ecommerce products\jeans\195.jpg,jeans,exito,4352850.0,484938345.0,452400090.0,57523536735.0,63039542970.0,50414448855.0,7188025807245.0,10134644450640.0,5990781319125.0,7025443131135.0,3497967636.285591,16020729679.395433,13872009.381373204,99281951.13618347,252692623484.18427,9158397458.792969,-492298299.375,0.00018461559482477167,0.0008455414248569629,7.321363516320239e-07,2.511516580729402e-09,6.392317097374656e-06,2.3167823363098313e-07,-1.2453576177700502e-08,2.987096531598892,6.359593008777721,9.877913227981248,9.842007379682997,9.99999999999281,9.999874075498202,9.999999999999982,0.0,0.0,0.0,0.0,0.0,0.0,0.0,0.0,0.0,0.0,0.0,0.0,0.0,0.0,0.0,0.0,0.0,0.0,0.0,0.0,0.0,0.0,0.0,0.0,0.0,56,57,756
C:\Users\damba\.cache\kagglehub\datasets\sunnykusawa\ecommerce-products-image-dataset\versions\1\ecommerce products\jeans\196.jpg,jeans,exito,3926235.0,575215740.0,488082750.0,91212210720.0,69830001210.0,72421599360.0,15373228531050.0,10739663020860.0,11708349610560.0,10364368370220.0,6939835901.949719,9154883483.332464,914702747.2182802,-23329488013.528893,-217271659827.50555,101451532110.92969,-93542856387.8789,0.0004501908055009659,0.0005938821072802352,5.93372483704482e-05,-7.637733178850215e-07,-7.113156380140299e-06,3.3213747871341647e-06,-3.0624563105020013e-06,2.9812691297444465,7.4580362215040195,9.334803308597289,9.88935090376116,-9.99999999999568,9.999985209029438,9.999999999987816,0.0,0.0,0.0,0.0,0.0,0.0,0.0,0.0,0.0,0.0,0.0,0.0,0.0,0.0,0.0,0.0,0.0,0.0,0.0,0.0,0.0,0.0,0.0,0.0,0.0,56,57,756
C:\Users\damba\.cache\kagglehub\datasets\sunnykusawa\ecommerce-products-image-dataset\versions\1\ecommerce products\jeans\197.jpg,jeans,exito,3995595.0,534873975.0,433098630.0,79166669895.0,58524517050.0,61102345455.0,12779398845195.0,8736757029360.0,9512704390245.0,8422577810775.0,7565276577.533992,11579212706.622633,3125201676.625509,156214932848.65906,-117185994194.77711,94794326764.23047,-89366517598.91797,0.00047387291650435545,0.0007252973820423295,0.0001957560200197687,4.895182571881541e-06,-3.6721638961790747e-06,2.970494099556169e-06,-2.800407179278978e-06,2.9211191005621298,6.664349689571482,9.3613684836818,9.979305563733474,-9.999999999999867,-9.999990747863658,9.999999999999153,0.3183098861837906,0.028202189891072794,0.013574924741352783,0.009346292177797687,0.06299905634686134,0.08435659417856822,0.03526454742006843,0.01733868761483372,0.060932426968241284,0.09830562316000067,0.11665858885462993,0.08011774868668067,0.06788116430822903,0.09600732266587816,0.08050885895736438,0.05787583031726201,0.10074068411617035,0.09175517393547988,0.06651469334179064,0.055296971928048444,0.09194647300638847,0.1890898526063777,0.07749809599383051,0.14714029066135384,0.06642515621002046,56,57,756
C:\Users\damba\.cache\kagglehub\datasets\sunnykusawa\ecommerce-products-image-dataset\versions\1\ecommerce products\jeans\198.jpg,jeans,exito,4784055.0,675007695.0,505382970.0,104588541975.0,67943059860.0,75069671340.0,17517652917795.0,10221319394850.0,12142424871180.0,10271218039140.0,9348125987.053991,14554888869.904593,3762507506.817864,122747426086.1186,-31249046173.19831,32047584445.25,-110164002711.82812,0.0004084437257409827,0.0006359406201844824,0.00016439365348106623,2.4520085735258847e-06,-6.242324712978541e-07,6.401841107887347e-07,-2.2006414941345915e-06,2.981139604772344,6.795999654262192,9.724804702886933,9.999724571530397,10.0,-9.999999949274805,10.0,0.3183098861837906,0.03883340753827705,0.01021654636238078,0.009856913073737913,0.08389013231555074,0.08377015068642293,0.017219658097480186,0.022777345984839707,0.06745363564548627,0.12693287844007772,0.12352876126878874,0.08471399532320067,0.01611672749271033,0.11718575949376067,0.11000494592935992,0.0664612175077165,0.13756625779181855,0.12465684809299038,0.09016639051751499,0.06143137040909677,0.005620763466343533,0.24076824338571995,0.13880983970422964,0.1722476320143357,0.06469918882603853,56,57,756
C:\Users\damba\.cache\kagglehub\datasets\sunnykusawa\ecommerce-products-image-dataset\versions\1\ecommerce products\jeans\199.jpg,jeans,exito,9066270.0,927648435.0,1183261965.0,133760388465.0,180669888075.0,118588478535.0,22017543565755.0,30063255708885.0,16296334916505.0,17695328310525.0,38844660281.52993,26239358450.836884,-2481278931.662117,382296472839.71265,-365561926339.6074,-653311526712.5078,-142893246478.66406,0.00047257857741043747,0.0003192242794501959,-3.0186884353856152e-05,1.5446449533898286e-06,-1.477030066423574e-06,-2.6396643035495233e-06,-5.773512122862285e-07,3.1013828807779804,7.564433801282078,9.817483665685401,9.928549447678925,-9.999999999997684,-9.999991424455278,9.999999999999478,0.3183098861837906,0.02230452537377819,0.01497861188129897,0.007527826042904194,0.02771874289334814,0.08653157660451925,0.050722918446221225,0.0061764072061893695,0.03272573922711328,0.009623821972822133,0.09845770451932967,0.06376426828142612,0.1342251357370618,0.012294895327690484,0.040783633034231256,0.02521211197040146,0.01969178858904641,0.028858121263133626,0.01690732964954214,0.03617254769285993,0.24043652245774252,0.028673425378688843,0.13318422597695903,0.0636993113762235,0.08639913422642084,56,57,756
C:\Users\damba\.cache\kagglehub\datasets\sunnykusawa\ecommerce-products-image-dataset\versions\1\ecommerce products\jeans\2.jpg,jeans,exito,4525230.0,517574010.0,441505980.0,63031720080.0,60121336230.0,50129593710.0,8082910578720.0,9503800180650.0,6074881352130.0,6797175362790.0,3834097897.816975,17045618448.63631,-367733609.84447014,-3405247528.5060515,311910613295.8173,9284105826.910156,-7457308595.263672,0.0001872327786274484,0.0008323988042607415,-1.7957753662232877e-05,-7.817124743368683e-08,7.16025531918891e-06,2.1312698349254166e-07,-1.7119081961288913e-07,2.9915566782148018,6.379209222456007,9.845541404168623,9.81127128698077,9.99999999998861,9.999847296142695,-9.999999999999604,0.3183098861837906,0.2887460755609589,0.024778640615341914,0.0853686379377599,0.11290523370106026,0.1328269022468513,0.00193218909488372,0.11455991980620571,0.03429634819431618,0.1089983973900505,0.14933088875480358,0.10876503278282745,0.03956444429286822,0.10714462278780824,0.08704851185469667,0.06178114618296916,0.12525762222393216,0.1508385321494262,0.18681270878693673,0.1229421282290148,0.17875595444521303,0.029784315974949342,0.23921879977116645,0.09146580389343144,0.12510187304047876,56,57,756
C:\Users\damba\.cache\kagglehub\datasets\sunnykusawa\ecommerce-products-image-dataset\versions\1\ecommerce products\jeans\20.jpg,jeans,exito,4648650.0,516656775.0,475867995.0,62466065565.0,67285281495.0,53066230575.0,8065779906945.0,10928131166445.0,6521239603455.0,7514237700885.0,5044185416.268509,18572139256.86204,177666449.41168028,1989102927.8990731,237998474139.98373,87288558417.71875,-306972578.15625,0.0002334196126302619,0.0008594254955558229,8.221512568772092e-06,4.269137413401219e-08,5.108072468409545e-06,1.8734417675235008e-06,-6.588437933069955e-09,2.961441347648953,6.406432908501888,9.998844994504351,9.827563917641514,-9.999999999999241,9.999867473700721,9.99999999999992,0.0,0.0,0.0,0.0,0.0,0.0,0.0,0.0,0.0,0.0,0.0,0.0,0.0,0.0,0.0,0.0,0.0,0.0,0.0,0.0,0.0,0.0,0.0,0.0,0.0,56,57,756
C:\Users\damba\.cache\kagglehub\datasets\sunnykusawa\ecommerce-products-image-dataset\versions\1\ecommerce products\jeans\21.jpg,jeans,exito,5444505.0,682216035.0,618846750.0,91880956635.0,90293336070.0,75974574285.0,12979240260315.0,14875824267270.0,10143642785835.0,10843822049505.0,6396836699.189262,19952451088.617393,-1569146596.4458363,-136866909476.08606,76911125482.64786,93282383605.84375,-113544906284.32422,0.00021579852010465388,0.0006730997866382662,-5.293546314589878e-05,-1.9788025362256414e-06,1.11197023993315e-06,1.3486635883794004e-06,-1.64161629272546e-06,3.051147872226857,6.656723188953487,9.93074765788236,9.923861664704418,9.999999999998723,-9.999994185238437,-9.999999999999186,0.3183098861837905,0.01761871417879217,0.018494854590041732,0.03760254944138758,0.03980360026323603,0.04856469342027287,0.008307858789010103,0.07358597704470944,0.05073136803624601,0.06587563233252546,0.07571379542505809,0.08797722690920237,0.04155168424207379,0.1132564760781503,0.08733711085992303,0.09461266533429614,0.061013446042999304,0.05424131997480222,0.02667428592487199,0.09497796300681234,0.11942974097076263,0.12610548628750845,0.14182087786118075,0.10263991006423522,0.08122801110085,56,57,756
C:\Users\damba\.cache\kagglehub\datasets\sunnykusawa\ecommerce-products-image-dataset\versions\1\ecommerce products\jeans\22.jpg,jeans,exito,6423960.0,701550135.0,780891345.0,85970367225.0,113999286375.0,86082360930.0,11429312565195.0,18494572299795.0,10617995043750.0,12642349748760.0,9355227666.453836,19074770547.39381,802497963.0634745,-2708368529.8626747,-515235472.25198334,-7771742021.234375,-2427331694.6875,0.00022669853037391325,0.000462225250361321,1.944635826521885e-05,-2.5894092118405524e-08,-4.9260485174222215e-09,-7.430384809135625e-08,-2.3207163209561605e-08,3.1618287606800193,7.243474348733465,9.99978538231086,9.999962268789083,10.0,9.999999994730885,-10.0,0.3183098861837906,0.012622341040493989,0.016572192728855736,0.009029745419558286,0.0291908788493811,0.08530903033138452,0.05313784267182669,0.008737737005908665,0.04922774655688797,0.053785036290273584,0.10657551938730904,0.07246408060310272,0.12387635553219457,0.05713300208367716,0.03064153104675147,0.04342087678954773,0.05677561155654612,0.04912471209096583,0.03557339407163584,0.04580928097188776,0.20098601589882936,0.10844319892479772,0.036013062745099404,0.10786215039378473,0.0739457132693774,56,57,756
C:\Users\damba\.cache\kagglehub\datasets\sunnykusawa\ecommerce-products-image-dataset\versions\1\ecommerce products\jeans\23.jpg,jeans,exito,6297480.0,734303865.0,758373570.0,93149206275.0,112401126660.0,88351199205.0,12615716087355.0,18549769272120.0,11232224039295.0,13090232008095.0,7527312096.068382,21074044767.791534,-77290216.93514118,-1154616454.0300639,-61808823712.962204,32762175915.703125,2560110557.2226562,0.00018980442330015116,0.0005313911344052636,-1.9489061785787254e-06,-1.160167645825978e-08,-6.210598961070504e-07,3.291969066575259e-07,2.57241911620108e-08,3.1419468968141038,6.9325695238429255,9.988871104869686,9.99962934260558,10.0,9.999999873786535,-10.0,0.31830988618379064,0.013957231081809851,0.04996129461655044,0.05644744856207692,0.017636293129849406,0.0670363884259356,0.05701408099441583,0.09611428534046867,0.03385082318071876,0.02321826940072535,0.08765759654318014,0.027233020795709925,0.006971508149839171,0.1307510185482334,0.13399767354270664,0.022082249985302494,0.047163065478216484,0.06343452227672361,0.03223875346997563,0.01414128664241512,0.09065413424785028,0.14126183503341275,0.23290033841081348,0.014205080628853334,0.14805301555617112,56,57,756
C:\Users\damba\.cache\kagglehub\datasets\sunnykusawa\ecommerce-products-image-dataset\versions\1\ecommerce products\jeans\24.jpg,jeans,exito,8432340.0,951933870.0,1185527895.0,140484281250.0,189827327715.0,128514451710.0,23082953774760.0,32564057791335.0,18524351499930.0,20159772851760.0,33019675594.49075,23150415989.05787,-5320777547.869538,-231670715487.92636,-633906250817.3916,-25419679338.78125,226136127989.35156,0.0004643832893092155,0.00032558364467000006,-7.483054072689128e-05,-1.1220206928474398e-06,-3.0701158290311414e-06,-1.231118320828318e-07,1.0952157439064533e-06,3.10239103182303,7.379200193846733,9.897148834981385,9.957828567774822,9.999999999999634,-9.99999374264644,9.999999999999368,0.3183098861837906,0.02978212294240968,0.013143216508521944,0.008658724498263888,0.06712070516553456,0.0840953558790007,0.03218346334323412,0.024668163970238317,0.06389942418570346,0.10745704027462313,0.11975203594141459,0.08334390885925905,0.05605864716873474,0.11994426248903471,0.09432722972540496,0.062127897614016485,0.12225693870599139,0.10734338608542883,0.08027053518368757,0.05938311173937494,0.06128586281390245,0.2367538413580082,0.10354602394836256,0.16298820994297528,0.06160209879357998,56,57,756
C:\Users\damba\.cache\kagglehub\datasets\sunnykusawa\ecommerce-products-image-dataset\versions\1\ecommerce products\jeans\25.jpg,jeans,exito,4347495.0,489569655.0,411672510.0,58744315575.0,55733420670.0,46332958890.0,7427862156765.0,8811306686340.0,5552824802700.0,6273772039530.0,3614074574.8794646,16751373424.47123,-25316092.187225245,-1270434485.8002157,361365498298.7223,-4083683671.173828,2448518524.5585938,0.0001912136657436023,0.00088628262985966,-1.3394252634047427e-06,-3.223699457289966e-08,9.169569732005076e-06,-1.0362257150328317e-07,6.213061694253504e-08,2.9675841739488846,6.315847872091279,9.721414451522353,9.739470001731844,9.999999999969313,9.999751973094078,-9.999999999999597,0.0,0.0,0.0,0.0,0.0,0.0,0.0,0.0,0.0,0.0,0.0,0.0,0.0,0.0,0.0,0.0,0.0,0.0,0.0,0.0,0.0,0.0,0.0,0.0,0.0,56,57,756
C:\Users\damba\.cache\kagglehub\datasets\sunnykusawa\ecommerce-products-image-dataset\versions\1\ecommerce products\jeans\26.jpg,jeans,exito,4347495.0,489569655.0,411672510.0,58744315575.0,55733420670.0,46332958890.0,7427862156765.0,8811306686340.0,5552824802700.0,6273772039530.0,3614074574.8794646,16751373424.47123,-25316092.187225245,-1270434485.8002157,361365498298.7223,-4083683671.173828,2448518524.5585938,0.0001912136657436023,0.00088628262985966,-1.3394252634047427e-06,-3.223699457289966e-08,9.169569732005076e-06,-1.0362257150328317e-07,6.213061694253504e-08,2.9675841739488846,6.315847872091279,9.721414451522353,9.739470001731844,9.999999999969313,9.999751973094078,-9.999999999999597,0.0,0.0,0.0,0.0,0.0,0.0,0.0,0.0,0.0,0.0,0.0,0.0,0.0,0.0,0.0,0.0,0.0,0.0,0.0,0.0,0.0,0.0,0.0,0.0,0.0,56,57,756
C:\Users\damba\.cache\kagglehub\datasets\sunnykusawa\ecommerce-products-image-dataset\versions\1\ecommerce products\jeans\27.jpg,jeans,exito,3515175.0,429054840.0,355925940.0,54934772400.0,46301827980.0,44622276090.0,7334514642600.0,6872763120180.0,5875877416170.0,5876523626460.0,2565244360.1653957,10262861281.36235,1178707209.7736657,3075667430.4145274,106198512495.66025,25764527978.48047,-13677669041.18164,0.00020760358063106617,0.0008305667805438168,9.539201842310602e-05,1.327614528999306e-07,4.5840680547295285e-06,1.1121280974266362e-06,-5.90397777157246e-07,2.9837313321622863,6.372038731303706,9.978059572252148,9.877272835024002,9.99999999999865,9.999917110062054,9.999999999998742,0.3183098861837906,0.03902128436950694,0.0020274676536485487,0.06365257555837955,0.08245320131616782,0.059178015222815704,0.024655937859670508,0.0883298926910963,0.014978783539158828,0.11687777617998824,0.11026776648077084,0.04140928378291445,0.09475165432910483,0.09889787529959514,0.024492344433629278,0.09325878639732087,0.11124671440526351,0.13665821996895444,0.05701845161943253,0.1542142103646638,0.18524917193266888,0.13568633365008806,0.07385363009082345,0.20502093002816654,0.12537480331525952,56,57,756
C:\Users\damba\.cache\kagglehub\datasets\sunnykusawa\ecommerce-products-image-dataset\versions\1\ecommerce products\jeans\28.jpg,jeans,exito,3630435.0,431844540.0,355171905.0,54512500560.0,48582363615.0,44444618865.0,7296487400400.0,7566937719075.0,5906169378975.0,6205673859855.0,3144081423.5021443,13835265236.615862,2196500406.564938,64176528371.55209,106981638032.23318,50561969511.82031,-3030864206.5234375,0.0002385483701595237,0.0010497119916325793,0.00016665331505860088,2.5555216027860903e-06,4.260029235454918e-06,2.013387271726358e-06,-1.206895909052496e-07,2.8899963220047624,6.1139721688642386,9.952019906478892,9.837781728477136,-9.999999999995493,9.9998380497528,-9.999999999999604,0.3183098861837907,0.28061448421965773,0.07339597121267372,0.06207375125205873,0.1565364264788722,0.22400342057999995,0.12505940380578248,0.14481905828536007,0.13913629147114662,0.05673906817245707,0.06797845251580213,0.2655890668665351,0.21466349568511217,0.13416703668304059,0.11142667361116095,0.14916473371956435,0.11452309271657354,0.24582716156408627,0.2007096487403765,0.22035035634477232,0.14749120166156007,0.23206684577228576,0.11671545127646957,0.24229040126330423,0.423595947883842,56,57,756
C:\Users\damba\.cache\kagglehub\datasets\sunnykusawa\ecommerce-products-image-dataset\versions\1\ecommerce products\jeans\29.jpg,jeans,exito,3699540.0,433514790.0,334413120.0,54076824900.0,44170374270.0,40809513540.0,7143234668370.0,6832205827140.0,5281487749830.0,5494367754570.0,3277246263.5359817,13941714807.4359,1622740727.692309,38412760289.41689,319034631529.70905,13004655693.259766,25081814891.617188,0.0002394493278583297,0.0010186400323273712,0.00011856422901677802,1.4591710268032188e-06,1.2119048133160306e-05,4.940029474107922e-07,9.527734355391435e-07,2.9002884759943894,6.178179979957462,9.66735106213139,9.5769073301385,9.999999999910562,9.99941906112841,9.999999999958325,0.3183098861837905,0.04372948994941001,0.04404029567414095,0.05483863744324958,0.05185466189795332,0.10688636509215584,0.022861062621275144,0.026768657346479825,0.09883412546472796,0.07554696921491622,0.09370802562176796,0.03954461764206462,0.05576778817450029,0.11295240296629902,0.06482383939229637,0.08721346585123434,0.06245019019353389,0.08452630290511834,0.0808203101998602,0.058185952402708116,0.1455962103106503,0.1352199940062791,0.04210979307162547,0.10349693180517387,0.08959308057578431,56,57,756
C:\Users\damba\.cache\kagglehub\datasets\sunnykusawa\ecommerce-products-image-dataset\versions\1\ecommerce products\jeans\3.jpg,jeans,exito,5943795.0,654573525.0,868539690.0,88021339875.0,151130793390.0,95484955020.0,13196599912275.0,28075897012050.0,13444733738670.0,16627847519880.0,15934987699.171999,24215044595.61928,-164892675.90929767,-6695432762.826917,-1085025781087.2708,618894609261.2852,32425824127.71875,0.00045104937768182817,0.0006854213509031653,-4.66738602233403e-06,-7.773544648684941e-08,-1.2597387880712546e-05,7.1855024885527176e-06,3.7647094751915923e-07,2.944441707450811,7.258711593919923,8.896899319337603,9.888140418009845,9.999999999976566,9.999970149048623,-9.999999999996934,0.0,0.0,0.0,0.0,0.0,0.0,0.0,0.0,0.0,0.0,0.0,0.0,0.0,0.0,0.0,0.0,0.0,0.0,0.0,0.0,0.0,0.0,0.0,0.0,0.0,56,57,756
C:\Users\damba\.cache\kagglehub\datasets\sunnykusawa\ecommerce-products-image-dataset\versions\1\ecommerce products\jeans\30.jpg,jeans,exito,9481920.0,1274994390.0,1150773945.0,200592875640.0,177736653165.0,149261632425.0,34335744314520.0,30553012517055.0,23120520348495.0,22560116582865.0,29149676949.07327,38072885437.48669,-5478159097.515318,-476418230168.1131,-259447267318.10278,248801265712.375,-9678371192.835938,0.0003242210235083176,0.00042347055530058965,-6.093152773668338e-05,-1.7208683786871207e-06,-9.371484338602253e-07,8.986940541521177e-07,-3.4959205774033065e-08,3.126277452665456,7.605529514449642,9.93624722317991,9.986807013577561,9.999999999999968,-9.999998600319556,-9.999999999999913,0.3183098861837905,0.021918637178874253,0.019295996372834155,0.03578166013434634,0.029431334403776824,0.04334781377906819,0.007639717527727517,0.05889944405154382,0.04345282870415397,0.02428295578151186,0.04243783789480016,0.09473608253417401,0.05653739447923914,0.07698282298494134,0.11960219438226727,0.08890418208885155,0.044478629749770786,0.024543511586685086,0.06673330394816657,0.10686005705134957,0.1575779194589411,0.08236520760900402,0.2171547372625959,0.11651279157586177,0.12432366860325571,56,57,756
C:\Users\damba\.cache\kagglehub\datasets\sunnykusawa\ecommerce-products-image-dataset\versions\1\ecommerce products\jeans\31.jpg,jeans,exito,5195625.0,579324300.0,515046195.0,70323378270.0,71838601275.0,57441586875.0,9118141557360.0,11601123215985.0,6975412966005.0,8011153925775.0,5727368248.012272,20781686469.95191,12735411.309204085,-308887417.4477243,359500634510.3339,1363787322.3554688,-1542534591.484375,0.0002121678188885741,0.0007698483666885111,4.71777668750473e-07,-5.020023186012854e-09,5.8425867118191515e-06,2.2164204795339355e-08,-2.5069196662207642e-08,3.0078813098936856,6.507088145850473,9.874947745018986,9.87161298258216,9.99999999999494,9.99991670703303,-9.999999999999984,0.0,0.0,0.0,0.0,0.0,0.0,0.0,0.0,0.0,0.0,0.0,0.0,0.0,0.0,0.0,0.0,0.0,0.0,0.0,0.0,0.0,0.0,0.0,0.0,0.0,56,57,756
C:\Users\damba\.cache\kagglehub\datasets\sunnykusawa\ecommerce-products-image-dataset\versions\1\ecommerce products\jeans\32.jpg,jeans,exito,5195625.0,579324300.0,515046195.0,70323378270.0,71838601275.0,57441586875.0,9118141557360.0,11601123215985.0,6975412966005.0,8011153925775.0,5727368248.012272,20781686469.95191,12735411.309204085,-308887417.4477243,359500634510.3339,1363787322.3554688,-1542534591.484375,0.0002121678188885741,0.0007698483666885111,4.71777668750473e-07,-5.020023186012854e-09,5.8425867118191515e-06,2.2164204795339355e-08,-2.5069196662207642e-08,3.0078813098936856,6.507088145850473,9.874947745018986,9.87161298258216,9.99999999999494,9.99991670703303,-9.999999999999984,0.0,0.0,0.0,0.0,0.0,0.0,0.0,0.0,0.0,0.0,0.0,0.0,0.0,0.0,0.0,0.0,0.0,0.0,0.0,0.0,0.0,0.0,0.0,0.0,0.0,56,57,756
C:\Users\damba\.cache\kagglehub\datasets\sunnykusawa\ecommerce-products-image-dataset\versions\1\ecommerce products\jeans\33.jpg,jeans,exito,5756880.0,742647465.0,620017710.0,102790943445.0,88539174240.0,79154366910.0,14954585292855.0,14457981275430.0,10934744748270.0,11145125081340.0,6988137537.820031,21763080120.677708,-828988759.4954814,-108587611470.67474,234504973072.8166,78011142219.01953,-98016668700.48047,0.00021085654705629627,0.0006566682328045796,-2.5013489850434208e-05,-1.3655648777961903e-06,2.9490634388183566e-06,9.810444713559799e-07,-1.2326279066568142e-06,3.061718061169543,6.696046731447847,9.97699564751806,9.912941752287885,9.999999999998959,9.999978728495362,-9.999999999999806,0.3183098861837905,0.04250681658939498,0.07718433229047166,0.07975321770392721,0.0834235792127621,0.020542440065639624,0.10268018955740263,0.08704646717351147,0.015023946432635025,0.10118190717468221,0.05225712586016536,0.006927732321695445,0.08133563818698851,0.01626952825770281,0.02676571916382691,0.009926103449526455,0.038720144620213746,0.06293124521712141,0.005640908994620041,0.0058935916919064845,0.014899524216222822,0.1139385356351055,0.07682072092025972,0.11205755853495615,0.09604448598259009,56,57,756
C:\Users\damba\.cache\kagglehub\datasets\sunnykusawa\ecommerce-products-image-dataset\versions\1\ecommerce products\jeans\34.jpg,jeans,exito,5849190.0,735637260.0,568905255.0,99890586450.0,78713319165.0,71953359945.0,14425041872280.0,12543571909125.0,9733882323975.0,9862175534625.0,7371420838.982468,23380326192.192646,403640584.2335805,7896768006.919278,339693802897.33545,-83228363702.70703,-115909796001.90625,0.00021545657329436835,0.0006833750336481605,1.179786353556078e-05,9.543552288206145e-08,4.105332165120869e-06,-1.0058472531580633e-06,-1.400815115614688e-06,3.0463216159288105,6.6583588758282986,9.77158138458745,9.953462607747776,9.999999999998908,9.999984769885758,-9.999999999999165,0.3183098861837906,0.022647861383748066,0.011116478532029328,0.005670298316266052,0.05574601681848224,0.008371595412544066,0.025195770399250174,0.02369427118660071,0.010446512143677214,0.08711083787749622,0.032045789423176645,0.15723117724066027,0.0514202045601637,0.04820454113042744,0.007652668084146634,0.12860734613616623,0.055770335373091576,0.01730033040419225,0.12420682300573395,0.10844117844749811,0.09618550686725988,0.048046943933522074,0.018228487924796994,0.11733532269702408,0.05593393728761979,56,57,756
C:\Users\damba\.cache\kagglehub\datasets\sunnykusawa\ecommerce-products-image-dataset\versions\1\ecommerce products\jeans\35.jpg,jeans,exito,5889225.0,781351365.0,515638560.0,113429157885.0,67215562710.0,67807126500.0,17658277227705.0,10373708777970.0,9651892065600.0,8726136675630.0,9763572754.976408,22068174970.717903,-605082696.0545527,18334935977.223793,624150917159.4275,-118983262279.95703,-85712715852.34375,0.00028150912234853104,0.0006362827136894344,-1.7446103285068586e-05,2.1783819523633838e-07,7.4155649912284104e-06,-1.4136454662615249e-06,-1.0183566145676186e-06,3.0372557624504672,6.895575144783189,9.608031669340956,9.864346292472076,9.999999999988416,9.99994403189623,-9.999999999998556,0.3183098861837905,0.01225854915412415,0.017740179340068107,0.03655973626800361,0.012224745296025555,0.043723289893863475,0.0020663431226173026,0.06266696262933259,0.043699356507670505,0.02378806016855368,0.04549742490912333,0.09474868373373103,0.06458382910720024,0.08642101328671267,0.10532735788807111,0.09556111783289165,0.05324728432224565,0.028958779332347445,0.06675566477504562,0.11012273604848491,0.1624009704879053,0.09613728301141478,0.19166428874611788,0.131577874511004,0.11264023716879079,56,57,756
C:\Users\damba\.cache\kagglehub\datasets\sunnykusawa\ecommerce-products-image-dataset\versions\1\ecommerce products\jeans\36.jpg,jeans,exito,9799905.0,1182063465.0,1259749215.0,184880935635.0,197722683615.0,145742552865.0,32074490090655.0,33844493542185.0,22095061490055.0,22705650284355.0,42300570285.763824,35785594970.45534,-6208259118.782504,-430408350307.6574,-772448746170.6301,-173164677803.26562,452469115737.5547,0.00044045596012897196,0.00037261858374526644,-6.464368476405795e-05,-1.4316142883585392e-06,-2.569301132870791e-06,-5.759763415485653e-07,1.5049922954975545e-06,3.0898695824076388,7.6692386551161915,9.866238082396833,9.959009599663291,9.99999999999983,-9.999997346222225,9.999999999999206,0.31830988618379064,0.018523580182491495,0.050660230133843,0.056583405927614426,0.033729937365461767,0.06653026830360786,0.060711615001562504,0.09652660912729787,0.03524361243796401,0.059585788084386145,0.0880008859758506,0.02770855502949121,0.018147717908595255,0.13446171240565455,0.13929084325522845,0.021988651606304064,0.10207135031733992,0.08554578447270034,0.039087685306459063,0.015033231174309757,0.0646089421641809,0.1576431844960138,0.24711162422320448,0.016892416428192614,0.14820376222294188,56,57,756
C:\Users\damba\.cache\kagglehub\datasets\sunnykusawa\ecommerce-products-image-dataset\versions\1\ecommerce products\jeans\37.jpg,jeans,exito,5347350.0,596444235.0,533193525.0,72653960715.0,74511827475.0,59343041550.0,9471876681435.0,12047441351985.0,7230077609640.0,8280890964060.0,6126479726.335479,21346178115.611584,-129445593.27253242,1345849226.0409184,360809308997.59564,14502181972.972656,-4355154565.6640625,0.00021425638786261997,0.0007465225091765207,-4.526995351031044e-06,2.0354005233441876e-08,5.456714185745149e-06,2.1932433593808635e-07,-6.586535631687432e-08,3.0173764993288215,6.547463483711913,9.909828676583063,9.87870454013619,9.999999999996186,9.999925517010562,9.999999999999918,0.0,0.0,0.0,0.0,0.0,0.0,0.0,0.0,0.0,0.0,0.0,0.0,0.0,0.0,0.0,0.0,0.0,0.0,0.0,0.0,0.0,0.0,0.0,0.0,0.0,56,57,756
C:\Users\damba\.cache\kagglehub\datasets\sunnykusawa\ecommerce-products-image-dataset\versions\1\ecommerce products\jeans\38.jpg,jeans,exito,5347350.0,596444235.0,533193525.0,72653960715.0,74511827475.0,59343041550.0,9471876681435.0,12047441351985.0,7230077609640.0,8280890964060.0,6126479726.335479,21346178115.611584,-129445593.27253242,1345849226.0409184,360809308997.59564,14502181972.972656,-4355154565.6640625,0.00021425638786261997,0.0007465225091765207,-4.526995351031044e-06,2.0354005233441876e-08,5.456714185745149e-06,2.1932433593808635e-07,-6.586535631687432e-08,3.0173764993288215,6.547463483711913,9.909828676583063,9.87870454013619,9.999999999996186,9.999925517010562,9.999999999999918,0.0,0.0,0.0,0.0,0.0,0.0,0.0,0.0,0.0,0.0,0.0,0.0,0.0,0.0,0.0,0.0,0.0,0.0,0.0,0.0,0.0,0.0,0.0,0.0,0.0,56,57,756
C:\Users\damba\.cache\kagglehub\datasets\sunnykusawa\ecommerce-products-image-dataset\versions\1\ecommerce products\jeans\39.jpg,jeans,exito,5438640.0,702330945.0,590483355.0,95753762505.0,84358132275.0,76803723870.0,13665626513295.0,13781410556145.0,10522706908440.0,10993013295300.0,5056684503.037561,20248245882.067936,550334654.3283523,-5762385145.172874,225709629094.74338,-15596243360.257812,-20264594991.847656,0.00017095634845823307,0.0006845525317237843,1.860570950738237e-05,-8.35365434020362e-08,3.272082957336734e-06,-2.260966991184706e-07,-2.937731818358666e-07,3.0677754273583835,6.576318854781122,9.934637281368934,9.960901722124191,9.9999999999995,9.99997999463174,-9.999999999999915,0.3183098861837906,0.022360161314034392,0.014966901774506885,0.008659897122328388,0.052939026850573945,0.0844566990927902,0.04224430765020116,0.019560736532038624,0.05944818113715679,0.08874985920002643,0.11500982892516608,0.08006200488863668,0.08581632567193363,0.10163780802455273,0.07402096135739161,0.056249147473680046,0.09864701688601551,0.08507034090570503,0.06476490977216719,0.05510933423504901,0.11924040558722314,0.19643895457289387,0.06260682912103742,0.14528773707658038,0.06435677644882996,56,57,756
C:\Users\damba\.cache\kagglehub\datasets\sunnykusawa\ecommerce-products-image-dataset\versions\1\ecommerce products\jeans\4.jpg,jeans,exito,6437220.0,713498925.0,932170095.0,97393778685.0,161340251085.0,104001602610.0,14878604222445.0,29658979310175.0,14887891323210.0,18037115592180.0,18309839348.429924,26353240230.576977,680237067.1650668,24605481142.0279,-1337003750807.5083,633560298087.3125,-42783651813.71094,0.00044186319644042043,0.0006359710068042485,1.6415858114046615e-05,2.340377864806606e-07,-1.2717060745496199e-05,6.026179651212528e-06,-4.0694149040383166e-07,2.9674479986275415,7.410544551403669,8.97860990269642,9.839238080049906,9.999999999959872,9.999961957649107,9.999999999998783,0.0,0.0,0.0,0.0,0.0,0.0,0.0,0.0,0.0,0.0,0.0,0.0,0.0,0.0,0.0,0.0,0.0,0.0,0.0,0.0,0.0,0.0,0.0,0.0,0.0,56,57,756
C:\Users\damba\.cache\kagglehub\datasets\sunnykusawa\ecommerce-products-image-dataset\versions\1\ecommerce products\jeans\40.jpg,jeans,exito,6535905.0,868799025.0,681093525.0,124824876345.0,99707375835.0,92036894235.0,19081496805435.0,16679869516785.0,13347689700645.0,13481060454975.0,9337924524.10439,28731988371.9133,1501093844.1110244,6358732220.573005,301358728006.57367,-59131967341.21875,-85605753612.6914,0.0002185943322033462,0.0006725959065978937,3.5139565069409745e-05,5.822455911526528e-08,2.7594304123941757e-06,-5.414495545073408e-07,-7.838602238513245e-07,3.0500295302359355,6.675395368975522,9.90300424753279,9.976969947007271,9.999999999999751,9.99999232105119,-9.999999999999881,0.3183098861837906,0.04518870157928392,0.0004199498117757635,0.06475730488663607,0.09648166680465527,0.06202518545848994,0.037098575828446397,0.09506509825506079,0.01105761498152341,0.13961514604336203,0.11916077202087459,0.04084894855926045,0.1269976032994985,0.10159741122260536,0.043619696482893454,0.09069387608717215,0.12125021880272148,0.1562661279956104,0.04711819143632412,0.14507749670799214,0.2339695422620428,0.08505557684387911,0.12167026486663289,0.18026285105659395,0.10530028924296249,56,57,756
C:\Users\damba\.cache\kagglehub\datasets\sunnykusawa\ecommerce-products-image-dataset\versions\1\ecommerce products\jeans\41.jpg,jeans,exito,6044775.0,831716925.0,551768745.0,124567311555.0,74507727585.0,75172679865.0,19928492096235.0,11831237019345.0,11064364724175.0,10016614772475.0,10129132577.04703,24142122916.691414,-746672617.5174055,1549683682.1202462,622751497694.5742,-100700751029.58594,-98791814130.29297,0.0002772119675597597,0.0006607165365740201,-2.0434778975450944e-05,1.725014340385138e-08,6.93209379703662e-06,-1.1209399803185792e-06,-1.0996908469363048e-06,3.02783021920178,6.827262612357107,9.66357380014655,9.869855475347006,9.999999999990578,9.999943477754925,-9.999999999997685,0.3183098861837905,0.0016667344716808513,0.017045130128747824,0.0369194993007712,0.012257856826434831,0.044831800485205464,0.0009425720716304759,0.06550668133760051,0.04487179664596367,0.039320548799604824,0.05342263791655279,0.09455336738432331,0.060788925291998384,0.09467169132841038,0.08927402587481235,0.10273103054290733,0.05680455577824032,0.024496787594169022,0.06654827169188181,0.11232789328699348,0.14901428537531597,0.10673771553919119,0.15789793285689668,0.14411539949983282,0.09526119331901295,56,57,756
C:\Users\damba\.cache\kagglehub\datasets\sunnykusawa\ecommerce-products-image-dataset\versions\1\ecommerce products\jeans\42.jpg,jeans,exito,9917460.0,1153372905.0,1283145975.0,176773118325.0,201599717385.0,143459611560.0,30097471375305.0,34543252530315.0,21466282219500.0,22363014805890.0,42639070092.071495,35583056550.60282,-5766682342.350755,-378358250990.0626,-747878213434.6143,-63771336158.796875,409746407113.03125,0.0004335176757968577,0.0003617781518277962,-5.863070467335384e-05,-1.2215241721379824e-06,-2.414514056810524e-06,-2.0588484169082729e-07,1.3228603827867995e-06,3.0994712413806016,7.72131960849439,9.885502783084224,9.971116722809981,9.999999999999813,-9.999998134333266,9.999999999999613,0.0,0.0,0.0,0.0,0.0,0.0,0.0,0.0,0.0,0.0,0.0,0.0,0.0,0.0,0.0,0.0,0.0,0.0,0.0,0.0,0.0,0.0,0.0,0.0,0.0,56,57,756
C:\Users\damba\.cache\kagglehub\datasets\sunnykusawa\ecommerce-products-image-dataset\versions\1\ecommerce products\jeans\43.jpg,jeans,exito,5015085.0,560347455.0,492700035.0,67810480005.0,67889931375.0,55129730610.0,8737932502605.0,10809389986005.0,6687031242660.0,7602504136560.0,5201517180.84507,19485303240.282196,79175995.14084467,-1050729380.2518767,311025403638.9181,7392112599.625,1442480125.4609375,0.0002068109077637058,0.000774730354830653,3.148016022800592e-06,-1.865499472295292e-08,5.522047229894194e-06,1.3124199639722776e-07,2.5610266196218502e-08,3.0080913943136074,6.4912385328043305,9.898566403642421,9.879558590112572,9.999999999995975,9.999921178401268,-9.99999999999994,0.0,0.0,0.0,0.0,0.0,0.0,0.0,0.0,0.0,0.0,0.0,0.0,0.0,0.0,0.0,0.0,0.0,0.0,0.0,0.0,0.0,0.0,0.0,0.0,0.0,56,57,756
C:\Users\damba\.cache\kagglehub\datasets\sunnykusawa\ecommerce-products-image-dataset\versions\1\ecommerce products\jeans\44.jpg,jeans,exito,5015085.0,560347455.0,492700035.0,67810480005.0,67889931375.0,55129730610.0,8737932502605.0,10809389986005.0,6687031242660.0,7602504136560.0,5201517180.84507,19485303240.282196,79175995.14084467,-1050729380.2518767,311025403638.9181,7392112599.625,1442480125.4609375,0.0002068109077637058,0.000774730354830653,3.148016022800592e-06,-1.865499472295292e-08,5.522047229894194e-06,1.3124199639722776e-07,2.5610266196218502e-08,3.0080913943136074,6.4912385328043305,9.898566403642421,9.879558590112572,9.999999999995975,9.999921178401268,-9.99999999999994,0.0,0.0,0.0,0.0,0.0,0.0,0.0,0.0,0.0,0.0,0.0,0.0,0.0,0.0,0.0,0.0,0.0,0.0,0.0,0.0,0.0,0.0,0.0,0.0,0.0,56,57,756
C:\Users\damba\.cache\kagglehub\datasets\sunnykusawa\ecommerce-products-image-dataset\versions\1\ecommerce products\jeans\45.jpg,jeans,exito,4393905.0,553675635.0,477236325.0,73977428055.0,64256791335.0,60893532330.0,10383143046885.0,9639328590705.0,8291647754520.0,8173341004320.0,4208803382.265101,12422600586.791826,757019299.0078906,550973421.7608131,-38328858642.21934,65934595020.421875,-88097047229.55078,0.00021800041083667483,0.0006434446529367378,3.921079299888686e-05,1.3614571980426044e-08,-9.471073999257367e-07,1.6292460842067051e-06,-2.1768810316414743e-06,3.064772362822553,6.727571799492827,9.75233911546743,9.97821123025628,9.999999999999968,-9.99999120805283,-9.999999999999558,0.3183098861837905,0.024125585202030633,0.08295599843273936,0.07684745500966975,0.0467805022553757,0.011512433380224984,0.13112403362151895,0.07045365721087846,0.017350953578532384,0.05317786825552279,0.028085472643574357,0.004107429733378458,0.1522072300813135,0.030589168389017367,0.016547013435600916,0.011056151215248586,0.006519287877362598,0.027894192427821707,0.0020749229170400818,0.0034611247778366223,0.11577911888404324,0.1902462707050098,0.05124370729504497,0.11277087874292695,0.09727408882749168,56,57,756
C:\Users\damba\.cache\kagglehub\datasets\sunnykusawa\ecommerce-products-image-dataset\versions\1\ecommerce products\jeans\46.jpg,jeans,exito,4864635.0,673262730.0,522695940.0,101782927680.0,72734778120.0,70866906945.0,16583193349920.0,11217991108470.0,10549842809685.0,9670712912565.0,8603747000.040894,16572076151.09923,-1473915238.8465116,114986353057.32788,-158502104941.822,21435505815.16797,-79000326047.36719,0.00036356922200620785,0.0007002875413763493,-6.228335360023641e-05,2.2030312092638312e-06,-3.036752402667769e-06,4.106842859311115e-07,-1.5135725170585973e-06,2.973116800259783,6.8894234495541165,9.785949076971598,9.969110627606655,-9.999999999999858,9.999988651597247,-9.999999999999321,0.31830988618379064,0.018633345127612864,0.05067944974362216,0.056260848150712646,0.02881388411388492,0.06571046264023932,0.06001385346295738,0.09371866104760875,0.036017276959049944,0.040029456604271506,0.08425201404278322,0.02847152877344505,0.01331101504911034,0.1253915311340784,0.14221626006073798,0.021070160362549696,0.06867507010465414,0.0684157024703609,0.02993676175713091,0.015315826267773393,0.08068140787370691,0.1368980998282773,0.24735162376156317,0.015865017555769138,0.1487809577994675,56,57,756
C:\Users\damba\.cache\kagglehub\datasets\sunnykusawa\ecommerce-products-image-dataset\versions\1\ecommerce products\jeans\47.jpg,jeans,exito,5397585.0,720898005.0,522638310.0,106503861255.0,69260518380.0,72333157200.0,17050610874675.0,10439738351490.0,11073653020380.0,9633525259140.0,10221184166.453905,18654404149.347572,2529918341.2193446,95753535291.79099,120824838652.10297,85289849668.73438,-106800093400.74219,0.00035083445077000797,0.0006402983771349726,8.68375422338753e-05,1.414673088019033e-06,1.7850792358162224e-06,1.2600814647716886e-06,-1.5778761324220466e-06,3.0038680952784285,6.942895572853298,9.848377997592964,9.961381272749822,-9.99999999999988,9.999989125992052,9.999999999999213,0.3183098861837906,0.015487813324083898,0.016192615129877512,0.008860232647674564,0.03891614662162014,0.08487237269349421,0.049682953219610866,0.013265103050909879,0.05433747947453843,0.06970137219779751,0.11029420761129742,0.07623387878359252,0.10977963177619263,0.07880536343530155,0.051378423742928496,0.049697223315704024,0.07568572979737921,0.0641169595014638,0.048972163568372876,0.050329242001735164,0.1685483622880123,0.15050974911377654,0.02635397683539937,0.12585987470233806,0.06888155068282296,56,57,756
C:\Users\damba\.cache\kagglehub\datasets\sunnykusawa\ecommerce-products-image-dataset\versions\1\ecommerce products\jeans\48.jpg,jeans,exito,12548805.0,1393990395.0,1394422365.0,207381097785.0,206530452465.0,153653122575.0,34733253617835.0,34407152284035.0,22731725314455.0,22618681970805.0,52528964745.06067,51582333340.3349,-1246996072.4077826,25805136114.06062,-6148461977.198655,-35401892843.03125,-46726296065.74219,0.0003335754651386211,0.00032756405766697625,-7.918817682744706e-06,4.625942469943859e-08,-1.1022004014797901e-08,-6.346299391528762e-08,-8.37636184045976e-08,3.179706814325691,9.41232526836778,9.999476084997735,9.999969797695366,10.0,-9.999999999507594,-10.0,0.31830988618379047,0.005746327012967439,0.03259232630135819,0.002668463990455919,0.014699925539408746,0.06636658904236713,0.007275858600715204,0.003854057149149744,0.08747847909886385,0.021385411444666807,0.12267297816931882,0.12310715678482978,0.08634592947108971,0.0239738872832026,0.03510324535958519,0.03820869007652629,0.032509752562980984,0.1601642016503837,0.16527398405027288,0.12658380173778488,0.19322361867642687,0.06963073998386161,0.07324054256727065,0.06189675593029485,0.3695485074106989,56,57,756
C:\Users\damba\.cache\kagglehub\datasets\sunnykusawa\ecommerce-products-image-dataset\versions\1\ecommerce products\jeans\49.jpg,jeans,exito,4912575.0,547409010.0,495029205.0,66629510490.0,69016459665.0,55269231165.0,8677924345830.0,11090229523605.0,6820252684545.0,7708646878545.0,5631637840.894365,19133472880.486374,108048479.72047551,-1681149137.6205351,279520496727.65424,82066085859.90234,-3643756194.9414062,0.00023335458094982431,0.0007928214974547535,4.477135856348489e-06,-3.142919501294347e-08,5.225654289186106e-06,1.5342309368760005e-06,-6.81202645664882e-08,2.988778071251012,6.504201252010884,9.99818849168009,9.836522688230795,9.999999999999154,9.999889061348485,9.999999999999805,0.0,0.0,0.0,0.0,0.0,0.0,0.0,0.0,0.0,0.0,0.0,0.0,0.0,0.0,0.0,0.0,0.0,0.0,0.0,0.0,0.0,0.0,0.0,0.0,0.0,56,57,756
C:\Users\damba\.cache\kagglehub\datasets\sunnykusawa\ecommerce-products-image-dataset\versions\1\ecommerce products\jeans\5.jpg,jeans,exito,6531060.0,723293475.0,910160790.0,97790478105.0,156824981130.0,100275915930.0,14742223452195.0,28940864831880.0,14185495874940.0,17295124992900.0,17688097943.498558,29986050902.22318,-521406496.6574214,-5548943995.46705,-1271719997123.44,673018731441.9062,72597857869.9375,0.00041468066584658507,0.0007029944991238573,-1.2223880368669464e-05,-5.090391178532886e-08,-1.1666277872347048e-05,6.17401908600614e-06,6.65985267797624e-07,2.9516843602396765,7.07663908241691,8.993305786717894,9.8842456403709,9.999999999978604,9.999961987599821,-9.999999999994152,0.0,0.0,0.0,0.0,0.0,0.0,0.0,0.0,0.0,0.0,0.0,0.0,0.0,0.0,0.0,0.0,0.0,0.0,0.0,0.0,0.0,0.0,0.0,0.0,0.0,56,57,756
C:\Users\damba\.cache\kagglehub\datasets\sunnykusawa\ecommerce-products-image-dataset\versions\1\ecommerce products\jeans\50.jpg,jeans,exito,4912575.0,547409010.0,495029205.0,66629510490.0,69016459665.0,55269231165.0,8677924345830.0,11090229523605.0,6820252684545.0,7708646878545.0,5631637840.894365,19133472880.486374,108048479.72047551,-1681149137.6205351,279520496727.65424,82066085859.90234,-3643756194.9414062,0.00023335458094982431,0.0007928214974547535,4.477135856348489e-06,-3.142919501294347e-08,5.225654289186106e-06,1.5342309368760005e-06,-6.81202645664882e-08,2.988778071251012,6.504201252010884,9.99818849168009,9.836522688230795,9.999999999999154,9.999889061348485,9.999999999999805,0.0,0.0,0.0,0.0,0.0,0.0,0.0,0.0,0.0,0.0,0.0,0.0,0.0,0.0,0.0,0.0,0.0,0.0,0.0,0.0,0.0,0.0,0.0,0.0,0.0,56,57,756
C:\Users\damba\.cache\kagglehub\datasets\sunnykusawa\ecommerce-products-image-dataset\versions\1\ecommerce products\jeans\51.jpg,jeans,exito,4865400.0,658654035.0,516487965.0,93802435695.0,68677977765.0,70244971125.0,13938512323965.0,10278020580045.0,10058920614285.0,9309674475015.0,4637076665.57155,13850046250.66588,325358723.92532164,-15491720123.022429,46978243857.90378,13204579256.917969,-56691065534.16016,0.00019588770342042147,0.0005850784768026164,1.3744386348133537e-05,-2.9669024370905586e-07,8.997055529367279e-07,2.528879818832023e-07,-1.0857210119914378e-06,3.1073677172484486,6.81722855457938,9.96343381087457,9.986153969746766,9.999999999999966,-9.999998634853034,-9.999999999999932,0.3183098861837906,0.029311320445289658,0.013274321487904861,0.010069454963132997,0.0636030845097323,0.0845886181942588,0.03463118783817633,0.012110532755767515,0.05883726517945785,0.09501608571554682,0.11507812150788675,0.07735348640601053,0.06955732414746868,0.07563743533113013,0.07140430281141658,0.05482143844316547,0.08516222931435327,0.08345251021859666,0.05572659504721718,0.051906781167853376,0.10353119191911173,0.14874165312278773,0.06545233717929255,0.1348715106518317,0.07094522599426913,56,57,756
C:\Users\damba\.cache\kagglehub\datasets\sunnykusawa\ecommerce-products-image-dataset\versions\1\ecommerce products\jeans\52.jpg,jeans,exito,5567670.0,767761140.0,551261805.0,114657709890.0,72973975515.0,77716526715.0,18314003490150.0,10823205207705.0,11782611011715.0,10275219528975.0,8786282866.828789,18392871093.966064,1699558783.1258519,79936608432.23264,-44238462126.15324,-38514609736.55859,-124173092482.01953,0.0002834380869477159,0.000593338534095168,5.482633525982135e-05,1.0928536370832758e-06,-6.048062981621673e-07,-5.265526291013971e-07,-1.6976328919671033e-06,3.0571109894902158,6.965925309777967,9.856317501857426,9.992910856626038,9.999999999999945,9.999998117905168,-9.999999999999986,0.31830988618379047,0.021255727791930235,0.03061884523148564,0.0026781913105587045,0.04362213267751819,0.06661478539908648,0.003379338762228424,0.013321715120999032,0.08068036311294191,0.06536509766397328,0.11390983644015718,0.11237655843844555,0.11652342615672091,0.04328903955893327,0.013391803799771024,0.025805115692491647,0.08346512432895371,0.14837301153269916,0.1441500600484845,0.13278205793213232,0.24710938674729663,0.09210941134314683,0.1861242436733939,0.08020664506570915,0.39480824059120795,56,57,756
C:\Users\damba\.cache\kagglehub\datasets\sunnykusawa\ecommerce-products-image-dataset\versions\1\ecommerce products\jeans\53.jpg,jeans,exito,4812360.0,615690615.0,507289095.0,84757084875.0,71159822385.0,66820641660.0,12470416133655.0,11105891021295.0,9521284297980.0,9402329773830.0,5985976022.154779,17684557461.7775,1918361929.6092095,94957890878.60648,-123727751732.91162,95850674239.40234,-106261225558.91406,0.00025847512632050504,0.0007636212051196513,8.283508658387457e-05,1.8691139942488091e-06,-2.435408685904474e-06,1.886687192832477e-06,-2.0916044143409076e-06,2.9905081280108203,6.548644747122187,9.63477381324428,9.99848003834656,9.999999999999991,9.999999272369992,9.999999999999996,0.3183098861837906,0.03740038067096533,0.010731351610862978,0.007490861498876988,0.08246145142341924,0.0836152313002878,0.01855406416286134,0.039670087143152045,0.07037132325452385,0.13377747111998226,0.12826025513132652,0.0899072705968051,0.013020771469828095,0.1681849420294829,0.12603429131670962,0.07166542735977915,0.17541581593202507,0.1509002173535094,0.1116653784172108,0.0680739185104957,0.03649756424181012,0.33940367958751605,0.1743643496999848,0.19873537712150477,0.05301195848110172,56,57,756
C:\Users\damba\.cache\kagglehub\datasets\sunnykusawa\ecommerce-products-image-dataset\versions\1\ecommerce products\jeans\54.jpg,jeans,exito,12345570.0,1404002205.0,1341112320.0,211034155365.0,194784373950.0,155087422350.0,35514898052805.0,31919875483950.0,23454341907000.0,22864309931070.0,51363747952.06873,49097924895.33648,2569178604.861827,-167703092894.22662,93124060162.11513,-54882094267.27344,154236221726.01562,0.0003370035017690884,0.00032213717415568153,1.685667851412671e-05,-3.131577806252122e-07,1.738937756000126e-07,-1.0248323116880753e-07,2.880106267223172e-07,3.1810218210993826,8.836362194912203,9.993031634729988,9.999975107625952,-10.0,-9.999999999185732,-10.0,0.3183098861837905,0.009520098034201034,0.017459133588560286,0.03701584544837651,0.02566889293384717,0.046600567211029155,0.0036017940617493315,0.06795055907321709,0.047434773713379175,0.04833377475280529,0.06415904104706623,0.09229781172462187,0.05266755891005998,0.0994716160043511,0.08385289833592881,0.1018794201714633,0.04010945306678079,0.02465552026811895,0.05298836321528569,0.10645668783166694,0.13759270077959534,0.10668596069051259,0.1384435901861083,0.1312669049443242,0.08351234961584862,56,57,756
C:\Users\damba\.cache\kagglehub\datasets\sunnykusawa\ecommerce-products-image-dataset\versions\1\ecommerce products\jeans\55.jpg,jeans,exito,4299810.0,482555115.0,417355950.0,56965697205.0,57475585770.0,46968813375.0,7022949921675.0,9211012368150.0,5535591758625.0,6478118884665.0,2809946366.5529017,16965426251.229986,130174354.16320887,-848001936.8545411,338755016937.0648,-22934147238.671875,2531362558.3125,0.00015198457024629753,0.0009176271293041066,7.0408793242752296e-06,-2.2119417233489014e-08,8.836139676003912e-06,-5.982179398647639e-07,6.602846310025679e-08,2.970773814748163,6.231726930384038,9.671493469604629,9.775039114240128,9.999999999974182,9.999774365407228,-9.999999999999877,0.3183098861837906,0.042785927788675376,0.0005761697380350924,0.06411672729139589,0.0905650435440888,0.06092945970962734,0.03199545509737605,0.09119559203640588,0.012508594836917101,0.12856040841570424,0.11548546118103564,0.04103599425710514,0.11347382230936141,0.09574789547693073,0.035585781096575696,0.09198337471278993,0.10857416126005602,0.14723772883087405,0.051733097865405996,0.14941410719689613,0.2119604319547044,0.09733692377405173,0.10189858474739669,0.1918468312962081,0.1142773391032697,56,57,756
C:\Users\damba\.cache\kagglehub\datasets\sunnykusawa\ecommerce-products-image-dataset\versions\1\ecommerce products\jeans\56.jpg,jeans,exito,4299810.0,482555115.0,417355950.0,56965697205.0,57475585770.0,46968813375.0,7022949921675.0,9211012368150.0,5535591758625.0,6478118884665.0,2809946366.5529017,16965426251.229986,130174354.16320887,-848001936.8545411,338755016937.0648,-22934147238.671875,2531362558.3125,0.00015198457024629753,0.0009176271293041066,7.0408793242752296e-06,-2.2119417233489014e-08,8.836139676003912e-06,-5.982179398647639e-07,6.602846310025679e-08,2.970773814748163,6.231726930384038,9.671493469604629,9.775039114240128,9.999999999974182,9.999774365407228,-9.999999999999877,0.3183098861837906,0.042785927788675376,0.0005761697380350924,0.06411672729139589,0.0905650435440888,0.06092945970962734,0.03199545509737605,0.09119559203640588,0.012508594836917101,0.12856040841570424,0.11548546118103564,0.04103599425710514,0.11347382230936141,0.09574789547693073,0.035585781096575696,0.09198337471278993,0.10857416126005602,0.14723772883087405,0.051733097865405996,0.14941410719689613,0.2119604319547044,0.09733692377405173,0.10189858474739669,0.1918468312962081,0.1142773391032697,56,57,756
C:\Users\damba\.cache\kagglehub\datasets\sunnykusawa\ecommerce-products-image-dataset\versions\1\ecommerce products\jeans\57.jpg,jeans,exito,4259775.0,564410880.0,426887340.0,79484299170.0,54275232750.0,58841227050.0,11775321193860.0,7875355681860.0,8602533332160.0,7640543321940.0,4701090793.413342,11495320418.415445,2279587237.977247,-1943291720.487984,132265202137.8325,33045806999.039062,-7697663386.3203125,0.00025907488741524234,0.0006335016646297868,0.00012562697318240277,-5.188852784850122e-08,3.5316605078691795e-06,8.823679217422145e-07,-2.0553806552995063e-07,3.049354477590297,6.691597901925016,9.995243020727049,9.922450726775256,9.999999999999636,9.99997090588207,9.999999999999849,0.3183098861837906,0.00048668362671862227,0.01732187082225707,0.008661948515574815,0.013911853002295896,0.08536953302637601,0.057055613735313065,0.006566489136197908,0.04772657767565326,0.042967118830495366,0.10503257413369634,0.07223116259080176,0.134464730979241,0.05627222674635378,0.021847461589638364,0.041761485964430946,0.05558119779683932,0.04338963460413184,0.03480330423658671,0.04551810469281262,0.21796184596491666,0.10837797132468414,0.03494395683299051,0.10522029506857382,0.07361979615355167,56,57,756
C:\Users\damba\.cache\kagglehub\datasets\sunnykusawa\ecommerce-products-image-dataset\versions\1\ecommerce products\jeans\58.jpg,jeans,exito,3284910.0,361184805.0,309833925.0,41158017705.0,41523639255.0,34400195130.0,4852952753085.0,6426550219875.0,3948364857270.0,4644112212270.0,1444764263.3872874,12299988962.935492,333110861.7827225,9805027134.522425,189746214180.2648,-6927474657.630859,15636656245.613281,0.00013389058534187605,0.001139876423912202,3.087037061898158e-05,5.013489523405702e-07,9.70207061997067e-06,-3.542144365659878e-07,7.995308038716295e-07,2.894909969497994,5.993140734965354,9.658607821235117,9.723366572284352,9.99999999996124,9.999619270508857,9.9999999999905,0.31830988618379047,0.036774908056103645,0.041511746033257,0.04290186712259381,0.07523430797964226,0.05793241239482624,0.053206747868202064,0.032519674557465995,0.04246464558313298,0.10074840062948466,0.09818932885034638,0.07179840188188095,0.032597190180894214,0.06739209562330466,0.08780668799141528,0.06958835794311696,0.0856648299547356,0.11221437022954123,0.07564311287868736,0.09242759806019143,0.023758275016047242,0.19922224819169232,0.13227359682458809,0.18184952701546042,0.07940177857841464,56,57,756
C:\Users\damba\.cache\kagglehub\datasets\sunnykusawa\ecommerce-products-image-dataset\versions\1\ecommerce products\jeans\59.jpg,jeans,exito,3442245.0,393984945.0,300444570.0,47488105575.0,38782576680.0,34676749770.0,6021734116725.0,5871769417170.0,4215063131700.0,4507489259850.0,2394238959.854061,12559300985.653751,289122687.38424903,38375328216.195915,294373809830.8176,4042872604.5117188,18127804403.078125,0.00020206166996759577,0.0010599415402302013,2.4400493859619374e-05,1.7456117577583088e-06,1.339043618654741e-05,1.8390164414479608e-07,8.245951234627081e-07,2.898939505948658,6.13168513442402,9.576159210996007,9.536303143053319,9.999999999871097,9.999323838011795,9.999999999928786,0.0,0.0,0.0,0.0,0.0,0.0,0.0,0.0,0.0,0.0,0.0,0.0,0.0,0.0,0.0,0.0,0.0,0.0,0.0,0.0,0.0,0.0,0.0,0.0,0.0,56,57,756
C:\Users\damba\.cache\kagglehub\datasets\sunnykusawa\ecommerce-products-image-dataset\versions\1\ecommerce products\jeans\6.jpg,jeans,exito,5714295.0,544515780.0,579343170.0,68819960490.0,85268273430.0,53647610430.0,9731047134270.0,14191946211630.0,6690821736060.0,7745544162960.0,16932993739.244501,26531629867.55723,-1558062028.321209,-53907799470.94288,167218938215.24802,10453405710.947266,-63750811643.38281,0.0005185712479064378,0.0008125285239740917,-4.7715494541853764e-05,-6.906292398940066e-07,2.1422927540889228e-06,1.339217647781479e-07,-8.167310671181692e-07,2.875789358364986,7.019460554193706,9.974180245808121,9.968780292334623,9.999999999999876,9.999993442251979,-9.99999999999982,0.3183098861837906,0.12197161997163523,0.12500073000993484,0.06547119450015572,0.04707317224857183,0.04431290017992812,0.022094136335052656,0.008927122875497804,0.10162725564708266,0.10406831469765855,0.031219494093859906,0.10296948666336057,0.008753044694884802,0.07496878092563901,0.11067551671354602,0.08024749803577211,0.12927323136582472,0.1149372884752729,0.134110623656761,0.1605490520464386,0.05231987905220895,0.13344102858718088,0.04518666566396228,0.07050385792301815,0.03587833075273757,56,57,756
C:\Users\damba\.cache\kagglehub\datasets\sunnykusawa\ecommerce-products-image-dataset\versions\1\ecommerce products\jeans\60.jpg,jeans,exito,11319960.0,1304489475.0,1270977120.0,195243207945.0,187537622790.0,143082500730.0,32784428580705.0,31016569455540.0,21215667869130.0,20863051658280.0,44916458523.11373,44835454269.66119,-3382352149.852233,-67172010184.078316,-107719039151.85188,73794172310.79688,11116606602.6875,0.0003505223560320278,0.00034989020909296777,-2.6395447982304787e-05,-1.55803107180059e-07,-2.498505100013665e-07,1.7116297854263158e-07,2.578457671953974e-08,3.1546460094415787,8.53951135219434,9.997242105665066,9.999899704557722,-10.0,-9.999999995338205,-10.0,0.3183098861837905,0.030012314967717404,0.021276671866367117,0.036982808017873195,0.06896306699291894,0.05057363090919777,0.02546004050463266,0.0717701801797988,0.05339114773788315,0.10662065786304374,0.09025019060881709,0.08932522070305499,0.012328139709310357,0.10973859263415559,0.08064827381424,0.10633544602941823,0.09116093232077102,0.09030163720736774,0.04322479635873191,0.0977689428355815,0.0213049187400081,0.12266540475360059,0.11296020576863999,0.12095559088453837,0.056072774552643916,56,57,756
C:\Users\damba\.cache\kagglehub\datasets\sunnykusawa\ecommerce-products-image-dataset\versions\1\ecommerce products\jeans\61.jpg,jeans,exito,4394160.0,493397970.0,437054700.0,58621900530.0,61183815150.0,49031172030.0,7305007740900.0,9939514118700.0,5805162348720.0,6851952480420.0,3220741537.127433,17713206252.715874,-43486552.97354143,-630058285.8825165,330407016346.7792,-15760147422.632812,-9417653379.742188,0.0001668031091732409,0.0009173719288928449,-2.252180797370998e-06,-1.5566503060262755e-08,8.163184178889543e-06,-3.893772823588439e-07,-2.3267677521439073e-07,2.964900556033942,6.249126239975028,9.726907904695205,9.794542015024112,9.999999999980886,9.999803180820575,-9.999999999999565,0.0,0.0,0.0,0.0,0.0,0.0,0.0,0.0,0.0,0.0,0.0,0.0,0.0,0.0,0.0,0.0,0.0,0.0,0.0,0.0,0.0,0.0,0.0,0.0,0.0,56,57,756
C:\Users\damba\.cache\kagglehub\datasets\sunnykusawa\ecommerce-products-image-dataset\versions\1\ecommerce products\jeans\62.jpg,jeans,exito,4394160.0,493397970.0,437054700.0,58621900530.0,61183815150.0,49031172030.0,7305007740900.0,9939514118700.0,5805162348720.0,6851952480420.0,3220741537.127433,17713206252.715874,-43486552.97354143,-630058285.8825165,330407016346.7792,-15760147422.632812,-9417653379.742188,0.0001668031091732409,0.0009173719288928449,-2.252180797370998e-06,-1.5566503060262755e-08,8.163184178889543e-06,-3.893772823588439e-07,-2.3267677521439073e-07,2.964900556033942,6.249126239975028,9.726907904695205,9.794542015024112,9.999999999980886,9.999803180820575,-9.999999999999565,0.0,0.0,0.0,0.0,0.0,0.0,0.0,0.0,0.0,0.0,0.0,0.0,0.0,0.0,0.0,0.0,0.0,0.0,0.0,0.0,0.0,0.0,0.0,0.0,0.0,56,57,756
C:\Users\damba\.cache\kagglehub\datasets\sunnykusawa\ecommerce-products-image-dataset\versions\1\ecommerce products\jeans\63.jpg,jeans,exito,4012425.0,548176815.0,444763095.0,78476467515.0,59978883795.0,62086730115.0,11697248900835.0,9040618919895.0,9077216132295.0,8451352219365.0,3584645112.451854,10678470535.19352,1323272393.8856015,-3659825464.435523,24830911020.691547,16807260065.953125,-36312705677.453125,0.00022265492744108452,0.0006632773977921102,8.219310687742345e-05,-1.1348620029367737e-07,7.699727128936499e-07,5.211702308669711e-07,-1.1260075185996352e-06,3.052599402794157,6.6550755236903,9.953555954542429,9.986306016757782,9.999999999999925,-9.999997965058606,-9.999999999999961,0.3183098861837906,0.028508846080696076,0.013492972573250887,0.00991458254270883,0.06228805519577591,0.08457488989741234,0.03563777200893762,0.012675512208786748,0.058850766531590874,0.09399290242097086,0.1149806437466898,0.0776290965566462,0.07182949021582483,0.07822047831727966,0.0714154410386574,0.0549132310653287,0.08629700753249947,0.08323452112052808,0.05660293303658926,0.05222670065866099,0.10623180372957183,0.15367664094278963,0.06449070487996308,0.13584487668939063,0.07027234966091028,56,57,756
C:\Users\damba\.cache\kagglehub\datasets\sunnykusawa\ecommerce-products-image-dataset\versions\1\ecommerce products\jeans\64.jpg,jeans,exito,4302360.0,541922175.0,372713355.0,72066205095.0,46549537275.0,46675612590.0,10061008658325.0,6836201873235.0,6123674224620.0,5765788061370.0,3806077221.75587,14261387283.982042,-271093867.1879429,24779727797.969795,332689100106.4437,-51126007532.640625,-50588503071.95508,0.00020561940643942287,0.0007704567767498682,-1.464556728957718e-05,6.454010438553476e-07,8.665062596272218e-06,-1.331603756859107e-06,-1.317604170470116e-06,3.010516239634989,6.4948510728583795,9.550651254020702,9.811826986328407,9.999999999976703,9.999867949830385,9.999999999998268,0.31830988618379047,0.02797467629967643,0.044196918752653226,0.041526818544106316,0.05886602384073788,0.055673151494559814,0.0662847831480364,0.02417410356084419,0.04324462343897964,0.08422498468909459,0.09206922712961282,0.07245872528392319,0.06410983527012888,0.09631825937082203,0.08804326099641223,0.0719466855992099,0.09374403405551654,0.10642664262208304,0.08368589549613349,0.0941573019131653,0.015856760412140836,0.2536892319463392,0.13124809049625943,0.18709876756330826,0.09277819893377007,56,57,756
C:\Users\damba\.cache\kagglehub\datasets\sunnykusawa\ecommerce-products-image-dataset\versions\1\ecommerce products\jeans\65.jpg,jeans,exito,4073370.0,509633055.0,388384890.0,68902341555.0,51179794380.0,50547068490.0,10029478061835.0,7707484944780.0,7129786272330.0,6733190397630.0,5140431699.368662,14148338170.445728,1954925373.48003,122600305759.73947,129616904675.21127,70958440252.78125,-42880010024.03906,0.0003098074606316824,0.0008527028423084463,0.00011782093433060813,3.6610604679336766e-06,3.8705884356625775e-06,2.1189436589561993e-06,-1.2804724147365192e-06,2.9346031520558333,6.455482401135295,9.789230631899617,9.849115610386736,-9.999999999990871,9.999899605971635,9.999999999998938,0.3183098861837906,0.03883817128003732,0.010214802743852083,0.010572841144487187,0.08318362072482893,0.08394523811399598,0.01787781468363967,0.01589197161335424,0.06568569380300221,0.12277429609573895,0.12164076468100106,0.08215647462577377,0.020775359802149816,0.09580041753393467,0.1013116225297591,0.06363760984441988,0.12044977793755002,0.11397974208197277,0.07933759138155298,0.058191830011296776,0.011713222856666155,0.19803410251933476,0.12145873151092866,0.15988772071495233,0.06871394526649544,56,57,756
C:\Users\damba\.cache\kagglehub\datasets\sunnykusawa\ecommerce-products-image-dataset\versions\1\ecommerce products\jeans\66.jpg,jeans,exito,8580240.0,1223367090.0,983049990.0,195761539560.0,148426595400.0,140034715230.0,33713398528980.0,25177331087070.0,22307269710810.0,21105025771230.0,21334363059.684383,35797195425.29065,-128147998.86411901,-281890681123.2422,-30778282064.673306,-84858646662.89062,-28212962779.953125,0.0002897882751528218,0.0004862393823796174,-1.740656022925495e-06,-1.3071701729431635e-06,-1.4272359813052105e-07,-3.935025144926924e-07,-1.3082782052020676e-07,3.110122744299064,7.412231165851672,9.991767655551868,9.989889339145963,9.999999999999979,-9.999998457776615,-9.999999999999995,0.31830988618379064,0.01740345737884742,0.05047059090590867,0.056117793534168535,0.021866925683735498,0.06559716836717215,0.05865150944407295,0.09270687172676106,0.03586621927353079,0.008570466168236356,0.08291745052801267,0.028567812093532218,0.00832775825455497,0.1214534931599745,0.14162916424128102,0.02078453609218409,0.023460272999709007,0.053737606829042876,0.023055936123731878,0.015154010945166146,0.09374330060104727,0.12552081952357685,0.24330233768123885,0.01463065676151952,0.14891597004616092,56,57,756
C:\Users\damba\.cache\kagglehub\datasets\sunnykusawa\ecommerce-products-image-dataset\versions\1\ecommerce products\jeans\67.jpg,jeans,exito,4814400.0,537746040.0,552813225.0,63318374250.0,84881998665.0,61724923620.0,7799287858920.0,14647665102405.0,7297750212930.0,9474928018320.0,3254648025.4067807,21405249384.73649,-21736940.68855831,-137445726.083503,-14619152134.555586,32077073318.523438,-1003709999.5585938,0.00014041699924316158,0.0009234979829441211,-9.378083161027708e-07,-2.702562920408746e-09,-2.874529431541663e-07,6.307239331196579e-07,-1.973571317890629e-08,2.973093034455657,6.212313336825611,9.979829563802326,9.999486366500005,-10.0,9.999999600844655,10.0,0.3183098861837905,0.20900391721083364,0.02369799342244602,0.05467554068989289,0.025184703607167108,0.0580006988790857,0.1269583046190649,0.10998861802229434,0.1087179477488948,0.09828637933412923,0.07420225939869438,0.18958178756969515,0.010658154499038598,0.06334526896818171,0.050158046687367945,0.15839078298563478,0.121338934910325,0.052370803993751325,0.2059099454662496,0.12386879330993111,0.04878892691756063,0.1665130461964138,0.040443067213015334,0.2878733103858489,0.14190071981510433,56,57,756
C:\Users\damba\.cache\kagglehub\datasets\sunnykusawa\ecommerce-products-image-dataset\versions\1\ecommerce products\jeans\68.jpg,jeans,exito,4814400.0,537746040.0,552813225.0,63318374250.0,84881998665.0,61724923620.0,7799287858920.0,14647665102405.0,7297750212930.0,9474928018320.0,3254648025.4067807,21405249384.73649,-21736940.68855831,-137445726.083503,-14619152134.555586,32077073318.523438,-1003709999.5585938,0.00014041699924316158,0.0009234979829441211,-9.378083161027708e-07,-2.702562920408746e-09,-2.874529431541663e-07,6.307239331196579e-07,-1.973571317890629e-08,2.973093034455657,6.212313336825611,9.979829563802326,9.999486366500005,-10.0,9.999999600844655,10.0,0.3183098861837905,0.20900391721083364,0.02369799342244602,0.05467554068989289,0.025184703607167108,0.0580006988790857,0.1269583046190649,0.10998861802229434,0.1087179477488948,0.09828637933412923,0.07420225939869438,0.18958178756969515,0.010658154499038598,0.06334526896818171,0.050158046687367945,0.15839078298563478,0.121338934910325,0.052370803993751325,0.2059099454662496,0.12386879330993111,0.04878892691756063,0.1665130461964138,0.040443067213015334,0.2878733103858489,0.14190071981510433,56,57,756
C:\Users\damba\.cache\kagglehub\datasets\sunnykusawa\ecommerce-products-image-dataset\versions\1\ecommerce products\jeans\69.jpg,jeans,exito,5188995.0,684420000.0,606827835.0,96856847370.0,86995612575.0,80220384465.0,14522167888980.0,13776068672325.0,11524846548555.0,11415735680775.0,6582962658.22055,16030036132.781952,180780104.09774277,10343136392.260008,-146917084308.35895,150218122018.51562,-101126824766.61719,0.00024448650213002775,0.0005953440216203812,6.71404314444444e-06,1.6863360374638266e-07,-2.3953234724207524e-06,2.449143306565354e-06,-1.6487630298083481e-06,3.075808293209233,6.908750614205026,9.655443319365173,9.990575962905561,-9.999999999999943,-9.999996656918972,-9.999999999999856,0.31830988618379047,0.01210890512133418,0.03205697389465394,0.0025277458452608245,0.027539612792663034,0.06648912517031594,0.0039983744703848915,0.005591607490076855,0.08368491746185933,0.040509671665091465,0.11708695205804252,0.11718562381293736,0.09582768759219623,0.021407805332148484,0.011555150241042794,0.02920092786033355,0.03465588401303725,0.14975680701367866,0.15231081595381318,0.1297836861724451,0.20563455987974003,0.05199030396049704,0.1369561755310429,0.05498616602192428,0.3829051679939321,56,57,756
C:\Users\damba\.cache\kagglehub\datasets\sunnykusawa\ecommerce-products-image-dataset\versions\1\ecommerce products\jeans\7.jpg,jeans,exito,4718010.0,521048385.0,484760865.0,62800856595.0,69080708955.0,53682835110.0,8102382781365.0,11303185360755.0,6570122359620.0,7671235741590.0,5257227075.115933,19273036602.55729,146732850.9007136,5574114241.315749,244867973317.56036,85119700509.55469,11936053138.539062,0.00023617777223617752,0.0008658296063648553,6.591885293223616e-06,1.1528657117254585e-07,5.064479809995497e-06,1.7604874938236292e-06,2.468673192013118e-07,2.9578154582028,6.4014992172036855,9.998101507971933,9.833536333575456,-9.99999999999984,9.999872718754107,-9.999999999999096,0.0,0.0,0.0,0.0,0.0,0.0,0.0,0.0,0.0,0.0,0.0,0.0,0.0,0.0,0.0,0.0,0.0,0.0,0.0,0.0,0.0,0.0,0.0,0.0,0.0,56,57,756
C:\Users\damba\.cache\kagglehub\datasets\sunnykusawa\ecommerce-products-image-dataset\versions\1\ecommerce products\jeans\70.jpg,jeans,exito,3903030.0,447427335.0,422789490.0,54188362665.0,60663205620.0,49670286180.0,6938056679295.0,9708692138010.0,6192482561190.0,7170274513410.0,2897129929.099373,14865209485.084286,1203434842.2677383,61895096661.56127,-83052849788.92233,46701077646.603516,-44626635065.62891,0.00019017971569215992,0.0009758144725171416,7.899849221731867e-05,2.056608005252545e-06,-2.7596233780665735e-06,1.5517515170401668e-06,-1.4828233555446434e-06,2.933303577025768,6.192272208111148,9.704880717093072,9.992302636971742,-9.999999999999952,9.999997096536333,-9.99999999999991,0.3183098861837905,0.014592888735192124,0.0180355536450815,0.03735365001155517,0.028434851682385114,0.04745079032775593,0.004701700917019741,0.07132217626544797,0.04920188259531389,0.046787418638381165,0.06817707917688437,0.08883847130750261,0.05479845038302289,0.10731747405270704,0.09419357531399976,0.09162147806593787,0.04403809850976867,0.0366334384143262,0.029766489603360716,0.09653618890015253,0.14595671147873623,0.11722417827027264,0.15919164801538033,0.10098081548778064,0.09114494859344803,56,57,756
C:\Users\damba\.cache\kagglehub\datasets\sunnykusawa\ecommerce-products-image-dataset\versions\1\ecommerce products\jeans\71.jpg,jeans,exito,5830065.0,749844585.0,643033755.0,104551745985.0,91469436105.0,84138856245.0,15578268004125.0,14450580503505.0,11955456510135.0,11901333528195.0,8109098835.470407,20545285161.674324,1433881401.843587,45218495901.2797,-170278560063.78812,54958278648.734375,-179480260406.33984,0.00023857547664410075,0.0006044569562767059,4.218581445814881e-05,5.50975922102792e-07,-2.0748011355863382e-06,6.696527085238953e-07,-2.186921524159624e-06,3.074155665475656,6.850510449518233,9.776623636106015,9.980257612881568,9.999999999999988,9.999999430663943,9.999999999999643,0.3183098861837905,0.007799006747162009,0.01731866782721094,0.03705485556225704,0.017253619475538433,0.046181285942893245,0.0018775659006253153,0.06784909267260086,0.04702143847557334,0.03655094571520149,0.06097034458347997,0.09192095931171522,0.06005784151152565,0.09870377867368176,0.08970524891299436,0.09808434008597264,0.03437209827617309,0.01823939957995355,0.049319830987763214,0.10482868225653673,0.15264262877279572,0.10558489886390035,0.15271174055823375,0.12369469119154523,0.09101015015012344,56,57,756
C:\Users\damba\.cache\kagglehub\datasets\sunnykusawa\ecommerce-products-image-dataset\versions\1\ecommerce products\jeans\72.jpg,jeans,exito,9444945.0,1199450640.0,1120122180.0,182996091150.0,169695752190.0,133146578730.0,30680771701350.0,28610810266230.0,19633770577170.0,19413791204640.0,30673146146.465355,36854989419.231895,-9102133748.38872,-349226694590.75073,-255864771485.56973,243201309622.5703,22394560638.007812,0.0003438424220299642,0.000413140170404649,-0.0001020338669773954,-1.2738223078791267e-06,-9.332798974621855e-07,8.870892698099417e-07,8.1685310309041e-08,3.1209140500455956,7.332119333234761,9.938442864326047,9.993862159357937,9.999999999999991,-9.999999475321923,-9.999999999999972,0.3183098861837905,0.020176756311029945,0.08378039491097855,0.07644805293605461,0.039122640099246084,0.00961123030972011,0.13514733588624914,0.06815290254924646,0.017667265252372694,0.044069739631483834,0.023267385935304846,0.003455178242672142,0.16199277504833415,0.036960932308366834,0.015174586032105366,0.011214991854816218,0.0034367224807364824,0.022399616420647635,0.0016136225128141391,0.00290814230431534,0.128647061148869,0.20012552355793123,0.04803160712728753,0.1128473329568061,0.09744633629504523,56,57,756
C:\Users\damba\.cache\kagglehub\datasets\sunnykusawa\ecommerce-products-image-dataset\versions\1\ecommerce products\jeans\73.jpg,jeans,exito,4479075.0,500899305.0,448769145.0,58835762655.0,62376653385.0,50190365310.0,7209816660885.0,10014528789345.0,5869497177450.0,6984787729140.0,2819707163.7472277,17413408629.32366,4076213.2681494495,-504965853.4375653,275482577396.7285,-26309087659.0625,8329222359.298828,0.00014054886362363574,0.0008679748117577409,2.031796599632109e-07,-1.1892993322719927e-08,6.488186144075691e-06,-6.196335885407946e-07,1.9617046425662584e-07,2.996313859082126,6.276340220464333,9.769463346446134,9.8713621052328,9.999999999992646,9.999891315509684,9.999999999999835,0.3183098861837906,0.04237831975276013,0.005070500624188397,0.002685119320214965,0.09376693077018176,0.008905219392247962,0.008101693921372086,0.00897512241895533,0.011809333765935348,0.13918736083180508,0.038023483994289904,0.15933170948885964,0.04406741433858596,0.015074242524281975,0.049814777081137636,0.16334457997346397,0.11493064525691206,0.03926844417189116,0.1702930031361942,0.0718018009536034,0.07107833765086169,0.030431576053531646,0.09568826267372331,0.17606655158769693,0.08113701422973646,56,57,756
C:\Users\damba\.cache\kagglehub\datasets\sunnykusawa\ecommerce-products-image-dataset\versions\1\ecommerce products\jeans\74.jpg,jeans,exito,4479075.0,500899305.0,448769145.0,58835762655.0,62376653385.0,50190365310.0,7209816660885.0,10014528789345.0,5869497177450.0,6984787729140.0,2819707163.7472277,17413408629.32366,4076213.2681494495,-504965853.4375653,275482577396.7285,-26309087659.0625,8329222359.298828,0.00014054886362363574,0.0008679748117577409,2.031796599632109e-07,-1.1892993322719927e-08,6.488186144075691e-06,-6.196335885407946e-07,1.9617046425662584e-07,2.996313859082126,6.276340220464333,9.769463346446134,9.8713621052328,9.999999999992646,9.999891315509684,9.999999999999835,0.3183098861837906,0.04237831975276013,0.005070500624188397,0.002685119320214965,0.09376693077018176,0.008905219392247962,0.008101693921372086,0.00897512241895533,0.011809333765935348,0.13918736083180508,0.038023483994289904,0.15933170948885964,0.04406741433858596,0.015074242524281975,0.049814777081137636,0.16334457997346397,0.11493064525691206,0.03926844417189116,0.1702930031361942,0.0718018009536034,0.07107833765086169,0.030431576053531646,0.09568826267372331,0.17606655158769693,0.08113701422973646,56,57,756
C:\Users\damba\.cache\kagglehub\datasets\sunnykusawa\ecommerce-products-image-dataset\versions\1\ecommerce products\jeans\75.jpg,jeans,exito,4422720.0,570092280.0,486403830.0,78031963500.0,66626699370.0,63000328305.0,11230293858360.0,10232277816870.0,8735669720835.0,8586069304335.0,4546595284.151287,13132766713.474403,302470777.1817305,-210837426.7305443,16135305092.7433,75858921414.27734,-68698088058.46094,0.00023243814805688328,0.0006713938195431205,1.5463383674047778e-05,-5.125356678891291e-09,3.922415246925407e-07,1.844093980624501e-06,-1.6700175576867126e-06,3.0439122541370716,6.712783962899297,9.819675344547848,9.96735182948149,9.999999999999385,9.999996821697724,9.99999999999971,0.31830988618379047,0.019170776219073322,0.0310160397899081,0.0025346451893067446,0.04005555002668417,0.06658818408981633,0.0014276080023634388,0.010912928642243205,0.08103626464546189,0.0596723137630294,0.11396409330516376,0.11303627354439273,0.11108050659257467,0.035696945068871604,0.010641350096483966,0.025188173963911455,0.07021403564346883,0.1470475385242323,0.14511100668657959,0.13211093950382924,0.23504210083951624,0.07623202752405095,0.18004312147999935,0.0696846647414188,0.39302536607864386,56,57,756
C:\Users\damba\.cache\kagglehub\datasets\sunnykusawa\ecommerce-products-image-dataset\versions\1\ecommerce products\jeans\76.jpg,jeans,exito,3660015.0,439401975.0,338172840.0,55472921085.0,43535702730.0,40821582945.0,7354696434765.0,6512030025750.0,5155712702685.0,5225916622635.0,2720652136.949068,12289691521.394133,222346661.17083383,41657846591.20176,218429588968.3468,-23182572475.50586,-41836915621.046875,0.00020309876650980978,0.0009174348880854159,1.659834861211305e-05,1.62551002812994e-06,8.52323190856769e-06,-9.045955833142549e-07,-1.6324973913174123e-06,2.9505750563858184,6.2911729437900705,9.570538187274206,9.801222898661878,9.999999999978385,9.99981998279693,9.999999999987532,0.31830988618379047,0.02163327960620593,0.045679359643774675,0.041329179156129416,0.04797492167448494,0.05517479827790996,0.07396513691472024,0.02366658936015409,0.04232935063414487,0.07472553882062724,0.08896450763493362,0.07122833816484603,0.08471232902392681,0.10019387994430497,0.080620867461014,0.07052358275339658,0.09156140727279467,0.09677823655562913,0.07894883916370513,0.09170655663597797,0.04960818741666435,0.2553439244114048,0.1137904985479622,0.17807098882062233,0.09773613816834333,56,57,756
C:\Users\damba\.cache\kagglehub\datasets\sunnykusawa\ecommerce-products-image-dataset\versions\1\ecommerce products\jeans\77.jpg,jeans,exito,4916655.0,660486465.0,494098455.0,95960680725.0,65807330565.0,69255335250.0,14902432049745.0,9909442989975.0,10458235791900.0,9308032838820.0,7233208399.161362,16152985642.81469,2879853971.5878406,68036859643.25975,49562469713.84372,40943298163.64844,-111117769050.11328,0.0002992206126394404,0.0006682105634561122,0.0001191327032400378,1.269316490090651e-06,9.24652613704705e-07,7.638507096052568e-07,-2.0730471297019392e-06,3.014379876409887,6.71438871642796,9.80149297481211,9.985072127797359,9.999999999999803,9.999999274970607,9.999999999999913,0.3183098861837905,0.021485758183369723,0.01920745599812197,0.03618921181363533,0.0354591996366295,0.04156309312742187,0.008615648988239934,0.058337391823070885,0.040733588784173075,0.05584124140448144,0.03284235454335971,0.09799696040846896,0.04866630169432668,0.07706833463666007,0.11697486501159199,0.097306625665785,0.09319567674818593,0.05883304479164245,0.09098262030870423,0.11694736798112768,0.13069898938825386,0.0956295870836909,0.22382343889533837,0.15073885682409255,0.1303036676392628,56,57,756
C:\Users\damba\.cache\kagglehub\datasets\sunnykusawa\ecommerce-products-image-dataset\versions\1\ecommerce products\jeans\78.jpg,jeans,exito,11361270.0,1297359420.0,1264288725.0,192954392460.0,184948560105.0,138970876395.0,32231946252120.0,30480058695465.0,20300765678745.0,19998116220645.0,44807093376.11796,44257776401.934616,-5400033457.379144,-34957715219.07807,48813364369.94398,61963654155.234375,80417421295.67188,0.00034713068904108967,0.000342875006170755,-4.183528083756649e-05,-8.034814186807417e-08,1.1219449271426643e-07,1.42419618774512e-07,1.8483445884366741e-07,3.161147261700489,8.147588710369442,9.997823990621361,9.999671164970929,10.0,-9.999999979669289,-10.0,0.3183098861837905,0.033470811639274116,0.0223113059993306,0.035526465831375906,0.07538986319357893,0.04994601977061277,0.03177969319211671,0.06344953823170195,0.05196015867448014,0.11242039159931895,0.08738810996945436,0.09370480445570716,0.03176872939236418,0.09066250503066818,0.08109730427109044,0.11627951064677755,0.08403614895104798,0.08317210542595295,0.07177579186738524,0.10940718485725517,0.01198586815917748,0.09458751781024302,0.10955042268057799,0.1521864235245525,0.04448997911487024,56,57,756
C:\Users\damba\.cache\kagglehub\datasets\sunnykusawa\ecommerce-products-image-dataset\versions\1\ecommerce products\jeans\79.jpg,jeans,exito,4210305.0,471797175.0,421738635.0,55343632515.0,58694902185.0,47346717000.0,6755713739535.0,9454329592365.0,5549696054190.0,6597066832620.0,2475117208.393798,16450106083.134878,87647507.0876988,-679464340.5639942,279412692241.75,-13618652297.357422,2290986740.671875,0.00013962675791312517,0.0009279863482528309,4.944386961684424e-06,-1.868025388933801e-08,7.681786547689718e-06,-3.744124118921187e-07,6.298522441565411e-08,2.971586062713746,6.206413103035647,9.750626598482537,9.814175547222787,9.999999999985075,9.99981719417186,-9.99999999999992,0.3183098861837906,0.02054486258179917,0.003071745448482377,0.031999955841206004,0.04583358818389634,0.07143598298161291,0.051178034122343806,0.04748899103457197,0.09346562073633606,0.06610248217670693,0.13426527406813996,0.1695188123272195,0.16608455372891573,0.06278126626530638,0.08569270081525128,0.05911738521600162,0.04986692917442207,0.1819241815926704,0.22559695491707418,0.03964197114349798,0.30201637615413846,0.10753644243032322,0.11399841062672852,0.13048859527310816,0.2796844725522338,56,57,756
C:\Users\damba\.cache\kagglehub\datasets\sunnykusawa\ecommerce-products-image-dataset\versions\1\ecommerce products\jeans\8.jpg,jeans,exito,4718010.0,521048385.0,484760865.0,62800856595.0,69080708955.0,53682835110.0,8102382781365.0,11303185360755.0,6570122359620.0,7671235741590.0,5257227075.115933,19273036602.55729,146732850.9007136,5574114241.315749,244867973317.56036,85119700509.55469,11936053138.539062,0.00023617777223617752,0.0008658296063648553,6.591885293223616e-06,1.1528657117254585e-07,5.064479809995497e-06,1.7604874938236292e-06,2.468673192013118e-07,2.9578154582028,6.4014992172036855,9.998101507971933,9.833536333575456,-9.99999999999984,9.999872718754107,-9.999999999999096,0.0,0.0,0.0,0.0,0.0,0.0,0.0,0.0,0.0,0.0,0.0,0.0,0.0,0.0,0.0,0.0,0.0,0.0,0.0,0.0,0.0,0.0,0.0,0.0,0.0,56,57,756
C:\Users\damba\.cache\kagglehub\datasets\sunnykusawa\ecommerce-products-image-dataset\versions\1\ecommerce products\jeans\80.jpg,jeans,exito,4210305.0,471797175.0,421738635.0,55343632515.0,58694902185.0,47346717000.0,6755713739535.0,9454329592365.0,5549696054190.0,6597066832620.0,2475117208.393798,16450106083.134878,87647507.0876988,-679464340.5639942,279412692241.75,-13618652297.357422,2290986740.671875,0.00013962675791312517,0.0009279863482528309,4.944386961684424e-06,-1.868025388933801e-08,7.681786547689718e-06,-3.744124118921187e-07,6.298522441565411e-08,2.971586062713746,6.206413103035647,9.750626598482537,9.814175547222787,9.999999999985075,9.99981719417186,-9.99999999999992,0.3183098861837906,0.02054486258179917,0.003071745448482377,0.031999955841206004,0.04583358818389634,0.07143598298161291,0.051178034122343806,0.04748899103457197,0.09346562073633606,0.06610248217670693,0.13426527406813996,0.1695188123272195,0.16608455372891573,0.06278126626530638,0.08569270081525128,0.05911738521600162,0.04986692917442207,0.1819241815926704,0.22559695491707418,0.03964197114349798,0.30201637615413846,0.10753644243032322,0.11399841062672852,0.13048859527310816,0.2796844725522338,56,57,756
C:\Users\damba\.cache\kagglehub\datasets\sunnykusawa\ecommerce-products-image-dataset\versions\1\ecommerce products\jeans\81.jpg,jeans,exito,4292670.0,560175075.0,438942465.0,77478754515.0,57458245515.0,58903741830.0,11237067508275.0,8578063734885.0,8367396024720.0,7818657604860.0,4378303128.973217,12574644497.387135,1623627530.0282233,-16278238926.002031,131117003528.3185,21134411608.527344,-11442340227.421875,0.0002376023982063741,0.0006824026571847821,8.811125761844377e-05,-4.2637198403593365e-07,3.4343160331623143e-06,5.535685432510739e-07,-2.997064563898902e-07,3.0362097390113383,6.640161397457631,9.985608912245448,9.933933560909749,9.99999999999949,9.999974730211568,-9.999999999999853,0.3183098861837906,0.008465887857008544,0.016985244160524767,0.008496580291845577,0.00256392506596955,0.0858328255345773,0.05729445493870659,0.0009577899889417656,0.04197177226065163,0.02379495264433862,0.10183056762325773,0.06860951474091682,0.14105327844168117,0.03518438201560293,0.0028415269760771276,0.035136846356899225,0.03992843265273095,0.03321990293952978,0.024805417760099834,0.041381623017561965,0.23791696769213946,0.07091870355948295,0.07449302875026291,0.08787676795722371,0.0788768157277953,56,57,756
C:\Users\damba\.cache\kagglehub\datasets\sunnykusawa\ecommerce-products-image-dataset\versions\1\ecommerce products\jeans\82.jpg,jeans,exito,3884415.0,467035815.0,402831915.0,59325085725.0,54547683675.0,49398710925.0,7931472857895.0,8362368281265.0,6382785788775.0,6704937350055.0,3171854802.7854013,12772139161.201345,964923152.5720488,35900590956.135956,56459044604.92428,-1533402683.3320312,-53641633980.61133,0.00021021420200052207,0.0008464716100036467,6.39501374185333e-05,1.2072231117438988e-06,1.8985387621424353e-06,-5.156347318043654e-08,-1.8037981706825592e-06,2.9760540826585995,6.375427127855999,9.829674174200854,9.983939820191297,9.999999999999792,9.999992781326672,9.999999999999929,0.3183098861837905,0.026712870630904065,0.02039469364089353,0.03670867961995194,0.06195193330716884,0.049668323566386334,0.020802419120439467,0.06933693598362745,0.05185377614112358,0.0952310948088785,0.08449743347956597,0.09078613527809812,0.0008145891816058964,0.1032066330557336,0.0784632841346854,0.1078263677707832,0.07179600472131026,0.07414327340604401,0.05035416299106918,0.10199762408188671,0.04592833037699514,0.11001164816060484,0.10927581014006217,0.12981081411492867,0.05789427135532739,56,57,756
C:\Users\damba\.cache\kagglehub\datasets\sunnykusawa\ecommerce-products-image-dataset\versions\1\ecommerce products\jeans\83.jpg,jeans,exito,4575720.0,606615675.0,453693960.0,86943527805.0,59173119240.0,62336606655.0,13313594618115.0,8802949628970.0,9220285253175.0,8185216496865.0,6522833978.519009,14188240501.685242,2189161490.343294,57754339449.38412,122190135200.33765,19173127319.88672,-93646799161.58984,0.00031154260201753326,0.0006776565797170841,0.00010455839734448998,1.2895435648619252e-06,2.7282712267066595e-06,4.280991383393261e-07,-2.0909533098301773e-06,3.0047162076552665,6.749899056611453,9.797852367212938,9.956225509031222,9.999999999999071,9.999989775118896,9.999999999999314,0.3183098861837906,0.020254062205392585,0.015389837640145895,0.008868754972824255,0.048319039680502,0.08463258669292188,0.044935221434787974,0.01624401190116976,0.057359800153365975,0.08151551665423183,0.11303262062887344,0.07827964574952097,0.09494933590911288,0.09007704804794857,0.06468145090051049,0.05348453140816244,0.08763702344594178,0.07593556791247245,0.05735430070960835,0.05287678406457706,0.13940910381583768,0.1733911169202188,0.0466126215789429,0.13642928922965,0.0667055062985384,56,57,756
C:\Users\damba\.cache\kagglehub\datasets\sunnykusawa\ecommerce-products-image-dataset\versions\1\ecommerce products\jeans\84.jpg,jeans,exito,9712185.0,1267368105.0,1182968205.0,198116021625.0,181354868055.0,149226759900.0,33922099015635.0,30798356367795.0,22961283360360.0,22591705174770.0,32733884281.931355,37266408656.73668,-5141816506.452478,-473630542685.4546,-369397936920.9526,172198720869.85156,178812033501.01562,0.00034702730703833987,0.00039507873027693646,-5.451081576971374e-05,-1.6111921408068438e-06,-1.2566145954665837e-06,5.857840673648278e-07,6.082811750800845e-07,3.129533976723792,7.8448263091082975,9.917608411916525,9.993722931923028,-9.999999999999972,-9.999999246918156,-9.999999999999979,0.3183098861837906,0.0038901315680624675,0.017251673838228704,0.008637551829476313,0.02037734036049369,0.08518410869951497,0.05599281445833707,0.009354458879908748,0.05002074358051021,0.050908994656583294,0.10659426298002131,0.07379780241725355,0.12940603048947263,0.06585498531446055,0.031817450586837895,0.044509494657706664,0.06295844717360734,0.04926844869906276,0.039882216804062925,0.04736177142237074,0.20572987440170523,0.12575079392637684,0.018373067442298212,0.112778039451564,0.07139782732367685,56,57,756
C:\Users\damba\.cache\kagglehub\datasets\sunnykusawa\ecommerce-products-image-dataset\versions\1\ecommerce products\jeans\85.jpg,jeans,exito,3702855.0,414073590.0,347373495.0,48840711000.0,46541273235.0,38890400115.0,6028556017740.0,7307325698805.0,4599469715955.0,5218639930905.0,2536727199.530342,13953352555.277185,45187395.221064694,-422167644.74689174,323186586260.8855,7502087657.6953125,5660784164.677734,0.00018501219421943375,0.0010176657440528604,3.295671344738122e-06,-1.6000854679299723e-08,1.2249308220102455e-05,2.84341578270689e-07,2.1455311868865428e-07,2.919850619473184,6.158981478222912,9.637686395954704,9.589844209519494,9.999999999902355,9.999432298796481,-9.999999999998995,0.0,0.0,0.0,0.0,0.0,0.0,0.0,0.0,0.0,0.0,0.0,0.0,0.0,0.0,0.0,0.0,0.0,0.0,0.0,0.0,0.0,0.0,0.0,0.0,0.0,56,57,756
C:\Users\damba\.cache\kagglehub\datasets\sunnykusawa\ecommerce-products-image-dataset\versions\1\ecommerce products\jeans\86.jpg,jeans,exito,3702855.0,414073590.0,347373495.0,48840711000.0,46541273235.0,38890400115.0,6028556017740.0,7307325698805.0,4599469715955.0,5218639930905.0,2536727199.530342,13953352555.277185,45187395.221064694,-422167644.74689174,323186586260.8855,7502087657.6953125,5660784164.677734,0.00018501219421943375,0.0010176657440528604,3.295671344738122e-06,-1.6000854679299723e-08,1.2249308220102455e-05,2.84341578270689e-07,2.1455311868865428e-07,2.919850619473184,6.158981478222912,9.637686395954704,9.589844209519494,9.999999999902355,9.999432298796481,-9.999999999998995,0.0,0.0,0.0,0.0,0.0,0.0,0.0,0.0,0.0,0.0,0.0,0.0,0.0,0.0,0.0,0.0,0.0,0.0,0.0,0.0,0.0,0.0,0.0,0.0,0.0,56,57,756
C:\Users\damba\.cache\kagglehub\datasets\sunnykusawa\ecommerce-products-image-dataset\versions\1\ecommerce products\jeans\87.jpg,jeans,exito,3260940.0,389718795.0,312954105.0,48397900695.0,38852815155.0,37771556250.0,6221363632455.0,5542391794665.0,4740492915480.0,4695317355180.0,1822146717.235299,8818447200.866829,370041137.51603097,1739479513.4081259,121045036970.12424,7273148078.896484,-19054602161.552734,0.000171355373086597,0.0008292901421471328,3.4798809874463094e-05,9.058625346704262e-08,6.303619166183619e-06,3.7876113532799554e-07,-9.922997125376843e-07,2.9997197033387226,6.35870243037112,9.866107332102924,9.837234640913685,9.99999999999207,9.999878389110826,9.999999999998936,0.3183098861837905,0.006690939900628026,0.08548784809201952,0.07541765970858735,0.007701267439804199,0.0031728012003501226,0.14379094142125662,0.06256838294420443,0.018483207757615396,0.005859008761020143,0.009614048610397394,0.0011629340675343867,0.18378815858960273,0.051622864529169074,0.011559487737180007,0.01162972050318424,0.014329541019672497,0.007690285112193632,0.001435891935878988,0.0009760410314467008,0.15781433694629016,0.22102205485993107,0.03982346175768426,0.11282820556782855,0.09789455342594669,56,57,756
C:\Users\damba\.cache\kagglehub\datasets\sunnykusawa\ecommerce-products-image-dataset\versions\1\ecommerce products\jeans\88.jpg,jeans,exito,3316275.0,403403115.0,330949455.0,51621918225.0,43048175115.0,41222481705.0,6908310985395.0,6388288801485.0,5402732499615.0,5397971951025.0,2550573661.68627,10020895482.039215,964649934.5490162,8321890834.787385,92191556883.90588,16408603200.632812,-31091886161.61914,0.00023191924938089004,0.0009111826853816043,8.771394925642851e-05,4.1552357813483596e-07,4.603252596163209e-06,8.193043683798653e-07,-1.5524610987242124e-06,2.9419150021886806,6.30779331039851,9.884932727034956,9.883735208578033,9.999999999996533,9.99992647127434,9.999999999997872,0.3183098861837907,0.4747644474135158,0.429802869972293,0.39626388936198326,0.21212399654626082,0.18555179691512305,0.11372095832288667,0.1034877719039723,0.25169175627962714,0.2848622740209112,0.2661073439234047,0.4481307464228167,0.2787293949076133,0.3918416373786381,0.4458893515241129,0.5142867214291111,0.3112252445373449,0.5319634618913133,0.5137911900696531,0.42758127982997174,0.3503817423441901,0.6060305667807783,0.4574185663583719,0.47045579228646145,0.27494060452020724,56,57,756
C:\Users\damba\.cache\kagglehub\datasets\sunnykusawa\ecommerce-products-image-dataset\versions\1\ecommerce products\jeans\89.jpg,jeans,exito,3640635.0,459069105.0,346492215.0,60769048725.0,43850321985.0,44497796565.0,8390711507295.0,6426022530015.0,5979341442825.0,5641480697325.0,2882322050.806887,10873422335.459127,806552859.0207987,1086395670.6516027,182906268062.5489,-7671617923.9921875,-41389637352.65039,0.0002174644267425317,0.0008203741681982103,6.0852518224119636e-05,4.295811105151899e-08,7.232454977234205e-06,-3.033500810308055e-07,-1.6366234566369596e-06,2.9838701410356205,6.422034787494183,9.71935129868422,9.822312709495076,9.999999999985253,9.99989262071504,-9.999999999998046,0.3183098861837905,0.11038682486796542,0.08638943976607046,0.08810458270083979,0.0748430946790617,0.07842835584029213,0.054942897196992496,0.02071860331596753,0.06608523576144851,0.08880800395575454,0.1563369809940087,0.097497636796744,0.13450433923951902,0.027408570841574987,0.11310464747225812,0.1153528915700433,0.12843984648868487,0.12799368874662448,0.1860591182210372,0.11860765203485298,0.1251404098101983,0.07277356040743362,0.1058386210840978,0.14175888787706697,0.20491537921593508,56,57,756
C:\Users\damba\.cache\kagglehub\datasets\sunnykusawa\ecommerce-products-image-dataset\versions\1\ecommerce products\jeans\9.jpg,jeans,exito,5809155.0,626427390.0,846676755.0,83167056600.0,147010912665.0,91532451705.0,12378567685440.0,27337054524705.0,12788255999385.0,15957826118595.0,15616565187.35701,23608881309.78052,231477672.06071168,42279440061.43859,-971521252302.2992,616843545612.6602,37501071195.75781,0.000462764024594459,0.0006995994829856674,6.859353375177151e-06,5.198126160311699e-07,-1.1944552788667018e-05,7.58390027542737e-06,4.610640513192912e-07,2.934657995814776,7.248880803833131,8.884530802071883,9.920900519837165,9.999999999989196,9.999981941220563,-9.999999999991974,0.0,0.0,0.0,0.0,0.0,0.0,0.0,0.0,0.0,0.0,0.0,0.0,0.0,0.0,0.0,0.0,0.0,0.0,0.0,0.0,0.0,0.0,0.0,0.0,0.0,56,57,756
C:\Users\damba\.cache\kagglehub\datasets\sunnykusawa\ecommerce-products-image-dataset\versions\1\ecommerce products\jeans\90.jpg,jeans,exito,7692585.0,923444505.0,1149392100.0,144090237015.0,189247643100.0,133810685940.0,24811456209615.0,32981080828890.0,20504864540970.0,21707588364540.0,33236765286.745453,17510548281.754917,-4166316437.667645,-465346598763.3306,-528164456822.77716,-24184676069.242188,234672081419.89062,0.000561660836869724,0.00029590693068739414,-7.040567145617182e-05,-2.835278891950628e-06,-3.218017580633044e-06,-1.473531809408579e-07,1.429817690186512e-06,3.066731500044112,7.043097286797132,9.800059112281213,9.945766097740899,-9.999999999998828,-9.999983423505777,9.999999999998895,0.31830988618379047,0.020040968144142975,0.04599206615359102,0.040909454728482286,0.04534681087567496,0.054002942465144435,0.07517306145682034,0.021122656962542286,0.043694014286125876,0.07401490537824788,0.08757121641534885,0.07213415510568018,0.08593220751658529,0.11272960710561547,0.08619454663996104,0.07305996210315298,0.09962815150921313,0.10153294384811438,0.08651099586299872,0.0939794125078785,0.04390479636010006,0.28080317681276346,0.12634400538946228,0.18586705596964084,0.10387262653812447,56,57,756
C:\Users\damba\.cache\kagglehub\datasets\sunnykusawa\ecommerce-products-image-dataset\versions\1\ecommerce products\jeans\91.jpg,jeans,exito,4344945.0,486937035.0,417047145.0,58125629985.0,56578255815.0,46811253720.0,7309901314575.0,8937612610845.0,5598389659260.0,6361041627930.0,3554703067.7222857,16548216044.036034,72871475.45718779,-974902870.1419023,330237242746.6137,2899802205.1835938,6339827651.673828,0.0001882932546523859,0.0008765619513809159,3.860015034658679e-06,-2.477425711860647e-08,8.391997410730181e-06,7.368984913734393e-08,1.611078653480186e-07,2.972709400732742,6.324337670979922,9.777225733626459,9.765263985268883,9.999999999978423,9.99978580766164,-9.999999999999702,0.0,0.0,0.0,0.0,0.0,0.0,0.0,0.0,0.0,0.0,0.0,0.0,0.0,0.0,0.0,0.0,0.0,0.0,0.0,0.0,0.0,0.0,0.0,0.0,0.0,56,57,756
C:\Users\damba\.cache\kagglehub\datasets\sunnykusawa\ecommerce-products-image-dataset\versions\1\ecommerce products\jeans\92.jpg,jeans,exito,4344945.0,486937035.0,417047145.0,58125629985.0,56578255815.0,46811253720.0,7309901314575.0,8937612610845.0,5598389659260.0,6361041627930.0,3554703067.7222857,16548216044.036034,72871475.45718779,-974902870.1419023,330237242746.6137,2899802205.1835938,6339827651.673828,0.0001882932546523859,0.0008765619513809159,3.860015034658679e-06,-2.477425711860647e-08,8.391997410730181e-06,7.368984913734393e-08,1.611078653480186e-07,2.972709400732742,6.324337670979922,9.777225733626459,9.765263985268883,9.999999999978423,9.99978580766164,-9.999999999999702,0.0,0.0,0.0,0.0,0.0,0.0,0.0,0.0,0.0,0.0,0.0,0.0,0.0,0.0,0.0,0.0,0.0,0.0,0.0,0.0,0.0,0.0,0.0,0.0,0.0,56,57,756
C:\Users\damba\.cache\kagglehub\datasets\sunnykusawa\ecommerce-products-image-dataset\versions\1\ecommerce products\jeans\93.jpg,jeans,exito,3171690.0,371233335.0,302299440.0,45019286355.0,37507863810.0,35568141030.0,5636450007345.0,5367977775690.0,4335351054930.0,4419322388670.0,1567943690.6090214,8695164137.486734,185228677.33236906,83986832.07686019,135533014600.51431,1121929900.8808594,-6128529222.712891,0.00015586514074232953,0.00086436329964159,1.8413093553577345e-05,4.687965079900573e-09,7.565162584527606e-06,6.262372406917919e-08,-3.42081374862857e-07,2.9913025314636488,6.298064523164463,9.808305218692423,9.800527430139425,9.9999999999856,9.999822182239633,9.99999999999991,0.31830988618379047,0.03857719983315619,0.040871773052553004,0.04314306901455273,0.07863830482792451,0.05823316763921075,0.05001118677745677,0.03387233735942888,0.04263725058845724,0.10470969177044145,0.0994733318688396,0.0718751523703352,0.024440432669267143,0.06295270372077845,0.08927264681531973,0.0696458515193401,0.08626455342890992,0.1149726312008553,0.07556374919274218,0.0925812040015261,0.036077503417711404,0.1912301045581009,0.13596367742563,0.1826105969358539,0.07736692040372813,56,57,756
C:\Users\damba\.cache\kagglehub\datasets\sunnykusawa\ecommerce-products-image-dataset\versions\1\ecommerce products\jeans\94.jpg,jeans,exito,3982590.0,475214430.0,382657590.0,59714174160.0,49428906240.0,47020483515.0,7843181390400.0,7265603392110.0,6069791922135.0,6110520490515.0,3010181411.5059605,12662171229.715717,1360646947.0822177,-458181761.8163695,83117122623.29254,7586146575.955078,-48951930092.625,0.00018978481974272536,0.0007983199534744594,8.578557245700969e-05,-1.4475174254662858e-08,2.6258898406360694e-06,2.396664441051537e-07,-1.5465210037688272e-06,3.0051969588107363,6.3981010893175325,9.902993865986282,9.956055953270772,9.999999999999282,9.999991404560573,-9.999999999999766,0.3183098861837906,0.046822620934721844,0.006991744118408257,0.011288902531907832,0.0992876720191692,0.08340153137889167,0.0007870304923498706,0.020226514141600413,0.07090855226423604,0.14677260608322437,0.12708427590754967,0.08604409669180757,0.027798487678875505,0.11179326853428624,0.1252160684055833,0.07066000850150433,0.15630455757212802,0.14139971489364697,0.10098401906229021,0.0635218811852664,0.08058876955389555,0.2403888652585348,0.17457542030500037,0.18106954348568705,0.06873363101956377,56,57,756
C:\Users\damba\.cache\kagglehub\datasets\sunnykusawa\ecommerce-products-image-dataset\versions\1\ecommerce products\jeans\95.jpg,jeans,exito,4100655.0,519699945.0,360371865.0,69435155895.0,43955927685.0,46373466660.0,9705131047965.0,6247517161755.0,6270377312760.0,5632499617980.0,3570548208.4223685,12285894218.741997,701436601.3758518,175592123.9621117,225196126883.71158,-9485234262.105469,-61578336091.39453,0.0002123383490809634,0.000730634721367815,4.171401175029072e-05,5.156701007632787e-09,6.613446367712988e-06,-2.785575797669967e-07,-1.8084015421976547e-06,3.0255006636696775,6.559576836911537,9.732879451830241,9.843503827610062,9.999999999988793,9.999925271904887,-9.999999999997705,0.3183098861837905,0.04608538962582853,0.027040508336733934,0.03259812026981054,0.0999790399062696,0.05012530862733247,0.057526561983556934,0.050203403899902355,0.05165384286075293,0.148577479473078,0.09071753834115934,0.09996761498533124,0.10649255393098213,0.07573690618372071,0.09540901027081941,0.13205361558991172,0.1415895229630471,0.09946282436497066,0.11783077997317541,0.1270524254222222,0.15346844171588717,0.1163048190675404,0.14652736292459342,0.2049593088646397,0.021432786850963274,56,57,756
C:\Users\damba\.cache\kagglehub\datasets\sunnykusawa\ecommerce-products-image-dataset\versions\1\ecommerce products\jeans\96.jpg,jeans,exito,7674990.0,963571050.0,1131255990.0,153100956030.0,188825730300.0,135337761855.0,26641942990020.0,33402536122680.0,20834672031255.0,22008194951085.0,32127616859.77273,22084129996.82303,-6687898387.305149,-646448523319.9243,-939638545129.2069,-52370563063.203125,273240639758.5625,0.0005454097224180302,0.0003749079573496927,-0.0001135361150159675,-3.961315214721035e-06,-5.757928637600993e-06,-3.209169806752035e-07,1.674367354104129e-06,3.036062187687205,7.092950794288993,9.690980225920503,9.847153870417106,-9.999999999993266,-9.999949094053092,9.999999999989926,0.31830988618379064,0.0193132827584597,0.05080103569515899,0.05630684392294594,0.031599571448641374,0.06569081175248911,0.060719150195864185,0.09399571609606433,0.03618124003156784,0.04764119283757648,0.08461837607298937,0.028496091597693837,0.015647812235026756,0.12667146583233982,0.14284515583141924,0.02113261197606528,0.08074666923951795,0.07373000332038897,0.03220676538868379,0.015435202439761842,0.07491348734639183,0.14112965510510536,0.2496587599082239,0.016423361001010873,0.14876443024974093,56,57,756
C:\Users\damba\.cache\kagglehub\datasets\sunnykusawa\ecommerce-products-image-dataset\versions\1\ecommerce products\jeans\97.jpg,jeans,exito,4329900.0,486749355.0,408432735.0,58358552595.0,54822964845.0,45874567830.0,7376915767965.0,8587564630965.0,5494355395230.0,6151955340300.0,3640213928.306539,16296139971.543287,-39742043.7005282,-1945498503.110536,341820500732.7325,-1580866286.8867188,-3516812471.4804688,0.0001941651015975802,0.0008692186051535378,-2.1197979307766465e-06,-4.986964022946132e-08,8.762003860368517e-06,-4.052289572666189e-08,-9.014767805105276e-08,2.973309957424304,6.341211190048796,9.747228221642782,9.754280511516292,9.999999999974396,9.999777070699487,-9.999999999999403,0.0,0.0,0.0,0.0,0.0,0.0,0.0,0.0,0.0,0.0,0.0,0.0,0.0,0.0,0.0,0.0,0.0,0.0,0.0,0.0,0.0,0.0,0.0,0.0,0.0,56,57,756
C:\Users\damba\.cache\kagglehub\datasets\sunnykusawa\ecommerce-products-image-dataset\versions\1\ecommerce products\jeans\98.jpg,jeans,exito,4329900.0,486749355.0,408432735.0,58358552595.0,54822964845.0,45874567830.0,7376915767965.0,8587564630965.0,5494355395230.0,6151955340300.0,3640213928.306539,16296139971.543287,-39742043.7005282,-1945498503.110536,341820500732.7325,-1580866286.8867188,-3516812471.4804688,0.0001941651015975802,0.0008692186051535378,-2.1197979307766465e-06,-4.986964022946132e-08,8.762003860368517e-06,-4.052289572666189e-08,-9.014767805105276e-08,2.973309957424304,6.341211190048796,9.747228221642782,9.754280511516292,9.999999999974396,9.999777070699487,-9.999999999999403,0.0,0.0,0.0,0.0,0.0,0.0,0.0,0.0,0.0,0.0,0.0,0.0,0.0,0.0,0.0,0.0,0.0,0.0,0.0,0.0,0.0,0.0,0.0,0.0,0.0,56,57,756
C:\Users\damba\.cache\kagglehub\datasets\sunnykusawa\ecommerce-products-image-dataset\versions\1\ecommerce products\jeans\99.jpg,jeans,exito,2964120.0,345375825.0,279744690.0,41837528955.0,34448848620.0,32970830370.0,5251822757565.0,4905942631050.0,4057384783890.0,4080208506870.0,1594738347.8617518,8047389980.27013,375303502.6264627,5328275594.536039,135787674861.19008,21425348518.791016,-4571406368.640625,0.00018150887882343225,0.0009159325319619014,4.271604684967526e-05,3.5224693709186215e-07,8.976786526156542e-06,1.4164082277592771e-06,-3.0221107429337207e-07,2.959618616616655,6.262189964781501,9.906807359669173,9.68189281858223,9.99999999997704,9.999655227352516,9.99999999999353,0.31830988618379064,0.010087902726304441,0.051173356635451576,0.031077560217982962,0.010470736015582018,0.001251100048549715,0.06314581394419796,0.04749451518462247,0.046507246624503396,0.034474529567300745,0.02524115985798633,0.08843589639449102,0.024554883315432093,0.05553812010427667,0.15863234709865787,0.15161249466855845,0.08041196329322789,0.10745275455248467,0.058808475918017675,0.15682028951372795,0.051326048502949785,0.05960102765601953,0.2759310955390761,0.19843565710109193,0.10598660279960677,56,57,756
C:\Users\damba\.cache\kagglehub\datasets\sunnykusawa\ecommerce-products-image-dataset\versions\1\ecommerce products\sofa\1.jpg,sofa,exito,3342795.0,397981560.0,364964925.0,55316820540.0,41463166005.0,43364786940.0,8431772592360.0,4878738961005.0,6024664559130.0,4926625796310.0,7934518574.120064,1616451958.7436101,-86669160.89252205,-43368327948.8443,-1158791341.555748,5834866041.503906,9090296346.953125,0.000710069883848739,0.0001446582856754396,-7.756130436060604e-06,-2.1227474050519175e-06,-5.671930253307459e-08,2.855988998016705e-07,4.4494228609433606e-07,3.0681719318249683,6.494808079563045,9.947731978266761,9.987722169857292,9.999999999999925,9.999993164497791,9.99999999999999,0.3183098861837906,0.01974564815157277,0.002920002953305631,0.0317942258324003,0.043367502721321484,0.07102742043914201,0.050226157576458354,0.04532124616284815,0.09466031269040676,0.06107746359845206,0.13495426560922358,0.16900670010618493,0.1634307502491382,0.05835202771464605,0.08580827821038513,0.05970287516954244,0.05119318659499601,0.18427256959914692,0.22359562853806636,0.04135410437135303,0.2995368501884251,0.1059919082749531,0.09778400112659434,0.13868292758637563,0.27864929157799695,56,57,756
C:\Users\damba\.cache\kagglehub\datasets\sunnykusawa\ecommerce-products-image-dataset\versions\1\ecommerce products\sofa\10.jpg,sofa,exito,2194020.0,229151160.0,237000825.0,29133332310.0,26064671235.0,24659090325.0,4173742255950.0,2915968749075.0,3125638757715.0,2698216369065.0,5199979774.769874,463541322.473851,-94108811.61087923,44746308678.73958,285237646.4097598,-1722663682.9111328,-3737996226.0126953,0.001080240585790859,9.629578794844113e-05,-1.9550106382311225e-05,6.275607290754997e-06,4.000418149033577e-08,-2.4160117531957454e-07,-5.242487494823385e-07,2.9293946047411032,6.013328482088607,9.789998461933447,9.875760715544448,9.999999999993474,9.99985845292565,9.999999999999948,0.3183098861837905,0.012808163483081721,0.0849257525670316,0.07578753827962452,0.023659308796156676,0.006083464812408367,0.14089923643260227,0.06453726993241705,0.018192100998507005,0.025909868275478257,0.015186617424032203,0.0022144110513936956,0.1763865038337057,0.046634193562003004,0.01290570407272916,0.011480524360247211,0.010119593488746149,0.013626166479802195,0.0012357959082151767,0.001860370311406871,0.14784575035731243,0.21410405470859759,0.042791844247267743,0.11286550352641425,0.09773311189500807,56,57,756
C:\Users\damba\.cache\kagglehub\datasets\sunnykusawa\ecommerce-products-image-dataset\versions\1\ecommerce products\sofa\100.jpg,sofa,exito,3565410.0,413383815.0,394243260.0,56636550855.0,45487592580.0,45367268280.0,8543511619425.0,5448142993200.0,6181353102000.0,5209394702160.0,8707651092.012234,1894359808.6139324,-342420888.1004105,-42271647321.67949,-558267359.9011542,-1800010296.6816406,11159351540.439453,0.0006849865790871862,0.00014901964159462573,-2.6936507936458194e-05,-1.761065369628854e-06,-2.3257795160772772e-08,-7.498964434337669e-08,4.649061200721979e-07,3.0788306579631834,6.5372085300028875,9.958608663791361,9.99272311350746,9.99999999999997,9.999996171513011,-9.999999999999995,0.3183098861837906,0.03689983083821028,0.010906609873607179,0.007079246773794429,0.08166738519375948,0.08362485899532217,0.019306155252398875,0.041744470520193866,0.0705675950187185,0.13399086801317334,0.12880182555683617,0.0904479721491069,0.014206500278527259,0.17439580495220866,0.1273403252985664,0.07210185014833789,0.1793539642746961,0.15379719830384903,0.11373129017266745,0.06876195243549699,0.037937636164848784,0.350919436017808,0.17745399110851445,0.20154343535943875,0.05116500419288996,56,57,756
C:\Users\damba\.cache\kagglehub\datasets\sunnykusawa\ecommerce-products-image-dataset\versions\1\ecommerce products\sofa\101.jpg,sofa,exito,3123240.0,362103060.0,352526790.0,50272923090.0,40963632990.0,40913683080.0,7709245146030.0,4887850500390.0,5694356459730.0,4765264014810.0,8291318710.777265,1173178952.6208332,42334931.610053614,-41873256413.95651,-640958873.0642635,10127448383.972656,6454173271.509766,0.0008499881930729104,0.00012026895755354104,4.339984178430091e-06,-2.4289766575520388e-06,-3.718063208967536e-08,5.874712843454336e-07,3.74392573276634e-07,3.013113103140596,6.273545427251271,9.93608019148392,9.980783415478117,9.999999999999842,9.999987667191549,9.999999999999948,0.31830988618379047,0.011066316491492164,0.03217083568592884,0.0028047082542215604,0.02379407893261819,0.06641155717498493,0.0050486573872714074,0.006779954174171792,0.08635607080675585,0.03492530205689591,0.12136789165073192,0.12117831620942077,0.09257925418393374,0.0287957622819484,0.028373341532012677,0.036522179908535,0.04534993644997184,0.1584866313443996,0.16092666191647956,0.12830786787981377,0.204512627935335,0.0708640311875928,0.09277544648900543,0.07483449874350674,0.3739195214048321,56,57,756
C:\Users\damba\.cache\kagglehub\datasets\sunnykusawa\ecommerce-products-image-dataset\versions\1\ecommerce products\sofa\102.jpg,sofa,exito,3102840.0,367144155.0,339828045.0,51702394185.0,38407260795.0,40206947775.0,8019915714045.0,4466120145495.0,5672269115295.0,4554257250015.0,8259989629.604291,1188744800.4524145,-3272676.852809527,-52510079830.41673,-691547293.9660095,10513933154.609375,10427398752.515625,0.0008579475514315207,0.00012347239361775808,-3.399259827677363e-07,-3.096308498882474e-06,-4.077776629937259e-08,6.199644085180374e-07,6.148618223952604e-07,3.008145076001131,6.267964906663856,9.892705271794272,9.972678796523864,9.99999999999964,9.999981420597539,9.99999999999988,0.3183098861837905,0.01724783037166322,0.018433916629838818,0.03643459920007917,0.027389007222814083,0.04212345425303642,0.005388589416145346,0.060079895252803404,0.041439113049078345,0.047907777198267464,0.03632190594796984,0.09726781696851473,0.05549814326387931,0.0812038680299001,0.11122071145827818,0.09824677193406303,0.0851116354424904,0.0532327184182411,0.08519208499821365,0.11623616943249941,0.14168886754625418,0.09858757279052327,0.21095664258102068,0.1493376657455606,0.1236236309967057,56,57,756
C:\Users\damba\.cache\kagglehub\datasets\sunnykusawa\ecommerce-products-image-dataset\versions\1\ecommerce products\sofa\103.jpg,sofa,exito,1726095.0,192787650.0,190285080.0,26309355210.0,21186752520.0,21271594335.0,4004056074420.0,2382028224270.0,2911596578745.0,2370576345885.0,4776891473.923769,209684820.59388307,18642786.410842545,-1499892706.2340553,164720852.5245408,7083235709.730469,116366758.93847656,0.001603304404388331,7.037811058232023e-05,6.257220145305686e-06,-3.831761388793324e-07,4.2081076866985036e-08,1.8095473754528643e-06,2.9728103349406828e-08,2.776326894989958,5.628910029290795,9.888609219220202,9.98483541309496,-9.99999999999986,-9.999977935971954,9.999999999999927,0.3183098861837905,0.02330009706236323,0.019590369262498443,0.03678814288290971,0.054896146127803414,0.049045493667471005,0.01631202843208804,0.06915348429818681,0.050902167371993066,0.08538432775308712,0.08034762154030417,0.09107116336739893,0.013892753662420885,0.10262098790770824,0.07777340989411452,0.10682819534080656,0.06146084157794747,0.06292259563256163,0.050437994395026026,0.10306347519215842,0.06919077635750964,0.10878274459260194,0.11098827870469569,0.13063463319894644,0.06241956758163906,56,57,756
C:\Users\damba\.cache\kagglehub\datasets\sunnykusawa\ecommerce-products-image-dataset\versions\1\ecommerce products\sofa\104.jpg,sofa,exito,2180250.0,231782505.0,240001155.0,30364709205.0,26867364315.0,25250042880.0,4467763991265.0,3056133277665.0,3300089656320.0,2795461809660.0,5723897543.9175415,448121383.53157675,-264493943.20526555,22674214718.012268,-74848311.99203672,13789854456.798828,-2578460932.2597656,0.0012041463153721573,9.4272077492447e-05,-5.564205241362394e-05,3.23047598620568e-06,-1.0663905123303967e-08,1.9646895925604634e-06,-3.6736249641393984e-07,2.8865853076520507,5.90507316215642,9.813504254274752,9.950721353886419,9.999999999999135,9.999984299737019,-9.999999999998996,0.31830988618379047,0.03698469420087072,0.04143882773915736,0.04380747672414112,0.07575438022602211,0.05965836378120156,0.05379775654372219,0.04069505254140599,0.03933669561405018,0.10161512291059435,0.09949851666138852,0.06910533683596327,0.03793583847004733,0.052249263817173555,0.07324569744965086,0.06410188413083152,0.07430844302216724,0.10368686133838158,0.05885387088014561,0.08655822403816636,0.00388948344349534,0.1528499742501832,0.10338483878111451,0.16143641700764866,0.073788441824478,56,57,756
C:\Users\damba\.cache\kagglehub\datasets\sunnykusawa\ecommerce-products-image-dataset\versions\1\ecommerce products\sofa\105.jpg,sofa,exito,3472845.0,370563450.0,381361425.0,48649250370.0,43622960415.0,39833629050.0,7200026244690.0,5177876095005.0,5163859263420.0,4451127439620.0,9108968417.911007,1744749185.2933395,-858830689.7569572,65087719421.73564,4344187383.120787,4848446766.638672,-14958699910.251953,0.0007552633240987614,0.00014466457769379956,-7.120930623806327e-05,2.8959132899408235e-06,1.9328361922251634e-07,2.157193638342588e-07,-6.655494808421432e-07,3.0457922346439754,6.40537114910502,9.906077195873094,9.978224566797754,9.999999999999776,9.999988380786748,-9.999999999999892,0.3183098861837905,0.031087700976194618,0.021586304578619295,0.035405596234889,0.07050199921330487,0.04915606241103047,0.02802222133827108,0.062295486058192316,0.0505823644322951,0.10555720002064,0.08259330651605008,0.09484488654475733,0.02166130254802906,0.08997167612701086,0.07854151163875737,0.11764489838532552,0.0790730601990773,0.0705334510047086,0.07752906015653797,0.11328044749997905,0.004708554077903076,0.09875196795501652,0.1052773895023964,0.16128813528298552,0.04705731521516389,56,57,756
C:\Users\damba\.cache\kagglehub\datasets\sunnykusawa\ecommerce-products-image-dataset\versions\1\ecommerce products\sofa\106.jpg,sofa,exito,3149760.0,364523520.0,336530895.0,49989453360.0,37262557125.0,39160353570.0,7539276696330.0,4263513084015.0,5375635435890.0,4367101121760.0,7802938630.88083,1306470537.6088927,213441286.47668427,-52108302466.2092,3081464497.9001827,-14808349643.238281,9074585851.875,0.0007865082172842016,0.00013168754261407134,2.1514115855948137e-05,-2.959465399578578e-06,1.7501025997688378e-07,-8.410329317951711e-07,5.153866384640851e-07,3.037064669778872,6.365783238839435,9.894215863695369,9.972988550979201,9.999999999999641,9.999983665625894,-9.999999999999906,0.3183098861837905,0.03972916886634716,0.024470106182280873,0.03424936305299877,0.08759834883103007,0.050159055118085744,0.043636969076853487,0.057405913946651246,0.05204151728001707,0.12942092686568255,0.08972002559782094,0.09646163333269132,0.06613259092762862,0.08022471284076664,0.08724297065569409,0.12355995051698464,0.10576747952005422,0.0921254026577193,0.09214575960243031,0.11674145611740447,0.07500381839753745,0.09079486779115935,0.12342467569903322,0.17410381367158687,0.03280342630664842,56,57,756
C:\Users\damba\.cache\kagglehub\datasets\sunnykusawa\ecommerce-products-image-dataset\versions\1\ecommerce products\sofa\107.jpg,sofa,exito,2944230.0,354770535.0,295324935.0,50086418385.0,30808799865.0,35189371935.0,7752761573565.0,3328269674955.0,4955273808795.0,3638675764875.0,7337675078.877101,1185836566.3602097,-396361920.3001035,-50829611043.22659,57873797.80815212,26809255110.015625,5826668807.173828,0.0008464767025103651,0.00013679851119305966,-4.5724446461542105e-05,-3.4173341960317458e-06,3.890923110464764e-09,1.8024175746629823e-06,3.91733758237365e-07,3.00732486418066,6.290640105908289,9.823076559617466,9.94916797618054,9.999999999999012,9.999977501342366,9.999999999999083,0.3183098861837906,0.01954569818662085,0.015522692694800886,0.007763648277249964,0.022416459678549022,0.08640402778066171,0.052748712561098754,0.004617064690122935,0.03445028343952411,0.001939557338145605,0.09890829284671575,0.06460639923177357,0.13747216580599653,0.014268484087624588,0.033513077606287724,0.02700083180707348,0.02321249267482111,0.028483729893492057,0.017666886736532772,0.03704809995738402,0.24318025517698116,0.03433517675746483,0.12222017654790449,0.06801624138217456,0.08502293038733136,56,57,756
C:\Users\damba\.cache\kagglehub\datasets\sunnykusawa\ecommerce-products-image-dataset\versions\1\ecommerce products\sofa\108.jpg,sofa,exito,2634660.0,321904350.0,266756775.0,46205627190.0,27906385275.0,32042477880.0,7254840402090.0,3007668586605.0,4570158786600.0,3305162008200.0,6875159293.222997,897519991.2819397,-550025996.9599304,-70613263203.46945,428026300.7158822,26288771498.341797,6922200950.462891,0.0009904524009143672,0.00012929894309650375,-7.923810140534175e-05,-6.267218510030932e-06,3.798910053054794e-08,2.3332369567122096e-06,6.143739002953088e-07,2.950878368824736,6.1153179044204204,9.6690929771802,9.861453012168269,9.999999999990527,9.999883084880121,9.999999999995042,0.3183098861837905,0.040386369134608496,0.024718222665705416,0.03522484376584403,0.08964664010430529,0.051299610236634444,0.044664944389587895,0.06305658419109895,0.05425270993258808,0.13383609699047408,0.09630033672881572,0.09325990602173187,0.06814775305449118,0.08891051454305032,0.08930382083799672,0.11771574514195118,0.11177404818713169,0.108954451480463,0.07325911186733887,0.10672333554175542,0.07746428251997838,0.09092194637565498,0.12802541200645293,0.14820084323578533,0.03648425516805424,56,57,756
C:\Users\damba\.cache\kagglehub\datasets\sunnykusawa\ecommerce-products-image-dataset\versions\1\ecommerce products\sofa\109.jpg,sofa,exito,2951625.0,355232595.0,309937200.0,50094102555.0,33673628730.0,37317690675.0,7706277131925.0,3773669849970.0,5267029723365.0,4071459983445.0,7341315005.6216,1128482261.922248,16273373.332615137,-89701966072.74059,755788246.2199637,2950598243.669922,15369536875.742188,0.0008426582929151074,0.0001295305998568664,1.8679069052248918e-06,-5.993065325798507e-06,5.049486126529159e-08,1.971320005423369e-07,1.0268519471345613e-06,3.012249300362335,6.293568090373074,9.7384441107435,9.904047899748734,9.999999999995167,9.999923852496176,9.999999999999565,0.3183098861837905,0.03152810299562531,0.08101460059193634,0.07783219229997637,0.0614667901163495,0.015109855994111179,0.12156424561195081,0.0760510850925185,0.01656547347597503,0.07148377692279323,0.03735063738950613,0.005290204225336743,0.1285866894605899,0.015003149845612412,0.019947557026918448,0.010667611785568009,0.014020942359095978,0.03985933325168461,0.003196800811499463,0.004471252988124564,0.08344626459472042,0.16578489909433575,0.05947169764133713,0.11258325435204936,0.09685267039961594,56,57,756
C:\Users\damba\.cache\kagglehub\datasets\sunnykusawa\ecommerce-products-image-dataset\versions\1\ecommerce products\sofa\11.jpg,sofa,exito,2093805.0,245142975.0,235201800.0,33772622535.0,26831398350.0,27400762095.0,5121084932805.0,3105617933280.0,3774599955585.0,3111191596035.0,5071249583.91304,410653952.4844709,-136696731.08695957,-20503506289.30555,-672426156.50631,12854652517.285156,478716603.7480469,0.0011567580219496284,9.36706517637407e-05,-3.118068587291268e-05,-3.232120578814037e-06,-1.059995489313201e-07,2.026374725784925e-06,7.546366775330861e-08,2.902941041289923,5.945331916337407,9.823280748294552,9.944421680497836,9.9999999999987,9.999967738834231,9.999999999999151,0.3183098861837906,0.04558263790970645,0.0075316941358093735,0.010846274563993716,0.09700005878322479,0.08342604966907032,0.0033797943965855957,0.022681454004962038,0.07076336921402875,0.14452505666207502,0.12702975817375212,0.08649386030943833,0.021606297667095813,0.11885139859382163,0.12491758385049276,0.07069283291799137,0.15772003970747955,0.1417507455100611,0.10204351303858737,0.06403058660879134,0.07260168857984317,0.2529141426630988,0.1734448725271423,0.1830094260538237,0.06700037986326185,56,57,756
C:\Users\damba\.cache\kagglehub\datasets\sunnykusawa\ecommerce-products-image-dataset\versions\1\ecommerce products\sofa\110.jpg,sofa,exito,2790975.0,335899770.0,289012155.0,47274229680.0,30887774895.0,34865197830.0,7261080809010.0,3398478700515.0,4916283285990.0,3746354352480.0,6847978822.8433075,959873090.8835086,81971039.46825077,-76810752023.34813,1181208919.9996555,1192644766.1074219,11968434809.332031,0.0008791247682870799,0.00012322587882326403,1.0523217571642007e-05,-5.9024477501396e-06,9.076885395129982e-08,9.164763045526128e-08,9.197027662424264e-07,2.998980281582659,6.2426600963671195,9.756821825197523,9.903573109956435,9.999999999995355,9.999918777789677,9.999999999999588,0.3183098861837905,0.017702327830933295,0.018508771788884968,0.036188229925135124,0.020718415870495166,0.043959093859008584,0.004542337163541319,0.06148714644787851,0.04425342883153779,0.01295994356026677,0.04624693787028778,0.09383602021138358,0.06232990757041121,0.08311861960352704,0.1130763323267995,0.09023185976889737,0.037229118660212585,0.018712305531658195,0.06030877918358595,0.10600786053900554,0.16521036507807302,0.08907183183331009,0.2035645319738371,0.11625856002976385,0.11733515879490602,56,57,756
C:\Users\damba\.cache\kagglehub\datasets\sunnykusawa\ecommerce-products-image-dataset\versions\1\ecommerce products\sofa\111.jpg,sofa,exito,3103860.0,356436705.0,346441470.0,49382374095.0,39815465910.0,40153212900.0,7584319259085.0,4699138984080.0,5613697677480.0,4660884607260.0,8450397565.37011,1146939579.6368697,369055095.79608697,-27414013607.791016,-951679331.5095248,17056128512.019531,6227033530.0625,0.0008771480322069213,0.00011905188928169102,3.830777765771266e-05,-1.6151665570586453e-06,-5.607061597362254e-08,1.0049053290642253e-06,3.6688156835894364e-07,3.0016534532356514,6.236063352300983,9.93253722336461,9.989451994962542,9.99999999999997,9.999998622058078,9.99999999999994,0.3183098861837906,0.026944242814958917,0.013901829261719798,0.009902737201811937,0.05880905073159755,0.08470997112984668,0.03805790633347879,0.011882658145014732,0.057375151572926365,0.08886048877483559,0.11371293604851009,0.07653932886635255,0.07939280460055467,0.07301698607603875,0.06521387146727924,0.053041486637332824,0.07970966361818735,0.07760594316065039,0.05190269174375519,0.050857676155214776,0.12114279853490413,0.1420763851771721,0.05565416034443426,0.13046271891651617,0.07125819936627296,56,57,756
C:\Users\damba\.cache\kagglehub\datasets\sunnykusawa\ecommerce-products-image-dataset\versions\1\ecommerce products\sofa\112.jpg,sofa,exito,2936580.0,340643025.0,329930220.0,47323281225.0,38069835360.0,38673141390.0,7263894785265.0,4502608728150.0,5415002042640.0,4512894652440.0,7808719904.977856,1001562038.9093424,401264519.72386104,-37223389287.862526,337268366.64784765,5050158021.1796875,6631427592.134766,0.0009055160905263435,0.00011614330555186602,4.653150370211824e-05,-2.518902298231679e-06,2.2822910006938043e-08,3.417435888926581e-07,4.487479115135788e-07,2.990693823980655,6.199372183212528,9.935751063930198,9.981222766460544,9.999999999999845,9.999986374213533,9.999999999999957,0.3183098861837905,0.03143665387986674,0.08104173486386815,0.07782511434055375,0.06131806857495516,0.015065571684461883,0.12168710305539003,0.07599759618706232,0.016570309091317816,0.07130233701070156,0.037216663625301634,0.0052753784022346265,0.12886128251914963,0.015098865036957877,0.0199151391378028,0.010670170756695968,0.013708693474682445,0.03969548954969642,0.0031900179852456367,0.0044586409409699745,0.0837878343512118,0.16608256261871965,0.059403375195851045,0.11258934777238121,0.09685564513991742,56,57,756
C:\Users\damba\.cache\kagglehub\datasets\sunnykusawa\ecommerce-products-image-dataset\versions\1\ecommerce products\sofa\113.jpg,sofa,exito,2455650.0,282367365.0,267437880.0,39221885325.0,29707919730.0,31156331970.0,6029641304115.0,3363173429040.0,4358544068910.0,3507300471480.0,6753362197.908098,582018376.4299068,404502728.5420546,-33453431283.063515,996167122.2654542,-6025230505.052734,3174998329.2578125,0.0011199202756222405,9.65169883455228e-05,6.707929975665889e-05,-3.540173123209422e-06,1.0541830649983133e-07,-6.376134906654001e-07,3.3599075850744884e-07,2.9149102485773906,5.972465777517221,9.90392813214743,9.956441188892516,9.999999999999261,9.999953642628851,-9.999999999999943,0.31830988618379047,0.021138764233177624,0.030642212133712193,0.0024458393924081064,0.043746268014057205,0.06662206663447423,0.0034018121113141998,0.011826639691748542,0.07989782556178023,0.06533697125387035,0.11246944820520616,0.11136291541575336,0.11665676001441685,0.038073663327673445,0.01599165856452068,0.023095730204435703,0.0794149132002877,0.145469093005457,0.14259595726701774,0.13269348118342902,0.24559093528655332,0.08116033738382698,0.19800286024457134,0.06925966233184228,0.39717421037146805,56,57,756
C:\Users\damba\.cache\kagglehub\datasets\sunnykusawa\ecommerce-products-image-dataset\versions\1\ecommerce products\sofa\114.jpg,sofa,exito,2749665.0,321834735.0,304857345.0,44473480275.0,34678740555.0,35968507350.0,6755730533325.0,4041599470185.0,4988352087240.0,4128613554960.0,6804310884.357784,878986475.7034184,286457776.3688202,-42493221016.76854,1834720628.6612604,-9511741495.160156,6118345191.1796875,0.0008999628383324405,0.00011625793955834807,3.788794454937888e-05,-3.3893794194647662e-06,1.4634250335595845e-07,-7.586833875041585e-07,4.880165065383565e-07,2.993011886910842,6.207583546803936,9.887985991652492,9.963399573770195,9.999999999999394,9.999971456732963,-9.999999999999902,0.31830988618379047,0.014534716513080425,0.0317524008809801,0.0029060724559445876,0.030191928728008497,0.06645789535797238,0.0028475648708739774,0.00932148101246007,0.08526748072095511,0.0446532662452554,0.12013103540143223,0.11934528993094529,0.0987626582585089,0.03456100758301489,0.022281770336560577,0.034936864122958086,0.05775140565270784,0.15711840050948525,0.15700916745233875,0.12976962270872092,0.21605918475599203,0.07756488964191437,0.11140691673926281,0.08386379949363142,0.3781800051010015,56,57,756
C:\Users\damba\.cache\kagglehub\datasets\sunnykusawa\ecommerce-products-image-dataset\versions\1\ecommerce products\sofa\115.jpg,sofa,exito,3232380.0,371189985.0,360775020.0,51117359415.0,41606771550.0,41531794155.0,7777178590605.0,4940813587800.0,5741073862485.0,4808524142865.0,8491800240.552614,1339657208.2455018,102236286.7497584,-43187295312.15791,-2080982232.7660294,12241071543.33789,7793565291.609375,0.000812746199672413,0.00012821796015239647,9.784986830905232e-06,-2.2990582716691167e-06,-1.1078025101725577e-07,6.516485133506783e-07,4.1488730933385635e-07,3.0264268718497265,6.328769846631564,9.932463556409095,9.983624284767172,9.999999999999872,9.999990489029193,9.99999999999996,0.3183098861837906,0.026114520641374386,0.014109287627546145,0.009826043351217083,0.057210751291606105,0.08473727196854657,0.03915087121352043,0.011904947797803203,0.0569967048226736,0.08700174660985045,0.11333341823303396,0.07639457838140874,0.08239562649733098,0.07287994564899758,0.06359093416211253,0.0525996878467551,0.07862139948242924,0.07604155255997655,0.05115324383539307,0.05066483437328062,0.12620423842623188,0.14145405666476704,0.0529479552589876,0.1295470270107877,0.07119918482828662,56,57,756
C:\Users\damba\.cache\kagglehub\datasets\sunnykusawa\ecommerce-products-image-dataset\versions\1\ecommerce products\sofa\116.jpg,sofa,exito,3584280.0,436567395.0,364682130.0,60899712255.0,39761932230.0,43425229845.0,9220061078085.0,4596208134630.0,5937678802815.0,4660663160925.0,7725548858.980146,2657393538.4533257,-993266337.5391331,-79512118215.31696,9882844681.992544,-16594129684.470703,19756142903.10742,0.0006013474665595246,0.00020684832898869445,-7.731466159892555e-05,-3.2691022233280083e-06,4.0632837167308036e-07,-6.82259603483263e-07,8.122642452316521e-07,3.09248335946784,6.745597444048189,9.858315200078966,9.974234718507537,9.999999999999593,9.999990699556676,9.999999999999972,0.3183098861837905,0.037375062646700555,0.023614753149696383,0.03591249130014812,0.083809364280519,0.05121076850381591,0.03859048598569842,0.06660164959547812,0.054209748502580965,0.12623531158213244,0.09529140831697051,0.09170327658371814,0.05066086719247829,0.097358583988597,0.08581548551646724,0.11384213597207253,0.10585529303286036,0.10514345655115265,0.06205119345070216,0.1029404877553609,0.046414540583863975,0.10399840783972002,0.12010545022801888,0.13745694666095642,0.04268728092462059,56,57,756
C:\Users\damba\.cache\kagglehub\datasets\sunnykusawa\ecommerce-products-image-dataset\versions\1\ecommerce products\sofa\117.jpg,sofa,exito,1718700.0,178218480.0,185847315.0,22871291700.0,20349488835.0,19055488530.0,3329894352630.0,2255823084435.0,2434600872510.0,2061091851210.0,4391145884.261128,253355424.45178232,-215719936.50445023,47614994793.74941,590226834.880255,6208718761.384766,-2370665208.239258,0.0014865438060785827,8.576894206706128e-05,-7.30281215679342e-05,1.2295425105572675e-05,1.524118583863008e-07,1.6032520188827491e-06,-6.121671680224367e-07,2.8034610367283146,5.702545321101867,9.492951148488498,9.620547859292552,9.999999999894323,9.999215096052641,-9.99999999998628,0.3183098861837905,0.0380343351177523,0.023849031170090615,0.033633231507560306,0.08421163190857764,0.048358029417052056,0.040874866977440444,0.055088165324292046,0.04860259384843828,0.12802688042837435,0.0798712898956106,0.10015762316624613,0.06120745658283351,0.09263706881521996,0.08212972190539772,0.1303635333042653,0.1308306596544107,0.06916164299618689,0.11427879334429324,0.13023492207621967,0.07706352839114376,0.14301359850992706,0.11474311505557536,0.21064019366254866,0.038161257696017484,56,57,756
C:\Users\damba\.cache\kagglehub\datasets\sunnykusawa\ecommerce-products-image-dataset\versions\1\ecommerce products\sofa\118.jpg,sofa,exito,3465195.0,414562170.0,400859745.0,57970384710.0,48212771205.0,47506534680.0,8880130117380.0,5999381426175.0,6612677505750.0,5675056977000.0,8373812859.033775,1840623270.6225572,-450733454.3608817,-58835955566.057495,-3808212729.9663205,14411158678.730469,11355725756.660156,0.0006973774380802499,0.00015328849146095682,-3.753742135760155e-05,-2.632228660958351e-06,-1.703734833300931e-07,6.447327071824913e-07,5.08037415472995e-07,3.070240909945038,6.5203253563705985,9.914693751129036,9.979899019291453,9.999999999999796,9.999989212701767,9.999999999999961,0.3183098861837905,0.01388432793036685,0.01794046781629216,0.03733425124619042,0.027694988552039508,0.04738786697314176,0.004424278092563118,0.07104787504490769,0.04905738250826826,0.046342024674942396,0.06789068973379303,0.08914422062413228,0.054992939081786985,0.10651997721090746,0.0928969853140346,0.09266156177395131,0.042008183770297046,0.0351085629303721,0.031799962351111176,0.09739722191148933,0.145918782750852,0.11569170459669936,0.15646343455699518,0.10377482205448611,0.09018767700147161,56,57,756
C:\Users\damba\.cache\kagglehub\datasets\sunnykusawa\ecommerce-products-image-dataset\versions\1\ecommerce products\sofa\119.jpg,sofa,exito,3513645.0,432402225.0,381078375.0,60906719145.0,43553660085.0,46685072070.0,9302214626475.0,5212414490955.0,6532816051890.0,5341655769420.0,7693692733.694754,2223153476.438059,-211850427.68669674,-86821712933.21764,6496010616.947814,-20784088636.46875,27733533623.302734,0.0006231879921412488,0.0001800751081643389,-1.715985382235767e-05,-3.7517479032239087e-06,2.8070621262909703e-07,-8.981239637862287e-07,1.198424024417134e-06,3.095142128804429,6.704154007012563,9.788266131202377,9.971019582959604,9.999999999999408,9.999988657533796,-9.9999999999998,0.3183098861837906,0.03324543657819041,0.012114576420078493,0.00660150848636131,0.07501657200208887,0.08376058668351846,0.025493616136128893,0.04151663223077154,0.06912110428736497,0.12619260751221004,0.12711980789628702,0.08964808768295379,0.030944607497721727,0.17262564077838355,0.1206607982020781,0.07017648640291457,0.17035871498259647,0.14525621357716229,0.10837607170710213,0.06758481067491538,0.008388347371275117,0.34241229719600785,0.16136477467677415,0.19629036041476355,0.049902364013399626,56,57,756
C:\Users\damba\.cache\kagglehub\datasets\sunnykusawa\ecommerce-products-image-dataset\versions\1\ecommerce products\sofa\12.jpg,sofa,exito,2800410.0,330250500.0,309528180.0,45633270000.0,35151018150.0,36455214630.0,6932220054930.0,4092593615640.0,5033893012560.0,4139205346140.0,6687046857.585139,938994119.9071194,-47239013.9628485,-26479339307.57336,-207422439.2714389,1207943378.2988281,4311631465.099609,0.0008526899155869614,0.0001197345904540883,-6.02362024466788e-06,-2.017683744901804e-06,-1.5805261573356736e-08,9.204337354664428e-08,3.285394933796737e-07,3.0121440603874774,6.269646866957057,9.962155145257599,9.987757615449638,9.999999999999936,9.999990922832419,9.999999999999998,0.3183098861837906,0.0311183675477473,0.012759731944836854,0.006627380179460221,0.07110146121583308,0.08384121651815933,0.028913682681768065,0.03987059961549906,0.06800558837414689,0.12087039811684379,0.12560367417773594,0.08873106686174223,0.04082219715996382,0.16695820805968561,0.11524730479031803,0.068581412453366,0.1619346875231578,0.13759549656430617,0.10346710009798164,0.06632367730932145,0.011494768081096804,0.328754776776443,0.14862187696547108,0.19085011183619532,0.05058169180977192,56,57,756
C:\Users\damba\.cache\kagglehub\datasets\sunnykusawa\ecommerce-products-image-dataset\versions\1\ecommerce products\sofa\120.jpg,sofa,exito,3787260.0,443727540.0,424267215.0,61569245100.0,49741380945.0,49432845480.0,9418709914560.0,6066253159125.0,6840153418260.0,5778097391280.0,9580701996.423376,2212911887.196672,-275663472.27713645,-39952106154.74473,-1819561161.3997529,7463505397.769531,11999828501.83789,0.0006679548227170323,0.00015428150962765289,-1.9218920056502652e-05,-1.431287493577282e-06,-6.518592847203704e-08,2.6738069559332655e-07,4.2989484442269013e-07,3.0850032840434833,6.576037328773168,9.965949597082176,9.995490888351968,9.999999999999988,9.999997786536147,9.999999999999996,0.3183098861837906,0.02728775993375751,0.004591634451448269,0.031690548969266936,0.05862560542725859,0.07072144133439326,0.059071125796912566,0.04428467838633997,0.09529369984623463,0.0883584179820396,0.13367561659546917,0.16356326176487007,0.18822666075608008,0.05212454474607026,0.0922682748275665,0.07195356660046358,0.09491360414951726,0.1830192259143679,0.2188058898144207,0.037555496263711484,0.34481048022688987,0.08476496942662334,0.15894297986409917,0.16514329251320434,0.2825426729572474,56,57,756
C:\Users\damba\.cache\kagglehub\datasets\sunnykusawa\ecommerce-products-image-dataset\versions\1\ecommerce products\sofa\121.jpg,sofa,exito,4133550.0,486775365.0,464384070.0,67103547075.0,55254566880.0,54452842290.0,10169089341405.0,6893386098300.0,7505889156690.0,6460023096540.0,9779877113.131094,3083294131.4509573,-233982636.37939286,-36559585794.83462,-6979449319.412639,22243298850.94922,5705054434.175781,0.0005723833699039088,0.00018045485285242234,-1.3694218072537717e-05,-1.052430143341032e-06,-2.009153738472802e-07,6.403113626464923e-07,1.6422973962621637e-07,3.123298281533524,6.811189342926529,9.971064389749362,9.995756166347764,9.99999999999999,9.999998892980125,9.999999999999995,0.3183098861837905,0.01665174472692081,0.018338693149719955,0.036626204682957846,0.04194488620441745,0.04734132081018805,0.009627445624385503,0.06666531791022803,0.04817743509556542,0.06903235803008886,0.06985941014269674,0.09337818895741694,0.032366027677787,0.09806530155589763,0.07693899291004641,0.10863760431021438,0.05262247555221232,0.037586397255842285,0.06247698019471552,0.10995833183515495,0.0997207324228392,0.1065952022712314,0.11695200716689831,0.1455155936817567,0.07024861180857826,56,57,756
C:\Users\damba\.cache\kagglehub\datasets\sunnykusawa\ecommerce-products-image-dataset\versions\1\ecommerce products\sofa\122.jpg,sofa,exito,2783835.0,328056480.0,299154525.0,45431238090.0,33063134505.0,35337716655.0,6894812598390.0,3751533896415.0,4886908747395.0,3921454736085.0,6771959048.680956,915600679.1893365,84341204.3816978,-55018173288.698006,1743240575.3000095,-15069210433.929688,7056925386.337891,0.000873830786801964,0.00011814602778028766,1.0883104941256186e-05,-4.2549791861829265e-06,1.348182231621784e-07,-1.1654181321529437e-06,5.457664048523014e-07,3.00349843468675,6.242882538265743,9.830021157815613,9.939980961043949,9.999999999998343,9.999957611978912,-9.999999999999558,0.3183098861837906,0.014734557835536032,0.016299893451763026,0.00848101016029412,0.039507059878796214,0.08470972553446782,0.049579691089454585,0.01696398256751012,0.056078576105008694,0.07376322909084125,0.11164300110889198,0.07803616184008251,0.10716152181755949,0.09178429273769641,0.05882072724441937,0.052025468676687184,0.08558859306134309,0.07030926866559169,0.05565754501358167,0.05251635132614182,0.1585638707105428,0.17487423094364166,0.03263381763616829,0.13405537808707652,0.06584948392716769,56,57,756
C:\Users\damba\.cache\kagglehub\datasets\sunnykusawa\ecommerce-products-image-dataset\versions\1\ecommerce products\sofa\123.jpg,sofa,exito,2216970.0,225901440.0,241257540.0,28391964180.0,26746788330.0,24560229375.0,4041790981560.0,3017758813950.0,3094232409975.0,2715634867245.0,5373402542.236023,492395800.17253125,-23064804.378884386,53688149012.8853,-77581810.16881931,9231400132.782227,-4748756887.097656,0.0010932758224321013,0.00010018315567545865,-4.692779440653482e-06,7.336330542480667e-06,-1.0601330348450734e-08,1.2614441732333935e-06,-6.489039169755812e-07,2.9231924676976644,6.005937631813777,9.697720173966259,9.834796395896072,9.999999999986475,9.999814587381117,-9.999999999997724,0.31830988618379047,0.0357269880236621,0.03488355017928135,0.03322702238621934,0.07970841041544964,0.049016797045569244,0.020098123428713827,0.04513594986658676,0.05600821633529777,0.11887959740831328,0.0852995063399441,0.11506606053028717,0.04974188209665327,0.03492428517688123,0.0764138751809284,0.11087561976056286,0.0987458524507946,0.10525968766323412,0.14148279478404027,0.1368664464511291,0.13266959971572329,0.012654018402459164,0.13942695160633517,0.14389572613984325,0.18761706751402932,56,57,756
C:\Users\damba\.cache\kagglehub\datasets\sunnykusawa\ecommerce-products-image-dataset\versions\1\ecommerce products\sofa\124.jpg,sofa,exito,2222070.0,269028825.0,241939155.0,37954446075.0,26837999025.0,29314020720.0,5844974716635.0,3029979568845.0,4146985398180.0,3258892581030.0,5382786009.889257,495644948.79446894,22141260.24271142,-53619486975.598274,-75580714.65761985,9141006989.44336,4760614604.814453,0.0010901635142887124,0.00010038185397385763,4.484219516181701e-06,-7.284979169703743e-06,-1.026872808691097e-08,1.2419373862811595e-06,6.467980241370772e-07,2.9242540137505264,6.008841215032835,9.701003320584379,9.836890956470203,9.99999999998688,9.999817777807104,9.999999999997808,0.31830988618379047,0.008659935088212146,0.03239452753631536,0.002699096295952796,0.020108969964314605,0.06640411391850094,0.00612244145824501,0.005030962354557632,0.08640742462009104,0.029424647246519876,0.12117056667039064,0.1213620689803231,0.08964316204348834,0.024375025451964124,0.028346800575469833,0.03591701913085434,0.03463085043500277,0.15738209815320775,0.16121482780665966,0.12779412557662453,0.197995138867608,0.06498453849452528,0.09169318920096749,0.06468818574670294,0.373424884734903,56,57,756
C:\Users\damba\.cache\kagglehub\datasets\sunnykusawa\ecommerce-products-image-dataset\versions\1\ecommerce products\sofa\125.jpg,sofa,exito,2974830.0,349930125.0,313400355.0,48366582105.0,34190434425.0,37499501085.0,7339596402195.0,3852484442385.0,5234090016765.0,4162308941055.0,7204198915.871334,1173494796.8108158,634125450.0244288,-44642890852.621086,3242079553.662481,-10546886126.63086,6867025231.597656,0.0008140693254394365,0.00013260407281951445,7.165572236048258e-05,-2.9248050794242524e-06,2.1240673633241654e-07,-6.90985407220061e-07,4.4989717050843966e-07,3.0237997806105192,6.314228658104275,9.908353421471245,9.973245327470085,9.999999999999664,9.999981076048057,-9.999999999999972,0.31830988618379064,0.0034538621798605707,0.049099515843169864,0.05683453086022862,0.017827949324518366,0.07246954547731621,0.05567841794632228,0.1048771966368156,0.02545777521495046,0.046079944277536034,0.10583834556210035,0.02296922318448628,0.012728416874426744,0.15476129271528405,0.10179996460128798,0.026235705532261823,0.059983263238471134,0.08948268062557867,0.054541550353521755,0.009483824040787165,0.06643688510574307,0.17779588753598694,0.18476619224343588,0.007581612094734435,0.14551741169628393,56,57,756
C:\Users\damba\.cache\kagglehub\datasets\sunnykusawa\ecommerce-products-image-dataset\versions\1\ecommerce products\sofa\126.jpg,sofa,exito,2889150.0,349757490.0,304945575.0,48880834740.0,33393766485.0,36467979420.0,7448240469270.0,3776657764785.0,5069707209720.0,3953018469060.0,6539557267.00618,1207205139.2475746,-448414293.93203735,-52566459621.15631,-2843144771.674533,18975423409.945312,5062828806.958984,0.0007834443748495893,0.00014462417515704486,-5.372040366641429e-05,-3.704959818685611e-06,-2.0038894028010078e-07,1.3374151841890244e-06,3.5683546949617516e-07,3.032419897470425,6.377025048424876,9.852164925919123,9.948836802389705,9.999999999998819,9.9999689347984,9.999999999999687,0.3183098861837906,0.03453366625120515,0.011703113933685193,0.006550060909041437,0.077422355584037,0.08370965440776666,0.023301996776407156,0.042784368140632904,0.06985347176720742,0.1296625631986946,0.12815825303617662,0.09029382997078761,0.024529197463583806,0.17689365965452114,0.1242673092435734,0.07124668378960448,0.17635067742201882,0.15055908225050393,0.11180090500284089,0.06847285897594702,0.021724437687537627,0.3524764929039871,0.16997810373262479,0.20011094492852377,0.0493126617858974,56,57,756
C:\Users\damba\.cache\kagglehub\datasets\sunnykusawa\ecommerce-products-image-dataset\versions\1\ecommerce products\sofa\127.jpg,sofa,exito,2023935.0,214814295.0,226300770.0,27981885675.0,25663302000.0,24018078210.0,4083651078525.0,2949630942330.0,3142567260390.0,2723158432380.0,5182150833.541639,360098832.60929596,-796094.5143016948,13703575355.410532,-368089029.065624,14018048413.93164,-488232606.24316406,0.0012650769069663178,8.790803895767954e-05,-1.943441667670148e-07,2.351486503646848e-06,-6.316281419553347e-08,2.4054490012939285e-06,-8.377903973562905e-08,2.8687070034826285,5.858291077199021,9.796515762968733,9.956131791643715,9.999999999999554,-9.999998224396961,-9.999999999998925,0.3183098861837906,0.04834716082545329,0.0025186195878778134,0.0022995398056609995,0.1054529473593056,0.00900762379387686,0.021630937730835326,0.010020307935635448,0.012204033589410286,0.157669057568994,0.039362019151833294,0.1599415616141817,0.08243223308141279,0.03014422523400914,0.06292413271415732,0.1733903957314987,0.14708157972682903,0.046322366374679104,0.18764783875900373,0.06254164161260663,0.14346464214515361,0.07155576561709553,0.13106816469616564,0.20201874015830593,0.08711814143197402,56,57,756
C:\Users\damba\.cache\kagglehub\datasets\sunnykusawa\ecommerce-products-image-dataset\versions\1\ecommerce products\sofa\128.jpg,sofa,exito,3101565.0,363156720.0,339362415.0,49851032730.0,38441637855.0,39962501205.0,7513636024050.0,4494780729225.0,5501603856675.0,4559103376095.0,7329659397.131463,1309787091.0688121,227160651.86672613,-39766102166.38575,2006249325.3055289,-6117790940.578125,8330237479.3125,0.0007619421858412483,0.00013615667319359905,2.361409640510636e-05,-2.347257881689089e-06,1.1842208023690815e-07,-3.611124103567946e-07,4.91705611423652e-07,3.0466758069909323,6.4045721132441855,9.935336990143098,9.985051372154691,9.999999999999886,9.999990618019773,-9.99999999999999,0.3183098861837906,0.032087228672865446,0.012471157283511104,0.008031638544692622,0.0720800431503153,0.08389568298361952,0.028104161645062548,0.03139552865044572,0.0665068027938837,0.11697837798004847,0.12298152946059465,0.0861421770465259,0.0421615545614542,0.14132111450200932,0.1069853659276413,0.06596177591502712,0.14309070939113733,0.12379058073790171,0.09290404157901935,0.0630128616599529,0.027423721133441683,0.28028519443729194,0.13037398130636998,0.1775859269317503,0.057397069362460126,56,57,756
C:\Users\damba\.cache\kagglehub\datasets\sunnykusawa\ecommerce-products-image-dataset\versions\1\ecommerce products\sofa\129.jpg,sofa,exito,3384870.0,400623615.0,371020155.0,55648706865.0,42331776075.0,43822156725.0,8458593998535.0,5005825656495.0,6070323452805.0,5008079692785.0,8232031809.335171,1663757682.4992516,-90736749.1837387,-76469031605.9836,1049287754.5708799,-7927492625.457031,17702267641.84375,0.0007184938455673639,0.00014521319682408694,-7.919526717738828e-06,-3.627693660120867e-06,4.977824950775744e-08,-3.76080540501772e-07,8.397962252872879e-07,3.063633489006668,6.482802019240404,9.856440791911572,9.967063710772017,9.999999999999407,9.999981039577087,-9.999999999999904,0.31830988618379064,0.005083040204370323,0.04916505637944657,0.056868561950169344,0.015293204946412852,0.07111895132369324,0.05534109565631018,0.10334291326944371,0.027703322361335443,0.042706514393224704,0.10130820871219724,0.023905950207525964,0.009870910493564937,0.15065778074230976,0.11046735558391325,0.02529335305654514,0.0651352979023256,0.08415116834960301,0.050260133150639326,0.010799363490218702,0.0737217189752435,0.17278092110136561,0.1986749392601259,0.00991186195496156,0.1460295721143974,56,57,756
C:\Users\damba\.cache\kagglehub\datasets\sunnykusawa\ecommerce-products-image-dataset\versions\1\ecommerce products\sofa\13.jpg,sofa,exito,2373030.0,280062165.0,267168600.0,39783004665.0,30607001280.0,31640451765.0,6271050128475.0,3563914146030.0,4527124225425.0,3638527437495.0,6730402605.823661,527709898.9555103,109532840.2417779,-12720690647.486082,-813106468.2740879,22283718185.333984,1662116029.4433594,0.0011951834942019782,9.371061404452697e-05,1.945081897727191e-05,-1.4664005661533663e-06,-9.373231520693588e-08,2.56879582001576e-06,1.9160342422681293e-07,2.889782727844645,5.915475253123615,9.782493919973874,9.967578500748623,-9.999999999999705,-9.999977404119369,9.999999999999304,0.3183098861837905,0.018562562169841198,0.08407507369872447,0.07623416595490907,0.03540958073270723,0.008833973811941018,0.1366982550724235,0.06705029963788232,0.01783948059152828,0.03955076520062416,0.02163746669578961,0.0031887087536535195,0.16607575300197464,0.03985989532481854,0.014452843085901224,0.011301279920719706,0.008726729802669723,0.02039184086878213,0.0015323281435322626,0.0026821968778984536,0.13442060318988053,0.20404449894551824,0.04630914578095943,0.11282544257219349,0.0975390659668218,56,57,756
C:\Users\damba\.cache\kagglehub\datasets\sunnykusawa\ecommerce-products-image-dataset\versions\1\ecommerce products\sofa\130.jpg,sofa,exito,3220650.0,359950350.0,342094485.0,48634730670.0,37760938815.0,38363061645.0,7301732299050.0,4318518090045.0,5180902603815.0,4250624807715.0,8405505369.168642,1423976814.3432288,129466063.72921234,-12697249625.1128,5078831838.330574,-13972918695.132812,2835573994.8867188,0.0008103577089447618,0.00013728271390965399,1.2481560380001003e-05,-6.821043675234493e-07,2.728380933765927e-07,-7.506341255313767e-07,1.5232884785715654e-07,3.0233563763201263,6.343180388817485,9.967897854978684,9.997795259021997,9.999999999999998,9.9999997920227,-9.999999999999996,0.3183098861837906,0.028190284148512636,0.009788685205401208,0.00493986293529091,0.06639315975429635,0.008560949435500422,0.017601827113147516,0.019915182200439117,0.010835105998118058,0.10070583488643219,0.03406163611927839,0.1578220224836713,0.02919480763480345,0.03851435958475395,0.018234895719615504,0.13860673844085195,0.06667364604579833,0.023592339805902002,0.13531358701035315,0.09835104038586302,0.05851795342719901,0.03176482150676078,0.019427147215896542,0.13053687776221065,0.06402877471182758,56,57,756
C:\Users\damba\.cache\kagglehub\datasets\sunnykusawa\ecommerce-products-image-dataset\versions\1\ecommerce products\sofa\131.jpg,sofa,exito,2992170.0,337964505.0,331488780.0,44905596645.0,37978761090.0,37751431140.0,6568642511745.0,4489327801320.0,5022939124440.0,4362746060910.0,6732629654.523177,1254640713.85546,309894915.20197403,-24324277887.802,3843414141.4228973,-21950841791.748047,4395242931.033203,0.0007519902279710634,0.00014013507423508572,3.461321354179108e-05,-1.57063147193954e-06,2.4817128130424303e-07,-1.4173774495058856e-06,2.838031577398797e-07,3.0495740944374847,6.421064073069934,9.89921942944045,9.98706593347332,9.99999999999995,9.999998327679045,-9.999999999999893,0.3183098861837906,0.046596460503247866,0.001028844099783679,0.06368244773740481,0.0973663922450722,0.062410090776341735,0.04030903601768225,0.09027071995005456,0.010903184855551518,0.13774015943761064,0.12052107353884046,0.040606719353066444,0.13640320557266405,0.09286839090427065,0.04183904076925327,0.09292173219964418,0.12107188684636262,0.1596797487029487,0.05413791271237651,0.15061835010520655,0.25396844744065894,0.09011900314717208,0.11867050587876823,0.19655910960693768,0.1142129985746119,56,57,756
C:\Users\damba\.cache\kagglehub\datasets\sunnykusawa\ecommerce-products-image-dataset\versions\1\ecommerce products\sofa\132.jpg,sofa,exito,2105535.0,239771400.0,232322595.0,32901258210.0,26028018555.0,26540044785.0,5007790757130.0,2958939771135.0,3657846010545.0,2983246149285.0,5596879865.322755,393779206.0772666,83911852.14302863,-13604842873.652716,136223613.077424,8443359607.300781,743513783.5351562,0.0012624699656953087,8.882349322308072e-05,1.8927723239657237e-05,-2.114887974545977e-06,2.117611234633082e-08,1.3125296531597039e-06,1.1558004559926989e-07,2.869250293339843,5.860442323190741,9.91578881671883,9.975612846783058,9.999999999999797,9.999989569210655,9.999999999999808,0.3183098861837905,0.03605931222532197,0.02315943595468282,0.03387056915009765,0.0812690497782053,0.04685443030776578,0.037715437595761604,0.05742146670976329,0.04590319975120462,0.13016704930167577,0.07198501315436383,0.10221160003838908,0.055447669972544134,0.110275481531276,0.07735390016392443,0.13395703601599482,0.16066825535393137,0.054905720720062175,0.12681089394105075,0.13904231790005775,0.08034581090430665,0.18367899002617755,0.11058242505949613,0.2351464625419065,0.04971864608724654,56,57,756
C:\Users\damba\.cache\kagglehub\datasets\sunnykusawa\ecommerce-products-image-dataset\versions\1\ecommerce products\sofa\133.jpg,sofa,exito,2747625.0,337501680.0,306457980.0,46658638260.0,35391656040.0,37261628670.0,6969077184750.0,4218119820780.0,5098222591350.0,4273048152390.0,5201967861.811602,1210683925.6538289,-381820890.768445,-40145174413.68575,621829088.3086563,-12075082649.697266,10923861895.9375,0.00068905318775352,0.00016036731492670057,-5.0576033709531983e-05,-3.208039454795218e-06,4.969095983684283e-08,-9.649314550477129e-07,8.729362986390415e-07,3.0708772094133647,6.537840940461046,9.845813004094593,9.973506073331958,9.999999999999645,9.999991281422792,-9.999999999999728,0.3183098861837906,0.012723797696609593,0.016560074658101494,0.008556618112484165,0.03562315195352902,0.08481791940130289,0.05124620488507337,0.015091898984891425,0.05471401372650515,0.0686961514864125,0.11041699979992846,0.0770105325958576,0.11277749732070773,0.08535052288567267,0.052718520810149064,0.05028684550115594,0.07972385928525688,0.06495706438299766,0.051613654190113524,0.05125004327612408,0.17051154677568428,0.1624034607287246,0.022429124954672287,0.1288946936534806,0.06719842501928942,56,57,756
C:\Users\damba\.cache\kagglehub\datasets\sunnykusawa\ecommerce-products-image-dataset\versions\1\ecommerce products\sofa\134.jpg,sofa,exito,2203710.0,258505485.0,242546310.0,35870467245.0,27145985220.0,28437661965.0,5498130240555.0,3086702632530.0,3949753278465.0,3182080813695.0,5546565381.739759,450679351.8884545,-14154064.110159416,-10919353323.973646,-264243335.24987698,5072870500.439453,845513652.7597656,0.0011421292445394139,9.280230778428497e-05,-2.914555123161314e-06,-1.5146448513540295e-06,-3.66537097359163e-08,7.036677866451005e-07,1.172828520980652e-07,2.9083570779023407,5.9581255158185265,9.966189458288243,9.98971052620292,9.99999999999996,9.999993081962048,9.999999999999979,0.31830988618379047,0.03889960436182781,0.04075406288885562,0.04371005786928788,0.07947112915954727,0.05920355690188042,0.049865106977576984,0.03865442233975682,0.041043078635418485,0.10591971839268889,0.10041194282050811,0.07043308340956835,0.025957887141212842,0.0535298422565053,0.0818608671177673,0.06674208492668013,0.08005016364958113,0.11093886833081931,0.06634003571970228,0.08944743051080466,0.027454367051679165,0.16417204736254914,0.12073679065649298,0.17159549115875983,0.0738645225148248,56,57,756
C:\Users\damba\.cache\kagglehub\datasets\sunnykusawa\ecommerce-products-image-dataset\versions\1\ecommerce products\sofa\135.jpg,sofa,exito,2448510.0,298644780.0,247454550.0,42048672270.0,25729508160.0,30586511775.0,6434190640290.0,2748445879680.0,4343962664265.0,3227449055055.0,5622966587.258905,720929752.845243,404478765.2312029,-66152718799.74208,2417250596.194246,-4284317934.220703,7464850121.7578125,0.0009379112361411473,0.00012025113526268229,6.746708748909286e-05,-7.051686439744348e-06,2.57671847203253e-07,-4.566957674370814e-07,7.957312009756543e-07,2.9754476451392917,6.163122118161359,9.717282619414082,9.856433819481262,9.999999999989829,9.999859726582589,9.999999999999233,0.31830988618379047,0.019979002957082163,0.03086693085695922,0.0018540833691217925,0.04234888664903484,0.06661404459928644,0.002534163392336879,0.005307806683980046,0.07869312519224803,0.06251990864839474,0.10991714605439379,0.10993131920565576,0.1143305643344527,0.01640176254815767,0.020732497507940695,0.017149017260811295,0.06335745872975651,0.13968063204208955,0.1405752722960176,0.13217542313258285,0.23711283295129545,0.03589691307544367,0.21557170920318772,0.034353486929634476,0.40040700773658955,56,57,756
C:\Users\damba\.cache\kagglehub\datasets\sunnykusawa\ecommerce-products-image-dataset\versions\1\ecommerce products\sofa\136.jpg,sofa,exito,1960185.0,208282725.0,216167325.0,27082328805.0,24166975515.0,22927599270.0,3945230413335.0,2737323925395.0,2986924421010.0,2557996966770.0,4950900631.931832,328249885.70703906,-41620220.487187125,15420016613.58766,-185161690.01481223,9155982484.579102,-725629217.2304688,0.0012885168043122288,8.543001065687958e-05,-1.083203996279663e-05,2.86643559280553e-06,-3.441981107950282e-08,1.70201075255491e-06,-1.3488762480425762e-07,2.8620300467388846,5.839235287592577,9.862885473004813,9.957652073983224,9.999999999999304,9.99997640248119,-9.999999999999481,0.3183098861837905,0.028883617778623322,0.020963412633971727,0.03747272740663458,0.06669945351778388,0.05072123305473036,0.02337695591553986,0.07471935597404263,0.053776751094313464,0.10518550223990705,0.09082303581035718,0.08777196978652885,0.005730247261169106,0.11762467202257196,0.08140103590960346,0.10254376046945032,0.09820106641562827,0.09254352008947976,0.03295453854433029,0.09401938373870845,0.03155471311060586,0.13719942605555244,0.11776354448054635,0.11082902930878276,0.060920837109997086,56,57,756
C:\Users\damba\.cache\kagglehub\datasets\sunnykusawa\ecommerce-products-image-dataset\versions\1\ecommerce products\sofa\137.jpg,sofa,exito,2088705.0,228340515.0,233881920.0,30512934075.0,26569978470.0,25618314390.0,4549726925625.0,3060208096830.0,3440505804120.0,2916752495910.0,5550389919.427418,381142563.1168347,49975126.20314701,450284762.70503175,-311357967.7026642,12905306010.761719,888779245.3769531,0.0012722406886104928,8.736414630281563e-05,1.145512115311838e-05,7.14158295292691e-08,-4.938183430959047e-08,2.0468006257883345e-06,1.4096170320240694e-07,2.866587267741722,5.852460538810716,9.858747967939019,9.982821421649597,-9.999999999999797,-9.999979786667526,-9.99999999999992,0.31830988618379047,0.03850153146118307,0.04089925769423693,0.04237204892454525,0.07791857820420553,0.05702050061353511,0.04973113949190823,0.027864256981167193,0.04455432300542211,0.10380736193453728,0.09846062738177233,0.07370545755231928,0.02151563023890264,0.07795791446516652,0.09853734411538943,0.07329969898510352,0.09647525150337215,0.12143194697966876,0.08764946895890496,0.09660210755734107,0.0495609702851297,0.22750411740616455,0.15684428428059052,0.19711959031596213,0.08236946904925277,56,57,756
C:\Users\damba\.cache\kagglehub\datasets\sunnykusawa\ecommerce-products-image-dataset\versions\1\ecommerce products\sofa\138.jpg,sofa,exito,2714985.0,342347190.0,295826520.0,48867594120.0,33603327780.0,36634117530.0,7530854809290.0,3965130355530.0,5159382695580.0,4100570962710.0,5699179377.047054,1369879000.2423222,-668253514.2152728,-68406188144.0714,5164244298.352148,3265485468.8515625,8971702693.539062,0.0007731743844376888,0.0001858434842447896,-9.065805185612954e-05,-5.632183608171204e-06,4.251950426547979e-07,2.688618417335538e-07,7.386799092139661e-07,3.0181732555753844,6.422585052054007,9.791182378021109,9.905081553441889,9.999999999996165,9.999934803589923,9.999999999998494,0.31830988618379047,0.015586909964358471,0.03160304747021398,0.0024371620579723805,0.03386957155572123,0.06654286632528451,0.001538355131420562,0.007430528834672548,0.08202350133972244,0.050049669302807166,0.11486006714438146,0.11464772618551167,0.10278711159886209,0.025213607058570793,0.006134012946753067,0.02580856497693163,0.04930878969894682,0.1467633678349118,0.14768683832597437,0.13100520943400265,0.21787651640259928,0.05594331505870473,0.16388851648290495,0.056490356888464176,0.38894968478697933,56,57,756
C:\Users\damba\.cache\kagglehub\datasets\sunnykusawa\ecommerce-products-image-dataset\versions\1\ecommerce products\sofa\139.jpg,sofa,exito,3426180.0,410465085.0,373410525.0,56533607865.0,42716293635.0,44222374125.0,8478109253085.0,5093089609395.0,6042198820935.0,5019510565545.0,7358845884.001563,2019243222.9446967,-513157249.3059687,-57977806036.5574,-2593330866.2979755,3701741066.3710938,13845229213.158203,0.0006268871336712624,0.00017201577749697224,-4.371496321718318e-05,-2.6683103328713383e-06,-1.193527665178265e-07,1.7036508643987064e-07,6.371984505096281e-07,3.0975059419265336,6.668265176591124,9.915877910554293,9.982432399108665,9.999999999999831,9.9999917768544,-9.99999999999999,0.3183098861837905,0.030752816064255607,0.036628303871894655,0.05014681050501744,0.06476947701943293,0.0987366272548067,0.10768343103758436,0.06269445615017737,0.061989928566332314,0.09099438854780176,0.17530058455027417,0.10066797465269707,0.24675264716389844,0.03736751449522971,0.021319859729627483,0.10814174511219371,0.08098543894638562,0.23909313247687972,0.13868763401357231,0.0807978561530513,0.41565256934186834,0.02353603767312993,0.07334925241489089,0.23409650558619852,0.17762853817148955,56,57,756
C:\Users\damba\.cache\kagglehub\datasets\sunnykusawa\ecommerce-products-image-dataset\versions\1\ecommerce products\sofa\14.jpg,sofa,exito,2178465.0,255360315.0,242389485.0,35569927305.0,27415265475.0,28432573695.0,5474100198765.0,3149123553405.0,3978081676245.0,3219030072975.0,5636515257.113425,445512718.5567118,19606196.19337412,-16845244126.890543,-409386737.41819495,15755152836.00586,1041489683.15625,0.0011877075393664659,9.387694179407576e-05,4.131351726189419e-06,-2.4049211530658496e-06,-5.844633756479538e-08,2.249293630871824e-06,1.486888851746583e-07,2.892252726257634,5.922038789282373,9.811200216202451,9.959040261952048,9.999999999999583,9.99999897346183,9.999999999999096,0.3183098861837905,0.033469649294259954,0.022310939338188136,0.03654928417814956,0.07602499321076304,0.05091571635192908,0.03133156605034734,0.0697337697828276,0.053838795336271277,0.11594739421562715,0.09289036630475027,0.09029416938436877,0.02960685136964912,0.10490052046037983,0.08239232777555677,0.10972320948897762,0.09791671294468336,0.09777293469240844,0.05119366940319603,0.09980878733072818,0.00920410135509584,0.11558022560018993,0.11400253239089725,0.12788293760402858,0.04985985291084983,56,57,756
C:\Users\damba\.cache\kagglehub\datasets\sunnykusawa\ecommerce-products-image-dataset\versions\1\ecommerce products\sofa\140.jpg,sofa,exito,3210960.0,370453545.0,350124690.0,50732911215.0,39521996610.0,40610116290.0,7662132071505.0,4604562915870.0,5573408018160.0,4613833125690.0,7993098510.05599,1344224682.7271318,215675810.35340112,-35357204267.95386,1914701031.549914,-8299804105.529297,7082931936.902344,0.0007752564256147862,0.00013037732757117072,2.0918553376490168e-05,-1.913774127191131e-06,1.0363673744441249e-07,-4.4924226014988344e-07,3.8337680159246124e-07,3.043047351640496,6.379115360095067,9.952748631729854,9.989439039775787,9.999999999999945,9.999993582861455,-9.999999999999988,0.31830988618379047,0.027719466868361877,0.0442638990973851,0.04149223561331477,0.05840638640289038,0.055602975678418425,0.06660878286531802,0.023978911630391828,0.04327983554143475,0.08383460523750266,0.09190498300992175,0.07247722379879545,0.0648706266405747,0.0971443951887992,0.08809875770636112,0.07203014144921557,0.09408020793976818,0.1063597357328131,0.0839460605069966,0.09421255154136968,0.0167035313775226,0.25519545864871734,0.1313506584791022,0.187271849893187,0.09320114699959639,56,57,756
C:\Users\damba\.cache\kagglehub\datasets\sunnykusawa\ecommerce-products-image-dataset\versions\1\ecommerce products\sofa\141.jpg,sofa,exito,4001715.0,476574855.0,447958245.0,66890280375.0,52821421395.0,52904070975.0,10282447895145.0,6508787529135.0,7382946223185.0,6220283013345.0,10133716647.130571,2676273811.1565704,-444464754.53832585,-97395435541.87866,-3297680751.25305,1008440896.7773438,29147977641.222656,0.0006328145356532173,0.0001671237738394295,-2.775524193653407e-05,-3.0403474402651345e-06,-1.0294214687887233e-07,3.148002452186101e-08,9.098986899883141e-07,3.096943449817043,6.657480009703989,9.875064427724192,9.980701224887659,9.99999999999976,9.999990904222877,-9.999999999999968,0.31830988618379047,0.011844892450338316,0.03208677554244389,0.0024272782353891883,0.027483672784583406,0.06649808532294811,0.0040553207617658035,0.004194230970830574,0.08322461211618006,0.04034052896762625,0.11626247094816734,0.11654607386708553,0.09572843496243277,0.01683276455054537,0.00837777867789107,0.027622611703031805,0.02845488113400705,0.1479623386257314,0.15103665132076166,0.12986404962411024,0.20431997148747424,0.04352055168847564,0.14430657216687112,0.04674256251041875,0.384342889073097,56,57,756
C:\Users\damba\.cache\kagglehub\datasets\sunnykusawa\ecommerce-products-image-dataset\versions\1\ecommerce products\sofa\142.jpg,sofa,exito,4015485.0,473849925.0,442827645.0,65897369535.0,51556100175.0,51909333825.0,10047404495535.0,6283167226125.0,7187554629975.0,6032456972295.0,9980400246.7308,2721071983.8235793,-346831089.3694094,-84344827055.86473,-2598558786.0349693,2249444796.1015625,25042821282.16992,0.000618973338059429,0.00016875786213874303,-2.1510078936973713e-05,-2.610438297170827e-06,-8.042434384295473e-08,6.961940699962395e-08,7.750651939908796e-07,3.103621897664772,6.688999479916166,9.905025457836624,9.985610898578708,9.999999999999867,9.999993421207146,-9.99999999999999,0.3183098861837905,0.04670300890483753,0.07542028913418385,0.08062949188968316,0.09189813838541036,0.02265603778720465,0.09397136607224921,0.09209803668240382,0.014318712343311642,0.1135388931598141,0.05839725676953424,0.00750883055325664,0.0592773047707759,0.03089539097890763,0.029972852989895844,0.00959555345202354,0.0527590940596309,0.07383345467725906,0.006862481152543061,0.00640880073789526,0.018812873719249085,0.08849959030421406,0.0853383952871643,0.11175009515227972,0.0956819406848264,56,57,756
C:\Users\damba\.cache\kagglehub\datasets\sunnykusawa\ecommerce-products-image-dataset\versions\1\ecommerce products\sofa\143.jpg,sofa,exito,3432045.0,396907245.0,380128755.0,54680474415.0,43711283235.0,44228527275.0,8314403498325.0,5199751481655.0,6112564795935.0,5123678999865.0,8779164515.657183,1608726194.5620031,267606922.16955408,-39829752688.06576,1986928299.0832908,-5668186040.9921875,9301077510.857422,0.0007453276628356079,0.00013657656518418294,2.271911427374972e-05,-1.8252618467563026e-06,9.105415353592664e-08,-2.5975365204915416e-07,4.2623668912154567e-07,3.0545785260549474,6.428591049574523,9.957062044158866,9.991460587252433,9.999999999999961,9.999994807543086,-9.999999999999996,0.3183098861837905,0.014919833120279634,0.018081023574471573,0.03667347458928181,0.038623813536683156,0.04701910282304246,0.008139788096076832,0.0665897085225047,0.04771561247756873,0.06530352291957232,0.06779649812583777,0.09358170616718847,0.03674154471375069,0.09799911159283904,0.0775331693923193,0.10823790474333829,0.05257116972998189,0.03344163135822742,0.06324348808620951,0.11057088345597575,0.10699904834331683,0.10728087661377578,0.12044933828425648,0.14630722594771892,0.07290196726101623,56,57,756
C:\Users\damba\.cache\kagglehub\datasets\sunnykusawa\ecommerce-products-image-dataset\versions\1\ecommerce products\sofa\144.jpg,sofa,exito,2147610.0,225782610.0,243022650.0,29212306320.0,27926079690.0,25736916420.0,4247707161210.0,3255731238930.0,3360503487240.0,2977321228110.0,5475321030.113989,425738188.0408452,187450638.91474843,25294660531.038795,-724977842.4809885,15436979122.21875,-1028035258.4423828,0.0011871312920258487,9.230639125157386e-05,4.064209531131426e-05,3.7423147514126977e-06,-1.0725960409845174e-07,2.283882585237311e-06,-1.5209658607279586e-07,2.892980828210764,5.918887302302396,9.779748902267237,9.929491671940323,9.999999999997854,9.99995572424766,-9.99999999999851,0.3183098861837906,0.05286635084565211,0.0003631582982342906,0.0010595382843807564,0.11447219908537619,0.009005183762719244,0.03309617185636462,0.006750295078560223,0.012547541124645997,0.1720646287455014,0.039650537897788114,0.16053188718303732,0.11487172946385246,0.027351814240085554,0.07373640027287795,0.1817859605615322,0.1700750654143065,0.04917317620423469,0.20277443820091925,0.04971012136990801,0.20377321758516026,0.07959138896745925,0.16052511746603332,0.2186626813508499,0.09010896202128145,56,57,756
C:\Users\damba\.cache\kagglehub\datasets\sunnykusawa\ecommerce-products-image-dataset\versions\1\ecommerce products\sofa\145.jpg,sofa,exito,2012205.0,200402970.0,215704755.0,24770404200.0,23526700605.0,21575195550.0,3506795710710.0,2608736233095.0,2672030704410.0,2355958492560.0,4811528049.299201,403539033.6839437,92357794.83969018,81423249943.72261,198948500.56750312,-1708562706.9296875,-6954186098.123047,0.0011883341399813606,9.966463992900622e-05,2.28102007463894e-05,1.4176462498392846e-05,3.463858246085811e-08,-2.9747492463985896e-07,-1.210781422935413e-06,2.8900845146539695,5.9254093556218335,9.378810164980305,9.571576903098736,9.999999999831095,9.999207576259677,9.999999999998513,0.3183098861837906,0.020177617271768294,0.015404402678123498,0.009571227431046384,0.04361603570188912,0.08517935988925066,0.046944336349574456,0.010689289197886667,0.05173853657876077,0.06820012120947255,0.1090558364292451,0.07308896751450934,0.10683356020242954,0.05890829676677819,0.04242303903055017,0.0462267864584334,0.060565903853996114,0.058505349461194976,0.037975942175824,0.046595229534942495,0.17292777108101964,0.11055902283612426,0.03982542619900244,0.11287923780438774,0.07419636212434905,56,57,756
C:\Users\damba\.cache\kagglehub\datasets\sunnykusawa\ecommerce-products-image-dataset\versions\1\ecommerce products\sofa\146.jpg,sofa,exito,2922045.0,334960860.0,313641585.0,45211986030.0,34790415255.0,36268185390.0,6727818270810.0,3980330997075.0,4896276893280.0,4054733429550.0,6814638373.841522,1125278735.4350295,314716143.85112154,-17293451801.630314,4488942731.670308,-28765034495.777344,-934280542.4277344,0.0007981215085528565,0.0001317911696261555,3.685914199946016e-05,-1.1848529063542355e-06,3.075578492418656e-07,-1.970823125114245e-06,-6.401180219794832e-08,3.031557784491215,6.347240830905494,9.854883107015445,9.98160696734694,9.99999999999995,-9.999997837803349,-9.999999999999758,0.31830988618379064,0.006441182322910803,0.0492388124863588,0.056830678896994995,0.024390125449203926,0.07336077918886301,0.0569183649686908,0.10612982036361981,0.024168909193572806,0.055840908013009435,0.10930972091914952,0.022373676364281652,0.017819211773833082,0.1590355214183208,0.09672814102813915,0.02688131106849793,0.07305619649685213,0.09811186402316137,0.05810187537491869,0.00878258554189332,0.05415215495857729,0.18685155795776,0.17825526306179268,0.006539281632009407,0.14517078221541593,56,57,756
C:\Users\damba\.cache\kagglehub\datasets\sunnykusawa\ecommerce-products-image-dataset\versions\1\ecommerce products\sofa\147.jpg,sofa,exito,3316275.0,386227590.0,360112275.0,53615998590.0,40633156305.0,42728512980.0,8194818425730.0,4748060240145.0,6009803864460.0,4916621637840.0,8634279258.156864,1528784500.5882344,788295084.1176481,-60700691167.39887,3711087433.8165975,4058909733.1152344,13109261454.05664,0.0007851000716336251,0.0001390097291317414,7.167830788244773e-05,-3.030869893618308e-06,1.8529975457315602e-07,2.0266700550553959e-07,6.545636483627183e-07,3.0342763767693803,6.3584427568732,9.902658289406435,9.97552521205504,9.999999999999721,9.999985725904583,9.999999999999881,0.31830988618379047,0.003266740779500987,0.08031781810660121,0.030056258947809767,0.016146565182527432,0.04146793964578267,0.1110096613051853,0.04728339625744942,0.08108526326042348,0.05146826791195482,0.0589864196276153,0.05226496946959229,0.08647267725302585,0.0566532665450034,0.1985070680225177,0.07181087472615551,0.10079367916675262,0.09252408121286629,0.07013266822380164,0.08403312456298706,0.012522463951737912,0.049267598769421155,0.3160225346749675,0.08889717724431326,0.18693764726122097,56,57,756
C:\Users\damba\.cache\kagglehub\datasets\sunnykusawa\ecommerce-products-image-dataset\versions\1\ecommerce products\sofa\148.jpg,sofa,exito,3454995.0,416231910.0,372189075.0,58245960660.0,41979818955.0,44903663745.0,8888575563360.0,4932671543115.0,6275194072785.0,5095101799605.0,8101458887.2772875,1885779007.2270997,65112728.75156666,-80467479588.677,4107920233.501462,-15036220294.710938,23659230899.867188,0.0006786852114186219,0.0001579777595636051,5.45470225716988e-06,-3.626618231683469e-06,1.8514135759279045e-07,-6.776729050686081e-07,1.066306519946488e-06,3.0774493996799785,6.566461746717938,9.819563860707262,9.971437761099546,9.999999999999465,9.999985605388673,-9.99999999999986,0.3183098861837906,0.014157966228189453,0.016378398020486552,0.008357125105369411,0.015220857800171699,0.08607606503030249,0.055353372063767774,0.005446194808831073,0.03914701781460623,0.019572954039244445,0.10078544532387294,0.06682784343867654,0.13929990813483759,0.027754700315885564,0.01683766037105816,0.032012602776355065,0.03291544316001511,0.031297961178505265,0.02088743688670977,0.039410520174378974,0.23974400772627713,0.05528622310707592,0.09447479909070637,0.07970026386734447,0.08159544361801066,56,57,756
C:\Users\damba\.cache\kagglehub\datasets\sunnykusawa\ecommerce-products-image-dataset\versions\1\ecommerce products\sofa\149.jpg,sofa,exito,3245130.0,345479610.0,350150955.0,45254265540.0,39221659395.0,36497466090.0,6683225635920.0,4546470929055.0,4722043135590.0,3994336913640.0,8474179403.003298,1440217268.671613,-779935855.2310258,61075398476.54968,3636466981.1580477,5153388037.78125,-12927208981.179688,0.0008046989883563817,0.0001367614873367801,-7.406187240558608e-05,3.2194824410232443e-06,1.9168997477264646e-07,2.7165180601787294e-07,-6.814351336950484e-07,3.0261978616456173,6.329586076821511,9.892464695145073,9.972013202470974,9.99999999999964,9.999983449944509,-9.999999999999837,0.3183098861837906,0.025717483996313725,0.014206264847488144,0.007487404919480122,0.06076626990958804,0.08409996715243141,0.03706795167242019,0.031056572410507178,0.06407479822884996,0.10441896398470023,0.12024496167146177,0.08488909726343088,0.06651127626029432,0.1384312394905911,0.09593788144912278,0.06284097731579287,0.13127964087782204,0.1108153208756834,0.08527123228484107,0.06124211657894501,0.0696917039872536,0.2685982252508119,0.10550844113687691,0.16963219351965916,0.05636755817849977,56,57,756
C:\Users\damba\.cache\kagglehub\datasets\sunnykusawa\ecommerce-products-image-dataset\versions\1\ecommerce products\sofa\15.jpg,sofa,exito,3587850.0,400692210.0,394433235.0,54529062810.0,45118173825.0,44243302485.0,8261021770530.0,5348245139505.0,6020935834125.0,5083588757685.0,9779631491.889128,1755832346.7985039,192875452.2089563,-13185623176.26259,2083921946.3431365,-16842230194.078125,2369153120.390625,0.0007597206560973743,0.0001364000375283133,1.4983331960799742e-05,-5.407729572784785e-07,8.546646742417554e-08,-6.907388833629693e-07,9.71644587466754e-08,3.047633445171331,6.409462886023284,9.977372617891822,9.9975611608195,-10.0,-9.999999610864633,-9.999999999999996,0.31830988618379047,0.03574908184160989,0.041862333683433464,0.04324386807754757,0.07346513614001328,0.058633703152783455,0.055397998818226685,0.03588671277117822,0.0408255110747758,0.09878715111126864,0.09808485304427385,0.0703893545097259,0.04007192776731198,0.06080836264303883,0.07964833021106651,0.06679232316316698,0.07888112181130837,0.10592660186257442,0.0670737945535023,0.08935206337488398,0.006197984504273525,0.1793715771988435,0.11497249349332594,0.17092711365218854,0.07750746350982188,56,57,756
C:\Users\damba\.cache\kagglehub\datasets\sunnykusawa\ecommerce-products-image-dataset\versions\1\ecommerce products\sofa\150.jpg,sofa,exito,3960660.0,457174710.0,440889900.0,62578014900.0,51663385560.0,50265168285.0,9442157167620.0,6323933627070.0,6826242502455.0,5837542346895.0,9806831444.822304,2584720912.6912227,-626277124.2067982,-45139509674.74734,-2542157940.2068515,4809052933.515625,13524432283.914062,0.0006251634602375872,0.00016477014809708278,-3.992375888579998e-05,-1.4458989139001059e-06,-8.142984784710538e-08,1.540425331059443e-07,4.332116607231695e-07,3.1024093534088695,6.660672548169955,9.967246656622287,9.99554617337892,9.999999999999988,9.999997909028204,10.0,0.3183098861837905,0.009357165144593428,0.017444639566361424,0.036717549131968105,0.0051680765563590775,0.04429792778285127,0.0010900228966507044,0.06408819170877487,0.044457355571657316,0.021618551817898395,0.04908819843416786,0.09405134523408731,0.06583200459620452,0.08980942542742969,0.1009708472391202,0.09624267041564151,0.046784111843615035,0.02250755675634623,0.062095769470755374,0.10899795308710993,0.1639265535152399,0.0987430005667878,0.18145892124146645,0.12985439297560894,0.10712172665740768,56,57,756
C:\Users\damba\.cache\kagglehub\datasets\sunnykusawa\ecommerce-products-image-dataset\versions\1\ecommerce products\sofa\151.jpg,sofa,exito,2180505.0,254245965.0,240012885.0,35387249385.0,26866220895.0,28249986300.0,5441743602195.0,3055662864885.0,3970743387990.0,3193465142070.0,5742276904.413519,447485342.4453274,264584955.23856825,-23488917017.125835,-71326106.19900197,13891589142.232422,2628223915.1464844,0.0012077302869847276,9.4116255633296e-05,5.564818089432661e-05,-3.3455711963285115e-06,-1.0159113179703694e-08,1.9786055045278337e-06,3.7434293891050374e-07,2.8854401725938383,5.902179586736181,9.808764195627138,9.948064606117473,9.999999999999012,9.999981697848632,9.999999999998922,0.3183098861837906,0.036826881196826255,0.010931954690577148,0.008144234400247996,0.08106454709739962,0.08367714580513859,0.019939519287746423,0.034700236995803026,0.0691514821027265,0.12938947403088044,0.12624764778569977,0.08821057214995448,0.018755887730900273,0.15283592952142874,0.11954157622250271,0.06964696113290675,0.16167583961389703,0.14023354702263235,0.10402506376112268,0.06584370646887969,0.018388827113309438,0.3084329782576958,0.15915757037989509,0.1895419831545682,0.05645050074022922,56,57,756
C:\Users\damba\.cache\kagglehub\datasets\sunnykusawa\ecommerce-products-image-dataset\versions\1\ecommerce products\sofa\152.jpg,sofa,exito,3895380.0,451466535.0,436921590.0,62347356435.0,51415660710.0,50460617115.0,9507353452905.0,6303963412740.0,6956439873075.0,5931625038045.0,10023313023.341516,2408766438.29144,-177697068.4662203,-41939754909.42048,-3379222029.288856,4497431948.144531,12518092356.996094,0.0006605590288803493,0.00015874316361985953,-1.1710639257457822e-05,-1.4003974550149192e-06,-1.1283456329124874e-07,1.5017236671713825e-07,4.17987771178925e-07,3.0865558299339675,6.597794143856555,9.969145377120752,9.995822599786775,9.99999999999999,9.99999789221946,-9.999999999999998,0.31830988618379047,0.037918890733414756,0.0341228546673775,0.033275923907414906,0.08369183347071657,0.04931517904486032,0.01600772695410072,0.04588223151602559,0.05643909146827508,0.12449128751052255,0.08697895447580835,0.11612293969848948,0.061289008413287195,0.038473522686274984,0.08336977099774402,0.11386962991206846,0.1067561765036964,0.11061235199168055,0.1487899482041065,0.13351663075695971,0.15330906798078056,0.031131594409591023,0.15742261345383943,0.145390348842101,0.1900538162172023,56,57,756
C:\Users\damba\.cache\kagglehub\datasets\sunnykusawa\ecommerce-products-image-dataset\versions\1\ecommerce products\sofa\153.jpg,sofa,exito,2341410.0,273161865.0,245417865.0,38079856095.0,26237815215.0,28788771975.0,5855533364955.0,2858037513495.0,4034585061255.0,3098122118775.0,6211279258.70126,514029777.52504814,156963915.87398967,-36358171566.63683,130195501.5429,6571986083.277344,4168460130.658203,0.0011329901072182256,9.376339856811385e-05,2.863155180574654e-05,-4.334194158777777e-06,1.5520378445108314e-08,7.834349876891878e-07,4.969148549256389e-07,2.9112426568271297,5.9652227077276905,9.855796018269377,9.937933300092672,9.999999999998403,9.999937953179273,9.999999999999618,0.3183098861837905,0.025800726035164236,0.02016897023982636,0.035471926850962295,0.06049918358063418,0.047374942600493984,0.020712728766031512,0.0616910772739294,0.04760311867071063,0.09503514597258336,0.07208376589161614,0.09703109056547146,0.002649219551609441,0.09479335776175835,0.07435687881675437,0.11998188585812973,0.08878498394395627,0.04674738784414543,0.0889923425656176,0.12113865859899955,0.0319475660129422,0.11972776371949286,0.10425567732708296,0.1802192756247519,0.05664127478333224,56,57,756
C:\Users\damba\.cache\kagglehub\datasets\sunnykusawa\ecommerce-products-image-dataset\versions\1\ecommerce products\sofa\154.jpg,sofa,exito,3017160.0,360230595.0,338652750.0,50444619945.0,39222465450.0,40150879140.0,7743605176365.0,4675304034120.0,5585417203890.0,4632519296190.0,7435272885.495691,1211327465.0862088,-282204167.11206776,-54629258797.59486,963084078.7580132,-9212221469.800781,12945381676.841797,0.0008167708497650602,0.00013306531962427895,-3.100036016552983e-05,-3.4548520547231964e-06,6.090716003847392e-08,-5.825973658443194e-07,8.186890957301798e-07,3.0223512509522403,6.326612871273884,9.859459400328577,9.969718057338353,9.9999999999995,9.999980914477526,-9.99999999999985,0.3183098861837905,0.008289547244134977,0.01735585841229654,0.036751283160549895,0.028409678286625887,0.04504691341236288,0.004192222034017337,0.06507967576612478,0.04476220713590458,0.05973146702864326,0.056175936583503124,0.09605640334814762,0.047111907432628976,0.09731247435053562,0.08064252072557186,0.11013102907742095,0.07618530569663665,0.030608307640816936,0.07802993783869668,0.11804307838174945,0.11885317124921843,0.11669722531415166,0.13954871206755926,0.16409483352512103,0.08531295744895058,56,57,756
C:\Users\damba\.cache\kagglehub\datasets\sunnykusawa\ecommerce-products-image-dataset\versions\1\ecommerce products\sofa\155.jpg,sofa,exito,3064590.0,373447500.0,339549840.0,52594443600.0,38964191250.0,41192726010.0,8086135925310.0,4612385289240.0,5794859966730.0,4715658859200.0,7086550127.708442,1342814868.811785,-184436636.03094977,-50082079038.3125,-2323383821.070258,12461633510.652344,8396565932.228516,0.0007545536135726972,0.00014297871225934922,-1.9638234075026242e-05,-3.0461507977305747e-06,-1.413155686802324e-07,7.57956051114821e-07,5.107057555076506e-07,3.046949852381349,6.425197530348785,9.896902492961562,9.97139326085254,9.999999999999611,9.999983402608715,9.99999999999991,0.3183098861837906,0.04587140030883344,0.0036178436634425157,0.00293744000999291,0.10053251755164715,0.008993059461264429,0.01574108026638746,0.012573351091872527,0.012010689749781894,0.15014801527399874,0.039060139280054376,0.15961520045883734,0.06577780292375361,0.03432788369028436,0.05697888723315396,0.168711315677818,0.13641084815774654,0.04420627128750864,0.17976886444131565,0.06933906997649768,0.11326130471364214,0.07073598649708583,0.11546262119708532,0.1939550058032456,0.08519261637532519,56,57,756
C:\Users\damba\.cache\kagglehub\datasets\sunnykusawa\ecommerce-products-image-dataset\versions\1\ecommerce products\sofa\156.jpg,sofa,exito,2888385.0,324108315.0,315917205.0,44259128805.0,35479871505.0,35812158435.0,6720299489475.0,4084299415005.0,4911298222905.0,4062031401795.0,7890639198.476204,926416749.1374564,362800751.7065387,-16889358320.103971,1033569307.7933127,-10965861849.375,1439974819.6757812,0.0009458059106135447,0.00011104429121468393,4.348685660413246e-05,-1.1911746634672103e-06,7.289569852486601e-08,-7.734016029791222e-07,1.0155871458934126e-07,2.9759865242291323,6.15212431151462,9.966719023486826,9.99277312691091,9.99999999999998,9.99999689815879,-9.999999999999982,0.3183098861837905,0.016050523460019755,0.018246041460454394,0.036306866856079485,0.04280853154366078,0.045665192596790444,0.009959116282267765,0.0639907665589457,0.04529082753020379,0.07669401109142805,0.06109190741049428,0.0970953407220444,0.028155297026957304,0.09889269665421539,0.07519976357024065,0.11593616396261068,0.08907019996487103,0.033419978320948236,0.08654054831279213,0.12186416051342436,0.0825938988639902,0.12493280885827508,0.1221663931103977,0.17812148728353094,0.07433534015298479,56,57,756
C:\Users\damba\.cache\kagglehub\datasets\sunnykusawa\ecommerce-products-image-dataset\versions\1\ecommerce products\sofa\157.jpg,sofa,exito,2759865.0,334220085.0,286169415.0,47082272565.0,30642042105.0,34365494985.0,7249928434245.0,3376550914935.0,4830107326035.0,3657088739595.0,6608167774.58191,969237789.773631,-289666120.9599918,-52242479657.49907,-1711313900.121927,18320544558.78125,6403380656.863281,0.000867571711984114,0.00012724908284381586,-3.802962349589517e-05,-4.128613088955959e-06,-1.3524153167453017e-07,1.447834033875682e-06,5.060456809633513e-07,3.0022551015553276,6.2565195517106975,9.818313782070804,9.939884528325463,9.999999999998332,9.999960207136233,9.999999999999348,0.3183098861837905,0.04326681363073621,0.025853712138411547,0.032506139652729665,0.0948142387636886,0.04805549717132417,0.05190017944217537,0.0526764354188985,0.047624744427640586,0.1473684791750072,0.07964345653988676,0.10319533754537998,0.09478738713860567,0.10660450682280025,0.08630979074551376,0.1380873596481236,0.1763431201400489,0.07361392463684668,0.13679473994512334,0.14095583991301353,0.14994250992158767,0.19211797034697065,0.12759740994233779,0.24380327492466813,0.03638467614737269,56,57,756
C:\Users\damba\.cache\kagglehub\datasets\sunnykusawa\ecommerce-products-image-dataset\versions\1\ecommerce products\sofa\158.jpg,sofa,exito,3191325.0,366184335.0,356623110.0,50019186615.0,41310572220.0,40610154795.0,7504247989695.0,4943202441570.0,5489839184835.0,4688518679565.0,8001852999.842593,1458773175.3799472,-310088796.9192926,-71460854401.07434,813561041.3331472,-28526563100.414062,17695509069.003906,0.0007856850691072754,0.00014323386134846257,-3.0446964951957863e-05,-3.927720889126834e-06,4.471595985530144e-08,-1.5679126526481411e-06,9.726027095054586e-07,3.032022139783322,6.3803311669224785,9.77106331054646,9.954470285137736,9.999999999999094,9.999984489080944,-9.999999999999027,0.3183098861837906,0.02014412867979167,0.011621362497183391,0.005812653168402431,0.051143079004188144,0.008289411438138446,0.02806477111911519,0.024353292540531705,0.010309632156373925,0.08118928782890854,0.031180002823768416,0.15703384922157027,0.05987127880064492,0.04922218924345838,0.000990966830549002,0.12481125975243311,0.04898125183118302,0.014400725795276556,0.12004884569688133,0.11129526903120204,0.11107687874353869,0.04795132307954928,0.021177373691528317,0.10944904299979402,0.05209529129257747,56,57,756
C:\Users\damba\.cache\kagglehub\datasets\sunnykusawa\ecommerce-products-image-dataset\versions\1\ecommerce products\sofa\159.jpg,sofa,exito,2949330.0,339713295.0,297479940.0,46653800145.0,31076449140.0,34485875895.0,7061360986815.0,3353004524760.0,4757124779205.0,3633303162735.0,7524532548.713038,1071561690.1711897,221181671.63323525,-45773061407.99881,2359991873.8527308,503317098.3984375,9199669717.121094,0.0008650332245603346,0.0001231885779167299,2.5427426007914165e-05,-3.0640901520234415e-06,1.57979991660856e-07,3.36925020330444e-08,6.158342159122676e-07,3.005145524844986,6.257259401076182,9.906133804802955,9.974568389971319,9.999999999999693,9.99998101478772,9.999999999999924,0.3183098861837906,0.04900428203879421,0.0022171600619623633,0.002090618749985731,0.10676301476014279,0.009008098779668218,0.023243918878288305,0.00917728188165262,0.012255984708758681,0.15969095663665728,0.039410831787820476,0.160031196352185,0.08698921971424038,0.028691868474637807,0.06452522676126755,0.17464454661643558,0.14997461985075716,0.04675624718768851,0.18981065624016089,0.06054797199232724,0.15174202645310308,0.07140681958422734,0.1353175176653807,0.20413986559789735,0.08756948946930947,56,57,756
C:\Users\damba\.cache\kagglehub\datasets\sunnykusawa\ecommerce-products-image-dataset\versions\1\ecommerce products\sofa\16.jpg,sofa,exito,2517105.0,303669810.0,265626360.0,42449988720.0,28755989940.0,32156827530.0,6483476318130.0,3187802249460.0,4508635378770.0,3497427233070.0,5814507281.825551,724833859.1652328,111002555.59821793,-40749191785.44064,243965165.7630393,2167736112.7773438,4805188685.591797,0.0009177201217470798,0.00011440257707797992,1.7519847151322195e-05,-4.053831271750965e-06,2.4270263405358532e-08,2.1565179719761764e-07,4.780321598249657e-07,2.9862686286008513,6.1893328284517475,9.88437255692314,9.947521905347235,9.9999999999989,9.999955855655315,9.999999999999902,0.3183098861837905,0.021215054008376335,0.01915298413608916,0.03587558377263611,0.0291591892155352,0.042968458619359405,0.007279050913697781,0.05875796383564626,0.04285283642139048,0.030311750881050203,0.04037143152946055,0.09546071211544481,0.056256330917173664,0.07676660918950615,0.11842075097290145,0.09091960439179296,0.05527984278355504,0.03229955879684567,0.07186818191945403,0.10910256828419587,0.15441692844904484,0.0841875959787972,0.217017065366691,0.12412479701116362,0.1251116082868808,56,57,756
C:\Users\damba\.cache\kagglehub\datasets\sunnykusawa\ecommerce-products-image-dataset\versions\1\ecommerce products\sofa\160.jpg,sofa,exito,3437910.0,392372835.0,369777030.0,52923073575.0,41531727600.0,42336497400.0,7865779626825.0,4850267781840.0,5702962521030.0,4778946368760.0,8141086365.929018,1759001753.3021827,133396801.38629399,-32699009990.729702,4778583199.321893,-19822405659.390625,10183996587.375,0.0006888003443662067,0.00014882547106807943,1.1286425251151907e-05,-1.49210142756581e-06,2.1805341554596337e-07,-9.045240143524391e-07,4.647099667743939e-07,3.0769498944189992,6.534345951830854,9.932093516166857,9.993419408555713,9.99999999999998,9.99999849151232,-9.999999999999972,0.3183098861837906,0.0215820565268246,0.015128026129482929,0.008358722355829145,0.05212707700554164,0.08440711882829516,0.04280100251595867,0.021820667770843193,0.05998338869433518,0.08950664289879215,0.11551942211646377,0.08087286038727545,0.08621310182702137,0.10869714372743017,0.07652903271514926,0.05706938319984289,0.10350199423802343,0.08775929821357516,0.06782291015463011,0.05610440461289766,0.1166697666135575,0.2094203002077553,0.06641296188804865,0.14894614399944286,0.06266267498127878,56,57,756
C:\Users\damba\.cache\kagglehub\datasets\sunnykusawa\ecommerce-products-image-dataset\versions\1\ecommerce products\sofa\161.jpg,sofa,exito,3372120.0,398572395.0,366585450.0,54780208995.0,41651195100.0,43380062460.0,8214020140695.0,4922298396330.0,5960780611710.0,4952003647740.0,7670392601.741152,1799442448.3439186,50987344.44872866,-74027911411.74478,3131540428.72442,-6466064419.369141,17897203474.26953,0.0006745459692008409,0.0001582457004956634,4.483904470592239e-06,-3.545177171500343e-06,1.49968645985369e-07,-3.0965812126588284e-07,8.570923585534335e-07,3.079463575516078,6.573901450894894,9.8583147035102,9.969597432205125,9.999999999999472,9.999983821896187,-9.999999999999998,0.3183098861837905,0.03133874830802396,0.02166015710822294,0.03567697083709419,0.07109653085264715,0.049584709082535657,0.02825264937952631,0.06391580644813548,0.051388758542862005,0.10642344104347376,0.08498102572942531,0.0936882374253167,0.02176756182594157,0.0919389086483829,0.07930664740125522,0.11548176774442591,0.07789733627014142,0.07636867419163211,0.07054762623159713,0.10969965239784268,0.005614455729654714,0.09684035888564012,0.1065774807013865,0.1519951359538539,0.047548874627744195,56,57,756
C:\Users\damba\.cache\kagglehub\datasets\sunnykusawa\ecommerce-products-image-dataset\versions\1\ecommerce products\sofa\162.jpg,sofa,exito,3422865.0,409154640.0,380344485.0,57015493350.0,44061127425.0,45084794070.0,8702928176010.0,5293197919245.0,6256318754760.0,5195298355710.0,8106897938.3990135,1797723151.1197152,-379958655.0301747,-50587802869.2225,-2341049178.0650983,11665587954.074219,12860727690.046875,0.0006919507179365204,0.00015344165357952547,-3.243073566882047e-05,-2.3338416765008218e-06,-1.0800307245267582e-07,5.381857642342553e-07,5.933229073172604e-07,3.07294162401776,6.531211179856781,9.92121468447631,9.986259443740124,9.999999999999895,9.999992926111405,9.999999999999964,0.3183098861837906,0.02164391364380613,0.015115425984107924,0.007861931292206782,0.0530924859250096,0.08429896200874384,0.04225934004188281,0.026041614722971094,0.06135092454690048,0.09337067776726378,0.11701204292925162,0.08249456504602774,0.08276469490651722,0.12192755015547592,0.08302681256014063,0.059059627642142405,0.11389588174743563,0.09518650543298672,0.07434819195825344,0.05813390394758728,0.10474288996433287,0.23441315662512505,0.07843452040639956,0.15679734792917882,0.05959354946338118,56,57,756
C:\Users\damba\.cache\kagglehub\datasets\sunnykusawa\ecommerce-products-image-dataset\versions\1\ecommerce products\sofa\163.jpg,sofa,exito,2095590.0,245380125.0,235361430.0,33808263375.0,26845754850.0,27421697085.0,5126816098605.0,3106917166950.0,3777741339855.0,3113044285785.0,5075827285.394863,411670543.6018486,-137614189.42808628,-20607853851.170757,-674483414.5525206,12870520778.105469,490524797.3144531,0.0011558306353089062,9.374263527807801e-05,-3.1336506750704285e-05,-3.241656343976118e-06,-1.0609758082919623e-07,2.024558482990783e-06,7.716052494237094e-08,2.9032382385326825,5.9461310048345855,9.823178924160823,9.944260444509741,9.999999999998693,9.999967482334993,9.99999999999915,0.3183098861837905,0.04423001865687509,0.02625085997589027,0.03230401937319737,0.09684040106907449,0.04793817375173742,0.054101794408356614,0.052657539236746445,0.047314012194482606,0.15158837386877438,0.0793365065423901,0.10385951089646137,0.10171701698887524,0.11139535303849978,0.08692363383556956,0.13975437512257458,0.18754576095382505,0.07411583154122839,0.14173389226195715,0.1435106408584221,0.16622869695128428,0.20529522312747397,0.13000747820320538,0.2517676652410486,0.03722318159975799,56,57,756
C:\Users\damba\.cache\kagglehub\datasets\sunnykusawa\ecommerce-products-image-dataset\versions\1\ecommerce products\sofa\164.jpg,sofa,exito,2324325.0,273630300.0,240979335.0,38296874100.0,25494078135.0,28501669770.0,5899970382270.0,2748786486495.0,4009961970810.0,3033030583920.0,6083848349.259462,510033349.0762459,132466784.25123382,-40952529530.18805,-123838002.12244444,8262937746.154297,4282124276.7089844,0.001126120003761423,9.440714561041043e-05,2.4519594673562285e-05,-4.972085619395217e-06,-1.5035289798979433e-08,1.0032111425822114e-06,5.198967873521272e-07,2.913452520122486,5.97186152351977,9.818691843288885,9.9179385414831,9.999999999997108,9.99991744135259,9.999999999999348,0.3183098861837905,0.019293833989835696,0.018786235458484114,0.037368192084085,0.04566358276386957,0.04882416445171711,0.010959778089578173,0.07223742479776801,0.050875930510840536,0.07392812968237379,0.07802937593965742,0.08913012356195059,0.031430675691014896,0.1097440729490809,0.08163399921190448,0.09995540994379518,0.05997582088644378,0.05786800029297734,0.03588984690626789,0.0980413060546161,0.10057396196858968,0.11956251730927676,0.1256725093482387,0.11419394365234276,0.07284224538917512,56,57,756
C:\Users\damba\.cache\kagglehub\datasets\sunnykusawa\ecommerce-products-image-dataset\versions\1\ecommerce products\sofa\165.jpg,sofa,exito,3161745.0,374668440.0,352079520.0,52272193980.0,40543623000.0,41479535220.0,8015556852420.0,4810475979420.0,5778293631120.0,4759276774950.0,7873787425.381081,1337428824.495525,-242072472.69779697,-44821412424.97713,-2164484003.22269,14838597776.060547,8748676898.826172,0.0007876440647713995,0.00013378794965589332,-2.4215404361863174e-05,-2.5215549508449945e-06,-1.2176915137349674e-07,8.347871622397248e-07,4.921814899185347e-07,3.03553665547002,6.3665584487792675,9.910513986787963,9.980357259363277,9.999999999999812,9.99998914037421,9.999999999999913,0.31830988618379064,0.004827659744604603,0.05080362503327139,0.03118667011574582,0.006528627569681824,0.0018477724952302907,0.06234020568076766,0.04749194730365471,0.046568717291633706,0.04338057605003545,0.03045048212428415,0.08647237700690434,0.0260933953873216,0.05465771139844292,0.15571905989559573,0.15578893546583145,0.09272195935468994,0.1260130381964163,0.053004527246947306,0.1652979535752813,0.04051986443264403,0.058473859236452735,0.2751384905188072,0.21665119680304387,0.09530608534747091,56,57,756
C:\Users\damba\.cache\kagglehub\datasets\sunnykusawa\ecommerce-products-image-dataset\versions\1\ecommerce products\sofa\166.jpg,sofa,exito,3079125.0,368666250.0,335553990.0,51697027710.0,37840711230.0,40005060705.0,7920968028090.0,4402947982380.0,5577567395835.0,4509367953225.0,7556304650.993793,1273023914.636025,-171103356.4906795,-78206523469.50682,1717715499.8368106,-15249996648.708984,15960157649.535156,0.0007969935735534071,0.00013427090698510621,-1.8046953085534248e-05,-4.700831463092871e-06,1.0324830599871308e-07,-9.166455799082218e-07,9.593318805957446e-07,3.0309269145681093,6.355951463074677,9.780993996597315,9.940586417763953,9.999999999998105,9.999962569005671,-9.999999999999451,0.31830988618379047,0.04878828737395091,0.036667866686599694,0.04416821449694986,0.09787337131106848,0.05910505811396947,0.028784568503443877,0.03842362022989253,0.04540020323978966,0.12910302639423213,0.10672334834036895,0.0736005449040922,0.03150560723714017,0.043379730725730765,0.10568136405964368,0.07290578697424525,0.1040520681237739,0.13709818950723926,0.08462931706962226,0.09633762098785416,0.12940963830068475,0.16247813686080495,0.17598051590211455,0.19769805397024517,0.06917675935323775,56,57,756
C:\Users\damba\.cache\kagglehub\datasets\sunnykusawa\ecommerce-products-image-dataset\versions\1\ecommerce products\sofa\167.jpg,sofa,exito,2958000.0,336935325.0,324581340.0,46273990395.0,36618811410.0,37275646785.0,7041019680165.0,4238709213360.0,5149828077885.0,4242880244535.0,7894878416.346985,1002500971.7999988,303733572.75000226,-28442403297.107975,518174069.4720138,2988676379.8984375,5103495503.753906,0.0009022961552273849,0.00011457462987573136,3.471334458277986e-05,-1.8900394365644338e-06,3.443342730488485e-08,1.9860193114240231e-07,3.3913476528915335e-07,2.9927341871431605,6.203824577595708,9.963497387767255,9.989447298249168,9.999999999999952,9.999992175172338,9.999999999999988,0.3183098861837905,0.0492757253461727,0.02847417715114535,0.03151519999081617,0.10626367292585072,0.0497494562787859,0.06530849981012612,0.046768764071219805,0.050697279012741236,0.1602669428207595,0.08941246684429131,0.1025806643553099,0.1299766871234375,0.0855799208139304,0.09901036255352876,0.13808177060494575,0.17348949678758296,0.10009029291389258,0.13653487033263575,0.13594757512243272,0.20461796932295312,0.15990168730185347,0.15888435653345712,0.23178306395335735,0.019412668857076727,56,57,756
C:\Users\damba\.cache\kagglehub\datasets\sunnykusawa\ecommerce-products-image-dataset\versions\1\ecommerce products\sofa\168.jpg,sofa,exito,1787295.0,184099545.0,192972780.0,23272010175.0,21106861020.0,19764165915.0,3318233016735.0,2337445706760.0,2500617623355.0,2147883561195.0,4308916522.745044,271747722.5709793,-112911453.52903275,33433570077.588078,-125581174.79381612,11218500536.40039,-1837573814.9228516,0.0013488870948604498,8.506941225219943e-05,-3.534642681595052e-05,7.828745093453203e-06,-2.9405863738620566e-08,2.626904061589302e-06,-4.302830045983879e-07,2.8434639906324204,5.795247327442313,9.609529511202826,9.791869861015204,9.999999999975842,9.999748469380041,-9.999999999992568,0.31830988618379047,0.028311107492989207,0.02897086228140681,0.0009580913113568427,0.057485161890676865,0.06668336368849158,0.012274737458976911,0.004858437787947097,0.07412747135310027,0.08562780567060554,0.10379753404578822,0.10367161752437842,0.14159896619812273,0.014813233933492702,0.04735119470216437,0.007402916668342599,0.10582519284022256,0.1350565962718113,0.13473065435074644,0.13329449504534552,0.29122243665159286,0.03222117469995773,0.28384917325973036,0.0220437029970415,0.4166963140247927,56,57,756
C:\Users\damba\.cache\kagglehub\datasets\sunnykusawa\ecommerce-products-image-dataset\versions\1\ecommerce products\sofa\169.jpg,sofa,exito,1981095.0,206540055.0,217783260.0,26503125375.0,24299884830.0,22605680130.0,3833214944085.0,2750054723640.0,2908162317030.0,2509162885770.0,4970188125.95186,358807629.6498914,-99423107.59299707,33779364058.153973,-137834767.34412855,15384668237.204102,-2374507590.741211,0.001266374694823296,9.14220731657175e-05,-2.5332422907503617e-05,6.1148838816230325e-06,-2.4951434719399907e-08,2.784997955137299e-06,-4.29843444311677e-07,2.867165197441461,5.8591211141726225,9.647723234590313,9.854065760068801,9.999999999989296,9.999880874094256,-9.99999999999403,0.3183098861837906,0.037252699909294196,0.0026631547113046545,0.06407153889798659,0.07974115334316399,0.05858467048564052,0.02124857042356088,0.08973572284029788,0.015374030970200845,0.11383988234977882,0.10802910951187086,0.04169436807782844,0.08480832649242814,0.09960504539837554,0.02467552490947999,0.09224847926504308,0.10323024007940303,0.13079822309790268,0.054687276092735174,0.1520327989466114,0.16511748138094232,0.12788629626713194,0.07276718946482855,0.19828099711691455,0.12254689055065313,56,57,756
C:\Users\damba\.cache\kagglehub\datasets\sunnykusawa\ecommerce-products-image-dataset\versions\1\ecommerce products\sofa\17.jpg,sofa,exito,2258025.0,257828460.0,233401755.0,35739005820.0,24576348945.0,26878977270.0,5489794206150.0,2634300675165.0,3742480136970.0,2855831460300.0,6299334077.671369,450673083.5369821,228424219.01637188,-29554800634.5559,787426855.9753679,-3862445408.2304688,2403607146.1035156,0.0012354840678175138,8.83902024624738e-05,4.4800685250005046e-05,-3.857502082651443e-06,1.0277520645188077e-07,-5.041276167146921e-07,3.1371957762859483e-07,2.8781532255329094,5.87812751675339,9.90088630989138,9.948001030325676,9.999999999999003,9.999937137122478,-9.999999999999986,0.3183098861837905,0.02218437683497385,0.019351225193642328,0.0357558223895451,0.05462076999234135,0.04591566672742483,0.016555998661607996,0.062366638456367335,0.04529869828993304,0.09268443228095859,0.0638125154206197,0.09862522800663358,0.0074133795821628495,0.10130725474619878,0.07318345822899426,0.12159444502003064,0.10886556788159389,0.038455488037565315,0.09823118530955108,0.12709232581651153,0.04172417264989482,0.13882509065209328,0.1132582667429856,0.19531099798868198,0.06687647946666672,56,57,756
C:\Users\damba\.cache\kagglehub\datasets\sunnykusawa\ecommerce-products-image-dataset\versions\1\ecommerce products\sofa\170.jpg,sofa,exito,1784490.0,216528915.0,192626235.0,30556834365.0,21065098395.0,23487009345.0,4713552757335.0,2332483666605.0,3337362927015.0,2582460784215.0,4283349486.3639636,272117537.5700205,113860901.97985345,-33672626155.272346,-129319297.168679,11283031704.964844,1853387389.1533203,0.001345102170758559,8.545319303319777e-05,3.5755790393755083e-05,-7.915743121863496e-06,-3.040031188440321e-08,2.652409117141545e-06,4.356933257948998e-07,2.8444952995841635,5.7980761820341895,9.604040258369979,9.788276045535456,9.999999999974774,9.99974378224166,9.99999999999226,0.31830988618379047,0.03239664288646795,0.042938899596655956,0.04251483158060817,0.0671289418335039,0.05747149077619152,0.06046628484023031,0.0307608753294109,0.04168445514028138,0.09182787835310999,0.09543295032300769,0.0711866219817254,0.05164598055252193,0.07439172905142866,0.08239540982650005,0.0686933458948155,0.08334862789470204,0.1046035752248107,0.07332107767134931,0.09114793898930769,0.006549298907758578,0.20928930508612295,0.11954008865808163,0.1768772548932014,0.08334988568811147,56,57,756
C:\Users\damba\.cache\kagglehub\datasets\sunnykusawa\ecommerce-products-image-dataset\versions\1\ecommerce products\sofa\171.jpg,sofa,exito,3072495.0,367729890.0,334847130.0,51543881340.0,37757789310.0,39907042530.0,7894424969970.0,4392465840690.0,5561625477450.0,4497977658360.0,7532329816.104244,1265427086.7134252,-168953779.7468637,-77581964059.41861,1722603672.9564543,-15295567523.792969,15783111873.28711,0.000797897232024475,0.0001340462771105327,-1.789721858857988e-05,-4.688487990840804e-06,1.0410160056593853e-07,-9.243525285525668e-07,9.53816152673437e-07,3.030610365524151,6.354499788592142,9.781780785333428,9.940737378096136,9.999999999998117,9.999962681405103,-9.99999999999945,0.31830988618379047,0.04039387619123036,0.040195710700994376,0.04236264332450749,0.08124685041910233,0.056970347528868655,0.0461444022249821,0.027288816432711593,0.045302628728575545,0.10765998026278106,0.09948597212419116,0.07435755751634483,0.011800890234085303,0.07791796917785038,0.10284603588635949,0.07447459294678205,0.10055632641615682,0.12618037049700206,0.09146711321776965,0.09800872765105001,0.06707557518164561,0.23057003225704054,0.16735090339737985,0.20255918606100567,0.08184481704944681,56,57,756
C:\Users\damba\.cache\kagglehub\datasets\sunnykusawa\ecommerce-products-image-dataset\versions\1\ecommerce products\sofa\172.jpg,sofa,exito,3198210.0,378888945.0,346918065.0,52673800365.0,39047085885.0,40931340300.0,8013407914635.0,4543996365195.0,5660689922550.0,4604710340550.0,7787181711.686733,1415991046.5296605,-167718126.2107313,-71888165348.49876,1266142053.992611,-13233869517.240234,15224259063.439453,0.0007613184508319351,0.0001384352067087373,-1.6397062345618677e-05,-3.929976541059116e-06,6.921735372877029e-08,-7.234681327317745e-07,8.322785911182407e-07,3.045876330975944,6.409872931947054,9.834696835510835,9.958513451558781,9.999999999999101,9.999975778014816,-9.999999999999732,0.3183098861837907,0.008773468508035204,0.10646602564428052,0.00018136512484182547,0.023405913833498503,3.3326040237422414e-06,0.14958271736515052,0.0011085720682029877,0.0933316581925869,0.047385899782906325,0.007751939729494983,0.007717403776462297,0.12534421318321534,0.004198426433254077,0.21851914251735524,0.00037224633587568074,0.0765908554844559,0.03452357298665897,0.03434062995675104,1.3680134034809391e-05,0.02822178101828777,0.012217607671108965,0.32527727906228415,0.0026074214812088466,0.1989705567867663,56,57,756
C:\Users\damba\.cache\kagglehub\datasets\sunnykusawa\ecommerce-products-image-dataset\versions\1\ecommerce products\sofa\173.jpg,sofa,exito,2994210.0,351936210.0,321478755.0,48729888510.0,35641590975.0,38017023585.0,7413604107420.0,4070042859705.0,5280122435205.0,4246766877015.0,7363686436.944306,1125444840.8444064,230757882.12059593,-45093869149.8167,1648356522.5574963,-6095965777.53125,7941290495.404297,0.0008213547517601802,0.0001255335185422595,2.5739021427495434e-05,-2.9067779634396576e-06,1.062540541762678e-07,-3.929496253501716e-07,5.119003680217102e-07,3.023701217426763,6.312544904117341,9.9158274288879,9.975441957091222,9.99999999999972,9.999982609732754,-9.999999999999979,0.3183098861837905,0.021751206377002518,0.019261540907068497,0.03580076320231114,0.028690013178782676,0.04358968433419792,0.007422817027995296,0.05933568530633357,0.04381831207810144,0.020424941218310434,0.043819428937261456,0.09429614058870062,0.05732359413445047,0.07800031631556456,0.11932963556067949,0.08818005129735233,0.038726110937471324,0.020411101288097668,0.06364504522744621,0.10577994603484583,0.15970419058512877,0.08278423225472069,0.21566566776377857,0.11318189710185239,0.12313466889038652,56,57,756
C:\Users\damba\.cache\kagglehub\datasets\sunnykusawa\ecommerce-products-image-dataset\versions\1\ecommerce products\sofa\174.jpg,sofa,exito,2796840.0,332116590.0,296369670.0,46232018160.0,32334365160.0,35309650335.0,7052059342380.0,3623513637000.0,4926770791605.0,3871902491445.0,6794142073.692555,929286107.9595146,116616704.25054318,-51427026199.49557,228226882.94292304,57554587.986328125,7576178511.671875,0.0008685591100280308,0.00011879938719798589,1.4908210596662496e-05,-3.931174808742743e-06,1.7446075326671293e-08,4.399576703924601e-09,5.791367752062377e-07,3.0055250879462108,6.249392368279509,9.8789891138245,9.953752152648415,9.999999999999073,9.999963435269084,9.99999999999998,0.3183098861837906,0.042682182648385386,0.0006179540251047246,0.06269106969702946,0.08800170262947916,0.06031412386516502,0.03207389848396031,0.08514393282851303,0.014614034270306015,0.12361934277402464,0.1148602017005334,0.04081868922908524,0.11628350535653188,0.09903317818425499,0.02547925343898817,0.09540100258198121,0.1318452719823725,0.14899543524867107,0.06222185562152882,0.1591261919303254,0.2302313962312973,0.15763857920289404,0.07738185504168338,0.2203744507245143,0.1323634856349673,56,57,756
C:\Users\damba\.cache\kagglehub\datasets\sunnykusawa\ecommerce-products-image-dataset\versions\1\ecommerce products\sofa\175.jpg,sofa,exito,2110380.0,223477665.0,237075795.0,29050016415.0,27035932065.0,25197083970.0,4233309410625.0,3127231667745.0,3297257046960.0,2883284490000.0,5384957632.291566,403319656.39016515,92057816.12312749,16597087624.987722,-546146786.7511657,14340478411.413086,-355579026.2109375,0.0012090965051419296,9.055825881936836e-05,2.0669946050829986e-05,2.5652531572689474e-06,-8.441268737633448e-08,2.216470645502892e-06,-5.4958450558093015e-08,2.886171963522255,5.90207083659026,9.815882342386724,9.955275074238754,9.999999999999323,9.999989548565702,-9.999999999999098,0.3183098861837906,0.04141711126229008,0.009239462834918694,0.01085622767878471,0.08830059813717774,0.08379704327838722,0.012756669191896013,0.01629872740445124,0.06717721694511686,0.12987530053081867,0.12317423888363492,0.08307772946973617,0.006510642357081918,0.09824019038853747,0.10796598528988288,0.06555361679083276,0.12909306433419276,0.12132229668550261,0.08467755675742773,0.05946717484888223,0.014171506656047826,0.20589494581258294,0.1358510022415943,0.1650314423800325,0.06902122565484216,56,57,756
C:\Users\damba\.cache\kagglehub\datasets\sunnykusawa\ecommerce-products-image-dataset\versions\1\ecommerce products\sofa\176.jpg,sofa,exito,2111910.0,247493820.0,236939370.0,34364380890.0,26988681330.0,27681767250.0,5265100821000.0,3118440850530.0,3850154810070.0,3144253011840.0,5360687106.556385,405983650.6495996,-85055100.23907505,-18479330641.81916,-569037339.9351633,14681927617.9375,546113632.9199219,0.0012019036271145066,9.102438037619311e-05,-1.9069949700459536e-05,-2.8510032977452695e-06,-8.779145544503552e-08,2.265137459106393e-06,8.425477083433331e-08,2.888425623138259,5.9081195159956446,9.804067518432069,9.949250175923034,9.999999999999059,9.999983945762349,9.999999999998922,0.3183098861837906,0.039211469170963825,0.006288100273477328,0.0031453815712678425,0.08762021026029235,0.0088431563874884,0.001582389850286402,0.010815694764840117,0.011596929094074112,0.12999250379226843,0.037261110487517554,0.1590017689438555,0.025593125705034064,0.015531956198729092,0.04278440042855617,0.15794634996338217,0.10088532032754094,0.035825338628385606,0.1617106610159723,0.07741279302356499,0.037354025038474806,0.008248915036807605,0.07751302626184738,0.1639688440713357,0.07770597598273238,56,57,756
C:\Users\damba\.cache\kagglehub\datasets\sunnykusawa\ecommerce-products-image-dataset\versions\1\ecommerce products\sofa\177.jpg,sofa,exito,2159085.0,228465210.0,243724920.0,29759962170.0,27945347490.0,25904279295.0,4350223636680.0,3251700707910.0,3400683932865.0,2982457594425.0,5584743417.452465,432842596.02574724,114342803.36896439,19243076817.88481,-587476923.1056466,17078792607.142578,-415272568.7363281,0.001198019106731397,9.285183964326297e-05,2.4528407648088062e-05,2.8093132209852806e-06,-8.576625779358387e-08,2.4933475204504855e-06,-6.062599701203712e-08,2.8891171401077935,5.912253618334651,9.77939854087704,9.945571851049117,9.999999999999016,9.999988738494638,-9.999999999998584,0.3183098861837906,0.05231930029982909,0.000634317962304554,0.0025839977021175206,0.11331969117293918,0.009066898140609694,0.03154849540096077,0.01372939519399956,0.012466006905103041,0.17085225980791496,0.040207694339654085,0.16034436486665946,0.11064966856227089,0.04443537015791735,0.07159781485977634,0.1800416856732208,0.17254063689562046,0.05181200174049548,0.20007722475392123,0.05762034581617769,0.19856539189240857,0.1019427662666033,0.155630051492699,0.22131868659423204,0.09075967765672045,56,57,756
C:\Users\damba\.cache\kagglehub\datasets\sunnykusawa\ecommerce-products-image-dataset\versions\1\ecommerce products\sofa\178.jpg,sofa,exito,2162655.0,253248915.0,244316775.0,35225244315.0,28036230765.0,28494237795.0,5410957894365.0,3265093643745.0,3969237620895.0,3257349305985.0,5569560468.673505,435579460.7463733,-115484137.09232424,-18352464809.524376,-596085718.1689126,16861664123.71875,373228871.5625,0.0011908208666699005,9.313070822501396e-05,-2.469152116983126e-05,-2.6682486040347727e-06,-8.666437461652792e-08,2.4515024127149797e-06,5.426341507083501e-08,2.891451321844603,5.918126395375276,9.786785648708637,9.949135645434781,9.999999999999181,9.999991435024905,9.999999999998726,0.31830988618379047,0.017506983329074875,0.0313036095365891,0.0025413381862117363,0.037043419745631974,0.06656236634090357,6.392796547039448e-05,0.00969974376095637,0.08174038615546317,0.05501769408493716,0.11479011933904344,0.11412041323456382,0.10688434165883674,0.032237357922166136,0.008102812898732985,0.026208984583805158,0.06167543902442487,0.14766711847452962,0.14685753699712983,0.13157182631833753,0.2268047872211897,0.06944277223380292,0.16871385421855192,0.06673326045877112,0.39033725187432367,56,57,756
C:\Users\damba\.cache\kagglehub\datasets\sunnykusawa\ecommerce-products-image-dataset\versions\1\ecommerce products\sofa\179.jpg,sofa,exito,2708355.0,341562810.0,295101810.0,48755627190.0,33517634010.0,36542905560.0,7513426543080.0,3954286837530.0,5145859294860.0,4089080088960.0,5679607548.890879,1363400807.4559839,-673708753.7388175,-67926143152.62681,5100502895.138025,3384943692.2402344,8835101975.34375,0.0007742962379943403,0.00018587131364345203,-9.184616173448293e-05,-5.6269490508999125e-06,4.225217065603302e-07,2.804061118795357e-07,7.318929997697347e-07,3.01765292964352,6.420117256929434,9.792180386215524,9.904985273549038,9.99999999999617,9.999934543876659,9.999999999998495,0.31830988618379047,0.015064165540231078,0.03167855256529111,0.002723203118483885,0.03208367638921923,0.0665046985160513,0.002196571834797542,0.009018831039300545,0.08367268984624582,0.047528151292594474,0.11758096532437243,0.11698976408899575,0.10077533566941432,0.03175853133915156,0.013007411810185245,0.0306516042803508,0.05431213557403985,0.1520297796672972,0.152087763128631,0.13051491359971326,0.2170295600906693,0.07017335147081041,0.1375796634900497,0.07286838234701098,0.3835410217767368,56,57,756
C:\Users\damba\.cache\kagglehub\datasets\sunnykusawa\ecommerce-products-image-dataset\versions\1\ecommerce products\sofa\18.jpg,sofa,exito,3143385.0,372635325.0,332071200.0,51373935825.0,36502069860.0,39547381605.0,7731732723165.0,4158572416110.0,5466424874205.0,4378596297615.0,7199555200.973473,1421644818.3840356,181710669.0058405,-65390587221.22341,2078463723.2671425,-3865321406.626953,13034196481.044922,0.0007286358125810077,0.00014387851728739703,1.8390150123136333e-05,-3.7326846122551225e-06,1.1864474516374592e-07,-2.206437707483064e-07,7.440297863255064e-07,3.0592273818353712,6.464207442967225,9.865861708001754,9.962802816407637,9.999999999999302,9.999977246056389,9.99999999999998,0.3183098861837905,0.01955630044121934,0.018834287014668116,0.03601840751237377,0.02439823399059662,0.04376918337700173,0.0057709441802268075,0.060506523269137066,0.04402479705579773,0.01628152875666025,0.045006131219767154,0.09406926146425307,0.060253833896298285,0.08077670482736526,0.11594519597425182,0.08933214966175368,0.038178141754434056,0.019847084007554094,0.061960789299424425,0.10598136666970377,0.16298897726936865,0.08627998274936811,0.20919939941015045,0.11507306089014564,0.12008648324654578,56,57,756
C:\Users\damba\.cache\kagglehub\datasets\sunnykusawa\ecommerce-products-image-dataset\versions\1\ecommerce products\sofa\180.jpg,sofa,exito,2769045.0,327683415.0,304398855.0,45843970125.0,34337712225.0,35990004615.0,7030489003815.0,3967938552465.0,5024884567635.0,4066311430935.0,7066550304.786814,875394738.1729479,-31965533.00764243,-67081227077.472145,759038749.8957635,-7140142930.457031,9881050828.765625,0.0009216105291456322,0.00011416787160099494,-4.168904277047281e-06,-5.257459845536531e-06,5.948930755506989e-08,-5.596053677568472e-07,7.74422744293937e-07,2.9847331077070094,6.185663713156972,9.794554339606057,9.919562069102078,9.999999999996918,9.99993056909246,-9.999999999999666,0.31830988618379047,0.0316132125234851,0.04317521301214328,0.04281359905850928,0.06568040316350075,0.058140614105976596,0.06210725435570298,0.03371478785827767,0.040186471343706884,0.09015211895737507,0.0954113771860468,0.0699136940305416,0.05771184388999433,0.06760463038708141,0.07494569891020937,0.06613572056895342,0.07729526210193992,0.09877346253484667,0.06567188829651562,0.08835048091658818,0.021596230010983923,0.19065580408430793,0.10407879027737628,0.16710416389400146,0.08148953014832208,56,57,756
C:\Users\damba\.cache\kagglehub\datasets\sunnykusawa\ecommerce-products-image-dataset\versions\1\ecommerce products\sofa\181.jpg,sofa,exito,2767260.0,327430965.0,304075005.0,45805644645.0,34286228745.0,35946983820.0,7024294046055.0,3960206592405.0,5018558131620.0,4059646562490.0,7062976142.282065,873535804.781147,-32133545.021657,-67002260269.02524,757178370.8900521,-7102120450.9921875,9853283773.927734,0.0009223331290306534,0.00011407245273290481,-4.196224442731335e-06,-5.259743186761471e-06,5.94392452054818e-08,-5.575234253841228e-07,7.734924462108408e-07,2.9844702147987205,6.184783813475206,9.794634294228917,9.919465382722965,9.999999999996913,9.999930390828647,-9.999999999999668,0.3183098861837905,0.03882302964009398,0.02413468197085377,0.033362009230482284,0.08623689326331897,0.04754216041971578,0.04277270456268486,0.05532805608758819,0.04697187307906202,0.1350491619010728,0.07602385525450298,0.10215965214684722,0.06887094220729596,0.10558625855795387,0.0808558789036777,0.13470118481216456,0.15933945944412614,0.06294297899931114,0.12768419044186557,0.13803632860209358,0.10107593223929842,0.17871410757600129,0.11511068701374953,0.2333646099491432,0.04275688776239407,56,57,756
C:\Users\damba\.cache\kagglehub\datasets\sunnykusawa\ecommerce-products-image-dataset\versions\1\ecommerce products\sofa\182.jpg,sofa,exito,1888785.0,226814085.0,210976290.0,31819508175.0,23883800820.0,25279132770.0,4885751115225.0,2738381327010.0,3552299659500.0,2857248404520.0,4582618240.789792,317860312.12636775,-55881100.3159184,-35887588089.95514,-436308074.9269259,11498274952.646484,1654329567.578125,0.0012845429481014316,8.909867699406623e-05,-1.566389988675785e-05,-7.319610286739121e-06,-8.898912530475553e-08,2.3451810529084567e-06,3.374160361557099e-07,2.8621265257216946,5.844612811014103,9.65722445107067,9.812926667674825,9.999999999981688,9.999769099765711,9.999999999995708,0.3183098861837905,0.047161215864690326,0.027513241744770045,0.03167864285860127,0.1024454162103922,0.04844034451730992,0.06068153129539112,0.050306473944656066,0.04809974854944387,0.15914508012893466,0.08249166720065958,0.10429790316232213,0.11987391303404919,0.10928600211798502,0.0918676823273347,0.14136768272227557,0.19556686911314097,0.08348032097403288,0.14634451420074976,0.14423018492731432,0.1988616723570829,0.20882414459418355,0.14248875539275835,0.25522735393324847,0.032001052297120185,56,57,756
C:\Users\damba\.cache\kagglehub\datasets\sunnykusawa\ecommerce-products-image-dataset\versions\1\ecommerce products\sofa\183.jpg,sofa,exito,3095190.0,359931990.0,335290830.0,49639175670.0,37534788750.0,39257995875.0,7549060278270.0,4330010858190.0,5438472742695.0,4429199920005.0,7783574745.546222,1213935851.7647069,267854503.8235322,-33622004827.022396,999200594.811199,-1057373418.53125,6340733063.464844,0.0008124646481811585,0.00012671298175466987,2.7959173301091354e-05,-1.9948273878215867e-06,5.928357701189238e-08,-6.273502919568389e-08,3.7620207477037954e-07,3.0272522140954496,6.324696334430477,9.95933007591635,9.988768159739534,9.999999999999943,9.999992194711435,9.999999999999996,0.3183098861837905,0.018707141990085257,0.018681173365420963,0.037515529434833175,0.0436934453768108,0.04880202222679418,0.0099694651491278,0.0731472041994136,0.0509535077045672,0.07150937667855091,0.0776001421520294,0.08846850571159287,0.03523158361903437,0.11208162441118533,0.08377160380735563,0.09758214589483016,0.06193242563546999,0.057658721581060966,0.031024996514048907,0.09632235663248684,0.10747630180433013,0.12368819101411818,0.13195115130829124,0.1085305842858514,0.07611429591207682,56,57,756
C:\Users\damba\.cache\kagglehub\datasets\sunnykusawa\ecommerce-products-image-dataset\versions\1\ecommerce products\sofa\184.jpg,sofa,exito,3092895.0,359748645.0,335114115.0,49618732065.0,37521078165.0,39244315380.0,7546311082725.0,4328938633425.0,5436959914140.0,4428175406250.0,7774735557.088797,1211578465.7754185,265672784.1070995,-33698193630.59226,994427840.0800669,-1015940706.8046875,6357520854.890625,0.0008127468094171098,0.00012665466563935017,2.777261117712632e-05,-2.003058716831328e-06,5.9109914767770294e-08,-6.038866388082844e-08,3.778982252112429e-07,3.0271487159882438,6.324306233518229,9.959014343286816,9.988678498101976,9.999999999999941,9.99999212935376,9.999999999999996,0.3183098861837905,0.01589278442473713,0.01822229711514095,0.03750709734616986,0.033997352860768375,0.048025964033709304,0.006259611533389025,0.07264567858031068,0.04999980804693113,0.056507372842166066,0.07202232705541929,0.08829547141595914,0.048891645012680125,0.11075187410013412,0.09074210016600148,0.09287822273325806,0.05292912885491679,0.045653070112296995,0.027367136808432432,0.09553361817433745,0.13390201272756466,0.12225070899826644,0.1507390443290806,0.10115888524599753,0.0863132686802657,56,57,756
C:\Users\damba\.cache\kagglehub\datasets\sunnykusawa\ecommerce-products-image-dataset\versions\1\ecommerce products\sofa\185.jpg,sofa,exito,3592950.0,409796220.0,409660050.0,56462942520.0,48503043060.0,46307624385.0,8637877030350.0,5937076510410.0,6360746953755.0,5441855150925.0,9723371435.991478,1794528728.8786354,-416415742.196598,-20050893785.831764,-2347222931.535591,17958809837.32422,4766987452.880859,0.0007532073150475862,0.0001390106481637877,-3.2257060751836355e-05,-8.19418571303586e-07,-9.592380677059794e-08,7.339215127462982e-07,1.9481216597047156e-07,3.049528988588669,6.418505893159766,9.96960196707459,9.996551642807193,9.999999999999998,9.99999982179753,9.999999999999991,0.31830988618379047,0.023046044398027092,0.0302450858768105,0.001634345508943541,0.047870975669554366,0.06664754123993662,0.005744388650849587,0.006353044479776204,0.07714246535947304,0.07094336136514863,0.10789672127014459,0.10773542232366044,0.12332650768926832,0.01955522346267942,0.029982954959145373,0.0141490480671252,0.0793768776971837,0.1380936611032666,0.13805068792310826,0.13276478991319876,0.2547735930932001,0.042082981190384304,0.23921147214032032,0.03448622354936084,0.40602930300610085,56,57,756
C:\Users\damba\.cache\kagglehub\datasets\sunnykusawa\ecommerce-products-image-dataset\versions\1\ecommerce products\sofa\186.jpg,sofa,exito,3098760.0,379690410.0,319555545.0,53819526330.0,34340410635.0,39396746475.0,8295522379050.0,3831958713615.0,5597460972465.0,4276310091735.0,7296140380.146477,1386665801.5030453,241672865.2904858,-86961931756.33525,4652911340.68543,-11831069074.53125,18742418881.75,0.0007598315084772865,0.00014440955255972908,2.5168191430550753e-05,-5.14469135512619e-06,2.7526749081041487e-07,-6.999292398447383e-07,1.1088065599240615e-06,3.043715727776861,6.418644436800976,9.751044892585934,9.933790758281814,9.99999999999745,9.999956200239998,-9.999999999999895,0.3183098861837906,0.020238984776216974,0.015392714699928561,0.007905445054075852,0.05056937914740471,0.0843555130845702,0.04381205812676485,0.024982452426531257,0.06059365778376975,0.09018018584988352,0.11617095848731923,0.08191297890239846,0.08745619406388222,0.1183152801170229,0.07950822147997348,0.058048148018391636,0.10982330300988828,0.09124601817946881,0.0716929640398751,0.057381750029333684,0.11418585144386985,0.2267960385620706,0.07117720668172924,0.15364987657282475,0.06024651467261043,56,57,756
C:\Users\damba\.cache\kagglehub\datasets\sunnykusawa\ecommerce-products-image-dataset\versions\1\ecommerce products\sofa\187.jpg,sofa,exito,2828205.0,334279245.0,302470800.0,46525287795.0,33302653200.0,35762478825.0,7109103229725.0,3765770652750.0,4982953768095.0,3946570118055.0,7015205025.975114,954013390.4246686,11990208.175546857,-48267949778.12921,59700979.71355367,4334051682.464844,7803605758.017578,0.0008770383756721721,0.00011927040638291976,1.499011456303247e-06,-3.5882412779242874e-06,4.438173171336151e-09,3.221935719077131e-07,5.801203578415509e-07,3.00160599794621,6.2408450891663,9.888335240044498,9.961954457181433,9.999999999999355,9.999970598616237,9.999999999999906,0.3183098861837906,0.04986807186028103,0.002516047953621255,0.06403693640234394,0.10458442736284375,0.0638365295795068,0.04798430751980434,0.09320856978661082,0.008942608227421425,0.15047986560185636,0.1253426250823797,0.040374863450645206,0.15729016769940238,0.0977373875071112,0.051017626398110104,0.09233727002375683,0.13882557621182273,0.17203318887534066,0.05240477519601576,0.14774905924946097,0.2908522108366428,0.08008839701659104,0.1420116415043712,0.1896888923259713,0.10737606246215707,56,57,756
C:\Users\damba\.cache\kagglehub\datasets\sunnykusawa\ecommerce-products-image-dataset\versions\1\ecommerce products\sofa\188.jpg,sofa,exito,3682200.0,428824065.0,409683255.0,59108508615.0,47663456835.0,47616957840.0,8955501542715.0,5767727813475.0,6546863608170.0,5548301287320.0,9168234126.073755,2081910632.350762,-94203631.81890471,-63636416657.428986,1401163734.102076,-7634419889.324219,18441417974.51367,0.0006761934316850559,0.00015354912141120659,-6.947889440962588e-06,-2.4458920336569833e-06,5.38543085092026e-08,-2.9343209076984745e-07,7.088035386407321e-07,3.081056584335301,6.563121805896154,9.914429062866494,9.98684718761011,9.999999999999893,9.999993331448758,-9.999999999999977,0.3183098861837906,0.013151806616334194,0.01650788499986312,0.008626180173393201,0.01765155555523835,0.08591859564041159,0.05526622480732083,0.006974159075902984,0.0414766154110892,0.029229805381130933,0.10202080461720658,0.06791122108991267,0.13688630715702504,0.034452595228251615,0.013034563577717774,0.0345588238380587,0.03746875312968703,0.03446460264986147,0.022970474450502654,0.040595089127436014,0.23297714693659075,0.0656284773923449,0.08159091246697504,0.08551639836474086,0.0800663023570019,56,57,756
C:\Users\damba\.cache\kagglehub\datasets\sunnykusawa\ecommerce-products-image-dataset\versions\1\ecommerce products\sofa\189.jpg,sofa,exito,3126810.0,374189550.0,324376320.0,51782034000.0,35128598040.0,38906862405.0,7802753174790.0,3955437292980.0,5377335221775.0,4240092453465.0,7002268254.974719,1477689613.602999,88312761.28771825,-70014027298.151,4592695163.074721,-15687397394.664062,17882779788.128906,0.0007162023802058774,0.0001511402848235771,9.0327601762303e-06,-4.049779046277884e-06,2.656524892955699e-07,-9.073966419472425e-07,1.0343828182710278e-06,3.0618092398446226,6.495228111083543,9.795631525067567,9.960568231893626,9.99999999999904,9.999978393966881,-9.999999999999773,0.3183098861837905,0.018390396929197,0.018625800616723035,0.03705638638419779,0.044439220196181614,0.04836172779855326,0.01055877004374411,0.06995343869655661,0.04999784177358728,0.07157174161188949,0.07549889939848888,0.09070659417832799,0.03148668626735759,0.10417069226104604,0.07938978585185807,0.10340472744344764,0.05143633443481623,0.05044542319651595,0.04584554156042822,0.10226804388290148,0.10057038916117021,0.11083322769635734,0.12018930021853473,0.12539989594482331,0.07072959487031645,56,57,756
C:\Users\damba\.cache\kagglehub\datasets\sunnykusawa\ecommerce-products-image-dataset\versions\1\ecommerce products\sofa\19.jpg,sofa,exito,3341265.0,406783395.0,363556560.0,57016479945.0,41388386490.0,43945885275.0,8694685019745.0,4905261589800.0,6110628470775.0,4992021691515.0,7492503113.552622,1830502778.5812454,-315426459.12500894,-71159350616.08281,3524671968.6543584,-16420661898.339844,21820988143.851562,0.0006711275841089898,0.000163964016948072,-2.825376169596883e-05,-3.487021880568975e-06,1.727195114923949e-07,-8.046617463087851e-07,1.0692939501902836e-06,3.078265832209345,6.584178961892232,9.819550740524386,9.973692482912327,9.999999999999552,9.99998875465365,-9.999999999999812,0.3183098861837905,0.03817449269905374,0.02389936535123399,0.03563681384978993,0.08528647506132052,0.05115380947773037,0.04019439001588187,0.0650808682917958,0.05406289252160744,0.12783902446583345,0.09509179591015926,0.09240659210528372,0.05532857693007041,0.09366559900805153,0.08660008740229024,0.11542478138004232,0.10569163422824579,0.10486926354214066,0.06674572525184157,0.10475047291924687,0.05445425815032891,0.09792181814422081,0.12164697746244102,0.14232251542933988,0.04048825081009182,56,57,756
C:\Users\damba\.cache\kagglehub\datasets\sunnykusawa\ecommerce-products-image-dataset\versions\1\ecommerce products\sofa\190.jpg,sofa,exito,2181015.0,229456905.0,246345045.0,29467684995.0,28290128655.0,26104600410.0,4241815906155.0,3299706083535.0,3381441670860.0,3018103484700.0,5327332337.095757,465523507.3728533,187506035.23149827,20684838087.857758,-817679628.6697868,13621048275.9375,-558802630.3769531,0.0011199341441692611,9.786430390121125e-05,3.9418305036332627e-05,2.9444588863165244e-06,-1.163955955840937e-07,1.938937905468721e-06,-7.954480299637056e-08,2.9144245480720676,5.978421264022489,9.837629618694002,9.952610660759989,9.99999999999907,9.999974737015702,-9.999999999999334,0.3183098861837906,0.04801569638256324,0.0016616094025594965,0.06378227014972829,0.100391419362419,0.06302258301904629,0.0435652178805498,0.09123255314321313,0.010075885389233152,0.14280425878937283,0.12255676852963596,0.04049646250710534,0.14521312296273495,0.09389849294312366,0.045644960658897074,0.09274638018588488,0.12726427532451706,0.16475691794129016,0.053582880739940233,0.14959738529875402,0.26930795855906636,0.0833851157364464,0.12837030676052347,0.19417262625129542,0.11161360548206721,56,57,756
C:\Users\damba\.cache\kagglehub\datasets\sunnykusawa\ecommerce-products-image-dataset\versions\1\ecommerce products\sofa\191.jpg,sofa,exito,2316675.0,248003820.0,257338860.0,32490077850.0,29141491800.0,27753435510.0,4755797674290.0,3360103206090.0,3670193722290.0,3166027449600.0,5940866271.080902,556002309.199777,204892743.12713218,5723331720.660028,-489142567.0301498,17291195521.302734,864007694.7304688,0.0011069284567340732,0.0001035968072634485,3.8176521334903275e-05,7.006258194263958e-07,-5.987874346068968e-08,2.116714288504959e-06,1.0576813098672462e-07,2.9170261064050163,5.994560281636979,9.850056705277208,9.979303827834496,-9.999999999999853,-9.999985499374136,-9.999999999999737,0.31830988618379047,0.014136960848427419,0.031806142482705094,0.0022587008890134685,0.0317995329121782,0.06653715661021986,0.002460072693281238,0.003993775829237611,0.08177601078112783,0.04670937134450739,0.11414095488726295,0.11440522058655116,0.10027484135894041,0.014337789784356163,0.0035714803859418134,0.024018534306160622,0.03559610721622306,0.14462103404580068,0.14719165439368423,0.13067263462051568,0.21143019698120305,0.035966694857003274,0.16748545312170324,0.04003017334673839,0.3893965694573796,56,57,756
C:\Users\damba\.cache\kagglehub\datasets\sunnykusawa\ecommerce-products-image-dataset\versions\1\ecommerce products\sofa\192.jpg,sofa,exito,3267315.0,386254110.0,352034640.0,53302191510.0,39490562760.0,41639641560.0,8046202353600.0,4593978018360.0,5735791349550.0,4688947899900.0,7640160915.492859,1560829091.8567116,22954291.594474386,-61457193179.409065,2753156502.292887,-12644347153.53711,15522293915.03125,0.0007156826559535619,0.00014620874119083095,2.150214970021505e-06,-3.1848956318506237e-06,1.4267680745451954e-07,-6.552679016651836e-07,8.044117137267527e-07,3.0645474037314644,6.488893674153926,9.867148976675537,9.974983269038782,9.99999999999964,9.999986589602694,-9.999999999999897,0.3183098861837906,0.026080954888088894,0.010328140233982742,0.005361956186857012,0.06223533619077968,0.008488499682845149,0.02072440267425177,0.022201419962317556,0.010661915930629498,0.09551699213379793,0.03328339862158678,0.15754960655887498,0.03832745112288504,0.04515145091701649,0.01417288504594084,0.13434164052544342,0.06427278667591309,0.021153486303505744,0.13065005668672788,0.10345389084923517,0.07346115097069547,0.045293977111867015,0.018631873944957487,0.12719903524323714,0.06107519090779703,56,57,756
C:\Users\damba\.cache\kagglehub\datasets\sunnykusawa\ecommerce-products-image-dataset\versions\1\ecommerce products\sofa\193.jpg,sofa,exito,3425415.0,410126190.0,373230240.0,56462208120.0,42684100140.0,44169615900.0,8464654623570.0,5087887946250.0,6031694143620.0,5011569137010.0,7357649482.89585,2017257713.4742782,-517377157.4793449,-57454316454.42213,-2531784065.872931,3512553133.1601562,13732155889.873047,0.0006270652062685854,0.00017192340123530576,-4.4094138315182395e-05,-2.645694376189336e-06,-1.165852677077708e-07,1.617483706004962e-07,6.323473996877751e-07,3.0974593587378285,6.667498451124219,9.917219455770688,9.982734518217386,9.999999999999838,9.99999192195128,-9.99999999999999,0.3183098861837906,0.03921268035542315,0.001956905911174082,0.06294480381384782,0.08180827545954185,0.05882996994617203,0.025309165376520157,0.08584345627889252,0.016292619859374528,0.117110560442088,0.1103999160276354,0.04127426998031659,0.09870530122699694,0.10621022329608097,0.01793328637043982,0.09528668174588344,0.13554601501619665,0.1403936785763437,0.0632927252191191,0.15991599204659027,0.20277119461199045,0.17603942938632192,0.05811290935476353,0.22219970610586073,0.13614603494466854,56,57,756
C:\Users\damba\.cache\kagglehub\datasets\sunnykusawa\ecommerce-products-image-dataset\versions\1\ecommerce products\sofa\194.jpg,sofa,exito,3106410.0,359541075.0,345127455.0,49688861655.0,39531898515.0,39964994850.0,7578132421035.0,4654434734415.0,5539800433410.0,4586545352310.0,8074977907.472914,1187648981.043756,19367523.692746125,-42162134375.61869,-1526348095.7364187,14799803932.759766,6753947699.0625,0.0008368040849986443,0.00012307519974291968,2.0070423879921125e-06,-2.4789949900199855e-06,-8.974425366248084e-08,8.701798508522772e-07,3.9710993660024494e-07,3.01778333553558,6.292834472915748,9.918066765692537,9.979045179432449,9.999999999999803,9.999988509960598,9.999999999999908,0.3183098861837905,0.04953921900872903,0.028596874148946065,0.031757038168182955,0.1068242543748969,0.05027767824422292,0.06579837629296113,0.0468228370818024,0.051798946437236607,0.1596825423363893,0.0921892035502204,0.1014416104506381,0.13026672390864788,0.07554518731035,0.10089968471912593,0.13576115411179554,0.16258735158525772,0.10630441709587858,0.12947851211618924,0.13131983689871818,0.2001956090273,0.1324803051395893,0.16273685099123067,0.21850275997665655,0.016014446736533558,56,57,756
C:\Users\damba\.cache\kagglehub\datasets\sunnykusawa\ecommerce-products-image-dataset\versions\1\ecommerce products\sofa\195.jpg,sofa,exito,2341410.0,273161865.0,245417865.0,38079856095.0,26237815215.0,28788771975.0,5855533364955.0,2858037513495.0,4034585061255.0,3098122118775.0,6211279258.70126,514029777.52504814,156963915.87398967,-36358171566.63683,130195501.5429,6571986083.277344,4168460130.658203,0.0011329901072182256,9.376339856811385e-05,2.863155180574654e-05,-4.334194158777777e-06,1.5520378445108314e-08,7.834349876891878e-07,4.969148549256389e-07,2.9112426568271297,5.9652227077276905,9.855796018269377,9.937933300092672,9.999999999998403,9.999937953179273,9.999999999999618,0.3183098861837905,0.025800726035164236,0.02016897023982636,0.035471926850962295,0.06049918358063418,0.047374942600493984,0.020712728766031512,0.0616910772739294,0.04760311867071063,0.09503514597258336,0.07208376589161614,0.09703109056547146,0.002649219551609441,0.09479335776175835,0.07435687881675437,0.11998188585812973,0.08878498394395627,0.04674738784414543,0.0889923425656176,0.12113865859899955,0.0319475660129422,0.11972776371949286,0.10425567732708296,0.1802192756247519,0.05664127478333224,56,57,756
C:\Users\damba\.cache\kagglehub\datasets\sunnykusawa\ecommerce-products-image-dataset\versions\1\ecommerce products\sofa\196.jpg,sofa,exito,2760375.0,319361490.0,301744050.0,43957740990.0,33829701990.0,35061244890.0,6677551932840.0,3883367519160.0,4837903030740.0,3951874922580.0,7009224467.781065,845244548.3833727,150977478.2771383,-30001352184.863873,559453120.0962799,-2171082382.9140625,4941210569.630859,0.0009198855512669394,0.00011092928339205533,1.9814175087736075e-05,-2.3698486759847607e-06,4.4191982673521216e-08,-1.7149682717296082e-07,3.903131183570261e-07,2.986819297927686,6.183042771191942,9.947501107489469,9.983239150920074,9.99999999999988,9.99998620352088,-9.999999999999996,0.31830988618379064,0.017383700773790468,0.05046735219337804,0.0561185002717819,0.04635289990394003,0.07793708370651549,0.0653563502270164,0.10891749102340134,0.016313892193578504,0.08181223574956902,0.1264354486143062,0.019943808949210457,0.04697513212255035,0.1691092785984161,0.06565552733453693,0.029833714495593886,0.0791664517330338,0.13080518806880573,0.06905431214742781,0.004016846551275294,0.005172396762839083,0.2045360939385649,0.12781356676005437,0.0030887130931503,0.14405907857567826,56,57,756
C:\Users\damba\.cache\kagglehub\datasets\sunnykusawa\ecommerce-products-image-dataset\versions\1\ecommerce products\sofa\197.jpg,sofa,exito,2869260.0,336905490.0,316100550.0,46831167690.0,35785874310.0,37176914865.0,7159867063770.0,4154262789630.0,5176593778035.0,4223216957895.0,7272079565.4870205,961718356.7916815,60720903.13543925,-46759228908.392586,-95461164.89662251,3039525301.0546875,7898255078.1796875,0.0008833215260953024,0.00011681755114820476,7.375617983889474e-06,-3.353069698071111e-06,-6.845449483021384e-09,2.1796210975706826e-07,5.663780260826159e-07,2.9999395602969563,6.230736475041366,9.89976276417415,9.967340064831657,9.999999999999519,9.999974373551694,9.999999999999954,0.3183098861837906,0.019809915424777745,0.01547369124062496,0.009165614425216665,0.046181041462309454,0.08480950742538924,0.045986253414139776,0.013043050270474778,0.05545572320923949,0.07640214775839857,0.11149339432210555,0.07645925719259453,0.09996332833912458,0.07792339971583712,0.056547232781113684,0.050961139771415795,0.07738954174333074,0.06887796792965542,0.050307422344191555,0.05064681174757191,0.15295752307879767,0.14969641765034156,0.03729993785636605,0.12795771874963074,0.06941876266517139,56,57,756
C:\Users\damba\.cache\kagglehub\datasets\sunnykusawa\ecommerce-products-image-dataset\versions\1\ecommerce products\sofa\198.jpg,sofa,exito,2472735.0,279459090.0,274514130.0,37275977520.0,31158944700.0,31269297990.0,5478302733660.0,3611919314340.0,4188289427610.0,3578878142730.0,5692575746.810351,683375110.1907785,244756758.55315894,-21192696509.03976,1033860090.3682623,-5278237681.910156,3068883551.8007812,0.0009310085428928196,0.00011176453224086237,4.002944243147331e-05,-2.204155746743108e-06,1.0752707464769928e-07,-5.489654378948793e-07,3.19180587232105e-07,2.9818101493883105,6.168981628329633,9.946635967068145,9.98402027006877,9.999999999999888,9.99998747308085,-9.999999999999979,0.31830988618379047,0.02845523786501637,0.028932306671778294,0.0007120390583272803,0.057789304904418456,0.06667887139911749,0.012495201311012881,0.0010164176042989981,0.07387877958348135,0.08597278713276227,0.10333861085863494,0.10338087722279597,0.1422078224989425,0.0009603330041762482,0.04864650771617381,0.005468060811258881,0.10533055432154245,0.13430982333385935,0.13457108871931472,0.13321312732135743,0.29201420602545847,0.0003351802506077582,0.28726872940462633,0.007069102187330438,0.41742838774174373,56,57,756
C:\Users\damba\.cache\kagglehub\datasets\sunnykusawa\ecommerce-products-image-dataset\versions\1\ecommerce products\sofa\199.jpg,sofa,exito,2428110.0,298507335.0,268811310.0,43056098475.0,30380021190.0,33075621345.0,6757118020455.0,3501099706350.0,4762457444775.0,3751253178645.0,6358160964.425016,620446712.7662262,28458009.74795227,-99439788397.52144,410083062.98890686,-11196172174.925781,10088720514.558594,0.0010784370586968371,0.00010523683369098846,4.82689452196386e-06,-1.0824037732734426e-05,4.463761054682487e-08,-1.2187052289283487e-06,1.0981589289797397e-06,2.9267678945748226,6.023507019219474,9.504416775815566,9.70780785157339,9.999999999940727,9.999605246685537,-9.99999999999381,0.31830988618379047,0.04155463480655946,0.03974745676222496,0.04414859954233936,0.08459294148335324,0.05970871358876597,0.044850041018517,0.041295781746970635,0.04124578200568813,0.1123443279863819,0.10251734611311247,0.07042157210570926,0.013149007845528984,0.04740100744417383,0.08375735761498405,0.06667548717023675,0.08216100615803616,0.11558103018020084,0.06553452523304963,0.08944604778106469,0.047022372743536905,0.14970165627720106,0.12581471846652234,0.1719075332326028,0.07073226993048884,56,57,756
C:\Users\damba\.cache\kagglehub\datasets\sunnykusawa\ecommerce-products-image-dataset\versions\1\ecommerce products\sofa\2.jpg,sofa,exito,1482060.0,152394885.0,157696845.0,19399065075.0,16936160835.0,16086532200.0,2795000068665.0,1835634218055.0,2042184458520.0,1712590835460.0,3728848636.9588795,156614174.97677395,-128865664.21455461,33416050719.942867,233321570.17767522,4551419290.59082,-1469907991.9521484,0.0016976305518812628,7.130163602325417e-05,-5.866858914324774e-05,1.2496565109634228e-05,8.725502057809886e-08,1.70208945344247e-06,-5.496999355354442e-07,2.752288790918568,5.575312082973022,9.487728845819984,9.60918965372261,9.99999999988572,9.999037375769317,-9.99999999998795,0.3183098861837906,0.02216057228483488,0.015008775356119925,0.00950377383538357,0.04960461925735656,0.08486524990478836,0.04393561303768292,0.011759516800938537,0.05519188245412628,0.0782946672672992,0.11156157870894157,0.07566716998648026,0.09567443666298629,0.07151843737361588,0.05581424370581064,0.050486500134888146,0.07363471546509859,0.06879379586119787,0.04764691788733065,0.04971598301399694,0.1487605634890753,0.13743132006863948,0.041006944429656245,0.12504887436948783,0.07112641388281188,56,57,756
C:\Users\damba\.cache\kagglehub\datasets\sunnykusawa\ecommerce-products-image-dataset\versions\1\ecommerce products\sofa\20.jpg,sofa,exito,3341520.0,406780845.0,363741180.0,57016161705.0,41428604580.0,43961189100.0,8694088113705.0,4912417284540.0,6112592187780.0,4995762936510.0,7496585027.645375,1833556210.457873,-318942265.87454253,-71987451108.74092,3522735095.688283,-16249395933.457031,21877427537.703125,0.0006713907314293796,0.00016421245683420892,-2.8564323672656463e-05,-3.5269283292594223e-06,1.7259166721560443e-07,-7.9611729500593e-07,1.0718551326048598e-06,3.0779998596540055,6.584036446839756,9.818100261587736,9.972992381398244,9.999999999999527,9.999988339912841,-9.99999999999981,0.3183098861837905,0.04209335116395741,0.025381686509178776,0.03375785637753695,0.09223476004507432,0.05027973178081665,0.04855302091594417,0.05517547689947663,0.05216387590010136,0.1362417614923402,0.09081146181472612,0.09739965857536649,0.08023368390564924,0.07696864828526091,0.09029915997613315,0.12602301156633375,0.11599772891335734,0.09633358844289325,0.0993460586242411,0.11924139025735661,0.10131256329902925,0.09242411616965131,0.13144171770321386,0.18177928070366145,0.028531775589736394,56,57,756
C:\Users\damba\.cache\kagglehub\datasets\sunnykusawa\ecommerce-products-image-dataset\versions\1\ecommerce products\sofa\21.jpg,sofa,exito,2999820.0,339066615.0,332076045.0,46898738865.0,37758616275.0,37827257175.0,7219653404205.0,4401579412425.0,5250938432355.0,4335411756915.0,8574382934.458096,998244098.3887309,293038288.28757566,-19571159043.940475,742741708.1998252,-6932612816.746094,2715728798.5214844,0.000952823550335664,0.00011092932205138181,3.256371733858188e-05,-1.2556787813827953e-06,4.765405058231812e-08,-4.44794035651441e-07,1.7424021850915534e-07,2.973159213380222,6.146832831346713,9.978509989963714,9.994273831571158,9.999999999999986,9.999996057659043,-9.999999999999995,0.31830988618379047,0.04201168305067333,0.0395674725369394,0.043105745746314435,0.08478918650650463,0.05799376223991815,0.043222138305505635,0.03241232144698929,0.044352989270399906,0.11198704909850234,0.10132520730489786,0.07328788755730363,0.005619489918134519,0.06334010227923698,0.0986801118955352,0.07230936422212111,0.09479094456075525,0.12459421655739035,0.08384344008538133,0.09564306380118975,0.07071190312235655,0.199176761907022,0.1578412245479747,0.1941131126104781,0.07669403568367467,56,57,756
C:\Users\damba\.cache\kagglehub\datasets\sunnykusawa\ecommerce-products-image-dataset\versions\1\ecommerce products\sofa\22.jpg,sofa,exito,3585300.0,427435335.0,422084415.0,58957625115.0,52082431395.0,49460167710.0,8865010349595.0,6684043238085.0,6767002645380.0,6016338169590.0,7999276969.360236,2391958244.666073,-860249918.5956669,-71178952317.53099,-10626435288.168745,31250467828.117188,9678937824.78125,0.0006222999010884111,0.00018608124018768094,-6.692272830455724e-05,-2.924407160003787e-06,-4.365900653244615e-07,1.2839342094039964e-06,3.9766186708890857e-07,3.0923837729706927,6.681307964643661,9.868563446995442,9.970200659831645,9.999999999999519,9.999986776179965,9.99999999999992,0.3183098861837905,0.03211343063497084,0.02189179591572003,0.03644486863165566,0.07310566024393254,0.05054754094169251,0.02910803139004262,0.06878715378490434,0.053203079142911655,0.11108870555942855,0.09052229233414924,0.09083196596026356,0.023299414732692723,0.10229484331175365,0.08114159658189977,0.11022291519863071,0.08944728864966768,0.09103424418872126,0.053615480811349606,0.10145374104928233,0.0026948876365535577,0.11013543270815807,0.11133571472269466,0.1312974385581542,0.05054657978135096,56,57,756
C:\Users\damba\.cache\kagglehub\datasets\sunnykusawa\ecommerce-products-image-dataset\versions\1\ecommerce products\sofa\23.jpg,sofa,exito,2908020.0,343245300.0,323385390.0,47978021520.0,36997574640.0,37818013170.0,7355232460320.0,4342771470780.0,5262404018520.0,4298317242750.0,7463397833.749566,1035610669.5142074,-352465439.5580456,-69676187821.44774,-1860899186.002347,10230034299.765625,9736263488.09961,0.0008825550696592384,0.00012246211001106208,-4.167942906044247e-05,-4.831599287031341e-06,-1.2904149123896952e-07,7.09387639801944e-07,6.751477828838816e-07,2.997826471177874,6.233000057637487,9.817830797692292,9.929545075551852,9.999999999997694,9.999942340002866,9.999999999999773,0.3183098861837905,0.026832235609960203,0.03556440275923894,0.05040435494376326,0.05672181853743775,0.09881013707869767,0.10221536764330764,0.06416721426008211,0.06414342115935301,0.07580306563713086,0.17691050572701403,0.10333116478866924,0.23171056106734636,0.04133389152398948,0.030333808306335634,0.10787557875907207,0.046550674204455696,0.24184397816672953,0.14367653781049747,0.07467480424185655,0.3876919196366107,0.021371996922062715,0.03311751414658509,0.22734202353458074,0.1746721372001951,56,57,756
C:\Users\damba\.cache\kagglehub\datasets\sunnykusawa\ecommerce-products-image-dataset\versions\1\ecommerce products\sofa\24.jpg,sofa,exito,2853450.0,343880760.0,311408295.0,48162457920.0,35018460225.0,37711245180.0,7378914795330.0,4047685350675.0,5302817059080.0,4268165943810.0,6720001560.793569,1033240159.8833792,182176454.4557665,-45046066381.74345,458973755.06517315,2747718772.248047,8186888860.658203,0.0008253322964194303,0.00012689974342931922,2.237441615888135e-05,-3.2751500743661515e-06,3.3370459371410135e-08,1.9977751808563487e-07,5.952415341571132e-07,3.0212571642568036,6.309883262122576,9.89986125907009,9.969658309553202,9.999999999999574,9.999978623706129,9.999999999999936,0.3183098861837906,0.01730394802351279,0.01591197231187037,0.008001334434863608,0.045368266178747285,0.08447224834586277,0.046764375778387796,0.022780633422169648,0.059030056751463424,0.08369718895998972,0.11448806421491244,0.0807205438481155,0.09649957666931845,0.11084436945217355,0.07227218630600549,0.05597839343279149,0.10181185851681648,0.08346251271999144,0.0664025442101813,0.055853844368438973,0.1325134892375963,0.21136684503026765,0.05646355743211775,0.14727326782381592,0.061657575830891743,56,57,756
C:\Users\damba\.cache\kagglehub\datasets\sunnykusawa\ecommerce-products-image-dataset\versions\1\ecommerce products\sofa\25.jpg,sofa,exito,2573205.0,302164290.0,284717955.0,41701237830.0,32224580775.0,33440275680.0,6333866776710.0,3725227136595.0,4615361227470.0,3788840786820.0,6218927578.3083935,721333307.5879514,6639913.387176455,-23535992810.904823,40131513.79980627,-323821080.2832031,3328720914.845703,0.000939218689715479,0.0001089399603822323,1.0027984202743325e-06,-2.2158816252756245e-06,3.77832729377296e-09,-3.0487313088572744e-08,3.1339453449610795e-07,2.9795729357968006,6.161486647426946,9.958726491978172,9.984555697443923,9.999999999999906,9.99998695064664,-9.999999999999998,0.3183098861837905,0.01657104393267352,0.018326058738027187,0.036411856747246764,0.018581793825428888,0.044903487636527434,0.003840914801511062,0.06385248906009794,0.04564641512217406,0.0034707152240163056,0.05185337740085272,0.09221001555071175,0.06373965068818457,0.08881029421802608,0.11014814927223293,0.0887506031239537,0.02233070797593445,0.006249094889592441,0.04944344568892148,0.10245266051413399,0.16829131486138257,0.09422543118078956,0.19522321826072564,0.1071232313029656,0.1117033801672094,56,57,756
C:\Users\damba\.cache\kagglehub\datasets\sunnykusawa\ecommerce-products-image-dataset\versions\1\ecommerce products\sofa\26.jpg,sofa,exito,2410515.0,288118125.0,255156570.0,40757454015.0,27638789040.0,30303795060.0,6333449512815.0,3058764584670.0,4287437489250.0,3267790485750.0,6319977395.47445,630089565.3379859,-193933653.50365198,-48905006874.148,-233843038.95685986,19560887297.14453,5305421851.111328,0.0010876667398718436,0.00010843827761934354,-3.337593973180939e-05,-5.420991526857073e-06,-2.592088650681189e-08,2.1682729657621384e-06,5.880920735843968e-07,2.9222306515012058,6.016173435795146,9.711574957144524,9.892971285832635,9.999999999994575,9.999914193244106,9.999999999996938,0.3183098861837906,0.01497107866803749,0.01626678419794721,0.00827957264026718,0.04068473984810148,0.08462592526786841,0.049087460107418115,0.019127744476238207,0.057062531109906785,0.07663097451881022,0.11252252589763613,0.07900412663769976,0.10464400909452737,0.09888002574610971,0.06323368088254727,0.05334981390932351,0.09120310400403697,0.0743837273602431,0.05938491512569457,0.05370604940045888,0.15128439519253933,0.18819681999913626,0.03947330429472239,0.13864737112514955,0.06423391420195415,56,57,756
C:\Users\damba\.cache\kagglehub\datasets\sunnykusawa\ecommerce-products-image-dataset\versions\1\ecommerce products\sofa\27.jpg,sofa,exito,2991150.0,343705830.0,332479455.0,47032426950.0,38033928045.0,38258860740.0,7100276532990.0,4467428931975.0,5239939774650.0,4388425605900.0,7538019255.304353,1077376886.717395,54448711.60870057,-36457389135.2174,280501384.22150475,-434114621.7207031,5934268859.322266,0.0008425212382987031,0.00012041796100120093,6.0857095709924895e-06,-2.3560802697580344e-06,1.812756735137951e-08,-2.805491340194738e-08,3.8350562414198324e-07,3.0164010885867536,6.282594741777744,9.949594383166383,9.983421449368048,9.999999999999883,9.999987795862408,9.999999999999998,0.31830988618379047,0.04081202384722357,0.03304947134216323,0.03300237218137827,0.0885621856571657,0.04988539652691352,0.010306119099770167,0.04560079897582823,0.05744246760185144,0.13083628309525386,0.09023672066137581,0.11637970827712352,0.07739159827499313,0.04036453789179508,0.0907708884338696,0.11753091462736166,0.11708907185723724,0.11946763614686336,0.1558156456849962,0.1293430875477705,0.18316728044985667,0.044781987846165446,0.17706499215148927,0.1513146474155331,0.19502365201685912,56,57,756
C:\Users\damba\.cache\kagglehub\datasets\sunnykusawa\ecommerce-products-image-dataset\versions\1\ecommerce products\sofa\28.jpg,sofa,exito,2969985.0,345757305.0,329022930.0,47510026905.0,37556763120.0,38724210750.0,7181718443445.0,4406898878940.0,5361504392610.0,4471979083890.0,7257933389.085604,1106717592.569762,420286130.85086524,-39161742855.53705,1049296185.1913112,358711225.859375,6605437451.912109,0.0008228192930539379,0.00012546664984525765,4.764710814060696e-05,-2.576180992775892e-06,6.902595980096703e-08,2.3597137782227264e-08,4.345261771254392e-07,3.023060641443784,6.304972383947871,9.939103800040996,9.980487977962904,9.999999999999835,9.999986299319028,9.999999999999979,0.3183098861837906,0.017584753765079068,0.01586580528311977,0.009388294855639343,0.036454610667100464,0.08542108425372624,0.05007092469574021,0.010421229670853087,0.04871096342391778,0.05788282608634488,0.10685730371960026,0.07133215131384288,0.1174648632472189,0.05167596053689627,0.03131250642662991,0.04268091122265231,0.05228598344941894,0.05028857553939922,0.031951423975124404,0.0445026601613079,0.19383578078037858,0.09526974548223754,0.04807878046429236,0.10403721195657471,0.07606030586232519,56,57,756
C:\Users\damba\.cache\kagglehub\datasets\sunnykusawa\ecommerce-products-image-dataset\versions\1\ecommerce products\sofa\29.jpg,sofa,exito,2020110.0,244106655.0,224938560.0,34682491095.0,25431882870.0,26998147950.0,5402127866055.0,2917026647940.0,3836456458440.0,3033980853150.0,5185058274.366957,385050878.2403443,-183044887.08154175,-41952580524.302635,-555409978.9767176,18810560978.246094,1599373370.9140625,0.001270584651302285,9.435568704816104e-05,-4.485465962358192e-05,-7.233044439690168e-06,-9.575823489234e-08,3.243128832381102e-06,2.757479640799945e-07,2.864886299436492,5.856466125643242,9.582525455244614,9.800491881740847,9.999999999977277,9.999786330761728,9.99999999999064,0.3183098861837905,0.027786729483362388,0.020670485631238925,0.03509382524868335,0.06508128781924685,0.04652744080236401,0.023937594101444352,0.06042561968702479,0.0459514522249729,0.10561512201123027,0.06825378195698147,0.0995289354264803,0.014270916051466504,0.10169030282473845,0.0736346268343201,0.1256373149158262,0.12064737849505057,0.04434758386537222,0.10589876138590133,0.12990206756017383,0.002193995635271907,0.14728261418594302,0.10677215033256471,0.20551005980535497,0.05816640751766519,56,57,756
C:\Users\damba\.cache\kagglehub\datasets\sunnykusawa\ecommerce-products-image-dataset\versions\1\ecommerce products\sofa\3.jpg,sofa,exito,4124880.0,474779910.0,459843795.0,65063427480.0,54080246745.0,52803618570.0,9842847574260.0,6660978877215.0,7208101723920.0,6211932697410.0,10415543677.414686,2816618275.807676,-125095866.33716863,-43740647160.73418,4088307844.566498,-16405995041.191406,15106228145.851562,0.0006121520484335806,0.00016554091659467786,-7.35225094345522e-06,-1.265776147832942e-06,1.1830832167696075e-07,-4.7476017280438075e-07,4.371472420258679e-07,3.1091917737893633,6.699452935779093,9.962487319893926,9.996480515615792,9.999999999999993,9.999998952383768,-9.999999999999995,0.3183098861837906,0.024286235518171016,0.01454351991195349,0.0073669861878017375,0.05833847500968393,0.08413695829221458,0.03880017936712147,0.03112425246536269,0.06361660180249373,0.10198007056213648,0.11973810645392656,0.08469119088381442,0.07115437181850963,0.1382595959461711,0.09387386520487614,0.06226735465412764,0.12941689120829933,0.1084732970244221,0.08401493893356804,0.060959490993056045,0.07747273879563235,0.26710377196016255,0.10088134293716874,0.16829937119148897,0.05609336106654028,56,57,756
C:\Users\damba\.cache\kagglehub\datasets\sunnykusawa\ecommerce-products-image-dataset\versions\1\ecommerce products\sofa\30.jpg,sofa,exito,3442500.0,398812095.0,367510335.0,54673110015.0,40950738405.0,43157374530.0,8248557745125.0,4742279811915.0,5962146556440.0,4878808781790.0,8470906059.070001,1716505628.8744438,581465558.1766672,-47999155144.98743,4012068381.8175855,-9305577752.611328,10533116068.011719,0.0007147957599146472,0.0001448429408652634,4.906548515858718e-05,-2.1829747930170373e-06,1.8246663131701124e-07,-4.2321248378331187e-07,4.790402414154478e-07,3.065683990360318,6.47550534087022,9.938495884329207,9.987325765302096,9.999999999999913,9.999992607185309,-9.999999999999996,0.3183098861837905,0.04493403397011036,0.026546670102267956,0.033958996407347126,0.09834310952295898,0.05128037688060805,0.054594979592444096,0.05657196498726221,0.05404440105600891,0.14570677853578592,0.09690359876566615,0.09604305141482075,0.09664200884315371,0.07504097002158741,0.09563846883654982,0.12417148298645744,0.12538996353904924,0.11307791683341221,0.09298803636726699,0.11401415101852168,0.12955435194676165,0.07543576365732817,0.14475557085008503,0.16882934195084626,0.026457184439542713,56,57,756
C:\Users\damba\.cache\kagglehub\datasets\sunnykusawa\ecommerce-products-image-dataset\versions\1\ecommerce products\sofa\31.jpg,sofa,exito,2154495.0,252025425.0,240550425.0,35013211815.0,27286030455.0,28154298825.0,5371026300945.0,3141711584685.0,3926811146745.0,3196275186735.0,5532143236.7806835,428457349.6177059,15536333.299798124,-18961185269.37993,-462065104.4026864,13934075914.519531,979785659.2324219,0.0011917974040799523,9.230316988873043e-05,3.3470141504136873e-06,-2.7829266220780955e-06,-6.781713600215152e-08,2.0450995159672156e-06,1.438028032673409e-07,2.8914009260840587,5.917562067446641,9.827366150093548,9.95516785506003,9.99999999999927,9.999985714318926,9.999999999999192,0.31830988618379047,0.03362248028692457,0.042557532033894105,0.04158391740000724,0.0686661211426002,0.05581954178380876,0.057856382907922915,0.02345213390051122,0.044719277700612445,0.09399270734021112,0.09494815310965767,0.07396071072762492,0.04134609248897037,0.09511964111988509,0.09757179012688233,0.07428406349441442,0.099932253658955,0.11781569063063772,0.09126331825700794,0.09731683699586065,0.023588707500798212,0.2584477717259764,0.1540935268904733,0.19907888739658944,0.08982317677104715,56,57,756
C:\Users\damba\.cache\kagglehub\datasets\sunnykusawa\ecommerce-products-image-dataset\versions\1\ecommerce products\sofa\32.jpg,sofa,exito,3975195.0,477829455.0,431259315.0,66784738935.0,49660627035.0,51363138870.0,10194273762585.0,6013477811895.0,7124691307050.0,5891486163030.0,9348314290.272633,2874344406.2813516,-475425892.2628088,-80823497450.72102,2254816032.271948,-6328875752.671875,25296790727.19336,0.0005915840142184001,0.00018189548931655947,-3.008610419750817e-05,-2.5653199931762763e-06,7.156736383560236e-08,-2.0087712131681425e-07,8.029145615138983e-07,3.1115511340512443,6.76557033816508,9.902410055132712,9.986645329099785,9.999999999999881,9.99999462239932,-9.99999999999999,0.3183098861837906,0.0035928587135115792,0.017262156499833654,0.008663826560184799,0.01881103860232958,0.08524454273999695,0.056276744108018056,0.008438662293645061,0.04929657795422489,0.04857840481533299,0.10610007201663374,0.07326904780321392,0.13090282623093988,0.06255935394572723,0.028733146726267294,0.043630691803827525,0.06041762571401168,0.04735876533779967,0.03812646605518852,0.04673675835082804,0.20955704238375678,0.1197145904401334,0.024120723711693992,0.11027052691249223,0.07216921832190556,56,57,756
C:\Users\damba\.cache\kagglehub\datasets\sunnykusawa\ecommerce-products-image-dataset\versions\1\ecommerce products\sofa\33.jpg,sofa,exito,1970640.0,204375870.0,219663375.0,26068923360.0,24819318555.0,22893182940.0,3749815596510.0,2840596221885.0,2938872013950.0,2596802355240.0,4873019370.3027935,333873056.89246845,111805634.77872555,35431417599.4453,-396878827.74108285,9829451314.740234,-2144701880.6777344,0.001254826119400998,8.597393125627828e-05,2.8790493153290276e-05,6.499355522718673e-06,-7.28013942340682e-08,1.8030635807456778e-06,-3.934129921176562e-07,2.8726359499148577,5.863396420360432,9.723472919942516,9.853015569575245,9.999999999989752,9.999820694565628,-9.999999999997833,0.3183098861837906,0.017361080719788074,0.015902639394588115,0.008184055004070713,0.020615821037323605,0.08623874615804324,0.05374966002133806,0.007307532803228866,0.037150252045095984,0.017866302026857524,0.1001142414841711,0.06569678066022418,0.1374220031188593,0.024380716750337865,0.025144393893462163,0.029862194890132265,0.028684220024364993,0.03055915042333771,0.01892788359492544,0.03818539805609236,0.23972381977486465,0.046953182519319736,0.10775446734856627,0.07431453539877979,0.0833303148017398,56,57,756
C:\Users\damba\.cache\kagglehub\datasets\sunnykusawa\ecommerce-products-image-dataset\versions\1\ecommerce products\sofa\34.jpg,sofa,exito,2949840.0,341086215.0,322512015.0,46565638485.0,36362423955.0,37047059430.0,6990800621745.0,4218160810755.0,5018308631970.0,4157768281260.0,7126277006.741441,1101528510.0401955,-244591130.15689898,-41528956282.59438,1718231253.2839022,-16243944421.708984,6711139665.8046875,0.0008189658247072036,0.00012658983138182366,-2.8108895631690617e-05,-2.778784485611037e-06,1.1497024670755917e-07,-1.086914403459046e-06,4.4905560971015775e-07,3.02431285724955,6.316372227982597,9.891371001704053,9.97317140095187,9.999999999999673,9.99998762582641,-9.99999999999982,0.31830988618379064,0.007413719015149975,0.0493023091000525,0.05685826969539176,0.026317125145503696,0.0734083547588147,0.0573207389875999,0.10640232578532233,0.024215565079803828,0.05943933044754365,0.1096998617969278,0.022331132465020307,0.019256888888269534,0.1602519941425806,0.09686686608720849,0.02693555996732226,0.08091725857418774,0.1007486246787749,0.058745641614355325,0.008850100872309878,0.050438532669620055,0.1905029312371094,0.17946234433378974,0.006820538781101468,0.14512916379114651,56,57,756
C:\Users\damba\.cache\kagglehub\datasets\sunnykusawa\ecommerce-products-image-dataset\versions\1\ecommerce products\sofa\35.jpg,sofa,exito,2034645.0,241063485.0,223301715.0,33666316095.0,24881242755.0,26649576720.0,5168017738905.0,2812739742915.0,3751171992510.0,2992787790030.0,5105263036.434387,373942502.6507046,192927218.79621246,-30483465866.054813,-49801614.59348673,10587498814.861328,2526074936.6777344,0.0012332207740591583,9.032907007561344e-05,4.6603250881097575e-05,-5.162293939450734e-06,-8.433771091531415e-09,1.7929647897013898e-06,4.2778407788371186e-07,2.8782596659584887,5.881077913426051,9.768098218575668,9.90100989523436,9.999999999995621,9.999911395564116,9.999999999998225,0.3183098861837906,0.008802806287716396,0.016957826815427388,0.008570557739707394,0.008527637347295655,0.08579357362368348,0.05698268817217959,0.0033542615882153396,0.04259793914439463,0.027402130080728983,0.10222932990174884,0.0688825296243615,0.13971918375467973,0.03720829017746325,0.005732614263286772,0.035832048710852105,0.04110341807374789,0.0344362110088622,0.025412036530685682,0.041685257875384595,0.23506847246035723,0.07373733297494298,0.07129267511366226,0.08942059051433261,0.07851821764094545,56,57,756
C:\Users\damba\.cache\kagglehub\datasets\sunnykusawa\ecommerce-products-image-dataset\versions\1\ecommerce products\sofa\36.jpg,sofa,exito,3396345.0,382183545.0,373356720.0,52044948435.0,42544053630.0,42192919905.0,7865211894825.0,5007339718740.0,5761905417855.0,4831919396835.0,9038639573.925222,1501332596.3127909,179875058.50401893,-25494591386.078175,435665595.29697156,175730413.63867188,4979742974.966797,0.0007835730129600226,0.00013015273994790218,1.5593634461866916e-05,-1.1992743837259608e-06,2.049386006616648e-08,8.266419348596033e-09,2.3424882936849733e-07,3.0391840870107294,6.36852508169685,9.984566043864563,9.995970684349425,9.999999999999993,9.999997367132977,10.0,0.3183098861837906,0.03097143029279232,0.012802724504217112,0.006620979754939315,0.07083665644274303,0.08384635611950346,0.029138306618687545,0.0398092033179959,0.06793988724665823,0.12054436899843449,0.12552003451273122,0.08868491938929575,0.041451598410306434,0.16672743531080428,0.11493590080269026,0.0684907645759184,0.1614972217314264,0.1371776452616909,0.10320596780674318,0.06625934040538509,0.012683431679796579,0.328133942900453,0.1478936177019874,0.1905684807346707,0.05058833540968794,56,57,756
C:\Users\damba\.cache\kagglehub\datasets\sunnykusawa\ecommerce-products-image-dataset\versions\1\ecommerce products\sofa\37.jpg,sofa,exito,4076685.0,462923175.0,440317680.0,62400795765.0,50554702170.0,49603191855.0,9298331145795.0,6119391842340.0,6620123139825.0,5667630034935.0,9834098570.56859,2996536817.3709917,-396564916.55188286,-20916911183.033974,11736860043.324913,-29646327492.445312,12615200169.804688,0.0005917254468228117,0.00018030397747755513,-2.3861622980188047e-05,-6.233466988060652e-07,3.4977119223461746e-07,-8.834927974035018e-07,3.759466831318663e-07,3.112366090861736,6.765368504861955,9.950517787198757,9.998499651144947,-9.999999999999998,-9.99999954564898,-9.999999999999998,0.3183098861837905,0.01157219926766399,0.08506775219016659,0.07579589972706353,0.02221069163576123,0.00549663015772405,0.14146852621091555,0.0644534928982091,0.01818415157765845,0.024584215162236522,0.013268671818614072,0.0020004600430188874,0.17741152961800927,0.047122743297715985,0.012963435322248593,0.011476774852241129,0.004223411542285411,0.012060481269176746,0.0008781660222598008,0.001680675481387217,0.14861813884673938,0.21528456463802806,0.04293984498800823,0.11293184327553847,0.09772939673026301,56,57,756
C:\Users\damba\.cache\kagglehub\datasets\sunnykusawa\ecommerce-products-image-dataset\versions\1\ecommerce products\sofa\38.jpg,sofa,exito,2725185.0,341096925.0,259537470.0,49024934475.0,25809441990.0,32050828620.0,7647327547725.0,2668789955310.0,4580319313620.0,3157499661060.0,6331644938.893046,1091964705.3382614,-434097335.2212979,-73859687433.51318,2795246656.4808326,20016461458.43164,9752902391.97461,0.0008525592548567287,0.00014703361045949535,-5.845142995593565e-05,-6.024451200897874e-06,2.2799754049325688e-07,1.6326659299705981e-06,7.955068125689253e-07,3.000176808903227,6.291126587048025,9.715448929709337,9.883379214202987,9.999999999993797,9.999916959663663,9.999999999996458,0.3183098861837905,0.04438233071994137,0.026314461816420043,0.03461042330203019,0.09766629498819261,0.05170591354771382,0.05325688285018483,0.06022835735006464,0.05490571306180248,0.14565304190349515,0.09929481874291046,0.09433946488545633,0.09260965764919395,0.08219963068473421,0.09517761971226131,0.12085903469257743,0.1269293242581502,0.11877636616899133,0.0824093750948457,0.10892332723023578,0.12215569705781333,0.08134668094808839,0.14317325328459438,0.1553247227486779,0.03037859871885296,56,57,756
C:\Users\damba\.cache\kagglehub\datasets\sunnykusawa\ecommerce-products-image-dataset\versions\1\ecommerce products\sofa\39.jpg,sofa,exito,2718300.0,342780945.0,296138640.0,48928477665.0,33637588560.0,36675842670.0,7540290382785.0,3969487613460.0,5165201375850.0,4105288191900.0,5703382474.9573145,1375478380.457784,-667600978.682929,-68057290519.89945,5225271954.537082,3176932531.8398438,9007611265.660156,0.0007718585629698871,0.00018614826741814096,-9.034875958364557e-05,-5.586389236563213e-06,4.2890927308377813e-07,2.6077414433606283e-07,7.393774015572399e-07,3.0186313491486048,6.425033812988217,9.793078493173484,9.906686247117673,9.9999999999963,9.999936207231285,9.999999999998527,0.31830988618379047,0.011587253952050432,0.03211522434315421,0.002524479292465739,0.02665555271448757,0.06648313630698754,0.0043047672666665536,0.005178066343266509,0.08384382137284921,0.03917441695895928,0.1172774099325042,0.11744041650056036,0.09496745871844155,0.020453871904865462,0.012346881726058622,0.029458557196630267,0.03202610006402714,0.14995955774134967,0.15279702596505698,0.1296182714858195,0.2040292504692268,0.050852152601606526,0.13432915419616487,0.053744830003337005,0.38229926004966364,56,57,756
C:\Users\damba\.cache\kagglehub\datasets\sunnykusawa\ecommerce-products-image-dataset\versions\1\ecommerce products\sofa\4.jpg,sofa,exito,4114680.0,473734920.0,458768205.0,64877096940.0,53961536085.0,52697901435.0,9806472001740.0,6647357697255.0,7189395766185.0,6200520421035.0,10334635696.985617,2810956715.7848864,-121398946.61378834,-42726953946.56652,4072634400.820825,-16153017256.355469,14844736254.941406,0.000610411969098695,0.00016602826400875708,-7.170390154211647e-06,-1.244118558432927e-06,1.1858650270529564e-07,-4.703417090872229e-07,4.322473325131296e-07,3.1098919127594087,6.703812060286742,9.963388332645595,9.996613292970041,9.999999999999993,9.99999900228096,-9.999999999999995,0.3183098861837906,0.017303476667396483,0.01591204918234467,0.007960751535526223,0.04545900507791061,0.0844625698546632,0.04672215429285194,0.023135087501755764,0.05915207187469865,0.0840451124570742,0.11461492661147443,0.08085874592464505,0.09621327194616432,0.1119563911076807,0.07284505744107471,0.05615191022763216,0.10266791561640826,0.08407923631960243,0.06694726118398192,0.05602566133907599,0.13152367585616764,0.21344173360882446,0.05749579136955651,0.14793728991360489,0.06139535415668417,56,57,756
C:\Users\damba\.cache\kagglehub\datasets\sunnykusawa\ecommerce-products-image-dataset\versions\1\ecommerce products\sofa\40.jpg,sofa,exito,3721980.0,446206140.0,412125135.0,61623176070.0,48196557285.0,48568578315.0,9287100126990.0,5899098166755.0,6631197471075.0,5602925390415.0,8130164454.220337,2563016293.708211,-838663444.8506417,-49892045482.92964,-5173094702.409335,8908743030.871094,10651596205.611328,0.0005868826358481072,0.00018501344796196614,-6.0539613420476474e-05,-1.8667932495159403e-06,-1.9355987865577802e-07,3.3333532812144355e-07,3.9854705696538684e-07,3.11244110618014,6.753848640643015,9.955448073070263,9.990654146229604,9.999999999999954,9.999996055869328,-9.999999999999996,0.3183098861837905,0.04527204727446422,0.026690354874173018,0.03256737349159457,0.09831869969813782,0.049747041156550514,0.05576270513296229,0.050336458391333515,0.05092062561531921,0.14669892779440077,0.08856493985456654,0.10049223353882562,0.10205589633968878,0.08032032961100553,0.09340798671213117,0.13292675984030117,0.14400195862141982,0.09391294744809627,0.12058636191945842,0.12929103849958049,0.14747635111976762,0.1292361835285057,0.14174884368043947,0.2109556247173162,0.023581301038546935,56,57,756
C:\Users\damba\.cache\kagglehub\datasets\sunnykusawa\ecommerce-products-image-dataset\versions\1\ecommerce products\sofa\41.jpg,sofa,exito,2668830.0,299098425.0,297226980.0,39807333195.0,33944627940.0,33407819280.0,5851848870975.0,3969567548820.0,4441395977640.0,3829241252820.0,6287076064.541849,842527903.684312,97296846.75902905,-18596140357.325386,1497908346.2875075,-13745824067.035156,3361279229.919922,0.0008826873304625435,0.00011828848553902492,1.366019641666431e-05,-1.5981610367453938e-06,1.2873094683378303e-07,-1.1813225766087018e-06,2.888699157813948e-07,2.9995763717449084,6.232731307743749,9.922400252123781,9.987913140327601,9.999999999999956,9.999997660228942,-9.99999999999992,0.3183098861837906,0.0410899708541224,0.009366656813295649,0.00918041606902756,0.08886454539030007,0.08352671418931254,0.012156208039969625,0.03141369806620318,0.07034415187495979,0.1374799077413224,0.1272144890984519,0.0881395928083962,0.0010155842672998723,0.14405237670595014,0.12440970766899168,0.07091823642894576,0.16480855572796851,0.14454301448966178,0.10619194320552558,0.06593056062047847,0.048140475974816285,0.2969536091320829,0.1710686866999182,0.1902924161460535,0.060238437674008924,56,57,756
C:\Users\damba\.cache\kagglehub\datasets\sunnykusawa\ecommerce-products-image-dataset\versions\1\ecommerce products\sofa\42.jpg,sofa,exito,3280830.0,398282715.0,345960795.0,55839226545.0,38245235325.0,41364082440.0,8533941685155.0,4399593741705.0,5761599865380.0,4515694087830.0,7488924619.03272,1763957210.3058436,-634498625.2055824,-63034449310.99112,-5350158358.662987,27452244969.308594,6654343786.619141,0.0006957480601849518,0.0001638779757777914,-5.8947206726434e-05,-3.2330963278524636e-06,-2.744146658199859e-07,1.4080515237578481e-06,3.4130756587786747e-07,3.065690388746155,6.527411920813284,9.858991530358775,9.960000969785332,9.999999999999233,9.999980295719045,9.999999999999757,0.31830988618379064,0.01864867513449663,0.0506821430323892,0.0562977118417186,0.029487707696401345,0.06579344848937227,0.06011456056068818,0.09402660547630015,0.03594624946332146,0.042846070608351446,0.08465578380817788,0.02839386883710861,0.013910790709341387,0.12639798329473495,0.14194942689587461,0.021170472104104894,0.07341579849136527,0.07061898903469127,0.031124199111129302,0.01529323239314147,0.07876159072290134,0.1392626794224875,0.24744565576230745,0.016016618808172983,0.1487202437802125,56,57,756
C:\Users\damba\.cache\kagglehub\datasets\sunnykusawa\ecommerce-products-image-dataset\versions\1\ecommerce products\sofa\43.jpg,sofa,exito,2082585.0,212965290.0,232391955.0,27340735350.0,26313684855.0,23788850550.0,3971622474990.0,3020924556075.0,3072902782740.0,2693813491380.0,5562889670.3355,381480047.6466292,24432727.802133944,38033950925.91228,-510081569.8152568,17001782277.664062,-2478599878.470703,0.001282611042329681,8.795617934851297e-05,5.633346755079974e-06,6.076655302440513e-06,-8.14953429879758e-08,2.71636177450393e-06,-3.9600401029796887e-07,2.8630996272421223,5.845446037981605,9.656556251290107,9.856322328198475,9.999999999989486,9.999867149531287,-9.999999999994852,0.3183098861837905,0.003378109456633693,0.017085815103091935,0.03689376451531806,0.02007260099876181,0.0443808778420814,0.0020141304595160552,0.06493396848229857,0.044003066954975516,0.051817512291824054,0.05160608724690721,0.09605364942928485,0.05504714022808834,0.0956866431867653,0.08588340249218616,0.1073267204672058,0.0758317391463969,0.03406852541275599,0.07722982499296775,0.11741480005976253,0.13352839311288173,0.1142961342205271,0.15437421062066822,0.1600564038347418,0.09367346446805945,56,57,756
C:\Users\damba\.cache\kagglehub\datasets\sunnykusawa\ecommerce-products-image-dataset\versions\1\ecommerce products\sofa\44.jpg,sofa,exito,3933885.0,452837925.0,436456470.0,61711487925.0,50981520150.0,49681248375.0,9273931093395.0,6221886573450.0,6720246600435.0,5755707162435.0,9584344828.975174,2557570236.6545696,-560190362.4376096,-36359316796.134476,-1922834917.937443,2453046345.1796875,11419166767.457031,0.0006193257120135603,0.00016526627913596788,-3.619864490173026e-05,-1.1845722762676242e-06,-6.264520723530712e-08,7.991928751555663e-08,3.7203197317074674e-07,3.1053560739625747,6.67466635122953,9.97722317096643,9.997140829825206,9.999999999999995,9.99999868983653,-10.0,0.31830988618379047,0.012534723555992269,0.0320075234447474,0.002658611896292442,0.027699548574973882,0.06647487796378158,0.0038858686739371914,0.006939972313337619,0.0843430910342071,0.0408296876940034,0.11826193063680655,0.11810965969571333,0.0960495930175969,0.02621593780598829,0.01590886549178732,0.03138637076510189,0.042025515964772,0.15235924393990158,0.15422372047843586,0.12964889310005245,0.2076882865677922,0.0614589105403293,0.1263408623056255,0.0650419105035509,0.38083943572000456,56,57,756
C:\Users\damba\.cache\kagglehub\datasets\sunnykusawa\ecommerce-products-image-dataset\versions\1\ecommerce products\sofa\45.jpg,sofa,exito,1474155.0,163728870.0,157492080.0,22388680740.0,16957917180.0,17464533840.0,3424229695230.0,1840042706760.0,2393834955300.0,1877328337560.0,4203928884.545927,132172761.85781041,-27521128.67669895,3773603431.5840745,93735644.61730681,8042490057.323242,-243490257.6328125,0.001934501456716923,6.082129535829446e-05,-1.2664263591918135e-05,1.4302053018040112e-06,3.552604780291206e-08,3.0481241943489784e-06,-9.22834271586109e-08,2.6999868235207947,5.454517359936128,9.730755364598929,9.953508996177277,-9.999999999999229,-9.999936286389934,-9.99999999999868,0.3183098861837906,0.019387137219772362,0.0028538903443840235,0.032143182202999804,0.04404088427111855,0.07178761533798012,0.05008799491970237,0.04914338313295451,0.09252663270266111,0.06338681954045229,0.1342950169130218,0.17118754162194705,0.16306978542492048,0.06762767773540855,0.08479208472604563,0.05577656818656588,0.04090930272574323,0.18146960795326558,0.22854918819431078,0.03949534316576941,0.2958775469034907,0.11585539083813828,0.11105515257678272,0.11890720017936793,0.27947718303578917,56,57,756
C:\Users\damba\.cache\kagglehub\datasets\sunnykusawa\ecommerce-products-image-dataset\versions\1\ecommerce products\sofa\46.jpg,sofa,exito,3281085.0,391463250.0,365691165.0,54295507290.0,42420347265.0,43060326120.0,8218028746050.0,5097987749355.0,5910160351590.0,4948174282650.0,7590385020.823033,1662479620.8953123,-569952262.6649592,-71122349440.51634,-525221125.9065283,-5308642651.457031,14088761357.853516,0.000705064491353717,0.0001544263360918911,-5.294238712125254e-05,-3.6472236145036707e-06,-2.693385283685854e-08,-2.7223238534251235e-07,7.224854567894473e-07,3.0657587032481386,6.502360068459861,9.871490137922708,9.963995877167292,9.999999999999362,9.999980563007563,-9.99999999999989,0.3183098861837905,0.011123910250120458,0.017615156606265694,0.0366991001449121,0.016285310490897414,0.042991269883226775,0.00219510186492938,0.06232489370662389,0.042524542872997007,0.039537105127060164,0.04177080561322302,0.09627898518283107,0.06155645819631032,0.08673623768543631,0.10311822258385399,0.09973942746336444,0.0745482833509422,0.04373692415351419,0.07781232169281777,0.11508863288313664,0.15110359604384568,0.10241810190804355,0.19246523251841394,0.14756826439931234,0.11389358361952523,56,57,756
C:\Users\damba\.cache\kagglehub\datasets\sunnykusawa\ecommerce-products-image-dataset\versions\1\ecommerce products\sofa\47.jpg,sofa,exito,3431535.0,389761125.0,383081145.0,53436872565.0,44317084185.0,43838119470.0,8128017635055.0,5295393044925.0,6032019188040.0,5111562901050.0,9166965785.303558,1551626844.6228747,326939184.358697,-23864645629.557507,1599646590.7480428,-7702014285.998047,4937130703.986328,0.0007784823036760323,0.00013176814103354803,2.7764516129160322e-05,-1.0940417807104014e-06,7.333359278889747e-08,-3.5308822746874763e-07,2.2633595113179783e-07,3.040839052504654,6.375282093733815,9.981189344870568,9.996405167310584,9.999999999999993,9.999997988070524,-9.999999999999998,0.31830988618379064,0.010871101634419043,0.04960021512113888,0.0568484810037548,0.021448112962831282,0.06919661166174476,0.05665495390897697,0.10095851881976599,0.030960947709238486,0.04828011541239727,0.09551887417177667,0.02537556209381323,0.010950383682582707,0.14510018967232927,0.12294480976543419,0.0239502093226416,0.08349563691185037,0.08343961580530677,0.0451103981867726,0.012685101108228385,0.07372614885229369,0.16868282656202493,0.21979236062428037,0.013190194563923788,0.14684109101041484,56,57,756
C:\Users\damba\.cache\kagglehub\datasets\sunnykusawa\ecommerce-products-image-dataset\versions\1\ecommerce products\sofa\48.jpg,sofa,exito,2873085.0,327798420.0,320053560.0,44848968030.0,36606740730.0,36752269995.0,6793298999160.0,4290681915960.0,5049947746005.0,4233620980335.0,7449516167.4562845,953677465.7131436,236451185.81920284,-23519896827.33241,320361526.3381078,-55484169.189453125,4374069707.933594,0.0009024665579183957,0.00011553260648071883,2.8644717721962204e-05,-1.680986499280097e-06,2.2896503527060878e-08,-3.965499509456043e-09,3.1261838348720114e-07,2.992252535818043,6.205758014023635,9.971186690968684,9.99194180096401,9.999999999999972,9.999993614920825,9.999999999999998,0.3183098861837906,0.033768275147344415,0.011949466783181796,0.008634946530720817,0.07484231646074067,0.08388409110289334,0.025694618629827328,0.028146692406681603,0.06643412425871835,0.11840169070352118,0.12267166313032433,0.08538643168393435,0.03698154937381134,0.13191414248686315,0.10616954729406987,0.06560714251925402,0.1386059550320902,0.12172247942167522,0.09046502340709504,0.062099886746367454,0.023308100061863703,0.2638799691837035,0.12906493109082198,0.1741999295163753,0.06004794698389275,56,57,756
C:\Users\damba\.cache\kagglehub\datasets\sunnykusawa\ecommerce-products-image-dataset\versions\1\ecommerce products\sofa\49.jpg,sofa,exito,2719830.0,309514155.0,303039195.0,42601609935.0,34531953885.0,34642434675.0,6496327517685.0,4018693363845.0,4781485798755.0,3968271501885.0,7379183479.903901,767801821.7283918,156852718.66257343,-31185150171.43213,102643454.48532116,-818188537.9550781,3614309924.8847656,0.0009975272983781497,0.00010379241538096553,2.120354767120962e-05,-2.5561918172752303e-06,8.413503126003747e-09,-6.706547296427876e-08,2.962586168191862e-07,2.958086547347818,6.096551649276533,9.95112435743406,9.978352914135243,9.999999999999828,9.999980141305107,-9.999999999999996,0.3183098861837906,0.017540061836666638,0.01587320277128688,0.009351332488597446,0.03865393371458652,0.08521621008143936,0.04937019704995641,0.010088907791491254,0.05092669593796153,0.06319259224809971,0.1081871556447083,0.07296781057178274,0.113328854056073,0.058971417008552234,0.03859713815402498,0.04533542039572821,0.05953923777221043,0.05520016115656705,0.03740228097419225,0.04642984621495605,0.18333077223740632,0.11115614797414378,0.0369051586545506,0.11150114199794937,0.07390589438283016,56,57,756
C:\Users\damba\.cache\kagglehub\datasets\sunnykusawa\ecommerce-products-image-dataset\versions\1\ecommerce products\sofa\5.jpg,sofa,exito,3422355.0,409857930.0,372986205.0,56432569980.0,42663989055.0,44149958460.0,8460825695550.0,5086178358675.0,6029646874080.0,5010086922480.0,7348380062.856713,2013995375.1210752,-518509276.35571456,-57554191812.47047,-2558593363.5553255,3521636385.1308594,13708514882.152344,0.0006273956404406023,0.00017195244494842845,-4.426968348546755e-05,-2.656221684775969e-06,-1.1808333955837054e-07,1.625293768794409e-07,6.326707638375255e-07,3.0972640065999792,6.666819381890196,9.916827580076289,9.982562897037354,9.999999999999835,9.999991835529986,-9.99999999999999,0.3183098861837906,0.047406925406430156,0.0013878642639395895,0.06184862684702077,0.0959290680702453,0.0620136168595944,0.042275104339077905,0.08250985023053416,0.013532019731089098,0.13347882913439846,0.12085259604209342,0.04018222814317865,0.14418787762798232,0.09458799189945775,0.03341456475000118,0.09681884191276888,0.14619881054384348,0.16328354728212874,0.06552072679971933,0.1617781176476143,0.2827896976871352,0.1595609568036798,0.09701335943599967,0.22956110859261214,0.13472847342719704,56,57,756
C:\Users\damba\.cache\kagglehub\datasets\sunnykusawa\ecommerce-products-image-dataset\versions\1\ecommerce products\sofa\50.jpg,sofa,exito,3222690.0,376725780.0,358080180.0,52227771450.0,41172878340.0,42159574320.0,7976530750230.0,4883621027550.0,5876779817820.0,4890845143380.0,8189308763.049531,1385801299.1327705,300743618.616868,-43413892290.478485,853015615.6546991,3324552056.9921875,10988450475.015625,0.0007885154056355981,0.00013343319993580345,2.8957386183310893e-05,-2.3285329927162973e-06,4.5752059987254355e-08,1.7831456112970927e-07,5.893728509460247e-07,3.0352932411014577,6.363926719652911,9.931732994643948,9.986847145913787,9.999999999999908,9.999991733776467,9.999999999999975,0.31830988618379047,0.0019318251158734223,0.03273034428540253,0.002621939259056082,0.00939349026750482,0.06634383927528326,0.00806403295578657,0.0030411577936218805,0.08812972540111305,0.013596035856627492,0.12356776793752508,0.12419630217545223,0.08411041942928216,0.023964100130669266,0.03925719341278424,0.03953056302190303,0.03126423431385114,0.161835234714089,0.1678945005727112,0.12571279745059635,0.18989514377169683,0.07361585752412915,0.06181760801621181,0.058002054089830855,0.3671632094836995,56,57,756
C:\Users\damba\.cache\kagglehub\datasets\sunnykusawa\ecommerce-products-image-dataset\versions\1\ecommerce products\sofa\51.jpg,sofa,exito,3079380.0,361241670.0,341882580.0,49378943070.0,39302275860.0,39993812400.0,7415015035170.0,4662152842620.0,5454182136270.0,4590916840260.0,7001729428.166611,1345382424.4849296,-112388894.77641685,-20366346952.32019,-48347108.9854904,-1656815196.7695312,5327482711.378906,0.000738378010376047,0.0001418793468067795,-1.1852141583697722e-05,-1.2239253386710683e-06,-2.9054425851314585e-09,-9.956709986178971e-08,3.2015761574983195e-07,3.0553902870761434,6.447973908773279,9.979393912966316,9.996421876525838,9.999999999999993,9.99999793031551,-9.999999999999998,0.31830988618379047,0.04091844913799253,0.039994707301677805,0.04267864561553382,0.08246967593490843,0.05741217035902201,0.045234812094139466,0.02948109619939319,0.04483443850412072,0.10911359597900933,0.10016570935691249,0.07384993809345153,0.010078795897647416,0.07159222422473628,0.10070051987313039,0.07344932506604138,0.09752697381366357,0.12495837113382678,0.08788428448634104,0.09688198350109896,0.06688969168207173,0.21692170107585976,0.16231196972471545,0.19848846524260025,0.07964752888555532,56,57,756
C:\Users\damba\.cache\kagglehub\datasets\sunnykusawa\ecommerce-products-image-dataset\versions\1\ecommerce products\sofa\52.jpg,sofa,exito,2442645.0,282955650.0,261337515.0,39200703240.0,28557123345.0,30323950515.0,5989648350300.0,3184388421405.0,4186469577015.0,3322905467415.0,6423160917.262761,596737473.7926712,50649881.37957894,-39471644839.96824,1384985560.8653107,-19330983938.560547,4014336495.7617188,0.0010765348536215746,0.0001000144161534824,8.489023292312535e-06,-4.232864245607439e-06,1.485232217972616e-07,-2.0730180127454364e-06,4.3048982355913675e-07,2.929389844458189,6.020460539414237,9.76684060736782,9.927523153851642,9.999999999997584,9.999953314367666,-9.99999999999852,0.31830988618379047,0.02376221000932482,0.030087114995666988,0.0037579031129505807,0.045806757053820576,0.0665085513409178,0.005028143596067019,0.01750249248366127,0.08554794372211914,0.06894798543276862,0.12281895835723844,0.11897428638811272,0.12039041616191265,0.060658399844160556,0.02719505004264297,0.04085081474825697,0.10823030775405057,0.1682576960379144,0.1570906156637754,0.13298642435385014,0.26679014420197616,0.12872399222381958,0.1087055244633818,0.1338621388060629,0.3798388269499614,56,57,756
C:\Users\damba\.cache\kagglehub\datasets\sunnykusawa\ecommerce-products-image-dataset\versions\1\ecommerce products\sofa\53.jpg,sofa,exito,2827950.0,336675480.0,309788535.0,46866979380.0,34929463695.0,37032918150.0,7144339165170.0,4044328881555.0,5176552091400.0,4200825729960.0,6784807194.059511,993596222.9986461,151713135.90081018,-50808986829.321976,283964559.18861157,6372608838.839844,9134951877.419922,0.0008483871023813063,0.00012424144068602075,1.897054169391342e-05,-3.7779936042355787e-06,2.1114695556673163e-08,4.7384679242487716e-07,6.792457775988446e-07,3.0120529449848714,6.279074974491577,9.867151662707704,9.959210910035694,9.99999999999922,9.999971078567055,9.99999999999981,0.3183098861837906,0.035580915051008875,0.01135709541067701,0.006306994209536833,0.07945216564909482,0.08366551545499068,0.021389822701834968,0.04492306755864421,0.0706580788028658,0.13324483491284528,0.12944652053858027,0.09116293775284198,0.01850683892089662,0.18377168842678077,0.1283991354933807,0.07249314992786053,0.18412778740887484,0.15719099600130282,0.1161170257556168,0.06965090560831395,0.035991376528464056,0.3674613985484776,0.17997280540107516,0.20513605108892552,0.04789335389085716,56,57,756
C:\Users\damba\.cache\kagglehub\datasets\sunnykusawa\ecommerce-products-image-dataset\versions\1\ecommerce products\sofa\54.jpg,sofa,exito,3689340.0,411436890.0,434106645.0,56940115350.0,52813427655.0,48260630115.0,8767839254760.0,6619515995535.0,6688033430145.0,5861925407625.0,11056484550.758913,1734215862.8756547,-151142165.98631886,-48197004202.26735,-2895912865.8876004,21878639570.277344,7716040251.841797,0.00081230607717034,0.00012741066819854652,-1.110422570426763e-05,-1.8435220784184045e-06,-1.1076786604899725e-07,8.368519114652233e-07,2.9513640521180526e-07,3.0270029879098095,6.328202614632161,9.941883849543864,9.987480406080222,9.99999999999993,9.99999422003035,9.999999999999957,0.3183098861837905,0.01874824730516036,0.01868842863290594,0.036259302826944666,0.02851161109236399,0.04222783728843175,0.0061342774055197094,0.05943649669913911,0.041651134071432463,0.044558957470282295,0.03663632205476992,0.09695349142981312,0.05525091928592438,0.07921541301575197,0.11383483742701125,0.09630959374700528,0.07921867383679616,0.049286094221482876,0.08283817471525154,0.11459200368309456,0.1443690210804086,0.09393690145780452,0.21418732031319365,0.14334818396070118,0.12506478779462066,56,57,756
C:\Users\damba\.cache\kagglehub\datasets\sunnykusawa\ecommerce-products-image-dataset\versions\1\ecommerce products\sofa\55.jpg,sofa,exito,3527415.0,422531430.0,363863580.0,59469983610.0,39448110870.0,43204843290.0,9176867302560.0,4461620137800.0,6068903391210.0,4661195569560.0,8857053365.65821,1914476508.7421377,-380558139.18238825,-68629489046.77561,-2540557210.013295,25564121693.320312,14414795860.970703,0.0007118297694007713,0.0001538639675611613,-3.0584958820292115e-05,-2.9367661931568943e-06,-1.0871452825567238e-07,1.0939298745984052e-06,6.168322940143701e-07,3.062635674296216,6.501458442523705,9.871557413355681,9.973251306232742,9.99999999999966,9.999988095894972,9.999999999999773,0.3183098861837906,0.04227295380849469,0.005112532124430173,0.003470735633081106,0.09345167705846452,0.008935007635482838,0.007740120004369969,0.014319498994379462,0.011750109722705415,0.13937330852124022,0.038288932659058306,0.15919973506429166,0.04309851859917505,0.03499437184893236,0.0487806820421718,0.16225946472008362,0.12025304500980062,0.040101941109823465,0.16923224798719805,0.07664522139048484,0.07170573343916231,0.06176293765257721,0.09422648112137345,0.18086098557405358,0.08167984940850447,56,57,756
C:\Users\damba\.cache\kagglehub\datasets\sunnykusawa\ecommerce-products-image-dataset\versions\1\ecommerce products\sofa\56.jpg,sofa,exito,2012460.0,209693385.0,226116405.0,26668574475.0,25779158955.0,23574429975.0,3813275736225.0,2979792428265.0,3012860770635.0,2686997212095.0,4819039223.239356,373124246.17397445,13656410.069056943,30211750294.839478,-554894491.4995297,13581528080.902344,-2196600665.0322266,0.001189887623037468,9.212955151652762e-05,3.371957056903168e-06,5.258449941941208e-06,-9.658112747964845e-08,2.3639075807101722e-06,-3.823252385837351e-07,2.892106122872636,5.918934295618028,9.71511560255766,9.889688592043916,9.999999999994182,9.999910515270738,-9.999999999997097,0.3183098861837905,0.020380064619475467,0.01898931587981512,0.03595646078664116,0.050577344787374696,0.04635917823941954,0.014227036897382457,0.06310640432213185,0.046176253501922754,0.08462352846049677,0.06564137704795926,0.09716683897772418,0.01562651071740131,0.09794097183222594,0.07380848195285708,0.11802744282621683,0.08964407271461597,0.036522205662904726,0.08811900704979089,0.12202335883631343,0.06159081046458423,0.12453614885810434,0.11228486397250947,0.18037996210799537,0.06665749065963397,56,57,756
C:\Users\damba\.cache\kagglehub\datasets\sunnykusawa\ecommerce-products-image-dataset\versions\1\ecommerce products\sofa\57.jpg,sofa,exito,3217590.0,376629900.0,350576805.0,51730995750.0,39720803535.0,40719506445.0,7778119542900.0,4662002713665.0,5542727727585.0,4598558214885.0,7645179479.434141,1523240699.4591088,-316706064.8193065,-66958954318.598175,2236208094.7798057,-19548778265.341797,18116747000.728516,0.0007384588139508069,0.00014713199648354455,-3.059109150107261e-05,-3.6056361890274986e-06,1.2041634931109993e-07,-1.052671492290805e-06,9.755588222371406e-07,3.052766849636631,6.45159748004166,9.81412023718711,9.967436006383522,9.999999999999414,9.999985770828026,-9.999999999999636,0.31830988618379047,0.018834285367551454,0.031076303495610403,0.0017987657335110816,0.04042912943847816,0.06660118881126716,0.0014960235683723067,0.0020801729185895832,0.07894824219125073,0.05947235787392221,0.11008364655498314,0.11035061837942342,0.11143589776988216,0.005136734656269907,0.018847521153198255,0.016920358074729407,0.055054342555734784,0.13923618063494447,0.1410963101080487,0.13188107642483476,0.23085348904410435,0.015107083065322355,0.2114504350886193,0.02367732979103527,0.3992851847757867,56,57,756
C:\Users\damba\.cache\kagglehub\datasets\sunnykusawa\ecommerce-products-image-dataset\versions\1\ecommerce products\sofa\58.jpg,sofa,exito,3472845.0,390858135.0,384332685.0,53226061005.0,44137950255.0,43443933585.0,8043542421315.0,5240361775425.0,5932238812335.0,5014618595055.0,9236167503.943024,1604634555.8227499,188459620.9611597,-25893832847.818905,541413022.7437456,-602097630.4082031,5313744516.5390625,0.0007658099414687333,0.00013304707767033448,1.562598894356038e-05,-1.1520805358939e-06,2.4088801725430566e-08,-2.6788809705302436e-08,2.3642160919924429e-07,3.046309337522703,6.396351739737794,9.985162393114207,9.996373887807094,9.999999999999993,9.99999769530047,10.0,0.3183098861837905,0.014542147189123174,0.018028587052940893,0.036424367781146154,0.01703895379640716,0.04339528750779873,0.003105838624301049,0.06165802982408549,0.043284427365843786,0.026145922964729472,0.043408270448005874,0.0951260262346207,0.06295585696715815,0.08396318747972467,0.10858611294236725,0.0948093332567262,0.05649002696375467,0.03227713529650106,0.06936440810731928,0.11050270727091697,0.16047220605996573,0.09384760468987034,0.19874579092226624,0.13164244744091447,0.1163530098720899,56,57,756
C:\Users\damba\.cache\kagglehub\datasets\sunnykusawa\ecommerce-products-image-dataset\versions\1\ecommerce products\sofa\59.jpg,sofa,exito,2280975.0,236572935.0,254807730.0,30246953775.0,29011464750.0,26710996785.0,4357054924755.0,3361857627510.0,3458267506035.0,3070983714705.0,5710624541.003913,546891807.3974288,283432893.7747343,35407801898.446465,-1199835600.9895737,20587244772.01172,-1285446112.9335938,0.0010975961036712631,0.00010511395253164856,5.447650035922862e-05,4.506067088602426e-06,-1.5269345803671154e-07,2.6199735972945156e-06,-1.6358842156525183e-07,2.9198390216445507,6.001308510905778,9.72314699993114,9.903282535878395,9.999999999995609,9.999934824591413,-9.999999999997387,0.3183098861837905,0.02633174728153141,0.020299425429054357,0.037964368584825055,0.06085699017067687,0.05053413554789308,0.01903535986128266,0.07749743557789485,0.05368592042392397,0.09863945878857575,0.08903091992695174,0.0861646549740144,0.008153654132076037,0.1250664016946678,0.08357062473341335,0.09723522124048808,0.1010694297022864,0.08942675536633272,0.020827660783670692,0.09046200256119219,0.05510886556152295,0.15045159504426356,0.1280865363060709,0.09941107877833591,0.0690043118637749,56,57,756
C:\Users\damba\.cache\kagglehub\datasets\sunnykusawa\ecommerce-products-image-dataset\versions\1\ecommerce products\sofa\6.jpg,sofa,exito,3898185.0,441694680.0,408838950.0,58666682100.0,45642109830.0,45910152060.0,8592494117820.0,5377095597510.0,6027936087240.0,5090625645630.0,8619239420.829456,2763363173.003858,-414480863.2158111,-8150995860.990933,10543405933.404892,-31057194315.216797,5960537621.474609,0.0005672102266594454,0.00018184990289445353,-2.727593154014262e-05,-2.716780538794021e-07,3.514186553518566e-07,-1.0351567163581848e-06,1.986686398440049e-07,3.1254832606566585,6.819362438237433,9.948064694243433,9.997951373041115,-9.999999999999995,-9.99999920286473,-10.0,0.3183098861837905,0.03987980221509778,0.02452661604778501,0.03322884046672051,0.08792775023668946,0.0482365116851591,0.04462038382487302,0.05400549194314381,0.048235847398116316,0.13465712880623298,0.07969093306669864,0.10126965193858195,0.07261638210035759,0.09669190515317867,0.08350614034410328,0.13315772359472006,0.1463752314911542,0.07038699865362391,0.12239011340545727,0.13406718345699042,0.1015118899760885,0.1592927175107864,0.1188624779280049,0.22233716007253887,0.03706509600833203,56,57,756
C:\Users\damba\.cache\kagglehub\datasets\sunnykusawa\ecommerce-products-image-dataset\versions\1\ecommerce products\sofa\60.jpg,sofa,exito,2468145.0,283894305.0,269528880.0,39381193515.0,30025362090.0,31397125665.0,6045272923965.0,3409140808200.0,4384803988035.0,3542885551395.0,6726719644.367186,591995268.3366048,395011095.1394758,-31943511757.524532,985347725.7213372,-6612149106.470703,2995026715.5625,0.001104236216637079,9.718000004987004e-05,6.484372477032498e-05,-3.3377667461112492e-06,1.029586507968809e-07,-6.909012251199468e-07,3.129493291408234e-07,2.9203064741041747,5.986707191525168,9.910013897944566,9.96060493119548,9.999999999999394,9.999959494187356,-9.999999999999936,0.3183098861837905,0.028419135384158592,0.035977577429397084,0.05024574017645837,0.059827817524450724,0.09865171315720538,0.10433724589710483,0.06297004342172119,0.06335299863240243,0.08156676883956845,0.17586853838936842,0.10215554463638571,0.23756172035453862,0.037606365293938945,0.026232841200755,0.10841276628419334,0.06205197092767136,0.23988750746763074,0.14187851823960804,0.07735090977936149,0.3986700423774139,0.022290104604310274,0.049392802266858424,0.2314939373081012,0.17635839944804793,56,57,756
C:\Users\damba\.cache\kagglehub\datasets\sunnykusawa\ecommerce-products-image-dataset\versions\1\ecommerce products\sofa\61.jpg,sofa,exito,3165570.0,346517205.0,362257335.0,47741934615.0,42598624395.0,39501407145.0,7312725629295.0,5135688532395.0,5464374039765.0,4627591933995.0,9810638399.464722,1143096082.152007,-152872878.80255795,-61147555938.283936,-781054041.9897978,34413610519.01172,-452184082.5136719,0.0009790241972376288,0.00011407195725972406,-1.5255505437571276e-05,-3.429646030035809e-06,-4.380778353688209e-08,1.9301916631770355e-06,-2.5362114963411607e-08,2.9613415938083065,6.125417709413238,9.83777508245279,9.937434841066898,9.999999999998394,9.999966800193045,9.999999999999224,0.3183098861837907,0.01541470191193422,0.10722302044248583,0.0005598625239444903,0.04116009637012845,1.8074868323522047e-05,0.15421173462890997,0.00342357035698189,0.09333185421979151,0.08364667060092312,0.013649075078388547,0.013559235849615298,0.14138722795231037,0.012436224262851766,0.22007605402767486,0.00114910075735658,0.13665231812949083,0.06096330241939812,0.06048599570444664,7.419622445440772e-05,0.06882599397805834,0.034490035882710324,0.3361990332228644,0.008059879118669023,0.19896910840539764,56,57,756
C:\Users\damba\.cache\kagglehub\datasets\sunnykusawa\ecommerce-products-image-dataset\versions\1\ecommerce products\sofa\62.jpg,sofa,exito,2309790.0,240139875.0,256125060.0,30646949835.0,28939676640.0,26543798385.0,4405843603515.0,3328178686110.0,3391973133885.0,2986551363915.0,5680541821.710642,538806275.1600804,-84527087.34488879,38431887080.214455,-340354542.2247092,11208987824.910156,-3448298493.423828,0.0010647429374174699,0.00010099215781147935,-1.58434920639027e-05,4.739804923339826e-06,-4.197592825849725e-08,1.3824045529504314e-06,-4.252786791905916e-07,2.9334000913538056,6.031554584444768,9.813220904232136,9.919330642648072,9.999999999997192,9.999931203549961,-9.999999999999146,0.31830988618379047,0.01639266078817904,0.03148162067859803,0.002729428537952026,0.034530234781523596,0.06652642173719188,0.0011573051053159423,0.009993585739307361,0.08311389182964717,0.05128432921725037,0.11690652344168939,0.11610483580444408,0.1037067629238946,0.034281742398947435,0.010913010907241599,0.029748199142804514,0.06027224702752231,0.15131320423685907,0.15043297966407754,0.13103162810797045,0.22254900863267188,0.07439481018772337,0.14678910851449672,0.07518729541343921,0.3856655350824534,56,57,756
C:\Users\damba\.cache\kagglehub\datasets\sunnykusawa\ecommerce-products-image-dataset\versions\1\ecommerce products\sofa\63.jpg,sofa,exito,4111110.0,480991455.0,438970770.0,65310267225.0,50408297490.0,50949872355.0,9726914483145.0,6148913303520.0,6864661855605.0,5823811638315.0,9035251527.7754,3536446113.02568,-408809209.04726374,-28464968210.688644,11261401680.558384,-13293446031.277344,13446611052.091797,0.0005345915042713419,0.0002092419941520342,-2.418814012567541e-05,-8.306402276030242e-07,3.2862054107461073e-07,-3.879179121268934e-07,3.923874420701015e-07,3.1285242087676863,6.965401346599602,9.973636514968703,9.9991514291008,9.999999999999998,9.999999744504201,10.0,0.3183098861837906,0.02082861997504743,0.00285639737190974,0.08479419525569255,0.04222054936012363,0.07964042243578377,0.049653532942861046,0.11315667012033875,0.12078645174699784,0.04609376187780081,0.14879379598724204,0.10808378851926068,0.163365338250668,0.09130694122532183,0.10953022394983931,0.04077660016027045,0.019891853460568855,0.20276372337023113,0.15914552154604406,0.06460913833158104,0.31345308330495203,0.024567175216053914,0.07157310360929209,0.1619336857537395,0.09422509723307912,56,57,756
C:\Users\damba\.cache\kagglehub\datasets\sunnykusawa\ecommerce-products-image-dataset\versions\1\ecommerce products\sofa\64.jpg,sofa,exito,3204330.0,363241890.0,352715745.0,49874804340.0,40087124805.0,40405163355.0,7598979376110.0,4690696792665.0,5588246894775.0,4641448602375.0,8697812378.881104,1262036012.36471,421412041.4467576,-26776337746.606842,281000552.5604478,2749214348.798828,4410499827.568359,0.0008471017200965185,0.00012291284639499476,4.10423736025513e-05,-1.4568273557367279e-06,1.5288472076397858e-08,1.4957723897927775e-07,2.3996324150370195e-07,3.013221699209859,6.274670458740677,9.979117005996732,9.99349999008294,9.999999999999982,9.999995571395125,9.999999999999996,0.3183098861837906,0.04199382311881398,0.009012777722819096,0.009626342753958276,0.09042461696865105,0.08351653299368558,0.010532581235122632,0.028809975827533276,0.07024314727598864,0.13827970399415085,0.12687079045243357,0.08752775308759007,0.0044218787543824955,0.13640714201876997,0.12351393952367141,0.07056051238797802,0.1610656440041314,0.14233286612919416,0.10411336634949944,0.06518110363228541,0.050354836839091276,0.28302797211487596,0.16922450384975246,0.18734785161195264,0.062185145525585385,56,57,756
C:\Users\damba\.cache\kagglehub\datasets\sunnykusawa\ecommerce-products-image-dataset\versions\1\ecommerce products\sofa\65.jpg,sofa,exito,3258900.0,370242915.0,362683695.0,52079425965.0,41598854055.0,41801110110.0,8154342089835.0,4904709976605.0,5939367000480.0,4864760479890.0,10016209509.23357,1235706177.2335684,596694982.2664347,-38268819584.43656,120372437.97269924,7855502224.2890625,5911154075.931641,0.0009431077888831924,0.0001163518114757594,5.6183697519926754e-05,-1.996031913997009e-06,6.27840707835281e-09,4.0972868540037876e-07,3.083150280629899e-07,2.9749155582968334,6.157233620614458,9.958498321622537,9.987072341038248,9.999999999999932,9.999991079442829,9.999999999999977,0.3183098861837905,0.005857279098772553,0.017193710408580556,0.03699368861574151,0.014735479393423285,0.045769148784865404,0.0014123346562339297,0.06700419095562231,0.046348765421607444,0.036026744939900254,0.05865301082245399,0.09278263716162785,0.06071738990210748,0.09702821678351817,0.08921686217917,0.09968468373173141,0.0395108350343567,0.01699943443268678,0.05488636716665047,0.10724409498483453,0.15250369348262838,0.10485194406975724,0.1532856954395057,0.1302400452290554,0.09191710252976427,56,57,756
C:\Users\damba\.cache\kagglehub\datasets\sunnykusawa\ecommerce-products-image-dataset\versions\1\ecommerce products\sofa\66.jpg,sofa,exito,2492880.0,279049050.0,279603675.0,37821714240.0,31988389575.0,31313977305.0,5706972763740.0,3728913583365.0,4245265590525.0,3584592332415.0,6585404306.949674,627788553.8896265,15583525.41223483,-1049708053.2274202,240219190.7761251,-340869564.4160156,366800547.0058594,0.0010596921000409496,0.00010102076350132486,2.5076271706970887e-06,-1.0698307971265385e-07,2.4482415616700618e-08,-3.474039821778478e-08,3.738320577642667e-08,2.935275165069357,6.036601378425561,9.999719606836369,9.999978505696937,10.0,9.999999980238627,10.0,0.3183098861837906,0.020635009926834803,0.0030892390435763766,0.03216956100090614,0.046641806771861014,0.07178234417588858,0.05137168017392358,0.049283559960934364,0.09248852300676938,0.06815806713810436,0.13396307838800808,0.17043063851025492,0.16667720772210703,0.06725993906939019,0.08558238351438045,0.05772478629529665,0.04876410759912355,0.18083686972771276,0.22794994934804216,0.03874478287211522,0.3019208682439328,0.11263216935336853,0.12190172371017735,0.1224172490100721,0.28013196884810504,56,57,756
C:\Users\damba\.cache\kagglehub\datasets\sunnykusawa\ecommerce-products-image-dataset\versions\1\ecommerce products\sofa\67.jpg,sofa,exito,2525775.0,303456120.0,310915635.0,42499934040.0,39017046885.0,37723044795.0,6488811029310.0,4988018488335.0,5317387779225.0,4786213939395.0,6041573035.771829,744226824.8389672,368469567.8177648,-69005762881.78535,1907920397.5431945,-2770457467.0371094,7843910040.582031,0.0009470233983555472,0.00011665839552601172,5.775802100533576e-05,-6.806106033132092e-06,1.8818005897130875e-07,-2.732529356024891e-07,7.736525359774345e-07,2.973188233307662,6.153075568510552,9.734429349081124,9.865192849122197,9.999999999991262,9.999868298675679,9.999999999999408,0.3183098861837906,0.01783634492885088,0.002581863500436081,0.03264430180457057,0.042604807131533445,0.07332059575965118,0.04876863895073075,0.05581822019426107,0.08837606574791244,0.0629258736767891,0.13459005358730727,0.17724381292633704,0.15949351359933522,0.087785769859896,0.0819852256590598,0.04467221568257327,0.03184056435671168,0.18100053533648022,0.24106613934590534,0.03899325350555474,0.2885270225912518,0.15152650818187005,0.11214733584467151,0.07384162352209302,0.2798547821589935,56,57,756
C:\Users\damba\.cache\kagglehub\datasets\sunnykusawa\ecommerce-products-image-dataset\versions\1\ecommerce products\sofa\68.jpg,sofa,exito,2591055.0,314963250.0,280660140.0,44608312800.0,31174494600.0,33924432195.0,6892349840520.0,3544469380620.0,4778469460365.0,3758386466535.0,6322036032.211399,773706432.7015077,-192029956.4614682,-67130837099.5074,69462321.44794472,-6766884383.708984,10480757318.441406,0.0009416807729224687,0.0001152452260394012,-2.8603272253361413e-05,-6.2119862138087986e-06,6.42773130587037e-09,-6.261770941382572e-07,9.698422183523082e-07,2.975955377815646,6.163442781443932,9.728727605000895,9.893251160114616,9.999999999994117,9.999904372900724,-9.999999999999115,0.3183098861837905,0.010923277846880136,0.01759431191753029,0.036634651663511854,0.010642443727427457,0.04370570349577759,0.0016630437424832152,0.06295373011859812,0.04362012192424365,0.02660305159298621,0.04557694891818646,0.09493286715745324,0.0646324186371967,0.0873252580169966,0.10345142635477134,0.09679011340278147,0.056488092978118076,0.030734001231031406,0.06811543432102984,0.11102594181654682,0.16094331525819916,0.09801711765404034,0.18865918783890986,0.13495854790755404,0.11129103000825308,56,57,756
C:\Users\damba\.cache\kagglehub\datasets\sunnykusawa\ecommerce-products-image-dataset\versions\1\ecommerce products\sofa\69.jpg,sofa,exito,1690140.0,188794860.0,188289450.0,25686340740.0,21170708940.0,21054835920.0,3897563965350.0,2401850455470.0,2874164384400.0,2369921459730.0,4597259857.694627,194389237.90283403,22211195.28666076,1243443763.1784282,23371439.108488098,7624518201.728516,126473565.07617188,0.001609361813711315,6.80498005684076e-05,7.775468569915022e-06,3.348262107196075e-07,6.293304633058993e-09,2.0530792092453543e-06,3.405595476421862e-08,2.775360328393033,5.624156387070278,9.8603952548374,9.981394818619973,-9.999999999999785,-9.999972625683348,-9.999999999999885,0.3183098861837905,0.004755150139314416,0.01713859305548619,0.03692855238721722,0.008037447964291969,0.045159652641086304,0.000729779386539621,0.06600734274640285,0.045512074881583084,0.030798696583617016,0.05481819287022042,0.09343696405922133,0.06353468480495666,0.09472847997864771,0.09241983914498356,0.09918390550271627,0.04377563352308344,0.01768372941731647,0.058696753235863125,0.10865358906964338,0.15741465855383335,0.10350555023481445,0.16214694050678494,0.13248981783931485,0.09695311962783969,56,57,756
C:\Users\damba\.cache\kagglehub\datasets\sunnykusawa\ecommerce-products-image-dataset\versions\1\ecommerce products\sofa\7.jpg,sofa,exito,3430770.0,400481835.0,361448730.0,55431492765.0,39771576330.0,41833230420.0,8445564295665.0,4543655288670.0,5776151603070.0,4576360664550.0,8682308131.530767,1691149947.9887018,-359528246.0777495,-52096382380.49814,-2820795840.685648,20104535366.15039,9487393070.677734,0.0007376527862224962,0.00014368085676705341,-3.054568075991341e-05,-2.389618418879848e-06,-1.2938759638952182e-07,9.221785816736189e-07,4.351789547162751e-07,3.05485960203988,6.4477762721014225,9.913495863131764,9.981098411455893,9.999999999999831,9.99999094562054,9.99999999999991,0.3183098861837905,0.012599976055577953,0.017780175125333225,0.03701417382120891,0.032398514933057974,0.04718715681412674,0.005654886650708807,0.0685372119241709,0.048253240378683435,0.056226155813731714,0.06796493950009276,0.09185145630486032,0.04612018986270123,0.100862176406596,0.08152685509513731,0.10276521238773634,0.04169938223669701,0.03232843303067803,0.0510595431414461,0.10538391193363861,0.12610396442555993,0.1075425461743813,0.13054232233985247,0.13027537271433975,0.07858513900229326,56,57,756
C:\Users\damba\.cache\kagglehub\datasets\sunnykusawa\ecommerce-products-image-dataset\versions\1\ecommerce products\sofa\70.jpg,sofa,exito,2047650.0,210685335.0,229109340.0,27045017715.0,26005841970.0,23470959135.0,3924798751005.0,2992426475430.0,3021780629325.0,2649431834055.0,5367333352.896018,371046142.96139824,-102394733.83934934,37598561329.591385,-370908760.5904548,16813949780.350586,-3428932007.4091797,0.0012801094915985492,8.849453875817799e-05,-2.4421153310094694e-05,6.266599116423374e-06,-6.181982579106022e-08,2.80240198324304e-06,-5.715043748494331e-07,2.863722153665714,5.8469685572950985,9.628151940159634,9.854042940384259,9.999999999988994,9.99987765761304,-9.999999999993545,0.31830988618379047,0.0005080142988786831,0.03274671451093403,0.002619820466872108,0.00753455279103706,0.06633015278308835,0.008229757364404266,0.003304780254902482,0.0885582624683491,0.010864971210433174,0.12424438301920263,0.12488603114154899,0.0835984685100111,0.02533020263480584,0.042092614883132574,0.040624500117725955,0.034690003496558444,0.16337143821984104,0.1696465206181755,0.12527455354634234,0.18987142493341072,0.07771729730134336,0.054293789114735716,0.05933029800969708,0.36569041003383357,56,57,756
C:\Users\damba\.cache\kagglehub\datasets\sunnykusawa\ecommerce-products-image-dataset\versions\1\ecommerce products\sofa\71.jpg,sofa,exito,3178320.0,345711150.0,363894690.0,47617777920.0,42799576890.0,39436708545.0,7294601030760.0,5159654581170.0,5454486835005.0,4622144669385.0,10014201428.544607,1136262494.2827332,-144721820.3482049,-63386506541.2805,-775627477.650006,34078367386.289062,-97251583.1953125,0.0009913364643854314,0.00011248210371375781,-1.432645615600161e-05,-3.5196766336531185e-06,-4.306843930144889e-08,1.8922770783156184e-06,-5.400110270083972e-09,2.9571022652953003,6.111648633274031,9.83865716215117,9.9361199370028,9.999999999998328,9.999964002658036,9.999999999999238,0.3183098861837906,0.0033525668425552113,0.01727002114388297,0.008646101811648254,0.008662689867501296,0.08553987264221648,0.057477795444286085,0.004309841841687613,0.04563703291554322,0.036034461513040586,0.10376803415300209,0.07085034783746627,0.13771290373320777,0.04804594875556505,0.013009422593250558,0.0393110636249258,0.04941845489843919,0.03900952623285577,0.030677733280802116,0.04391967239763081,0.2267569389915055,0.09361346653811793,0.04981929825810165,0.09863410664614024,0.0756109973306498,56,57,756
C:\Users\damba\.cache\kagglehub\datasets\sunnykusawa\ecommerce-products-image-dataset\versions\1\ecommerce products\sofa\72.jpg,sofa,exito,3238755.0,391355130.0,341563830.0,54532194720.0,37760499960.0,40738077330.0,8279953827330.0,4344315594720.0,5646459421110.0,4455693349260.0,7242777095.845998,1738679858.0568464,-534805951.67703235,-59809476051.26257,-4689282764.080262,24661174134.759766,5704192195.759766,0.0006904765388388619,0.00016575377574832125,-5.098472002903024e-05,-3.1682887608364333e-06,-2.484054845269936e-07,1.3063769489172798e-06,3.021683053699824e-07,3.067409349437028,6.543889539608397,9.87298497834447,9.961244961151614,9.999999999999304,9.999981145573425,9.999999999999812,0.3183098861837906,0.01328555283930315,0.01649122247793432,0.008570317270354033,0.03652693448173166,0.08480419943717783,0.05086275826621478,0.015233284669206,0.05490846785263235,0.06959581616512542,0.11060186874056843,0.07711537175531254,0.11165519999565131,0.08585306016402038,0.05360500703131231,0.05052374067389824,0.08033113211479788,0.06572957756004316,0.05205061325008691,0.05138148280402542,0.16847592857600177,0.16344470502854783,0.024259248110527654,0.1294854742248741,0.06711617166890525,56,57,756
C:\Users\damba\.cache\kagglehub\datasets\sunnykusawa\ecommerce-products-image-dataset\versions\1\ecommerce products\sofa\73.jpg,sofa,exito,2996250.0,351396885.0,301224105.0,49189828185.0,31432624215.0,36079795215.0,7575636172485.0,3395783715165.0,5102287673085.0,3846574902045.0,7978390291.732344,1149449769.2591515,752565449.8225558,-64686026781.47454,4628753816.717788,-19467948035.714844,8875129102.15039,0.0008887081920660977,0.00012803653230246905,8.382782188736402e-05,-4.162606505522524e-06,2.978646503521184e-07,-1.2527807190323428e-06,5.711228835057128e-07,2.9927880296476363,6.216933108144526,9.821080873233255,9.943817213419104,9.999999999998433,9.999955408673749,-9.999999999999723,0.3183098861837906,0.015463461661769378,0.016196166928122063,0.00835190627827494,0.018147521321129692,0.08612217712865809,0.05464940763290868,0.006840108974306585,0.038706897374900635,0.020918668965601645,0.10072001634273936,0.06649406703747722,0.13808473405566646,0.027557034917607356,0.019579678751180767,0.03153350203989938,0.0318043776571777,0.03148681347902516,0.020214215854418082,0.039043568663013825,0.23862377341611704,0.05327826817492232,0.09814561660869309,0.07832076277703637,0.08212191343568583,56,57,756
C:\Users\damba\.cache\kagglehub\datasets\sunnykusawa\ecommerce-products-image-dataset\versions\1\ecommerce products\sofa\74.jpg,sofa,exito,3242580.0,375533400.0,354385485.0,51004284510.0,40258092615.0,41020206015.0,7592008475280.0,4734160503795.0,5562836252895.0,4671521073675.0,7512578980.588235,1526874887.546791,-22292887.941176556,-55069170084.27815,556931436.9167935,-6319991560.216797,13977436998.134766,0.0007145089142945394,0.00014521853560323328,-2.120239560941387e-06,-2.9085851491356597e-06,2.941541526817804e-08,-3.338026261622795e-07,7.382454758903418e-07,3.0656391561082343,6.48917424090294,9.895134000140667,9.979626178227395,9.999999999999767,9.999988607639308,-9.999999999999948,0.3183098861837905,0.03214776350866868,0.02190219272504618,0.03537441166965384,0.07262303031760138,0.04941211842342622,0.029697609958425058,0.062314881973564926,0.05100844496874875,0.10840140411595033,0.08419392052302671,0.09463615354293992,0.026278350977727932,0.0894839728446358,0.07949997046595993,0.11761508326302064,0.08090620804264032,0.07479415208812172,0.07677200003476316,0.11246268438835708,0.0030505112348341978,0.09671834898641203,0.10668880708589235,0.15959242982878533,0.04555752267470968,56,57,756
C:\Users\damba\.cache\kagglehub\datasets\sunnykusawa\ecommerce-products-image-dataset\versions\1\ecommerce products\sofa\75.jpg,sofa,exito,2672655.0,307515720.0,292671660.0,42089887410.0,32816214690.0,33684905085.0,6357440649000.0,3761819328810.0,4609360307115.0,3782041299285.0,6707124559.157521,766922668.7119555,10099976.037112847,-28866041344.65768,282920509.71369946,-2057560250.5488281,3995183502.9726562,0.0009389675182102542,0.00010736575242462818,1.4139515898213932e-06,-2.471894753711269e-06,2.422742056413089e-08,-1.7619570096395594e-07,3.4212079942647345e-07,2.9803299235371195,6.16010137847137,9.948679941693301,9.98063844834136,9.99999999999985,9.999983693770707,-9.999999999999991,0.3183098861837906,0.03276205831628373,0.012264932674501346,0.006143114977937505,0.07430290474634357,0.08376832353656785,0.026111123387866572,0.04363698063422069,0.06936600257009573,0.12667483461771528,0.12773986747086605,0.09022253707580154,0.03172115497132796,0.17899086027146738,0.1222002623132171,0.07067468466663704,0.17458426915498107,0.1484613907798664,0.11061649415443489,0.06831963737900221,0.010737388755504442,0.35418566537803914,0.1649790997724407,0.1992871589165959,0.04787369567603836,56,57,756
C:\Users\damba\.cache\kagglehub\datasets\sunnykusawa\ecommerce-products-image-dataset\versions\1\ecommerce products\sofa\76.jpg,sofa,exito,3738300.0,465268410.0,446454000.0,65473051830.0,56761552620.0,53611491210.0,9925607213280.0,7571390388570.0,7357136233200.0,6626760501420.0,7565796301.035467,3442885280.300135,-1954124903.7789936,-106438035502.86935,-29819258401.006905,24305612900.53125,28974455074.003906,0.0005413851547127239,0.0002463623002747706,-0.0001398311785390768,-3.939231222080236e-06,-1.1035994149794148e-06,8.995414915092809e-07,1.0723335650741168e-06,3.10361293611599,6.781597065138119,9.780759898034985,9.965529001411763,9.999999999999362,9.99999094363864,-9.99999999999946,0.3183098861837907,0.017673064648493362,0.10757514984034364,0.0007359272228733474,0.04720989206571889,2.72398899122177e-05,0.15636602561085344,0.004501114032311279,0.09333200431939388,0.09611017308495962,0.015671562114143545,0.015545764699173813,0.1488666251942555,0.01631123120352009,0.22080124199312995,0.0015104683447486158,0.15778857442009755,0.07009726216913414,0.0694279917598668,0.00011181808037170544,0.08784027785670463,0.04512424367613773,0.34129429411584417,0.010601226239003681,0.19896799942426532,56,57,756
C:\Users\damba\.cache\kagglehub\datasets\sunnykusawa\ecommerce-products-image-dataset\versions\1\ecommerce products\sofa\77.jpg,sofa,exito,3174495.0,383183910.0,336946035.0,53036389200.0,37393118655.0,40217248755.0,7984012566510.0,4312285088835.0,5526051763905.0,4426906025175.0,6783391831.004896,1629121388.5934594,-454511367.5696878,-55459600140.38168,-2516179375.315316,6409059875.787109,9778322347.69336,0.000673127927318135,0.00016166058676446898,-4.51019640935871e-05,-3.08880232549598e-06,-1.4013769818329388e-07,3.569502664726201e-07,5.446001184745775e-07,3.0784234830311386,6.56890077098633,9.907386471496437,9.972568954109274,9.999999999999648,9.999985294243446,9.999999999999998,0.3183098861837905,0.03832859241649815,0.023954920194069505,0.03381549807144452,0.084651121992781,0.04900027276416352,0.041211858263808986,0.05542513291857778,0.049836948314743716,0.12663472264945222,0.08323545816492146,0.0988152372144199,0.06087398762531894,0.08584484509811775,0.08374867747005797,0.12775741028041704,0.11667908179453196,0.07634922278495075,0.10592105551266202,0.1251703282267728,0.07119459403150631,0.12098728035393551,0.11680237913977254,0.1965526904955896,0.03538123055700528,56,57,756
C:\Users\damba\.cache\kagglehub\datasets\sunnykusawa\ecommerce-products-image-dataset\versions\1\ecommerce products\sofa\78.jpg,sofa,exito,3476925.0,370663155.0,382620615.0,48612113955.0,43859602965.0,39933185385.0,7184627699175.0,5216832043125.0,5171857958835.0,4472709542865.0,9096975010.51485,1753852906.2618215,-856697722.6138617,62660315211.58013,4263806723.295419,4963540226.1875,-14461849403.46289,0.0007524997435816816,0.00014507832116901836,-7.086584450861937e-05,2.7797405884294267e-06,1.891512446105946e-07,2.2019286341677562e-07,-6.415574137285918e-07,3.0469277209760888,6.409884465045951,9.912382737446311,9.979889960216171,9.999999999999812,9.999989459181366,-9.999999999999904,0.31830988618379047,0.02328306088082789,0.04533016154778496,0.041221739620785,0.0507381819396274,0.05494829337562314,0.07198574997911568,0.02277428347379261,0.043088380073396174,0.07738147788747744,0.08951380631642215,0.07200431248313184,0.07862500005119671,0.10363680492274832,0.08507346489720594,0.07188259551766306,0.09502907244805589,0.10162914474808504,0.08325681921700052,0.09339288179020462,0.036854663521673214,0.26442535428907804,0.12400452208053649,0.18403317102863434,0.098041988427519,56,57,756
C:\Users\damba\.cache\kagglehub\datasets\sunnykusawa\ecommerce-products-image-dataset\versions\1\ecommerce products\sofa\79.jpg,sofa,exito,2715750.0,342569550.0,295788015.0,48901132740.0,33588134625.0,36646111200.0,7536196475850.0,3962406808395.0,5161264444620.0,4100964323160.0,5688798546.056335,1372153839.714082,-665116709.0281714,-67470044690.703125,5230709958.534037,2957707623.7402344,8980502258.916016,0.0007713313411672486,0.00018604723878087767,-9.018167176320426e-05,-5.551195562291923e-06,4.303642311571102e-07,2.4334967481837417e-07,7.388838189656111e-07,3.0189162481346,6.425750578769998,9.794716424364603,9.907938542046553,9.999999999996401,9.999937213914182,9.999999999998568,0.31830988618379047,0.008655512365862357,0.03239488841773828,0.0027949294836020935,0.0167061163954011,0.06631434925543254,0.006681756370095088,0.005660963698294073,0.08916176128632211,0.024133886248048828,0.12561639221716467,0.12569177393053454,0.08770363712824195,0.031338290724726006,0.04644474426164918,0.0432391434451491,0.052551657954254004,0.16754582719911895,0.17203988399053455,0.12551970673821966,0.20054001632474253,0.08653913639214922,0.04412241510273525,0.07969569430742036,0.3640863645739321,56,57,756
C:\Users\damba\.cache\kagglehub\datasets\sunnykusawa\ecommerce-products-image-dataset\versions\1\ecommerce products\sofa\8.jpg,sofa,exito,4037160.0,471340725.0,450218820.0,64422687705.0,53120882430.0,52164473055.0,9688273011735.0,6568156574310.0,7107510255945.0,6114392261085.0,9393390118.695368,2913066568.802427,-398830115.4080298,-26479672535.79986,-5537753229.330982,16303395608.253906,1453068851.59375,0.0005763289509582401,0.00017873042410194285,-2.4470115593962802e-05,-8.085794619046122e-07,-1.6910003400832156e-07,4.978381371717278e-07,4.4370700904384765e-08,3.1220188382077176,6.794309263699275,9.984426211132282,9.997004671549387,9.999999999999995,9.999999071368569,10.0,0.3183098861837906,0.008447796171673867,0.01698668613764797,0.00856865497150846,0.007723827622028956,0.08578342093630041,0.05708350594350879,0.0030998728496210858,0.042700444257304744,0.027438536740462455,0.10226200525070785,0.06896183276729581,0.13984740231406706,0.03754679478278529,0.005194280254353177,0.0359488061283526,0.04142228708198243,0.034498331546102746,0.025615533714291813,0.041774525065275715,0.23506839847027214,0.07448423988291902,0.07043823595218061,0.08975826369298473,0.07839372667353711,56,57,756
C:\Users\damba\.cache\kagglehub\datasets\sunnykusawa\ecommerce-products-image-dataset\versions\1\ecommerce products\sofa\80.jpg,sofa,exito,3210450.0,370380615.0,350099190.0,50718011055.0,39522425520.0,40606336680.0,7658940701625.0,4604988470580.0,5572427092320.0,4613872649670.0,7988237980.26648,1344150562.0794294,216374742.2025405,-35415266517.351585,1913759112.3134127,-8291065240.912109,7089951184.605469,0.0007750311777108395,0.00013041156206444851,2.099301143636184e-05,-1.9176782301026882e-06,1.0362689733101361e-07,-4.489474986463338e-07,3.839091548992647e-07,3.043138961312083,6.379450390583134,9.952627328904597,9.989396084691052,9.999999999999945,9.999993554941979,-9.999999999999988,0.31830988618379047,0.027513525496411024,0.044317501382697085,0.041759243969605266,0.05817446142124294,0.0561415472007367,0.06711762017348122,0.025948942769606805,0.04236824399826897,0.0832362381790158,0.09214171389995073,0.07167444301667697,0.06736054198363087,0.09044609409605733,0.0836135736710538,0.0703458440260383,0.08909749548437397,0.10229343632181424,0.07865783390181187,0.0923967019211605,0.025054987494876252,0.24010666157658603,0.12121174968945271,0.18084715694399847,0.0909570971716751,56,57,756
C:\Users\damba\.cache\kagglehub\datasets\sunnykusawa\ecommerce-products-image-dataset\versions\1\ecommerce products\sofa\81.jpg,sofa,exito,3243600.0,378114000.0,349979850.0,52544672190.0,39201240780.0,41578241385.0,8038228214940.0,4543909977060.0,5856572851545.0,4751108901315.0,8467043322.075471,1438910219.5047143,780275851.9811317,-61072382487.59549,3638817370.229827,5159934308.792969,12947720047.61914,0.0008047800433693785,0.0001367663049317895,7.416407476742762e-05,-3.2231211736233126e-06,1.9204014703893728e-07,2.7231774572662136e-07,6.833214774960608e-07,3.0261582505349263,6.32943541503387,9.892125701112409,9.971973132677324,9.999999999999638,9.999983431261674,9.999999999999837,0.3183098861837906,0.028447540622496433,0.013509426998022642,0.008053342319805024,0.06522342956291792,0.08406145970801723,0.03370223807308263,0.028575124250035666,0.06441403718273181,0.10763965261008213,0.12047117997365307,0.0844886753543456,0.05848786592763467,0.13158311194241604,0.09712888597533177,0.06307914305975948,0.12954305549936004,0.11144216444428591,0.08453433512211844,0.06079868357409446,0.05975419128524813,0.2579192197826776,0.10870990091427393,0.1682970096813898,0.05865745652843518,56,57,756
C:\Users\damba\.cache\kagglehub\datasets\sunnykusawa\ecommerce-products-image-dataset\versions\1\ecommerce products\sofa\82.jpg,sofa,exito,2216460.0,225838710.0,241188690.0,28382412390.0,26737475220.0,24551944425.0,4040164455390.0,3016496586900.0,3092988083925.0,2714538926715.0,5371339357.116887,492027892.3170707,-23163005.853660323,53645364762.31833,-79280835.98114878,9217270709.13086,-4744796999.912109,0.0010933590283749846,0.00010015437538207237,-4.7149286035793875e-06,7.3347017253778864e-06,-1.0839730273747572e-08,1.260238077848341e-06,-6.487358394525937e-07,2.923172662896022,6.005839342569691,9.697861455172012,9.834865119012566,9.999999999986489,9.999814637332987,-9.999999999997732,0.31830988618379047,0.0340944796253494,0.03542068774836272,0.03335616237692284,0.07696553745946086,0.04871152344034818,0.023003077160151937,0.04537466096742216,0.05548547726098524,0.11550137357594906,0.0835836474079898,0.11487086029667988,0.04147618781552465,0.03543398317517458,0.07224561354267359,0.10880026272580605,0.0942108189290895,0.10079104614081123,0.13776290237104366,0.13912946945437668,0.11772284205032081,0.007950985608085985,0.12872391271868114,0.141321602771568,0.1848800532801719,56,57,756
C:\Users\damba\.cache\kagglehub\datasets\sunnykusawa\ecommerce-products-image-dataset\versions\1\ecommerce products\sofa\83.jpg,sofa,exito,2327385.0,281256330.0,248826195.0,39425361300.0,27163001115.0,30106253190.0,6038216924790.0,3024063480105.0,4224098290170.0,3294937402230.0,5436518386.142216,560408368.9876175,36478565.877068676,-40168407542.12108,174103646.48644018,223729706.75585938,4583786097.171875,0.001003654876842096,0.00010345896998918633,6.734436994832948e-06,-4.860870345637795e-06,2.1068678199052516e-08,2.7074040609337302e-08,5.546943798338346e-07,2.955807678187822,6.091175141278697,9.845945543067385,9.926115040185488,9.999999999997737,9.999927544886694,9.999999999999945,0.3183098861837906,0.017424778244908973,0.002513475881169755,0.03245627886227123,0.04126624696735453,0.07273405068997883,0.04836772326137705,0.053273157532005455,0.08999671995854137,0.0596840161829674,0.1345637286578477,0.17533317416571798,0.15832046412637363,0.08026122858602604,0.08274777516181377,0.04762420164952215,0.025138613377740492,0.18115879306582686,0.23650399039423892,0.039332798308482624,0.2865937214933763,0.13892890062200947,0.10650044021574569,0.08874872015194937,0.2793233477085764,56,57,756
C:\Users\damba\.cache\kagglehub\datasets\sunnykusawa\ecommerce-products-image-dataset\versions\1\ecommerce products\sofa\84.jpg,sofa,exito,2960805.0,347919705.0,322825410.0,48169856745.0,36309993660.0,38436272910.0,7319816499465.0,4202513498970.0,5372086488180.0,4384935494340.0,7286339888.169839,1111375263.4260602,501548598.9751094,-52963807733.96328,1173342983.485345,2110743562.2167969,8832526756.117188,0.0008311699148790869,0.00012677718817377098,5.7212827388783206e-05,-3.5111928754289278e-06,7.778582583680825e-08,1.3993004042948765e-07,5.855452306958476e-07,3.0186584262603566,6.29297316466893,9.893241575847437,9.964142924864822,9.999999999999428,9.999974594378678,9.99999999999991,0.3183098861837905,0.007227622623583578,0.08545264724360405,0.07538878668751722,0.007744643027780897,0.0034268557647323702,0.14369212515478066,0.062477578601927874,0.018505992561862212,0.005054510127800009,0.010526532580539809,0.0012567312477123238,0.1837567687013959,0.05168636192854276,0.011424642955441827,0.011641422986075086,0.016025876154886834,0.008374729881042053,0.0016087581491198186,0.001054683888345483,0.15808941055949266,0.22087849633410178,0.03953501530826488,0.1127904722671652,0.09790718928608572,56,57,756
C:\Users\damba\.cache\kagglehub\datasets\sunnykusawa\ecommerce-products-image-dataset\versions\1\ecommerce products\sofa\85.jpg,sofa,exito,2708355.0,341562810.0,295101810.0,48755627190.0,33517634010.0,36542905560.0,7513426543080.0,3954286837530.0,5145859294860.0,4089080088960.0,5679607548.890879,1363400807.4559839,-673708753.7388175,-67926143152.62681,5100502895.138025,3384943692.2402344,8835101975.34375,0.0007742962379943403,0.00018587131364345203,-9.184616173448293e-05,-5.6269490508999125e-06,4.225217065603302e-07,2.804061118795357e-07,7.318929997697347e-07,3.01765292964352,6.420117256929434,9.792180386215524,9.904985273549038,9.99999999999617,9.999934543876659,9.999999999998495,0.31830988618379047,0.015064165540231078,0.03167855256529111,0.002723203118483885,0.03208367638921923,0.0665046985160513,0.002196571834797542,0.009018831039300545,0.08367268984624582,0.047528151292594474,0.11758096532437243,0.11698976408899575,0.10077533566941432,0.03175853133915156,0.013007411810185245,0.0306516042803508,0.05431213557403985,0.1520297796672972,0.152087763128631,0.13051491359971326,0.2170295600906693,0.07017335147081041,0.1375796634900497,0.07286838234701098,0.3835410217767368,56,57,756
C:\Users\damba\.cache\kagglehub\datasets\sunnykusawa\ecommerce-products-image-dataset\versions\1\ecommerce products\sofa\86.jpg,sofa,exito,2509710.0,289047855.0,273359745.0,39290188605.0,30440191755.0,31502987895.0,5876202160965.0,3461044182165.0,4280165956425.0,3513570744765.0,6000022617.65444,665616132.1332045,19650005.125482384,-30987145365.091232,473690676.52517027,-3881013834.203125,3438030884.857422,0.0009525895330842248,0.0001056760950627827,3.11971977447368e-06,-3.1054369536421404e-06,4.747183111401389e-08,-3.8894333880488027e-07,3.4454894220837145e-07,2.9754052682386,6.144237839400432,9.925891350306284,9.967626634883272,9.999999999999599,9.999972342349908,-9.999999999999966,0.31830988618379047,0.040243887500677096,0.033266480668631054,0.032342113404194635,0.08668899286757265,0.05007949626279774,0.011553564696431453,0.04239845612315189,0.058054615271492915,0.12669447625162658,0.09140907087381155,0.11385173428932623,0.07388741680374405,0.02875882021245994,0.08484798983308561,0.11599561898110494,0.11180359814316101,0.11965923909910771,0.14744513964230854,0.13150159024694089,0.17814921757970598,0.017567869468033508,0.16150304326800832,0.1579446694910835,0.1975623887321057,56,57,756
C:\Users\damba\.cache\kagglehub\datasets\sunnykusawa\ecommerce-products-image-dataset\versions\1\ecommerce products\sofa\87.jpg,sofa,exito,3225495.0,377930655.0,359678010.0,52400638755.0,41480664870.0,42117325920.0,7999974191295.0,4931382026730.0,5841258119430.0,4863872102220.0,8118573525.096053,1372628467.0416625,-26080257.469366934,-42302528125.10666,-292505367.64757484,4124776314.8066406,9406708864.609375,0.0007803455932214763,0.0001319350711150502,-2.5067967818966313e-06,-2.2639946193208213e-06,-1.5654633607666878e-08,2.2075445124712992e-07,5.034389006730174e-07,3.039871482245242,6.3761706508894855,9.940417655495823,9.986566041608901,9.99999999999991,9.999991374433849,9.999999999999984,0.3183098861837906,0.00971865601041556,0.016877891144972266,0.008465017927625752,0.03128583368285434,0.08486749355567186,0.05296560916870653,0.014717445393322487,0.05395864066591256,0.06484398901921401,0.10967857018472757,0.07667394087201879,0.11763905391413927,0.0840460122840754,0.049206495519789936,0.04938432078872944,0.0777732870960012,0.06192936484236733,0.05016926751501308,0.05082411636000624,0.17892200061125071,0.1595476257793312,0.013214830188824673,0.1268390822397354,0.06734612800097461,56,57,756
C:\Users\damba\.cache\kagglehub\datasets\sunnykusawa\ecommerce-products-image-dataset\versions\1\ecommerce products\sofa\88.jpg,sofa,exito,3107940.0,356569050.0,343526310.0,48862888860.0,39166759680.0,39592312350.0,7395588369660.0,4593123921870.0,5452202894610.0,4540218301770.0,7954284634.081064,1196166405.285527,180081094.986873,-35538773036.94609,-478815066.5506951,9977305975.484375,6868404796.730469,0.0008234853467171766,0.00012383583845711703,1.864330354826508e-05,-2.0869923873604423e-06,-2.8118117578396125e-08,5.859111004072823e-07,4.0334280840772114e-07,3.0235027045085014,6.3089187506952005,9.942868111895708,9.986548413851361,9.999999999999918,9.999992636331282,9.99999999999996,0.3183098861837906,0.013908707301789279,0.016411365276054277,0.008429631673816999,0.015808338583191948,0.08603931036785693,0.05534082173948562,0.005991787036297233,0.0397150030900645,0.02226548399817784,0.10108585527381077,0.06707778519353404,0.13873986495905455,0.029523835735145436,0.015630304565088016,0.032629595213813326,0.034002764667285613,0.03204318773002691,0.02132768390178281,0.039681120345556556,0.2381540201205733,0.05781178500829935,0.0914163378026853,0.08108202029854925,0.08123819528347784,56,57,756
C:\Users\damba\.cache\kagglehub\datasets\sunnykusawa\ecommerce-products-image-dataset\versions\1\ecommerce products\sofa\89.jpg,sofa,exito,2415105.0,282368640.0,260190525.0,39098213640.0,28626998445.0,30765810435.0,5951913140730.0,3212965803225.0,4296418474755.0,3426225598335.0,6084307886.233765,595459733.525499,344919962.27272576,-42089148325.94415,542444429.64611,3531045485.7304688,4901709588.876953,0.0010431317122513912,0.00010208933259518253,5.913523075472613e-05,-4.64333583056349e-06,5.984325548143194e-08,3.89550054476517e-07,5.40763704430183e-07,2.9411106419590216,6.0459270614298015,9.852362211417432,9.931691467770767,9.99999999999808,9.999933937429871,9.999999999999705,0.3183098861837906,0.03391269610084959,0.0037832551418302577,0.06445883374990694,0.07402726970913033,0.057296340301395486,0.015290410686190714,0.09075206501995894,0.016663778025133316,0.10737924702680415,0.10370392232268726,0.04221126534706368,0.06806909050651103,0.10217385825532636,0.023541539633581157,0.09133182719965002,0.09749647791166871,0.12084796765951043,0.05373911929137315,0.1506838106995465,0.1348563644706538,0.1298056319220055,0.06622134189056618,0.19390737735208213,0.12245882963889071,56,57,756
C:\Users\damba\.cache\kagglehub\datasets\sunnykusawa\ecommerce-products-image-dataset\versions\1\ecommerce products\sofa\9.jpg,sofa,exito,2194785.0,260294820.0,237100020.0,36071814480.0,26077779510.0,28213540680.0,5466759757800.0,2917729059720.0,3917357814540.0,3116852830380.0,5201641174.262807,464145607.8180555,94200048.50470352,-45045254291.683624,295275012.27846426,-1781191778.7675781,3754923148.0507812,0.0010798325712963225,9.635411754773665e-05,1.9555420526962518e-05,-6.3120304378998404e-06,4.137583180204207e-08,-2.495920358339194e-07,5.261639561183918e-07,2.929523702985628,6.013739185926705,9.788119754749102,9.874454961348547,9.999999999993317,9.99985681600669,-9.999999999999945,0.31830988618379047,0.02412564756538798,0.045141920709833486,0.04076402972639574,0.051883405038706254,0.05392453366736252,0.07063626217378856,0.020157453870324922,0.04475049878983046,0.0795971246887857,0.08920046030497739,0.07346542218491353,0.07295693659545274,0.116496883490705,0.09336274026158185,0.07502364058799468,0.10491379773750328,0.11042377620510266,0.09324819251781417,0.09677227058409409,0.019030406458536736,0.29273443279624833,0.14365875593819308,0.1960337158630674,0.10273034333286912,56,57,756
C:\Users\damba\.cache\kagglehub\datasets\sunnykusawa\ecommerce-products-image-dataset\versions\1\ecommerce products\sofa\90.jpg,sofa,exito,3077850.0,362030895.0,323875245.0,50417000895.0,35297716845.0,37914434280.0,7715842086555.0,3969151698135.0,5276759019120.0,4123256365530.0,7833259343.429577,1217051990.0492947,-181263956.00704315,-57205897905.09252,-1283090443.035779,14133415993.011719,9524310839.542969,0.0008268897420386347,0.0001284736993858878,-1.913447509551537e-05,-3.4420896731691243e-06,-7.720379410952816e-08,8.504103076374972e-07,5.730795806969615e-07,3.0198313362788194,6.310380867791199,9.874362676345699,9.963255093161006,9.999999999999373,9.999976109877206,9.999999999999794,0.3183098861837905,0.01306206888467732,0.01783605579757258,0.03653202258786385,0.03665623834528472,0.04579528002335088,0.007252703147193818,0.06487932773447863,0.04569716864222655,0.06739914755963562,0.0610952215263584,0.09592349707148246,0.03744963786710113,0.09763784957206377,0.07702618133858127,0.11226718734605749,0.07460872671362073,0.02981106243579527,0.0780945756111965,0.11790118020717111,0.10249068355689454,0.11666184718081764,0.12618730623938063,0.1657867941615616,0.07715447606049605,56,57,756
C:\Users\damba\.cache\kagglehub\datasets\sunnykusawa\ecommerce-products-image-dataset\versions\1\ecommerce products\sofa\91.jpg,sofa,exito,3218610.0,374871165.0,357057375.0,52240330965.0,40912726575.0,41708671845.0,8017949924655.0,4827705501435.0,5826884530605.0,4803995766675.0,8579126175.212724,1302469649.8395667,122237285.33235608,-64895706472.443,61411800.03054883,3115291519.78125,11773993004.841797,0.0008281449208390209,0.00012572767937346136,1.1799591813630225e-05,-3.4917655345628605e-06,3.304311154285588e-09,1.6762075875554644e-07,6.335091366321501e-07,3.020509580520425,6.306231819167446,9.888312874113163,9.965777375143743,9.99999999999945,9.999975268030104,9.999999999999952,0.3183098861837906,0.03237372418310479,0.012384129950805265,0.006455507163066035,0.07347207290534798,0.0837893481148218,0.02685818550234987,0.04169888761624882,0.06883723757363334,0.12458219825105459,0.12682261478474002,0.08954177040279233,0.034535868650537385,0.17292893697145528,0.11939621990454836,0.06981883646443188,0.16896957554144415,0.14377434008583864,0.10750510437330796,0.06741772138215395,0.0024836811769089495,0.3418807451158957,0.15834172106280886,0.1955024530552633,0.04943640878795599,56,57,756
C:\Users\damba\.cache\kagglehub\datasets\sunnykusawa\ecommerce-products-image-dataset\versions\1\ecommerce products\sofa\92.jpg,sofa,exito,2517615.0,293021775.0,279452205.0,40625356875.0,31666339365.0,32677156050.0,6221738657385.0,3658559059395.0,4548592829700.0,3722077187640.0,6520952260.255239,647484266.2807629,152095174.22515666,-24520676747.28704,-106054872.86214525,3823294456.748047,2710393233.8535156,0.0010288033882019446,0.00010215287282766054,2.3995886540332004e-05,-2.4381429134630396e-06,-1.0545261020810607e-08,3.8015827955621677e-07,2.695001497684709e-07,2.946554152395214,6.064954284765781,9.951303675054747,9.979474540235726,9.999999999999844,9.999981957531052,9.999999999999973,0.3183098861837905,0.02363365161160064,0.08306671305642063,0.07681231867745182,0.0459457331264954,0.01127596148366856,0.13163478608590334,0.07021590474032972,0.01737748599601917,0.052209752967208437,0.02741670805109237,0.004025696801284295,0.1533676236953213,0.03125227734982598,0.016415323022009192,0.01106973073525027,0.004495137569720161,0.027166603801366526,0.0020169126657179955,0.0033919257343571463,0.11719562257779624,0.19146124918685417,0.050955338993022334,0.1127926519356349,0.09728914479940251,56,57,756
C:\Users\damba\.cache\kagglehub\datasets\sunnykusawa\ecommerce-products-image-dataset\versions\1\ecommerce products\sofa\93.jpg,sofa,exito,3673785.0,410367420.0,405250590.0,56054513100.0,46550471340.0,45493754145.0,8527847005890.0,5544586496280.0,6218606338365.0,5252677048365.0,10215842792.00527,1847789856.0949473,226641597.1024448,-15778715148.331278,2007974654.461493,-15328734284.3125,2916894880.689453,0.0007569143307941681,0.0001369068270577629,1.6792375949164857e-05,-6.0994025143513e-07,7.762004409764236e-08,-5.925458413858657e-07,1.1275516290220408e-07,3.0487493206781155,6.413821033757959,9.981544694119625,9.997780609338879,10.0,9.999999973665641,-9.999999999999996,0.3183098861837905,0.02280341638052265,0.01948246156553718,0.037930130923301435,0.052320735848626315,0.049801386899713945,0.014047712546722544,0.07668435601615868,0.052630041124973555,0.0857127330684329,0.08388937740319549,0.08638329716489855,0.023890723278714988,0.12226707106295914,0.08553378279040398,0.09486096248087278,0.08733022798573467,0.07637871293941909,0.01940683770022196,0.09115804225626166,0.08498113037714705,0.14363124888456286,0.13554897931200927,0.09740961600630109,0.07513483704233521,56,57,756
C:\Users\damba\.cache\kagglehub\datasets\sunnykusawa\ecommerce-products-image-dataset\versions\1\ecommerce products\sofa\94.jpg,sofa,exito,2893740.0,350228985.0,305240610.0,48931184235.0,33411522390.0,36497986545.0,7453646507265.0,3777553792200.0,5072748631695.0,3954826313235.0,6543014622.619404,1213802486.6320071,-445245749.9127605,-52288970598.37248,-2867772360.1882186,19112648580.15039,4965784871.042969,0.0007813738554574621,0.00014495360066363628,-5.317172714740234e-05,-3.670805072464247e-06,-2.0132416465623321e-07,1.3417515501524594e-06,3.486094311054981e-07,3.033235416491285,6.380447905318002,9.853529010889455,9.949475019137486,9.999999999998849,9.999969590636654,9.999999999999693,0.3183098861837905,0.007285409514944524,0.08544869513727041,0.07543233833236061,0.009358159414345795,0.003454918443855943,0.14360712612952892,0.06266026666541898,0.018471764522904666,0.008232329830895273,0.010199673777842026,0.001265993460125175,0.18336549676804023,0.05135820044760148,0.011609009642984683,0.01162381356861428,0.014503691599620712,0.008257112375405948,0.0014577327462717568,0.0010625783967727553,0.1573160913098327,0.22060592780236596,0.03993010964021866,0.11282259169091126,0.09788813903997563,56,57,756
C:\Users\damba\.cache\kagglehub\datasets\sunnykusawa\ecommerce-products-image-dataset\versions\1\ecommerce products\sofa\95.jpg,sofa,exito,3025320.0,360495030.0,318253515.0,50030586900.0,34733702235.0,37977526380.0,7583183501070.0,3920027603595.0,5267164036200.0,4163814320040.0,7074249502.7326355,1254500097.7532842,54658571.79113209,-64351800604.95686,2220245494.7792454,-8912023652.564453,13470688816.78711,0.0007729256787892531,0.00013706547093406753,5.97194284524355e-06,-4.042335979216515e-06,1.3946739892074125e-07,-5.598195158445173e-07,8.461775670148644e-07,3.0409627837395083,6.3930161358039905,9.833817672880361,9.957061908572603,9.999999999999014,9.999972139494822,-9.99999999999988,0.3183098861837906,0.04341415149990617,0.004651726800721697,0.002722452129438173,0.09576689918731376,0.008930539142576495,0.010309250145826813,0.009867120345278067,0.011869378008023278,0.14237511777767786,0.038321755170552516,0.15941737007138493,0.050334618542241846,0.021353965769816637,0.051957291043273915,0.1649432551451994,0.12101840434838326,0.04063768145436625,0.17305766848749365,0.07092142140300622,0.08312437129333755,0.043936628155207075,0.10154489060571062,0.18120442395372588,0.08234147406742152,56,57,756
C:\Users\damba\.cache\kagglehub\datasets\sunnykusawa\ecommerce-products-image-dataset\versions\1\ecommerce products\sofa\96.jpg,sofa,exito,2769300.0,319696305.0,303429855.0,43809010455.0,34129199235.0,35215185585.0,6614999400345.0,3934521676605.0,4833484686795.0,3985207383495.0,6902309328.125694,882647071.882597,186332275.43232417,-36090891247.64106,1592444951.8082435,-9652990585.582031,4397634218.712891,0.0009000246559618179,0.0001150925131636427,2.4296743903840626e-05,-2.8279556396366587e-06,1.2477840049381973e-07,-7.563744818199944e-07,3.44583191491042e-07,2.993483783965326,6.208604269091908,9.918495952387834,9.972381122096362,9.999999999999675,9.999979675051192,-9.999999999999936,0.31830988618379064,0.021163490858090363,0.05115394864717307,0.05578485516371742,0.029355531567579023,0.06428878239079251,0.061307659950293546,0.08953357034571473,0.037774168264503014,0.018191591434546215,0.0790856457117511,0.029859916099625017,0.0129976358865642,0.11334833199600623,0.14883241255133894,0.019597463110804878,0.020426209592309653,0.050501328783885066,0.01600481821975619,0.01610552426497494,0.08927704851978445,0.11348178500997286,0.2543699315569754,0.014978903732562596,0.1497361045843866,56,57,756
C:\Users\damba\.cache\kagglehub\datasets\sunnykusawa\ecommerce-products-image-dataset\versions\1\ecommerce products\sofa\97.jpg,sofa,exito,3277515.0,397862985.0,345442380.0,55783064835.0,38165859180.0,41293687140.0,8526388525995.0,4387537877460.0,5751467568390.0,4504561899120.0,7485816818.405045,1757043995.305379,-640136641.82992,-62641741378.08555,-5430621201.346924,27478103797.44922,6482711599.3984375,0.0006968668724069137,0.00016356608549108047,-5.9591361948411495e-05,-3.221084383137611e-06,-2.792465336622031e-07,1.4129442935818808e-06,3.333457952130373e-07,3.0652829123398018,6.524744057666219,9.859394831100545,9.960093147911282,9.999999999999234,9.999980274167765,9.99999999999976,0.31830988618379064,0.008447401279920875,0.04937957040794818,0.05665989380900273,0.004720574150590679,0.06877308413193556,0.05501179166118365,0.0992337344449779,0.03113550612459685,0.018288381463955353,0.09295123597154015,0.02573756071029895,0.004413670060332861,0.13860582442634076,0.12367339568251196,0.023452822061658565,0.038234436127391636,0.06659636997634777,0.039121840947022854,0.012659147426444787,0.09142449603929477,0.15130454329544424,0.2166034496144573,0.012329953691034266,0.14715281378815587,56,57,756
C:\Users\damba\.cache\kagglehub\datasets\sunnykusawa\ecommerce-products-image-dataset\versions\1\ecommerce products\sofa\98.jpg,sofa,exito,2865690.0,341872125.0,316985145.0,47980056675.0,36060452955.0,37660846215.0,7383287134725.0,4210162306845.0,5261353972125.0,4278656826135.0,7195271910.417775,997490055.7781605,-154962583.08462733,-57423384918.560425,702466932.046819,-8933619025.416016,10985861567.628906,0.0008761708379863726,0.00012146472140807245,-1.886984925214695e-05,-4.130624994686389e-06,5.053041494451138e-08,-6.426202511698669e-07,7.902438082284712e-07,3.001028035871279,6.243283575812943,9.835107090171034,9.952691181676682,9.99999999999888,9.99996522630299,-9.999999999999737,0.3183098861837905,0.007571779380146602,0.017302209039349252,0.03704042084085419,0.01582147322461794,0.046068738878659685,0.0016673081918277383,0.06766665306971899,0.046875317848424365,0.0347223564676021,0.060222862602385005,0.09199727002285617,0.060960086700972686,0.09824593381369237,0.09054168087075644,0.0977691456226773,0.03411318492101758,0.01706367385569869,0.0496531615664502,0.10493656567380993,0.1544240497522951,0.1051597081795082,0.15482158029526777,0.12351343383520806,0.09216616999322141,56,57,756
C:\Users\damba\.cache\kagglehub\datasets\sunnykusawa\ecommerce-products-image-dataset\versions\1\ecommerce products\sofa\99.jpg,sofa,exito,2855490.0,332257350.0,306651780.0,45507620790.0,33925977750.0,35850223815.0,6845323429020.0,3857984633520.0,4922360905755.0,3990137587665.0,6847024314.781212,994566966.8530072,169024512.74959877,-43228026919.20788,1051873570.8327018,-4048289234.6347656,6296355942.755859,0.0008397317671888133,0.00012197553831671772,2.0729479882675726e-05,-3.1373560201391742e-06,7.634171890484561e-08,-2.938122673348869e-07,4.56969971330492e-07,3.0169570397116137,6.2865154636271,9.916347619447192,9.969676554475848,9.999999999999611,9.999977542840554,-9.999999999999988,0.31830988618379064,0.005377820058592841,0.049179587741794394,0.05687067696355925,0.015462361380507932,0.07102341018729846,0.05537099711154635,0.10323871232535922,0.027868115561326876,0.04287761103085977,0.10101107694505239,0.023974780823133313,0.00983158560593603,0.15041534843234577,0.11109980975069936,0.025227626275606027,0.0661380148038053,0.08403257307104679,0.04999636179422574,0.010896676586123071,0.07387964374521255,0.17262747235136444,0.19974913149927434,0.01008694530547222,0.14606664488880094,56,57,756
C:\Users\damba\.cache\kagglehub\datasets\sunnykusawa\ecommerce-products-image-dataset\versions\1\ecommerce products\tshirt\1.jpg,tshirt,exito,6118725.0,562456050.0,846951135.0,65088299670.0,130869431535.0,73690873335.0,8539487448360.0,21785587993275.0,8356271245545.0,10811257469835.0,13385239280.52303,13634840165.42737,-4164037603.9810333,95485542462.91418,-103956034717.37584,112326143394.90234,-65980970718.00391,0.00035752323376987845,0.0003641901385335964,-0.00011122253091739298,1.0310631913619234e-06,-1.1225284807766403e-06,1.212909817495217e-06,-7.124696418212761e-07,3.141635187604475,7.304288513359041,9.877100301866905,9.999523967466562,9.999999999999998,-9.999999941662033,10.0,0.3183098861837906,0.03390152907742216,0.01190697391183876,0.007696666843529528,0.07572188232471268,0.08378447255605281,0.024898482274543943,0.035228063882695296,0.06807368431761938,0.12334751321973196,0.1251014484221863,0.08776780752902844,0.03192956704742968,0.15357576810561407,0.11472509196246412,0.06829108546124367,0.15625593985614536,0.13464366239857198,0.10063671519333146,0.06516474691543069,0.003732201688939413,0.3061511998765501,0.1477754970953936,0.1864600355348844,0.05510551277148842,56,57,756
C:\Users\damba\.cache\kagglehub\datasets\sunnykusawa\ecommerce-products-image-dataset\versions\1\ecommerce products\tshirt\10.jpg,tshirt,exito,5730615.0,677241240.0,749455200.0,89632349550.0,113758782360.0,92634519630.0,13024773025890.0,18660556411470.0,12749681575380.0,14330958800670.0,9596315519.31785,15744328971.133375,4064275603.408093,163890765116.3193,-335039946202.4965,66850752305.53906,-176057252020.89062,0.0002922146965036734,0.0004794261196072857,0.00012376010975945933,2.084737613555596e-06,-4.26180436338959e-06,8.503607736954087e-07,-2.239498822076343e-06,3.112584752036336,7.015858205134163,9.649921941865038,9.952094992852457,9.999999999998627,9.999989422305179,-9.999999999998652,0.3183098861837906,0.03713387132400719,0.007035555451224933,0.003823854567640044,0.08352122405786418,0.008809088354858328,0.0025331458336247717,0.014775180210157775,0.011424317489286838,0.12441135254562924,0.03682265227436214,0.15871467232976927,0.013913908017726824,0.029220070493606753,0.037773778801623165,0.15381327771969694,0.09615097683182926,0.033799862175937785,0.15590511362983125,0.0835786080572254,0.017635997396322267,0.034898909408474704,0.06589455830879624,0.15967503341254805,0.07561643460462891,56,57,756
C:\Users\damba\.cache\kagglehub\datasets\sunnykusawa\ecommerce-products-image-dataset\versions\1\ecommerce products\tshirt\100.jpg,tshirt,exito,6083790.0,618422430.0,806220495.0,77434842240.0,127717190385.0,78585603180.0,10794068377050.0,22238772966135.0,9829132402320.0,12023145244980.0,14571676034.870485,20877295096.36494,-3367396123.674655,-39695758471.14368,-219533915908.72424,252107183857.6953,-66924874350.90625,0.00039369606846463546,0.0005640606461429572,-9.097996769083045e-05,-4.348190549242746e-07,-2.404728704419347e-06,2.761529484423657e-06,-7.330811083340531e-07,3.018744749252538,7.205975721969357,9.662791015743995,9.993571194909007,9.999999999999943,-9.999999743597225,-9.999999999999936,0.3183098861837905,0.021037038184656492,0.01911753970918591,0.03597841909659209,0.03080295483403327,0.042420624214322154,0.007500420578406744,0.05846673251858352,0.04201466549652494,0.04002436693991518,0.03739351603153293,0.0964675659608515,0.05418588227858558,0.07642219014068274,0.11769765547968569,0.09341172764536382,0.07003914045678963,0.04274161580590324,0.07926178188174525,0.11212805181102044,0.1471192512513487,0.08737227017076299,0.21895656827748455,0.13428078700211524,0.1269735158897061,56,57,756
C:\Users\damba\.cache\kagglehub\datasets\sunnykusawa\ecommerce-products-image-dataset\versions\1\ecommerce products\tshirt\101.jpg,tshirt,exito,2750940.0,311681655.0,309479475.0,42887068155.0,40680804075.0,34635745260.0,6503722600815.0,5793606801615.0,5002473478770.0,4397879456520.0,7573519308.591487,5864506574.409062,-428296469.9290917,-71544924176.71185,-102473345270.49797,274750216269.79883,-114891599014.00781,0.001000772817037295,0.0007749420745976299,-5.6595546571304874e-05,-5.700015441803355e-06,-8.164096295250696e-06,2.188947005532546e-05,-9.153464009491409e-06,2.7506267387224397,7.194419305616767,8.220060753422857,9.293272203695555,9.999999997432516,9.999768004485768,9.99999999897324,0.31830988618379064,0.43147494344551224,0.1640584801514741,0.364971370330893,0.1022049080450388,0.2315768272532485,0.34388275275286423,0.13102275739676714,0.13588771521166682,0.22228817218198277,0.06219514094936482,0.11593863704528273,0.04784821806127992,0.024577267573031678,0.27087720078915517,0.14341785823082737,0.04789262461714285,0.07869368276433292,0.2973291755960267,0.1620812033290278,0.05283130152890337,0.19521444883355188,0.12986053343290432,0.10681057006011829,0.12958383053105316,56,57,756
C:\Users\damba\.cache\kagglehub\datasets\sunnykusawa\ecommerce-products-image-dataset\versions\1\ecommerce products\tshirt\102.jpg,tshirt,exito,6361485.0,673135740.0,776600970.0,82579645230.0,112612433940.0,79584638865.0,11046389470470.0,17992949668170.0,9688258836795.0,11216660139285.0,11352294310.309462,17806100732.432755,-2590807375.251728,-94182371382.8718,-102101351099.06981,155342778925.04688,-66775569829.41406,0.0002805218063761017,0.00043999912312357064,-6.40203596746189e-05,-9.227272629576861e-07,-1.0003114049967524e-06,1.5219304325545722e-06,-6.542162601815804e-07,3.142353339121493,7.377501650064651,9.879219051602005,9.988180818414353,9.999999999999922,-9.999999380933467,-9.99999999999992,0.31830988618379047,0.03846538924424404,0.03392614119536278,0.03227211680960068,0.08331332771211636,0.049861615218002114,0.015104450582179189,0.04185191507896893,0.05775950513127493,0.12188118840953588,0.09025760428443258,0.11252756562276633,0.06398755789341913,0.02894875426277967,0.07773235977004612,0.113267080373427,0.10678104779842026,0.11569650800534655,0.1398151741985252,0.13508849257360256,0.16134073911488858,0.024971818183568802,0.1428820437712877,0.15928458705736234,0.19623678602060662,56,57,756
C:\Users\damba\.cache\kagglehub\datasets\sunnykusawa\ecommerce-products-image-dataset\versions\1\ecommerce products\tshirt\103.jpg,tshirt,exito,5104080.0,542468385.0,576578205.0,65188612845.0,75107748705.0,61250578740.0,8538931751085.0,10772421268185.0,7325002885050.0,7971862347930.0,7534354149.111965,9975065345.604773,-28916818.95458081,9077323844.235865,34285997308.959778,-32828587116.34375,-4155568296.4101562,0.00028920852106952753,0.00038289597742286596,-1.1099810651819835e-06,1.542283270539024e-07,5.825364498473065e-07,-5.577743129338805e-07,-7.060520890422473e-08,3.1725631331767543,8.051476141413975,9.977889775258125,9.999966968864273,-10.0,-9.999999997364318,-10.0,0.31830988618379047,0.045380065754502256,0.038180291987843396,0.04400021062938468,0.09157092954971462,0.05910856355155031,0.03648268686907611,0.03832012483147155,0.043941537117147676,0.12085559631415321,0.10448939784948617,0.07255227589127447,0.010753875664583119,0.04759163389570664,0.09768362911482198,0.0708555742604122,0.09449374841518118,0.12815150564172553,0.07827324347268844,0.09406141570623877,0.09252277973403816,0.16456008426906704,0.15666534570298923,0.188855801375078,0.07071399609419592,56,57,756
C:\Users\damba\.cache\kagglehub\datasets\sunnykusawa\ecommerce-products-image-dataset\versions\1\ecommerce products\tshirt\104.jpg,tshirt,exito,6267135.0,611661360.0,853486275.0,72209422020.0,135930890325.0,80786161125.0,9527603061810.0,23341994800815.0,9546420838575.0,12303150524325.0,12512348426.23673,19699339287.185177,-2512599107.200831,37723972251.72802,-535164484453.22156,203071597548.23438,-279111631676.7461,0.0003185669588953342,0.0005015492212322788,-6.39712889409076e-05,3.8365847125237865e-07,-5.442703292320581e-06,2.065268687778898e-06,-2.838607270817092e-06,3.0861245668387816,7.3014487569192275,9.502164466503737,9.930206744742678,9.999999999998463,-9.999995061423157,9.99999999999563,0.3183098861837906,0.11768469532543137,0.016285351886254643,0.08751920261681681,0.07552407922750777,0.10571536445053216,0.028988827248108952,0.09649914076111947,0.03842843986258233,0.061573762802479566,0.09354512345444715,0.05883674446341651,0.12738116706185143,0.017816843252646025,0.05189178032156602,0.10232648872822243,0.09762552124536633,0.07282265205389807,0.05933821748937064,0.10327681457631643,0.1651470518315495,0.1697071786712114,0.09870598441058495,0.14157793006584857,0.1248195856161939,56,57,756
C:\Users\damba\.cache\kagglehub\datasets\sunnykusawa\ecommerce-products-image-dataset\versions\1\ecommerce products\tshirt\105.jpg,tshirt,exito,3299190.0,329155020.0,443907315.0,35315217750.0,72917131935.0,43731622035.0,4045707353160.0,12938004865665.0,4695732263895.0,7208480992815.0,2475936838.260933,13189227718.962362,-556315654.8485131,28322696975.107723,-422255556457.6779,55061278275.228516,83357904076.54297,0.0002274704082479423,0.0012117267966394165,-5.111008777267376e-05,1.4325714367760029e-06,-2.1357826542185273e-05,2.785017775630367e-06,4.216270523761277e-06,2.841879662943247,6.009079987105974,8.95520190619472,9.321610343273043,9.999999999126729,9.998571091225884,-9.999999999494396,0.3183098861837907,0.49074069215763594,0.33909308503496116,0.5241257957326833,0.1839567482731748,0.46110501819319494,0.05143780208394108,0.3002637563246706,0.3740644492503222,0.15298475618734395,0.44064394698321735,0.3301762720009577,0.014552753676242168,0.15750014330408596,0.4581706107619592,0.32143665472217214,0.07413736919504034,0.12899241226986313,0.354266183494747,0.2858592989952613,0.17318271655998396,0.33678300263963007,0.2741627530701561,0.2061463443778839,0.1887306376357028,56,57,756
C:\Users\damba\.cache\kagglehub\datasets\sunnykusawa\ecommerce-products-image-dataset\versions\1\ecommerce products\tshirt\106.jpg,tshirt,exito,5826240.0,625001175.0,853500810.0,84588785385.0,146803760100.0,92020597695.0,13035657436965.0,27028164942480.0,13098245833425.0,15892799672235.0,17542719869.095978,21772241887.45536,462575863.8615994,197784071087.60767,-856436503617.9716,607373888586.832,9118205988.703125,0.0005167972420640552,0.0006413962398618786,1.3627187373048538e-05,2.4139061745692934e-06,-1.045259789042481e-05,7.412849638849296e-06,1.1128547216209197e-07,2.936218846017974,7.786012046603234,8.930688034944756,9.936979572340555,-9.999999999995245,-9.999999732388021,-9.99999999999262,0.0,0.0,0.0,0.0,0.0,0.0,0.0,0.0,0.0,0.0,0.0,0.0,0.0,0.0,0.0,0.0,0.0,0.0,0.0,0.0,0.0,0.0,0.0,0.0,0.0,56,57,756
C:\Users\damba\.cache\kagglehub\datasets\sunnykusawa\ecommerce-products-image-dataset\versions\1\ecommerce products\tshirt\107.jpg,tshirt,exito,5861430.0,647905020.0,730460250.0,82531845480.0,103204145700.0,80927133795.0,11552191014300.0,15771615878160.0,10477758673245.0,11450177976915.0,10914353683.424698,12173087267.149574,184232679.49491435,16486232455.124092,-123897470276.50934,151786506373.1289,-3619711035.8007812,0.000317680719403094,0.0003543182887922766,5.362403661921593e-06,1.9820402156316496e-07,-1.4895444994574417e-06,1.8248375463629038e-06,-4.351760089184573e-08,3.172631303294518,8.807618518346258,9.82796315025677,9.999408245779112,-10.0,9.999999981087873,-9.999999999999998,0.3183098861837905,0.024150425858361316,0.019780507306159514,0.03555098690602373,0.032983108064058575,0.043702329216138404,0.009391123681699776,0.05846510029447661,0.044061859935459136,0.021853820651382954,0.044313145640750784,0.09401151620599253,0.05407041364779692,0.0759966611510217,0.1230043742146204,0.08591670935572406,0.032126269122051326,0.01549216364541721,0.061894358274800096,0.10416904347269541,0.1571024472985892,0.07926861383021701,0.2215261975356451,0.10671206451795118,0.12513695265982377,56,57,756
C:\Users\damba\.cache\kagglehub\datasets\sunnykusawa\ecommerce-products-image-dataset\versions\1\ecommerce products\tshirt\108.jpg,tshirt,exito,8507310.0,930622500.0,911763975.0,147693707040.0,142372845165.0,99126960390.0,26398124257050.0,25136675929875.0,15900319626570.0,15487688512920.0,45892052050.790726,44655288603.9013,-611743127.8496404,201425265346.82187,306195069975.6392,205205944891.375,44517591946.03906,0.0006340930024901617,0.000617004574050739,-8.452488379939804e-06,9.541865670006808e-07,1.4504993807481078e-06,9.72096304537009e-07,2.1088758729937748e-07,2.902708782451468,9.168903160491107,9.990328543244908,9.969698405760859,-9.999999999999945,-9.99999925073673,-9.999999999999886,0.3183098861837906,0.024661718454982825,0.014456910342286473,0.009797286367165156,0.053911714733029525,0.08485984958587821,0.04124311119055769,0.011406421563730187,0.05561701750433811,0.08223528884966448,0.11218942495863853,0.0754335029979384,0.08899532568393693,0.06851400924477766,0.057918704888739216,0.050884852963699365,0.07312589942859886,0.07114337341655391,0.04716203408641311,0.049470326211432554,0.13910843582826035,0.13174756634419574,0.04665938447367656,0.12479688310015905,0.0720938296698173,56,57,756
C:\Users\damba\.cache\kagglehub\datasets\sunnykusawa\ecommerce-products-image-dataset\versions\1\ecommerce products\tshirt\109.jpg,tshirt,exito,5433795.0,616643550.0,724653135.0,77678200980.0,113366431455.0,82734900960.0,10579757324040.0,19312796091555.0,10491027212940.0,12967220363820.0,7699619204.904976,16726391470.913692,499063633.5956712,17046980671.831469,-267074696889.9284,18559885278.625,-31057045714.59375,0.0002607730745561898,0.0005664945777217076,1.6902440843960293e-05,2.4767909046679487e-07,-3.880383235354816e-06,2.696603928561867e-07,-4.512342087585548e-07,3.0823539045747452,7.023611465779381,9.904640361108797,9.946618985085108,9.999999999998995,9.999982529495123,-9.999999999999838,0.3183098861837905,0.023190816033910464,0.0195664276178117,0.035724371538388415,0.03389459973094607,0.04250326030214941,0.009117775038432155,0.05748997088449982,0.0421995811677556,0.03881049336952259,0.03765074624298374,0.09623634028145796,0.05190424695642599,0.07390954350887687,0.12113725960995253,0.09128354177343222,0.06461798907216007,0.03850100312907575,0.07765751182266828,0.11053455440950621,0.14648687049271755,0.08244481032773168,0.22397768425558343,0.12810821726819518,0.129012096664147,56,57,756
C:\Users\damba\.cache\kagglehub\datasets\sunnykusawa\ecommerce-products-image-dataset\versions\1\ecommerce products\tshirt\11.jpg,tshirt,exito,5487090.0,613393065.0,640684185.0,78092018295.0,84774555435.0,71988827385.0,10853091176085.0,12203924099145.0,9218881299675.0,9564416011095.0,9521783035.491922,9966920621.444145,367761221.664429,-5541325808.88234,-22048827894.571384,18469886297.976562,1722126095.7734375,0.0003162526069083591,0.0003310372246071189,1.2214670785677058e-05,-7.857031182411875e-08,-3.126297465231006e-07,2.618840284507173e-07,2.441798028343368e-08,3.1889011483061496,9.038399695528012,9.994693879606638,9.999976081443123,-10.0,9.999999999439845,10.0,0.3183098861837906,0.02928335257319378,0.009492640594729733,0.0048498518455664325,0.06844916816016226,0.00859410942396739,0.015974089995116566,0.01952714247469986,0.010899906761105187,0.10350389273153554,0.03442041486804766,0.15791694112075466,0.024511462632059493,0.03804988736646249,0.02063079971464347,0.1403432536291801,0.0703215063498562,0.02482945495889001,0.13754993321654696,0.0969211814145859,0.05019792235270541,0.033109265064795515,0.02558716717696781,0.1343295494030687,0.06556054435113148,56,57,756
C:\Users\damba\.cache\kagglehub\datasets\sunnykusawa\ecommerce-products-image-dataset\versions\1\ecommerce products\tshirt\110.jpg,tshirt,exito,5129835.0,565661145.0,574597620.0,76176709215.0,77996441490.0,60765211995.0,11473479548985.0,11604638195910.0,7879556285385.0,8030666180505.0,13801889954.202919,13635224236.489042,-2595022329.0035734,29721551660.371143,-186404681205.75433,-80767820657.71094,11427922164.476562,0.0005244834246401906,0.0005181499872133786,-9.861303072620825e-05,4.986697083405893e-07,-3.1275072402809165e-06,-1.355126610848782e-06,1.9173826043196969e-07,2.9818683202883527,7.408509862124436,9.99617140358754,9.918758327884834,-9.999999999999673,9.999995237885438,9.999999999999805,0.3183098861837905,0.04910068261178345,0.07433782514791701,0.08115346407544627,0.09672731151299599,0.02387296396850053,0.0886427812341601,0.09515754518313163,0.013901268240389883,0.12081952728703901,0.0620449359836816,0.007829926471215881,0.04575059868150384,0.03997609956888803,0.031949980905406766,0.009401259350981217,0.06204941993719286,0.08065065883379202,0.007613544684346272,0.006696326399273383,0.03994565062590116,0.07263505374050369,0.09066416340800391,0.11154197334399994,0.0954671141011218,56,57,756
C:\Users\damba\.cache\kagglehub\datasets\sunnykusawa\ecommerce-products-image-dataset\versions\1\ecommerce products\tshirt\111.jpg,tshirt,exito,5634990.0,628650735.0,700413345.0,79029048945.0,99565789635.0,78168008550.0,10802842879875.0,15538082266485.0,9792211015050.0,11112782881050.0,8895517809.001493,12506388668.167933,28497363.98927531,1400938843.341786,53318175031.44462,-37235053420.57422,-2059683527.5664062,0.0002801463278600718,0.0003938633967583879,8.974667969534932e-07,1.858601583404659e-08,7.073631015990971e-07,-4.9399108015704e-07,-2.7325468801449103e-08,3.1713337729802786,7.884895843114002,9.979625015662583,9.999801989501936,10.0,9.999999977582206,-10.0,0.3183098861837905,0.006844881995282815,0.017252825872628105,0.03682681338126163,0.010531894662803123,0.04359155417590068,0.001033471290497262,0.06363341076597612,0.043262975750982764,0.03768445644236232,0.04562450998619245,0.09572658384510918,0.06288760560298653,0.09011960257694886,0.09760979242641614,0.10109276213843,0.06905162525951727,0.0373055547239797,0.07400812146087148,0.11450158723059273,0.15251458079046706,0.10496862343353819,0.17974296131652862,0.14739156823016644,0.10715087884098083,56,57,756
C:\Users\damba\.cache\kagglehub\datasets\sunnykusawa\ecommerce-products-image-dataset\versions\1\ecommerce products\tshirt\112.jpg,tshirt,exito,5114280.0,559532475.0,563969985.0,70533944775.0,70376567445.0,61704359145.0,9758408752845.0,9563166160215.0,7784680043415.0,7699307719785.0,9317783246.959759,8185575950.420069,2707782.000145425,2736921259.923058,-2815752831.934018,6056667167.28125,-902120124.6796875,0.0003562407535454389,0.0003129538075198865,1.0352487009003162e-07,4.627016515524111e-08,-4.7602885211826495e-08,1.0239351574488048e-07,-1.525116844609892e-08,3.174447532561881,8.704696290808114,9.999416961895056,9.999982784076945,-10.0,-9.999999999619583,-10.0,0.3183098861837905,0.0017405962415251712,0.017046316102642328,0.03691293010706792,0.014965723470457515,0.04481731532397528,0.001250123044038194,0.0654539069274573,0.04478039662072364,0.04296326344587263,0.05358374737394507,0.0948580114799766,0.05904983227375492,0.095071649104945,0.0877130247189472,0.10407621758908642,0.06071983179112063,0.026147274225666848,0.06880624156843947,0.11345490733947794,0.14469780498276394,0.10837368036221466,0.1550469442650229,0.14796051611470742,0.09382675957646423,56,57,756
C:\Users\damba\.cache\kagglehub\datasets\sunnykusawa\ecommerce-products-image-dataset\versions\1\ecommerce products\tshirt\113.jpg,tshirt,exito,5200215.0,561838695.0,616399515.0,67084254795.0,86539586385.0,64688727420.0,8640451901265.0,13323959552115.0,7587839434380.0,8855782339470.0,6382395506.623837,13475614589.17324,-1907961198.8807476,13446345936.787605,-128500330832.38348,48387842552.578125,-41764312953.08984,0.00023601581968717402,0.0004983173198450943,-7.055486076001072e-05,2.1804745952551562e-07,-2.083775831583537e-06,7.846627024256783e-07,-6.772548007511277e-07,3.1341068130440934,7.051518420660972,9.903940639366246,9.99183192639973,9.999999999999952,9.999999048845948,9.99999999999997,0.31830988618379047,0.015122037111039703,0.046807141675626635,0.040651018848990826,0.038150850776778676,0.051987738535025065,0.07909508694808756,0.019769627799817138,0.04518864661217484,0.07195671476828036,0.08392064848689429,0.07204474614390308,0.09462172230668225,0.12663776550456057,0.08895794581450733,0.075547799648488,0.10867115515031367,0.10233800850098318,0.09252434653597093,0.09470251594870359,0.050009892075017916,0.3060691615740938,0.13247969019527783,0.18797888606109905,0.11673077322183907,56,57,756
C:\Users\damba\.cache\kagglehub\datasets\sunnykusawa\ecommerce-products-image-dataset\versions\1\ecommerce products\tshirt\114.jpg,tshirt,exito,4945215.0,666321375.0,680113050.0,101324436405.0,120540324780.0,88047118590.0,16535650293885.0,22803518646600.0,13330502277600.0,15489508059300.0,11543875846.5833,27004702814.05868,-3591740919.939157,-227726068988.80914,-1202222160330.0222,363307931934.47656,235769807956.64844,0.0004720427062400137,0.0011042541661887744,-0.0001468705248127637,-4.187451641781238e-06,-2.2106591403495093e-05,6.6805456345269426e-06,4.335360785852898e-06,2.8023619585868738,6.313296595138937,8.663122031709236,9.471102875304753,9.999999999320366,9.999341373261956,9.9999999997453,0.0,0.0,0.0,0.0,0.0,0.0,0.0,0.0,0.0,0.0,0.0,0.0,0.0,0.0,0.0,0.0,0.0,0.0,0.0,0.0,0.0,0.0,0.0,0.0,0.0,56,57,756
C:\Users\damba\.cache\kagglehub\datasets\sunnykusawa\ecommerce-products-image-dataset\versions\1\ecommerce products\tshirt\115.jpg,tshirt,exito,3239010.0,327846870.0,430370895.0,36088591950.0,66820294095.0,43516452525.0,4268494781100.0,11331118198965.0,4816503489645.0,6786798509325.0,2904510959.5748744,9636430117.08668,-44929151.76192164,27692323722.79732,-108175869907.72995,30467060841.91211,35305962832.55859,0.0002768524950806075,0.0009185263057075353,-4.28256182891591e-06,1.4666573998830124e-06,-5.729275075545289e-06,1.613614685563215e-06,1.8698955048592782e-06,2.922494414013589,6.385188554435362,9.640369179805461,9.89254836613173,-9.999999999999273,9.999982798626927,-9.999999999992703,0.3183098861837906,0.04635887437120262,0.003405975283179377,0.0037901934415966814,0.10138459915606507,0.009049119347827839,0.01671153224926735,0.017732468577897988,0.011985208066120358,0.1522913273112275,0.03961138209917293,0.1595230174395865,0.06864162344284262,0.0501998691749364,0.05705336309124678,0.16853459100959842,0.14546227587501448,0.04634987992974794,0.1802715444847192,0.07436528685075895,0.12170441490351287,0.09670200676953096,0.11688560723788845,0.20189412936412787,0.08659398407333518,56,57,756
C:\Users\damba\.cache\kagglehub\datasets\sunnykusawa\ecommerce-products-image-dataset\versions\1\ecommerce products\tshirt\116.jpg,tshirt,exito,5485305.0,587529690.0,727832985.0,73305336540.0,111368842035.0,75235275225.0,9979294996410.0,18500672142555.0,9325466600025.0,11221284601005.0,10375173744.768723,14794293481.362564,-2722739515.9897265,-94986539550.55025,-202657263073.27997,182007612279.125,15143469767.628906,0.00034482108719669353,0.0004916914634921242,-9.049082195181158e-05,-1.347907576443424e-06,-2.875810210691898e-06,2.58278110479906e-06,2.1489358102750986e-07,3.0775274867604017,7.264199464725638,9.663854500130036,9.994092323886884,-9.99999999999996,-9.999998714041283,-9.999999999999936,0.3183098861837905,0.04131727002028589,0.025076637499898267,0.03290284164709361,0.09092817837287301,0.04800221506133988,0.04770905939288993,0.05356498169445762,0.047670057436976276,0.1408382253506007,0.07888998056433814,0.10240110123719998,0.08241803536005123,0.10312863112767347,0.08423938669594773,0.13590178388989888,0.163378552099347,0.07024102343297656,0.13051868090477575,0.13825419635121927,0.1244099545022288,0.17900480976509323,0.12193712409293128,0.2350556351276509,0.03772640390671539,56,57,756
C:\Users\damba\.cache\kagglehub\datasets\sunnykusawa\ecommerce-products-image-dataset\versions\1\ecommerce products\tshirt\117.jpg,tshirt,exito,4099635.0,454903935.0,566885655.0,61129425945.0,93479912715.0,62975949030.0,9191145102675.0,16619723346105.0,8871770546730.0,10440694861080.0,10652349308.059343,15092606077.999638,73150328.51745231,44085025099.06121,-480331979101.56134,402736739773.1406,47741371000.95703,0.0006338040570591062,0.0008979948635925643,4.352370885405576e-06,1.2954722422140063e-06,-1.4114923255131408e-05,1.1834727690945096e-05,1.402916768177083e-06,2.8147982124761035,7.1550722691599145,8.589975143447147,9.948922394745974,-9.999999999992106,-9.999997145972385,-9.999999999994683,0.31830988618379047,0.04606586251248332,0.0378847624243986,0.04421563249153881,0.09297868264105104,0.059374457056369206,0.03505820697956436,0.039796594244651685,0.04380182020455278,0.12280957789666964,0.10520734051065338,0.07233367974087795,0.01418150382555154,0.044337432432149305,0.09720972141141046,0.07044593471777004,0.09467564237104663,0.12893480200341956,0.07672818517197885,0.09360117618448355,0.09703253927359935,0.15618222806716456,0.15591239802201617,0.18729314588742457,0.06938543990793662,56,57,756
C:\Users\damba\.cache\kagglehub\datasets\sunnykusawa\ecommerce-products-image-dataset\versions\1\ecommerce products\tshirt\118.jpg,tshirt,exito,5494740.0,510210630.0,667119525.0,53779698900.0,96808674045.0,61601108370.0,6173418626550.0,15440620855425.0,6535051396170.0,8886277710930.0,6404411449.638945,15813311091.297794,-343855929.5939308,-9616723253.322428,-152781892036.72937,69484456901.47656,-19335396355.48047,0.00021212161777015056,0.0005237554078724685,-1.1388911633626476e-05,-1.3588116133050918e-07,-2.158758276947498e-06,9.817927010565074e-07,-2.7320284075562683e-07,3.1331946966820317,7.0099523339424366,9.89784187643708,9.993308962983358,9.999999999999972,9.999998446947407,9.999999999999966,0.3183098861837906,0.02392505243697011,0.014625577219728651,0.009103613649231254,0.05490849734874414,0.08452825821490564,0.04089775765692064,0.016450114262382694,0.05879212323027031,0.08859180154671294,0.11449522419358453,0.07891617500861575,0.08379872701797059,0.09161368043679761,0.07104799550520141,0.05521122384601598,0.09212153506329111,0.0821660893673409,0.0605708568227937,0.053718645457526165,0.12036662004749833,0.17798096968789964,0.05920029316855593,0.14034602245804947,0.06676948134765887,56,57,756
C:\Users\damba\.cache\kagglehub\datasets\sunnykusawa\ecommerce-products-image-dataset\versions\1\ecommerce products\tshirt\119.jpg,tshirt,exito,3208665.0,306131325.0,417447750.0,35489268255.0,62543768910.0,39320855670.0,4691010053535.0,10106272763040.0,4556434477500.0,5896239150360.0,6281984806.507988,8233760236.591436,-506871071.73487926,106361491258.81802,-173106660367.73416,35994681944.078125,60970442021.64844,0.0006101661736861435,0.000799741185843908,-4.9232144285395886e-05,5.7673123811254885e-06,-9.386481646489212e-06,1.951764425017359e-06,3.3060422620296237e-06,2.850809391695236,7.33976174928319,9.456501921620188,9.624152129491042,-9.999999999919314,9.999964579394112,-9.999999999924157,0.3183098861837906,0.2544047383431525,0.06311931387814754,0.018318721584243216,0.18603395350281268,0.11490456282942911,0.07043314559039825,0.0359856225685507,0.0895871696629354,0.10693411030637699,0.14549701804066495,0.1377613166100817,0.10809222724687931,0.16796711678447954,0.09873266196883179,0.1294565837353229,0.2426076424927688,0.15332674914286876,0.10634935941197123,0.18413374843765265,0.001176673993095379,0.21589137471727424,0.13641039991535042,0.17224960711684636,0.1415911870035785,56,57,756
C:\Users\damba\.cache\kagglehub\datasets\sunnykusawa\ecommerce-products-image-dataset\versions\1\ecommerce products\tshirt\12.jpg,tshirt,exito,8326005.0,766652910.0,952511445.0,93598291110.0,149490435765.0,87566979855.0,12893105512950.0,26283016202625.0,10728585115785.0,13711802177475.0,23005409600.624493,40521241913.20818,-139629871.7002417,37993045130.19555,-90405907989.73067,46469476917.03125,-21228188791.726562,0.0003318613192942879,0.0005845335090402053,-2.0142111894446126e-06,1.8993825123060753e-07,-4.5196535328086423e-07,2.3231439204137752e-07,-1.0612587230311785e-07,3.037917323020875,7.194095186755206,9.993198735525786,9.999760027149577,10.0,9.999999954121208,-10.0,0.0,0.0,0.0,0.0,0.0,0.0,0.0,0.0,0.0,0.0,0.0,0.0,0.0,0.0,0.0,0.0,0.0,0.0,0.0,0.0,0.0,0.0,0.0,0.0,0.0,56,57,756
C:\Users\damba\.cache\kagglehub\datasets\sunnykusawa\ecommerce-products-image-dataset\versions\1\ecommerce products\tshirt\120.jpg,tshirt,exito,5983320.0,663850425.0,762936030.0,84094507665.0,110848403610.0,84832737000.0,11647414294185.0,17478729080550.0,10895629134450.0,12342859922220.0,10440184183.608295,13566061052.329527,184847907.77148086,433008158.29717505,-115234556035.52344,131679931163.42969,-2930392335.796875,0.00029162429349397824,0.00037893900148746695,5.163332328210643e-06,4.944706322474357e-09,-1.3159129380775358e-06,1.5037097470111266e-06,-3.346340994388544e-08,3.1735601577241783,8.106210603996976,9.873006978767206,9.999843330653016,-10.0,9.999999987415206,10.0,0.3183098861837906,0.034971336333808875,0.01155976183463118,0.005814730018535743,0.07846748301797694,0.08368549407971451,0.022291888065110833,0.046892710923593435,0.0707988864259247,0.13329801481601586,0.12997451902398402,0.09164879504304085,0.020111021309861286,0.18965347605168897,0.12945908173179038,0.07284828546451691,0.18764014609555998,0.15989141362153292,0.11790611592737942,0.070268615889478,0.03675538710947096,0.3781436559930569,0.18256416334306685,0.20767829451259173,0.045814687783145014,56,57,756
C:\Users\damba\.cache\kagglehub\datasets\sunnykusawa\ecommerce-products-image-dataset\versions\1\ecommerce products\tshirt\121.jpg,tshirt,exito,5600310.0,655720260.0,694603935.0,85231058220.0,100197437385.0,80660654460.0,11985152854650.0,15686305958385.0,10500145987440.0,11501180972400.0,8455119142.615419,14046023174.450184,-668034997.4091694,25793908243.986546,-225381112631.72873,85411756755.33594,-64866303123.97656,0.0002695849208502269,0.0004478465627597649,-2.129977814198188e-05,3.4752574377846696e-07,-3.0365983339969587e-06,1.1507672281785257e-06,-8.739548123567097e-07,3.144219508220953,7.472474043624691,9.821244278550338,9.98366256298827,9.999999999999785,9.999997828623282,9.999999999999913,0.31830988618379047,0.01808318545474745,0.031206971958886994,0.002284341082230165,0.03853328186091435,0.06658389066622736,0.0006027766784004561,0.008150589516084793,0.08055404814741336,0.057067108875403255,0.11282814234436633,0.11248595723494938,0.10884415922566783,0.02650045372355175,0.011113634393051226,0.022615365175188914,0.059690196799398715,0.14412578696190462,0.14417841304295403,0.1317866622834374,0.22862370512695376,0.057310286400144274,0.18715005933742584,0.05385101545589088,0.39419580428526957,56,57,756
C:\Users\damba\.cache\kagglehub\datasets\sunnykusawa\ecommerce-products-image-dataset\versions\1\ecommerce products\tshirt\122.jpg,tshirt,exito,6544065.0,705676290.0,813177915.0,96280082250.0,116440797645.0,89960743140.0,14991523634310.0,17943426864555.0,12899833364100.0,13063617412530.0,20183798629.931416,15393769315.705091,2272070401.093008,256182907463.76276,-351445133533.361,445872567162.96875,-57386891331.953125,0.0004713111301617739,0.0003594593340262262,5.305503132389799e-05,2.3384664273792455e-06,-3.2080307541588458e-06,4.06997500154254e-06,-5.238340062574851e-07,3.0805188997599484,7.6221444935676805,9.452223802229053,9.982817027311372,9.99999999999944,9.99999731975233,-9.999999999999995,0.3183098861837905,0.03984938410155119,0.024515187508108948,0.03458837980666108,0.08805131616152978,0.050571951704536176,0.04375996920531496,0.05924640891753091,0.05284975456678535,0.1302432720609746,0.0920404868252864,0.0953011618803069,0.06604041782845191,0.08181197650137591,0.08793287862584048,0.12137968928410446,0.10476283803389787,0.09784168310273128,0.0851623528168371,0.11300064679032217,0.07373711019053758,0.0853288344531059,0.12474002363086717,0.164218383365647,0.03383459449737792,56,57,756
C:\Users\damba\.cache\kagglehub\datasets\sunnykusawa\ecommerce-products-image-dataset\versions\1\ecommerce products\tshirt\123.jpg,tshirt,exito,7307025.0,904293240.0,801792165.0,147779169270.0,128748667935.0,95845618860.0,26575971404010.0,23120412387105.0,15810555633780.0,14884464114540.0,35866829581.8646,40768857293.13313,-3381526892.815211,-590210023575.2498,45908890573.34182,431876041087.65625,-306942310897.59375,0.0006717563846252221,0.000763567354567194,-6.333323314361413e-05,-4.089357675916023e-06,3.1808655658141015e-07,2.9923171974744674e-06,-2.126695320301425e-06,2.8430501019214516,7.609530369037729,9.744188870111698,9.825073957502768,9.99999999998729,9.999988397466291,-9.999999999995197,0.0,0.0,0.0,0.0,0.0,0.0,0.0,0.0,0.0,0.0,0.0,0.0,0.0,0.0,0.0,0.0,0.0,0.0,0.0,0.0,0.0,0.0,0.0,0.0,0.0,56,57,756
C:\Users\damba\.cache\kagglehub\datasets\sunnykusawa\ecommerce-products-image-dataset\versions\1\ecommerce products\tshirt\124.jpg,tshirt,exito,4908495.0,531133635.0,584459745.0,63131332005.0,81540580665.0,63224443980.0,8053541121765.0,12602985839655.0,7475948401560.0,8817620948400.0,5658942152.64949,11948334258.420181,-18205523.16197991,-2386995059.0741773,48459906488.138565,-37226833163.5625,-1307097317.1640625,0.0002348759494026244,0.0004959188973883413,-7.556252426152612e-07,-4.471782146400466e-08,9.078449652675212e-07,-6.974052471328321e-07,-2.4487082301583278e-08,3.1362044643140083,7.165924678203302,9.962568758999103,9.999786925762793,10.0,9.999999955032916,-10.0,0.3183098861837906,0.045558192786232854,0.0005779570602843981,0.06469600401216431,0.09710843114546583,0.06216963139528112,0.03792715537413835,0.0948909920935144,0.010883666556543657,0.14040519374721333,0.11964745184081291,0.04080747518412989,0.1293196397719852,0.10122541215041406,0.04410201081026389,0.09084032960741921,0.12245230405543873,0.15749178171924866,0.04754738953378759,0.1453261676368121,0.23831256501851739,0.08465837880307901,0.12306214309418982,0.18109870232180797,0.10550963197303795,56,57,756
C:\Users\damba\.cache\kagglehub\datasets\sunnykusawa\ecommerce-products-image-dataset\versions\1\ecommerce products\tshirt\125.jpg,tshirt,exito,6494850.0,762605040.0,783805995.0,104204671350.0,124086701325.0,100382565345.0,15759016886100.0,21761761184955.0,14580788826375.0,16499253692025.0,14661964892.822147,29496089101.78623,8350508843.4311,80504801880.64722,-332409324352.81244,44267371335.234375,-86118042962.46094,0.00034757931619808745,0.0006992398737454185,0.00019795874392843367,7.488571350478492e-07,-3.092077596403335e-06,4.117758953478265e-07,-8.01071605944776e-07,2.9801282831291824,6.552042664537893,9.890549721947577,9.96985892317769,9.999999999999623,9.999988551303765,-9.999999999999758,0.0,0.0,0.0,0.0,0.0,0.0,0.0,0.0,0.0,0.0,0.0,0.0,0.0,0.0,0.0,0.0,0.0,0.0,0.0,0.0,0.0,0.0,0.0,0.0,0.0,56,57,756
C:\Users\damba\.cache\kagglehub\datasets\sunnykusawa\ecommerce-products-image-dataset\versions\1\ecommerce products\tshirt\126.jpg,tshirt,exito,5304765.0,463922265.0,674200620.0,46922031075.0,101325535200.0,57529570545.0,5155445805915.0,16504550904690.0,5821293082365.0,8592791126265.0,6350230446.182281,15639086128.573763,-1431887445.0908542,-58772263772.17277,-348505127369.38135,108260835145.55664,95447137262.60547,0.00022566135255373303,0.0005557494894693113,-5.0883453805707165e-05,-9.067906747702279e-07,-5.3770465747789325e-06,1.6703442993684509e-06,1.4726431899705752e-06,3.1071205116843625,6.922942274937373,9.626600902042389,9.942867276892079,9.999999999997328,9.99997890898548,9.999999999999948,0.3183098861837906,0.02745653465046216,0.013770499343846299,0.007431480040591124,0.06394969335819758,0.08402959661161785,0.03469743577724236,0.03247100773505293,0.06503014280527317,0.108643096748371,0.12141848322997237,0.08565818838167029,0.05950900871113495,0.14325005498949525,0.10046735651100479,0.06416145515640224,0.13737795814296083,0.11653245262258874,0.08905066817627667,0.06226410338588665,0.05556767923732631,0.27931887608225586,0.11541335054318867,0.17394871761113836,0.05559785953414809,56,57,756
C:\Users\damba\.cache\kagglehub\datasets\sunnykusawa\ecommerce-products-image-dataset\versions\1\ecommerce products\tshirt\127.jpg,tshirt,exito,5293035.0,594213495.0,627238290.0,75477960255.0,84042843390.0,70327667880.0,10439677522005.0,12288818607600.0,8898688155480.0,9414375856020.0,8769601508.058962,9713489353.58722,-88162829.36118576,-2734757966.059472,27378001438.14534,-25849777314.054688,345248655.90625,0.0003130187320436052,0.0003467094962507488,-3.1468496070950034e-06,-4.242843195538826e-08,4.247562985497526e-07,-4.010466488965544e-07,5.356363995134269e-09,3.1806348672038,8.894599427051359,9.98862637341428,9.999991590030849,-10.0,-9.999999999929212,-10.0,0.3183098861837906,0.01041227782746228,0.016812090856415995,0.008407497876881928,0.005606051521034357,0.08593795432534955,0.05689936504114589,0.0006326506954371152,0.04063274010366211,0.01933872873008928,0.10121126389795414,0.06783956290771126,0.141450221370547,0.030913273757218918,0.008182892965268421,0.03364789087690973,0.03675508107961767,0.03169616770887299,0.023059139621986174,0.04052688423920135,0.24058101544465738,0.06346238271230008,0.08322106862715717,0.08414822161284534,0.08002075938757683,56,57,756
C:\Users\damba\.cache\kagglehub\datasets\sunnykusawa\ecommerce-products-image-dataset\versions\1\ecommerce products\tshirt\128.jpg,tshirt,exito,4851120.0,598970775.0,642800940.0,84903585435.0,103353228900.0,80962666005.0,13168966887255.0,18232901815740.0,11914124138475.0,12836311575585.0,10948294841.466837,18178455143.65433,1595637936.733605,-17716530290.730175,-279484766561.1678,269888269199.91406,-347637439126.9453,0.00046522436222417663,0.0007724545532329055,6.78032197896249e-05,-3.418012344034023e-07,-5.392039899456901e-06,5.206896725810661e-06,-6.706894852915938e-06,2.907391972352016,6.94738493556728,9.03023984031631,9.824724838598607,-9.999999999967462,-9.999935294978654,-9.999999999970477,0.0,0.0,0.0,0.0,0.0,0.0,0.0,0.0,0.0,0.0,0.0,0.0,0.0,0.0,0.0,0.0,0.0,0.0,0.0,0.0,0.0,0.0,0.0,0.0,0.0,56,57,756
C:\Users\damba\.cache\kagglehub\datasets\sunnykusawa\ecommerce-products-image-dataset\versions\1\ecommerce products\tshirt\129.jpg,tshirt,exito,5644425.0,615706935.0,693661455.0,76212583635.0,97608838545.0,75666743640.0,10294007629605.0,15086522472885.0,9333223282590.0,10646222363100.0,9049846986.52044,12362562059.314205,547634.9701785361,6206236386.738808,52510232990.20881,-32904537136.76953,-1310123555.8203125,0.00028405459746039713,0.00038803336615173646,1.718904543259145e-08,8.199342846761424e-08,6.937367132357735e-07,-4.347168950490724e-07,-1.7308641721643478e-08,3.1725738176678377,7.962112139169737,9.982927039610232,9.999690565185949,10.0,9.999999971587764,10.0,0.31830988618379047,0.006179255352514393,0.032567996601925116,0.0025949099182548028,0.017048872899531074,0.06640636706081252,0.006902528341584726,0.0028132720257946424,0.08617991481632052,0.024879234527528726,0.12058029965401354,0.12109821989145518,0.08755063927887864,0.019273219389346515,0.026564790264450938,0.034681627259601694,0.020223511949341494,0.15556828368931633,0.16049191540582017,0.12756572303403277,0.1927192202201912,0.05777719731035883,0.09536764420693533,0.053085840308119976,0.3739356067848967,56,57,756
C:\Users\damba\.cache\kagglehub\datasets\sunnykusawa\ecommerce-products-image-dataset\versions\1\ecommerce products\tshirt\13.jpg,tshirt,exito,4319190.0,527609280.0,492151530.0,77841880380.0,65811238950.0,61798255755.0,12746981841420.0,9682275712890.0,9344965368315.0,8191551874455.0,13391936677.102375,9732870440.779314,1679642220.0088573,-33543812038.420246,-34637897736.232605,64894296700.42969,-230373851242.96094,0.0007178583711709266,0.0005217186050006952,9.003516498603737e-05,-8.65180342561839e-07,-8.933995991490485e-07,1.673789186073425e-06,-5.941928344559788e-06,2.9067264638817902,7.148765314187811,9.374022638857623,9.832843009823959,-9.999999999980457,9.999969357755653,-9.999999999984261,0.3183098861837907,0.6160194131222758,0.8333273222154921,0.894128490383432,0.9967040059472206,1.1535938861454416,1.0222503603463675,1.1106814369239966,1.3953309722102896,0.9816387800541015,1.1795136894131328,1.6202154012571566,0.785222072491259,0.8848024268853224,1.2071915078901263,1.8290847188936923,0.537987412100763,0.7407998449644922,1.1974561807233923,2.0227399129686634,0.161730826131808,0.2544797775849108,0.5578746999309749,1.1538127501032103,2.201946902518305,56,57,756
C:\Users\damba\.cache\kagglehub\datasets\sunnykusawa\ecommerce-products-image-dataset\versions\1\ecommerce products\tshirt\130.jpg,tshirt,exito,5780085.0,655279620.0,642050985.0,84439161330.0,87868079265.0,75998138070.0,11813758024200.0,13379479582665.0,10047222983220.0,10563067681650.0,10151087644.69185,16549151024.417004,3209775014.538765,-60611169028.44323,-57448122452.26103,-60041357724.0,-111488144142.36719,0.00030383942630824346,0.0004953444132439053,9.607405956207733e-05,-7.546005159944907e-07,-7.152210317053556e-07,-7.47506445524565e-07,-1.3880116890274613e-06,3.0973532523020477,7.132561624964939,9.943259434209818,9.97171203085455,9.99999999999983,9.99999680800535,9.999999999999774,0.3183098861837906,0.0399051624392689,0.009818875168679022,0.009362735168048667,0.08640275052834794,0.08362073543357809,0.014701836455463734,0.028454669704495113,0.0692066409644065,0.13287722548799574,0.1257216317420262,0.08689461750854065,0.007036655452949135,0.1347497626875764,0.11874837098874148,0.0691889409061981,0.15427427323778933,0.1365613041641064,0.10010359944140027,0.06427001401956056,0.02956005455641848,0.27688384033010655,0.15800010549111593,0.18352532371079136,0.06163161061754808,56,57,756
C:\Users\damba\.cache\kagglehub\datasets\sunnykusawa\ecommerce-products-image-dataset\versions\1\ecommerce products\tshirt\131.jpg,tshirt,exito,5096430.0,440422740.0,631648515.0,44959005120.0,92014729125.0,55020440925.0,5058067489920.0,14651039984565.0,5768291427735.0,8035902617745.0,6898600109.216451,13728586373.759386,434707442.30110955,-19519948179.855286,-156236756605.2299,120965965480.30469,-23571120218.277344,0.00026560047288676214,0.0005285592693024504,1.6736511816117347e-05,-3.328997750004015e-07,-2.6645143030835195e-06,2.062994344045349e-06,-4.019898282962612e-07,3.1000920774289855,7.152626199955421,9.746791270364136,9.996100703234632,-9.999999999999972,-9.99999992497435,9.999999999999982,0.3183098861837906,0.03697712347291925,0.010879701451857713,0.007373912529408467,0.08170210553176487,0.08363017509392877,0.01928830868220037,0.04001480216006246,0.07026730031326789,0.133060773845036,0.12819434444887662,0.08992530496166196,0.014860201849752418,0.16911783171347863,0.12562358007910432,0.07155786546045895,0.17522395401061053,0.1505914543840798,0.1115073220192043,0.06808094520597027,0.03385403695854952,0.34063554408719043,0.17335512405988152,0.19872504355987036,0.05256950991737988,56,57,756
C:\Users\damba\.cache\kagglehub\datasets\sunnykusawa\ecommerce-products-image-dataset\versions\1\ecommerce products\tshirt\132.jpg,tshirt,exito,5999895.0,493478040.0,791489145.0,48984116370.0,123697156185.0,63935484960.0,5417643984420.0,21084656873835.0,6392177987280.0,9680960921670.0,8396643428.849932,19286151216.941223,-1162739584.908833,7598638443.94558,-321470243701.5816,121597671876.2539,-186084862950.125,0.0002332482588634594,0.0005357451736098162,-3.229945227396102e-05,8.617407991634069e-08,-3.6457060927195775e-06,1.3790059326028808e-06,-2.110337525515804e-06,3.114077312764212,7.01873694799773,9.695184140934309,9.961637521954458,9.99999999999991,-9.999998792768935,9.999999999998774,0.3183098861837906,0.036885653459400244,0.002791389274160402,0.06462637746067208,0.07994668955253456,0.05858756885215902,0.020365774396379717,0.09204982429063228,0.015105073553511992,0.11492776876307859,0.10766697451698547,0.041812095607643436,0.08124173420165627,0.09975066305857007,0.02850769074872905,0.09076242915040421,0.09454901190979123,0.12863430431867887,0.05015092772830586,0.14822628036015,0.1543152368811448,0.10934041628060867,0.08068620045061123,0.1870575958159092,0.11602913439845383,56,57,756
C:\Users\damba\.cache\kagglehub\datasets\sunnykusawa\ecommerce-products-image-dataset\versions\1\ecommerce products\tshirt\133.jpg,tshirt,exito,6183750.0,635088975.0,849775260.0,77310837525.0,136922419830.0,88806558825.0,10487939767035.0,23841035567130.0,11175555207225.0,14456155881135.0,12085366545.974226,20145707882.061035,1532186663.486596,65489528181.89084,-511813952593.8458,236725730957.46484,-27280206193.90625,0.0003160501350467576,0.000526839932617423,4.006893792336718e-05,6.887189824218905e-07,-5.382478610026563e-06,2.4895202189467985e-06,-2.8689160498978573e-07,3.07422901219018,7.2928181553546985,9.572595318401737,9.96444750194045,9.999999999998794,9.999993295445012,-9.999999999999288,0.0,0.0,0.0,0.0,0.0,0.0,0.0,0.0,0.0,0.0,0.0,0.0,0.0,0.0,0.0,0.0,0.0,0.0,0.0,0.0,0.0,0.0,0.0,0.0,0.0,56,57,756
C:\Users\damba\.cache\kagglehub\datasets\sunnykusawa\ecommerce-products-image-dataset\versions\1\ecommerce products\tshirt\134.jpg,tshirt,exito,5980515.0,657850785.0,698512575.0,81778728735.0,96931967565.0,77503405620.0,11028436705725.0,14757316965435.0,9789326523900.0,10899848570490.0,9415787529.248287,15347050976.18941,667707390.6466156,-38598044566.603905,-149160897376.6931,90834997487.02344,81453336667.4961,0.0002632567296765487,0.0004290893818090923,1.8668482428736697e-05,-4.412846727515386e-07,-1.7053303742529804e-06,1.0385005922069387e-06,9.312417097662184e-07,3.159676679910416,7.53768411461145,9.873850042080537,9.997036433970719,9.999999999999996,9.99999995859992,-9.999999999999986,0.3183098861837906,0.02535801048308191,0.0038422163552747483,0.0852877826677045,0.053799446010400126,0.08206212715118306,0.054712973379689285,0.11856737827756553,0.11790744945536005,0.0706365841582076,0.1522703066811627,0.10298417647063629,0.1762596671361391,0.10928742973752971,0.09273461974455835,0.035515358305716775,0.0282473011066903,0.20732857462060816,0.1444120751212257,0.06677939298988729,0.33053709161257694,0.06098068224883912,0.027124647133334758,0.14965692277500414,0.09001240084916226,56,57,756
C:\Users\damba\.cache\kagglehub\datasets\sunnykusawa\ecommerce-products-image-dataset\versions\1\ecommerce products\tshirt\135.jpg,tshirt,exito,5371575.0,590536395.0,642938895.0,72105377685.0,89655765435.0,70519622190.0,9514830751605.0,13820547850065.0,8555888974920.0,9805059160470.0,7183407160.60147,12700603735.904112,-163337139.1694775,8312358937.876404,49055685709.4405,-38692465659.72656,-12352103714.222656,0.0002489586357488303,0.0004401706472409446,-5.660850126633378e-06,1.2429972808233233e-07,7.335593229487746e-07,-5.785918288999787e-07,-1.847084737795129e-07,3.1616992323110127,7.434267683193114,9.972414448532623,9.999879872778493,10.0,9.999999982167253,-10.0,0.31830988618379047,0.0383850099609572,0.04094147568153109,0.04362409566895545,0.07848363034170307,0.059097289822123165,0.05079364250144172,0.038122187788253534,0.04102635317094652,0.10471439973945479,0.10001148512234057,0.070447888050944,0.028302868453697946,0.054820573169868506,0.08159249059011776,0.06678820029488053,0.07984131169550111,0.11014002145708629,0.06658634142363898,0.08947745659126316,0.023976479183358202,0.16709624931776712,0.11996710468553881,0.17164218502756065,0.07449963002366342,56,57,756
C:\Users\damba\.cache\kagglehub\datasets\sunnykusawa\ecommerce-products-image-dataset\versions\1\ecommerce products\tshirt\136.jpg,tshirt,exito,6970170.0,672569640.0,894852630.0,80468769510.0,135003071040.0,86789142645.0,10994960079540.0,22280257721970.0,10424224723965.0,12977943163035.0,15570794188.059559,20119039600.606564,442509605.611692,225389434385.24747,-217759425040.00342,7989957643.2421875,-162472157829.6328,0.0003204970402959003,0.00041411456395301443,9.108271369344164e-06,1.7572159126351762e-06,-1.6977296555637777e-06,6.229254157489999e-08,-1.2666905255656983e-06,3.1339421565104297,8.036397109830446,9.871487038434228,9.987520183464563,-9.999999999999934,9.999999137312798,-9.999999999999892,0.31830988618379064,0.010695761915598323,0.05123289079738702,0.030983782700226038,0.006945630480798996,0.000785685087852698,0.06306722863426253,0.047140912985797166,0.04650876921202386,0.025376353169696823,0.023676419119218587,0.08899813952056602,0.02296538690379282,0.05466465709204719,0.15948699174720404,0.1502532724636452,0.07036762325105426,0.1016631419047207,0.05716423103989176,0.1542489927979446,0.05746588792065622,0.05610666416411882,0.2753258245103867,0.19218860190666687,0.1083836642804474,56,57,756
C:\Users\damba\.cache\kagglehub\datasets\sunnykusawa\ecommerce-products-image-dataset\versions\1\ecommerce products\tshirt\137.jpg,tshirt,exito,4972755.0,547229490.0,598148910.0,66139156200.0,84899196630.0,65450843625.0,8585231943750.0,13172505160410.0,7936921460235.0,9151668876015.0,5918993588.799553,12950725705.092558,-372773859.34336287,4195395160.6499457,-155174737861.75604,63402959628.765625,-101430365342.98828,0.00023936119483621525,0.0005237209894318774,-1.5074791860727637e-05,7.608170139844985e-08,-2.8140276704595063e-06,1.1497856238901747e-06,-1.8393964032616664e-06,3.1174286289169415,7.08687791404723,9.768209769501343,9.975190249844491,-9.999999999999925,-9.999998812141213,9.999999999999485,0.31830988618379047,0.04391198003189855,0.03879803141371891,0.04407099205206963,0.08894101663176154,0.05933577041375098,0.039738799927196325,0.039494876832439275,0.04293647341935706,0.11761633748484712,0.10374818838745187,0.07174100075081352,0.001541399152319997,0.0472925997633824,0.09244805074620042,0.06927633162872748,0.08948586745432639,0.12339501371653033,0.07332169590048418,0.09230689398491801,0.07493732097536573,0.158677682271333,0.14473752610809734,0.1823321608659795,0.07062470324134257,56,57,756
C:\Users\damba\.cache\kagglehub\datasets\sunnykusawa\ecommerce-products-image-dataset\versions\1\ecommerce products\tshirt\138.jpg,tshirt,exito,5288955.0,519953415.0,698074995.0,61376666295.0,112496302605.0,64021599735.0,8033255011905.0,19461260600355.0,7309105525875.0,10106601446565.0,10260414829.415167,20359254994.602474,-4605657932.41406,-18029731705.555714,-761151867821.713,113721773047.1289,262946615306.3047,0.00036679649399414216,0.0007278169037516943,-0.00016464628479763693,-2.8026223713977225e-07,-1.1831686059593224e-05,1.7677422518643875e-06,4.087360136999034e-06,2.960739200848737,6.62183960376566,9.25891493268088,9.665994931045638,9.999999999896707,9.999754406885554,-9.99999999994971,0.3183098861837907,0.4383653704577729,0.31866859650643126,0.3185036273540248,0.10170285148563579,0.09289319985851885,0.056952868955373256,0.009451021605437357,0.05973448681952827,0.017384817846350816,0.0774455395461656,0.06526213970012988,0.004467467153313781,0.17725447302847844,0.17945452470073886,0.0019314482360960241,0.02660009083951703,0.29659686362978116,0.10211405655247176,0.003660414434851713,0.273294537192609,0.008914344428548037,0.15142601863840913,0.18840516201466356,0.14868510546550626,56,57,756
C:\Users\damba\.cache\kagglehub\datasets\sunnykusawa\ecommerce-products-image-dataset\versions\1\ecommerce products\tshirt\139.jpg,tshirt,exito,3109215.0,310098870.0,402336960.0,35665214430.0,65271122940.0,41641629540.0,4688976307410.0,11596532104950.0,4970178845160.0,6831407716920.0,4737372780.169767,13208132962.77372,1514383062.9197047,186923350361.5165,-267949864454.5626,52972764322.41992,-70362029767.27734,0.0004900451010025114,0.0013662806690853443,0.0001566513836807212,1.0965707846003399e-05,-1.5719063056072147e-05,3.107604567494637e-06,-4.1277318236994716e-06,2.7313457828809953,6.062458340383191,8.895421779130823,9.514552859897599,-9.999999999727324,9.99980740334619,-9.999999999655923,0.0,0.0,0.0,0.0,0.0,0.0,0.0,0.0,0.0,0.0,0.0,0.0,0.0,0.0,0.0,0.0,0.0,0.0,0.0,0.0,0.0,0.0,0.0,0.0,0.0,56,57,756
C:\Users\damba\.cache\kagglehub\datasets\sunnykusawa\ecommerce-products-image-dataset\versions\1\ecommerce products\tshirt\14.jpg,tshirt,exito,5177775.0,592402485.0,634307400.0,72570737385.0,94425012330.0,71331804075.0,9399760832685.0,15592045760460.0,8637589792485.0,10489045655625.0,4792453424.384628,16718685250.364439,-1240928423.7835577,123382069.46859992,-71836044207.88945,31210105679.54297,-10319764134.480469,0.0001787604965494852,0.0006236138804819905,-4.628714388526428e-05,2.022526006549154e-09,-1.1775638732907357e-06,5.11607972502744e-07,-1.6916551516224798e-07,3.0956228943703463,6.684944246706538,9.968120502133207,9.997957398959912,9.999999999999996,9.999999286651812,9.999999999999998,0.3183098861837907,0.018596254987362684,0.10773293704836881,0.0008148208268860054,0.0496852199930071,3.17355644577299e-05,0.15733156195545403,0.004984095735352578,0.09333048389596618,0.10122909612805403,0.016031109597219238,0.01635777767890113,0.15222154376100527,0.01568436813646733,0.22110025083502588,0.001672393262202229,0.16637758443958997,0.07135902332240131,0.07309131953076227,0.00013027248850624984,0.0963629152581864,0.03269481261207289,0.3433838860055023,0.011740969190594249,0.1989792335488808,56,57,756
C:\Users\damba\.cache\kagglehub\datasets\sunnykusawa\ecommerce-products-image-dataset\versions\1\ecommerce products\tshirt\140.jpg,tshirt,exito,5404980.0,600740985.0,690602220.0,74004076065.0,100964137470.0,76826328600.0,9834899290815.0,16074627543360.0,9513404313990.0,11234535677790.0,7234221031.536381,12724879180.620876,68772071.39366634,1547884206.8744302,-77461289513.4426,42507544093.18359,-4781337954.761719,0.00024763019026253537,0.000435577547164841,2.354094663367712e-06,2.2790467867927173e-08,-1.1405110419913545e-06,6.258651735690123e-07,-7.039863094393438e-08,3.1654471602758156,7.450428159856922,9.961921685754364,9.998841429321887,9.999999999999998,9.999999784657172,10.0,0.3183098861837905,0.04803072295735353,0.027903286491553356,0.03377135943513302,0.10483284400760083,0.05188644089492028,0.061768410579741806,0.05605000622418201,0.05516165434085802,0.15617645654872597,0.10088318486931028,0.09598607912257842,0.11683088111775415,0.07256412173250436,0.10124838345781197,0.12481564028171736,0.1410810901644334,0.12516119817929683,0.09488757267152176,0.11291418796726853,0.166968185768589,0.06856705081423892,0.1599014274284045,0.16701051564774827,0.023713177318674162,56,57,756
C:\Users\damba\.cache\kagglehub\datasets\sunnykusawa\ecommerce-products-image-dataset\versions\1\ecommerce products\tshirt\141.jpg,tshirt,exito,6949515.0,694498875.0,789633765.0,80283191475.0,113957221575.0,78211323870.0,10215346750935.0,18528106217085.0,8963790170580.0,11291034197400.0,10878536995.332624,24235639158.374496,-700623432.0080355,17966132200.330185,72281902320.03543,-18297698856.027344,61949815966.79297,0.00022524828846716625,0.0005018171324575959,-1.4506934984686943e-05,1.4111343037383876e-07,5.677319456738428e-07,-1.437176919734583e-07,4.865794676687007e-07,3.1384264500847325,7.11107879336144,9.988275051574124,9.997515198987502,-9.999999999999998,-9.999999675634184,9.999999999999996,0.31830988618379047,0.024476143770296235,0.04506164637268148,0.04184420308894459,0.052791764223394225,0.05640226108763641,0.07124916542569358,0.027257428265572477,0.041047317884886844,0.07791605478425455,0.09088322263380874,0.0703977424226773,0.07958856331118583,0.08692361812978146,0.07585289257371325,0.0681275055845594,0.08405978027414564,0.09415612365865349,0.0718981901146672,0.08964593549074724,0.04875908368809415,0.22862939163535884,0.10395539990864609,0.17111227803272272,0.09139457060704505,56,57,756
C:\Users\damba\.cache\kagglehub\datasets\sunnykusawa\ecommerce-products-image-dataset\versions\1\ecommerce products\tshirt\142.jpg,tshirt,exito,5582970.0,618575685.0,684324630.0,77983210815.0,95469771300.0,75870839010.0,10733885213775.0,14555780892990.0,9531833178270.0,10592858002590.0,9446951785.626879,11589650284.727322,49801683.161134034,202712830.11313865,12539176321.640116,-37884034564.38281,2895990346.3203125,0.000303082674179183,0.000371825990097778,1.5977669468013786e-06,2.7524408927952994e-09,1.7025731252624768e-07,-5.143905586088477e-07,3.932184386110948e-08,3.1707549321306394,8.315526736809824,9.987377391063157,9.999478300467695,-10.0,9.99999996557399,10.0,0.3183098861837906,0.015793455283792467,0.01614756059974279,0.009224375844808794,0.03534772255832498,0.08524449328402164,0.05081655327803241,0.009663009502441734,0.050364247799517314,0.059903065254851694,0.10762200627145167,0.07283884659660886,0.11728223455101262,0.05866561155219459,0.035945893653445346,0.044708387765529475,0.05873414468880829,0.053058698309076315,0.036892132232250095,0.0462659562243861,0.1897931249701494,0.11085242050724951,0.03576638445495208,0.11040841766603131,0.07382112713427567,56,57,756
C:\Users\damba\.cache\kagglehub\datasets\sunnykusawa\ecommerce-products-image-dataset\versions\1\ecommerce products\tshirt\143.jpg,tshirt,exito,6463485.0,790932480.0,956498625.0,118634432340.0,161790928905.0,116046434790.0,19723774441830.0,29098316891925.0,17667261122760.0,19455760553550.0,21848536198.99396,20243509884.627766,-999683455.472842,-140626825373.14774,-835778998255.9133,355809609905.66406,-46614548913.34375,0.000522984545057135,0.00048456531416778213,-2.392924598700039e-05,-1.3240406219402962e-06,-7.869091417793608e-06,3.350046308318256e-06,-4.3888892585692386e-07,2.9967334102213234,8.412685068054866,9.375615923523847,9.908228650938067,9.999999999996101,-9.999993799453481,9.999999999992019,0.0,0.0,0.0,0.0,0.0,0.0,0.0,0.0,0.0,0.0,0.0,0.0,0.0,0.0,0.0,0.0,0.0,0.0,0.0,0.0,0.0,0.0,0.0,0.0,0.0,56,57,756
C:\Users\damba\.cache\kagglehub\datasets\sunnykusawa\ecommerce-products-image-dataset\versions\1\ecommerce products\tshirt\144.jpg,tshirt,exito,4300065.0,467639655.0,488599380.0,55722759885.0,64237900170.0,53207373840.0,7120610787615.0,9337026418380.0,6301263464070.0,7002955203630.0,4866122385.67871,8720284939.443163,71329269.41469987,2263554370.2989407,56224889743.93891,-45807736384.14453,760504934.2851562,0.0002631679434119231,0.00047160742611678864,3.857604813267218e-06,5.9034158847105165e-08,1.4663615399997254e-06,-1.1946791389732638e-06,1.9834190723975384e-08,3.133845351040902,7.360448347443787,9.901333678157359,9.999652566432086,10.0,9.999999937377842,10.0,0.3183098861837905,0.010287755267245893,0.01753078848769125,0.0367594236722112,0.030278731225818936,0.046065665066238805,0.004937856583684829,0.06606953546363464,0.04634253602346852,0.05729090258890799,0.061859531249454626,0.09441815487656686,0.04609691213237034,0.09737294326889455,0.07972444188726083,0.10776766038960604,0.05772731544564752,0.025759586595241857,0.06748723216563295,0.11298679156016625,0.12169289369121555,0.10962819937040985,0.13126478686547438,0.1507474367098977,0.08018442973430275,56,57,756
C:\Users\damba\.cache\kagglehub\datasets\sunnykusawa\ecommerce-products-image-dataset\versions\1\ecommerce products\tshirt\145.jpg,tshirt,exito,6600420.0,789353265.0,807251460.0,116463047415.0,125892595770.0,97629983400.0,18838733687805.0,21640118758080.0,14737233459450.0,14982907521420.0,22063209682.52839,27163284654.626797,1089676021.527579,-366380521206.98315,-401233781638.4553,232816511350.03125,-339301766623.03125,0.0005064371420036182,0.000623503853059673,2.501233582932886e-05,-3.273432931303468e-06,-3.584829973056196e-06,2.080103037939164e-06,-3.0314973428562965e-06,2.946944196123454,7.787623728648392,9.637483433169015,9.847661656791239,-9.999999999987235,-9.99998506312301,-9.999999999995584,0.3183098861837905,0.005871360715830295,0.01719448869833065,0.036899318943357934,0.005407910520924123,0.04505868464679066,0.0006754216243947822,0.06579473662090364,0.0454300614285589,0.027193559463965237,0.054010602525220906,0.09333937225654292,0.06464654237943958,0.09401405847312407,0.09452437566435196,0.0979966476433087,0.04192978831693341,0.016913184718742588,0.05780922648047109,0.10807415294001711,0.16036948291391823,0.10239687881694515,0.16651623541559235,0.12993770862994708,0.09913324251281448,56,57,756
C:\Users\damba\.cache\kagglehub\datasets\sunnykusawa\ecommerce-products-image-dataset\versions\1\ecommerce products\tshirt\146.jpg,tshirt,exito,5560275.0,607431165.0,664266840.0,74331493515.0,92717722560.0,72374840010.0,9862347046605.0,14325049719330.0,8801717635740.0,10078790091120.0,7972793592.198118,13360058645.25017,-192862215.5317607,44857948.27448542,56223725306.69482,-36270641667.08594,-4058379834.0820312,0.000257880187848762,0.0004321313970148466,-6.238132694031869e-06,6.153167354114637e-10,7.712211645681471e-07,-4.975246011098652e-07,-5.566881961000075e-08,3.1611435547282247,7.514006995983346,9.97817889117981,9.99966163969672,10.0,9.999999943971792,-10.0,0.3183098861837906,0.009609893151174212,0.016887797662314526,0.008684120900419387,0.013927251194687153,0.08573440073084705,0.05637629288633397,0.00520537351158897,0.04354828555414823,0.03252361724143455,0.10286149885030728,0.06929126329869062,0.13737634093297055,0.04008083810874717,0.009808910416547661,0.03689036591722194,0.042863672473018345,0.03643057718575124,0.02635781928960602,0.042143086453856685,0.23028047275546068,0.07782367934364942,0.0666028750601254,0.0917548761112347,0.078004045975747,56,57,756
C:\Users\damba\.cache\kagglehub\datasets\sunnykusawa\ecommerce-products-image-dataset\versions\1\ecommerce products\tshirt\147.jpg,tshirt,exito,6717975.0,682557480.0,716209320.0,102229466850.0,119536154670.0,69722065575.0,17526210298830.0,22369672814070.0,10125640009725.0,11668212687825.0,32880486911.260956,43180438839.729355,-3045997511.2296486,458100957916.0986,418806142338.737,-154177966063.64062,172612765531.97656,0.000728553541244034,0.0009567760268897368,-6.74920745369756e-05,3.916203412863567e-06,3.5802807560502357e-06,-1.318033211791226e-06,1.4756282208079396e-06,2.77331513393367,7.152388950333281,9.804023776823687,9.872281101811247,-9.999999999993758,-9.999961958157384,-9.999999999997991,0.0,0.0,0.0,0.0,0.0,0.0,0.0,0.0,0.0,0.0,0.0,0.0,0.0,0.0,0.0,0.0,0.0,0.0,0.0,0.0,0.0,0.0,0.0,0.0,0.0,56,57,756
C:\Users\damba\.cache\kagglehub\datasets\sunnykusawa\ecommerce-products-image-dataset\versions\1\ecommerce products\tshirt\148.jpg,tshirt,exito,4217700.0,388075830.0,559045680.0,41276812770.0,87412182870.0,46124782755.0,4755458758380.0,14790464729340.0,4461552642105.0,6822766886625.0,5569472316.627567,13312063770.33374,-5313706533.928661,-67380362313.003876,-324765537920.0416,-31745059527.585938,188500330391.54297,0.00031308530088425073,0.0007483314852795552,-0.00029870754613841677,-1.8443533452810552e-06,-8.889569389852202e-06,-8.689342818293193e-07,5.1596815898559005e-06,2.9741140074269783,6.262454311632092,9.356968716843832,9.68566964861592,9.999999999914907,9.99967301363603,9.999999999979144,0.3183098861837905,0.010362813362638865,0.08519276195071643,0.07572285151492439,0.019680171769965102,0.004920603344383961,0.14209729241289026,0.06405502148074448,0.018242038676879894,0.021682758264495724,0.011976997086139553,0.0017932787942381212,0.17898298943340998,0.04817836135473606,0.012711864263207853,0.011506274438556455,0.0054360957086779125,0.010773086941661748,0.0008502518364953736,0.0015063136651237686,0.150684593264562,0.21678193508064056,0.042369429450837624,0.11293173581067568,0.09776124127203084,56,57,756
C:\Users\damba\.cache\kagglehub\datasets\sunnykusawa\ecommerce-products-image-dataset\versions\1\ecommerce products\tshirt\149.jpg,tshirt,exito,6339300.0,637992405.0,751876425.0,82562453385.0,112868896365.0,77253745575.0,12406717140795.0,18436871683665.0,10684594998465.0,11799770220795.0,18354369079.527153,23692148384.815975,1584279127.8288426,403165590875.1557,-570053047598.9586,573340066177.1172,64742237378.8125,0.0004567271732757027,0.0005895516164974205,3.942294745179026e-05,3.984558407306222e-06,-5.633937307225035e-06,5.666423505965713e-06,6.398592342555476e-07,2.9803525371269224,7.620531169993733,9.210048433405126,9.915830348102311,9.999999999998908,-9.999987767607083,9.9999999999903,0.31830988618379064,0.006098122620567277,0.049218541060266414,0.05686838486469403,0.015480320693434912,0.07070780667608573,0.05541021674654398,0.1028354600235763,0.028385858441854372,0.042486300515520166,0.0999826928246746,0.0242067995496174,0.009474847329222292,0.1493646651297673,0.11309078611001555,0.02500304084291701,0.06745080621798781,0.08306094490426694,0.048970041000901264,0.011195020850358707,0.07504787436801835,0.1713655050185041,0.20293361662123832,0.010591387963639443,0.14619680248429087,56,57,756
C:\Users\damba\.cache\kagglehub\datasets\sunnykusawa\ecommerce-products-image-dataset\versions\1\ecommerce products\tshirt\15.jpg,tshirt,exito,5859645.0,657628680.0,731934660.0,85941280650.0,103942930170.0,82034585535.0,12355389957180.0,15993660521190.0,10921656754185.0,11645034168555.0,12135532902.731627,12516171977.427654,-110531498.89007097,-13755258820.112312,-116781905780.02293,211447404455.5703,7119535004.59375,0.0003534404414288432,0.00036452633635112946,-3.2191665642227225e-06,-1.6549714364862422e-07,-1.4050678427204432e-06,2.544040932050346e-06,8.565907212475409e-08,3.143895590756572,9.57782200005383,9.74028836819695,9.99437497598344,-9.999999999999943,9.999999932764526,9.999999999999991,0.3183098861837906,0.039428197610091885,0.0018770381461775457,0.06505816491621744,0.0856304804789052,0.059689845629498355,0.0250111281204408,0.09470004083518431,0.013804871542559624,0.12406039165600843,0.11125366952094026,0.04152843126756453,0.09329785052527831,0.10167990533427046,0.03500219195193488,0.0897256941018864,0.099649918329626,0.13656248609282937,0.045638840341006584,0.14468370074528275,0.17271675457572397,0.0922176633270412,0.09727454491281448,0.177392910553167,0.10826158277790499,56,57,756
C:\Users\damba\.cache\kagglehub\datasets\sunnykusawa\ecommerce-products-image-dataset\versions\1\ecommerce products\tshirt\150.jpg,tshirt,exito,6380355.0,744305730.0,730200915.0,99454132020.0,105079060995.0,87076570485.0,14680985167770.0,16663281428655.0,12155725290465.0,12726136008345.0,12626515106.703966,21511081428.528038,1894362741.7407348,133165270230.58067,-286190688396.6654,331701660386.8828,34447533907.44922,0.00031016573340661316,0.0005284118611719174,4.653432908168089e-05,1.2950271290426883e-06,-2.783193432576929e-06,3.2257858840049942e-06,3.35000941773481e-07,3.0764566936260995,7.2487736658720685,9.592865077612727,9.987783544781951,9.99999999999981,-9.999998250492768,9.999999999999822,0.3183098861837905,0.01594924598426448,0.01823076928694639,0.036321729959286626,0.01755739523369479,0.043944081296752466,0.0035730766632269136,0.06200727441360912,0.04417023404146155,0.014469648035850954,0.04632474883435344,0.09399586641407405,0.06359568616853369,0.08441572144289534,0.1105139467419268,0.09171838356489945,0.0408896135459423,0.020991481837497022,0.06140722116507866,0.10697708223279485,0.1655077967587385,0.09123689228117615,0.19928618213945334,0.120178048821833,0.11557752914450907,56,57,756
C:\Users\damba\.cache\kagglehub\datasets\sunnykusawa\ecommerce-products-image-dataset\versions\1\ecommerce products\tshirt\151.jpg,tshirt,exito,6788100.0,788453880.0,790925085.0,108938895270.0,109168964175.0,96617266200.0,16855168459200.0,16547338322415.0,13817022021420.0,13617580603890.0,17358111120.229897,17013207765.657583,4749445741.023285,169286580179.66144,-137274141429.75703,20533630566.976562,-169429742481.33203,0.0003767090043193521,0.00036922384660908043,0.00010307336805123372,1.4101066243367989e-06,-1.1434525759502771e-06,1.710390064791262e-07,-1.4112991235279737e-06,3.1273002078496623,7.370055463639682,9.870958154035247,9.995912651126709,9.999999999999993,-9.999999971337568,-9.999999999999977,0.3183098861837906,0.013593590664475737,0.01645220487307754,0.008286098596178126,0.03838569624107934,0.08467152402885747,0.05015412197884723,0.018431839887569183,0.05645060391315773,0.07405336166396288,0.11192275243113999,0.07859087298896891,0.10790696133666615,0.09647651307902465,0.06044236663227292,0.05257231969312705,0.08868452924947895,0.07174639833615942,0.05764657244267673,0.05318611611947443,0.1576633236932876,0.18333405588816867,0.03383862000890045,0.1364449304353697,0.06468908126518942,56,57,756
C:\Users\damba\.cache\kagglehub\datasets\sunnykusawa\ecommerce-products-image-dataset\versions\1\ecommerce products\tshirt\152.jpg,tshirt,exito,3521040.0,315038985.0,499998390.0,31961021445.0,85106855370.0,43900560810.0,3497384563665.0,15683628112350.0,4552536043110.0,7346710473030.0,3773451275.43924,14105563137.42324,-835933318.7898293,-37518838488.5397,-407869962216.8287,163561167307.10938,-30668569872.683594,0.00030436648506742154,0.0011377543682565122,-6.74263604904209e-05,-1.6127683351473141e-06,-1.753251930018997e-05,7.030768598372596e-06,-1.3183056930193926e-06,2.84099831301588,6.147019745684762,8.796596440768067,9.659797962199848,9.999999999841512,9.999668108957692,9.999999999850576,0.3183098861837905,0.005707548179209195,0.08554530422705504,0.07557136983811362,0.010999567790201292,0.00270832076500131,0.14378361960133837,0.0631531683071896,0.018361576165013757,0.012124142522523931,0.006483700247271209,0.0009898334522620345,0.18295482514013703,0.050738547535933744,0.01221706617154601,0.011567420288914096,0.0016066103243146585,0.005787837807829593,0.00039972629001031984,0.0008310996904704503,0.15553216601403422,0.2206694307428661,0.04125302294323992,0.11297078844167859,0.09782734007277671,56,57,756
C:\Users\damba\.cache\kagglehub\datasets\sunnykusawa\ecommerce-products-image-dataset\versions\1\ecommerce products\tshirt\153.jpg,tshirt,exito,3592440.0,452887905.0,524245320.0,65009114775.0,89936244780.0,66992791140.0,9962437656585.0,16645099417380.0,9805279809930.0,11600751255390.0,7914924059.138628,13433044854.07155,902789725.6814308,-228682737105.38132,-399883162839.4647,90865853628.60547,-724081497.0585938,0.0006132925731947805,0.001040867427512756,6.995319598520955e-05,-9.348879738417786e-06,-1.6347799777652387e-05,3.714726999751814e-06,-2.9601494728020772e-08,2.78142245881679,6.693587723609953,9.026152921923838,9.458982159769697,-9.999999999695314,9.9997230830341,9.999999999615346,0.31830988618379047,0.012827811288132639,0.03197249414715985,0.002233170703162915,0.029694690518859767,0.06652484397255098,0.0033012663036660855,0.000827530524597848,0.08205905923803154,0.043481324402133904,0.11440386858194806,0.11487022086658652,0.09793107026253303,0.007165203993933551,0.0004049410414530108,0.024216372328483428,0.025311720017208356,0.1445767639038686,0.14795645040808006,0.13033149046006404,0.20665095068228811,0.026566243418233694,0.16285856506345486,0.033008951556332745,0.3882352150342804,56,57,756
C:\Users\damba\.cache\kagglehub\datasets\sunnykusawa\ecommerce-products-image-dataset\versions\1\ecommerce products\tshirt\154.jpg,tshirt,exito,6842670.0,548450940.0,935885955.0,58242451350.0,150817782675.0,76997468025.0,7074509249640.0,26066363342835.0,8498704008315.0,12527813059575.0,14283231690.585825,22814748659.58468,1984712513.9863634,116635950958.2084,-802132470129.173,214609189905.3828,-103379707272.53125,0.0003050529922095965,0.00048726419173774076,4.2388340690883147e-05,9.522882920876035e-07,-6.549107318386064e-06,1.7522026205670368e-06,-8.440560913362779e-07,3.101100870084924,7.392673601261764,9.599433780701716,9.910017185437882,9.999999999994463,9.99998218312906,-9.999999999997948,0.3183098861837906,0.04113694728942145,0.0055590507318404704,0.00401226292553719,0.09115077575293733,0.008928682806260788,0.005251847577021835,0.017232424352452865,0.011634973385022692,0.13634522504908667,0.038154834928441385,0.1589964372388487,0.036058178079217455,0.04299123954718223,0.045758207959142934,0.15965144549970497,0.1189011911960501,0.0391375830788758,0.165585524827128,0.08151275134194676,0.06036091939868688,0.07219676940640553,0.0873910199048686,0.1799808403897598,0.08085242040610642,56,57,756
C:\Users\damba\.cache\kagglehub\datasets\sunnykusawa\ecommerce-products-image-dataset\versions\1\ecommerce products\tshirt\155.jpg,tshirt,exito,3732435.0,368307975.0,458060070.0,44258534655.0,77427477330.0,49742741625.0,5926390495455.0,14287971907920.0,6193152013455.0,8347361519535.0,7914763243.414636,21212425298.710804,4542442943.2926855,-2959143808.195429,-420808210179.22797,-134916233188.5625,-407936523142.76953,0.0005681374552473976,0.0015226700986744502,0.0003260655935041476,-1.0994752013782774e-07,-1.5635204694921114e-05,-5.012836897056842e-06,-1.5156954849229476e-05,2.679685918728324,5.874028550262094,8.665954831145276,9.119518009809324,9.999999996868835,9.997420924442293,9.999999998848581,0.0,0.0,0.0,0.0,0.0,0.0,0.0,0.0,0.0,0.0,0.0,0.0,0.0,0.0,0.0,0.0,0.0,0.0,0.0,0.0,0.0,0.0,0.0,0.0,0.0,56,57,756
C:\Users\damba\.cache\kagglehub\datasets\sunnykusawa\ecommerce-products-image-dataset\versions\1\ecommerce products\tshirt\156.jpg,tshirt,exito,5491425.0,607045605.0,785609865.0,77089482225.0,131477088885.0,87362628210.0,10755328653375.0,23866913950155.0,11542775148990.0,14648346743670.0,9984064860.688187,19086796750.386806,517953869.02415186,26165136829.97396,-403516709691.12335,399747435187.1406,-33891164354.632812,0.0003310833040854138,0.0006329405728729633,1.7175957960325147e-05,3.702630454120452e-07,-5.710167952713594e-06,5.656828921241767e-06,-4.795941182364145e-07,3.0159121643012985,7.034338064448186,9.209233125294745,9.999935736399221,-10.0,-9.999999989799589,-10.0,0.3183098861837906,0.033816731684791976,0.011934034013623182,0.00654308334303968,0.07609552974989026,0.08373720167495946,0.024517481271804045,0.04227013953431412,0.069483729975063,0.1278543961322297,0.12765230674578967,0.08999407479578986,0.028008797278455483,0.1751047966347509,0.1224694591853225,0.07071611138177117,0.17346987376520592,0.1479753074463501,0.11014572503727946,0.06805591219182126,0.01478305912033938,0.34800427264367856,0.16566664855567456,0.1983037893774995,0.04947261226417681,56,57,756
C:\Users\damba\.cache\kagglehub\datasets\sunnykusawa\ecommerce-products-image-dataset\versions\1\ecommerce products\tshirt\157.jpg,tshirt,exito,5626065.0,625539990.0,911033655.0,86940287010.0,161328931125.0,101524190145.0,13562492548440.0,29818662535815.0,14536767196665.0,18002384396085.0,17388961334.02574,13804449885.86412,229949243.3460974,29124614577.48156,-776206639997.6243,407315735255.33594,-9615280759.0,0.0005493690021471039,0.00043612362540294136,7.264780450936858e-06,3.8792549524996236e-07,-1.0338689442098191e-05,5.425244612307996e-06,-1.2807079525393834e-07,3.00634657625165,7.881549308218895,9.092092427801761,9.905845310360787,9.999999999986468,-9.999987998792095,-9.999999999997431,0.3183098861837905,0.027615629061029327,0.06829277613256729,0.06375636886529254,0.06367968607262423,0.08118537067938805,0.05910413863482108,0.08287568885811421,0.08355365514271203,0.09700616157317195,0.11369150506303471,0.07864801865688499,0.02802896495099279,0.06248641434236946,0.057113376073809556,0.14431073505453182,0.08008023424926856,0.13434095009143113,0.11122533044365,0.06692268496856565,0.1501628364357133,0.0063460483080264585,0.1086098793390375,0.15881463754533376,0.11497985936913631,56,57,756
C:\Users\damba\.cache\kagglehub\datasets\sunnykusawa\ecommerce-products-image-dataset\versions\1\ecommerce products\tshirt\158.jpg,tshirt,exito,6644535.0,646895220.0,865781355.0,74639590380.0,131802091485.0,85550671650.0,9489418699830.0,21893833852095.0,10051832948700.0,13242136652280.0,11659498370.724943,18990983609.785843,1260375923.5687063,-47583026674.48825,-228989250295.70645,80897734037.01172,81763064439.3789,0.0002640892232805997,0.0004301483607078294,2.8547686025032025e-05,-4.181100240979834e-07,-2.01211876693522e-06,7.108449355076885e-07,7.184485568128554e-07,3.158491816040519,7.509542598655038,9.907276452583641,9.99232254748393,9.99999999999995,9.999999037679236,-9.999999999999993,0.3183098861837905,0.012980970174904566,0.017826102964070008,0.037300474721684074,0.029204123288598748,0.047456561154285835,0.004666535792661354,0.07064908714716087,0.048985062290607825,0.050324185512354236,0.06875631187820291,0.08984388621722283,0.0521130050235746,0.10540179015993874,0.08798863214757709,0.09619341506237278,0.04081793258219657,0.03526128863975462,0.03706947518418874,0.09957061754279953,0.13922842487162215,0.11323335565728616,0.14533639386349864,0.11200889959029983,0.08528082964469229,56,57,756
C:\Users\damba\.cache\kagglehub\datasets\sunnykusawa\ecommerce-products-image-dataset\versions\1\ecommerce products\tshirt\159.jpg,tshirt,exito,5394015.0,662708025.0,671966310.0,87727018365.0,99224181180.0,81461608185.0,12337501089825.0,16088989960380.0,10672361543295.0,11898269057025.0,6306791243.013757,15513119609.904984,-1096090702.8669698,9667107661.850307,-137122568415.15938,12987290869.746094,-19307941181.035156,0.00021676250250923654,0.0005331812166913007,-3.767230507173363e-05,1.4305932802269978e-07,-2.0292173399116466e-06,1.9219327741567777e-07,-2.857298364185192e-07,3.124971269841738,6.975113829212479,9.967418801852281,9.98550041086927,9.999999999999925,9.99999556209729,-9.99999999999999,0.3183098861837906,0.022576360821780946,0.014921119718777664,0.008777711715059115,0.05307847993498311,0.0844834786600295,0.04213305935949828,0.018603805517464517,0.0591639926633173,0.08821295736510197,0.11475159796200936,0.0796849918111096,0.08600498674305555,0.09855830697971271,0.07272288165691433,0.05583181459144903,0.09639903774232199,0.08374915515241717,0.06331606464103762,0.05464564022955295,0.1209352011338003,0.19067177217517065,0.06064708162180197,0.14356936028334585,0.0650702168780726,56,57,756
C:\Users\damba\.cache\kagglehub\datasets\sunnykusawa\ecommerce-products-image-dataset\versions\1\ecommerce products\tshirt\16.jpg,tshirt,exito,3370590.0,435937800.0,368067765.0,58326288210.0,52536115155.0,47192967300.0,8041132147800.0,8545182845565.0,6285817877430.0,6715182821400.0,1943944030.2451222,12343187616.469587,-411354710.3949145,-5385266708.949516,112502084979.2403,23004421251.066406,10224448099.53711,0.000171108624723748,0.0010864643348270637,-3.6208006853177805e-05,-2.581917713008493e-07,5.393811331118794e-06,1.1029262971679893e-06,4.902019729136196e-07,2.900466774909744,6.074059021288705,9.969254181631882,9.846912834567897,9.999999999997305,9.99983340450654,-9.999999999998215,0.3183098861837905,0.023124672618987523,0.01955199138106747,0.035860106236389785,0.05515104092375897,0.047437342779474354,0.017082233089436027,0.06327827493627103,0.047897394173140546,0.08709097561733332,0.07181335030378523,0.09580278224197075,0.00867440104025105,0.09487385311391365,0.07443979761881134,0.11649102705916155,0.07534312642311287,0.04455838904875424,0.0801914307480746,0.11727399275571625,0.05442298645352652,0.11226139062350773,0.10598418350905868,0.16849076763364143,0.06011264065040093,56,57,756
C:\Users\damba\.cache\kagglehub\datasets\sunnykusawa\ecommerce-products-image-dataset\versions\1\ecommerce products\tshirt\160.jpg,tshirt,exito,2659905.0,273723120.0,270724320.0,36014035050.0,42501138660.0,24527745180.0,5199854779350.0,7731242311500.0,3476413144110.0,3724347682650.0,7845981520.819671,14946899903.554787,-3331710526.2295094,-121059734648.64563,362907544675.5899,496628998054.1631,28879557184.179688,0.001108957823802289,0.002112607778345254,-0.00047090685147581986,-1.0491423132981878e-05,3.145072653920388e-05,4.303945464457822e-05,2.5027946343327414e-06,2.491933007018502,5.722522289731217,8.001611593805173,8.243165783198886,-9.999999820373404,9.972137342128713,9.999999975006151,0.0,0.0,0.0,0.0,0.0,0.0,0.0,0.0,0.0,0.0,0.0,0.0,0.0,0.0,0.0,0.0,0.0,0.0,0.0,0.0,0.0,0.0,0.0,0.0,0.0,56,57,756
C:\Users\damba\.cache\kagglehub\datasets\sunnykusawa\ecommerce-products-image-dataset\versions\1\ecommerce products\tshirt\161.jpg,tshirt,exito,5277225.0,500992890.0,595899555.0,63973518210.0,82462684125.0,48174207045.0,9483381273930.0,12655508088165.0,5625085283115.0,5904035360985.0,16411802378.184587,15174236190.86833,-8397464659.193764,293954941225.4704,-83027403764.89264,-4322380298.763672,-28083798205.160156,0.0005893116904087749,0.0005448734133058575,-0.00030153446766063445,4.594801317437618e-06,-1.2977989844699991e-06,-6.756300339238818e-08,-4.3897705020289406e-07,2.945316022705992,6.436795597020542,9.865989223250203,9.92396030750481,9.999999999999078,9.999967305290602,9.999999999998018,0.31830988618379047,0.011683855570284622,0.03210463076625538,0.0023281869583797543,0.027560550199839037,0.06650606754691758,0.0040607835809561765,0.002025638628855133,0.08278903801744919,0.04035701543132524,0.11548933724845702,0.11594277483330781,0.095764503036431,0.010774693642107817,0.005101570673436904,0.026112962058228845,0.02173251862345913,0.14632425826163742,0.14987536388785608,0.12994234731075383,0.20336995802683122,0.033494644066208286,0.1512134969377063,0.03788722246032684,0.3857086644645858,56,57,756
C:\Users\damba\.cache\kagglehub\datasets\sunnykusawa\ecommerce-products-image-dataset\versions\1\ecommerce products\tshirt\162.jpg,tshirt,exito,6009840.0,689158155.0,790415085.0,92384631615.0,126001090365.0,90251507655.0,13734712103205.0,21787861448325.0,12397599545925.0,14462456014665.0,13357741946.88837,22045576308.792637,-386679328.80791277,77307602533.52528,-582696618931.4987,335840826054.23047,115417721659.40625,0.00036983433608477745,0.0006103734531020701,-1.0705948162196286e-05,8.73101893927998e-07,-6.580898965970467e-06,3.7929421127648153e-06,1.3035125663091348e-06,3.0086818063974285,7.233456764243655,9.364739741845334,9.948807509151887,-9.999999999999133,9.999995700866913,-9.999999999996609,0.31830988618379075,0.1635426881312327,0.08669855803109926,0.09352031692521717,0.028778945642431362,0.08167652425853679,0.02795103220396058,0.10282890374822076,0.08612576267440238,0.044864383886521024,0.10011699950050418,0.06674573390055166,0.1567274311895452,0.036373423107297076,0.09126865688982512,0.05369988757226438,0.02769293770618066,0.030346592626989567,0.025137011923700343,0.03854658026396618,0.2113942875137647,0.06819512468070234,0.14342846883594307,0.016316048393891804,0.05968104604943775,56,57,756
C:\Users\damba\.cache\kagglehub\datasets\sunnykusawa\ecommerce-products-image-dataset\versions\1\ecommerce products\tshirt\163.jpg,tshirt,exito,5411610.0,541850520.0,811165455.0,71688892560.0,138629386515.0,84127571475.0,10862009378040.0,24936276299355.0,11643186594105.0,14818887198915.0,17434800704.845917,17040913697.232826,2907671371.7430086,192582836235.54993,-952021344871.7726,315208480121.4258,66602700783.296875,0.0005953385510177435,0.00058188866281157,9.928698874132361e-05,2.82684080619993e-06,-1.3974312761523644e-05,4.626810008019932e-06,9.776324622567424e-07,2.929139670028308,7.401072509416988,9.057546493252012,9.694971623688415,9.999999999949864,-9.999934409004773,-9.99999999988621,0.31830988618379047,0.00359861964291724,0.03268690494159242,0.0026361014192182023,0.00682443096911266,0.06629521355505917,0.00817770550203249,0.004532754539516625,0.0896724879741179,0.009748461973303894,0.12611466561381673,0.12666144803064852,0.08357653089765202,0.02992882199557054,0.049593801607331164,0.04371397619118932,0.04665988500241196,0.16800127034871104,0.17438756687257992,0.12425630073909535,0.1927893756474397,0.08949086935081005,0.03457239378906309,0.06707133313305814,0.36197417706447704,56,57,756
C:\Users\damba\.cache\kagglehub\datasets\sunnykusawa\ecommerce-products-image-dataset\versions\1\ecommerce products\tshirt\164.jpg,tshirt,exito,5019165.0,556250370.0,617628360.0,68087396490.0,87205349820.0,68459922675.0,8973744586710.0,13466921932290.0,8353656924855.0,9672393020355.0,6440793095.782656,11203705905.864958,11086310.28730476,334353106.5432725,-21367494671.71079,-27227257909.85547,5107218306.886719,0.00025566801657015906,0.0004447323838214056,4.400723513525835e-07,5.9241586487684504e-09,-3.7859504184252734e-07,-4.824199095875425e-07,9.049107339451545e-08,3.1546535523127237,7.445557971454028,9.994765588041739,9.996752175006604,-9.999999999999998,9.999999399550942,9.999999999999998,0.3183098861837906,0.020639780225836228,0.0030901668804052796,0.03184549990902221,0.04542724694479603,0.0711204763140584,0.05117774219417747,0.04585297020966437,0.09435439111118486,0.0648884207140794,0.1345744597026501,0.16865527030339672,0.16606119131570485,0.058894733726389724,0.08597096542216498,0.060598686476445486,0.05331478826803665,0.18315204049108602,0.22354270493870596,0.0405119230933389,0.30329124128440615,0.10380063751885868,0.10746832962294117,0.1383421444395346,0.27931228645689976,56,57,756
C:\Users\damba\.cache\kagglehub\datasets\sunnykusawa\ecommerce-products-image-dataset\versions\1\ecommerce products\tshirt\165.jpg,tshirt,exito,3517215.0,238289340.0,369710730.0,23153063130.0,50670990840.0,26661119550.0,2631014505210.0,7760298299760.0,2900889080040.0,3690413274600.0,7009094234.827088,11808986704.019432,1613425325.274418,112683095087.06572,-48558196952.981224,248546251032.8916,-81707074603.85156,0.0005665836862945103,0.0009545854277319826,0.00013042205422387942,4.856925878031762e-06,-2.0929808787136236e-06,1.071297089946542e-05,-3.5217811931336467e-06,2.817822472580537,6.660181004448383,8.821118282041532,9.754273101945364,-9.999999999891857,9.999851745928627,-9.99999999999592,0.0,0.0,0.0,0.0,0.0,0.0,0.0,0.0,0.0,0.0,0.0,0.0,0.0,0.0,0.0,0.0,0.0,0.0,0.0,0.0,0.0,0.0,0.0,0.0,0.0,56,57,756
C:\Users\damba\.cache\kagglehub\datasets\sunnykusawa\ecommerce-products-image-dataset\versions\1\ecommerce products\tshirt\166.jpg,tshirt,exito,5197155.0,513662310.0,805084470.0,69078684510.0,140532643530.0,78746644095.0,10644430766760.0,25992176280300.0,10756960803315.0,13864794888045.0,18310722285.56449,15818063373.129374,-824111175.0132545,197528091909.8377,-678262290112.7642,218974846128.36328,230534588147.6328,0.0006779132727970796,0.0005856281878647456,-3.051086107304036e-05,3.207854746777466e-06,-1.1014974558107515e-05,3.556149876131877e-06,3.7438800007410028e-06,2.8984104686081373,7.908678242362432,9.197532772958136,9.690453545290605,-9.999999999965969,9.999975446552327,-9.999999999899153,0.0,0.0,0.0,0.0,0.0,0.0,0.0,0.0,0.0,0.0,0.0,0.0,0.0,0.0,0.0,0.0,0.0,0.0,0.0,0.0,0.0,0.0,0.0,0.0,0.0,56,57,756
C:\Users\damba\.cache\kagglehub\datasets\sunnykusawa\ecommerce-products-image-dataset\versions\1\ecommerce products\tshirt\167.jpg,tshirt,exito,6193950.0,747183405.0,744693840.0,106350693975.0,104160440070.0,94222065990.0,16811337871155.0,15872906458980.0,13951170621120.0,13527283253100.0,16217089295.047134,14626472999.883896,4388780436.560721,69556996966.76405,-167282238006.23532,105861165331.48438,-93031374922.4375,0.00042270512907820223,0.0003812450585237277,0.00011439537435974244,7.284866300237102e-07,-1.751985840996205e-06,1.1087086410525294e-06,-9.743392578621802e-07,3.094770805091916,7.266288114769258,9.85660823488053,9.9979452309754,9.999999999999993,9.999999749339478,9.999999999999996,0.3183098861837905,0.01374564192553142,0.0179224104594552,0.0365251032651187,0.03753747492688213,0.04612255631292886,0.007662207894423206,0.06511253762748276,0.046208028476596115,0.06712928173905772,0.06293342249505558,0.09543338906328072,0.03663300851303304,0.09733769866504849,0.07680804233720274,0.11161184661692412,0.06904539276286102,0.02963835152716656,0.07502207126272464,0.11633306474676985,0.10258372435075462,0.11386777474497785,0.12350768340304195,0.16172299778839327,0.07537999935963068,56,57,756
C:\Users\damba\.cache\kagglehub\datasets\sunnykusawa\ecommerce-products-image-dataset\versions\1\ecommerce products\tshirt\168.jpg,tshirt,exito,6509130.0,701256630.0,805316010.0,92089495380.0,120823661400.0,93180109725.0,13864514583630.0,19973044905990.0,13154503866105.0,14513598308235.0,16540096133.256287,21189167087.80772,6419944962.943274,379444637700.8146,-218467615805.1236,377803612563.71875,-91819396063.30469,0.00039038411600751796,0.0005001128285994369,0.00015152539132685908,3.510274316035151e-06,-2.0210623222743573e-06,3.4950930542162465e-06,-8.494289698435909e-07,3.050367517540458,6.983049488414334,9.532962339274407,9.961567167225773,9.999999999998433,9.99999201445367,-9.999999999999341,0.3183098861837906,0.014863806362839876,0.01249246258879003,0.006266591337739613,0.041120724244558475,0.008085181652300768,0.03336942221471162,0.026758873516314983,0.00996213116302887,0.06900155641145445,0.02906608357027312,0.1565164446403048,0.07609051826548914,0.05539029945043425,0.01129191295883897,0.11553665422080794,0.041246471405167726,0.008672912942842448,0.11165390112045845,0.11952827003615048,0.13855999943171707,0.058669052129092944,0.04621312638499105,0.09808362322919559,0.043433338569807786,56,57,756
C:\Users\damba\.cache\kagglehub\datasets\sunnykusawa\ecommerce-products-image-dataset\versions\1\ecommerce products\tshirt\169.jpg,tshirt,exito,6274530.0,776730255.0,629112795.0,118848899835.0,80146809825.0,75368679240.0,20111959200435.0,11339734447005.0,11573382192090.0,9447230213100.0,22696695760.3737,17069111761.127167,-2509813919.5056014,-219755979273.11624,-119000590640.74818,278437909972.9922,29068225963.335938,0.0005765012269776519,0.00043355931531182757,-6.374984356122619e-05,-2.228372038053803e-06,-1.2066911197267739e-06,2.8234192078425147e-06,2.94757949916913e-07,2.9956525511469883,7.434287207392356,9.691794478144352,9.973251589720858,9.999999999999522,9.99999583957404,9.999999999999478,0.0,0.0,0.0,0.0,0.0,0.0,0.0,0.0,0.0,0.0,0.0,0.0,0.0,0.0,0.0,0.0,0.0,0.0,0.0,0.0,0.0,0.0,0.0,0.0,0.0,56,57,756
C:\Users\damba\.cache\kagglehub\datasets\sunnykusawa\ecommerce-products-image-dataset\versions\1\ecommerce products\tshirt\17.jpg,tshirt,exito,3308115.0,317097855.0,450101520.0,33709361625.0,72700961040.0,44686119930.0,3881288957805.0,12620243832930.0,4887747064740.0,7292448651750.0,3314091313.780159,11460230803.502655,1541843952.8227859,14752045256.779911,-389989389911.2603,5672008095.408203,-95834831671.60547,0.0003028330519575077,0.0010472061092376916,0.0001408896936345928,7.41140830370438e-07,-1.9593016103421528e-05,2.8496094721283966e-07,-4.814729448505548e-06,2.869653601377222,6.198191088502131,9.125685906018651,9.310340367173163,9.999999999150141,9.998658036418185,-9.999999999987265,0.0,0.0,0.0,0.0,0.0,0.0,0.0,0.0,0.0,0.0,0.0,0.0,0.0,0.0,0.0,0.0,0.0,0.0,0.0,0.0,0.0,0.0,0.0,0.0,0.0,56,57,756
C:\Users\damba\.cache\kagglehub\datasets\sunnykusawa\ecommerce-products-image-dataset\versions\1\ecommerce products\tshirt\170.jpg,tshirt,exito,5587560.0,621889410.0,695184825.0,77792657730.0,98720218815.0,77508972780.0,10571682125820.0,15369865233285.0,9676697113590.0,11017581511530.0,8577036193.918402,12227735349.895267,135650496.1760686,4213324695.5803957,44773393627.97735,-32190909873.054688,-3626845395.3632812,0.0002747216228964662,0.0003916531566059607,4.344872006325939e-06,5.709123393445617e-08,6.066867555533186e-07,-4.361920570834135e-07,-4.914434416317091e-08,3.176281382998491,7.85859741434409,9.984179105042625,9.9998735015139,10.0,9.99999998516806,10.0,0.3183098861837905,0.004928011710804484,0.017146480871638267,0.03687272564230542,0.003997282639837568,0.04463000314220402,0.0005501218873836483,0.0651145475117477,0.04476647993585979,0.029756926348122287,0.05160201992927217,0.09412980630464456,0.06447806639141783,0.09279631183703212,0.09469154127689358,0.09933147045021513,0.05028480190356904,0.022510573031936976,0.06309823425456201,0.11028368544321314,0.15848804497745209,0.10291808240953507,0.16884278229475794,0.1360693686516072,0.10080857477093462,56,57,756
C:\Users\damba\.cache\kagglehub\datasets\sunnykusawa\ecommerce-products-image-dataset\versions\1\ecommerce products\tshirt\171.jpg,tshirt,exito,3014100.0,288052080.0,353275725.0,38086385880.0,56364998805.0,37246346520.0,5883094615380.0,10022790718965.0,5059598848050.0,6278194184760.0,10557770110.01015,14958364030.348982,3484425084.162435,225273722537.31503,-90091936796.72954,-70419190694.92969,74690405652.10547,0.0011621358194953964,0.0016465267248278205,0.00038354455140239205,1.4282899921623865e-05,-5.712047115481058e-06,-4.464747339054714e-06,4.735552717906566e-06,2.551500421890434,6.0845156144525685,9.798542976358169,9.247745072207332,9.999999999666416,-9.998171248680164,-9.999999999970948,0.31830988618379086,0.13688665048322163,0.02165231502560914,0.09535223244311418,0.08487826183707212,0.10062927085310334,0.019495613491352013,0.10981728085601808,0.09628785744980742,0.033228872800437737,0.09467103212331746,0.11039931657650541,0.1441852006319059,0.0558771950723899,0.046959392835927115,0.041035384523414146,0.03994691783164888,0.10085909967012965,0.06595199884464922,0.04920569375795174,0.15245828139147077,0.14254381696768745,0.06256468428584705,0.16172351617842556,0.04474498724048917,56,57,756
C:\Users\damba\.cache\kagglehub\datasets\sunnykusawa\ecommerce-products-image-dataset\versions\1\ecommerce products\tshirt\172.jpg,tshirt,exito,5562315.0,508870605.0,469009260.0,60833632065.0,61677497700.0,49349987055.0,8466402625365.0,9918696034980.0,6620452409085.0,7229531907345.0,14279401922.862059,22131070364.30477,6442487949.537207,288299992861.46405,985963634159.5278,312229620715.3496,500492185389.69336,0.0004615288547572214,0.0007153049977139251,0.0002082295954129948,3.950987740751579e-06,1.3512071896800485e-05,4.27892970617813e-06,6.858961282620834e-06,2.929284810404458,6.623531468865962,9.423801024728544,9.272967559152647,9.99999999935182,9.999085224382059,9.999999999929866,0.3183098861837906,0.022451977191517092,0.01494751281112231,0.007526006289979258,0.02805910049634376,0.0865367840353404,0.05059302904931475,0.006455825712269917,0.03268152889422155,0.010561677766155467,0.09846499248989608,0.06372974467469351,0.13395981921153147,0.012841265386813908,0.04107804563914288,0.025168027832748234,0.019653932000853126,0.028963544680786706,0.01688067931492575,0.03613584834719101,0.24009128498464558,0.02889523848727093,0.13359523042467872,0.06356283735189593,0.08645554417509305,56,57,756
C:\Users\damba\.cache\kagglehub\datasets\sunnykusawa\ecommerce-products-image-dataset\versions\1\ecommerce products\tshirt\173.jpg,tshirt,exito,5259630.0,680525130.0,549353130.0,105620512950.0,74268094650.0,72763875660.0,18160636756800.0,11513176084680.0,11837523745740.0,9823190097030.0,17569746534.583534,16889750272.01202,1684995546.920391,-51808110043.19295,227917500176.89542,369735515670.03906,-138084730670.2539,0.0006351190050763746,0.0006105381980118002,6.09099677796557e-05,-8.166007320594769e-07,3.592441363687087e-06,5.827780486738912e-06,-2.176494993883309e-06,2.904601421439803,7.808428473643511,9.487323404159275,9.703995084264443,-9.999999999983947,-9.999961650521929,9.999999999939089,0.31830988618379064,0.3444797719842694,0.15174005964638382,0.12066575794796383,0.023488884594755063,0.09556116183025234,0.08856951648121517,0.05891078658997212,0.0862512113775467,0.2010436411457119,0.23148647401089237,0.11638579822802986,0.17907835630613794,0.24532597919755264,0.28905642061135134,0.1280938233241791,0.11222470783245553,0.28433996575012466,0.15632667584952709,0.11457467907490076,0.07916016743618423,0.26628953814098344,0.30792124649462443,0.06599662845564908,0.23000289418674846,56,57,756
C:\Users\damba\.cache\kagglehub\datasets\sunnykusawa\ecommerce-products-image-dataset\versions\1\ecommerce products\tshirt\174.jpg,tshirt,exito,6118470.0,804871035.0,782522835.0,118016644605.0,115437637335.0,103925077875.0,18715633232895.0,18423793095765.0,15582204414645.0,15463646563395.0,12137661300.028135,15356736832.6788,985950263.4264851,-2556595039.0581803,-268229863961.78015,229045057574.15625,25887151256.492188,0.00032422712437653474,0.00041021663893810585,2.63371839753277e-05,-2.7609265588526516e-08,-2.8966768063601005e-06,2.473510950969313e-06,2.795613788854676e-07,3.134041393589706,7.988480911334613,9.683620143466596,9.998947897589174,10.0,-9.999999994386572,-9.999999999999995,0.3183098861837906,0.02534462092077429,0.01429598483880462,0.007712302921941596,0.05987296722794111,0.08414124866937804,0.037703028839784006,0.02920755818831708,0.06346413216098296,0.10231634529690455,0.11945457104936821,0.0841850874156236,0.06903057664899669,0.13264826962347928,0.09292858110711909,0.06193094792701167,0.12627447022071908,0.10684733992744483,0.0822480249727712,0.060339487558684346,0.07678972040745423,0.2573065226855366,0.0992343771283267,0.16601135214113028,0.05769875244603159,56,57,756
C:\Users\damba\.cache\kagglehub\datasets\sunnykusawa\ecommerce-products-image-dataset\versions\1\ecommerce products\tshirt\175.jpg,tshirt,exito,2687190.0,275837580.0,279735765.0,31733535690.0,35402621805.0,28072664910.0,3999244027050.0,5113473251145.0,3154915503810.0,3513646071510.0,3419062005.4982,6282202995.710289,-641953876.5572187,39898663117.27875,120118402619.97066,-16745180709.75,13253986529.208984,0.0004734893636462413,0.0008699919141425298,-8.890108807986497e-05,3.370640287450627e-06,1.014760634823752e-05,-1.4146333814498497e-06,1.119697189686858e-06,2.871768349014682,6.7237039340073705,9.512698133526323,9.706796721333491,9.999999999991436,9.999963955948074,9.99999999994144,0.31830988618379064,0.4399970631415751,0.43375881181476955,0.24964218693723367,0.2158834641992214,0.10848494217284975,0.12445403434987583,0.1691796589623452,0.33145118221313175,0.03897215304299058,0.36411409643622195,0.2476417174060818,0.15192838601216102,0.2631170821477106,0.3409104881822364,0.25191733846022424,0.34764871107111306,0.39918026865842476,0.21379826623656248,0.5138282085140459,0.08168987638081374,0.632500880923167,0.2608143669584585,0.45745733580613,0.43812654515861776,56,57,756
C:\Users\damba\.cache\kagglehub\datasets\sunnykusawa\ecommerce-products-image-dataset\versions\1\ecommerce products\tshirt\176.jpg,tshirt,exito,5808390.0,481840860.0,666600600.0,48556804200.0,92541047340.0,54406737270.0,5550664734930.0,14210418290250.0,5446367640360.0,7367857982580.0,8585208910.16244,16038546660.748087,-891788893.1047459,98196635562.65787,-91398105659.66635,21698470518.023438,-104285556881.42969,0.0002544716053167629,0.00047539375668275373,-2.6433247415027657e-05,1.207694769861712e-06,-1.1240814264966812e-06,2.668638208270826e-07,-1.2825808226133667e-06,3.1367571871344486,7.286497165455852,9.888529762440369,9.996796199973568,9.999999999999991,9.99999932983131,-9.999999999999988,0.3183098861837906,0.04404006615378415,6.302917210362731e-05,0.06320473800226191,0.09146047904055428,0.06117700460886529,0.03476316561231095,0.08739205929326216,0.01285350306420642,0.1280773727318917,0.1168102300831115,0.04077590178019726,0.1220950166817753,0.09312194064923995,0.0329859567390462,0.09400574297441806,0.118361572773254,0.15147027128012372,0.05772587576918128,0.15461077357312653,0.2327500451592648,0.12005686789690848,0.09640446580352785,0.20732332363630837,0.12297448501903084,56,57,756
C:\Users\damba\.cache\kagglehub\datasets\sunnykusawa\ecommerce-products-image-dataset\versions\1\ecommerce products\tshirt\177.jpg,tshirt,exito,5523300.0,539249775.0,628894770.0,57783001785.0,92869174200.0,60841682160.0,6651954487905.0,15514451437650.0,6426503447010.0,8900865261840.0,5135070324.179362,21261868470.93352,-558452401.0734079,7803030401.03567,98324536667.81346,-43747481643.71484,-38947115385.171875,0.0001683251965041133,0.0006969540751102456,-1.8305807752281896e-05,1.0883453276578783e-07,1.3714037313290138e-06,-6.101779026442907e-07,-5.43223707671036e-07,3.0628436498049525,6.551465420042453,9.945866675702218,9.996676676996096,9.999999999999995,9.999998997713195,-9.999999999999991,0.3183098861837906,0.032332824200404224,0.012396601272735798,0.010113653998668872,0.07010140132037132,0.08434186090679271,0.029601415704787394,0.013805578566333585,0.061473855792420685,0.10459848126710442,0.11745353176262843,0.0793402026840795,0.0542416134502916,0.08511758373655819,0.0827214712419558,0.05821770408031621,0.09810342933464415,0.0943323745759921,0.06473450151982278,0.054440548244653095,0.07362398201688038,0.17033217955989827,0.0843529682582143,0.14481039822795108,0.06937617720352324,56,57,756
C:\Users\damba\.cache\kagglehub\datasets\sunnykusawa\ecommerce-products-image-dataset\versions\1\ecommerce products\tshirt\178.jpg,tshirt,exito,6493575.0,674859285.0,705533745.0,81283627365.0,100904437635.0,74451189240.0,10676570066865.0,16117554827055.0,8998878808590.0,10500241601220.0,11147368901.717268,24247455104.772045,1127019011.1087852,-88042871160.45285,-114841254505.44536,-66928625689.1875,-231381044683.1797,0.00026436542273328254,0.0005750405118459704,2.672781890750213e-05,-8.19378462938618e-07,-1.0687798950482394e-06,-6.22876943027655e-07,-2.1533673566837857e-06,3.0760279129240886,7.002279432665603,9.877923366309457,9.951951023791661,9.99999999999988,-9.999994272557139,9.999999999999018,0.3183098861837906,0.04392415926761791,0.008231225243152855,0.010040515884372386,0.09408672162732153,0.08343318801280329,0.006592422659440472,0.02781658756466213,0.07095784006843767,0.14271160193040197,0.1275574609595979,0.08770400453553653,0.014754781792525254,0.13389305606226215,0.12660519760467073,0.07140050731761917,0.1645414076024315,0.1455708005952076,0.1061449960790108,0.06550318371044787,0.06733014206396894,0.2807650832318096,0.1767461135750662,0.18877247541179076,0.06354433395081868,56,57,756
C:\Users\damba\.cache\kagglehub\datasets\sunnykusawa\ecommerce-products-image-dataset\versions\1\ecommerce products\tshirt\179.jpg,tshirt,exito,6161565.0,669008820.0,784132395.0,82851210540.0,115274598495.0,84846992010.0,11220973608360.0,18600333322335.0,10492241319450.0,12422748535620.0,10211742931.073954,15484429457.030579,-292333518.94011706,7640181566.77198,-10885176739.11922,11921669446.425781,-19101343497.257812,0.00026897864703119854,0.00040786190109900236,-7.700103198554802e-06,8.107297198856571e-08,-1.1550689223136592e-07,1.2650552406902803e-07,-2.026918696582034e-07,3.169513567332292,7.7071742993425785,9.996884395022573,9.999935242287153,-10.0,-9.999999991330425,-10.0,0.3183098861837905,0.003466930532324477,0.017088680159321842,0.03692768723620038,0.019899494798929995,0.04389956362380305,0.0019202418660280505,0.06456950362360273,0.04333679599500404,0.053484908848906366,0.048796807230027515,0.09661728230529917,0.05534647993623343,0.0952503304198563,0.08771518505665757,0.10759678747530672,0.08309631129839214,0.04006227556665046,0.08100745834229374,0.11897090485893827,0.13244246931882264,0.11636285195386668,0.16105472837151552,0.16398021291412282,0.09734453481530358,56,57,756
C:\Users\damba\.cache\kagglehub\datasets\sunnykusawa\ecommerce-products-image-dataset\versions\1\ecommerce products\tshirt\18.jpg,tshirt,exito,6463740.0,809866230.0,898457565.0,114101271330.0,140583603495.0,111660066315.0,17399953331520.0,23718492304815.0,15762816522015.0,17329597603185.0,12630093576.189837,15698320964.185139,-911052105.841487,-61166544654.83757,-186700746140.58493,131078591037.99219,-31377567398.210938,0.0003023004617024525,0.0003757382830775574,-2.180597242367839e-05,-5.758432101086336e-07,-1.757666018146877e-06,1.2340196273268566e-06,-2.953993762104196e-07,3.1687454247312297,8.131055047918723,9.886374413045626,9.995535594087565,-9.999999999999975,-9.99999967254004,9.999999999999996,0.3183098861837905,0.04376746491067249,0.07667180566376329,0.08001005524996932,0.0859704395158872,0.021175223946909016,0.10014781747846041,0.08852069863526862,0.014816813649967708,0.10484056925578046,0.05407097422805693,0.007104938932204011,0.07493085443511703,0.020488603296062998,0.027695414313182808,0.009828590724817027,0.04264453319181165,0.06607354009834746,0.0059936694062836995,0.006050024861070219,0.005210944491289169,0.10662453463293087,0.07927174333339636,0.11197262914841963,0.09593781023771848,56,57,756
C:\Users\damba\.cache\kagglehub\datasets\sunnykusawa\ecommerce-products-image-dataset\versions\1\ecommerce products\tshirt\180.jpg,tshirt,exito,5074245.0,576848250.0,557457030.0,81807352230.0,70679295540.0,64235497815.0,13146123800340.0,9765192986280.0,9382843341675.0,8119239006585.0,16230324804.62687,9437014117.557669,862895150.8208987,155955432046.7274,-73143534385.4753,199289389970.1211,-105291318505.30469,0.0006303537578196638,0.0003665149886528382,3.3513143296384194e-05,2.688883121571718e-06,-1.2610937142752264e-06,3.4360193163289524e-06,-1.8153651043851963e-06,3.0013619760916,7.129576082459906,9.522845241707351,9.976774977526203,-9.99999999999932,-9.999996560223199,-9.999999999999599,0.3183098861837905,0.02692231048679999,0.009454927644447652,0.08907967216852285,0.08335430788375446,0.11135902288554121,0.05993218815413377,0.042877473623302804,0.10403102928005296,0.16278589998511314,0.04619302316841343,0.11480936904017272,0.06860563953371486,0.09328193247297979,0.08501113690521597,0.11445915387883063,0.15333364228493837,0.0510294753655197,0.07441463646640681,0.18241303490426466,0.08278946031492358,0.15150535082547753,0.15236638340486228,0.22121797173047494,0.021243244755000137,56,57,756
C:\Users\damba\.cache\kagglehub\datasets\sunnykusawa\ecommerce-products-image-dataset\versions\1\ecommerce products\tshirt\181.jpg,tshirt,exito,6250050.0,695480625.0,904106580.0,93997037415.0,153066426990.0,100357704375.0,14187299552415.0,27549247556130.0,14047415238735.0,17040384313365.0,16606728577.408209,22282079984.88862,-247668274.0207964,31823313028.911743,-1039181989169.1263,505308686724.9531,79416436768.3125,0.00042512544954724935,0.0005704121209827066,-6.340206371224675e-06,3.2586420809279066e-07,-1.064101074759998e-05,5.174257466293283e-06,8.1320804824897e-07,3.001942301890958,7.67021560249412,9.102916650519852,9.882122848578332,9.99999999998293,9.999981276386688,-9.999999999989868,0.3183098861837905,0.014788425391467947,0.01806262690373922,0.037185207434417965,0.0360714219852939,0.04780769168478319,0.00693243179839627,0.07016097072505714,0.04929312191060341,0.060436072927577425,0.07157458036308216,0.09052903397965241,0.04319523748783356,0.10440409773473609,0.08237509979331285,0.10057781974009741,0.04448897445509115,0.04093623245103818,0.043021608863520876,0.10172806950989309,0.12186708964608255,0.11132024953999435,0.13062384482847503,0.12113597741092978,0.077588845949508,56,57,756
C:\Users\damba\.cache\kagglehub\datasets\sunnykusawa\ecommerce-products-image-dataset\versions\1\ecommerce products\tshirt\182.jpg,tshirt,exito,3485085.0,386289555.0,505201665.0,46728634995.0,83764590705.0,55964930835.0,6148933334025.0,14977366343625.0,6803672294355.0,9302716876515.0,3911997724.431842,10530014699.315132,-32017979.192216635,102276986119.69603,-218123180833.22302,36936969166.96094,27466661557.289062,0.0003220859969457857,0.0008669663228843688,-2.636132092794675e-06,4.510705618176587e-06,-9.619851880339028e-06,1.6290252642450589e-06,1.2113577970905784e-06,2.9247989989211276,6.527210846228304,9.506933290653121,9.706426825449304,-9.999999999979236,9.999924291379621,-9.99999999994379,0.3183098861837906,0.024959700720850485,0.004018442159561371,0.03196975787086702,0.05471296797274619,0.07123004537197694,0.056215926662852786,0.046937133436689496,0.09390741030137295,0.08206548927993287,0.1335003883664962,0.1663220075058758,0.1802731178827688,0.059245951588097784,0.08989379490560875,0.06664957039050173,0.07874418024584015,0.18137187835534602,0.22283800685722846,0.03736090470943423,0.32792204250949625,0.09467598725884536,0.15011722828492863,0.14760034889351978,0.2818259198787823,56,57,756
C:\Users\damba\.cache\kagglehub\datasets\sunnykusawa\ecommerce-products-image-dataset\versions\1\ecommerce products\tshirt\183.jpg,tshirt,exito,5560020.0,344783205.0,724955565.0,27569777625.0,112231165845.0,44251360995.0,2474240346855.0,18910719077025.0,3585107109585.0,6768896110395.0,6189376394.415934,17706223268.450054,-703963479.2439439,-3013754950.5561247,-340121465448.1197,77667541759.18555,-7111273977.0546875,0.00020021388213499756,0.000572760722990404,-2.2771803180018112e-05,-4.134443413679604e-08,-4.665983053511191e-06,1.0654882754276218e-06,-9.7556570921201e-08,3.1118347177300585,6.85088756837136,9.790803447932845,9.946987450766992,9.999999999998407,9.999979255148173,9.999999999999867,0.3183098861837905,0.024048693796703543,0.08297345400751235,0.07683336207270217,0.046594588986033865,0.011475028819994376,0.1312183265878584,0.0703831604916724,0.017362518979308458,0.052942665844133596,0.02800920603241194,0.004095196528528753,0.15246269199885615,0.03078318213869789,0.016501570876849756,0.011061847346210118,0.006839545545131752,0.027785614869905967,0.002064213747768286,0.00345066677213432,0.1161552828072947,0.1904957779733333,0.05112986279227912,0.11276921632734482,0.09728017242379829,56,57,756
C:\Users\damba\.cache\kagglehub\datasets\sunnykusawa\ecommerce-products-image-dataset\versions\1\ecommerce products\tshirt\184.jpg,tshirt,exito,5623515.0,582445755.0,778985730.0,74299340055.0,129237113040.0,83434016865.0,10846370045205.0,23007505082130.0,11330228054655.0,14193179983485.0,13973537151.029795,21329733484.040268,2751928945.953616,256376063462.19202,-804111471235.2921,468013884953.83984,45260997522.171875,0.0004418660535742657,0.0006744809890664777,8.702048521592114e-05,3.4186751102906946e-06,-1.0722513777175308e-05,6.240783161092948e-06,6.035378014874479e-07,2.952200734887547,7.073143457557799,9.013413737938379,9.865618528678732,-9.999999999982457,-9.999976697694821,-9.999999999978218,0.31830988618379064,0.2945919538743524,0.34555109594288713,0.07837664397139167,0.08398114473788885,0.09418566934065355,0.06163380605988919,0.19561195099359704,0.20727352053983839,0.060969842187651765,0.10785103134186194,0.12138370460504838,0.08619522793247551,0.1330521344740954,0.277259466537196,0.16282812487182366,0.10884087418931618,0.14807741797759327,0.19176357577340902,0.17053793407427031,0.10623367154851132,0.1362089511657286,0.3533709330921399,0.17381685097381885,0.32502473407859744,56,57,756
C:\Users\damba\.cache\kagglehub\datasets\sunnykusawa\ecommerce-products-image-dataset\versions\1\ecommerce products\tshirt\185.jpg,tshirt,exito,4225860.0,403827945.0,545578620.0,45373284495.0,87124840200.0,51964576005.0,5849258721225.0,15229283793720.0,5859548168595.0,8207697792585.0,6783030874.9266815,16688046127.052855,-171531899.79001015,216948357487.77213,-327959569056.8581,34424953329.6543,-73758976468.53125,0.00037983377847741593,0.0009344913406298492,-9.605383025379975e-06,5.909743120895494e-06,-8.933724272491247e-06,9.377468144166041e-07,-2.0092182712826656e-06,2.8812971588342284,6.511288476564081,9.419653728693186,9.746783794486383,-9.999999999971752,9.999877450300673,-9.999999999957277,0.0,0.0,0.0,0.0,0.0,0.0,0.0,0.0,0.0,0.0,0.0,0.0,0.0,0.0,0.0,0.0,0.0,0.0,0.0,0.0,0.0,0.0,0.0,0.0,0.0,56,57,756
C:\Users\damba\.cache\kagglehub\datasets\sunnykusawa\ecommerce-products-image-dataset\versions\1\ecommerce products\tshirt\186.jpg,tshirt,exito,5999640.0,652475895.0,758780550.0,81761361705.0,109267575480.0,82127937210.0,11265095534415.0,17176603170600.0,10209550939320.0,11768037002070.0,10802971942.272402,13303830478.916187,-391350358.8945053,23641842480.693417,-7675658742.842674,-45770655294.39844,-16096883407.078125,0.0003001185670996363,0.0003695951967296256,-1.0872147921235963e-05,2.6814415804039057e-07,-8.705679570810444e-08,-5.191276372345342e-07,-1.825697490282365e-07,3.174110710587151,8.267621001097824,9.987890825653905,9.99837538257582,-9.999999999999998,9.99999988153752,-10.0,0.3183098861837906,0.009353742224154188,0.01691068834051165,0.008636062649156522,0.011993678339158514,0.08576393160161574,0.05661717860296563,0.004577766976426539,0.043098194306515694,0.03034480084502071,0.10257224146439281,0.06908387488985489,0.13838204020908823,0.038738450929381565,0.008183128934009907,0.03638742388017396,0.04197971276931453,0.035523912625801436,0.02586239101424122,0.041910015421041474,0.23241333479617668,0.07579058368594772,0.06894009267739255,0.09061462185969794,0.07827129761138917,56,57,756
C:\Users\damba\.cache\kagglehub\datasets\sunnykusawa\ecommerce-products-image-dataset\versions\1\ecommerce products\tshirt\187.jpg,tshirt,exito,5021460.0,534601635.0,550465695.0,66000020805.0,67871906445.0,58615250895.0,8968870763295.0,9053254321875.0,7241049687165.0,7228030287825.0,9084520503.35999,7528404481.062614,10809047.726229321,7947434031.883246,-37610279663.27706,3651720913.5,-212529204.6796875,0.00036028152666836127,0.00029856777347918214,4.286742723731801e-07,1.4065394348007722e-07,-6.656279408933865e-07,6.462827434765558e-08,-3.761348709905426e-09,3.181213845131987,8.407898514335143,9.99670387884785,9.998353067458199,10.0,-9.999999907601136,-10.0,0.3183098861837905,0.023972373824853354,0.019740129849880685,0.0355683721312659,0.03269124027830844,0.04366502572420819,0.00924342025513656,0.0584804029256245,0.04399925666348918,0.022013399282491332,0.04410944408755709,0.0940852828250916,0.05428571130068438,0.0760207108280552,0.12273732400591657,0.08618036749759801,0.03333137734817686,0.016372039672661966,0.062379640425006114,0.10441857579796454,0.15716312924995118,0.07944482357332484,0.22120110261923764,0.10760482223472995,0.12511445138596206,56,57,756
C:\Users\damba\.cache\kagglehub\datasets\sunnykusawa\ecommerce-products-image-dataset\versions\1\ecommerce products\tshirt\188.jpg,tshirt,exito,5957565.0,703996095.0,658614765.0,98276908455.0,87709300455.0,76412459775.0,15075046015815.0,12831586252185.0,10422955530315.0,9975927089775.0,15086796089.419594,14898779935.961567,-1415012131.6166594,-103747811364.02594,-158914598431.70245,-107235401205.65234,-75681117676.8711,0.0004250690082109738,0.0004197716714269171,-3.986782878404562e-05,-1.197586716424107e-06,-1.8343906211178982e-06,-1.2378448309014567e-06,-8.736059105472141e-07,3.073225131334562,8.188033979128917,9.97651391486004,9.944130805059366,9.999999999999606,-9.99999547458219,-9.999999999999659,0.31830988618379075,0.07018796553764482,0.04554005557623402,0.06339028307617481,0.03619775693301537,0.12432576698395734,0.01232298574228182,0.06550168744583124,0.06445443379500539,0.019236990410202666,0.06655210034795299,0.06382234709393471,0.05868053370787884,0.14749252598766066,0.10006377470704728,0.08876043623204201,0.07804954315186653,0.08428253430940139,0.05018349206544294,0.042821565916221785,0.23051255002174015,0.13004206274230928,0.06454294427600059,0.1196007123926564,0.084296807119649,56,57,756
C:\Users\damba\.cache\kagglehub\datasets\sunnykusawa\ecommerce-products-image-dataset\versions\1\ecommerce products\tshirt\189.jpg,tshirt,exito,6414525.0,809103015.0,855326865.0,113311535565.0,133198200165.0,110860878210.0,17182901142495.0,22523370445875.0,16009942968870.0,17612460412530.0,11254455908.737041,19147035660.889694,2973303482.019689,51042824722.65967,-343786037655.09644,150652046039.1328,18428424500.648438,0.00027352403839389395,0.0004653423106107452,7.226204290704942e-05,4.898052604717211e-07,-3.2989594646285726e-06,1.4456520588688573e-06,1.7683855295368186e-07,3.131434053759232,7.238211481724976,9.800494764733408,9.983471561196929,9.99999999999987,9.999999059827573,-9.999999999999783,0.3183098861837905,0.033327826788009864,0.022266297060896317,0.034304446223832996,0.07589502624253257,0.04675261589849666,0.032811866932419186,0.05837114682034965,0.04593474264644843,0.12175340699590327,0.07076988037172066,0.10127962506163239,0.04083508702283646,0.10662220144694143,0.0757187459908357,0.1311419841393357,0.1461100629981412,0.05117555703779679,0.11949237969608299,0.13582038395586857,0.05067957816378938,0.16969466563199684,0.10789985623224521,0.22467836661104923,0.05218030686068056,56,57,756
C:\Users\damba\.cache\kagglehub\datasets\sunnykusawa\ecommerce-products-image-dataset\versions\1\ecommerce products\tshirt\19.jpg,tshirt,exito,5933595.0,658717275.0,710421585.0,83570044575.0,97457049795.0,78395055960.0,11592545444895.0,14607637250055.0,9917874721290.0,10713625062150.0,10442632208.057926,12399200643.867807,-472303637.7448586,-3547058538.5580406,-29848343937.680504,17007810920.082031,7539986804.316406,0.0002966020731227504,0.00035217448462834274,-1.3414839793978934e-05,-4.1359340568280554e-08,-3.480370591288735e-07,1.9831413451962784e-07,8.791760235421353e-08,3.187904783939101,8.40803159538756,9.995754726051848,9.999893243448657,10.0,9.999999993488396,-10.0,0.31830988618379047,0.049054396505196475,0.03654517100825626,0.043864756266807976,0.0980766118911265,0.058686596035479835,0.02807708509659544,0.03602956445523816,0.04613712046330608,0.12915556077693469,0.1064237328969855,0.07435394580641583,0.03397922338231737,0.047948087536107825,0.10938826454477193,0.07431915052731672,0.10761227471552869,0.13929872274201238,0.08961289920558924,0.09795083472841602,0.13642511789179476,0.17590320059680856,0.18473324300426378,0.20371708107330225,0.07082752045635231,56,57,756
C:\Users\damba\.cache\kagglehub\datasets\sunnykusawa\ecommerce-products-image-dataset\versions\1\ecommerce products\tshirt\190.jpg,tshirt,exito,4711380.0,501532215.0,518302035.0,60473851545.0,65221085565.0,54975822810.0,7957100883705.0,8982727166475.0,6584365833930.0,6895101380790.0,7085128350.775328,8202335329.37026,-198068417.74166733,11143447541.430115,3023648784.083091,-26233382333.246094,-4184386893.6757812,0.0003191916002803737,0.000369522810342799,-8.92316583326906e-06,2.3128594284610838e-07,6.275683151575166e-08,-5.444825350888306e-07,-8.684833525159653e-08,3.161960766706585,8.529924509482386,9.986661277008476,9.998902960990884,-10.0,9.999999943049696,10.0,0.3183098861837905,0.010592931325056823,0.08517003742905786,0.07573691953750385,0.02017519312969247,0.005030183070497186,0.14198175055443898,0.06413067302557567,0.018230888672263322,0.02225344809451804,0.01221525153717687,0.0018327299415769726,0.17869085728748463,0.047980663433682846,0.012760741291107233,0.011500589913520569,0.005153188558145273,0.011013172201503107,0.000850790073640149,0.0015395105986197835,0.15029588555063472,0.21650572932022707,0.04248003048311849,0.1129323626424008,0.09775510618991057,56,57,756
C:\Users\damba\.cache\kagglehub\datasets\sunnykusawa\ecommerce-products-image-dataset\versions\1\ecommerce products\tshirt\191.jpg,tshirt,exito,5153295.0,553466535.0,626569935.0,66748612575.0,88340452995.0,66848411415.0,8753838085275.0,13676185188645.0,7997633548845.0,9371898435675.0,7306021889.835221,12158149547.224503,-445522050.7971699,15661722783.588175,-21329476049.565018,-22382916545.847656,-7572946160.292969,0.00027511290352159044,0.00045782285816037743,-1.6776416335164762e-05,2.597927467969669e-07,-3.538080227331855e-07,-3.712822306410927e-07,-1.2561813993985877e-07,3.1349340282733866,7.460814461437261,9.995751824363904,9.997644883257092,-9.999999999999998,9.9999995687451,-10.0,0.31830988618379064,0.012301243623716162,0.04975638248531402,0.05648630331274015,0.012552548078457635,0.06744563063607568,0.05615912357120364,0.09675486048774896,0.03315381444111932,0.013517835888061599,0.08870140378366138,0.02686858910694766,0.005146023884918669,0.13207921330350927,0.1313547397936873,0.02238275780483063,0.03565932380375555,0.06138547148941546,0.03300525288080283,0.01375069937983302,0.09369976248858733,0.14177299846051353,0.228137173217544,0.013602547735546948,0.14784509412903374,56,57,756
C:\Users\damba\.cache\kagglehub\datasets\sunnykusawa\ecommerce-products-image-dataset\versions\1\ecommerce products\tshirt\192.jpg,tshirt,exito,6219960.0,635018085.0,848887860.0,79752632355.0,142452252420.0,86141613240.0,11160820617705.0,25912887144870.0,11369607737550.0,14470119652320.0,14921352366.532671,26597713346.53656,-524401209.7630419,-28161479059.726986,-788721810213.8516,592201949536.5898,69795390715.3125,0.0003856852256201818,0.000687494324981459,-1.3554656034837248e-05,-2.9186799924075813e-07,-8.174380905791016e-06,6.13763211055565e-06,7.233654525424892e-07,2.969327570919224,7.036572752458729,9.089939060411993,9.981571912240794,9.9999999999991,9.999994599734757,-9.999999999999467,0.3183098861837906,0.026032152507799045,0.014129528394449224,0.007189295300926852,0.06158753675700844,0.0840586927095829,0.036473436309557454,0.033287455794016964,0.06474102730615842,0.10668680081811982,0.12116103634130877,0.08570215568412569,0.06394603150652502,0.14535922783658828,0.09928098573410356,0.06385627011374499,0.1371281521448703,0.11543832072435632,0.08874725284855631,0.06228622005970327,0.06185502877674226,0.2820441715293579,0.11259491882594647,0.1738321740834651,0.0547002850086206,56,57,756
C:\Users\damba\.cache\kagglehub\datasets\sunnykusawa\ecommerce-products-image-dataset\versions\1\ecommerce products\tshirt\193.jpg,tshirt,exito,5706900.0,537632565.0,675870105.0,66898420485.0,94815665445.0,67357909065.0,9690317728215.0,14779089157665.0,8857689052245.0,9756536841705.0,16249421037.229893,14772139391.851881,3685901817.9886055,326353890786.4791,51098731400.62648,240407485191.45703,-48851567565.26953,0.0004989274131418287,0.00045356848569932804,0.00011317310659440703,4.194576681126337e-06,6.567641851968568e-07,3.0899206653309774e-06,-6.278817318584172e-07,3.0211368399934,7.272539749507498,9.67545311215549,9.897021331868071,9.999999999999385,9.99997398762964,-9.999999999993692,0.3183098861837906,0.014853151195149112,0.01628335812265676,0.009171981695254353,0.03308807082510618,0.08529804604982817,0.05167822266072865,0.009314896045659115,0.04964183207304213,0.05707335177074568,0.10706451886181635,0.07244908619044414,0.12008132496422284,0.05682816965958124,0.033011722233522375,0.04386361839017996,0.05685573397841052,0.05095781659821079,0.03556013830894812,0.045800882882902155,0.19514574990295774,0.10730438512215881,0.03768690921190827,0.10835857729927055,0.074225231401634,56,57,756
C:\Users\damba\.cache\kagglehub\datasets\sunnykusawa\ecommerce-products-image-dataset\versions\1\ecommerce products\tshirt\194.jpg,tshirt,exito,4769520.0,645722475.0,565387530.0,92413174785.0,81648299040.0,74702361435.0,13872133937985.0,13155039891150.0,10507140220515.0,10602443181525.0,4991900795.138195,14626238312.819712,-1842749017.5689783,9097611989.92877,8661297773.730999,51277215790.73047,-14643465504.984375,0.0002194404056662998,0.0006429590251198652,-8.10059351240207e-05,1.8312208510201393e-07,1.7433969593019212e-07,1.0321379593039772e-06,-2.947522865737374e-07,3.064291488447961,6.686732209330452,9.959881208807507,9.99367068732558,-9.99999999999998,9.999997156116704,9.999999999999986,0.31830988618379064,0.019816708716620862,0.05089386529756638,0.05647045918546834,0.035428080028585544,0.06597816837773877,0.06156447857375288,0.09529647507974445,0.03603751246667229,0.059770438483556586,0.08632271867659742,0.028231090615480552,0.019411010061210758,0.13118884420537202,0.14231319112294039,0.021531303334639335,0.1012090291570873,0.08414173990582523,0.03732746177769051,0.015435802045950296,0.06401877731618826,0.152545220674588,0.25158382860325246,0.017307924538371076,0.14853281486662642,56,57,756
C:\Users\damba\.cache\kagglehub\datasets\sunnykusawa\ecommerce-products-image-dataset\versions\1\ecommerce products\tshirt\195.jpg,tshirt,exito,4603005.0,474662355.0,505952895.0,57594208455.0,64482388305.0,51887823045.0,7754163371295.0,9115573087965.0,6455438055015.0,6590905406085.0,8646976971.622072,8869080920.17617,-286092182.0674737,31688265234.283043,78058382998.63866,183804171222.50977,4368143282.125,0.00040811392102469346,0.00041859662655484086,-1.3502777049279536e-05,6.970996230421909e-07,1.7171804439696432e-06,4.043446920349941e-06,9.609333337910982e-08,3.082646468861573,9.02724789628665,9.68068352803742,9.873498503229495,-9.999999999991708,9.9999995896824,-9.999999999996772,0.31830988618379047,0.006456436281319525,0.03255149205920514,0.0026765307595749553,0.016008453123540923,0.06637513701241933,0.007031995172705166,0.004077692256541299,0.08723071065590299,0.023322492033159673,0.12231937194030311,0.1227022009804625,0.08704547850812813,0.02389482850864361,0.0335212137984617,0.037665793769598166,0.032568352957340806,0.15948044029129352,0.16431087932128743,0.12686937402202303,0.19417115370156918,0.0682154544229686,0.07753628428568192,0.06247134296271947,0.37043961995954905,56,57,756
C:\Users\damba\.cache\kagglehub\datasets\sunnykusawa\ecommerce-products-image-dataset\versions\1\ecommerce products\tshirt\196.jpg,tshirt,exito,6089145.0,633653325.0,628916955.0,76460230965.0,86248995525.0,65643906930.0,10034662301595.0,13313159134215.0,7915520843550.0,8800012000920.0,10520507689.637758,21291347729.378117,197063459.42648408,-111587941697.65813,6786104667.349897,-22683201469.078125,-216005172922.1289,0.00028374228785045606,0.0005742361390129236,5.314880087438193e-06,-1.2196254462815302e-06,7.417025359115025e-08,-2.47921139989975e-07,-2.3608770035212453e-06,3.066523581360434,7.072631334282729,9.869525189960818,9.947497716302326,-9.999999999998863,-9.99998392213034,9.999999999999668,0.3183098861837906,0.03359016986171385,0.0038858506616433496,0.0637349710869931,0.07251038600934631,0.056737062601698356,0.015237888603989879,0.08813099451143719,0.01799163472946509,0.10713802124965925,0.1032285212756959,0.04218816400723855,0.07075270278115067,0.1099425217903682,0.01574351074423455,0.09377808981775025,0.12588774399977903,0.12467871553649756,0.06201910763118425,0.15735785154018234,0.1516318368634098,0.17341925280023995,0.047900132257143305,0.21407598573986514,0.13511827598503984,56,57,756
C:\Users\damba\.cache\kagglehub\datasets\sunnykusawa\ecommerce-products-image-dataset\versions\1\ecommerce products\tshirt\197.jpg,tshirt,exito,4819755.0,528723375.0,535767240.0,69120067695.0,68251450740.0,58599103530.0,10022832046815.0,9556730920290.0,7892014546260.0,7448019644880.0,11119524665.034655,8695200379.303745,-174146012.19353345,807962496.4813766,36724528699.80682,246788230203.72656,-395041609.08203125,0.00047867009690507023,0.00037430848292087094,-7.4965874030956526e-06,1.584268532260509e-08,7.201016808896274e-07,4.839071478524233e-06,-7.746052482977411e-09,3.0690618238731138,7.950156510165433,9.5370604486867,9.883045517447332,-9.999999999989706,-9.999985987382049,-9.999999999999984,0.3183098861837905,0.03424329085401566,0.02255780040144312,0.034553412857623526,0.07665644924456075,0.04876959071399949,0.033612821589856456,0.05836671501687222,0.049646358025315605,0.11494956787783403,0.08117220836314674,0.09741858661556356,0.03886708513249824,0.0876529725784593,0.07989211729111337,0.12374701388046944,0.09904748903514148,0.06909447868489545,0.09505294985812787,0.12117148330587672,0.029750867046697816,0.11196156878352395,0.10816328465821524,0.18385390194026568,0.04182043795385132,56,57,756
C:\Users\damba\.cache\kagglehub\datasets\sunnykusawa\ecommerce-products-image-dataset\versions\1\ecommerce products\tshirt\198.jpg,tshirt,exito,5251470.0,526374060.0,627921690.0,57800889780.0,92500808850.0,64442880390.0,6821643918390.0,15209060798400.0,7179231762750.0,9512604271380.0,5040491064.805283,17419803193.973,1503991026.191123,17595429593.212326,-17115632487.50487,-33559345164.71875,-118756753529.20703,0.0001827725922862603,0.0006316572226682276,5.453602339494346e-05,2.7841821995849044e-07,-2.7082623390298444e-07,-5.310204615486035e-07,-1.8791268352098602e-06,3.089146282574785,6.670614076037415,9.864088606814686,9.986298309978926,9.999999999999993,-9.99999747434262,9.999999999999849,0.3183098861837906,0.015546257244206161,0.01618406802144593,0.009155905100454378,0.02984180226455653,0.08561867966192814,0.052391477900947454,0.009882941883983986,0.04603140862710419,0.048261032440010135,0.10499791574017786,0.06994898508102405,0.1256826810660741,0.04575129832645596,0.022431046762175583,0.039623293343320876,0.04619084277660046,0.043829504319840694,0.027812213979015316,0.0428917069104785,0.21008218168680917,0.08374953501964447,0.05959609251137376,0.09681999899132043,0.07759652591374083,56,57,756
C:\Users\damba\.cache\kagglehub\datasets\sunnykusawa\ecommerce-products-image-dataset\versions\1\ecommerce products\tshirt\199.jpg,tshirt,exito,5960115.0,663194565.0,761863500.0,85616405805.0,109535446860.0,84745023120.0,12145698438525.0,16956221038830.0,11111499467070.0,12188918872770.0,11821347983.877554,12148736598.159428,-29135175.918363515,-11792226080.137968,-151236936280.75906,173896752461.4961,8127230628.566406,0.00033278038726075615,0.00034199663823264806,-8.201784718837945e-07,-1.359750408993042e-07,-1.743898773353663e-06,2.005186965337715e-06,9.371432582850085e-08,3.170839648134441,9.72669759903491,9.794841120757749,9.999695850725693,-10.0,9.999999997181542,10.0,0.3183098861837905,0.037151846995633536,0.02353635986042125,0.03488191121869696,0.08262160774604192,0.05017253067511188,0.03851399409942046,0.06043040694953768,0.05220003317935093,0.12236818917819874,0.08932751007190043,0.09502024657071692,0.05122584922900702,0.08480880037425319,0.08450249551015049,0.12002403438993933,0.09538346340973995,0.08967461196235778,0.08183918066330557,0.112724453118762,0.04716345785424473,0.08979275861983461,0.11660420984993845,0.16240411043249295,0.03787393960826284,56,57,756
C:\Users\damba\.cache\kagglehub\datasets\sunnykusawa\ecommerce-products-image-dataset\versions\1\ecommerce products\tshirt\2.jpg,tshirt,exito,7044120.0,815510655.0,661761720.0,135004826715.0,100182186600.0,77618258130.0,24709510966275.0,17878963226400.0,13208057866290.0,11681816235810.0,40591666743.48772,38012806456.36837,1004893546.3292726,-318987714831.7858,1325074808405.44,292316918724.53516,-105268705498.46094,0.0008180566752678862,0.000766084089717437,2.025193689885047e-05,-2.4221837877352945e-06,1.006175024686652e-05,2.2196632299418918e-06,-7.99341604577825e-07,2.8002062026923884,8.352449463532919,9.952416122028794,9.583007968183413,9.999999999978424,-9.999954380342327,-9.999999999978797,0.0,0.0,0.0,0.0,0.0,0.0,0.0,0.0,0.0,0.0,0.0,0.0,0.0,0.0,0.0,0.0,0.0,0.0,0.0,0.0,0.0,0.0,0.0,0.0,0.0,56,57,756
C:\Users\damba\.cache\kagglehub\datasets\sunnykusawa\ecommerce-products-image-dataset\versions\1\ecommerce products\tshirt\20.jpg,tshirt,exito,8183715.0,962657385.0,840378510.0,155347439985.0,127255639620.0,98067464205.0,27910245582555.0,22016313032400.0,16219151361975.0,14600720318445.0,42109229600.713875,40957908080.00624,-786977677.0543305,-270095747266.49948,536679841002.48,451804820506.28125,-206841162838.16016,0.0006287475457783421,0.0006115567639138731,-1.1750637276485877e-05,-1.4097480572897894e-06,2.8011672560446854e-06,2.3581673329881853e-06,-1.0795946638543177e-06,2.906471712237121,9.023268226765747,9.91504227426898,9.876751040327418,9.999999999999313,9.999998902965931,9.999999999996268,0.3183098861837905,0.01204068076873393,0.017715231792634113,0.0372389543660215,0.024350622080447148,0.04704149411306047,0.003487684847968269,0.07001017378262567,0.04846014849602085,0.04243040778392567,0.06588767509557525,0.0899921898722557,0.05695734588958801,0.10378313278046977,0.091611425359521,0.09439081497370544,0.03610846359622098,0.029030353963822267,0.037095655675509924,0.0996146083535459,0.1489930964184372,0.11140384409872968,0.1543176668207765,0.10973242571508304,0.090068240033908,56,57,756
C:\Users\damba\.cache\kagglehub\datasets\sunnykusawa\ecommerce-products-image-dataset\versions\1\ecommerce products\tshirt\21.jpg,tshirt,exito,6026670.0,760494660.0,772499550.0,113726929800.0,117448553310.0,99477860280.0,19093023756330.0,19419250681200.0,15281096222190.0,15327292434780.0,17761474932.13505,18429434169.54556,1997529910.5915132,259449578497.13025,-359899958470.5258,199430268392.65625,-5416927283.5078125,0.0004890172780529224,0.0005074078458057057,5.4996932599298385e-05,2.909775215677323e-06,-4.036344885765221e-06,2.236647504251954e-06,-6.075184568030303e-08,3.001555287113091,7.901811107387036,9.647733821614686,9.95328698285222,-9.999999999998165,-9.999994711757326,9.999999999999703,0.3183098861837905,0.031163321019475138,0.06731010350326304,0.06437700398889766,0.061883104286612894,0.0713208070389269,0.06174184672221659,0.07649311796380802,0.06858733100791319,0.10314917963177174,0.07019611786678535,0.09533043388999243,0.0003948564564361296,0.05817489239526576,0.0481428339056929,0.13103268841521096,0.09711118819288829,0.06501049992681239,0.12973866954301727,0.11053523498915313,0.07100515739316599,0.003817072367627326,0.11069243464262055,0.12658688841905796,0.09338106166250174,56,57,756
C:\Users\damba\.cache\kagglehub\datasets\sunnykusawa\ecommerce-products-image-dataset\versions\1\ecommerce products\tshirt\22.jpg,tshirt,exito,5605410.0,656065785.0,708979560.0,89694141915.0,103737519510.0,84837313230.0,13399615921845.0,16377257997330.0,12147323850600.0,12763012363380.0,12907196045.2659,14064861042.948776,1857257965.469021,-119680086214.78748,-301482527461.7895,367939277553.5781,151597133876.64453,0.0004107874231745385,0.00044763153862995773,5.910952395313122e-05,-1.6088050967985704e-06,-4.052692825653336e-06,4.946040763859684e-06,2.037851486863871e-06,3.066300647117836,7.811543111532236,9.286931580396875,9.995755381247292,9.999999999999986,9.999999508180347,-9.999999999999915,0.31830988618379047,0.014764773933470254,0.04685745800671463,0.040689989569124764,0.037868744552139635,0.05143738218911222,0.07933572370336874,0.019750562853701553,0.04565644426759946,0.07277535737597335,0.08304421623364551,0.07193065699262208,0.09502533248489482,0.1288717146376089,0.08985113511821245,0.07622797486522576,0.11094256693123143,0.10269100465471719,0.0939585019930401,0.09477468640416574,0.049283399383573984,0.31041798277365074,0.13448786814371136,0.1881213830333088,0.12031450513415183,56,57,756
C:\Users\damba\.cache\kagglehub\datasets\sunnykusawa\ecommerce-products-image-dataset\versions\1\ecommerce products\tshirt\23.jpg,tshirt,exito,5345055.0,467600130.0,581666985.0,49334571030.0,77132091195.0,50009316585.0,5826399026670.0,11447744141655.0,5275759734555.0,6518894860095.0,8427624033.941606,13833120194.890514,-876512990.693431,35931386047.65437,43234821180.30978,60364194097.7793,-38062651611.41016,0.00029498558653204553,0.000484189975469228,-3.06799042792291e-05,5.439932668470789e-07,6.545656653554383e-07,9.139005966619479e-07,-5.76260157832262e-07,3.1083646213548306,7.401610860643484,9.960500070818199,9.989440869096224,-9.999999999999968,9.999997952423872,9.99999999999996,0.3183098861837906,0.008792155149569865,0.016958709947116384,0.008543585233765093,0.029186313089438,0.08494367972595937,0.053649467835142926,0.013278270917747767,0.05303235485719576,0.06173794250275052,0.10892287388689259,0.07593492261463523,0.120390895858204,0.07917160212567749,0.04511832707332654,0.048210198287253515,0.0738067089824831,0.058700303191600356,0.04743913688332029,0.04992730318908058,0.185491485330046,0.15042524943349392,0.008261708511578935,0.12326587854669478,0.0684354183534026,56,57,756
C:\Users\damba\.cache\kagglehub\datasets\sunnykusawa\ecommerce-products-image-dataset\versions\1\ecommerce products\tshirt\24.jpg,tshirt,exito,4791960.0,477783810.0,647407005.0,55760375700.0,100116683985.0,64565189865.0,7082379476820.0,16639937288925.0,7611064001295.0,10199851314345.0,8122797527.7873535,12650213037.189491,15280126.690609725,-96997448351.96805,-304259991373.23346,74636521953.17969,213558515358.1836,0.0003537359991791246,0.0005508983491501549,6.65427257542242e-07,-1.9296446922235642e-06,-6.052877548684867e-06,1.484801619836204e-06,4.248483466747837e-06,3.0435268784135996,7.409216512335917,9.370833715161595,9.898788114917734,9.999999999990555,9.999986858837271,-9.999999999995323,0.3183098861837905,0.044588002548157354,0.026400692366716223,0.03231596946662086,0.09711514311704506,0.048738245229304665,0.054567524006479955,0.050846438612397946,0.048901046821664636,0.14819689570145683,0.08329459955427433,0.10245302108537523,0.10085821309729197,0.09659338270490195,0.08981527588361306,0.13682579747318643,0.16576511705120142,0.08208865819558932,0.13268765300303964,0.13730487702677688,0.15481880548494312,0.17230347887338895,0.134813071119237,0.23369993914269543,0.030072456810680683,56,57,756
C:\Users\damba\.cache\kagglehub\datasets\sunnykusawa\ecommerce-products-image-dataset\versions\1\ecommerce products\tshirt\25.jpg,tshirt,exito,5466435.0,611117445.0,780844425.0,82592755035.0,133596770265.0,88195805010.0,12563509364625.0,24516251503035.0,12537742129470.0,15162864434850.0,14273177177.890564,22058260056.137997,901681884.325934,138766626355.9695,-868927693187.419,538302023957.9922,-30120289124.140625,0.00047765274740603334,0.0007381810221715627,3.0174839418491926e-05,1.986207232789834e-06,-1.2437215736246033e-05,7.704874013929477e-06,-4.3112049116639427e-07,2.9151257626082874,7.14498347697956,8.861795624506346,9.903738949889068,9.999999999990372,9.999981255122204,-9.999999999983428,0.3183098861837907,0.4958180913864354,0.29785725878132574,0.5562477418005789,0.03972683800516136,0.5416300210356828,0.3250516274877583,0.14294127386244848,0.4930490976404624,0.405879149807286,0.17077203566274246,0.44147372600186796,0.25219694212140353,0.30761491736050056,0.06938710106192718,0.4057567176134704,0.0629914521142883,0.2319411421923373,0.1189251058636154,0.3942673071182975,0.27547797369017535,0.15253679693876346,0.2609235665243505,0.29652257174720537,0.4071592710810433,56,57,756
C:\Users\damba\.cache\kagglehub\datasets\sunnykusawa\ecommerce-products-image-dataset\versions\1\ecommerce products\tshirt\26.jpg,tshirt,exito,2594625.0,173101395.0,336874125.0,13583945625.0,52122496485.0,22894034640.0,1195820559705.0,8833815807915.0,1885924009650.0,3636195922770.0,2035420134.439311,8384316172.039309,419349097.03931,17974795227.778286,-110690139787.7063,66293186757.11719,49931020248.28125,0.00030234644713890814,0.001245427498438141,6.229117392300464e-05,1.6575912887381267e-06,-1.0207571721193165e-05,6.113394198865063e-06,4.604515553726724e-06,2.8102924402433027,6.043340560826244,8.973572348632118,9.80694146483504,-9.999999999952454,-9.999880316706347,-9.9999999999696,0.3183098861837905,0.03617539861914258,0.02319895153739595,0.03460153815192668,0.08048900694424665,0.04953372405760481,0.036874378589208966,0.05878120041294987,0.05100759325987366,0.11940434373340407,0.08563834052820274,0.09635556785026295,0.04724632507905176,0.08439541435363085,0.08268230013902232,0.1222867473987867,0.09589861179906405,0.0802973751982826,0.0894583998395573,0.117201873206825,0.041797975197948034,0.09818333059148357,0.11300590114477554,0.17389766311969954,0.03841369209996269,56,57,756
C:\Users\damba\.cache\kagglehub\datasets\sunnykusawa\ecommerce-products-image-dataset\versions\1\ecommerce products\tshirt\27.jpg,tshirt,exito,5498565.0,572102190.0,796030185.0,74711518230.0,138129794595.0,84316158765.0,11053321905060.0,25436597076165.0,11579886387075.0,14557249314825.0,15186730252.992159,22888080542.12726,1492619869.9237056,119678950769.18733,-1187566123134.9573,453258644909.6328,-246740259623.9297,0.000502302746032526,0.0007570257399850113,4.936856367075266e-05,1.6880852094927028e-06,-1.675075520694527e-05,6.393264727247672e-06,-3.480299419242423e-06,2.8998609382992315,7.126488606547384,8.8130107352709,9.676769272984963,9.99999999981211,9.999868977578707,9.999999999964166,0.3183098861837906,0.044686533003033234,0.00020726782851340913,0.06332328277803297,0.09293726600420031,0.06149893744465179,0.036124825197870324,0.08806144131380617,0.012328030847972623,0.13032381754818373,0.11772971943379879,0.04073210126372442,0.1255223679866775,0.09237240300660063,0.035331631251033085,0.09370793879803187,0.11757262555896032,0.15333996285733698,0.05672139553851485,0.15353240577646207,0.23738901597750037,0.1109338290408573,0.10231322228651628,0.20435894777070218,0.12059922763614354,56,57,756
C:\Users\damba\.cache\kagglehub\datasets\sunnykusawa\ecommerce-products-image-dataset\versions\1\ecommerce products\tshirt\28.jpg,tshirt,exito,6409425.0,672146340.0,819277770.0,82004808420.0,123481392780.0,82681016655.0,10972301410410.0,20617582825920.0,9883655232675.0,11987922391545.0,11517876694.393476,18758104120.537903,-3235357208.31251,-43137442735.16211,38239820908.36459,80053574289.8789,-134265439285.38672,0.0002803717709557064,0.0004566156602984621,-7.875608102406901e-05,-4.1476941180657647e-07,3.676784487000398e-07,7.697204983864783e-07,-1.2909712247026221e-06,3.132539859703117,7.252029254274589,9.936561108831436,9.98211882943641,9.999999999999904,9.999998582495373,-9.999999999999886,0.3183098861837906,0.05073913022206766,0.0014017297922863617,0.0018268201240522414,0.11021206359157217,0.009017342237389632,0.027570579274328513,0.008857082477516175,0.012382397066951933,0.1652427771076761,0.0396180501234301,0.16024122574424887,0.09924716963601148,0.030047069065598897,0.06855972240422428,0.17776691581535028,0.15932116444030753,0.04830657629707208,0.19544070694489774,0.056537875043526704,0.1747946089133909,0.07776508634878515,0.14637795501840398,0.21108467598781422,0.08889199452716758,56,57,756
C:\Users\damba\.cache\kagglehub\datasets\sunnykusawa\ecommerce-products-image-dataset\versions\1\ecommerce products\tshirt\29.jpg,tshirt,exito,5272890.0,657407850.0,662893920.0,88877628090.0,98651799000.0,81219819480.0,12770954665800.0,16049076373530.0,10954973146020.0,11984007567030.0,6914021558.928332,15314511635.202635,-1427773533.5603032,-34075306675.04636,-203769988835.2774,137531434375.59766,43393920594.35156,0.00024867567562909,0.0005508149628049274,-5.1352537026001765e-05,-5.337255514103857e-07,-3.191673392381834e-06,2.1541710937008686e-06,6.796841013917967e-07,3.0971865628999824,6.991670362596175,9.699355598307326,9.995258660528519,9.99999999999995,9.99999848042776,-9.999999999999993,0.3183098861837905,0.019309884029447756,0.018789155213243352,0.037481693984170256,0.045326322504190414,0.04890409914920401,0.01073877830769231,0.07301673278412436,0.05106887615844795,0.07377284851907358,0.07837065305284596,0.08859673814396919,0.03259470645780162,0.11177339427066624,0.08282977993558398,0.09847620944729055,0.06290454748280896,0.059337660245615625,0.032290952356127174,0.09665930652534116,0.10260282754635688,0.12313276353174743,0.12903859609992704,0.11017361247730123,0.07441415810290948,56,57,756
C:\Users\damba\.cache\kagglehub\datasets\sunnykusawa\ecommerce-products-image-dataset\versions\1\ecommerce products\tshirt\3.jpg,tshirt,exito,6168705.0,744401100.0,723206520.0,98983058790.0,106652010900.0,87312814215.0,14123616367260.0,17694131151060.0,11652564598545.0,12856240960335.0,9153346122.396345,21864738600.46381,40732146.69360538,-30184096374.72065,63709096205.16963,38160019937.41797,-23413641286.703125,0.00024054253369158694,0.0005745876481815917,1.0704078746027105e-06,-3.19369305670542e-07,6.740877569216645e-07,4.037602756262736e-07,-2.477330534637453e-07,3.0887729726382567,6.951982903181374,9.99797134335388,9.993605155932052,9.999999999999996,9.999998792527137,9.999999999999995,0.3183098861837905,0.02025242233053879,0.018964875434208692,0.03666707050419732,0.04880901481736939,0.04824479172572531,0.012996391650187802,0.0677326653181989,0.04959806703626603,0.07707842664022471,0.07539596964562961,0.09223222743424768,0.023064765056978295,0.09967421292680642,0.07697598364859269,0.10787272979662334,0.05350890210385879,0.050166719644885484,0.056451998116936165,0.10649869513144039,0.08483798735005815,0.10579031657092801,0.1123080438237696,0.13804884509190554,0.06552908333072452,56,57,756
C:\Users\damba\.cache\kagglehub\datasets\sunnykusawa\ecommerce-products-image-dataset\versions\1\ecommerce products\tshirt\30.jpg,tshirt,exito,4909260.0,532066170.0,579364845.0,63532571190.0,79061108565.0,62480486325.0,8163300813330.0,11871103007895.0,7422989951325.0,8493052951785.0,5867177778.677545,10687540324.190994,-311142986.096505,5862535028.224162,18156291688.947292,-7343937301.0546875,-2160301191.7148438,0.00024344293812083605,0.00044345106215486327,-1.2910050720858945e-05,1.0978559678586835e-07,3.4000638100974833e-07,-1.3752728733776357e-07,-4.045518780319827e-08,3.163110213757082,7.389660062778617,9.997316464259123,9.999801119176574,10.0,9.999999971711855,10.0,0.3183098861837905,0.02563063184292706,0.08260310917021105,0.07699948256397728,0.04959443264974761,0.01223876500248363,0.12943135404150385,0.07136719977124249,0.017232110133630033,0.05655429033779944,0.030010130589468068,0.004354032737377417,0.1481641780997724,0.02808001925419838,0.017087760737184658,0.010996390126396404,0.008890081307620448,0.030147600412575512,0.002258087082162056,0.0036705406080312225,0.11051599497219239,0.1860834654401249,0.05249588423577647,0.1127251122353685,0.0972088175984657,56,57,756
C:\Users\damba\.cache\kagglehub\datasets\sunnykusawa\ecommerce-products-image-dataset\versions\1\ecommerce products\tshirt\31.jpg,tshirt,exito,5815785.0,713230155.0,676027185.0,101403355335.0,95349749175.0,91859435400.0,15850419933465.0,15052062768405.0,14081681833500.0,13891478266800.0,13934981933.761127,16768310064.196518,8953520903.201431,-3266111012.130413,70303741026.3736,98484885908.75,116559928629.6211,0.00041199289264112353,0.0004957612863002087,0.00026471415562410414,-4.004147659619991e-08,8.619013837795526e-07,1.2073932084820306e-06,1.4289874523381163e-06,3.0420316952476463,6.541495888149959,9.898451915107358,9.973829884592515,9.999999999999678,9.999985927386433,-9.999999999999877,0.3183098861837905,0.013179318721301271,0.017850554868492727,0.03665625906763075,0.035706718188052364,0.04650435506190776,0.006936039167244042,0.06601968799717968,0.04691315442803559,0.06299834338422512,0.06476253295271789,0.0943150498662507,0.039847607954418544,0.09748380705566967,0.07783980818081172,0.10899147807128827,0.05760915055576608,0.02921539904958736,0.06753570867835978,0.11278791533439747,0.11096124687016769,0.1092641683399803,0.12405758603701818,0.15159551332831936,0.07558759421765861,56,57,756
C:\Users\damba\.cache\kagglehub\datasets\sunnykusawa\ecommerce-products-image-dataset\versions\1\ecommerce products\tshirt\32.jpg,tshirt,exito,4846020.0,465123570.0,618654480.0,76359848430.0,99956527920.0,63845362095.0,14160705685800.0,17605464769050.0,10627419992925.0,10740666965805.0,31717041473.04463,20977620357.903606,4466576961.200807,743210003573.8344,-511330339361.77277,21730629883.285156,6358645662.203125,0.0013505860688700546,0.0008932763113327596,0.00019019733049378492,1.4376346815298322e-05,-9.890962528088119e-06,4.203483136862231e-07,1.2299901087962528e-07,2.6490037632443926,6.451079786397002,9.376158489255621,9.398023007036898,-9.999999999699945,-9.999785744090282,9.999999999729638,0.0,0.0,0.0,0.0,0.0,0.0,0.0,0.0,0.0,0.0,0.0,0.0,0.0,0.0,0.0,0.0,0.0,0.0,0.0,0.0,0.0,0.0,0.0,0.0,0.0,56,57,756
C:\Users\damba\.cache\kagglehub\datasets\sunnykusawa\ecommerce-products-image-dataset\versions\1\ecommerce products\tshirt\33.jpg,tshirt,exito,4587960.0,449999265.0,580971600.0,48327752235.0,88469024250.0,58066655115.0,5584337345955.0,14753260535850.0,6354955374375.0,8744125195455.0,4190632796.1774645,14900815284.237434,1083422265.1333885,22166720844.57709,-223306732159.5418,22700954902.98047,-207537639763.16016,0.0001990858353585648,0.000707898163039254,5.147051464325316e-05,4.916458695573822e-07,-4.952822444076301e-06,5.034948917935762e-07,-4.603072510484006e-06,3.042400327094943,6.569301311395112,9.460561262453831,9.864230390353118,9.999999999993012,9.999977252023317,9.999999999986553,0.3183098861837906,0.03920260508416999,0.010080779116677744,0.009336039093367648,0.08501988227721888,0.08366186977879625,0.016095929950934864,0.02785577387246664,0.06875927724505648,0.13081486026514408,0.12519282077709476,0.0865268446147839,0.011055681732456987,0.13272673231253873,0.11662717880882968,0.06856129519560637,0.1509188147257502,0.1338422437561296,0.0981165987453209,0.06376677082602493,0.021611468902163526,0.27196387353438317,0.15312404133225868,0.1814539672579886,0.06176335067202595,56,57,756
C:\Users\damba\.cache\kagglehub\datasets\sunnykusawa\ecommerce-products-image-dataset\versions\1\ecommerce products\tshirt\34.jpg,tshirt,exito,5267025.0,475141245.0,632367360.0,49568626095.0,89764704750.0,57435638235.0,5727641946585.0,13945367239830.0,6039536056365.0,8099306973405.0,6705870991.283952,13841678374.888887,389428139.5925946,46148029443.184975,-155632961940.84985,17987276040.16992,-91927520651.92188,0.0002417265950559855,0.0004989511113128838,1.4037719831630873e-05,7.248359276116763e-07,-2.4444892598118914e-06,2.8252179066140467e-07,-1.4438833143853213e-06,3.130370668330634,7.173583845889059,9.865167567161796,9.978020869273669,9.999999999999691,9.999994977017531,-9.999999999999991,0.3183098861837906,0.04596640019146114,0.0007540167032721729,0.06423303797945372,0.09708963424979315,0.0622682997055967,0.0388679424817205,0.09273995598880716,0.010830476501919855,0.13886826885010767,0.11995144203373315,0.04072730389839596,0.1321289816013932,0.09694862810954452,0.042944876566927616,0.0917963382033419,0.1204873280366465,0.15816486462131138,0.05061130655072495,0.147742973663887,0.2444141958667546,0.08479793984644456,0.12083439287630036,0.18809927743461233,0.10946099878838703,56,57,756
C:\Users\damba\.cache\kagglehub\datasets\sunnykusawa\ecommerce-products-image-dataset\versions\1\ecommerce products\tshirt\35.jpg,tshirt,exito,6314820.0,681830985.0,809103780.0,85482689415.0,118660001700.0,87146373675.0,11771795133165.0,18890636852160.0,11071605664395.0,12769218954495.0,11863252581.31825,14991341815.74543,-215107299.06153414,-19865232439.490936,-154618368267.4749,165351252227.61328,12247642302.394531,0.00029749647592619305,0.0003759400155242803,-5.394276399170883e-06,-1.9823996464830487e-07,-1.5429741359778563e-06,1.6500801838589006e-06,1.2222218815950558e-07,3.1717032897399067,8.19587544600582,9.846243178449438,9.999925088891716,10.0,9.999999997297563,10.0,0.31830988618379047,0.018225982433333482,0.03118253897850651,0.0030060731241989547,0.037122418964291116,0.0665208769098487,0.0001315621867663644,0.012376862009794506,0.08384447044426552,0.055390366223265264,0.11854978860380401,0.11700132898956261,0.10715687787086749,0.042542504908542826,0.015661643432551643,0.032972220465765555,0.07389487875256247,0.15568897062299025,0.15233154474177768,0.13141229728151618,0.23223293134361359,0.09110347134040804,0.1353857778092183,0.0926220319179949,0.38377191891535967,56,57,756
C:\Users\damba\.cache\kagglehub\datasets\sunnykusawa\ecommerce-products-image-dataset\versions\1\ecommerce products\tshirt\36.jpg,tshirt,exito,3435615.0,306503115.0,428187840.0,38368228965.0,70692846750.0,34359806445.0,6012167556615.0,12804871300350.0,3695856915405.0,5774718512505.0,11024024359.797375,17326906059.944336,-3840313989.0770392,622222144502.9688,-324701807438.407,-400839799648.4629,425217409126.6367,0.0009339662522270756,0.001467952626675279,-0.00032535520121251057,2.844030422917131e-05,-1.484135251195007e-05,-1.8321440260324853e-05,1.943568319761698e-05,2.619441646229149,6.149558724261834,8.584713561531185,8.456940565488718,9.999999960364423,9.993835395389699,-9.999999983554499,0.0,0.0,0.0,0.0,0.0,0.0,0.0,0.0,0.0,0.0,0.0,0.0,0.0,0.0,0.0,0.0,0.0,0.0,0.0,0.0,0.0,0.0,0.0,0.0,0.0,56,57,756
C:\Users\damba\.cache\kagglehub\datasets\sunnykusawa\ecommerce-products-image-dataset\versions\1\ecommerce products\tshirt\37.jpg,tshirt,exito,5675790.0,676589715.0,456461220.0,99447422715.0,54004069320.0,48675462075.0,16278847513245.0,7712673247200.0,6592837783335.0,5578435745805.0,18793691261.97209,17294316957.088684,-5737574127.599521,-56559508807.92339,587826591250.6874,-37063007704.96875,63672567849.15234,0.0005833906320953348,0.0005368473048010645,-0.00017810481987469258,-7.369530708685847e-07,7.659200383644765e-06,-4.829196349027764e-07,8.296340508520756e-07,2.950689685252564,6.88890024695821,9.713630972098876,9.819565595224118,9.999999999985189,-9.999987534326026,-9.999999999995392,0.3183098861837906,0.016533944257707323,0.016034755041598722,0.0092928874801075,0.036172740928408983,0.08528305578518562,0.05040252356040626,0.009789415608164698,0.05005302556923135,0.0599293843478025,0.10751893747429883,0.07248025532982967,0.11670120726633207,0.056778282518059366,0.035145540593058404,0.04431011849921467,0.05717231531837197,0.05266494511126262,0.03570496959884493,0.04584644698604492,0.1898162642135398,0.1067628563930996,0.03887603574179001,0.10897860534763483,0.07440834086745111,56,57,756
C:\Users\damba\.cache\kagglehub\datasets\sunnykusawa\ecommerce-products-image-dataset\versions\1\ecommerce products\tshirt\38.jpg,tshirt,exito,3251760.0,222493365.0,403118025.0,17347218285.0,62484456165.0,26902511475.0,1466835213015.0,10887199836855.0,2126306059425.0,4100536291635.0,2123678580.6481328,12510244636.504469,-679808829.8208137,-10718406192.085682,39283390775.66893,68813973266.73535,-6252194180.6796875,0.00020084074228942565,0.0011831201020311862,-6.429094837621284e-05,-5.621264231947963e-07,2.0602160015166652e-06,3.6089463270028544e-06,-3.27896096576361e-07,2.8588761655912363,6.00810702139027,9.75194971362621,9.87637195875308,-9.999999999993731,9.999860660145805,9.99999999999645,0.31830988618379047,0.02114875924998311,0.0457770416650043,0.040614433859427534,0.047004841371099344,0.05325357753893166,0.07378584354102827,0.01976215579498396,0.04493521175448459,0.0764742730319969,0.08746554299224331,0.07322849290327159,0.08069340756133364,0.12199597178059786,0.09250409175221054,0.07541203009156633,0.1069886336897222,0.10866722055755836,0.09400651528664032,0.09652978967812322,0.028926402655470036,0.3013514756814542,0.14151580134031316,0.19487759811541444,0.10733350179311182,56,57,756
C:\Users\damba\.cache\kagglehub\datasets\sunnykusawa\ecommerce-products-image-dataset\versions\1\ecommerce products\tshirt\39.jpg,tshirt,exito,7539840.0,846303435.0,686194545.0,136559708085.0,93646964235.0,76406267355.0,24650162527905.0,14791994361885.0,12605466837675.0,10334834894715.0,41567041915.32011,31196971451.63098,-615101866.5964895,-9195064083.895748,590841648415.3607,315365043794.97656,-64535439197.52344,0.0007311809358041601,0.0005487672379172123,-1.081988849120257e-05,-5.89046304109097e-08,3.784999061859074e-06,2.0202644788303642e-06,-4.1342139213512333e-07,2.8928075810484573,7.470530669649416,9.972345268252148,9.873141014943094,-9.99999999999835,-9.999973994473972,9.999999999998545,0.31830988618379047,0.03726890740281315,0.03377096752531762,0.09085606039285685,0.07424606126105905,0.06461550465283798,0.014272309951852935,0.12181870635514049,0.07111155899323503,0.09264869982909998,0.12090484380173654,0.06351097395866845,0.06978120204185422,0.11021595096300568,0.049845238734416895,0.08008122723827521,0.06580407469500796,0.1639330066551602,0.10271741624844452,0.09222586565980737,0.19531971420408759,0.11201835865308235,0.030370856103101244,0.1751319494089553,0.04869886351284842,56,57,756
C:\Users\damba\.cache\kagglehub\datasets\sunnykusawa\ecommerce-products-image-dataset\versions\1\ecommerce products\tshirt\4.jpg,tshirt,exito,6643515.0,514736880.0,958050045.0,54720157260.0,157192779105.0,79400271060.0,6812617423290.0,27650730961575.0,8990127501840.0,13558778905410.0,14838550063.789196,19034004913.250286,5170937484.752615,273551740704.9439,-507496666805.40533,297741982953.79297,-111838900819.94531,0.0003361983877875793,0.0004312551925535977,0.00011715840417363889,2.4046101885228136e-06,-4.461063389678478e-06,2.6172504108972648e-06,-9.831008923277255e-07,3.114947826898698,7.1935475726643165,9.552423716693664,9.977075608120234,-9.999999999999467,-9.999995234911761,-9.999999999999492,0.3183098861837906,0.0045112979566495695,0.01722708136154158,0.008701897327366091,0.01803080411424974,0.08530850697296001,0.05635192759873019,0.0075935668190023784,0.048567572495372954,0.046560437094275896,0.10564722776972964,0.07270747603376765,0.1319176935218615,0.05908215855782196,0.025802314439503374,0.04274715946165997,0.05777424244192475,0.04565133311974722,0.036308539583334784,0.04607734026417031,0.21271250816528645,0.11329581479107702,0.030309327319589238,0.10768693988178239,0.07301781319130093,56,57,756
C:\Users\damba\.cache\kagglehub\datasets\sunnykusawa\ecommerce-products-image-dataset\versions\1\ecommerce products\tshirt\40.jpg,tshirt,exito,6105465.0,538388130.0,750776865.0,58518866760.0,108306238995.0,62668419795.0,7085258671620.0,17024091983925.0,6713372056965.0,8584864914345.0,11043076050.382156,15984703940.875837,-3536095732.418872,-22600496037.43971,-225324792352.4265,141058991265.73828,-96071876415.4961,0.00029624605185744223,0.0004288121725314652,-9.486074305200402e-05,-2.4536979850668514e-07,-2.4463135148222546e-06,1.531453832123564e-06,-1.043036264300503e-06,3.1396270569580373,7.270284438056862,9.801653475344569,9.989289022025481,-9.999999999999897,-9.999997583773146,9.999999999999918,0.3183098861837906,0.024542562133538177,0.003921134606958617,0.03142464588463211,0.051997491932433866,0.07031905991352927,0.05532480169346971,0.04166358535490254,0.09649267878054017,0.07558972117391144,0.13471586125676363,0.16431560017413804,0.17756331753045132,0.04799322415413491,0.08855483997572901,0.06926862461023937,0.08016550067548533,0.1852807746805382,0.21666676062879672,0.04110151569694388,0.32719435556102056,0.08986996672948741,0.11958227585177875,0.16612916524975793,0.2804067988548403,56,57,756
C:\Users\damba\.cache\kagglehub\datasets\sunnykusawa\ecommerce-products-image-dataset\versions\1\ecommerce products\tshirt\41.jpg,tshirt,exito,6010860.0,658676985.0,741324015.0,82625563335.0,104461857465.0,81465051450.0,11353158933225.0,16046770421025.0,10273812722280.0,11495400520200.0,10446978146.07692,13033793058.954906,229909206.07904106,9370344460.329168,-51526859663.400764,33150627586.933594,-8360298388.003906,0.0002891461809442041,0.00036074273665721314,6.363310803577444e-06,1.0578254806785162e-07,-5.816907299625207e-07,3.7424001551284086e-07,-9.438005932810059e-08,3.1871608020626296,8.268569697609664,9.986925550943695,9.999812573693593,10.0,9.999999986920363,-10.0,0.3183098861837905,0.011701829651702933,0.01767731979307181,0.03669873846868207,0.00965313899691071,0.04496311538954617,0.0017286348554649588,0.06500104532725826,0.04554615877059971,0.012859193039466775,0.05268694915884588,0.09261947911651515,0.06592723235612508,0.09156210878351316,0.1029115300143682,0.09280137817621915,0.03077635783480861,0.010992797580912605,0.052349504223773796,0.1047873366696479,0.1676750105061293,0.0980636509106822,0.1821132726574031,0.11702183822167192,0.10619496361093642,56,57,756
C:\Users\damba\.cache\kagglehub\datasets\sunnykusawa\ecommerce-products-image-dataset\versions\1\ecommerce products\tshirt\42.jpg,tshirt,exito,5431245.0,574389030.0,678814590.0,67448685750.0,103274035080.0,71315659770.0,8554157553990.0,17333758417530.0,8372763357030.0,10811084748390.0,6703357968.922012,18433589179.130478,-473341444.26076674,3179694265.186577,-181544306282.97443,42925962957.44531,7511962232.238281,0.000227244627258542,0.0006249008514045139,-1.6046330893523148e-05,4.6252677517231925e-08,-2.640791709294506e-06,6.244124611366874e-07,1.092709983011387e-07,3.069486204987742,6.797892166353998,9.919172518540863,9.982591104590897,9.99999999999984,9.999992932806665,-9.999999999999973,0.3183098861837906,0.046717420908887516,0.0010820341769884462,0.06193767737773621,0.09471000489642298,0.06174259495407157,0.040736629318069685,0.08277783074773017,0.013770126217026949,0.1319644848328065,0.11997208746798133,0.04026091340195161,0.14009587299966306,0.09578168017074265,0.031849358219825825,0.09670827587512308,0.1451597436807627,0.16130637251358743,0.06524623765458826,0.161678983942639,0.27560764732394194,0.16178701183391334,0.09305241174129728,0.22905173712807192,0.13492627316229808,56,57,756
C:\Users\damba\.cache\kagglehub\datasets\sunnykusawa\ecommerce-products-image-dataset\versions\1\ecommerce products\tshirt\43.jpg,tshirt,exito,5679360.0,606818145.0,717031440.0,80585009985.0,110967047460.0,80432345820.0,11818962952365.0,18973406268900.0,11281344906300.0,13061093987610.0,15748785286.92821,20440282833.6207,3820247216.0237107,-156637048610.1644,-197682146201.13608,290955776169.71094,240055592310.6875,0.00048825676046696903,0.0006337064159263075,0.00011843843800619318,-2.0377269795172107e-06,-2.571691986392426e-06,3.785109846029858e-06,3.1229377811689017e-06,2.9500213579825028,7.1114484158100195,9.37256133278501,9.988640769656106,9.999999999999675,9.999997104526097,-9.999999999999911,0.0,0.0,0.0,0.0,0.0,0.0,0.0,0.0,0.0,0.0,0.0,0.0,0.0,0.0,0.0,0.0,0.0,0.0,0.0,0.0,0.0,0.0,0.0,0.0,0.0,56,57,756
C:\Users\damba\.cache\kagglehub\datasets\sunnykusawa\ecommerce-products-image-dataset\versions\1\ecommerce products\tshirt\44.jpg,tshirt,exito,6482865.0,570004815.0,732050430.0,66921289905.0,114656738850.0,67386590700.0,9009388841925.0,20266770058710.0,8454234353040.0,10935368504280.0,16803712395.182312,31993004210.579784,3021179740.058604,170418506723.03326,94284598001.85605,366153998329.91016,171885835377.91016,0.0003998262318387054,0.0007612390653855373,7.188571684441553e-05,1.5925728614957408e-06,8.810961609869391e-07,3.421734716969903e-06,1.6062851503755504e-06,2.935143317855103,6.819904356119319,9.702304294159697,9.890262726231612,9.999999999995833,9.999969813759545,-9.999999999994827,0.0,0.0,0.0,0.0,0.0,0.0,0.0,0.0,0.0,0.0,0.0,0.0,0.0,0.0,0.0,0.0,0.0,0.0,0.0,0.0,0.0,0.0,0.0,0.0,0.0,56,57,756
C:\Users\damba\.cache\kagglehub\datasets\sunnykusawa\ecommerce-products-image-dataset\versions\1\ecommerce products\tshirt\45.jpg,tshirt,exito,4580820.0,480368490.0,560301045.0,55914680280.0,84761036355.0,57951201060.0,6972800510130.0,14173320541155.0,6707623319880.0,8697035383050.0,5540754610.6045475,16228052952.881601,-804865961.2040684,-52766612448.41707,-164044232099.41266,37247863334.46875,5448163645.761719,0.00026404774497229306,0.0007733568960621805,-3.83563353724671e-05,-1.1749006574895202e-06,-3.6526065860182997e-06,8.29360405967466e-07,1.2130873581800244e-07,2.9840517715724264,6.576130754317868,9.853636160455318,9.962251785408803,9.999999999999812,9.999986807084383,9.999999999999272,0.3183098861837905,0.03659312273331018,0.023342194808060594,0.033827787380947036,0.08150966249997997,0.04799621072501407,0.03824066501907762,0.055963438955511834,0.04800644536710108,0.12508045679327934,0.07771504504879635,0.10027623414564889,0.05418852065456302,0.09561284622590023,0.08017009963062043,0.13017324803949115,0.13155767192057094,0.06390187038205573,0.11432846257403582,0.13106300388300182,0.06610858597010343,0.14782685316274238,0.11127879476164307,0.21239264721794837,0.041527786575826044,56,57,756
C:\Users\damba\.cache\kagglehub\datasets\sunnykusawa\ecommerce-products-image-dataset\versions\1\ecommerce products\tshirt\46.jpg,tshirt,exito,6972975.0,684989925.0,667120035.0,99115824795.0,99389694795.0,60349564290.0,16409469825555.0,17194093892175.0,8452160402340.0,8653289364480.0,31825866441.283596,35564836524.548546,-5184946122.07625,420005195896.9366,880126518947.3699,-11785158301.5,-118142729645.49219,0.0006545517971720301,0.0007314499263113799,-0.00010663702773674678,3.2712172879393005e-06,6.85487968358601e-06,-9.17888967888584e-08,-9.201565681475699e-07,2.8582361983473996,7.288199981123003,9.727643905327087,9.82025614063539,-9.999999999997996,-9.99998397447873,9.999999999985247,0.0,0.0,0.0,0.0,0.0,0.0,0.0,0.0,0.0,0.0,0.0,0.0,0.0,0.0,0.0,0.0,0.0,0.0,0.0,0.0,0.0,0.0,0.0,0.0,0.0,56,57,756
C:\Users\damba\.cache\kagglehub\datasets\sunnykusawa\ecommerce-products-image-dataset\versions\1\ecommerce products\tshirt\47.jpg,tshirt,exito,6459660.0,672308775.0,808361985.0,101017774425.0,121198069485.0,84114769710.0,17426627263035.0,19820310082275.0,12838344201240.0,12355984909410.0,31045192440.499172,20039634088.533283,-17964194.24857926,450649150329.2844,-361939263359.81335,200717192447.4336,-253576969138.0703,0.0007440035995146197,0.0004802534216336431,-4.3051513399180257e-07,4.2492707819232065e-06,-3.41280558390464e-06,1.8926069219776201e-06,-2.391033479458942e-06,2.912127361137475,7.156985996262446,9.504302990066359,9.975661927835505,-9.999999999999195,9.999998670720494,9.999999999999648,0.0,0.0,0.0,0.0,0.0,0.0,0.0,0.0,0.0,0.0,0.0,0.0,0.0,0.0,0.0,0.0,0.0,0.0,0.0,0.0,0.0,0.0,0.0,0.0,0.0,56,57,756
C:\Users\damba\.cache\kagglehub\datasets\sunnykusawa\ecommerce-products-image-dataset\versions\1\ecommerce products\tshirt\48.jpg,tshirt,exito,6810540.0,726142590.0,930305790.0,92933536710.0,148734698130.0,102980500245.0,13456982423970.0,25571423963880.0,13873232811015.0,16855131465075.0,15511913606.412312,21656836035.727886,3790912364.6562824,240597043590.11435,-661989357013.4617,370325092631.4922,-38685231902.1875,0.0003344277302279171,0.00046690864216473424,8.172984002959308e-05,1.987633997461081e-06,-5.468864173572167e-06,3.05935074364946e-06,-3.1958864074592983e-07,3.0961850901325505,7.352908035873766,9.49051059838137,9.964217644684373,-9.999999999999298,-9.999996033142335,-9.999999999998526,0.31830988618379064,0.00799383884521152,0.049344429515890686,0.05672731056199877,0.00916962852273498,0.06919159382603073,0.05512104177516252,0.10013326523326865,0.030577780805361325,0.027570432014765035,0.09453494801330112,0.02539332271295406,0.005682725073467222,0.14135032242833023,0.1215320637020371,0.023810366003652005,0.04996071338180752,0.07134357076666872,0.04173253544678331,0.012374385781977894,0.0871874513093872,0.1567699507992026,0.21416425538112951,0.012101088789850516,0.14692841468229426,56,57,756
C:\Users\damba\.cache\kagglehub\datasets\sunnykusawa\ecommerce-products-image-dataset\versions\1\ecommerce products\tshirt\49.jpg,tshirt,exito,5672985.0,646032555.0,724430010.0,96275569005.0,117680143800.0,88753060845.0,16503834946545.0,20948239101810.0,14113099968105.0,14679148136805.0,22706176151.00373,25171730788.402035,6255862231.047106,368588719980.86096,-508073954430.0971,394062681958.3672,-319846686744.4297,0.0007055385240556071,0.0007821495645178982,0.000194385517659832,4.808536889381275e-06,-6.62823418073619e-06,5.140865252261981e-06,-4.172657785720702e-06,2.8274880850350117,6.803790174545609,9.052347196885831,9.988782342695046,-9.999999999999844,-9.999997407781725,-9.999999999999508,0.0,0.0,0.0,0.0,0.0,0.0,0.0,0.0,0.0,0.0,0.0,0.0,0.0,0.0,0.0,0.0,0.0,0.0,0.0,0.0,0.0,0.0,0.0,0.0,0.0,56,57,756
C:\Users\damba\.cache\kagglehub\datasets\sunnykusawa\ecommerce-products-image-dataset\versions\1\ecommerce products\tshirt\5.jpg,tshirt,exito,5943030.0,662408910.0,765873630.0,81896997990.0,116823949680.0,87093340050.0,10933054227810.0,19479570339600.0,11027235451980.0,13406185020960.0,8065036171.300094,18126413721.174797,1729221671.6570828,6976989513.8733225,-247314256876.01593,87755957169.1875,-60675440272.234375,0.00022834445738152502,0.0005132111025321622,4.8959257704514246e-05,8.103045244771973e-08,-2.8722970117106885e-06,1.0191938658159615e-06,-7.046819216149697e-07,3.1298562460028676,7.041737020428044,9.85392836447544,9.983706708863881,9.999999999999833,9.999995249885757,9.999999999999881,0.3183098861837906,0.019666971022877667,0.015500283251274293,0.008124444307818396,0.049163887070020146,0.08442266675552812,0.04461567886516908,0.022843328257284495,0.0597253259360843,0.08731033313340565,0.11523171838657541,0.081021229062023,0.09064525905842827,0.11150072385931128,0.0754269770848407,0.05682944920702803,0.10405865855898595,0.08670697052492639,0.06801707296174624,0.05625957523269987,0.12263992971525657,0.21369832635731317,0.06339510467834067,0.14921674639448934,0.06177240953500909,56,57,756
C:\Users\damba\.cache\kagglehub\datasets\sunnykusawa\ecommerce-products-image-dataset\versions\1\ecommerce products\tshirt\50.jpg,tshirt,exito,5332815.0,516455835.0,602969685.0,58675147335.0,79884168495.0,58741252260.0,7438167437595.0,11570959405725.0,6698536486170.0,7692506500800.0,8659043362.605082,11707709902.493187,346724764.41615635,78611714976.40633,-108898271294.07323,-2890651534.3789062,-122273120718.71484,0.00030447867338279777,0.00041167919251409226,1.2191912186779192e-05,1.1970050320583476e-06,-1.65817243346724e-06,-4.401537905154745e-08,-1.861828619687369e-06,3.1449911730124094,7.914120216272055,9.828767360520667,9.985733922499684,9.99999999999982,9.999998617147922,-9.999999999999957,0.3183098861837906,0.020280542556273495,0.003020894190337904,0.032326956948918004,0.04648654998253798,0.07214391985595274,0.051085691936666566,0.051045209201801035,0.09149279071929589,0.0684897144608677,0.13385478507889373,0.17172683302894823,0.16593384801838146,0.07218596206175691,0.0851262020644178,0.05548595307694176,0.046057294862248604,0.1802404664412982,0.23073467112004706,0.03828859967843804,0.29984232596624494,0.12029612180387443,0.12490083711140344,0.11268214752911479,0.2803035863300039,56,57,756
C:\Users\damba\.cache\kagglehub\datasets\sunnykusawa\ecommerce-products-image-dataset\versions\1\ecommerce products\tshirt\51.jpg,tshirt,exito,6255660.0,717170415.0,596877990.0,104466797325.0,76089119010.0,63368448345.0,16718739814995.0,11046266420730.0,8935244528355.0,7701388752345.0,22247910085.080914,19138559844.94946,-5059700849.915621,-358847874951.62024,134117953732.77338,127765142892.28125,-56196684009.95703,0.0005685163351451517,0.0004890609437649233,-0.00012929405832387767,-3.666296106572704e-06,1.3702634623606398e-06,1.3053577257628426e-06,-5.741532782262662e-07,2.975687847116752,7.1350087711630135,9.957583404009709,9.902602600937605,9.99999999999874,9.999970782953756,9.99999999999878,0.31830988618379064,0.010285918841265946,0.04954187233220508,0.056926386554345745,0.023058244588263745,0.06983316216122326,0.056766642881390134,0.10220226281794385,0.030083698502908054,0.05337996063824037,0.09783805287484343,0.02486064840249319,0.012605311627204388,0.14887199513814367,0.11956132852972877,0.02445956619934508,0.09046571421617029,0.0884482244566086,0.048162033070612474,0.01222970795694639,0.06818349476173842,0.17588615760770965,0.21560614208189174,0.012669083336559429,0.1465160913446216,56,57,756
C:\Users\damba\.cache\kagglehub\datasets\sunnykusawa\ecommerce-products-image-dataset\versions\1\ecommerce products\tshirt\52.jpg,tshirt,exito,6467565.0,671902815.0,846729030.0,93887652105.0,134924276550.0,85216796070.0,15061588899285.0,23449154232900.0,12153759138210.0,13165645964880.0,24084968590.427788,24071111526.572952,-2748244683.2385745,303500788337.4935,-517782262437.44586,433073854352.6953,-131779591121.51562,0.0005757904799249272,0.0005754592041992658,-6.570127418567509e-05,2.853039721327179e-06,-4.86737899372432e-06,4.07108302915687e-06,-1.2387856057621057e-06,2.9388304382315162,7.760281711002574,9.36160577255181,9.98615240959549,-9.999999999999607,9.99999853004954,9.999999999999753,0.0,0.0,0.0,0.0,0.0,0.0,0.0,0.0,0.0,0.0,0.0,0.0,0.0,0.0,0.0,0.0,0.0,0.0,0.0,0.0,0.0,0.0,0.0,0.0,0.0,56,57,756
C:\Users\damba\.cache\kagglehub\datasets\sunnykusawa\ecommerce-products-image-dataset\versions\1\ecommerce products\tshirt\53.jpg,tshirt,exito,6261015.0,718197555.0,798227265.0,102174312645.0,122229409335.0,87622135590.0,16066276499145.0,20213178570975.0,12687064811190.0,12779508041550.0,19790269800.83207,20462081419.417576,-3942070861.723424,-194343910315.8368,-587542987957.6243,565076471149.2461,-236197247242.92188,0.0005048498440801309,0.0005219877605566335,-0.0001005622399251082,-1.9813403137925755e-06,-5.99001330288518e-06,5.7609666844930895e-06,-2.4080359770917803e-06,2.9884981927712913,7.388863602813131,9.174499163793227,9.923290079952604,-9.999999999996753,-9.999996813591077,-9.999999999991823,0.3183098861837906,0.016281092116394953,0.016073855392740408,0.00805277703230684,0.016542733502254367,0.08623826122664979,0.05464050470868407,0.0036936049668007905,0.03673833029810677,0.007736752353863743,0.09968161673647108,0.06572365713679394,0.13984964016554466,0.02007840452015307,0.024365575297399508,0.029419348400202192,0.028062376546791445,0.02906826618563601,0.019116233657765276,0.03822752702796635,0.2437644351361743,0.044178473040249515,0.10814884766759668,0.07376534271112284,0.0832526683766809,56,57,756
C:\Users\damba\.cache\kagglehub\datasets\sunnykusawa\ecommerce-products-image-dataset\versions\1\ecommerce products\tshirt\54.jpg,tshirt,exito,7064775.0,687680685.0,717366255.0,99571315485.0,112071677115.0,65770014885.0,16660970066835.0,19909917694275.0,9057552330555.0,10236372845805.0,32632916948.30644,39229393558.52084,-4057958070.159182,615827256172.9644,563211594002.7047,-263047819360.78516,151487860781.72656,0.0006538215424029003,0.0007859862066450549,-8.130380770559544e-05,4.64208479537269e-06,4.245469733420271e-06,-1.9828454659494337e-06,1.1419103135975488e-06,2.8416954632286218,7.356461114114609,9.687405316756326,9.8583180336477,-9.999999999991012,-9.999965253500317,-9.999999999994227,0.0,0.0,0.0,0.0,0.0,0.0,0.0,0.0,0.0,0.0,0.0,0.0,0.0,0.0,0.0,0.0,0.0,0.0,0.0,0.0,0.0,0.0,0.0,0.0,0.0,56,57,756
C:\Users\damba\.cache\kagglehub\datasets\sunnykusawa\ecommerce-products-image-dataset\versions\1\ecommerce products\tshirt\55.jpg,tshirt,exito,3975705.0,356838075.0,487500585.0,36036403905.0,77550709905.0,46283408820.0,3983209306515.0,13745464367415.0,4945786754880.0,7651897717650.0,4008521612.4995213,17773432572.969025,2527956563.6646175,29206866448.865665,-122549984609.03108,73214395334.41602,71404032966.19922,0.00025360389858005474,0.0011244574003541601,0.0001599341857075897,9.267222384733663e-07,-3.888462196401377e-06,2.3230636005260036e-06,2.265621523702765e-06,2.8607314321930617,6.065096936163063,9.598001510395402,9.948301453549522,-9.999999999997693,-9.99995684253784,-9.999999999999305,0.3183098861837905,0.009649682314288548,0.017470839644327187,0.036737965481064117,0.0296840086948924,0.045741796828310095,0.004709245342598365,0.06566096050413238,0.04582502606827235,0.05799199825726755,0.06006769284475606,0.09499737152054623,0.04632375648416927,0.09718636404061758,0.07978957388532212,0.10870534110461752,0.06372110732920838,0.0262836932497091,0.0711992180555184,0.11476567540464437,0.12063524753694449,0.11171549405377006,0.13326626775379763,0.15547265249936304,0.08151061694234635,56,57,756
C:\Users\damba\.cache\kagglehub\datasets\sunnykusawa\ecommerce-products-image-dataset\versions\1\ecommerce products\tshirt\56.jpg,tshirt,exito,6380610.0,750061845.0,769271505.0,99712954215.0,113973871035.0,94277409405.0,14440248662895.0,18784313469195.0,12821538123555.0,14108940487155.0,11540699316.98805,21227464593.45835,3846995330.761531,5365657432.509326,-75359598436.18466,-104702970629.39844,-216683515244.4453,0.00028347040593294814,0.0005214032390894457,9.449248248135918e-05,5.217559873365735e-08,-7.327959748069677e-07,-1.018130629935982e-06,-2.1070283158769017e-06,3.09427223906121,7.034199498158232,9.835622581736633,9.969448187994946,9.999999999999547,9.999995289296365,9.999999999999638,0.3183098861837907,0.017666865269579262,0.1075741174236992,0.0007354110145512155,0.04719327442160474,2.7211234242195726e-05,0.15635970844438335,0.0044979541234689245,0.0933324852958096,0.0960758477874695,0.015812256331790724,0.015540327554306956,0.14884468066052847,0.017020796181408306,0.22080698172676874,0.00150940936137284,0.1577869016144967,0.07084609814072865,0.06940377279539975,0.00011170046704762173,0.0877915270372548,0.04960720934304263,0.34133848519646354,0.010593786618941833,0.19896444543188807,56,57,756
C:\Users\damba\.cache\kagglehub\datasets\sunnykusawa\ecommerce-products-image-dataset\versions\1\ecommerce products\tshirt\57.jpg,tshirt,exito,6669780.0,784746180.0,888948870.0,105693932550.0,137753427600.0,105127124670.0,15600459729240.0,23130021425370.0,14438932940670.0,16495589203560.0,13363066010.984867,19274243357.899544,536084193.729937,20314682745.725655,-367513352368.7575,225888139708.85938,145038065818.01562,0.0003003883570103155,0.00043326571088828444,1.2050636436380754e-05,1.7681995329901915e-07,-3.198853490157639e-06,1.9661409835468286e-06,1.2624181408847057e-06,3.1345086108835876,7.736665497338328,9.708196904163723,9.984678031465513,-9.999999999999828,-9.9999993101474,-9.999999999999767,0.3183098861837905,0.015045529566108756,0.018098772974118646,0.03724477265157413,0.03626768823513832,0.047908754027627884,0.006989178938692717,0.07062485368193888,0.049489576592242505,0.06065699914916598,0.07209968896373205,0.09016450822286019,0.04338049055554638,0.10548986427505566,0.08305189866211782,0.09969072194594429,0.045736236694245556,0.04245655693529735,0.04064917909834119,0.10072783489536372,0.12240135544217345,0.11285206386045873,0.13211369426232408,0.11834145982396009,0.07815178608261085,56,57,756
C:\Users\damba\.cache\kagglehub\datasets\sunnykusawa\ecommerce-products-image-dataset\versions\1\ecommerce products\tshirt\58.jpg,tshirt,exito,3070200.0,329364630.0,269485020.0,38331288390.0,29011072560.0,27966276870.0,4743775030680.0,3623449934430.0,3185697611040.0,2935340292510.0,2997740251.430231,5357181606.83721,-943512037.1860479,-11507959187.92235,136572905579.31696,23627051353.90039,-11274409856.265625,0.00031802456307714565,0.0005683332099992575,-0.00010009539793881772,-6.967574878392953e-07,8.268902682434525e-06,1.4305164519240678e-06,-6.826170791921679e-07,3.052390893325512,6.9878768974833685,9.929427287115146,9.707785131539081,9.999999999982926,9.999876551002886,-9.99999999999835,0.3183098861837905,0.030746666741646212,0.02148693143386903,0.036618677330824204,0.0703366409691466,0.05041659825129053,0.026821336064299088,0.06959727517289786,0.05303361415277731,0.10742062217209765,0.08951191085524463,0.09045857027070765,0.016593322393346346,0.1041839667298631,0.08041322621847845,0.1089277761088819,0.08662242734430145,0.08812459222211684,0.05055884858996656,0.10064273083427683,0.014547771716664153,0.11286387249139124,0.11076673158151137,0.12856082512599903,0.052966388102278196,56,57,756
C:\Users\damba\.cache\kagglehub\datasets\sunnykusawa\ecommerce-products-image-dataset\versions\1\ecommerce products\tshirt\59.jpg,tshirt,exito,4053990.0,360742635.0,434148975.0,37007388825.0,56284807935.0,40229643285.0,4124547446085.0,8213685896385.0,4316671024575.0,5467614184005.0,4906853622.213802,9791024651.481636,1597075068.490064,-41808556192.6218,88969676973.23938,69254019895.65234,117066468567.41016,0.0002985642171685376,0.0005957482809582161,9.717621602251823e-05,-1.2634512437684053e-06,2.688656563781315e-06,2.0928509745707343e-06,3.5377393716641054e-06,3.0485106513248685,6.898970807194606,9.595264385284064,9.892670612979773,9.999999999993108,9.999958812186264,-9.99999999999594,0.31830988618379047,0.020718732985416863,0.030725062796924243,0.0024142791702587776,0.043030930393522314,0.06661664600432435,0.002995598415363993,0.01129067309758439,0.07996832364178143,0.0641869729417875,0.11247533180913133,0.11149323545658434,0.11552348695483917,0.03637124100929257,0.015408464952420289,0.022935199784372324,0.07662166406663959,0.14517742750467882,0.1427715637311376,0.1325637230873705,0.24305998594480277,0.07756405048458881,0.1968011186578555,0.06691462648365507,0.3968159341345991,56,57,756
C:\Users\damba\.cache\kagglehub\datasets\sunnykusawa\ecommerce-products-image-dataset\versions\1\ecommerce products\tshirt\6.jpg,tshirt,exito,5324655.0,656275140.0,681610920.0,92202260460.0,104541546750.0,85773646200.0,14311962681750.0,17357124630570.0,12402850166010.0,13263360088590.0,11314942993.982088,17288298180.23419,1763639551.9582388,158654535656.36752,-451436771852.88165,165262347463.6211,-73137803628.38672,0.0003990886922121419,0.0006097745534372366,6.220522743234031e-05,2.4250673683891706e-06,-6.900304361184724e-06,2.5260691375723397e-06,-1.1179264446559003e-06,2.9961676566071853,7.222091346220486,9.464677553743167,9.917780114627638,9.999999999997975,9.999990234676734,-9.999999999993884,0.31830988618379075,0.2862319126664001,0.05549363942199357,0.10863353380447596,0.27527150601993117,0.22079210226680995,0.14942173056662628,0.26720840047353944,0.07890869482311627,0.12634872232430602,0.07585309857939018,0.11316364538567227,0.02592539041868191,0.09625239138638221,0.20432402092558735,0.06736900588577223,0.021482542301968652,0.046539291948219104,0.12691475305212746,0.15926861474691897,0.07924085787727314,0.054590078667866276,0.17674919691277471,0.21670918729264912,0.10824754746231745,56,57,756
C:\Users\damba\.cache\kagglehub\datasets\sunnykusawa\ecommerce-products-image-dataset\versions\1\ecommerce products\tshirt\60.jpg,tshirt,exito,6161055.0,469980555.0,703188000.0,45476308575.0,105451584120.0,48955087680.0,5018083499355.0,17873578865700.0,4433276013150.0,6992535128940.0,9625026273.818134,25193679695.514256,-4685836887.195071,80596149615.86938,87002539140.16296,-42238331790.96875,18056652075.089844,0.00025356642763831613,0.0006637146931050796,-0.00012344599237239985,8.554144454829177e-07,9.234092339261628e-07,-4.483003138400644e-07,1.9164589246146384e-07,3.0374974975978235,6.639639032532545,9.977885612769219,9.994295972612274,-9.999999999999986,-9.99999738243047,-9.999999999999995,0.0,0.0,0.0,0.0,0.0,0.0,0.0,0.0,0.0,0.0,0.0,0.0,0.0,0.0,0.0,0.0,0.0,0.0,0.0,0.0,0.0,0.0,0.0,0.0,0.0,56,57,756
C:\Users\damba\.cache\kagglehub\datasets\sunnykusawa\ecommerce-products-image-dataset\versions\1\ecommerce products\tshirt\61.jpg,tshirt,exito,6104955.0,684616605.0,761695965.0,90414491415.0,111926555085.0,86281749510.0,13361234710065.0,17885242351755.0,11860668709050.0,12584246617170.0,13640805803.603031,16892153832.692463,864296703.1408548,162659704550.14343,-294642055851.1136,386091576611.41797,-182995856251.76172,0.0003659949491270146,0.00045323150784897,2.3189849078646792e-05,1.7663379968297021e-06,-3.1995475471517585e-06,4.19260703756167e-06,-1.9871703016663807e-06,3.086595977558208,8.006066111702754,9.388653799412857,9.995528437647296,-9.999999999999964,9.999999733197905,9.999999999999927,0.3183098861837905,0.047819512593723176,0.027807886235465647,0.03353737299597359,0.10420087109432083,0.05164050749092368,0.061295564291962215,0.054686503380821136,0.054674232075551235,0.15479963077355063,0.09941849127062681,0.09663580903970863,0.11559166504125751,0.0703418741494692,0.10064648437908275,0.12598115462590223,0.1387379892447842,0.12136617424074773,0.09863030626855483,0.11503952741633956,0.16474273790349478,0.06896421991977411,0.15849706358068424,0.17259155239018562,0.022410437416620476,56,57,756
C:\Users\damba\.cache\kagglehub\datasets\sunnykusawa\ecommerce-products-image-dataset\versions\1\ecommerce products\tshirt\62.jpg,tshirt,exito,3939750.0,373563780.0,499333860.0,42333042660.0,80804337780.0,44299337460.0,5315541637110.0,14352132303900.0,4955956564920.0,6827172286770.0,6912039365.910681,17517503909.196117,-3047078993.732037,-9229361315.699507,-329638767238.83044,168402810684.7832,-62238064182.05078,0.0004453165896931182,0.0011285866135618138,-0.0001963117908017747,-2.9957115083600666e-07,-1.0699577303786004e-05,5.466101290784182e-06,-2.020153711081479e-06,2.8030219531413794,6.206830637757569,9.061739018466438,9.876898753953721,9.999999999988617,9.999976095218479,9.99999999998051,0.3183098861837905,0.038819334406057664,0.024133329954852616,0.03520003647509852,0.08631687077691029,0.050914235833327125,0.04156398040900296,0.06258333440017255,0.053567595081986295,0.12846932562400934,0.09381280726063342,0.09361485200151494,0.05942172561256777,0.08800029576452126,0.0871020142287853,0.11789025412420871,0.10357222972963885,0.10178482404624302,0.07436885389186218,0.10810821234596937,0.0614425934654311,0.08962516727212791,0.12260389412497405,0.15110613639086373,0.037631529526675915,56,57,756
C:\Users\damba\.cache\kagglehub\datasets\sunnykusawa\ecommerce-products-image-dataset\versions\1\ecommerce products\tshirt\63.jpg,tshirt,exito,5245350.0,447254700.0,658138680.0,45909327900.0,97673930610.0,58061839695.0,5191172114010.0,15873597241740.0,6201667190715.0,8918870587695.0,7773309012.396696,15096691319.553726,1944398936.652896,-48985484207.40995,-170027064915.24368,109797708224.95117,102587054294.8164,0.00028252506811606996,0.0005486973098048932,7.067021794021004e-05,-7.773761726810118e-07,-2.698248085419643e-06,1.74243704170934e-06,1.6280074173944794e-06,3.0802827210992847,7.04131773601779,9.710264105717387,9.992947528881588,10.0,-9.999999221490599,-9.999999999999911,0.3183098861837906,0.012759884818507044,0.0165557409908298,0.008464062534792444,0.01388523666197122,0.08598519191858373,0.055817858288352985,0.00521963097675641,0.04033830285536761,0.02289172590194563,0.10130184408947819,0.06746774593682345,0.13924798585956158,0.030841910723086407,0.012968734145176545,0.033313943708368814,0.03547596248755837,0.032375267183737594,0.022142965875506206,0.04011061185210181,0.23796595019046898,0.0609416422550545,0.08702699092057323,0.08286581877199506,0.08064473274522066,56,57,756
C:\Users\damba\.cache\kagglehub\datasets\sunnykusawa\ecommerce-products-image-dataset\versions\1\ecommerce products\tshirt\64.jpg,tshirt,exito,5334855.0,550299945.0,634816635.0,64088658615.0,87875727225.0,65283022515.0,8118173379945.0,13392305558385.0,7581795458805.0,9025448304855.0,7324223692.775673,12336249568.583237,-199461887.21620253,-3701554155.848297,-277058096.3882484,-3231476792.8242188,8377660827.027344,0.0002573453705483331,0.0004334489018317592,-7.008332272340883e-06,-5.6308966712503225e-08,-4.214676989746781e-09,-4.915803240967712e-08,1.274430697960747e-07,3.1606512091101195,7.504331904559194,9.99907625414574,9.999965654281214,10.0,-9.999999998770921,-10.0,0.31830988618379047,0.023952229011909482,0.03004438941359164,0.0036680946127378095,0.04660613151686498,0.0665491273774289,0.005429412218042948,0.018075978002935596,0.08450211198854812,0.07038773280031752,0.12120972760230428,0.11741260341218504,0.1216850133592382,0.06147143268729336,0.02196372279369786,0.038412723822572624,0.10855425162623915,0.16505697683012707,0.15370402670404584,0.13339679916446254,0.26766635974637176,0.1304271352115842,0.1260869044204056,0.12861372414444308,0.383441702883696,56,57,756
C:\Users\damba\.cache\kagglehub\datasets\sunnykusawa\ecommerce-products-image-dataset\versions\1\ecommerce products\tshirt\65.jpg,tshirt,exito,6213840.0,605983785.0,660813630.0,74187405255.0,88974219030.0,62422961385.0,10286272963995.0,13376391028530.0,7953607051695.0,8316665396775.0,15090880773.692753,18699694163.93057,-2020658773.708553,108022037642.54936,-62867499906.99201,458229690342.45703,69530566021.86719,0.0003908359057231557,0.00048429989043756867,-5.233266459546561e-05,1.1223083630644272e-06,-6.531696906518756e-07,4.7608342232677145e-06,7.223964427811101e-07,3.0579245019833152,7.703546578312101,9.489232423875325,9.919821587845508,-9.99999999999862,-9.999998578856879,-9.999999999994227,0.3183098861837905,0.02014678222427734,0.018944764012380672,0.03606370713528478,0.029330065402449524,0.04245627797010753,0.0068465293346715635,0.05887824629037931,0.042042288761053745,0.039559896566096896,0.03767739101806125,0.09644763720284827,0.055274837826957315,0.07745519873054069,0.11635284079660196,0.09399816757439541,0.07052378129228802,0.043165533213201095,0.0790774218590521,0.11242768984844524,0.14810704005187145,0.08893048910115896,0.2166089940380652,0.1355995495236539,0.12586724228151805,56,57,756
C:\Users\damba\.cache\kagglehub\datasets\sunnykusawa\ecommerce-products-image-dataset\versions\1\ecommerce products\tshirt\66.jpg,tshirt,exito,4425270.0,468707595.0,560398200.0,57254989605.0,83683196490.0,54653600985.0,7625301979335.0,13895598459390.0,6359210354355.0,7590588732435.0,7611282077.395126,12716646977.034689,-4701623117.558486,-51242031365.928085,77529768626.79625,104626975802.67969,-82025029984.92188,0.00038866753885420766,0.0006493712665992012,-0.00024008679052227422,-1.2438754721307129e-06,1.881997551310278e-06,2.5397691202909973e-06,-1.991117841726934e-06,2.9837863689277437,6.524862055142342,9.808871370377108,9.88599918351519,9.999999999995493,9.999930057516574,9.999999999997192,0.3183098861837906,0.039979151279296354,0.009791022368789743,0.009586051840589508,0.08640550714954484,0.08364588137957374,0.014704363414266003,0.02660738360730731,0.06885070889368301,0.13199858236650297,0.12520968408583122,0.08630343349756647,0.007762176673139466,0.12917490568227752,0.11684910136300668,0.06857274898646902,0.14998048858054114,0.1336637398921212,0.09760824922688155,0.06351314206227679,0.025644477886295317,0.26594230804466135,0.15383072376582865,0.1805286857978274,0.06277489738545623,56,57,756
C:\Users\damba\.cache\kagglehub\datasets\sunnykusawa\ecommerce-products-image-dataset\versions\1\ecommerce products\tshirt\67.jpg,tshirt,exito,5358570.0,585500400.0,664862010.0,76048739250.0,94277035830.0,71932706475.0,10945144491300.0,14511021438120.0,9518723948295.0,10105683508785.0,12074447899.852476,11784599911.230606,-712975637.9152035,-2879963107.8504066,-110693890191.28906,238818564332.17578,-18506593773.828125,0.0004205033550135115,0.00041040914178982417,-2.4830008814722255e-05,-4.332760202880927e-08,-1.665334117702875e-06,3.5929056466974616e-06,-2.7842243109140365e-07,3.080444656988897,8.573812466952443,9.592640414808885,9.98372292820248,-9.999999999999657,9.999999890829148,9.999999999999785,0.3183098861837906,0.03509647947281845,0.0033982910638834843,0.06420334998872909,0.07586681507954762,0.057707635537396176,0.017412755152038155,0.0899150829444633,0.016336418822879135,0.10938194724806914,0.10522003780494203,0.042008561805543417,0.07439892651482452,0.10182448879578378,0.022573884946387415,0.09202152310677525,0.10252416481620165,0.12481497661803378,0.055199591047139555,0.15212389509744306,0.14767244273981228,0.13480221680386553,0.06566849478058907,0.19829431369730108,0.1242089131767679,56,57,756
C:\Users\damba\.cache\kagglehub\datasets\sunnykusawa\ecommerce-products-image-dataset\versions\1\ecommerce products\tshirt\68.jpg,tshirt,exito,3683730.0,410965140.0,512164950.0,53211735360.0,86975714670.0,56781527535.0,7693921132680.0,15803710679490.0,7353906369795.0,9858190817925.0,7363547166.180263,15767201557.339058,-356737316.07295525,114513669061.03284,-673264709499.9032,35244964648.21875,254183451300.0547,0.0005426396089196817,0.0011619275185916302,-2.6288932943890158e-05,4.3968115556696385e-06,-2.5850346766690505e-05,1.3532486480881466e-06,9.759505088780458e-06,2.768385865680947,6.412983173356329,8.79217374928381,9.045511885824196,9.99999999755604,9.998768350791195,-9.99999999705504,0.0,0.0,0.0,0.0,0.0,0.0,0.0,0.0,0.0,0.0,0.0,0.0,0.0,0.0,0.0,0.0,0.0,0.0,0.0,0.0,0.0,0.0,0.0,0.0,0.0,56,57,756
C:\Users\damba\.cache\kagglehub\datasets\sunnykusawa\ecommerce-products-image-dataset\versions\1\ecommerce products\tshirt\69.jpg,tshirt,exito,5904525.0,677054835.0,773032500.0,87694146825.0,123056738220.0,92245982760.0,12506118168555.0,21504665375910.0,12605168288010.0,15170747384490.0,10058223597.15742,21849740865.21703,3604577780.405962,143788608599.0018,-327400302334.0403,297418014412.77344,116349081960.39062,0.0002885036781376081,0.0006267240477483748,0.0001033914127812901,1.6973135049883099e-06,-3.864707782509831e-06,3.5107900229943014e-06,1.3734110791425636e-06,3.0384707843934584,6.803403393210486,9.50425258958833,9.960369353730078,-9.999999999999083,-9.99998438179247,9.999999999998366,0.3183098861837906,0.04576650352587715,0.007452545009883347,0.010795611585870762,0.09741279444000737,0.08340152965368972,0.0029108250705688,0.023494553499773647,0.07101628256830413,0.14543152336146675,0.1273348824667243,0.08680946429413497,0.023183655316909402,0.12132331784853269,0.12618777047014476,0.07109162006408516,0.16025507985076967,0.14347373605115005,0.10354214433715854,0.06444630191258162,0.07650374357123592,0.2581623165390617,0.17634637605163284,0.18466140837226688,0.06665596444486496,56,57,756
C:\Users\damba\.cache\kagglehub\datasets\sunnykusawa\ecommerce-products-image-dataset\versions\1\ecommerce products\tshirt\7.jpg,tshirt,exito,5044155.0,440706810.0,591045375.0,44000067420.0,84708895485.0,51233722800.0,4826062688160.0,13564266197115.0,5073174838950.0,7170819771750.0,5495601879.11632,15453562270.836157,-405792992.3386131,21486361936.112732,17038978151.258976,-11594538266.080078,-135082399210.14453,0.00021599237336389872,0.0006073677943245445,-1.594878840163528e-05,3.7600344901716374e-07,2.981758648416662e-07,-2.0290016480083192e-07,-2.3638924148978953e-06,3.0844100942731933,6.811656097312179,9.805239637761751,9.983130470722681,-9.999999999999742,-9.999993351159125,-9.999999999999995,0.3183098861837905,0.023485571090396944,0.019631261141936685,0.03564215693596857,0.05748915852311696,0.04565512669506122,0.018295272258085016,0.062103826373838225,0.044771463299832115,0.0983241328236608,0.0628284894783125,0.0995078376036161,0.0014222242421217189,0.10428329770842944,0.0729071639995179,0.12381974260717038,0.12151235053906961,0.040374482307256966,0.10448608847706703,0.13028092559689106,0.027279296070194567,0.14919730916755927,0.1142667262816251,0.20487217546161307,0.06723726348341938,56,57,756
C:\Users\damba\.cache\kagglehub\datasets\sunnykusawa\ecommerce-products-image-dataset\versions\1\ecommerce products\tshirt\70.jpg,tshirt,exito,3035775.0,254820990.0,402819420.0,26770999050.0,67415060430.0,33972210270.0,3262071593100.0,12253080774270.0,3740205474240.0,5798522622510.0,5381489964.320037,13964628454.92398,159808693.59009343,111493674125.02608,-398233177236.1225,161111658274.0547,97335765707.94336,0.0005839334773099514,0.0015152706977231316,1.734048502759118e-05,6.943465418268615e-06,-2.4800674264671928e-05,1.0033512990623652e-05,6.061756673261329e-06,2.6779452978620806,6.061134284076124,8.489385108112181,9.312288393725684,-9.99999999928924,9.999859952267196,-9.999999998287251,0.0,0.0,0.0,0.0,0.0,0.0,0.0,0.0,0.0,0.0,0.0,0.0,0.0,0.0,0.0,0.0,0.0,0.0,0.0,0.0,0.0,0.0,0.0,0.0,0.0,56,57,756
C:\Users\damba\.cache\kagglehub\datasets\sunnykusawa\ecommerce-products-image-dataset\versions\1\ecommerce products\tshirt\71.jpg,tshirt,exito,7402650.0,707757345.0,1034897610.0,87260158245.0,165587726160.0,102531502110.0,12240099045315.0,28400760990480.0,13110547599270.0,16673843096940.0,19592436631.598175,20908042103.113346,3586342633.2659316,150860760554.4893,-594491743730.2083,225722584345.14062,-160523551652.6953,0.00035753125903680575,0.0003815389967914824,6.544513176788818e-05,1.0118316318554229e-06,-3.9872896634764605e-06,1.5139341073524137e-06,-1.0766405168778768e-06,3.1313142169588954,7.749369426645785,9.71956304837889,9.97419585104541,9.99999999999942,9.999999180363652,-9.999999999999766,0.3183098861837905,0.016984282023710287,0.018391402320386125,0.03630410078259295,0.045808808623001115,0.04479318534613004,0.011157267859875298,0.06371165331427031,0.04383296310534782,0.08540259265537614,0.05683602092280337,0.09882238844160439,0.0227546554329169,0.10319906923993379,0.07508107057832285,0.11947924031102088,0.1132009615194691,0.040791072070178756,0.09837838197556914,0.12793331798644045,0.06548048211088267,0.14141965585767577,0.12884762156608706,0.1955992760772559,0.07829740441584752,56,57,756
C:\Users\damba\.cache\kagglehub\datasets\sunnykusawa\ecommerce-products-image-dataset\versions\1\ecommerce products\tshirt\72.jpg,tshirt,exito,6660855.0,815976030.0,994842465.0,118846031340.0,162464552715.0,122704100505.0,19123861309230.0,28011432054525.0,18126544291845.0,20193002669565.0,18886359265.685093,13878293118.104979,832718367.7047353,-62436207170.46707,-399345055820.32733,172087209484.1875,41831697179.671875,0.00042568494167527873,0.0003128067359846783,1.876887253926042e-05,-5.452699496388575e-07,-3.4875734504685747e-06,1.502877709927883e-06,3.6532596146001583e-07,3.1316543357437556,7.846167714685268,9.778238949912229,9.983086120550288,9.99999999999975,-9.99999820132015,9.999999999999872,0.31830988618379064,0.004977697433869438,0.0508105577733339,0.031185317771892488,0.006526856825908938,0.0018318887908019717,0.062350043562493025,0.04749822492306901,0.04656686023836875,0.043152000492202615,0.030327390635767122,0.08651893705752134,0.02603119585805563,0.05469675347142402,0.15578394468251033,0.15569156906027495,0.09243074353851809,0.12557807380044028,0.05315763197720017,0.16509520893108803,0.04082715216606848,0.05855798232326338,0.27514224714820695,0.21622133648658023,0.09556997550206905,56,57,756
C:\Users\damba\.cache\kagglehub\datasets\sunnykusawa\ecommerce-products-image-dataset\versions\1\ecommerce products\tshirt\73.jpg,tshirt,exito,5315730.0,591597705.0,653399250.0,74703396225.0,90716947680.0,72521556045.0,10290280732185.0,13802788133070.0,9059057545575.0,10042291090185.0,8863362107.152216,10402375664.385494,-196489594.77501196,3556778040.2093816,94756594399.54248,-79604026629.9961,-5466366340.347656,0.0003136697694876001,0.00036813465785610184,-6.953664439598586e-06,5.459457372178009e-08,1.4544612624368595e-06,-1.2218777363307236e-06,-8.390569689324752e-08,3.1663401192792318,8.486804000418678,9.898565035359654,9.999761402328136,10.0,9.999999986584163,-10.0,0.3183098861837906,0.029656273267143735,0.005058316447545603,0.06433032873003922,0.06613189149368712,0.05535682879316172,0.008844962929710772,0.0897740207609441,0.019028380958269968,0.10010817696654237,0.09821310348686853,0.04288284793302101,0.0520224739290799,0.10992416805518714,0.019986314328342924,0.09223766962295916,0.1141906133686503,0.11273327521323034,0.06003093422492453,0.15435361865220534,0.11486876287355169,0.16257302974234977,0.05151934031990976,0.2049545135964712,0.13235730529109463,56,57,756
C:\Users\damba\.cache\kagglehub\datasets\sunnykusawa\ecommerce-products-image-dataset\versions\1\ecommerce products\tshirt\74.jpg,tshirt,exito,3819135.0,320231040.0,434034990.0,38695415640.0,67900899180.0,33801862875.0,5674356020760.0,11920997444940.0,4551376539495.0,5319819101715.0,11844330517.45744,18573925259.387062,-2591581254.125987,443507215193.3651,-17526075443.523373,588344381729.7715,215442934360.60742,0.0008120457495274825,0.0012734258839446984,-0.00017767847147344453,1.555923226764142e-05,-6.148542103133439e-07,2.0640446367268816e-05,7.558223499650211e-06,2.680795692214817,6.469479906409205,8.391323707788171,8.984874599459811,9.999999992983692,-9.998307110085031,-9.999999996545816,0.0,0.0,0.0,0.0,0.0,0.0,0.0,0.0,0.0,0.0,0.0,0.0,0.0,0.0,0.0,0.0,0.0,0.0,0.0,0.0,0.0,0.0,0.0,0.0,0.0,56,57,756
C:\Users\damba\.cache\kagglehub\datasets\sunnykusawa\ecommerce-products-image-dataset\versions\1\ecommerce products\tshirt\75.jpg,tshirt,exito,6379845.0,672965655.0,698220855.0,81702689265.0,95603153385.0,74404472730.0,10843086814125.0,14517522235485.0,9073005485850.0,10163059512720.0,10716204043.246334,19188700940.31976,753991406.435711,-35920174702.47649,-145532721328.148,-27739468894.257812,-86491030707.0586,0.00026328172766388805,0.000471438796313047,1.8524484913594658e-05,-3.493921324329251e-07,-1.415582977109034e-06,-2.6981918294660544e-07,-8.412900523275396e-07,3.133877769120283,7.348702681712871,9.978414876295702,9.981889342036828,9.999999999999927,9.999998067933458,9.999999999999956,0.3183098861837907,0.012889830285868924,0.10688624810205336,0.0003914763537282581,0.03440458611599611,1.0568451226330276e-05,0.15215200390742845,0.0023934254079161646,0.09333148822364126,0.0698001186349616,0.01129059001288077,0.011338273865486862,0.13424394756326533,0.007979302968900658,0.21937885953078182,0.0008034930678763102,0.11345025015877326,0.05027020174909539,0.05052242500291227,4.338283839374287e-05,0.05071233415846458,0.019223659497802404,0.33130318428913874,0.005632355369337324,0.19897181267878436,56,57,756
C:\Users\damba\.cache\kagglehub\datasets\sunnykusawa\ecommerce-products-image-dataset\versions\1\ecommerce products\tshirt\76.jpg,tshirt,exito,4982445.0,552514620.0,589548270.0,67556593590.0,80731298640.0,65190999390.0,8889929999940.0,12197648243910.0,7921549295490.0,8911353047700.0,6286994966.4839525,10972944526.70966,-185344627.98864064,4067957193.74225,48360419735.19173,-30984379176.398438,2738184792.90625,0.00025325503359985323,0.00044201616982609583,-7.466120179680486e-06,7.341251303541056e-08,8.727377833938528e-07,-5.591605397619574e-07,4.9414735020274575e-08,3.1578456952813623,7.444255946420162,9.972612800734899,9.999507714385045,10.0,9.999999936753673,10.0,0.3183098861837905,0.0403387572203399,0.024700110703296294,0.03308515504171695,0.08937106876954563,0.04743109834383947,0.04590979385794731,0.055051748979505995,0.04663807859192998,0.14102802861033414,0.07588817169606442,0.10302502406381463,0.07860171409546617,0.11071729296117716,0.0817939016982643,0.13695192985902915,0.17347146372740374,0.06419989034839428,0.13416130224797487,0.14125852078996284,0.12294955662539771,0.19404708882852126,0.11818067022673961,0.2434273663497845,0.04293619722135973,56,57,756
C:\Users\damba\.cache\kagglehub\datasets\sunnykusawa\ecommerce-products-image-dataset\versions\1\ecommerce products\tshirt\77.jpg,tshirt,exito,5059200.0,557026590.0,605610975.0,68467700940.0,85246551255.0,66267504330.0,9129765018360.0,13317670153065.0,8055209726250.0,9284559631350.0,7138118799.142133,12751956647.06779,-411301858.8886131,19515586206.68031,60298075008.20571,-50138743556.89453,-2762062844.9648438,0.0002788817372245462,0.0004982107923412206,-1.6069300632027432e-05,3.389822675347709e-07,1.0473668573310157e-06,-8.709010737500985e-07,-4.7976541229349545e-08,3.109527210141742,7.307698501321055,9.944509604238215,9.99949727164899,-10.0,-9.999999934662187,-10.0,0.0,0.0,0.0,0.0,0.0,0.0,0.0,0.0,0.0,0.0,0.0,0.0,0.0,0.0,0.0,0.0,0.0,0.0,0.0,0.0,0.0,0.0,0.0,0.0,0.0,56,57,756
C:\Users\damba\.cache\kagglehub\datasets\sunnykusawa\ecommerce-products-image-dataset\versions\1\ecommerce products\tshirt\78.jpg,tshirt,exito,6403305.0,591233310.0,844589325.0,68443628430.0,130750379175.0,77855444595.0,8817225327630.0,21891824178735.0,9404178992775.0,12173538639825.0,13853564884.13484,19349918334.237976,-127619183.84791654,-60616822411.677284,-458484516594.31366,400101799626.66406,134691847004.10547,0.00033787274962749286,0.0004719225821899133,-3.1124872848642873e-06,-5.84228441197847e-07,-4.418900295104277e-06,3.8562042914230566e-06,1.2981678135953949e-06,3.0916246774837437,7.742126925915858,9.42520548906064,9.996426013712755,-9.99999999999996,-9.999999909314257,-9.999999999999964,0.3183098861837906,0.04290294652362921,0.008649067811698441,0.011036701177068876,0.09125499339799636,0.08370923434020695,0.009668328109596792,0.016523391920876342,0.06803161763588442,0.134037178255958,0.1240551401277353,0.0836075369506826,0.0020685504814582792,0.09952906647101345,0.11179741242350612,0.06665619603970332,0.13433337217990401,0.1255962413149726,0.08783908818937189,0.060208756450946845,0.029776810947079464,0.2103104059224277,0.14433460567140355,0.16800569569376375,0.06927765059196936,56,57,756
C:\Users\damba\.cache\kagglehub\datasets\sunnykusawa\ecommerce-products-image-dataset\versions\1\ecommerce products\tshirt\79.jpg,tshirt,exito,6263310.0,755563215.0,766578705.0,99370380585.0,114864014835.0,94540543650.0,14039438593935.0,19021977443625.0,12700739206080.0,14214179173560.0,8224361649.144006,21040954670.410183,2065690752.6762917,67807860588.563324,-186939775821.04007,40223032238.66406,-147883924190.9297,0.0002096497671271199,0.0005363615360035758,5.265716705202328e-05,6.906694928598374e-07,-1.904109627423139e-06,4.0969912686271357e-07,-1.5062990343084074e-06,3.1272545340837814,6.928369481919626,9.863417128331658,9.98759089578159,9.999999999999885,9.99999666020181,9.999999999999941,0.31830988618379064,0.005364694083074468,0.04917892326677926,0.05682360909431296,0.011190044870456444,0.0704200145332627,0.0549887129982034,0.10218008704564778,0.028718866354481867,0.035702600292911474,0.09874507742312867,0.024430221090384563,0.007547667718302585,0.14710696976081686,0.11439744460364575,0.024757496089322904,0.056851861337771856,0.07845145106306319,0.04709200543108573,0.011350928352352423,0.08031429271836354,0.16611318217337137,0.20388121897958808,0.010679114224499337,0.1463481547898537,56,57,756
C:\Users\damba\.cache\kagglehub\datasets\sunnykusawa\ecommerce-products-image-dataset\versions\1\ecommerce products\tshirt\8.jpg,tshirt,exito,5384070.0,553249530.0,663114750.0,64234653510.0,94153640310.0,67802631360.0,8130104443620.0,14685875191590.0,7832429411790.0,9575823220110.0,7384530379.130432,12482864917.487925,-336884614.6376846,11939600449.383854,14852832325.88955,-9627562616.945312,-16115765688.464844,0.000254742546677439,0.00043061869010630106,-1.1621435658493025e-05,1.775060049107844e-07,2.2081701468615416e-07,-1.4313294522770816e-07,-2.395930412885228e-07,3.164080399023581,7.5006889799706045,9.994707462191297,9.999957052072586,10.0,9.999999997361133,-10.0,0.3183098861837905,0.043472889482479,0.02593794589445324,0.03448487182722883,0.09562672741775186,0.05138584246992429,0.051286617935375894,0.0593065814315049,0.0543052651594286,0.14205973915672537,0.09728553905899442,0.09484037736856774,0.08710287691538768,0.08042261423360861,0.09357005616812737,0.12153972007621507,0.12077647642352388,0.11310440252513246,0.08476038704142717,0.1106747643362271,0.11185008230771422,0.07950534658703153,0.13899361064950652,0.159524714538723,0.030248534747444118,56,57,756
C:\Users\damba\.cache\kagglehub\datasets\sunnykusawa\ecommerce-products-image-dataset\versions\1\ecommerce products\tshirt\80.jpg,tshirt,exito,6909480.0,710316270.0,844890480.0,88603881000.0,122803451820.0,84982282005.0,12434351019300.0,19664411207850.0,10450360880115.0,12091075099665.0,15581134942.885298,19490333727.953945,-1875115991.9707696,122014118485.79007,-118533701376.03027,1423369117.8125,-74927919213.90234,0.0003263685941409221,0.0004082522127846868,-3.9276918683648544e-05,9.722919195089404e-07,-9.445575763498394e-07,1.134237831574251e-08,-5.97076889964831e-07,3.133936716021733,7.886871467626121,9.964191429545936,9.995628418983351,-9.999999999999991,9.999999501448315,-9.999999999999991,0.3183098861837905,0.032991857359436556,0.0221612985012222,0.03570850386802719,0.07450164709107368,0.05002906532622922,0.030898592010290327,0.06443573344680487,0.05214796654243827,0.11138623800595879,0.08776098260961017,0.09317184782860022,0.029083258484733816,0.0925334680952274,0.08088910222072243,0.11508259724113712,0.08328471097778967,0.08393462099127884,0.06827511807338275,0.10790841561436976,0.00706297716544826,0.09617243655981679,0.10932010365026641,0.1481006275359925,0.04579750531472278,56,57,756
C:\Users\damba\.cache\kagglehub\datasets\sunnykusawa\ecommerce-products-image-dataset\versions\1\ecommerce products\tshirt\81.jpg,tshirt,exito,5522790.0,473167800.0,734834265.0,49407347520.0,116470933545.0,59509912785.0,5695911307440.0,19998380608215.0,6069851710965.0,9100347179745.0,8868459212.307688,18697634719.933285,-3447380998.5164895,-56707314602.225746,-474271471390.6402,86674270794.5293,39023460212.98828,0.00029075762539864183,0.0006130128967830432,-0.00011302440356065283,-7.91120716207355e-07,-6.616535957577378e-06,1.209188120945281e-06,5.44414208451634e-07,3.043941779879952,6.809537968219174,9.676089985317118,9.888400552363047,9.999999999993237,9.999961784507065,9.999999999997383,0.31830988618379047,0.03538401226945095,0.04198470748971771,0.042927947808498394,0.07271445003278541,0.058064793470923734,0.055739707901928615,0.03323831392012901,0.04171725010559631,0.09790347915237772,0.09748567092890899,0.07117393123075078,0.03981693341217227,0.06667260534802458,0.08372330021675113,0.0684145005268757,0.08254857843909433,0.10815643290935954,0.07212312765219742,0.09107241585983959,0.01024978522504565,0.19481478180637768,0.12318038733339953,0.17690487431014199,0.07963430615694901,56,57,756
C:\Users\damba\.cache\kagglehub\datasets\sunnykusawa\ecommerce-products-image-dataset\versions\1\ecommerce products\tshirt\82.jpg,tshirt,exito,3014865.0,317754990.0,330465465.0,35814886170.0,45549793455.0,33786630960.0,4245290519580.0,7156579472955.0,3780542151990.0,4510342351830.0,2324751895.3641233,9326803849.274296,-1043137711.7051485,-19498062106.843063,119114506268.60722,74685144864.26172,-61747007355.3125,0.0002557648568747801,0.001026117520912981,-0.00011476406065825129,-1.2354403297627527e-06,7.5473585065855615e-06,4.732215924530243e-06,-3.912426922783132e-06,2.892151788848269,6.18961531368409,9.594309311748344,9.557068164339848,9.99999999992529,9.99945849567212,9.999999999896767,0.31830988618379064,0.007709305635045844,0.049323374250396554,0.05669118498053336,0.004116790976793367,0.06905388294670997,0.05489152439020573,0.09974104881136259,0.030713812498148144,0.020693712151299774,0.09389435551612112,0.02550757832414005,0.004607926876660336,0.13999827184474242,0.12206259876409765,0.02367670324923023,0.04022219180121343,0.06816989955894763,0.04045556438980158,0.01242982158105525,0.09024204980137743,0.15351313506324,0.21427688222380603,0.012047087641312397,0.14701193660189535,56,57,756
C:\Users\damba\.cache\kagglehub\datasets\sunnykusawa\ecommerce-products-image-dataset\versions\1\ecommerce products\tshirt\83.jpg,tshirt,exito,5499840.0,611253870.0,639614715.0,77265970530.0,85551454245.0,71357115375.0,10659905725830.0,12595024929885.0,9069062502195.0,9585315404115.0,9331031769.96755,11166202375.030838,270143780.7905298,-1564801810.7454782,48459261751.644104,23216698921.882812,14267270696.050781,0.00030848180793561597,0.00036915213465578634,8.930892526702345e-06,-2.205891777095067e-08,6.831273218627193e-07,3.272844196075851e-07,2.0112486382549886e-07,3.1690047842915443,8.38722335584591,9.997918626318945,9.995450803927332,10.0,9.999999711375027,-9.999999999999996,0.3183098861837905,0.037975566660858565,0.023827981000915596,0.033806446905893406,0.08397787857633497,0.04881318063272547,0.040586468387068746,0.05544587692688532,0.049493122139297976,0.1261010410952777,0.08218816350461706,0.09909370846044134,0.05939426309723892,0.08747981167833724,0.08304179628556418,0.12820916573463884,0.11890040417189252,0.0738467225345388,0.10748564858726063,0.1262708340363012,0.06965612314620398,0.12596066239764556,0.1155331236698753,0.19947217809445844,0.036392480023639644,56,57,756
C:\Users\damba\.cache\kagglehub\datasets\sunnykusawa\ecommerce-products-image-dataset\versions\1\ecommerce products\tshirt\84.jpg,tshirt,exito,7004085.0,789521310.0,842079360.0,111724860030.0,116657112870.0,96960788175.0,17657954830440.0,17679259377660.0,14063769449535.0,13684501867275.0,22727667828.004154,15416529904.77191,2039096129.4063828,-59864699744.68746,-53025455587.98965,171730971309.54688,44256481732.375,0.00046328907336508975,0.00031425617041474423,4.156567948124499e-05,-4.610969916572934e-07,-4.0841895402723017e-07,1.322726658329963e-06,3.4087752340134304e-07,3.1092742749967415,7.534295577311464,9.915938490484603,9.996322326262426,-9.999999999999984,-9.999999388919433,9.999999999999998,0.3183098861837905,0.03082784708121243,0.02151048696964282,0.036664577455741594,0.07053084508677819,0.05047301586929863,0.026924522966199873,0.06990547209942947,0.053138384529840856,0.1078685139458978,0.08984766661052766,0.09029098869208271,0.016848665327169395,0.10497669474163238,0.08054558591786654,0.108629987495692,0.08790578753336577,0.08907145850224485,0.049588170985862164,0.10018544455932563,0.013963432481822986,0.11430936202581314,0.11116424152325313,0.12745652125243098,0.053165188089376175,56,57,756
C:\Users\damba\.cache\kagglehub\datasets\sunnykusawa\ecommerce-products-image-dataset\versions\1\ecommerce products\tshirt\85.jpg,tshirt,exito,5054100.0,459291975.0,514352340.0,55245608985.0,70935680700.0,48223665315.0,8210734144395.0,11149577805150.0,6276342862575.0,7025454845325.0,13507392823.982086,18590390803.979816,1481831539.5560007,735310406191.6566,146638531961.7284,384711330749.41016,277555926351.24805,0.0005287907738090675,0.0007277812429646489,5.8011109669163695e-05,1.2804456107173519e-05,2.5535156721757507e-06,6.699237909641637e-06,4.833268571102085e-06,2.9008125814700447,7.274428408102767,9.386503747971169,9.303903408703516,9.999999999409448,-9.999969607073758,9.999999999869349,0.3183098861837905,0.05036466732061241,0.02898548363564709,0.0327393514213866,0.10910064548558245,0.05160869483544938,0.06757983470475294,0.050715142066599966,0.05454029187766849,0.16222114310371247,0.09961419983824693,0.09824874384257502,0.1335859757071704,0.06350028510075433,0.10498694131603308,0.12958873198208729,0.15120173041829438,0.12394216924685632,0.11031363965250011,0.11949412360630109,0.19918966429311405,0.07048778760819621,0.17129638596218866,0.18556047195971928,0.01663417082823399,56,57,756
C:\Users\damba\.cache\kagglehub\datasets\sunnykusawa\ecommerce-products-image-dataset\versions\1\ecommerce products\tshirt\86.jpg,tshirt,exito,3809190.0,368719035.0,481990800.0,40721587245.0,70786110450.0,45571663275.0,4953610332105.0,11226479850390.0,5012749669455.0,6511063138935.0,5030606545.341748,9798044408.495113,-1083710349.0192766,37976001874.45414,-209911752668.92584,69898001444.85938,-66584471276.94922,0.00034670098895124964,0.0006752648324999837,-7.468750464883808e-05,1.3409965214913834e-06,-7.412337167029258e-06,2.4682160356593205e-06,-2.3512097103564635e-06,2.9905635859747317,6.8848320195445725,9.408921147839465,9.90147787826659,9.999999999990534,9.999973056888937,9.999999999999153,0.3183098861837906,0.007551741459672403,0.017054245118879843,0.008768116508409788,0.0228271713274464,0.0852437219429008,0.055255878023053304,0.008614550993786543,0.0495061135617683,0.050856129328336185,0.1063881310211525,0.07319485264358475,0.12835248147121614,0.06181260652111757,0.030229194268208713,0.04384549366376708,0.0600716375454077,0.04843476119684188,0.03791256711310953,0.04665536726909884,0.20586975504584026,0.118100311075322,0.026501086081562153,0.11032902831877947,0.07247249197881539,56,57,756
C:\Users\damba\.cache\kagglehub\datasets\sunnykusawa\ecommerce-products-image-dataset\versions\1\ecommerce products\tshirt\87.jpg,tshirt,exito,5502645.0,611648610.0,672790980.0,76066803960.0,96060600690.0,74526233955.0,10257430079490.0,15156779147490.0,9193508978175.0,10604097777075.0,8078768730.590847,13800577961.04685,-258104801.64118427,6198128595.254582,37047742034.622765,-49558800211.57031,-10439726784.652344,0.0002668100504318595,0.00045577897134659316,-8.524189445085523e-06,8.726334246895192e-08,5.215945024670601e-07,-6.977374684551854e-07,-1.4698072808442417e-07,3.141108580807233,7.442493997585337,9.970144776674735,9.999849792614016,-10.0,9.999999979021565,-10.0,0.3183098861837905,0.04032619938954476,0.02469533716222746,0.03419152312081124,0.08880307635573838,0.0502656918451505,0.04483204408360035,0.0571781301912214,0.0522224751454414,0.13116660655099993,0.09041621136033952,0.09647803067385377,0.06947025724660803,0.079488968960977,0.08809504915117598,0.12376193548745076,0.10767746140098823,0.09417744448188407,0.09260857392222915,0.11664763614928028,0.0809284625489727,0.08939668619129358,0.12550580761058427,0.1740893470971298,0.0318982874483027,56,57,756
C:\Users\damba\.cache\kagglehub\datasets\sunnykusawa\ecommerce-products-image-dataset\versions\1\ecommerce products\tshirt\88.jpg,tshirt,exito,5356020.0,586765965.0,615850245.0,72357350835.0,82084100925.0,67473030345.0,9693561059445.0,12070171263015.0,8289025836105.0,8999739163035.0,8075608481.09146,11271907492.832077,5029235.423968853,-2783463966.406266,39759194460.00574,-31927821207.5625,6055195807.2734375,0.00028150808689724475,0.00039292805259437386,1.7531439842239317e-07,-4.192568126685297e-08,5.988693708541893e-07,-4.809099997876375e-07,9.120585446338656e-08,3.1710591018050405,7.902585397388565,9.98185022491171,9.999929029274844,10.0,9.999999994424385,10.0,0.3183098861837905,0.01174465161941026,0.08504880345838672,0.07575913877170931,0.02193389261871359,0.005577635430453268,0.1414491304251133,0.06432038427229483,0.01821389845039267,0.02407585987069794,0.013787817843166834,0.0020313564557793116,0.1775717606640545,0.04733234802893632,0.012819686244233458,0.011491790251379266,0.008222112262008956,0.01237450109561664,0.0010739346476110658,0.0017064565761157184,0.14913267189541224,0.2153312385992178,0.04260709975794507,0.11289696363197206,0.09774545208256682,56,57,756
C:\Users\damba\.cache\kagglehub\datasets\sunnykusawa\ecommerce-products-image-dataset\versions\1\ecommerce products\tshirt\89.jpg,tshirt,exito,5526105.0,617719905.0,678668985.0,80087951745.0,94425967305.0,75973662660.0,11406088491705.0,14179287641625.0,10034369029920.0,10583171696520.0,11037891886.707582,11077643087.322224,110583521.86447443,-13993645511.09309,-138225501729.68176,173928772858.3789,872090149.75,0.00036144970182090626,0.00036275140505886673,3.621197001608107e-06,-1.94931954225574e-07,-1.9254859039138683e-06,2.422833675646783e-06,1.2148245217222303e-08,3.1401407557675727,9.812065762043833,9.733808462449954,9.998782362991415,-9.999999999999996,-9.999999995490821,9.999999999999995,0.3183098861837906,0.03575307558662577,0.007509819635153579,0.003915642644928264,0.08088370714707538,0.008772398592030604,0.005075341912166144,0.01496308867368834,0.011341361004563701,0.12053056283629254,0.03640833135333166,0.15859329301870134,0.006683886940068827,0.02787733831495388,0.03484040106390523,0.15161818418428083,0.08998029982914262,0.03218009084344245,0.15258240428289305,0.0852782598522529,0.004342765184274888,0.02590021750426218,0.058348848699502666,0.15399139288593516,0.07387901836484916,56,57,756
C:\Users\damba\.cache\kagglehub\datasets\sunnykusawa\ecommerce-products-image-dataset\versions\1\ecommerce products\tshirt\9.jpg,tshirt,exito,5264985.0,588337530.0,640379970.0,74089407480.0,88552096620.0,71308552920.0,10149340050150.0,13374772835760.0,8901907693680.0,9829879287120.0,8345431152.147044,10662699788.441898,-250923471.91262594,5068091611.616144,10376219580.548405,-53505692681.40234,-4365078419.644531,0.0003010610016572563,0.0003846563491034323,-9.052051405863724e-06,7.968041935987496e-08,1.6313468479007893e-07,-8.412152655692044e-07,-6.862766217935519e-08,3.1638547980734386,8.129833754330507,9.969398918833903,9.998007191745405,-9.999999999999996,9.999999831937908,-10.0,0.3183098861837905,0.01031923145386313,0.017533845081538012,0.036826364574173265,0.029610519690510637,0.046321689921947046,0.004737997080214404,0.06664422577775649,0.04679928789117471,0.055232644832109865,0.06314637457122525,0.09373036230633106,0.0473726804394851,0.09782730956796497,0.08042204767959829,0.10619981168282377,0.05126269634052565,0.025529976975209798,0.0629175170129993,0.11086404038665154,0.12546135961561788,0.10784775148721511,0.13160362194802297,0.14472962346287563,0.08018848631544662,56,57,756
C:\Users\damba\.cache\kagglehub\datasets\sunnykusawa\ecommerce-products-image-dataset\versions\1\ecommerce products\tshirt\90.jpg,tshirt,exito,5863725.0,670961610.0,838781190.0,87971094930.0,132879691140.0,96227613960.0,12625353515790.0,22435211180070.0,12653566093590.0,15230072311350.0,11195754665.272007,12895571029.009771,249378677.80038008,-2979265581.478829,-261983911467.60498,12600371408.007812,-46142004950.515625,0.00032561633550718717,0.00037505364383909454,7.2529073427150205e-06,-3.578287518008421e-08,-3.1465934630044857e-06,1.513384775491018e-07,-5.541948371328376e-07,3.154486427750109,8.559962565911578,9.937001338206025,9.96130186225585,9.999999999999519,9.999997925862262,9.999999999999922,0.31830988618379047,0.018209514875814976,0.046322187719945354,0.04085841929634764,0.042460743785849436,0.053700291810202326,0.07685872819898787,0.02087561039883009,0.04371669522146357,0.07217763249946599,0.08665257028163037,0.07188875386105832,0.09028801965769809,0.11461417125527487,0.08522230507980849,0.07308117262798712,0.10018542463380903,0.09987990209345694,0.08625210193051942,0.09359104988380502,0.050267584801570835,0.28324000576414243,0.12393297543717396,0.18440995748996297,0.10610939377140693,56,57,756
C:\Users\damba\.cache\kagglehub\datasets\sunnykusawa\ecommerce-products-image-dataset\versions\1\ecommerce products\tshirt\91.jpg,tshirt,exito,5468985.0,595698870.0,670053300.0,73200165360.0,94117657260.0,72462921600.0,9801695461080.0,14546503655880.0,8805536800830.0,10117126124040.0,8314790154.3124895,12023552990.032166,-521369570.98895174,17159941749.210188,69102537989.9704,-49278824269.11328,-6706959010.6640625,0.00027799554018068486,0.00040199380216727256,-1.7431397886292158e-05,2.4532905091409973e-07,9.879322615774754e-07,-7.045202929468397e-07,-9.588679918926394e-08,3.167497830184379,7.7775180720617705,9.958989119086162,9.999554402239799,-10.0,9.999999981597027,10.0,0.3183098861837906,0.02942759657816906,0.013242136181616198,0.006718130390968377,0.06798699880642439,0.08390644889434742,0.031507987959188945,0.03824855538615668,0.06705691225583914,0.11651275727520659,0.12430615657428765,0.08790944145857683,0.04847620529808316,0.16150205662120148,0.11062519221711048,0.0672177818812342,0.15478120902121634,0.13109087019897733,0.09926154115279258,0.06521001367811258,0.027381324711560965,0.3162938799481738,0.1379395606720354,0.1860872807846107,0.051453051028548774,56,57,756
C:\Users\damba\.cache\kagglehub\datasets\sunnykusawa\ecommerce-products-image-dataset\versions\1\ecommerce products\tshirt\92.jpg,tshirt,exito,8699070.0,965583255.0,895934850.0,154356017835.0,135197700810.0,99292839165.0,27676111616985.0,23389884151440.0,16212791624235.0,14977443008355.0,47177776674.0029,42923554786.97426,-154537247.75869298,69513617537.82425,624031130988.232,349659297655.3906,2540472238.4140625,0.0006234359172256007,0.0005672180343323945,-2.0421494524359523e-06,3.1144963497097975e-07,2.795916467029774e-06,1.5666176567450892e-06,1.1382361893012377e-08,2.9242144058758646,8.48450608454179,9.984213408322011,9.923957260762483,-9.999999999999302,-9.999995328895157,-9.999999999999947,0.31830988618379047,0.03193004825274521,0.027943518252494758,0.0002650918033297854,0.06410566114672173,0.06668954154106324,0.01746840983165118,0.0012829560568243027,0.07206824866735305,0.09592137366779094,0.10100783336819884,0.10100088585240524,0.15611737088118452,0.003839178034163512,0.058956169495464096,0.0019052176164259464,0.12513622318849427,0.13360041487995308,0.1335844788374917,0.13337250250215826,0.3212332800482854,0.008437396609711097,0.31362398444981465,0.005405713191244256,0.4239531922340416,56,57,756
C:\Users\damba\.cache\kagglehub\datasets\sunnykusawa\ecommerce-products-image-dataset\versions\1\ecommerce products\tshirt\93.jpg,tshirt,exito,4985250.0,542351340.0,533239170.0,67930422570.0,64512297510.0,57767184135.0,9339028903800.0,8453677661520.0,7250123854515.0,6960966301065.0,8927368360.121738,7475235693.182608,-244546147.33043522,6358306903.755459,-45928362691.34475,37265464748.578125,-5089128806.8828125,0.000359210952994217,0.0003007814205582858,-9.839815171739138e-06,1.1458404019560474e-07,-8.276821859031424e-07,6.715667512269542e-07,-9.171198380248829e-08,3.180461017053971,8.40879086253739,9.96564825020497,9.999891895150139,10.0,-9.999999994558548,-10.0,0.3183098861837906,0.0493246117186893,0.0022620159291576497,0.06311146118908098,0.10184522526078926,0.06339404782832339,0.04663352241902537,0.08841118664745357,0.010083262601298975,0.14337978949665142,0.12398408263438115,0.04030244157175038,0.1539031476742523,0.08922827863095688,0.04596557243301277,0.0940485298380198,0.13126819148796046,0.1684649111235302,0.05771796439234053,0.1528117398734713,0.2874046910856651,0.08930075948527562,0.12970013445041986,0.203944022960119,0.11673672207417533,56,57,756
C:\Users\damba\.cache\kagglehub\datasets\sunnykusawa\ecommerce-products-image-dataset\versions\1\ecommerce products\tshirt\94.jpg,tshirt,exito,5669415.0,629322660.0,707021415.0,79752597930.0,99581182455.0,78464769645.0,11062404567990.0,15155434466955.0,10059613468665.0,11041179770235.0,9895829570.39401,11409954688.360542,-16801657.288488764,12683098047.840698,-108961091388.91829,117556429079.73828,-8449929743.746094,0.0003078759112454481,0.00035498289172823823,-5.227278331068957e-07,1.657218331956362e-07,-1.423724057312877e-06,1.5360337716811852e-06,-1.1040976283758549e-07,3.1785789062578216,8.63448195478037,9.864454320282942,9.999931938806316,-10.0,9.999999998101815,-10.0,0.3183098861837905,0.0441442274160387,0.07651572271964362,0.0800861952153047,0.0867251659754336,0.02136453872988537,0.0993798267145498,0.08896266790120222,0.014755941846684821,0.1059320513404612,0.054620735726572354,0.007157682832714317,0.07299492575759618,0.02179343186819341,0.027976255777364047,0.00979989222029991,0.04386880181944764,0.06703329748944135,0.006097467589843596,0.006096635776285893,0.0022763748538365248,0.10440551893439179,0.08001076385137769,0.11194575374963281,0.0959062688930017,56,57,756
C:\Users\damba\.cache\kagglehub\datasets\sunnykusawa\ecommerce-products-image-dataset\versions\1\ecommerce products\tshirt\95.jpg,tshirt,exito,7186920.0,806607330.0,690909240.0,132246476160.0,106606770840.0,77563632795.0,24153924149880.0,19289101020060.0,13048913444175.0,11949393254775.0,41718769602.84772,40186721929.28753,21033552.385751832,-52872051803.41455,1313896338161.5867,330774940971.3594,-19414988333.441406,0.0008076921653632975,0.0007780311059725823,4.072180371918401e-07,-3.8182920026779866e-07,9.48864231523219e-06,2.388776808763186e-06,-1.4021036096972159e-07,2.79977257287011,9.008578203398823,9.977181483096127,9.617360595821346,9.999999999983162,-9.999981819104345,-9.999999999998053,0.0,0.0,0.0,0.0,0.0,0.0,0.0,0.0,0.0,0.0,0.0,0.0,0.0,0.0,0.0,0.0,0.0,0.0,0.0,0.0,0.0,0.0,0.0,0.0,0.0,56,57,756
C:\Users\damba\.cache\kagglehub\datasets\sunnykusawa\ecommerce-products-image-dataset\versions\1\ecommerce products\tshirt\96.jpg,tshirt,exito,5122950.0,563756550.0,617946855.0,68456642610.0,86463481125.0,67867931250.0,8946920992380.0,13358719598145.0,8194691504070.0,9480031066590.0,6417886099.02439,11924725992.822048,-134213424.09407629,1073128677.5446723,52415597218.211205,-33231784434.972656,-2489803882.03125,0.0002445410489996997,0.0004543684568914328,-5.113941103254575e-06,1.8065563302353202e-08,8.823893251485906e-07,-5.594398117602844e-07,-4.191455375528148e-08,3.155578990493633,7.354261943640952,9.97233279872681,9.999544815009184,10.0,9.999999904792032,-10.0,0.31830988618379047,0.026247927183178466,0.04463813423191817,0.04148873183310382,0.0558750650959245,0.05558505968392031,0.06857231229693145,0.024196110210867115,0.04289461965247503,0.08144749030272527,0.09121337962463814,0.07206167933803594,0.07029532929087333,0.09699390788011432,0.08557313279940688,0.0713960214174834,0.09259988758052712,0.103373963987346,0.08191003801594134,0.09334020604292828,0.026312833199334095,0.25315072647348674,0.12543618712936888,0.1840652965156884,0.09391051416203706,56,57,756
C:\Users\damba\.cache\kagglehub\datasets\sunnykusawa\ecommerce-products-image-dataset\versions\1\ecommerce products\tshirt\97.jpg,tshirt,exito,4167210.0,357020910.0,530737875.0,34106032230.0,79397557095.0,43877738310.0,3477560162670.0,12905386240275.0,4146388711950.0,6437103276810.0,3518677578.5118103,11802525416.847084,-1592616940.6272178,-47352094067.16829,-213075572672.58157,75519240149.10156,40482078377.74609,0.000202622981003401,0.0006796482002029324,-9.171081603983916e-05,-1.3357516619876786e-06,-6.010632812197351e-06,2.1303165684313627e-06,1.1419559058377984e-06,3.0543978572536137,6.582866316304273,9.558348424704317,9.938945765457316,9.999999999997058,9.999970083692718,9.99999999999833,0.3183098861837905,0.015552409723204347,0.01817185971575135,0.03741738611125804,0.030594851066875796,0.04766203826729199,0.005352986978986926,0.07196622907314823,0.049550571297727886,0.04992320565959818,0.06945978998704021,0.0883893183008827,0.053126719996476765,0.10909315858664492,0.09454655819814543,0.09092206363408167,0.048607841737504175,0.04053408817276081,0.027094388700958365,0.09543719665386483,0.1428911557564772,0.12024032831264463,0.1597139204990086,0.09830556421109958,0.09083050881727367,56,57,756
C:\Users\damba\.cache\kagglehub\datasets\sunnykusawa\ecommerce-products-image-dataset\versions\1\ecommerce products\tshirt\98.jpg,tshirt,exito,4129215.0,429202230.0,604555785.0,53794270620.0,105393285765.0,64286229555.0,7603996601580.0,19745189833725.0,8508619364565.0,11416520237745.0,9181782716.857897,16880651480.525522,1446999560.5820336,103708012531.18062,-628346449474.0968,331823440981.89844,37936853772.52344,0.0005385078251971503,0.000990043349642636,8.486593621951018e-05,2.9932539942545922e-06,-1.8135537204500514e-05,9.577194817109696e-06,1.094945668252172e-06,2.8157199884024116,6.633029638225295,8.638912348918403,9.721341037781869,9.9999999999587,9.999940727590733,-9.999999999831312,0.0,0.0,0.0,0.0,0.0,0.0,0.0,0.0,0.0,0.0,0.0,0.0,0.0,0.0,0.0,0.0,0.0,0.0,0.0,0.0,0.0,0.0,0.0,0.0,0.0,56,57,756
C:\Users\damba\.cache\kagglehub\datasets\sunnykusawa\ecommerce-products-image-dataset\versions\1\ecommerce products\tshirt\99.jpg,tshirt,exito,6376530.0,697533885.0,941717295.0,91826542695.0,154204898715.0,104321520510.0,13531892603265.0,26694714794535.0,14019060962280.0,17144879982300.0,15522734711.16032,15127459464.793856,1306287561.5090368,90821680684.57643,-547217809632.84656,171874001448.54688,-109559229079.59375,0.0003817679103106666,0.00037204646575783503,3.212698547657159e-05,8.845624841042418e-07,-5.329656326400874e-06,1.6739757790023078e-06,-1.0670578115347405e-06,3.122735526721511,8.364206801224,9.650045768122574,9.945397267492659,9.99999999999769,-9.999999809517451,-9.999999999999469,0.3183098861837905,0.009645176461281903,0.017470429950183792,0.0370211549528524,0.014634172161026101,0.046064086047698155,0.00175142297958086,0.0677749539624787,0.04703035460725347,0.028805214015917978,0.05974461356472215,0.09135639810854852,0.06293493040609112,0.09826708703291269,0.09508216708970244,0.09452693087614362,0.029241601255869477,0.01552253958108532,0.04491949822096591,0.1026823591066087,0.160220736719524,0.10486743635865892,0.1639205289627235,0.1152704845148122,0.09620554444873329,56,57,756
C:\Users\damba\.cache\kagglehub\datasets\sunnykusawa\ecommerce-products-image-dataset\versions\1\ecommerce products\tv\1.jpg,tv,exito,7065285.0,834302370.0,789038085.0,126541474890.0,100284915135.0,90869768415.0,21418753800720.0,13856484015255.0,13613924901195.0,11370593597385.0,28023093170.42084,12166587342.070608,-2303591801.291541,-142063420050.04828,-60635951915.91681,26042908944.015625,42996898121.796875,0.0005613796952816735,0.0002437302353873911,-4.614728486958765e-05,-1.0706759632912323e-06,-4.5698925314330417e-07,1.9627513268874243e-07,3.240506620132872e-07,3.0941447625551874,6.960508678557505,9.977708272360754,9.997292288771037,10.0,9.999999480797259,-9.999999999999995,0.0,0.0,0.0,0.0,0.0,0.0,0.0,0.0,0.0,0.0,0.0,0.0,0.0,0.0,0.0,0.0,0.0,0.0,0.0,0.0,0.0,0.0,0.0,0.0,0.0,56,57,756
C:\Users\damba\.cache\kagglehub\datasets\sunnykusawa\ecommerce-products-image-dataset\versions\1\ecommerce products\tv\10.jpg,tv,exito,6271215.0,682956300.0,665055810.0,97248787980.0,79027341210.0,72908857695.0,15684842594730.0,10162319080950.0,10457859221925.0,8725865721555.0,22872561409.919083,8498866199.215628,482054389.56349367,112327182264.07211,-21039823020.741955,39732012740.296875,17281069832.882812,0.0005815826230161027,0.00021610141550037291,1.2257239200030402e-05,1.14052717924746e-06,-2.1363030317362354e-07,4.0342363712090634e-07,1.7546536317933e-07,3.0981690435552096,6.871996841414757,9.989680315370254,9.99238936688092,9.999999999999988,9.99999725511876,9.99999999999999,0.31830988618379047,0.01354162896125151,0.03188379297906567,0.0024598925493649936,0.030254486005824074,0.0665147065118451,0.0030197929561689295,0.006010524789451317,0.0828380553129847,0.04456216154807932,0.11587817734731853,0.1159073264501487,0.09861792187506968,0.021601319523689835,0.007235060643726969,0.027242746572561087,0.039162464819351796,0.14785830909292103,0.14989551016148153,0.13034370373749032,0.21009058337651257,0.050527457045747314,0.1506975256647831,0.05317003052290411,0.3859048715746439,56,57,756
C:\Users\damba\.cache\kagglehub\datasets\sunnykusawa\ecommerce-products-image-dataset\versions\1\ecommerce products\tv\100.jpg,tv,exito,5209140.0,568533210.0,585901770.0,71656061820.0,80275526940.0,64140182130.0,9919225135500.0,12237409335660.0,8112415443990.0,8798245544010.0,9605510121.849422,14375803744.015081,194000218.44037533,1857998312.6475892,-25496065118.402596,10501388036.6875,-6784299374.683594,0.0003539878653592882,0.000529785510151351,7.149409280068699e-06,3.000062077097571e-08,-4.116784044218765e-07,1.6956321107126797e-07,-1.0954433669351495e-07,3.053659036958188,7.505716415643649,9.995783147220653,9.999718030450321,10.0,9.999999957683807,10.0,0.0,0.0,0.0,0.0,0.0,0.0,0.0,0.0,0.0,0.0,0.0,0.0,0.0,0.0,0.0,0.0,0.0,0.0,0.0,0.0,0.0,0.0,0.0,0.0,0.0,56,57,756
C:\Users\damba\.cache\kagglehub\datasets\sunnykusawa\ecommerce-products-image-dataset\versions\1\ecommerce products\tv\101.jpg,tv,exito,4597395.0,465646575.0,493778685.0,63646265745.0,71023268355.0,53921249910.0,9987345140115.0,11832427213995.0,7323186026370.0,7969775142840.0,16483310895.736317,17989454693.061184,3908937833.649402,201920963550.0824,339963630346.50653,-304511057082.7324,-63478911097.921875,0.0007798674814554182,0.0008511269861361965,0.00018494181919983632,4.4555555442565695e-06,7.501582854027292e-06,-6.71929206764051e-06,-1.4007154547653715e-06,2.7875474854765323,6.847736665083449,9.026871463698974,9.958828360463523,-9.999999999998288,9.99999502089334,-9.999999999996444,0.3183098861837905,0.002821774376241231,0.01706956107036957,0.03692981871021191,0.01129164965999201,0.04504480647884192,0.0008883396297044077,0.06581477173919632,0.04522919681061372,0.03667095095464403,0.054512867745700945,0.0940588541710426,0.06155811686995485,0.09492521446782029,0.08980633287870615,0.10156530237539742,0.05113544243463206,0.02133648677824834,0.06316060912447974,0.11079915604918134,0.15172860745608174,0.10544552345392341,0.15777072320857258,0.13960334563570806,0.09498997734491282,56,57,756
C:\Users\damba\.cache\kagglehub\datasets\sunnykusawa\ecommerce-products-image-dataset\versions\1\ecommerce products\tv\102.jpg,tv,exito,5374380.0,570631860.0,655385955.0,76560025980.0,87001616805.0,70327899675.0,11627406390600.0,12306020224965.0,9487976073795.0,9421867893975.0,15972438268.104008,7079700228.341481,741434534.9231384,106755758909.93475,-30195283953.158894,-5684232545.4453125,3526432834.2578125,0.0005529864345309999,0.0002451083623617339,2.5669420850043174e-05,1.5943012492113179e-06,-4.509394099050493e-07,-8.488890098806409e-08,5.2664102904839485e-08,3.0979454661097288,7.010885893580462,9.990967850529973,9.987164432996547,9.999999999999984,9.999997150559334,9.999999999999972,0.3183098861837906,0.020571385983929553,0.0030768845103312254,0.031814354557206624,0.04516135997959937,0.07105865635514735,0.0510852655582193,0.045525165444096655,0.09453304055934648,0.06432418360197027,0.1346689858961395,0.16855001786030607,0.1658032861381558,0.05821273412124798,0.08600153466306137,0.06075674707804649,0.0537716493704031,0.18349022313649085,0.22321535879337984,0.04075344773795234,0.30316615115041395,0.10350755824092202,0.10535819665741104,0.13968841900537401,0.27918160437494155,56,57,756
C:\Users\damba\.cache\kagglehub\datasets\sunnykusawa\ecommerce-products-image-dataset\versions\1\ecommerce products\tv\103.jpg,tv,exito,945030.0,117894660.0,95570940.0,17266465140.0,11883161670.0,9962474130.0,2762920514040.0,1659440950860.0,1279078842300.0,1071195260640.0,2558835904.4036703,2218066834.40367,-1960219834.4036694,-29551910087.359447,9069644480.90516,22004038217.083984,-14782116214.148438,0.0028651756069181713,0.002483610214125338,-0.002194894187651885,-3.4038590505131265e-05,1.044663149014878e-05,2.5344772778357645e-05,-1.7026391834749217e-05,2.2717447838903717,4.71184171007389,8.328630315304625,8.399173304290525,9.999999928637004,9.933478370594582,9.999999999357886,0.0,0.0,0.0,0.0,0.0,0.0,0.0,0.0,0.0,0.0,0.0,0.0,0.0,0.0,0.0,0.0,0.0,0.0,0.0,0.0,0.0,0.0,0.0,0.0,0.0,56,57,756
C:\Users\damba\.cache\kagglehub\datasets\sunnykusawa\ecommerce-products-image-dataset\versions\1\ecommerce products\tv\104.jpg,tv,exito,6310740.0,627987990.0,660655785.0,82874484390.0,82564596915.0,65224066770.0,12392037178140.0,11475942865815.0,8444499525060.0,8248927937550.0,20382777302.679,13402174401.32232,-518444964.6019909,88494396752.00204,26378046520.76273,-128243626876.80078,141392540484.96484,0.0005118029489838466,0.0003365229516828915,-1.301793459394024e-05,8.845350642585134e-07,2.636585810019555e-07,-1.2818436974954518e-06,1.4132720768076584e-06,3.0714372219373405,7.501676432210224,9.892303921605185,9.973398844626447,9.999999999999803,9.999996240860114,-9.999999999999691,0.3183098861837906,0.02096542198408764,0.015251661521101167,0.007654890745195396,0.02520811908149474,0.08646858819611827,0.05173839263195117,0.005611932190445875,0.033602590981811384,0.0070390212792464275,0.09869211595118314,0.0641773749341477,0.13584942352664767,0.013444239093968894,0.03717927933431184,0.02611889691958241,0.02147586108603555,0.028673660152165898,0.01723360816167957,0.036599458532281776,0.2418098461368286,0.03154378830672752,0.1277094485628456,0.0658626226411376,0.08571958042519541,56,57,756
C:\Users\damba\.cache\kagglehub\datasets\sunnykusawa\ecommerce-products-image-dataset\versions\1\ecommerce products\tv\105.jpg,tv,exito,4583625.0,510263160.0,387153240.0,61495458300.0,49337673360.0,43277182200.0,7887959176200.0,7773772106040.0,5166647383440.0,5539112772360.0,4691402022.886227,16636998404.588598,178098909.67009422,-2425861813.1165175,796025067875.1635,-67184038417.48828,16605967034.541016,0.00022329782442902913,0.0007918753350599297,8.47701792950322e-06,-5.3931606775589036e-08,1.76971790858117e-05,-1.4936313032905682e-06,3.691828114004135e-07,2.9934598304418567,6.489900470665729,9.226787174834504,9.440507115965762,9.999999999589445,9.999351650203836,9.999999999997522,0.3183098861837905,0.014688304139270145,0.018048719479562093,0.03649944795900212,0.02090893119780868,0.04273228212487951,0.003610566392493197,0.06111733717663476,0.04227458434141156,0.038732581844470135,0.03984333007253135,0.0963568593704575,0.06005557606372025,0.08334029824287655,0.10824240206378433,0.09756003334764157,0.07343959695757409,0.044490350147878346,0.07832221618974362,0.11417818107216472,0.15125608713720268,0.09767122253398085,0.2021650057433335,0.14332454465776842,0.11882342543859119,56,57,756
C:\Users\damba\.cache\kagglehub\datasets\sunnykusawa\ecommerce-products-image-dataset\versions\1\ecommerce products\tv\106.jpg,tv,exito,6775605.0,767372520.0,539141655.0,125424585090.0,63856318935.0,61830397995.0,22802196214560.0,8987921191605.0,10574139481515.0,7408286983335.0,38515654529.3858,20956279136.909798,769800390.1631538,-126987184087.95947,571786026427.1646,419612215875.41797,53719045590.83203,0.0008389597448848884,0.00045647606962058603,1.676802710053454e-05,-1.0626486463666406e-06,4.784795027609389e-06,3.511380746029145e-06,4.4952938748263877e-07,2.8875840667885835,6.831153721954443,9.857394515799806,9.77159335872162,-9.999999999984652,-9.999884829913668,-9.999999999997273,0.0,0.0,0.0,0.0,0.0,0.0,0.0,0.0,0.0,0.0,0.0,0.0,0.0,0.0,0.0,0.0,0.0,0.0,0.0,0.0,0.0,0.0,0.0,0.0,0.0,56,57,756
C:\Users\damba\.cache\kagglehub\datasets\sunnykusawa\ecommerce-products-image-dataset\versions\1\ecommerce products\tv\107.jpg,tv,exito,5695170.0,601609770.0,667630545.0,99319252320.0,100336169625.0,68562660135.0,18521694827820.0,16335815200215.0,10832166192795.0,10299381414435.0,35768152816.4816,22071509462.61731,-1962549581.7292023,473353351919.56866,-601118972592.9929,-396153339447.0078,160491120185.9336,0.0011027653911401978,0.0006804851480723453,-6.0507227427477873e-05,6.115313503795556e-06,-7.765934170695942e-06,-5.117956504310623e-06,2.0734056504137357e-06,2.748787611632847,6.714296221258774,9.802477496981217,9.477490874558384,9.99999999998346,-9.999929452275255,9.99999999988392,0.0,0.0,0.0,0.0,0.0,0.0,0.0,0.0,0.0,0.0,0.0,0.0,0.0,0.0,0.0,0.0,0.0,0.0,0.0,0.0,0.0,0.0,0.0,0.0,0.0,56,57,756
C:\Users\damba\.cache\kagglehub\datasets\sunnykusawa\ecommerce-products-image-dataset\versions\1\ecommerce products\tv\108.jpg,tv,exito,3178320.0,363614955.0,375542580.0,56771875275.0,45813368340.0,44448141180.0,9926036889045.0,5754830935260.0,7048147359840.0,5597159800890.0,15172591534.013561,1440168223.883186,1484280295.229463,-40569761365.33716,1300917591.5037386,502837662.8105469,5134211781.667969,0.0015019812966833145,0.00014256666249143885,0.00014693345151172837,-2.2527261542244255e-06,7.223634017662812e-08,2.792117863700892e-08,2.850885184592828e-07,2.783953430463829,5.713438920470612,9.959952766989582,9.983461247034805,9.999999999999899,9.99997770544437,9.999999999999984,0.0,0.0,0.0,0.0,0.0,0.0,0.0,0.0,0.0,0.0,0.0,0.0,0.0,0.0,0.0,0.0,0.0,0.0,0.0,0.0,0.0,0.0,0.0,0.0,0.0,56,57,756
C:\Users\damba\.cache\kagglehub\datasets\sunnykusawa\ecommerce-products-image-dataset\versions\1\ecommerce products\tv\109.jpg,tv,exito,5073735.0,583858965.0,428328345.0,80611362195.0,47037668985.0,50864361420.0,12321090338385.0,6309384142305.0,7213924708080.0,5778425857800.0,13423917243.525146,10877883121.047894,1574569148.2587771,-44753631493.86146,501793036800.54553,46269325284.77734,99723693749.61328,0.0005214632480013646,0.00042256043156232005,6.116545024514371e-05,-7.71807208702977e-07,8.653766636406718e-06,7.979463923840974e-07,1.7198038046364265e-06,3.025017065868013,7.604732746410232,9.758538080227865,9.720712826519506,9.999999999971214,-9.999971535662192,-9.999999999985791,0.3183098861837906,0.03404990299852206,0.011859462567426846,0.007633400242269922,0.07603669333338023,0.08377360178682233,0.024612519954604728,0.03577936958768159,0.06824916998017867,0.12402420697096662,0.1253609842653866,0.08797619592687254,0.03093285662669067,0.15530419676222534,0.11561996746147289,0.06856403884147784,0.15793468795838325,0.1359901718797672,0.10159844785909189,0.0654393331976062,0.0011210354234209533,0.3096978558334374,0.1498182695948246,0.18759070524281649,0.054740494973488554,56,57,756
C:\Users\damba\.cache\kagglehub\datasets\sunnykusawa\ecommerce-products-image-dataset\versions\1\ecommerce products\tv\11.jpg,tv,exito,5473830.0,610107135.0,579966135.0,92445130875.0,69117252495.0,65448091665.0,15610655361345.0,8990292573285.0,9977395561845.0,7856073080385.0,24443253546.345615,7668373420.0491495,805697395.9282109,-142015204844.54486,42177710443.16388,2995788202.7148438,-18392021415.410156,0.0008157862888815753,0.00025592967328341915,2.6889910025258914e-05,-2.025846712203572e-06,6.016649845563348e-07,4.273491481120965e-08,-2.623621615444057e-07,2.9699202603228927,6.499720016820353,9.99242848618677,9.976125766902653,9.999999999999972,9.999988967874605,9.999999999999929,0.0,0.0,0.0,0.0,0.0,0.0,0.0,0.0,0.0,0.0,0.0,0.0,0.0,0.0,0.0,0.0,0.0,0.0,0.0,0.0,0.0,0.0,0.0,0.0,0.0,56,57,756
C:\Users\damba\.cache\kagglehub\datasets\sunnykusawa\ecommerce-products-image-dataset\versions\1\ecommerce products\tv\110.jpg,tv,exito,5042115.0,562289535.0,427387395.0,75178594335.0,47702712045.0,47675804445.0,11165508941625.0,6576963258135.0,6345738242805.0,5323663194075.0,12472860497.014105,11475853791.095432,14166501.515699545,-213123134.06450495,588046236269.7751,-29823390298.785156,1522595857.7714844,0.0004906147167546396,0.00045139787770285487,5.57233373226049e-07,-3.7333501742756005e-09,1.0301005230128656e-05,-5.224264360515632e-07,2.6671827701454566e-08,3.025943244663924,8.7853673918943,9.618229562981309,9.708584238051918,9.999999999951804,-9.999983716793215,-9.999999999999998,0.3183098861837906,0.006143758806533122,0.01714511424188475,0.008646304529715527,0.009136678857162463,0.0856347758076247,0.057245486751547746,0.0038850055199709643,0.04454522909703573,0.03324454359093591,0.10321546394357559,0.07009100534925848,0.13833580891011452,0.04379877517513411,0.009504906747468064,0.0380444835112808,0.04615300412312149,0.03728955400646135,0.028541195682466887,0.04305125795464289,0.22973864241921593,0.08571235043864134,0.058049224163106206,0.09515552697157798,0.07675000051653541,56,57,756
C:\Users\damba\.cache\kagglehub\datasets\sunnykusawa\ecommerce-products-image-dataset\versions\1\ecommerce products\tv\111.jpg,tv,exito,5909370.0,676785045.0,677155305.0,98999672295.0,87117394455.0,77731500315.0,16141593307305.0,12182691933165.0,11364426669735.0,10006539485325.0,21489210581.542892,9522099679.136744,178633669.923837,-118794918520.22226,17624178410.54693,-20872690517.722656,-11732378002.390625,0.0006153725158333246,0.00027267816159793793,5.115415964511374e-06,-1.3994097852090925e-06,2.076136591633066e-07,-2.45881286152571e-07,-1.3820797038151482e-07,3.051562201194676,6.929429883993697,9.991982194452104,9.98984540037164,9.999999999999984,9.999996478218012,9.999999999999986,0.0,0.0,0.0,0.0,0.0,0.0,0.0,0.0,0.0,0.0,0.0,0.0,0.0,0.0,0.0,0.0,0.0,0.0,0.0,0.0,0.0,0.0,0.0,0.0,0.0,56,57,756
C:\Users\damba\.cache\kagglehub\datasets\sunnykusawa\ecommerce-products-image-dataset\versions\1\ecommerce products\tv\112.jpg,tv,exito,5866530.0,641250285.0,684023475.0,91480027275.0,87721955595.0,77105804775.0,14740761905925.0,11997984525285.0,11143039481475.0,10131412238685.0,21387156700.302315,7966441798.756635,2337543419.404724,65880123897.369194,-87923721162.06827,-34332306878.01172,-2278064008.4648438,0.0006214274878608073,0.00023147377576004244,6.791990890802732e-05,7.903167155005691e-07,-1.054757981810179e-06,-4.1186012414999943e-07,-2.732830417372502e-08,3.069101191238228,6.7679793437724545,9.996567013429646,9.988289522247994,-9.999999999999982,-9.999996022840152,9.999999999999998,0.3183098861837905,0.006952880567015006,0.017259847985580827,0.03693201156357963,0.008228453105364684,0.04540212648672001,0.0009134400099314523,0.06640896444905703,0.045967905372212355,0.026538792682095427,0.05596090610714946,0.09269007557870719,0.06438379264836097,0.09523782816697848,0.09450430228241473,0.09690525573355917,0.036124099140221404,0.013942425724963535,0.05353890039803511,0.10629148137367422,0.16099627915515025,0.10262397904478343,0.16505337465524095,0.1250715639576125,0.09792409016682246,56,57,756
C:\Users\damba\.cache\kagglehub\datasets\sunnykusawa\ecommerce-products-image-dataset\versions\1\ecommerce products\tv\113.jpg,tv,exito,6061860.0,680911965.0,668633970.0,98298388125.0,80997351870.0,75061701060.0,15953647907385.0,10533715758750.0,10858518641730.0,9092708633070.0,21813430689.466812,7245832396.115601,-44103161.550982684,11577235538.616682,1106905648.1805737,25939077729.70703,4229473603.5390625,0.0005936249830910641,0.00019718618290069371,-1.2002118741737686e-06,1.2796467972465984e-07,1.223477109732957e-08,2.8670797643904764e-07,4.674891801894251e-08,3.1019271523032286,6.803355537214711,9.996888306464134,9.999479629242323,10.0,-9.999999897602201,-10.0,0.3183098861837905,0.019174428066655175,0.018764589861488837,0.037697682074054537,0.043659120511464485,0.04894375146343193,0.009903084935810666,0.07450065875023218,0.05130658825112939,0.07190287135339941,0.078203850520752,0.0874932852293205,0.036591166017963944,0.1158351653299437,0.08657942343452153,0.0947155491535007,0.06857585034384876,0.060878613685195176,0.02438999475289882,0.0938336268453291,0.10981779465516814,0.13081101954283506,0.13938697193823973,0.10106567832177568,0.07921084527249506,56,57,756
C:\Users\damba\.cache\kagglehub\datasets\sunnykusawa\ecommerce-products-image-dataset\versions\1\ecommerce products\tv\114.jpg,tv,exito,5445270.0,591148395.0,586146060.0,83469869865.0,69660263520.0,62949428265.0,13426440270975.0,8944407540000.0,8840591954535.0,7426480372455.0,19293727100.531754,6565650460.679961,-683651932.0469218,175675622087.3756,32462071999.473938,4068537818.0859375,11216629359.863281,0.0006506947365081605,0.00022143125453448975,-2.305665004323121e-05,2.5390014742576367e-06,4.691672508956769e-07,5.8801690271262056e-08,1.6211149926499063e-07,3.059420720703634,6.729336129456161,9.981719225027957,9.968289604071106,9.99999999999986,9.999987489333979,-9.999999999999876,0.0,0.0,0.0,0.0,0.0,0.0,0.0,0.0,0.0,0.0,0.0,0.0,0.0,0.0,0.0,0.0,0.0,0.0,0.0,0.0,0.0,0.0,0.0,0.0,0.0,56,57,756
C:\Users\damba\.cache\kagglehub\datasets\sunnykusawa\ecommerce-products-image-dataset\versions\1\ecommerce products\tv\115.jpg,tv,exito,6071805.0,691994010.0,680103105.0,101772195240.0,83707269255.0,77224001610.0,16790350274400.0,11046908773635.0,11324375121510.0,9490821823050.0,22906732683.82764,7528895043.27202,-286273315.2324595,-29753978353.57402,-15769214820.38554,-9880037649.894531,14967743944.910156,0.0006213374301135276,0.00020421874923628075,-7.76506752192536e-06,-3.2752956172830684e-07,-1.7358633381878482e-07,-1.0875871330128937e-07,1.64763802543705e-07,3.0832533149173216,6.758629915060605,9.996976119320008,9.999538974460057,-10.0,-9.999999897380647,-10.0,0.31830988618379047,0.027292087918488396,0.02923786974954605,0.0010029660422599793,0.05565013732391563,0.06667624179554657,0.010931335054975424,0.004009393192867067,0.07460793426311975,0.08273225699728302,0.10437828628224308,0.10432804498360444,0.1378399684791334,0.01199823647248051,0.0445392202261343,0.007899664569335458,0.09982159341923366,0.13514838240180463,0.13514399819559947,0.1331824683371584,0.28332255368019754,0.02598318038911607,0.2767103703666379,0.019271499575515744,0.414915131407562,56,57,756
C:\Users\damba\.cache\kagglehub\datasets\sunnykusawa\ecommerce-products-image-dataset\versions\1\ecommerce products\tv\116.jpg,tv,exito,4106265.0,468986820.0,462906090.0,73975578030.0,56262287610.0,52768328355.0,13039425009690.0,7254116185770.0,8302369558215.0,6397551373545.0,20411417574.27871,4078113388.636281,-101336683.11463316,-71989557479.36975,-7890191953.085411,-13872682320.046875,-5457837168.621094,0.0012105402128464262,0.00024186072483826866,-6.009976009766377e-06,-2.106939526041016e-06,-2.309245656742708e-07,-4.0601586863057677e-07,-1.597361236809792e-07,2.8379134494723264,6.027526654615921,9.984539980212848,9.976568460178763,9.999999999999897,9.99998024350098,-9.99999999999997,0.0,0.0,0.0,0.0,0.0,0.0,0.0,0.0,0.0,0.0,0.0,0.0,0.0,0.0,0.0,0.0,0.0,0.0,0.0,0.0,0.0,0.0,0.0,0.0,0.0,56,57,756
C:\Users\damba\.cache\kagglehub\datasets\sunnykusawa\ecommerce-products-image-dataset\versions\1\ecommerce products\tv\117.jpg,tv,exito,3863505.0,454088190.0,483558795.0,63535540410.0,66619039425.0,56066750295.0,9797309440680.0,9809570829825.0,7747542789465.0,7670128544595.0,10165327534.003702,6096506589.698371,-767222478.4611516,-59711297430.7469,-54596859581.04453,-24259247076.929688,32264823007.035156,0.0006810177307655348,0.00040843042877126854,-5.1399436912008173e-05,-2.035179930264875e-06,-1.8608611377721576e-06,-8.26844079741621e-07,1.0997034575178041e-06,2.96279339059555,7.070726992782667,9.889953850276143,9.966178823506917,-9.999999999999517,-9.999990239381038,9.999999999999766,0.3183098861837906,0.013330909388412415,0.016485533536456858,0.008477910018568704,0.0370981009613788,0.08475810311317444,0.05065683565588178,0.016284416538630563,0.05543386879785838,0.07106506311774217,0.11103473507641319,0.07761548613750616,0.11047015805185485,0.08940726102077105,0.055905094660763,0.051217195729277985,0.08311405880017148,0.06768435356447848,0.053927294158343485,0.05199089449985904,0.16498218487452834,0.17010136054308797,0.02703145576755134,0.13182410314373494,0.06630166789820424,56,57,756
C:\Users\damba\.cache\kagglehub\datasets\sunnykusawa\ecommerce-products-image-dataset\versions\1\ecommerce products\tv\118.jpg,tv,exito,7317225.0,919998435.0,870803325.0,144522912345.0,131120179155.0,104500480785.0,24845262310335.0,21198639259575.0,16001058410595.0,15608931270645.0,28851039414.695244,27488210638.102467,-4986065848.8395195,-580589074353.6008,-948218111448.8063,55575382092.94531,309880854695.9453,0.0005388509402995542,0.0005133973835947561,-9.312476519213997e-05,-4.008693345506574e-06,-6.546998215020864e-06,3.837217650332337e-07,2.139580944582102e-06,2.977881716085539,7.450545856475391,9.571876311896656,9.849306306363452,-9.999999999996318,-9.999977551508211,9.99999999998542,0.3183098861837905,0.048940502713962025,0.07441182957440243,0.08112949293341225,0.09644367067279802,0.02379269226134497,0.08898712625143775,0.09498799254053689,0.013915844195253551,0.12039663181376312,0.06178319424179459,0.0078070379185080085,0.046570837524760815,0.03931922193860615,0.031829099898347105,0.009409108594803895,0.061417702269020547,0.08019144481536322,0.0075908758602299,0.006676280141718494,0.038720865576424686,0.07352294394433789,0.0903696590415717,0.11155670506834509,0.09547676715570484,56,57,756
C:\Users\damba\.cache\kagglehub\datasets\sunnykusawa\ecommerce-products-image-dataset\versions\1\ecommerce products\tv\119.jpg,tv,exito,5756880.0,727665960.0,624566910.0,114368283870.0,76859915670.0,79108294020.0,19640469049770.0,10352194591170.0,12447466612290.0,9666003668700.0,22391770664.457832,9100326262.725904,163434973.1927725,-476220141097.4781,39024029915.01219,-1724232754.6289062,-84502937988.94922,0.0006756380250433533,0.0002745886672177188,4.931404673872041e-06,-5.988800103200403e-06,4.907543680192284e-07,-2.1683428330154246e-08,-1.0626833266284888e-06,3.0221727285294198,6.793072002805855,9.96596094725856,9.824072512108543,9.99999999999596,9.999914070058493,9.999999999998314,0.31830988618379047,0.0092827715494637,0.08067359523886784,0.030232609073700293,0.027544530515760134,0.04134540020780441,0.11303106790913862,0.048372426522698006,0.08303528478346783,0.06824784942013642,0.06420751653980084,0.04762798071834277,0.0930375086954588,0.06293725111147849,0.20196421224015232,0.07062248677624594,0.12564901614634236,0.11450789007329816,0.05163284751890352,0.08328945556010718,0.028509282430171718,0.07343291137760594,0.32341167746567806,0.08134354585149017,0.17982217607603035,56,57,756
C:\Users\damba\.cache\kagglehub\datasets\sunnykusawa\ecommerce-products-image-dataset\versions\1\ecommerce products\tv\12.jpg,tv,exito,4531095.0,446866590.0,372717435.0,54186009780.0,37831070445.0,35590934205.0,7443493322970.0,4435250478915.0,4222207799475.0,3575247042945.0,10115040343.643427,7172192987.5688,-1167281902.1433368,104414228789.01755,143417646703.80832,-4768684515.626953,36299214036.23633,0.0004926758603913361,0.0003493378405815017,-5.685509853839658e-05,2.38919592646577e-06,3.281668229149307e-06,-1.0911656152111213e-07,8.305949803501007e-07,3.07468079016635,7.473973671583013,9.94678500656292,9.919257605223033,-9.999999999998982,-9.99999009904579,9.99999999999897,0.3183098861837905,0.008557030298581977,0.017377093257083233,0.036848060481352786,0.02644950829319411,0.04598260849361207,0.0037675389731786552,0.06640046573023556,0.04632352811240027,0.05234020790704091,0.061019697603687514,0.09402234787016346,0.05034075269166372,0.09738067206380517,0.08157070083265922,0.10593614954557745,0.053306723294244615,0.02372360187587873,0.0644338503240083,0.11163973420547788,0.13019733777001619,0.10829718116840902,0.1360325380456828,0.14603656752205882,0.0829261098803452,56,57,756
C:\Users\damba\.cache\kagglehub\datasets\sunnykusawa\ecommerce-products-image-dataset\versions\1\ecommerce products\tv\120.jpg,tv,exito,6218175.0,690318405.0,646777920.0,98546893275.0,74627536530.0,71808817275.0,15806205603315.0,9293457010260.0,10260441411465.0,8286340172535.0,21910339900.136154,7353508732.531066,5964810.471809595,1093014968.2711735,1403149271.2089279,8849924932.613281,230855590.859375,0.0005666608832320092,0.00019018170289564757,1.5426619512398157e-07,1.1336232866682377e-08,1.4552798769352022e-08,9.178722414702763e-08,2.394324700508721e-09,3.120994381591859,6.848211478367714,9.999704612947227,9.999950073211641,-10.0,-9.999999981822935,-10.0,0.31830988618379047,0.02879324826235567,0.028841119195126275,0.0006683227719438242,0.058402245511260574,0.0666803711397857,0.012955474345011419,0.0010386173767427734,0.07370287614288347,0.08693042469497149,0.10311122380542728,0.10314701585592384,0.14349464593834102,0.0015351363536331797,0.049656241004372194,0.005098699321334801,0.10721803524818026,0.13422092123051615,0.13444462379349317,0.13323614919574311,0.2946870531664528,0.0026701088339997395,0.28984362582251566,0.006780420855205492,0.41806206931104956,56,57,756
C:\Users\damba\.cache\kagglehub\datasets\sunnykusawa\ecommerce-products-image-dataset\versions\1\ecommerce products\tv\121.jpg,tv,exito,5910900.0,682023510.0,617412120.0,100617949980.0,72514054710.0,71536993395.0,16539400352700.0,9225805065540.0,10559222023335.0,8469492594495.0,21923323409.981888,8023414380.626403,297489901.63330966,-129508168886.56973,-24658114865.548172,-19290897033.945312,40380638728.83203,0.0006274789576464935,0.00022964235842222154,8.514614773334735e-06,-1.5246253368724708e-06,-2.9028583298443255e-07,-2.2710065814235325e-07,4.753780819725228e-07,3.0669576534633745,6.799521726104298,9.963132165758456,9.994096514724957,9.999999999999993,9.99999848006323,-9.99999999999998,0.3183098861837907,0.5720914858395311,0.6404335024354034,0.7505145256603384,0.6023553002946411,0.8511972222578114,0.3701445035599863,0.5226022371675495,0.8799425360900126,0.19347926289432388,0.5070722566907314,0.8508585507712356,0.1286385490229562,0.31510824753386546,0.6250365171555794,0.7875547657047478,0.3021206919593049,0.49302055975663545,0.8214036196177424,0.7251840910013254,0.31266748750869117,0.35459327522412615,0.5874440513518038,1.0201213811053544,0.7073248237648289,56,57,756
C:\Users\damba\.cache\kagglehub\datasets\sunnykusawa\ecommerce-products-image-dataset\versions\1\ecommerce products\tv\122.jpg,tv,exito,3646245.0,471554160.0,423940815.0,75724388430.0,55143879795.0,52424786235.0,13093136677140.0,7673423870835.0,8216081111895.0,6668473524075.0,14740190765.46961,5853221975.005944,-2401769552.4033175,-512571915377.4888,-99114927702.72627,32996843340.21875,95434786168.98828,0.0011086932691622773,0.00044025399059311794,-0.00018065069707689214,-2.019017997877869e-05,-3.9041316327835e-06,1.299743871608617e-06,3.7591710571366127e-06,2.8099633412828986,6.238485789891859,8.93888385605304,9.423934186103079,9.999999999510344,9.999370694921003,-9.999999999575136,0.0,0.0,0.0,0.0,0.0,0.0,0.0,0.0,0.0,0.0,0.0,0.0,0.0,0.0,0.0,0.0,0.0,0.0,0.0,0.0,0.0,0.0,0.0,0.0,0.0,56,57,756
C:\Users\damba\.cache\kagglehub\datasets\sunnykusawa\ecommerce-products-image-dataset\versions\1\ecommerce products\tv\123.jpg,tv,exito,4955670.0,553262790.0,366437040.0,74211994650.0,35106179970.0,41097242025.0,11049001028490.0,4035360685830.0,5471300442585.0,3957346575135.0,12444420376.776787,8010730861.41093,187339002.8573655,-14852030067.33397,254830165416.36636,-57986021371.478516,10304303189.628906,0.0005067221814103436,0.00032618755184134007,7.628224161269472e-06,-2.716626123984536e-07,4.661169425397411e-06,-1.060638443159044e-06,1.8847887532877835e-07,3.079402010646928,7.4824674670268365,9.789909755867532,9.947034015343172,9.999999999998424,-9.99998980154501,-9.999999999999721,0.31830988618379047,0.028681709225537404,0.044008150204618735,0.042094058009093945,0.06032484395242746,0.05680281487066406,0.06579481505876286,0.028333542745956203,0.041616103136438855,0.08499021039638674,0.09310368134217711,0.07107227494028698,0.06505547939592315,0.08264101986411446,0.08050808950932288,0.06889691682291531,0.08470847090256849,0.10046897660164728,0.07417566820001233,0.09099537705874189,0.025607997937310514,0.22373122666705705,0.11467094949792583,0.17603506628535406,0.0877516729227728,56,57,756
C:\Users\damba\.cache\kagglehub\datasets\sunnykusawa\ecommerce-products-image-dataset\versions\1\ecommerce products\tv\124.jpg,tv,exito,5786460.0,670702275.0,630500250.0,96459697365.0,75998036070.0,72554979915.0,15404122307115.0,9850462401090.0,10420578215805.0,8672064519525.0,18719327313.159042,7297904167.236913,-525617213.99920803,-115889807256.79575,-20761377434.66801,32050863824.691406,-22241173077.98047,0.0005590676044179822,0.00021795771460126327,-1.569797630841258e-05,-1.438841157818883e-06,-2.5776489799331207e-07,3.9793061276241013e-07,-2.761374445283239e-07,3.109564773786955,6.930177808523274,9.989362407585022,9.987328099937535,9.999999999999979,9.999995606489465,-9.999999999999972,0.31830988618379047,0.015944314859974027,0.031549941607313774,0.0023685718361050163,0.03464626743447969,0.06655211407527871,0.0012136574717239198,0.007099467876345993,0.08161658705964618,0.05117243566732872,0.11422299819238192,0.11406816493592478,0.10372542125790639,0.02383333600794621,0.006302336432373235,0.024680962831828995,0.04951448936335388,0.14567436971866451,0.14668933268249423,0.13114717859563127,0.21911187167034976,0.052873083704872016,0.17030499885292968,0.05310583772166652,0.39031831410466356,56,57,756
C:\Users\damba\.cache\kagglehub\datasets\sunnykusawa\ecommerce-products-image-dataset\versions\1\ecommerce products\tv\125.jpg,tv,exito,6212565.0,708769695.0,670289430.0,105541233705.0,80251449840.0,75749659950.0,17528433367665.0,10351724608830.0,11243259736260.0,9017301541140.0,24680191518.657795,7932219382.093332,-721304114.4120243,-143747390758.92273,-18462936321.44354,20729849285.273438,17342493791.14453,0.0006394500625994826,0.0002055194011196336,-1.8688589218010945e-05,-1.4942477349974533e-06,-1.9192140207947916e-07,2.1548586153683408e-07,1.8027445179916472e-07,3.073158934301077,6.721720101276606,9.979454787554616,9.992563416843083,9.999999999999979,9.999996737304834,-9.999999999999993,0.31830988618379075,0.13507239658513945,0.06363021920508102,0.11423881142980177,0.05127745101754156,0.06390151156974479,0.024278641272419937,0.05084573382064685,0.12017170527022474,0.058804302390970724,0.1622851569707474,0.09044825160884079,0.04059636261242498,0.11653562221138462,0.07103261145627121,0.14689003793803637,0.045981286069332265,0.12043327560798525,0.2024548924323552,0.13007633890506445,0.22495159344749738,0.06779943173113644,0.05784130534885436,0.12152462566209879,0.3302575216630549,56,57,756
C:\Users\damba\.cache\kagglehub\datasets\sunnykusawa\ecommerce-products-image-dataset\versions\1\ecommerce products\tv\126.jpg,tv,exito,7505415.0,818933520.0,723664755.0,119540960400.0,82453594905.0,76221529545.0,19649503676820.0,10467418012695.0,11039205600525.0,8347142360295.0,30185193906.129856,12678548804.389975,-2739237462.832024,18952444221.729973,72416752356.31126,110952723738.72266,-121334532368.6836,0.0005358516203716158,0.00022507130290169597,-4.862731170804556e-05,1.2280850653922388e-07,4.6924782372411183e-07,7.189541432966608e-07,-7.862264379994044e-07,3.118659275238015,6.9741091838660925,9.96255029437115,9.99203066348377,9.999999999999973,-9.99999935438381,9.99999999999998,0.3183098861837906,0.02762546295433323,0.013726650995900962,0.008438733435240355,0.06326197483866369,0.08416001669028345,0.03517881928713649,0.024932920150360922,0.06312037980453085,0.1032858735706394,0.1189126657727099,0.08303550647232437,0.06407528167607823,0.1200971120734727,0.09086774146469574,0.06117476147734302,0.11928391780880247,0.1035534024492182,0.07824276704234243,0.058938090335113415,0.07464447432621221,0.23521542449600033,0.09592547899490754,0.16090723759039957,0.06109720728469143,56,57,756
C:\Users\damba\.cache\kagglehub\datasets\sunnykusawa\ecommerce-products-image-dataset\versions\1\ecommerce products\tv\127.jpg,tv,exito,6071805.0,691994010.0,680103105.0,101772195240.0,83707269255.0,77224001610.0,16790350274400.0,11046908773635.0,11324375121510.0,9490821823050.0,22906732683.82764,7528895043.27202,-286273315.2324595,-29753978353.57402,-15769214820.38554,-9880037649.894531,14967743944.910156,0.0006213374301135276,0.00020421874923628075,-7.76506752192536e-06,-3.2752956172830684e-07,-1.7358633381878482e-07,-1.0875871330128937e-07,1.64763802543705e-07,3.0832533149173216,6.758629915060605,9.996976119320008,9.999538974460057,-10.0,-9.999999897380647,-10.0,0.31830988618379047,0.027292087918488396,0.02923786974954605,0.0010029660422599793,0.05565013732391563,0.06667624179554657,0.010931335054975424,0.004009393192867067,0.07460793426311975,0.08273225699728302,0.10437828628224308,0.10432804498360444,0.1378399684791334,0.01199823647248051,0.0445392202261343,0.007899664569335458,0.09982159341923366,0.13514838240180463,0.13514399819559947,0.1331824683371584,0.28332255368019754,0.02598318038911607,0.2767103703666379,0.019271499575515744,0.414915131407562,56,57,756
C:\Users\damba\.cache\kagglehub\datasets\sunnykusawa\ecommerce-products-image-dataset\versions\1\ecommerce products\tv\128.jpg,tv,exito,5484030.0,621623955.0,615858660.0,85819459755.0,75658826910.0,69711475935.0,13200533861025.0,9958112537580.0,9631352742015.0,8555272040415.0,15357346777.893381,6497664571.902727,-97131229.84050663,-8806947400.119085,2217009888.227542,15814663604.90625,1033461058.7265625,0.0005106420174046665,0.0002160516782880367,-3.229678138814311e-06,-1.2504774019111134e-07,3.1478793265014133e-08,2.2454862687716294e-07,1.467386644860881e-08,3.138648547675084,7.06085434545084,9.998089132002724,9.999662543477337,-10.0,-9.999999933307455,10.0,0.3183098861837905,0.01417272980872173,0.01797859909262517,0.037369058005920316,0.031976111365558876,0.04774423997335204,0.005512122917664195,0.07135064821414605,0.049432002788643015,0.05419718959810964,0.07055257952962408,0.08937983745426523,0.049640634319321836,0.10720965678601241,0.08766709287114147,0.09583944244748181,0.045135288096038687,0.039978761600395304,0.03445988996468569,0.09842309788617577,0.13470480471385524,0.11590548752403448,0.14397391628483888,0.10965707134144007,0.08406530971307168,56,57,756
C:\Users\damba\.cache\kagglehub\datasets\sunnykusawa\ecommerce-products-image-dataset\versions\1\ecommerce products\tv\129.jpg,tv,exito,6984705.0,887206200.0,803166105.0,137317285290.0,103725837705.0,99031240785.0,23364170751120.0,14455589660265.0,15244760265705.0,12587480780385.0,24623214270.760105,11370356375.313053,-2987949429.311267,-333391795379.8843,-86706219407.9722,213812694175.46094,99255880132.8125,0.0005047177840342551,0.0002330654727007992,-6.12459120156065e-05,-2.5857393044547427e-06,-6.724810945284522e-07,1.6583008183836336e-06,7.698144765836888e-07,3.132071146018477,7.051102024065326,9.807277156809944,9.981843027608068,9.999999999999769,9.999995351524378,9.99999999999983,0.31830988618379047,0.02858456563785555,0.028897544175840777,0.000737845025783176,0.05801717753918172,0.06668030970995577,0.012666695489421669,0.0021653539785025135,0.07383871740229511,0.08634939646767033,0.10330862333586723,0.10332107326068064,0.14268859385084012,0.0060551101177432134,0.04889768965610508,0.005654891712610922,0.1062584335863865,0.13438702587549606,0.1345369978852745,0.13323687544304644,0.29308652873187196,0.013053090593906778,0.2878921691452149,0.010813909115154646,0.41759879496763924,56,57,756
C:\Users\damba\.cache\kagglehub\datasets\sunnykusawa\ecommerce-products-image-dataset\versions\1\ecommerce products\tv\13.jpg,tv,exito,6649890.0,694601130.0,682945845.0,93560089560.0,86852438745.0,68654172240.0,14354735587680.0,12462431437995.0,9213215650770.0,8324596058190.0,21006899988.85268,16713680479.41004,-2681587549.3806977,193632641407.9102,109657265015.27321,164764181822.03906,-196604133967.4922,0.00047504313350011805,0.0003779576782615196,-6.064053967452069e-05,1.6980184949055587e-06,9.616150600581935e-07,1.4448629425161344e-06,-1.724076339734599e-06,3.0690505046204763,7.615562606001238,9.799759109771108,9.975547930308938,-9.99999999999981,-9.999997624595082,9.999999999999577,0.3183098861837905,0.00973928219269663,0.017479026236721967,0.03679770315743747,0.01678601890982363,0.04291847722677629,0.0019935212563704403,0.06268981376545342,0.042340291795983004,0.04416926399120854,0.041693414627475354,0.09664117702383154,0.06053535528456732,0.0882668681707161,0.10069807128335184,0.10163846104709973,0.08044731619168573,0.04689265293643718,0.08053124597130082,0.11672223776604468,0.14664546432191988,0.10633388915042187,0.18920726615978434,0.15333086565937415,0.11231788870600337,56,57,756
C:\Users\damba\.cache\kagglehub\datasets\sunnykusawa\ecommerce-products-image-dataset\versions\1\ecommerce products\tv\130.jpg,tv,exito,5185425.0,580486335.0,569906895.0,80242502145.0,67759022025.0,63782486745.0,12399693217305.0,8574010363515.0,8824383009075.0,7581123956085.0,15259519048.776987,5123101349.541184,-16172915.448239824,408577308.24695855,804615427.0392762,8909073639.011719,-656176965.6367188,0.0005675081872664171,0.00019053037980861355,-6.014777988418469e-07,6.672880539082209e-09,1.3140971160567813e-08,1.4550290216087683e-07,-1.071667568367429e-08,3.120308640714896,6.847058520281342,9.999215732324666,9.999890640045386,-10.0,-9.999999958828782,10.0,0.31830988618379047,0.012574313957969733,0.03200283896777253,0.002439243572773715,0.02866828841281584,0.06650513519481585,0.0036253668812071325,0.004991007679574348,0.0830555225100383,0.042140677044203836,0.1160876865459356,0.116268308665938,0.09692872981517565,0.01884216108024142,0.007774427104275539,0.02743508849379391,0.03315489637599697,0.1478848941806694,0.1505352936203225,0.1300679998980804,0.20669264224316564,0.046298063909808604,0.14709968292736364,0.04941431961755459,0.3850185473135172,56,57,756
C:\Users\damba\.cache\kagglehub\datasets\sunnykusawa\ecommerce-products-image-dataset\versions\1\ecommerce products\tv\131.jpg,tv,exito,6289065.0,731911455.0,652826265.0,103130672295.0,78262152765.0,76038320205.0,16017746506155.0,10310394489585.0,10722213684765.0,9173437320765.0,17951972764.90816,10496573577.338522,63430220.81863507,-162882796854.3097,7357912920.969862,2136501319.6835938,52243004924.13281,0.0004538789212480824,0.0002653843983874775,1.603703424504222e-06,-1.6421393557297306e-06,7.418044518454752e-08,2.1539616020708738e-08,5.266995416602259e-07,3.1431120265258476,7.448056545675761,9.957098164733832,9.994590520571078,9.99999999999998,9.999998991942643,9.999999999999995,0.3183098861837905,0.018416817242809247,0.018630383217753486,0.036127801140139706,0.04782333229166267,0.04539281251637009,0.012435798155845846,0.06335045126943471,0.04469069736921003,0.08527671912378755,0.06025014936936257,0.09830564315064846,0.019593941920337532,0.10142171668993587,0.0741664362093055,0.11928665093388313,0.10520841200730659,0.03712115992352037,0.09516567701911659,0.12608002153398923,0.06305765542481483,0.13606570719681974,0.12126432360110427,0.1909322735984637,0.07336196004037686,56,57,756
C:\Users\damba\.cache\kagglehub\datasets\sunnykusawa\ecommerce-products-image-dataset\versions\1\ecommerce products\tv\132.jpg,tv,exito,5374380.0,597193170.0,632252355.0,81491966190.0,80215885245.0,70217780985.0,12417785601180.0,10810217089725.0,9572754431535.0,8905010063205.0,15132742931.754608,5836507455.739469,-37167143.41952359,-537454308.851378,230910427.35471436,-5856609889.457031,284166281.71875,0.0005239150978730633,0.00020206742351342236,-1.2867744909246334e-06,-8.026396746602278e-09,3.448439564727604e-09,-8.746320159441795e-08,4.243767854342682e-09,3.139073775341624,6.984252450926272,9.999691323097878,9.999969284355954,-10.0,-9.999999990146787,-10.0,0.3183098861837906,0.03633028480220989,0.011103153826006417,0.010239881784815696,0.07834132203481119,0.0840552508196057,0.022464718248516483,0.016330677453095473,0.06449966148903225,0.11661543523529237,0.12040176085416225,0.0816286412931868,0.03320390626042983,0.09605159235682163,0.09612257600829864,0.06219159429954083,0.11489106651875511,0.10834866666022556,0.07587211784801973,0.05743030453156118,0.03307595528698445,0.1959504264229071,0.11023521501676993,0.1566430732362571,0.0680286933533057,56,57,756
C:\Users\damba\.cache\kagglehub\datasets\sunnykusawa\ecommerce-products-image-dataset\versions\1\ecommerce products\tv\133.jpg,tv,exito,2533935.0,314738595.0,305402535.0,45641507265.0,39317222685.0,36754887570.0,7113653491545.0,5307830448075.0,5228915780400.0,4636956189600.0,6548009135.579145,2508579849.0842304,-1178983967.8801482,-182100448878.5241,-35571323272.32668,20854600931.83203,37580893016.17969,0.0010198078159697715,0.0003906942223369545,-0.00018361872142392592,-1.7816497887954017e-05,-3.4802572418473567e-06,2.04039010197041e-06,3.6768712277960524e-06,2.8506262511221507,6.2751122448427905,8.989554487085508,9.519989807800094,9.999999999692744,9.99952461887242,-9.999999999777968,0.0,0.0,0.0,0.0,0.0,0.0,0.0,0.0,0.0,0.0,0.0,0.0,0.0,0.0,0.0,0.0,0.0,0.0,0.0,0.0,0.0,0.0,0.0,0.0,0.0,56,57,756
C:\Users\damba\.cache\kagglehub\datasets\sunnykusawa\ecommerce-products-image-dataset\versions\1\ecommerce products\tv\134.jpg,tv,exito,5151510.0,553436955.0,554029575.0,74864636295.0,66388701495.0,58304760600.0,11362883628015.0,8642786473185.0,7781910457560.0,6898461040980.0,15407804577.761364,6804468915.68236,-1215737461.334271,9444879805.272219,39278352849.5782,-8340275077.203125,27688823947.027344,0.0005805928284924164,0.00025640420309112867,-4.5811098383155144e-05,1.5680505801494606e-07,6.521040525970057e-07,-1.3846627424643566e-07,4.5969326607583163e-07,3.0772760303455367,6.944648844306064,9.988710784696101,9.997212568553245,-10.0,-9.999999911665281,9.999999999999996,0.3183098861837907,0.5207375013668142,0.5881755323850135,0.5065514374913748,0.4428054336933644,0.26464259313769367,0.2305407367114299,0.13954905022751243,0.13097563532216722,0.09477996636976992,0.2981276674069561,0.5073408029368781,0.23351284694694463,0.3612275504135659,0.6071311066184929,0.7226734705925743,0.33559491980873174,0.49348053676342774,0.7359228328481406,0.6704623383731961,0.24513201277369442,0.32010660273879843,0.4201716899151697,0.6508119863676167,0.34910918284329306,56,57,756
C:\Users\damba\.cache\kagglehub\datasets\sunnykusawa\ecommerce-products-image-dataset\versions\1\ecommerce products\tv\135.jpg,tv,exito,5151510.0,553436955.0,554029575.0,74864636295.0,66388701495.0,58304760600.0,11362883628015.0,8642786473185.0,7781910457560.0,6898461040980.0,15407804577.761364,6804468915.68236,-1215737461.334271,9444879805.272219,39278352849.5782,-8340275077.203125,27688823947.027344,0.0005805928284924164,0.00025640420309112867,-4.5811098383155144e-05,1.5680505801494606e-07,6.521040525970057e-07,-1.3846627424643566e-07,4.5969326607583163e-07,3.0772760303455367,6.944648844306064,9.988710784696101,9.997212568553245,-10.0,-9.999999911665281,9.999999999999996,0.3183098861837907,0.5207375013668142,0.5881755323850135,0.5065514374913748,0.4428054336933644,0.26464259313769367,0.2305407367114299,0.13954905022751243,0.13097563532216722,0.09477996636976992,0.2981276674069561,0.5073408029368781,0.23351284694694463,0.3612275504135659,0.6071311066184929,0.7226734705925743,0.33559491980873174,0.49348053676342774,0.7359228328481406,0.6704623383731961,0.24513201277369442,0.32010660273879843,0.4201716899151697,0.6508119863676167,0.34910918284329306,56,57,756
C:\Users\damba\.cache\kagglehub\datasets\sunnykusawa\ecommerce-products-image-dataset\versions\1\ecommerce products\tv\136.jpg,tv,exito,5696955.0,607358745.0,639226860.0,83056494465.0,78865491180.0,68192884125.0,12814907077035.0,10447684649250.0,9312466163505.0,8434196124855.0,18305299286.52746,7141038635.533764,44193559.62064956,57064432079.70818,-3938664890.7929974,-16311200768.703125,16340416394.878906,0.0005640157813720468,0.00022002691257787152,1.3616748172698832e-06,7.366454774894136e-07,-5.0844275031008665e-08,-2.105614976050849e-07,2.1093864249394227e-07,3.1056602323804863,6.9265171542922435,9.998490603993883,9.99582377946541,9.999999999999998,9.999998766527073,-9.999999999999998,0.3183098861837905,0.01593870936254051,0.018229185965138117,0.03635100372857295,0.0435446470098534,0.04495647435457546,0.010098667469103203,0.06384541230102338,0.044156123912725,0.08130256172791663,0.05741876815853321,0.09827423773989309,0.02651418611556147,0.10160480174786116,0.07546582198150256,0.11800775620727423,0.10535802575069772,0.03838710573324304,0.09443414652339067,0.1259542569104327,0.07454930329581301,0.13563373349562968,0.12842827755715028,0.18956658437198096,0.07820474877113576,56,57,756
C:\Users\damba\.cache\kagglehub\datasets\sunnykusawa\ecommerce-products-image-dataset\versions\1\ecommerce products\tv\137.jpg,tv,exito,6536670.0,753328905.0,749604885.0,101963808615.0,99508841505.0,85481497545.0,15107152470135.0,14478212207625.0,11465961630825.0,11450960864145.0,15145223753.21272,13546496210.551416,-907906723.4885361,-134699106515.34093,-40090408380.61295,-17662947945.773438,191138358392.44922,0.00035445619660160154,0.00031703985377248074,-2.1248491888969484e-05,-1.2330290650588732e-06,-3.6698564706326173e-07,-1.61685765816718e-07,1.749671229769352e-06,3.17295647275861,8.480700258762417,9.847617408086569,9.99763342005012,9.999999999999991,9.999999901222981,-9.999999999999993,0.3183098861837905,0.0202183585010919,0.01895837898294055,0.0368501629538741,0.048542916133655044,0.04848272846519504,0.012734578226681663,0.06893479254173845,0.0500617153668548,0.07682071350603331,0.07662530025694829,0.09136746142948733,0.024400205328012035,0.102042851389498,0.0778664932116077,0.105944066933068,0.05382356101024299,0.05318922154607595,0.0509195604289297,0.10404894358652868,0.08770882623319612,0.10808625097434177,0.11447378620904496,0.13143384477470002,0.06668822017561035,56,57,756
C:\Users\damba\.cache\kagglehub\datasets\sunnykusawa\ecommerce-products-image-dataset\versions\1\ecommerce products\tv\138.jpg,tv,exito,6339810.0,710975700.0,658139955.0,99980653470.0,77029461855.0,73807823730.0,15758843184180.0,9794232156525.0,10406912672220.0,8631110782830.0,20248540679.476315,8707508930.95306,956457.3067395344,5018407975.512399,-10113025883.149841,27639032880.21875,-7528944310.015625,0.0005037803731991799,0.0002166413949681324,2.3796501020279303e-08,4.958785908076711e-08,-9.992876322945452e-08,2.7310662550368605e-07,-7.439495379685194e-08,3.1424131127871946,7.083289261491444,9.996025241116332,9.999867100324094,-10.0,-9.999999963366532,10.0,0.3183098861837906,0.04683284422837095,0.003197828753000281,0.002328945945145618,0.10247254860762813,0.00898390782417854,0.018041472872904453,0.009238653107988666,0.01210352071262491,0.1528407055712866,0.03903799142061484,0.1597859444859999,0.07224452198527971,0.025597881107351856,0.059598146198412305,0.17083870155112624,0.1383166263417618,0.04445048394421067,0.1830845078435173,0.06478299744104911,0.12398677927908307,0.06109895418241089,0.12191757702699542,0.1951482269978746,0.08567113456894503,56,57,756
C:\Users\damba\.cache\kagglehub\datasets\sunnykusawa\ecommerce-products-image-dataset\versions\1\ecommerce products\tv\139.jpg,tv,exito,8613390.0,975473685.0,916271355.0,139352205945.0,121455494535.0,103759875615.0,22278231649305.0,17976226569015.0,14704965618435.0,13771815125445.0,28878988068.243095,23984789505.559097,-8628437.619597955,-44662782045.290405,-46798245729.99202,-117026760382.52344,18713636124.851562,0.0003892545947911331,0.000323286588092178,-1.163011315133488e-07,-2.0512117343031753e-07,-2.1492864167937646e-07,-5.374646475911377e-07,8.594545223772735e-08,3.1471899686401117,8.351461231981439,9.99068834321729,9.99748707976198,-9.999999999999996,-9.999999841704112,-10.0,0.3183098861837905,0.009344875635230955,0.01744355647603705,0.03678689937574746,0.028539061377629005,0.045920608969946215,0.004372225024323401,0.06605073279070996,0.04615460554609417,0.05554910687021161,0.060905596597053635,0.09446688467105734,0.04790649498856884,0.09726087992856326,0.08042658931012586,0.1073901401165694,0.057991500309942795,0.02503760116565567,0.06759344487024756,0.11307956308500691,0.12479723417382285,0.10969352586961696,0.13372735334061323,0.15055304335361025,0.08168450145694676,56,57,756
C:\Users\damba\.cache\kagglehub\datasets\sunnykusawa\ecommerce-products-image-dataset\versions\1\ecommerce products\tv\14.jpg,tv,exito,8103645.0,822562935.0,841729245.0,120528705705.0,115569803835.0,87122668110.0,20352523315875.0,17736895509135.0,12994658792220.0,12080407443180.0,37034206373.42585,28139009187.866524,1682686688.9809365,599883991682.2704,-113014950211.93993,133684766698.89062,-103269279.24609375,0.000563952112063386,0.00042849719804594755,2.562373559792749e-05,3.2089744117007607e-06,-6.045536943780212e-07,7.15123259695421e-07,-5.524209333977623e-10,3.0032916220664374,7.67624607869032,9.928595851125687,9.957400087039256,9.9999999999995,9.999993793656998,9.999999999999655,0.0,0.0,0.0,0.0,0.0,0.0,0.0,0.0,0.0,0.0,0.0,0.0,0.0,0.0,0.0,0.0,0.0,0.0,0.0,0.0,0.0,0.0,0.0,0.0,0.0,56,57,756
C:\Users\damba\.cache\kagglehub\datasets\sunnykusawa\ecommerce-products-image-dataset\versions\1\ecommerce products\tv\140.jpg,tv,exito,6197520.0,758173650.0,715371900.0,109122554430.0,103595130060.0,86249042700.0,17127394406880.0,16681575665940.0,12534221663730.0,12484171808520.0,16371375965.981733,21020655865.546413,-1265983395.9924278,-227698780849.6183,-129054727077.4459,248091309800.59375,103122617053.76953,0.0004262351958690986,0.0005472810219962968,-3.296037436798922e-05,-2.3813096007959654e-06,-1.3496745984801357e-06,2.594577870368033e-06,1.0784725202877993e-06,3.011656764534803,7.7190203626978295,9.667628669965984,9.986121849326482,9.999999999999918,9.99999914892204,9.99999999999974,0.0,0.0,0.0,0.0,0.0,0.0,0.0,0.0,0.0,0.0,0.0,0.0,0.0,0.0,0.0,0.0,0.0,0.0,0.0,0.0,0.0,0.0,0.0,0.0,0.0,56,57,756
C:\Users\damba\.cache\kagglehub\datasets\sunnykusawa\ecommerce-products-image-dataset\versions\1\ecommerce products\tv\141.jpg,tv,exito,5440425.0,623725665.0,516461700.0,81931901625.0,64976802450.0,58825792920.0,11774855596245.0,9836660473050.0,7565679987420.0,7368949991010.0,10423939438.27888,15948888717.729086,-384731492.98805255,-8486135676.338698,640318236105.3619,-123931648593.6289,-7367329029.4453125,0.0003521812448836843,0.000538846135511374,-1.2998465402525663e-05,-1.2292151433300405e-07,9.274997506411267e-06,-1.7951475795266985e-06,-1.067156212708158e-07,3.0501089015749168,7.448310696022818,9.501734386274013,9.806872929117311,9.999999999973397,9.99995430150874,-9.999999999997904,0.31830988618379047,0.028550403831782516,0.04404356326654331,0.042395217875790044,0.06004662002622929,0.057465139486614976,0.06636458380507904,0.03099505057852515,0.04038920927935246,0.08441835666462826,0.0934122494554865,0.07003657921183501,0.06814929655165054,0.07528614797761653,0.07456930285623609,0.06673885507203262,0.07929482220901854,0.09592966648993427,0.06770629923975385,0.08868840921379281,0.03557195543186774,0.2058964159241108,0.10232455342109775,0.1680524933197713,0.08544129984788386,56,57,756
C:\Users\damba\.cache\kagglehub\datasets\sunnykusawa\ecommerce-products-image-dataset\versions\1\ecommerce products\tv\142.jpg,tv,exito,6869445.0,821030895.0,795801705.0,120057411645.0,111337378095.0,91062139650.0,19384887843315.0,16884946661775.0,13051477138440.0,12516138417270.0,21928417156.43491,19146472762.632248,-4051481042.59976,-206019436973.28836,-449214490502.6954,111696607113.89844,147879243299.01562,0.00046469070225346856,0.0004057378063483985,-8.585597206681295e-05,-1.6657279352144095e-06,-3.632031699176351e-06,9.031000252777725e-07,1.1956473147408721e-06,3.060266843342422,7.480691427287809,9.775200202613572,9.967913177203831,9.999999999999728,-9.999996236640182,9.999999999999291,0.3183098861837906,0.013546370713609694,0.016458244024067196,0.00831145343359085,0.03820706617731461,0.08468237916109084,0.05022663723532282,0.018151047417588412,0.05632077169489607,0.07366084805398769,0.11180559619021449,0.07846594251025896,0.10825560014050771,0.09556250367220046,0.05985716681974461,0.052398353806365136,0.0879604210060381,0.0712071082330605,0.057165729367645246,0.053032524847724354,0.15864065132448882,0.18162214184924164,0.032887338255704925,0.13584843295943194,0.06489722373861988,56,57,756
C:\Users\damba\.cache\kagglehub\datasets\sunnykusawa\ecommerce-products-image-dataset\versions\1\ecommerce products\tv\143.jpg,tv,exito,6361995.0,720212310.0,658616295.0,101154557700.0,77163444465.0,74841628155.0,15885487861650.0,9839809848765.0,10541158144125.0,8798522743035.0,19622621337.972664,8981148810.959558,282694483.1578418,-8530375129.25936,-7944481820.332735,5274335945.890625,4671604842.800781,0.0004848086683114667,0.00022189383976556261,6.984425452553294e-06,-8.355738143303412e-08,-7.781839458295698e-08,5.166357795041188e-08,4.575966025402751e-08,3.150763305924032,7.158519545541808,9.999553042304633,9.999990824574311,-10.0,9.999999999029857,-10.0,0.3183098861837906,0.005339548557129848,0.017188633123388735,0.008712099925325538,0.019643465419120303,0.08527495285432389,0.05603381410901775,0.00808640041534786,0.04900703023391255,0.04826487200185443,0.1059623423968857,0.07297836036816975,0.13069185544376133,0.06067990787137409,0.0277625813753238,0.04326784236064944,0.059041882598516546,0.04683000562493547,0.03718592403506244,0.046396509216629335,0.21006704006671434,0.11617089361575698,0.0277194752382218,0.10904548490556039,0.07266115683260325,56,57,756
C:\Users\damba\.cache\kagglehub\datasets\sunnykusawa\ecommerce-products-image-dataset\versions\1\ecommerce products\tv\144.jpg,tv,exito,7410810.0,859388760.0,693090765.0,125030491260.0,83867707605.0,82335820095.0,20196263069730.0,11757991502745.0,12062820470325.0,10246493282235.0,25372148809.668987,19046883899.050827,1962093997.4747126,-187322240684.92792,351630755719.452,-85633192730.14453,153833545697.85547,0.00046198289089484303,0.00034681077082712963,3.572633378278741e-05,-1.2529252074619277e-06,2.351920604562986e-06,-5.727669356011305e-07,1.0289324238987583e-06,3.09216220714526,7.733530731039248,9.868381677141006,9.986254824517465,9.999999999999945,-9.999998194484352,-9.999999999999861,0.3183098861837905,0.009178397470599947,0.08530182981978914,0.07542354089648759,0.012492591102071354,0.004352448358759073,0.1430184995792594,0.06274265021791424,0.018479255684180323,0.011596621581788483,0.012637981162723244,0.0015951482853375754,0.18230882098519968,0.05082915484039655,0.01152877055626357,0.011627535450170869,0.017310198846064835,0.010339371871052426,0.001746448824366965,0.0013388110192668488,0.15654103642021966,0.219395145963177,0.039752555674309555,0.11275227613427767,0.09789201857380665,56,57,756
C:\Users\damba\.cache\kagglehub\datasets\sunnykusawa\ecommerce-products-image-dataset\versions\1\ecommerce products\tv\145.jpg,tv,exito,6648360.0,741274290.0,729352785.0,114147363600.0,93932229675.0,81321894450.0,19751786714070.0,13335071292885.0,12392273037330.0,10473356877780.0,31497270492.075035,13919191123.047909,1017141.8521886164,939956393.8872412,-23672056723.841393,-130395034837.60938,-57704303.07421875,0.0007125967943185567,0.00031490890540140275,2.3011899504727427e-08,8.247482196197816e-09,-2.0770630174646952e-07,-1.1441283183874886e-06,-5.063162667370648e-10,2.9882157180852107,6.8006407509718,9.957036245956214,9.992134847099955,-9.999999999999966,-9.99999684384327,10.0,0.0,0.0,0.0,0.0,0.0,0.0,0.0,0.0,0.0,0.0,0.0,0.0,0.0,0.0,0.0,0.0,0.0,0.0,0.0,0.0,0.0,0.0,0.0,0.0,0.0,56,57,756
C:\Users\damba\.cache\kagglehub\datasets\sunnykusawa\ecommerce-products-image-dataset\versions\1\ecommerce products\tv\146.jpg,tv,exito,5462865.0,609202140.0,579629790.0,82280566440.0,68003839620.0,64644107520.0,12374341720890.0,8598738581280.0,8707579170480.0,7584982629090.0,14344191043.467299,6503016616.787564,5550924.559582776,-578932678.8524805,3297253323.981319,-23925400279.04297,222693196.59375,0.0004806568370853677,0.00021790837761898255,1.860049014701083e-07,-8.29997710091274e-09,4.727169165713456e-08,-3.430109954059593e-07,3.192682845129506e-09,3.1557929818338843,7.160290151881021,9.99499653985194,9.999620211334575,-10.0,-9.99999990023189,-10.0,0.3183098861837906,0.023756969051876502,0.014663344923126247,0.0074034973166534936,0.05737130216992078,0.08415917707272999,0.03946803743753069,0.030589430621990737,0.06330485719132532,0.10065777248268926,0.11935657542425586,0.0844264440193497,0.07318982838311215,0.13648042093824758,0.09239021682656624,0.06183441270973,0.12742290200247713,0.10662604965301124,0.08277191679941344,0.06061243699034372,0.08174407701556358,0.2633261135317671,0.09769651313702533,0.16684682805053974,0.05642786224746026,56,57,756
C:\Users\damba\.cache\kagglehub\datasets\sunnykusawa\ecommerce-products-image-dataset\versions\1\ecommerce products\tv\147.jpg,tv,exito,9263640.0,1030747995.0,974465925.0,146096351595.0,127367738385.0,108354148140.0,23248399285125.0,18654781935705.0,15277122964170.0,14155720796880.0,31406939096.617065,24861181676.610455,-72863098.51643977,3346531648.869967,26222341562.786934,-74910298212.42188,-921274123.9375,0.00036598414686099675,0.00028970662622931567,-8.490715655592276e-07,1.2812703117815536e-08,1.0039620501165591e-07,-2.868054189139042e-07,-3.5272374740943145e-09,3.1833008614670835,8.227594388366699,9.996006802104514,9.99984874153332,-10.0,-9.999999988543024,10.0,0.3183098861837905,0.03560738483197993,0.023006810423731535,0.03559703669482166,0.07986358762776803,0.050534781726057555,0.0354464512772269,0.0642996095556658,0.05298475430468107,0.1192479217127689,0.0910896633452496,0.09299295870211358,0.04194485621552471,0.09195256105025047,0.0834923426228316,0.1156613689366863,0.09283215151738772,0.09342479086037983,0.06867945318476076,0.10693044820211112,0.029996667747245572,0.09492286191364886,0.11449232568307396,0.14674921369302757,0.04258095452432646,56,57,756
C:\Users\damba\.cache\kagglehub\datasets\sunnykusawa\ecommerce-products-image-dataset\versions\1\ecommerce products\tv\148.jpg,tv,exito,5291760.0,551117220.0,575487315.0,75390725520.0,69152093655.0,60893554770.0,11708569434840.0,8991884822355.0,8459597154510.0,7354026444960.0,17993906658.122593,6566933004.118402,958680703.8926406,108906810100.12473,43155857172.44289,61049772504.640625,-56424289913.5,0.00064257701229075,0.00023451050791102598,3.423526609048219e-05,1.6906538184866869e-06,6.699453840542988e-07,9.477279786986986e-07,-8.759226453328044e-07,3.0569570188695994,6.76622619405455,9.908784337325223,9.985981020696304,-9.999999999999881,-9.999997322571682,-9.999999999999964,0.3183098861837905,0.04458267515049265,0.026398453757357467,0.033773706891508444,0.09746660029704483,0.051013210068202586,0.05385465562132077,0.055508827141200694,0.053523230451857466,0.14413468051560926,0.09532506717340945,0.09665618022651798,0.09472540371114764,0.07401398078176329,0.09479368076553833,0.12524156305198636,0.12365404237885656,0.108956486519434,0.09644961770873356,0.1160819658537235,0.1264159238271377,0.07867248149839806,0.142745772857958,0.17421129937356195,0.02584482780643111,56,57,756
C:\Users\damba\.cache\kagglehub\datasets\sunnykusawa\ecommerce-products-image-dataset\versions\1\ecommerce products\tv\149.jpg,tv,exito,2353650.0,261702420.0,278324085.0,37432594950.0,33306607995.0,31141795695.0,6005268501270.0,4032024026385.0,4470275580105.0,3751098327345.0,8333894364.162513,394196935.11971724,194931637.56337962,-10154918331.963562,218024126.35538948,443234087.46484375,1633345887.4316406,0.0015044031301140253,7.115894168584806e-05,3.518832287695679e-05,-1.194872955236396e-06,2.5653690522661743e-08,5.215289839246e-08,1.9218675755330153e-07,2.802564454859464,5.68629265979859,9.98650935608966,9.995629465676421,9.999999999999993,9.999993827430005,9.999999999999998,0.3183098861837905,0.03884440053020076,0.024142503698298033,0.03557878956669604,0.0866581465418223,0.05125298950579981,0.041508644668460125,0.06487135857275252,0.054226129375561156,0.12988573350752586,0.09578016937325078,0.0924722349848199,0.05907883664178571,0.09318972675008097,0.08742178948138586,0.11576705321970117,0.10835615396292538,0.10694551729531367,0.0675673542724076,0.10479834280402042,0.061276395016425754,0.09739825549716051,0.12357884642405755,0.14272050357350183,0.039626219068891265,56,57,756
C:\Users\damba\.cache\kagglehub\datasets\sunnykusawa\ecommerce-products-image-dataset\versions\1\ecommerce products\tv\15.jpg,tv,exito,6774585.0,816133620.0,673300980.0,119958741180.0,85805109630.0,78077840295.0,19457093338590.0,12624802350120.0,10978446094665.0,9816612724185.0,21639200470.967,18888212186.250988,-3034665660.264794,-208069873389.54642,342490156267.84436,-212638326662.23438,82887630947.33984,0.0004714936172709485,0.0004115527049821133,-6.612192032168179e-05,-1.7418167493648218e-06,2.8670901796678746e-06,-1.780060673386252e-06,6.938777899333311e-07,3.0540164647141674,7.674046438204751,9.739980902844469,9.990210090765231,-9.999999999999876,9.999998713247487,-9.999999999999947,0.31830988618379064,0.02230101733518104,0.05138693871925186,0.05640447364826965,0.04110336376762375,0.06532329956989183,0.06383278553914658,0.09429865054868876,0.037189317811184154,0.06890903441496585,0.08506233182557428,0.02887993674918574,0.025068206705900868,0.12942368793099424,0.1467107226989314,0.021111714767112016,0.11449757906050811,0.08998597830352445,0.038724884178252594,0.016070243256180488,0.053159698553544195,0.15334489448131855,0.2603764876333325,0.01865498866491097,0.1488907390310958,56,57,756
C:\Users\damba\.cache\kagglehub\datasets\sunnykusawa\ecommerce-products-image-dataset\versions\1\ecommerce products\tv\150.jpg,tv,exito,5186445.0,609611925.0,604410435.0,84456523515.0,76929519195.0,71715346005.0,12919418858145.0,10466140761045.0,10036509107985.0,9188658729765.0,12803069347.028368,6493609060.622942,673272143.1471549,-17286607716.07201,-12446077356.429987,35964694469.671875,-10516756259.496094,0.00047596448073345657,0.00024140518034004358,2.5029437654316485e-05,-2.8218591641933035e-07,-2.0316928586195276e-07,5.870862828818592e-07,-1.7167512282270801e-07,3.144256933870952,7.239396926844841,9.983329313894371,9.998467986363798,9.999999999999998,-9.99999998392934,10.0,0.3183098861837907,0.011414050508822082,0.10671722801814758,0.00030696631177530695,0.030459482602017713,7.338192830727979e-06,0.15111848528192892,0.0018765630763759296,0.09333176497927323,0.06174390751820305,0.01011752621693539,0.010040140518883765,0.13066251835886855,0.007120193640593278,0.21903647216928543,0.0006300389538028166,0.10016446360210438,0.04512330480117695,0.04471328052858929,3.0122830094149123e-05,0.041655709522488205,0.02077325973577119,0.3289042307963857,0.0044151351225645615,0.19896976775185782,56,57,756
C:\Users\damba\.cache\kagglehub\datasets\sunnykusawa\ecommerce-products-image-dataset\versions\1\ecommerce products\tv\151.jpg,tv,exito,4582095.0,562577685.0,579030030.0,87833961795.0,80471153250.0,70697561955.0,15048184971165.0,11899984831920.0,10983663739935.0,9759815460855.0,18762139482.2895,7300305495.468306,-394236408.60454,-342973196048.1615,-114040739479.64499,-18928812377.164062,-20585352672.976562,0.0008936226789260358,0.0003477065374125858,-1.877710140253035e-05,-7.631325143776478e-06,-2.537463488790155e-06,-4.211755422875526e-07,-4.580343923573921e-07,2.906112987803585,6.5235527839532566,9.851472175308777,9.758973582992551,9.999999999994458,9.999873433723309,-9.999999999983167,0.31830988618379086,0.1678349362401073,0.038804451563786535,0.08381226722850614,0.024106965678392604,0.08447529507913212,0.05346139853616123,0.09289381130171358,0.07594206264275488,0.035142171490308544,0.1526812700419002,0.05851020417723334,0.07654339123880971,0.032751137162596256,0.08634640741050437,0.070572767585729,0.024275753702720584,0.1023659878931815,0.10023211008271969,0.06040603029028373,0.05995052314557749,0.03996495727545922,0.08988677083276028,0.10754543770852908,0.05051354689918107,56,57,756
C:\Users\damba\.cache\kagglehub\datasets\sunnykusawa\ecommerce-products-image-dataset\versions\1\ecommerce products\tv\152.jpg,tv,exito,5339190.0,586693545.0,575852985.0,83464112985.0,69138889755.0,63657588000.0,13385691977325.0,8936685271215.0,9123538090740.0,7671122429790.0,18995660702.03816,7030843340.954005,380343854.6367845,39637732909.255585,-36829493180.74918,38012164226.58203,-8204324973.011719,0.0006663519176175004,0.0002466361142263533,1.3342144864909053e-05,6.017559140070048e-07,-5.591229292082309e-07,5.770775205513848e-07,-1.245530637245994e-07,3.0395348679292558,6.752091988379534,9.973887085443732,9.999010741012121,10.0,9.999999583508684,9.999999999999998,0.31830988618379047,0.03910061338862708,0.03369395331904632,0.033986297419252534,0.08659227248396566,0.04913275327391773,0.013739504125398263,0.04955351067720615,0.055837884262901004,0.1303840784556957,0.08604222144895905,0.11865687156179647,0.06761968930248602,0.052829040358798394,0.08948234154922362,0.11576091668721256,0.11765705987136947,0.1113529452851038,0.1576211684055891,0.1320167057445857,0.16476321694613122,0.06634682048373845,0.17309824699055498,0.14331923965958174,0.18820347134204127,56,57,756
C:\Users\damba\.cache\kagglehub\datasets\sunnykusawa\ecommerce-products-image-dataset\versions\1\ecommerce products\tv\153.jpg,tv,exito,5385345.0,616050165.0,591449805.0,88010410575.0,70351862535.0,67671483585.0,14067390575505.0,8916838193835.0,9687654203235.0,8051023653645.0,17538081356.25408,5395416507.022585,13283421.506698133,-12952240610.587538,5277010724.701185,18801663504.378906,287911206.25390625,0.0006047209562949426,0.00018603639494309507,4.580183654772943e-07,-1.9244696971249814e-07,7.840687597163391e-08,2.793588596566116e-07,4.277842024069758e-09,3.101956707074185,6.755976350897128,9.997318975352737,9.999290924866507,-10.0,-9.99999983110814,10.0,0.3183098861837906,0.024084878652810823,0.014589417901677773,0.009729358809664286,0.052894251038670466,0.08486311632863383,0.04189655023781629,0.011460652342508598,0.055495848805588326,0.08125463124417677,0.11202495813861432,0.07547097606226469,0.09064199583764174,0.06911844196506127,0.057342929639585136,0.05076461600018765,0.07313382291950202,0.0705176866214413,0.047206251757524256,0.04950653068421386,0.14155402863092126,0.13288865494528287,0.045311048991728886,0.12477525913515836,0.07188875878857871,56,57,756
C:\Users\damba\.cache\kagglehub\datasets\sunnykusawa\ecommerce-products-image-dataset\versions\1\ecommerce products\tv\154.jpg,tv,exito,5817315.0,661722960.0,626081865.0,89578863300.0,76032099225.0,70846144590.0,13422062433270.0,10041514856925.0,9549975742830.0,8577265012920.0,14307492265.225094,8650755481.042828,-371031187.8494684,-22556405516.463795,-3408055640.9484773,-6436809643.417969,8433179323.785156,0.0004227838195435556,0.00025562826639452985,-1.0963904775265858e-05,-2.7635252777860255e-07,-4.175420549603103e-08,-7.886135113548495e-08,1.0332011550498296e-07,3.1685063596927696,7.544822951327126,9.998345360830514,9.999806832610828,10.0,9.999999992801174,-10.0,0.3183098861837905,0.009762868391312202,0.017481193848931376,0.0367725388478589,0.02934090411665983,0.045973103553265345,0.004626988369128414,0.06603775059657366,0.046217098940654136,0.05641453449262544,0.06126874412657963,0.09447474097852775,0.04706053218675701,0.09730322539928568,0.08008367517670925,0.10762411667233578,0.05817111334667311,0.025370504922339904,0.06774131409980752,0.11313150452799789,0.12326999757220322,0.10976706725885754,0.1326325614006858,0.15090294969239149,0.0810282698954222,56,57,756
C:\Users\damba\.cache\kagglehub\datasets\sunnykusawa\ecommerce-products-image-dataset\versions\1\ecommerce products\tv\155.jpg,tv,exito,5683950.0,619322070.0,649186650.0,86152269180.0,80987852100.0,70868950770.0,13531434942270.0,10807642793070.0,9880570839630.0,8867771919780.0,18671058685.69852,6841649804.374153,133701534.10498117,75510961166.82698,-5127873358.116627,11639613881.957031,12810368486.128906,0.000577920960602515,0.00021176800381857912,4.138432657981324e-06,9.803572752242955e-07,-6.657507566288231e-08,1.5111687063243585e-07,1.6631675388072993e-07,3.1025438760358908,6.8721293984622625,9.997824969686997,9.99429620918537,9.999999999999996,9.999997913532273,9.999999999999998,0.3183098861837906,0.04798788852143865,0.0016490289527886343,0.06322268156512004,0.09934692260870304,0.06286539551718971,0.04349948848647775,0.0885133845630311,0.010664571094732666,0.1397044312613018,0.12219607572839498,0.04042344838402458,0.14536965638144686,0.09008672651414788,0.04306146566920908,0.09384009388318287,0.12630050920025232,0.164005527034723,0.05697217872304288,0.152709996548181,0.2718686631861891,0.09384514298651449,0.12217046739145591,0.2031146702544223,0.1172501545889005,56,57,756
C:\Users\damba\.cache\kagglehub\datasets\sunnykusawa\ecommerce-products-image-dataset\versions\1\ecommerce products\tv\156.jpg,tv,exito,5632185.0,638333850.0,549849870.0,90628001130.0,68275991940.0,60956592045.0,14385426725190.0,9883516624110.0,8512144906845.0,7427925789465.0,18281282395.4729,14596135980.18744,-1361635150.857294,-29945573126.928833,368042215022.44006,-26892611170.871094,-44393918828.76953,0.0005763055926583861,0.0004601337375909355,-4.292466664119953e-05,-3.9777762501425225e-07,4.888834739481421e-06,-3.5722405300572547e-07,-5.897001043170385e-07,2.98445607309459,7.678484254175315,9.861987449327032,9.915385807204181,9.999999999997577,-9.999993468096358,-9.999999999998925,0.0,0.0,0.0,0.0,0.0,0.0,0.0,0.0,0.0,0.0,0.0,0.0,0.0,0.0,0.0,0.0,0.0,0.0,0.0,0.0,0.0,0.0,0.0,0.0,0.0,56,57,756
C:\Users\damba\.cache\kagglehub\datasets\sunnykusawa\ecommerce-products-image-dataset\versions\1\ecommerce products\tv\157.jpg,tv,exito,5683950.0,619322070.0,649186650.0,86152269180.0,80987852100.0,70868950770.0,13531434942270.0,10807642793070.0,9880570839630.0,8867771919780.0,18671058685.69852,6841649804.374153,133701534.10498117,75510961166.82698,-5127873358.116627,11639613881.957031,12810368486.128906,0.000577920960602515,0.00021176800381857912,4.138432657981324e-06,9.803572752242955e-07,-6.657507566288231e-08,1.5111687063243585e-07,1.6631675388072993e-07,3.1025438760358908,6.8721293984622625,9.997824969686997,9.99429620918537,9.999999999999996,9.999997913532273,9.999999999999998,0.3183098861837906,0.04798788852143865,0.0016490289527886343,0.06322268156512004,0.09934692260870304,0.06286539551718971,0.04349948848647775,0.0885133845630311,0.010664571094732666,0.1397044312613018,0.12219607572839498,0.04042344838402458,0.14536965638144686,0.09008672651414788,0.04306146566920908,0.09384009388318287,0.12630050920025232,0.164005527034723,0.05697217872304288,0.152709996548181,0.2718686631861891,0.09384514298651449,0.12217046739145591,0.2031146702544223,0.1172501545889005,56,57,756
C:\Users\damba\.cache\kagglehub\datasets\sunnykusawa\ecommerce-products-image-dataset\versions\1\ecommerce products\tv\158.jpg,tv,exito,6611895.0,728606145.0,624216030.0,99791075505.0,81358967370.0,69559986555.0,15336479291475.0,12882909655680.0,9381182775045.0,9116693043375.0,19501398410.64792,22427957106.080055,773710416.9935158,41912716342.6666,967210403327.0643,-210416805666.02344,5149610460.9609375,0.000446081136606692,0.0005130241630355947,1.7698096051842995e-05,3.728472444636245e-07,8.604112669498793e-06,-1.871826334041498e-06,4.580991732277173e-08,3.0181336639786753,8.234014280066996,9.519630516855198,9.837140131455424,9.999999999981434,9.999986007688697,9.99999999999618,0.0,0.0,0.0,0.0,0.0,0.0,0.0,0.0,0.0,0.0,0.0,0.0,0.0,0.0,0.0,0.0,0.0,0.0,0.0,0.0,0.0,0.0,0.0,0.0,0.0,56,57,756
C:\Users\damba\.cache\kagglehub\datasets\sunnykusawa\ecommerce-products-image-dataset\versions\1\ecommerce products\tv\159.jpg,tv,exito,6372450.0,725452305.0,560990310.0,107957990085.0,61204782780.0,62648063910.0,17898851050485.0,7537192474740.0,9067403064450.0,6756937493460.0,25371065616.418365,11818733785.67347,-1216181940.8367355,-167884477264.02832,68215813377.45853,-159632430564.0547,3394009123.1289062,0.0006247781537198613,0.0002910436158085988,-2.994923110725376e-05,-1.6377380958162425e-06,6.654554258143593e-07,-1.5572381504416188e-06,3.31090648110031e-08,3.038188989873479,6.939050841693877,9.88106507219738,9.985605018404824,9.999999999999854,9.999998165227487,-9.999999999999961,0.0,0.0,0.0,0.0,0.0,0.0,0.0,0.0,0.0,0.0,0.0,0.0,0.0,0.0,0.0,0.0,0.0,0.0,0.0,0.0,0.0,0.0,0.0,0.0,0.0,56,57,756
C:\Users\damba\.cache\kagglehub\datasets\sunnykusawa\ecommerce-products-image-dataset\versions\1\ecommerce products\tv\16.jpg,tv,exito,5950425.0,646142970.0,681181755.0,91795379400.0,87497790195.0,73782724845.0,14779706242620.0,12215873516955.0,10447423013385.0,9469589405895.0,21632199848.88879,9518724271.997854,-185235810.8375874,113875349233.06943,20129365306.489273,-20730102846.6875,10815702234.539062,0.0006109486580241009,0.0002688331219525626,-5.231533123758726e-06,1.3184381395800369e-06,2.3305590827472632e-07,-2.4001119131191615e-07,1.252231885864221e-07,3.055624987013834,6.930877830265183,9.992264200906925,9.99104144303658,9.999999999999988,9.999996902551523,-9.999999999999988,0.0,0.0,0.0,0.0,0.0,0.0,0.0,0.0,0.0,0.0,0.0,0.0,0.0,0.0,0.0,0.0,0.0,0.0,0.0,0.0,0.0,0.0,0.0,0.0,0.0,56,57,756
C:\Users\damba\.cache\kagglehub\datasets\sunnykusawa\ecommerce-products-image-dataset\versions\1\ecommerce products\tv\160.jpg,tv,exito,6240870.0,676265355.0,499114815.0,94529084715.0,50425001265.0,52121987760.0,14984470017855.0,6006389502435.0,7086274494210.0,4985279415270.0,21248463523.839794,10508195026.048668,-1962468021.2827868,136228588547.43916,292850074346.3457,-48398774656.14453,-164914012021.18164,0.0005455533908205502,0.0002697974571870844,-5.038628238632509e-05,1.4000882685096544e-06,3.009764381297381e-06,-4.974180333866796e-07,-1.6949024871039588e-06,3.0886554195093203,7.0640070960515,9.789625969849016,9.973063271778361,9.999999999999547,-9.999993193388304,9.99999999999968,0.31830988618379047,0.03149344433028982,0.043210830050435314,0.0413674525205361,0.06479333574167759,0.055425738665325935,0.06109013901130619,0.022473179925362578,0.04464177997887743,0.09023767137657224,0.09360656604325455,0.07385358152033744,0.049411177229774714,0.10023348271580981,0.09633088447463425,0.07435403185776204,0.10062316002315409,0.11576029868668655,0.09151950601120466,0.09716819828032167,0.01228423207891902,0.2666816502560497,0.15100625362500555,0.1982732430867986,0.09251854858681333,56,57,756
C:\Users\damba\.cache\kagglehub\datasets\sunnykusawa\ecommerce-products-image-dataset\versions\1\ecommerce products\tv\161.jpg,tv,exito,4884015.0,465672585.0,700047675.0,62554098195.0,110206126185.0,68551019130.0,9652429584435.0,18341494024995.0,9346162534410.0,11012690867550.0,18153956831.67859,9865167512.083223,1804088491.8897805,226306073270.14035,-282879071157.3785,35978166363.30859,-12227682431.632812,0.0007610572372154774,0.0004135713883770278,7.563169925214144e-05,4.292929301513329e-06,-5.366094845836442e-06,6.824904093996653e-07,-2.3195389960965013e-07,2.930099382674255,6.842461546036158,9.745091978457323,9.858777085607512,-9.999999999991507,-9.999966795147877,-9.999999999996346,0.0,0.0,0.0,0.0,0.0,0.0,0.0,0.0,0.0,0.0,0.0,0.0,0.0,0.0,0.0,0.0,0.0,0.0,0.0,0.0,0.0,0.0,0.0,0.0,0.0,56,57,756
C:\Users\damba\.cache\kagglehub\datasets\sunnykusawa\ecommerce-products-image-dataset\versions\1\ecommerce products\tv\162.jpg,tv,exito,7674990.0,843455595.0,752269125.0,124095870105.0,91405141425.0,80027657505.0,20792736830415.0,12763448750235.0,11580009649485.0,9368428083555.0,31402936207.131195,17670995005.491226,-2644189940.665004,252863756558.0599,340246418817.43243,-2152414649.1289062,-158345637412.30078,0.0005331072888038572,0.0002999890257301688,-4.4888698338668164e-05,1.5495016385229414e-06,2.084966191420642e-06,-1.3189592968971951e-08,-9.703123451263899e-07,3.0793047346351554,7.204091455430045,9.90514763523066,9.980353244705299,-9.999999999999922,-9.9999950583701,9.999999999999801,0.31830988618379047,0.020324341240143786,0.030801342471438595,0.0026435490604447332,0.04196723680850365,0.0666007356899301,0.0024612232052813607,0.01243421952985257,0.08096709881882287,0.06274581153535283,0.11415273833755055,0.11284306624750201,0.1139493980528795,0.040574775799808796,0.011853310646187713,0.025921091446174986,0.0780453405041048,0.1481903750124552,0.1448529166849191,0.1324785236415571,0.24166662370553857,0.0863682587905669,0.18143149870959258,0.07709509462007734,0.3936051238786254,56,57,756
C:\Users\damba\.cache\kagglehub\datasets\sunnykusawa\ecommerce-products-image-dataset\versions\1\ecommerce products\tv\163.jpg,tv,exito,3344070.0,376279785.0,377186820.0,51191523105.0,44233365900.0,42225706530.0,7754752235655.0,5362439140500.0,5805700595070.0,4924635996630.0,8851955871.16631,1689430760.5703802,-215921645.97529516,2534306055.492905,-7874475571.698851,80260066049.1914,-3860061361.9570312,0.0007915685315272143,0.00015107398248760155,-1.9308363339941042e-05,1.2392834840350668e-07,-3.8506428615015773e-07,3.924742004492478e-06,-1.8875819212391283e-07,3.0256529309956948,6.385287800217894,9.604980044379017,9.948718091516609,-9.999999999997668,-9.999965238094514,9.999999999999739,0.3183098861837906,0.004800653090175011,0.017214384013978117,0.008705377646257513,0.018605721731168326,0.08529635366310949,0.056242620059182805,0.007772370504246184,0.048726127468762356,0.04717070490857561,0.10575981206342307,0.0728056862063682,0.1314883467954034,0.0596629619101934,0.026508496065561642,0.042934912527816664,0.05823217908680979,0.04607080322001185,0.036624868141875905,0.04619291003001882,0.21177684148714257,0.11433970673815896,0.029354054469441875,0.10817782677361576,0.0728875015518717,56,57,756
C:\Users\damba\.cache\kagglehub\datasets\sunnykusawa\ecommerce-products-image-dataset\versions\1\ecommerce products\tv\164.jpg,tv,exito,5332050.0,588910515.0,577882530.0,82404402855.0,68449575030.0,63734981775.0,12958946975265.0,8689867344270.0,8933565281445.0,7540836605025.0,17360827742.695126,5819213634.439027,-90582192.29267778,22690312788.22896,10005491676.445337,22663246775.257812,400422030.02734375,0.0006106354332753592,0.0002046802198404806,-3.186063306281291e-06,3.456248415828671e-07,1.5240629373007567e-07,3.4521256491957294e-07,6.099334195440719e-09,3.0886741663780573,6.782673379652642,9.99616375647485,9.998390301921118,-10.0,-9.999999771846282,-9.999999999999998,0.31830988618379064,0.30819670584930114,0.11161348578062408,0.09622718248599306,0.21607193825052223,0.4574418728532685,0.009487468067155044,0.40518226325086504,0.3552715801981156,0.2841331533546318,0.2641609432170549,0.22011770201800626,0.6638965095011381,0.29661333563687803,0.28632354538641974,0.6098027048632939,0.6233637252682125,0.17460879773035842,0.5428597985233116,0.4162799391066405,0.3488543981347977,0.5953399076941098,0.5882730768509695,0.42320735271190546,0.3611778672385601,56,57,756
C:\Users\damba\.cache\kagglehub\datasets\sunnykusawa\ecommerce-products-image-dataset\versions\1\ecommerce products\tv\165.jpg,tv,exito,4715460.0,551966370.0,500681535.0,80457496980.0,59403510975.0,58647930930.0,12998409017550.0,7620806778135.0,8556081085800.0,6934968139950.0,15847284273.079172,6241783489.249678,40845004.135303624,-129508194445.38481,-12071570196.38575,3644371771.109375,-27160898756.9375,0.0007126999332021345,0.0002807117357897986,1.8369224163109936e-06,-2.682174848210727e-06,-2.500078245844923e-07,7.547663175955184e-08,-5.625148262828853e-07,3.0028706992049212,6.728792182838945,9.994749617741515,9.95640797133166,9.999999999999865,9.999980287913452,-9.999999999999906,0.31830988618379086,0.14023333655811746,0.11640786832586368,0.07324156378833675,0.04700500015908423,0.08508512051853201,0.06097699695176044,0.04067580420378229,0.07236747225783222,0.06079840578907686,0.18288665227372283,0.16474101832933785,0.15191798968989412,0.08746621147537571,0.11317631072552431,0.13234797314509453,0.14272896792518858,0.1487749531029804,0.1547048921128006,0.10449771548691558,0.3417768926529363,0.18860750718598238,0.08192725970205293,0.2205306774347135,0.28599867567703874,56,57,756
C:\Users\damba\.cache\kagglehub\datasets\sunnykusawa\ecommerce-products-image-dataset\versions\1\ecommerce products\tv\166.jpg,tv,exito,4571130.0,523543815.0,437065665.0,69209721615.0,57080257485.0,51416945655.0,10031563326375.0,8987128104885.0,7252300852755.0,6886826055765.0,9246840177.641142,15290504071.31625,1358639358.8299162,-13343218833.75613,605452380002.3489,323640440912.2422,89459760209.29492,0.00044253355474576945,0.0007317700955722998,6.502150935130495e-05,-2.986769290785356e-07,1.3552551285819463e-05,7.244423869654901e-06,2.0024828183000572e-06,2.9302195521306276,6.997104403939096,9.684677588121321,9.271307738117343,-9.999999999747269,9.999420711286955,-9.999999999680243,0.31830988618379064,0.021733431187225878,0.051269160365048964,0.056428492318641034,0.03991112694088294,0.06549164350386473,0.06330657533791138,0.0945978784151622,0.03690978134200493,0.06718680459879078,0.08542827419382289,0.02871155911435042,0.023820013325871938,0.13005132893582258,0.1456434690156173,0.021228009342855167,0.11212884040081054,0.08898995241508338,0.03853565329435459,0.015920558947214666,0.055399266530011884,0.1536614995017237,0.2583579463851899,0.018366944601406827,0.14879391905271575,56,57,756
C:\Users\damba\.cache\kagglehub\datasets\sunnykusawa\ecommerce-products-image-dataset\versions\1\ecommerce products\tv\167.jpg,tv,exito,6337515.0,709677750.0,654682410.0,104097505560.0,85397817510.0,68780309775.0,17302595648340.0,12692688523560.0,9795436769895.0,8452951017345.0,24627475296.550922,17767356996.153793,-4531317841.404457,130119363911.96066,200031516620.90137,56721372051.578125,-173739856859.4922,0.0006131714023010422,0.0004423691455713538,-0.00011282011175034366,1.2868989037639977e-06,1.9783399773753858e-06,5.609823881597997e-07,-1.7183117455436794e-06,2.976525037764401,7.09589646016998,9.84898433760441,9.972103178974926,9.99999999999975,-9.999997501968382,9.999999999999591,0.31830988618379047,0.04262415794783044,0.03932319488364613,0.04282167178752549,0.08562689655213991,0.05756380472696719,0.04186684330581172,0.03006762712062255,0.04524333661986406,0.11292242639632431,0.10129988726260601,0.0741389200300111,0.0012876408413104038,0.0685483508921365,0.10323770544792878,0.07394662275916294,0.09979242828303343,0.12826460175779097,0.0893727545999712,0.09749634841243911,0.08133246209797294,0.21289252266542333,0.16861175389613056,0.2010047574538866,0.07828822567461365,56,57,756
C:\Users\damba\.cache\kagglehub\datasets\sunnykusawa\ecommerce-products-image-dataset\versions\1\ecommerce products\tv\168.jpg,tv,exito,2018835.0,134343690.0,220750185.0,13428058770.0,24763400625.0,14812389000.0,1704907495230.0,2843475763485.0,1496419788480.0,1667612066820.0,4488136962.21675,625398174.3122407,122533503.59606074,214007681150.17758,-1055262851.4980608,11816210816.734863,-7069224165.079102,0.0011011955579501168,0.00015344578325047402,3.006444566999163e-05,3.6955348134444166e-05,-1.8222526332169798e-07,2.0404509876259615e-06,-1.2207302030322794e-06,2.901480371678724,6.044819887328566,8.747263552208128,8.85999004025284,9.99999999182116,9.994755317023513,-9.999999999984489,0.3183098861837905,0.01712359007478499,0.018413793242226254,0.0362228186052346,0.02064774086281292,0.04352103335665329,0.004343354398804835,0.060990586234449196,0.04356648953802994,0.021221412887303857,0.04382135768319719,0.09468139720070769,0.06186776326881588,0.08206598896036353,0.11238423851858742,0.09216515982458445,0.048478814139409084,0.027075313842433366,0.06618855922010596,0.10842005241324337,0.16213198886916158,0.089700413570983,0.20433710817850453,0.12390960657021931,0.11858783522753343,56,57,756
C:\Users\damba\.cache\kagglehub\datasets\sunnykusawa\ecommerce-products-image-dataset\versions\1\ecommerce products\tv\169.jpg,tv,exito,1295910.0,115638165.0,150281955.0,14917240155.0,17667748185.0,13165304730.0,2341488372975.0,2102522688315.0,1678402895700.0,1514609106780.0,4598479435.067885,240098117.7715459,-244831397.36422813,189701809315.88022,-2028219348.771378,-7800858146.125977,-5155767102.386719,0.0027381962182441034,0.00014296807615925955,-0.0001457865400588123,9.922803021062452e-05,-1.0609082303402788e-06,-4.080423853541954e-06,-2.6968462538103316e-06,2.540431960898573,5.166194995539011,7.9302477243194796,8.024811704935503,9.999999577356537,9.905166180709834,9.99999997638055,0.3183098861837906,0.04576034526210581,0.0006649490264195253,0.06275720486406773,0.09410937100097018,0.06174081889305019,0.03851756853097827,0.08583863216849795,0.012605652865340688,0.1312249139429283,0.11895137535566838,0.04053160849545387,0.13267885105846985,0.09169942627439007,0.03466742296466375,0.09490549759629352,0.12636691024193905,0.1570176005633412,0.06017854915124355,0.15661187543689753,0.25397401690589555,0.1264754484302481,0.10082993794072735,0.21371900822795292,0.12572600589605182,56,57,756
C:\Users\damba\.cache\kagglehub\datasets\sunnykusawa\ecommerce-products-image-dataset\versions\1\ecommerce products\tv\17.jpg,tv,exito,8946930.0,1152112950.0,1174384650.0,183090011730.0,188768874990.0,141654391845.0,31896195810120.0,32932314565140.0,21807984770265.0,22100308408305.0,34730267151.94892,34617752073.46636,-9573321297.52124,-625211489951.0677,-933646439494.4364,240921603205.2578,305397498053.53125,0.0004338704228221206,0.0004324648199092057,-0.0001195954220851558,-2.6112103114489502e-06,-3.899396043163374e-06,1.0062146723976842e-06,1.2754997450070928e-06,3.062313967904935,7.2417374949904625,9.722841625973405,9.957997278787204,-9.99999999999939,-9.999991931138219,9.99999999999882,0.3183098861837906,0.023567922731162393,0.010916101359734899,0.00559999291674979,0.05747027643143484,0.008402869363966326,0.024056709509003057,0.023358256585418662,0.01050164493088576,0.08933633422898601,0.03237574719947998,0.15731190170514966,0.048074164121584995,0.047566027854484515,0.009387594599915824,0.1300970559306072,0.05810595689434519,0.0183338476352872,0.12585434041177948,0.10721361744656455,0.09034829315488178,0.04760819622459915,0.017499056369017,0.12006480818896766,0.057332420226287116,56,57,756
C:\Users\damba\.cache\kagglehub\datasets\sunnykusawa\ecommerce-products-image-dataset\versions\1\ecommerce products\tv\170.jpg,tv,exito,4562970.0,521231730.0,479959470.0,74910471780.0,68030328000.0,55343541990.0,11996062417140.0,11150989758000.0,7994433594390.0,7848350157270.0,15369752389.166204,17545426095.60859,517386026.2344951,-72419307692.52055,304109986633.74255,-3284199074.0859375,-31652166168.742188,0.0007381959260293052,0.0008426916541190389,2.4849603759395044e-05,-1.628303420463176e-06,6.837725286400054e-06,-7.38431884563353e-08,-7.116794136787184e-07,2.8010989849853196,7.870008383866514,9.82364864969293,9.820374624274201,9.999999999993241,9.999988555160481,-9.999999999990983,0.3183098861837906,0.034621999691627436,0.00788492368333565,0.004296089361305996,0.07863123911455522,0.008748654949180526,0.007183907676552197,0.017130125907667774,0.011239340027486467,0.11762200917551512,0.03612222480589494,0.15842341782303723,0.0006603992749371089,0.03482088299983862,0.03212464077823854,0.1492147225872551,0.08857052055697949,0.030960113869242568,0.14950767073324392,0.08893529920682955,0.005455699755697209,0.03948549901905943,0.052815694267048796,0.15252639065643925,0.07266231683503022,56,57,756
C:\Users\damba\.cache\kagglehub\datasets\sunnykusawa\ecommerce-products-image-dataset\versions\1\ecommerce products\tv\171.jpg,tv,exito,1666680.0,115785300.0,181831065.0,11823254520.0,20248079925.0,12761587965.0,1552790064000.0,2297759270595.0,1319714326755.0,1429804391985.0,3779577451.762545,410716904.4836288,129670374.13402557,206281982169.2468,-877613077.5666232,11807105525.907227,-5135856290.361816,0.0013606261125296358,0.000147855719913125,4.668058779585692e-05,5.752157063430339e-05,-2.4472172557183654e-07,3.2924022125108235e-06,-1.432129540675517e-06,2.8214598871379164,5.829847360704264,8.395351361454725,8.487407146254563,9.99999995178216,9.983651796607953,-9.99999999997345,0.3183098861837906,0.025499894506389297,0.014258781422125213,0.007348496985607034,0.06050474866335454,0.08409279045557247,0.037261207222233486,0.031908832937250456,0.06421864325972186,0.10469259799381095,0.12046583214770296,0.08514813612816005,0.06666357661359161,0.14098808780686042,0.0967101091351408,0.06308780379683528,0.13301599893303095,0.11197765157245645,0.08627468573249535,0.06156713469107636,0.06863428825908285,0.2732723214773727,0.10706349591182053,0.17088980033419854,0.05567970395425192,56,57,756
C:\Users\damba\.cache\kagglehub\datasets\sunnykusawa\ecommerce-products-image-dataset\versions\1\ecommerce products\tv\172.jpg,tv,exito,955485.0,55053480.0,112710000.0,3931525740.0,13512497940.0,6467006040.0,312225610800.0,1642002987000.0,461480819010.0,772399055010.0,759434435.4683746,217109629.35148117,-27159468.406725485,-1817195424.3929758,-3166215515.8018665,843739773.8850098,238583917.74121094,0.0008318452454203356,0.00023781067130517524,-2.9749078534139288e-05,-2.0363008886668815e-06,-3.5479769440273142e-06,9.454723626874438e-07,2.673507962856237e-07,2.9707558616195167,6.4479196275609,9.827348223666842,9.958993556471887,-9.999999999999437,-9.999988220383475,9.999999999999241,0.31830988618379047,0.026139963190302526,0.04466478753143171,0.04128005017169774,0.05558360554338701,0.05514787914998761,0.06854069257581738,0.022807465582253685,0.0435325702571758,0.08155448815603546,0.09089113552626409,0.07260471103697717,0.06935546421141205,0.10238241433410959,0.08858717014881133,0.07260135861453716,0.09635801505205545,0.10614670244402134,0.08570096985883324,0.09459506390163619,0.021429069339079773,0.2647688671590675,0.13234699206047645,0.18848879589870426,0.09593936647468779,56,57,756
C:\Users\damba\.cache\kagglehub\datasets\sunnykusawa\ecommerce-products-image-dataset\versions\1\ecommerce products\tv\173.jpg,tv,exito,5722965.0,658782045.0,504616440.0,91460325465.0,60099849420.0,58021444125.0,14018746964715.0,8555996321760.0,7895766134565.0,6889374514545.0,15626595429.191282,15605823767.515036,-65972150.27336048,-107053425931.95512,504700791467.9015,-153463819007.91016,-17206329803.94922,0.0004771140311776417,0.0004764798270554758,-2.014273595615136e-06,-1.3663055908093407e-06,6.441414714806029e-06,-1.95863394442636e-06,-2.1960160923189858e-07,3.020636509191853,9.933184483899643,9.598225912482865,9.911472601895202,9.999999999997272,9.999999799657202,-9.999999999994927,0.31830988618379047,0.03494221408149225,0.035144896201192294,0.03354236350723387,0.07871219894411886,0.04872639485310574,0.021507812415344288,0.04627514265451635,0.055419165737293656,0.11826234485881916,0.08364965275376983,0.11590406926785854,0.045639684528782906,0.03794858490128904,0.0759503953417984,0.11010627680773731,0.09746220741357088,0.10182008990077886,0.14207720789292835,0.13767728272593652,0.12460122485015471,0.0183218056712454,0.13807149715101177,0.13977937068042054,0.1847840276616786,56,57,756
C:\Users\damba\.cache\kagglehub\datasets\sunnykusawa\ecommerce-products-image-dataset\versions\1\ecommerce products\tv\174.jpg,tv,exito,8878335.0,968027430.0,1015326360.0,150846301620.0,156260088810.0,112532308095.0,26571483544260.0,26428499515350.0,17480693605395.0,17504133310455.0,45299810613.251,40147369779.81589,1828694536.595776,246020923500.8575,-623909841693.0693,-168863354139.46094,48439679036.11719,0.0005746895901958556,0.0005093238840043808,2.3199472571795046e-05,1.0474739341493158e-06,-2.6563972166799804e-06,-7.189630840219726e-07,2.0623978012469725e-07,2.9649652794550594,8.185383699841715,9.998122099803423,9.94705664988571,-9.999999999999973,-9.999995506509997,-9.999999999999869,0.0,0.0,0.0,0.0,0.0,0.0,0.0,0.0,0.0,0.0,0.0,0.0,0.0,0.0,0.0,0.0,0.0,0.0,0.0,0.0,0.0,0.0,0.0,0.0,0.0,56,57,756
C:\Users\damba\.cache\kagglehub\datasets\sunnykusawa\ecommerce-products-image-dataset\versions\1\ecommerce products\tv\175.jpg,tv,exito,8037600.0,864421440.0,732797580.0,126280431900.0,88751920230.0,79364620020.0,20936093780760.0,12420782551920.0,11690587682460.0,9653297906610.0,33314319387.350266,21941890712.00255,554286172.5685393,189261808319.67197,328227411871.1154,58226206322.546875,7206807307.5859375,0.000515677480792349,0.000339641905771093,8.579881035081593e-06,1.0333489729325406e-06,1.792086115823449e-06,3.179087795649479e-07,3.9348387271234776e-08,3.067871633418593,7.503305804630957,9.993360154154049,9.976324738946898,-9.999999999999956,-9.999997813396574,9.999999999999943,0.3183098861837906,0.013563965710584642,0.016455996184895134,0.00871162596775966,0.036153181527265286,0.08487180536126843,0.050950788923467855,0.01375929026181224,0.054174741501993744,0.06780300739828213,0.11004106606559835,0.07638699079842506,0.11284167090903854,0.08068333110855472,0.0504766015796807,0.049555260927554905,0.076380110802647,0.06320400513332725,0.04937266241417412,0.05049967985025163,0.17267507642166097,0.15377164451083256,0.022130116680703006,0.12616151086542368,0.06832378835398724,56,57,756
C:\Users\damba\.cache\kagglehub\datasets\sunnykusawa\ecommerce-products-image-dataset\versions\1\ecommerce products\tv\176.jpg,tv,exito,5500860.0,540656610.0,535622910.0,77452417350.0,61352513460.0,51859303335.0,12872452694730.0,7783973105640.0,7305352092135.0,5839348495065.0,24313531805.432045,9198504501.970146,-784840809.5401398,480625822775.37555,18701622045.422234,-81971058170.63281,-37893337244.43359,0.0008035018209565569,0.0003039877207703253,-2.5937038875019773e-05,6.772213177421326e-06,2.635134552775646e-07,-1.1550055240576868e-06,-5.339325222714007e-07,2.955660327011795,6.598073701814077,9.735120832246984,9.854769698349818,9.999999999990038,9.999914803457324,9.99999999999993,0.31830988618379075,0.08978364714688523,0.04095379743649634,0.03965779622826886,0.04913185177065735,0.12126125408046866,0.03339045279395332,0.06821725973608227,0.027713604338658798,0.03686853546985648,0.09290500676957215,0.07781886176489496,0.02841956971570364,0.12406234780303722,0.037825773985505066,0.05765856800905383,0.020977113357276235,0.05986550175831839,0.042898564227649656,0.04758569956638181,0.24251158693883546,0.06823268460524795,0.11392364321671357,0.04610999626322661,0.09443253646121658,56,57,756
C:\Users\damba\.cache\kagglehub\datasets\sunnykusawa\ecommerce-products-image-dataset\versions\1\ecommerce products\tv\177.jpg,tv,exito,5650800.0,579928140.0,599797485.0,83556350820.0,78866159535.0,64548347880.0,13863477345120.0,11529393013935.0,9512345858970.0,8753230190010.0,24039707590.039707,15201364636.520979,2992561114.8113685,354012325317.26355,-68823998843.40666,29116956883.3125,24100426291.390625,0.0007528514787640922,0.0004760611086042787,9.371803097601395e-05,4.663838911120418e-06,-9.067030181424413e-07,3.83593414054463e-07,3.1750449878163013e-07,2.910478972069727,6.951382702616757,9.92809159096529,9.902786344736366,9.99999999999842,9.999974743745893,9.999999999998307,0.3183098861837906,0.3002908461799251,0.0568242812446465,0.0470043561330086,0.08887242922664364,0.11555845189428096,0.024994248619040767,0.014955271159075174,0.08350709216140996,0.11407267785941011,0.1820504618600059,0.13601009269694944,0.02489851087681197,0.029570812787298867,0.1682189808638921,0.12839055855948917,0.17936987521385,0.16467689390586135,0.05339575450566284,0.18062715318560169,0.13768934070293115,0.2251985674045129,0.15861364250760462,0.22737878770152714,0.20064492048334956,56,57,756
C:\Users\damba\.cache\kagglehub\datasets\sunnykusawa\ecommerce-products-image-dataset\versions\1\ecommerce products\tv\178.jpg,tv,exito,7008165.0,745686045.0,637939110.0,107038429995.0,71362987770.0,67977277290.0,17487819599265.0,9084392404770.0,9594628017630.0,7678567138470.0,27695595214.748386,13292678628.07881,98982203.23763376,204907275540.56982,168352321244.5802,-169928048347.7422,67348888489.69922,0.0005638999635972212,0.0002706474057106232,2.0153407200561412e-06,1.575965054553921e-06,1.2948167625310288e-06,-1.3069358580758088e-06,5.179879262110441e-07,3.078548955483077,7.0649297216943125,9.895501890529673,9.981362794972824,9.999999999999995,9.999994416924155,-9.999999999999792,0.31830988618379047,0.024338086588765354,0.04509340389273266,0.04075332192635811,0.05222329058385546,0.05391510002186854,0.07037994960486979,0.020088781852681894,0.04481477919022414,0.07990425153860783,0.08928588181000974,0.073541279902907,0.07222600694859707,0.11675291387901626,0.09377748040179448,0.07514285462295855,0.10526380978263208,0.11093804732587334,0.09365647134416905,0.09693389030712316,0.01760245114960806,0.29349992293248206,0.1446760296631667,0.19663078494992295,0.1027030662915016,56,57,756
C:\Users\damba\.cache\kagglehub\datasets\sunnykusawa\ecommerce-products-image-dataset\versions\1\ecommerce products\tv\179.jpg,tv,exito,9263640.0,1030747995.0,974465925.0,146096351595.0,127367738385.0,108354148140.0,23248399285125.0,18654781935705.0,15277122964170.0,14155720796880.0,31406939096.617065,24861181676.610455,-72863098.51643977,3346531648.869967,26222341562.786934,-74910298212.42188,-921274123.9375,0.00036598414686099675,0.00028970662622931567,-8.490715655592276e-07,1.2812703117815536e-08,1.0039620501165591e-07,-2.868054189139042e-07,-3.5272374740943145e-09,3.1833008614670835,8.227594388366699,9.996006802104514,9.99984874153332,-10.0,-9.999999988543024,10.0,0.3183098861837905,0.03560738483197993,0.023006810423731535,0.03559703669482166,0.07986358762776803,0.050534781726057555,0.0354464512772269,0.0642996095556658,0.05298475430468107,0.1192479217127689,0.0910896633452496,0.09299295870211358,0.04194485621552471,0.09195256105025047,0.0834923426228316,0.1156613689366863,0.09283215151738772,0.09342479086037983,0.06867945318476076,0.10693044820211112,0.029996667747245572,0.09492286191364886,0.11449232568307396,0.14674921369302757,0.04258095452432646,56,57,756
C:\Users\damba\.cache\kagglehub\datasets\sunnykusawa\ecommerce-products-image-dataset\versions\1\ecommerce products\tv\18.jpg,tv,exito,4387275.0,495438480.0,497337975.0,60193460940.0,71529463755.0,56082760980.0,7762347965790.0,11547542615985.0,6804589924860.0,8060283297540.0,4245455067.400175,15151629820.017439,-79747725.3530942,6080030669.668316,3866771178.8798604,-881304656.3632812,810013208.3007812,0.0002205639516399325,0.0007871719977794971,-4.143130279069448e-06,1.5080600198396584e-07,9.590943430315128e-08,-2.1859434429999307e-08,2.0091157452123524e-08,2.9966532052831694,6.493206426668773,9.99985117355238,9.999849372662215,-10.0,-9.999999940714257,-10.0,0.0,0.0,0.0,0.0,0.0,0.0,0.0,0.0,0.0,0.0,0.0,0.0,0.0,0.0,0.0,0.0,0.0,0.0,0.0,0.0,0.0,0.0,0.0,0.0,0.0,56,57,756
C:\Users\damba\.cache\kagglehub\datasets\sunnykusawa\ecommerce-products-image-dataset\versions\1\ecommerce products\tv\180.jpg,tv,exito,7188195.0,799133025.0,631795650.0,110033726805.0,76261239930.0,70025595135.0,16957527853395.0,11127827233860.0,9279259309725.0,8427403437405.0,21191730776.003757,20730506086.674583,-213007040.69796848,12855540842.23935,780805931975.5404,-344629305863.3164,-13341633095.589844,0.00041013490109027964,0.00040120857297022754,-4.12243919534489e-06,9.279845106864846e-08,5.636291927483078e-06,-2.4877262006666663e-06,-9.630733558319039e-08,3.090795199153594,9.606148772520108,9.565843490398402,9.958949047732817,9.999999999998224,-9.99999961648095,9.999999999999954,0.31830988618379047,0.035887869137553534,0.034829256493357504,0.03335964185250262,0.08016670642114693,0.04896847457287865,0.01980081420063922,0.04571861297886272,0.05587189679015215,0.11980516595713574,0.085016397267777,0.11561741666007407,0.05054178702138603,0.036647804999003705,0.0777270007977024,0.11122042016348754,0.09977850495960001,0.10503864824716604,0.14325143672299373,0.13645485453940834,0.13376343088092876,0.018377747874848457,0.14274242443521515,0.1425103672646899,0.18704333848510585,56,57,756
C:\Users\damba\.cache\kagglehub\datasets\sunnykusawa\ecommerce-products-image-dataset\versions\1\ecommerce products\tv\181.jpg,tv,exito,6140655.0,666179085.0,447621900.0,93239876115.0,44479789230.0,46349885790.0,14785918327965.0,5506066781250.0,6272749182510.0,4270385058360.0,20968339399.220135,11850474383.357422,-2211114260.9654903,121066831554.94504,536044611710.8075,-44201428126.81836,-232720710815.00195,0.0005560766271765835,0.0003142724705126143,-5.863835648260558e-05,1.2956521835707666e-06,5.736727084818823e-06,-4.730418408898989e-07,-2.4905673441429237e-06,3.060306466689037,7.140723101486424,9.641926645646429,9.888958708187863,9.999999999992452,-9.999978811270024,9.999999999998339,0.3183098861837906,0.023324242633785044,0.01475935176257634,0.007423937453253219,0.056591926719737284,0.084176219641751,0.03999824564825853,0.030220990493012193,0.06306822367754093,0.09963658741383781,0.11907137010233229,0.08423435763895797,0.0747822091575457,0.13523823878926794,0.09127055142524605,0.061509332768880216,0.12597530025754988,0.10525425970229091,0.08186179956209712,0.06036021265206274,0.08500345910872259,0.26065292538740825,0.09529508117370447,0.16578533201161033,0.05665083162191585,56,57,756
C:\Users\damba\.cache\kagglehub\datasets\sunnykusawa\ecommerce-products-image-dataset\versions\1\ecommerce products\tv\182.jpg,tv,exito,7199925.0,812861205.0,779751495.0,121885753995.0,94494482235.0,88830808815.0,20465441801835.0,12439281916305.0,13366790256345.0,10886304375285.0,30114889910.436337,10047436751.229683,797983497.2013438,-95140741287.11845,29260777561.08749,-13612810494.425781,45169732181.16797,0.0005809320469479031,0.00019382033325808954,1.53935208741763e-05,-6.839850346682587e-07,2.1036134135366898e-07,-9.786510523250366e-08,3.2473386704708394e-07,3.1108370247846424,6.821301202928393,9.987147785093699,9.999384967437171,10.0,9.999999815105046,10.0,0.3183098861837905,0.04420115007357207,0.026238829800241226,0.03235537581815575,0.0964385602029096,0.04850830455632402,0.05378827195347157,0.05138637547701732,0.04846255078433821,0.14804279381865976,0.08207183036558616,0.10274293584578748,0.0991564455529477,0.10015751716616526,0.08868489658265968,0.13734883197618947,0.16967675640173221,0.07923887133855892,0.13434766005730073,0.1386652665377408,0.1538463749052514,0.1797630409823264,0.13245340716935913,0.2374987119999079,0.03211894139573936,56,57,756
C:\Users\damba\.cache\kagglehub\datasets\sunnykusawa\ecommerce-products-image-dataset\versions\1\ecommerce products\tv\183.jpg,tv,exito,3683220.0,385385325.0,356057010.0,45274930995.0,40652834910.0,36476101935.0,5793273669615.0,5304219277050.0,4232003461785.0,4035107795955.0,4951016397.07872,6232790934.8532295,-779111307.0485998,19957896352.020706,169260014633.9323,18315322200.66211,-67875438571.27344,0.00036495476998146104,0.0004594383454908459,-5.7430710191476724e-05,7.665590448762672e-07,6.501075707830971e-06,7.034697267239357e-07,-2.607014809779043e-06,3.0838655910013446,7.653250239533601,9.714386695394925,9.808848812730579,9.999999999983809,9.999966863654546,9.99999999999413,0.31830988618379064,0.007789637299196218,0.04932924143799831,0.056829170069334405,0.02733698351151321,0.07373065694946723,0.05761114361009814,0.10667900401891284,0.023668377282036298,0.06050519823726878,0.11082446191551747,0.02213142431943817,0.0204801118655594,0.16105489294417924,0.09473300549392896,0.027149294681345852,0.08013239569910223,0.10231911462834543,0.05961440662575362,0.008525216230948044,0.04780376678342621,0.19155332921396745,0.17600218231621395,0.006232789089925994,0.14502774286697906,56,57,756
C:\Users\damba\.cache\kagglehub\datasets\sunnykusawa\ecommerce-products-image-dataset\versions\1\ecommerce products\tv\184.jpg,tv,exito,6315075.0,701353785.0,693810120.0,100522557795.0,84076974630.0,77368386180.0,16198130128935.0,10961746162770.0,11109518800470.0,9387904417710.0,22630033678.686848,7851041824.069047,313663356.7074415,7475871011.935116,-549676541.8030683,-4133191207.21875,-18626781113.9375,0.0005674507505542416,0.00019686579520633032,7.865145483748507e-06,7.459599610578655e-08,-5.484801584500609e-09,-4.124195223619209e-08,-1.8586239506009816e-07,3.116726681978231,6.861127088605772,9.998207304481562,9.999936755689447,-10.0,9.999999982878565,10.0,0.31830988618379047,0.011862833034818346,0.032084771219909304,0.002878383343468271,0.024676066938490532,0.06640002531794173,0.004723786933732779,0.0074084823966033145,0.08678484531378117,0.036208883895464276,0.12217097573960424,0.1217933135358779,0.09340000990867373,0.0312436263400174,0.031264505309802466,0.03796173991496606,0.051075457145157245,0.1605126917054858,0.16243455041024596,0.1282178441715581,0.2073944811828518,0.07578207593178846,0.08560094520999126,0.08128596260261432,0.372600494003128,56,57,756
C:\Users\damba\.cache\kagglehub\datasets\sunnykusawa\ecommerce-products-image-dataset\versions\1\ecommerce products\tv\185.jpg,tv,exito,3610800.0,379930110.0,348553125.0,44500712490.0,39769869615.0,36448193460.0,5651695264200.0,5189090563035.0,4251873074280.0,4118460243930.0,4524283863.487285,6123785382.3463955,-226733736.76907068,17214284013.89877,167809572993.15082,3901307354.8691406,-22370993614.320312,0.0003470107892881003,0.00046969192541358447,-1.7390388253364444e-05,6.948329090143555e-07,6.773422215477889e-06,1.5747136135050213e-07,-9.029770020077213e-07,3.0879359476473205,7.786207049255316,9.820194621985747,9.829501806000364,9.99999999999047,9.999973993900625,9.999999999995913,0.3183098861837906,0.006650268816716013,0.017114576533147234,0.008757649054650459,0.01692092536279407,0.08545067442011277,0.056351953810292586,0.006278634860815777,0.04695787630541945,0.04233526588704053,0.10471658103229788,0.07150380760147765,0.1337244537912772,0.05199033664613493,0.01976568718326285,0.04082453009622843,0.052301735211580845,0.04232363290987317,0.03255930401120718,0.04467541888900076,0.21880183647300638,0.1000510230643699,0.043113822150040816,0.10217978233756601,0.07481827764899082,56,57,756
C:\Users\damba\.cache\kagglehub\datasets\sunnykusawa\ecommerce-products-image-dataset\versions\1\ecommerce products\tv\186.jpg,tv,exito,5966490.0,634192140.0,598933800.0,78862844280.0,77787766830.0,64745115825.0,10786588942980.0,11774032819110.0,8038390516575.0,8543606440665.0,11453082353.343018,17665031891.6292,1083045103.297287,-30676416543.88283,418932561344.5155,-108332328344.1914,57924750036.640625,0.0003217248072663392,0.000496222659136757,3.0423467357445994e-05,-3.5278274373066e-07,4.817778446117181e-06,-1.2458357374735667e-06,6.661420905732757e-07,3.0872745353893865,7.465315969459118,9.747824179630236,9.947471618550125,9.999999999998224,9.999989813932295,-9.99999999999999,0.3183098861837905,0.00742199760809676,0.017291625982156295,0.03704271700775953,0.017597339929141448,0.046143192069780556,0.001900167210450129,0.06770496484259117,0.04692644370414919,0.03770783675859375,0.06084951340692131,0.09214121052175973,0.0595330197502495,0.09847060372038018,0.0888358381797431,0.09887296771477917,0.03585425660484689,0.018393498448311996,0.050869182138422106,0.10552374396609403,0.15118748669207277,0.105532977205989,0.15104708751154455,0.12595809690646853,0.09029984066089752,56,57,756
C:\Users\damba\.cache\kagglehub\datasets\sunnykusawa\ecommerce-products-image-dataset\versions\1\ecommerce products\tv\187.jpg,tv,exito,6569310.0,612146880.0,743986470.0,69887857140.0,101239331430.0,69188364600.0,8891437382460.0,15165129205110.0,7975253690340.0,9462620477490.0,12846280065.126932,16981491939.541964,-138398236.9971272,-15016144787.76532,-146782289800.77515,86117688004.54688,60201039746.16016,0.0002976719231520004,0.00039349238363220305,-3.206941554981124e-06,-1.35756007241864e-07,-1.327010219920559e-06,7.785615843237808e-07,5.442577241534245e-07,3.1604186350187886,8.030458358806873,9.93351369516875,9.997973671489602,10.0,9.999999931787746,-9.999999999999995,0.3183098861837905,0.03963381902265009,0.024434446363882038,0.035300004311978515,0.0881114631248488,0.051192560189204726,0.04313711118964855,0.06334972867736818,0.054074943052375125,0.13153746853641587,0.09555592325738603,0.09316652907072033,0.06380055110407765,0.08960829563206674,0.08829578374096565,0.11730919839012115,0.10874316605266511,0.10667376005585325,0.07221085881230137,0.10661982965639723,0.06954467552050463,0.09184038885081452,0.1255475750837624,0.14763939255722297,0.03747642426266425,56,57,756
C:\Users\damba\.cache\kagglehub\datasets\sunnykusawa\ecommerce-products-image-dataset\versions\1\ecommerce products\tv\188.jpg,tv,exito,5332050.0,588910515.0,577882530.0,82404402855.0,68449575030.0,63734981775.0,12958946975265.0,8689867344270.0,8933565281445.0,7540836605025.0,17360827742.695126,5819213634.439027,-90582192.29267778,22690312788.22896,10005491676.445337,22663246775.257812,400422030.02734375,0.0006106354332753592,0.0002046802198404806,-3.186063306281291e-06,3.456248415828671e-07,1.5240629373007567e-07,3.4521256491957294e-07,6.099334195440719e-09,3.0886741663780573,6.782673379652642,9.99616375647485,9.998390301921118,-10.0,-9.999999771846282,-9.999999999999998,0.31830988618379064,0.30819670584930114,0.11161348578062408,0.09622718248599306,0.21607193825052223,0.4574418728532685,0.009487468067155044,0.40518226325086504,0.3552715801981156,0.2841331533546318,0.2641609432170549,0.22011770201800626,0.6638965095011381,0.29661333563687803,0.28632354538641974,0.6098027048632939,0.6233637252682125,0.17460879773035842,0.5428597985233116,0.4162799391066405,0.3488543981347977,0.5953399076941098,0.5882730768509695,0.42320735271190546,0.3611778672385601,56,57,756
C:\Users\damba\.cache\kagglehub\datasets\sunnykusawa\ecommerce-products-image-dataset\versions\1\ecommerce products\tv\189.jpg,tv,exito,5621220.0,634556535.0,537950040.0,101780267265.0,72328156650.0,63398221635.0,18249285940845.0,11086519417170.0,10279316006565.0,8585915881545.0,30147775366.22959,20846406151.70931,2671241836.0397425,-46790262498.459496,174727171121.93576,-64133773672.4375,-90188909204.28516,0.0009541004596371486,0.00065973576655371,8.453801425170437e-05,-6.245669867916184e-07,2.3322977250201113e-06,-8.560720892619207e-07,-1.2038619203215155e-06,2.7921405131310415,6.938030310029901,9.876353085530823,9.976655362825714,-9.99999999999983,-9.999997524020115,-9.999999999999725,0.0,0.0,0.0,0.0,0.0,0.0,0.0,0.0,0.0,0.0,0.0,0.0,0.0,0.0,0.0,0.0,0.0,0.0,0.0,0.0,0.0,0.0,0.0,0.0,0.0,56,57,756
C:\Users\damba\.cache\kagglehub\datasets\sunnykusawa\ecommerce-products-image-dataset\versions\1\ecommerce products\tv\19.jpg,tv,exito,2416380.0,258486615.0,272951745.0,30373669905.0,35967621735.0,25978259895.0,3832522083585.0,5220697234695.0,2740151255745.0,3122724051615.0,2722667109.8443427,5135279512.938477,-3220116446.2183423,867654703.0295086,-2319064192.9198856,-1897677968.2890625,2653538829.9296875,0.00046629856621822414,0.0008794955010676762,-0.0005514944065318292,9.559470645954173e-08,-2.555051681376882e-07,-2.0907852824392847e-07,2.9235623876690645e-07,2.8710213582752058,5.857793292436165,9.996759750986092,9.998411895643263,10.0,9.999998156029067,-10.0,0.31830988618379047,0.023175556886863385,0.030216876222255672,0.001392401241919643,0.04822833728640743,0.06664490269630359,0.00594898713904189,0.0027259798861662275,0.07669872499938807,0.07127559127526052,0.10707505450663486,0.10719190788110596,0.12390604318238545,0.0071537247317861805,0.032280651524241324,0.01191821686596975,0.07737919100635815,0.1366144253052794,0.13749721306429238,0.13266720629580162,0.25501671355375816,0.015881272460885307,0.2455681947913935,0.018795677477534006,0.4073460769790346,56,57,756
C:\Users\damba\.cache\kagglehub\datasets\sunnykusawa\ecommerce-products-image-dataset\versions\1\ecommerce products\tv\190.jpg,tv,exito,6327060.0,714335580.0,520380540.0,102519251910.0,52941633240.0,58697627625.0,16472072289600.0,6178331872710.0,8290168727745.0,5970628973595.0,21869578783.15492,10141990687.109463,-54199426.04949597,-40745000442.657425,155758216892.11093,-129474915975.20312,2346132361.9414062,0.000546306682098307,0.0002533490625075223,-1.3539130730555941e-06,-4.046405893500337e-07,1.546842459065231e-06,-1.2858217140035281e-06,2.3299555069712506e-08,3.09709688419215,7.065847611248849,9.887959250159309,9.999073540801938,-9.999999999999998,9.999999899323994,-10.0,0.3183098861837905,0.05171731573233637,0.029636175170385304,0.031475463590624725,0.11125966780769445,0.05073979852440849,0.07120342886145747,0.045254315294520675,0.052679521462269015,0.16628505595039536,0.0950431844812992,0.10145643955164296,0.1451160894406291,0.06933173726215137,0.10558934335877296,0.13618712490086873,0.16933301198271092,0.11499928816179958,0.13117917473500443,0.13047518082304033,0.2266686752062994,0.1227831562048177,0.17568738760448913,0.21696827781113082,0.01143534396142557,56,57,756
C:\Users\damba\.cache\kagglehub\datasets\sunnykusawa\ecommerce-products-image-dataset\versions\1\ecommerce products\tv\191.jpg,tv,exito,1106700.0,117652665.0,125724690.0,13643995575.0,17998720080.0,11349892665.0,1693958323845.0,2876837589180.0,1117701203115.0,1462337876955.0,1136405820.2315676,3715989732.483872,-2015829603.7258055,1851350690.1550696,-12171913642.996563,-3697246238.7333984,6913389778.246094,0.0009278411495030508,0.0030339937754162464,-0.0016458642004685455,1.4368582220312443e-06,-9.44678622413184e-06,-2.869482635163631e-06,5.3655749814464504e-06,2.4021036129112843,4.816119590353717,9.500843047843501,9.525836822046676,9.999999999822377,9.99665326523729,-9.999999999999968,0.3183098861837905,0.007989771737280596,0.01733286128915939,0.036970740325380606,0.011094614548868868,0.04570603024901803,0.0012216215947207945,0.06700653391668958,0.04644431226104011,0.02729274247433777,0.057713701626264595,0.09211866493296109,0.0638102380646312,0.09652629998751408,0.09445737363227988,0.09600376467941318,0.03227282045056027,0.013440059756705106,0.04984709598919554,0.10476227249594691,0.16074462588044044,0.10337319086430438,0.16384315412394307,0.1210100489859037,0.09685518822204013,56,57,756
C:\Users\damba\.cache\kagglehub\datasets\sunnykusawa\ecommerce-products-image-dataset\versions\1\ecommerce products\tv\192.jpg,tv,exito,6754695.0,678540720.0,600572430.0,97516416600.0,75665771070.0,60721177575.0,16238723327760.0,11187601657380.0,8619444332655.0,7698002994435.0,29353826179.837666,22267765138.406506,390866722.42270285,545284581343.2119,500281557950.23083,-129449474817.85156,27516860601.265625,0.0006433587777346344,0.00048805092987051063,8.566772019919463e-06,4.598422359532886e-06,4.218908769570195e-06,-1.091656320018938e-06,2.3205157707066456e-07,2.9463800609055495,7.6105842957202725,9.766024920517578,9.875778920715742,-9.99999999999338,9.999988610127781,-9.999999999997753,0.3183098861837906,0.028442203132493547,0.01351085790757852,0.007292894169237188,0.06584399461595963,0.08397994277956702,0.03322949829566496,0.034019604712202056,0.06574971659392953,0.1116165708748613,0.12236215848178565,0.08634754868244723,0.054893689195017165,0.1482727310260435,0.10396869087854238,0.06520045109113241,0.14276536925172367,0.1212297872877075,0.09229312641074167,0.06317189459130686,0.04524334108166849,0.28987121462718707,0.12310898240356045,0.1777176434865202,0.05460699425713745,56,57,756
C:\Users\damba\.cache\kagglehub\datasets\sunnykusawa\ecommerce-products-image-dataset\versions\1\ecommerce products\tv\193.jpg,tv,exito,1986960.0,160793820.0,221627640.0,18951027780.0,25297132200.0,18358621980.0,2717474807250.0,2948449794060.0,2209013296200.0,2140296298080.0,5938862185.225873,576548588.8706388,423507607.70020556,222672282738.0065,-1837033277.9770823,26651107460.320312,-1339419154.5136719,0.0015042672441681645,0.00014603523871407946,0.00010727115768139528,4.0012284726945325e-05,-3.300990031964441e-07,4.788973674130036e-06,-2.406820459202933e-07,2.7824364206174113,5.723326250786039,8.704369550740434,8.769126713821176,9.999999987945568,9.9905596711657,9.999999999863444,0.3183098861837906,0.030721315535230526,0.012875437920462588,0.006902471411897242,0.07023906663814528,0.08386818934323835,0.029650063624612234,0.03797990413863907,0.06745949261534326,0.11878186221847567,0.12473157213423577,0.0880513612958846,0.04359235235544208,0.16105203774431115,0.1124118144390694,0.06771827127013534,0.15653102656323292,0.13314396851530255,0.10040102880815184,0.06543064896521364,0.019429648909273144,0.3168758657451761,0.1421212836050083,0.18714976679423923,0.05202893683171472,56,57,756
C:\Users\damba\.cache\kagglehub\datasets\sunnykusawa\ecommerce-products-image-dataset\versions\1\ecommerce products\tv\194.jpg,tv,exito,8111550.0,864819495.0,844247115.0,121231162365.0,111528351675.0,89095281300.0,19399449830985.0,16630293505635.0,12341309834850.0,11766394111020.0,29027729120.79204,23659425121.4038,-914810932.6197771,284661079976.5441,97535654801.1239,-81317951110.8086,66134630096.32031,0.0004411693806565933,0.0003595807954547964,-1.3903484178259943e-05,1.5190374075000457e-06,5.204796813815465e-07,-4.339371214665402e-07,3.5291433959207494e-07,3.0965029029124924,8.123209365357887,9.984922814120445,9.985010588367894,9.999999999999995,9.999998800122988,-9.999999999999947,0.3183098861837907,0.331036453474167,0.30272752798521235,0.016546882903085036,0.08027782136410894,0.24174539550605634,0.011620173271365388,0.1446343421001487,0.1791608109340841,0.18149933854813335,0.1465494150379135,0.21260088788148926,0.2586089720519543,0.22757659477896436,0.25742782368387007,0.1791936708789073,0.444043394674536,0.3719230003187343,0.19059531985732225,0.1456323962998721,0.16126915382849596,0.544230761010515,0.39070863666921885,0.3119786025241285,0.05311234621588031,56,57,756
C:\Users\damba\.cache\kagglehub\datasets\sunnykusawa\ecommerce-products-image-dataset\versions\1\ecommerce products\tv\195.jpg,tv,exito,6638925.0,838408380.0,786245580.0,133074260730.0,114379169310.0,88939101450.0,23154381208680.0,18422110256670.0,13386065928450.0,12261943993380.0,27194376312.835426,21264378576.630318,-10353311555.111568,-519716832410.43744,-160440931768.44135,241099992908.1328,269646573269.96875,0.0006169977468530329,0.0004824553988325258,-0.0002349004010419706,-4.576383137705101e-06,-1.4127677399583179e-06,2.1230136744430746e-06,2.3743814979579356e-06,2.958823234309102,6.621757606041133,9.526607206239508,9.977352019153061,9.99999999999929,9.999991079671972,9.99999999999974,0.3183098861837905,0.004084369119512303,0.017110651502300032,0.03688900808877817,0.01096579075955804,0.04384937034312153,0.0008535341055820765,0.06422802273441669,0.043527513256976465,0.040617472408596415,0.04748914081047059,0.09570408776463392,0.06183402049177852,0.09205432532412618,0.0939466187469974,0.10274394845724999,0.06981685334242443,0.03576335702332053,0.07406334606105769,0.11508480483477168,0.1491529538122752,0.10761355618995282,0.17202166873479616,0.15033860620279746,0.10310803235959243,56,57,756
C:\Users\damba\.cache\kagglehub\datasets\sunnykusawa\ecommerce-products-image-dataset\versions\1\ecommerce products\tv\196.jpg,tv,exito,2012205.0,164583120.0,223442220.0,19517773950.0,25379153970.0,18617193000.0,2801886118500.0,2942441497830.0,2244954094230.0,2149270983300.0,6056121986.63921,567355133.1377497,341312705.831961,214790352676.39716,-1749916927.4438055,21799216427.239258,-2352574316.4384766,0.0014957195383415282,0.00014012335941789977,8.429620207838322e-05,3.7396780180576324e-05,-3.0467503709758894e-07,3.7954242110048814e-06,-4.096026822157506e-07,2.786258380663905,5.729050099894975,8.762301892750411,8.829668853190396,9.99999999101342,9.991904491981398,9.99999999989564,0.3183098861837906,0.04866032158865583,0.001955284531956558,0.06345111735492516,0.10110166791738968,0.06321021761309008,0.04507059512067296,0.08983340612130128,0.010044081078652362,0.14303767279904808,0.12325906933137254,0.04040255242669498,0.14947581912321603,0.09145651141275153,0.04578179286716571,0.09339532701598324,0.12890843889978099,0.1665617706787719,0.055649968702754814,0.15118642008663888,0.27810258493858137,0.08559358847309435,0.12901228594883865,0.1989881104200991,0.11412609034419938,56,57,756
C:\Users\damba\.cache\kagglehub\datasets\sunnykusawa\ecommerce-products-image-dataset\versions\1\ecommerce products\tv\197.jpg,tv,exito,8602170.0,969438855.0,889228350.0,140224691505.0,114101770110.0,100721380275.0,22687786730595.0,16452447427890.0,14573762177955.0,12963684885465.0,30971829310.4943,22179957539.018204,508002318.32868356,-95982232745.35732,71857081735.8259,-36124098169.046875,-270662444.28515625,0.00041855334308533185,0.00029973997610471196,6.865144015226914e-06,-4.422530082752243e-07,3.3109263719524005e-07,-1.6644737916104858e-07,-1.2471191468300744e-09,3.1436981124370096,7.841482607530383,9.996186684979318,9.999029133105358,-10.0,9.999999921202896,10.0,0.3183098861837905,0.010473293817613433,0.01754894049200454,0.0371690123809143,0.022183109647847626,0.04677495283751599,0.002907415223931627,0.06921497108276149,0.04798047978059102,0.040720593054253997,0.06442781770636949,0.09073476085947045,0.05777310976198093,0.1018192975579953,0.09011122345625883,0.09616757938169317,0.03373449775883878,0.024900606341348174,0.041894538142798074,0.10165654762676238,0.14968748926079417,0.10868786351313767,0.15173404902236307,0.11554777030953589,0.08949218933157524,56,57,756
C:\Users\damba\.cache\kagglehub\datasets\sunnykusawa\ecommerce-products-image-dataset\versions\1\ecommerce products\tv\198.jpg,tv,exito,2929440.0,326433150.0,318410340.0,41030418000.0,36272796300.0,35487807870.0,5609617260300.0,4305070432230.0,4456547032650.0,4043263803930.0,4655342415.955784,1663743163.934542,6729480.010449615,11065295.216921834,787205525.9579463,-4682006496.550781,-146754932.32226562,0.0005424783565107686,0.0001938728833638193,7.841737363354134e-07,7.533581429457987e-10,5.359528883110309e-08,-3.187648996574059e-07,-9.991511398029734e-09,3.132914918595776,6.91496559322716,9.995589102022139,9.999694363101574,-10.0,-9.999999893707603,-10.0,0.3183098861837905,0.007601840408448317,0.017304358523077334,0.036776982621587795,0.005853880463467332,0.04400900232509186,0.0008646587531432768,0.06393814290492202,0.04394636886764859,0.02917385642084501,0.047714470495015725,0.09480545855666322,0.0648520171168676,0.09000755951245998,0.09887444232018598,0.09865404562191138,0.056793494012270955,0.02907910036323393,0.067436148158158,0.11152794984102789,0.15931362258563825,0.10132811773986523,0.17936886174777505,0.13806897041608357,0.10655431617767197,56,57,756
C:\Users\damba\.cache\kagglehub\datasets\sunnykusawa\ecommerce-products-image-dataset\versions\1\ecommerce products\tv\199.jpg,tv,exito,5628105.0,572208780.0,559583985.0,81390412950.0,65693196645.0,57561809940.0,13323301588110.0,8557520753325.0,8013995695500.0,6867778299090.0,23214012916.758186,10055599928.435507,668971344.3468778,328015800474.4475,26271580639.515064,-214414075277.90625,55731400893.10547,0.0007328681355408927,0.0003174560468163467,2.1119475707186186e-05,4.3650506370184055e-06,3.4960748732263883e-07,-2.8533024766605594e-06,7.41642282531841e-07,2.9786765939822635,6.758325709022619,9.735277576720339,9.878286551145205,9.999999999992683,9.999968952791196,9.999999999999762,0.3183098861837906,0.12493528083812387,0.04920929134139467,0.13031487125576824,0.018006894359414244,0.029185533707820337,0.08587918947811846,0.08357572094352968,0.039696873664485696,0.06991524425614214,0.05925757765188794,0.1265843739512709,0.013797366345972764,0.11500846059860946,0.11664253928414382,0.12394051013635037,0.09428946415702273,0.08970386094301702,0.030626390681484202,0.13183576616078582,0.11267565388653895,0.10961156372318111,0.2551028829386333,0.14737693772534463,0.12561978213206357,56,57,756
C:\Users\damba\.cache\kagglehub\datasets\sunnykusawa\ecommerce-products-image-dataset\versions\1\ecommerce products\tv\2.jpg,tv,exito,6046305.0,668198940.0,688105260.0,92648034120.0,92716068120.0,75504078885.0,14387105596740.0,13670745918030.0,10637765762655.0,10090912749045.0,18802962887.71456,14405620856.809078,-540911458.759439,-7728592558.795476,-159780515909.79968,213427810818.6914,-32355990924.04297,0.0005143351282535578,0.0003940504959354096,-1.479605986440739e-05,-8.597561380733008e-08,-1.777455316125228e-06,2.3742469148291544e-06,-3.599395567661483e-07,3.0417296995895473,7.81123777962992,9.744242287691467,9.997596327275296,9.999999999999993,-9.999999986219201,9.999999999999986,0.3183098861837906,0.005167470482143563,0.017197153252774825,0.008638030492096552,0.02220736588805943,0.085144315931816,0.055574200608267926,0.009974858254885179,0.050535246469488336,0.052877194550654566,0.10698295131915002,0.07413352975915571,0.12784457035732857,0.06788441576022435,0.034120565122182506,0.045129951495297214,0.06460001301108555,0.050787852369889266,0.04102881512247777,0.04776178309631711,0.20235808447464088,0.12945887438937184,0.015324040753717507,0.11445368158373273,0.07095026884669392,56,57,756
C:\Users\damba\.cache\kagglehub\datasets\sunnykusawa\ecommerce-products-image-dataset\versions\1\ecommerce products\tv\20.jpg,tv,exito,2779245.0,310855710.0,313652295.0,35464607970.0,44767868085.0,34834827840.0,4122009743970.0,7164869068035.0,3944713920780.0,4957220413260.0,695714821.1037728,9370570560.396368,-246860480.15689337,-300358136.6799416,-2453888585.59982,-2429890364.9570312,5699152465.433594,9.006946630189527e-05,0.001213144040801254,-3.195934745717381e-05,-2.332503579568879e-08,-1.9056263875660913e-07,-1.8869899903066967e-07,4.4258143538484693e-07,2.884984394123917,5.89774399366385,9.991542852096039,9.998614141838079,10.0,-9.9999999325108,-10.0,0.3183098861837906,0.052084239029744926,0.0007499657773172719,0.00044329321123786215,0.11292264945898108,0.008991342934583316,0.031075850116543114,0.003277392565253391,0.012500008439221713,0.16934526038606043,0.03946015431151182,0.16046238128980858,0.10910488634273587,0.01990111638413478,0.07210121187880243,0.18054807456583652,0.164184687225966,0.047882314874460645,0.20031395708880614,0.05010244254215227,0.19214189220149036,0.06936904173296359,0.1556824900847674,0.2142408633468317,0.08936641449719475,56,57,756
C:\Users\damba\.cache\kagglehub\datasets\sunnykusawa\ecommerce-products-image-dataset\versions\1\ecommerce products\tv\21.jpg,tv,exito,2510985.0,286257390.0,281666370.0,33100811520.0,40646641980.0,31879875090.0,3879897268020.0,6583199624580.0,3660832173000.0,4581951642570.0,466887649.64151496,9051095216.886358,-230663175.65045214,-114756192.15671326,-6871748895.230472,385237780.9667969,-99435673.3828125,7.404984421387289e-05,0.0014355320627778044,-3.658390243543165e-05,-1.1485921218804265e-08,-6.877917867668208e-07,3.855836203286525e-08,-9.952493973083812e-09,2.8211432892546227,5.730700202105976,9.997203927190546,9.998171290708733,9.999999999999998,9.99999751928342,10.0,0.3183098861837906,0.03136107360458484,0.005446729394694618,0.08608938780113379,0.0692079356085799,0.08529267430481814,0.06318544295050305,0.1267448423117074,0.11396433564303002,0.10400397864335706,0.15749436043911813,0.096426817895759,0.19963509333364135,0.136708131934762,0.07042683961845067,0.028939637962257354,0.09611283741227711,0.2174013515924759,0.12708941677435223,0.06920788476700479,0.37107171536837535,0.11945776451646306,0.031072132137454918,0.1354788649767742,0.08424180924388038,56,57,756
C:\Users\damba\.cache\kagglehub\datasets\sunnykusawa\ecommerce-products-image-dataset\versions\1\ecommerce products\tv\22.jpg,tv,exito,970020.0,108534885.0,75544770.0,12220027125.0,7250182950.0,8434659735.0,1384322252325.0,771263764410.0,947952328815.0,808510531425.0,76131883.70268027,1366786448.5331225,-17993740.4968462,-5049373.690100634,-6267151656.446863,288114220.66552734,95130987.2121582,8.091055833845523e-05,0.0014525774130603305,-1.912317835038467e-05,-5.448610852223896e-09,-6.7626744668938925e-06,3.1089445260822763e-07,1.0265267756338462e-07,2.814319597931142,5.72514212795084,9.797738545869931,9.848829676863353,9.999999999991013,9.999751952842844,-9.99999999999996,0.31830988618379047,0.0019732657800106625,0.03272958168156618,0.0026207139679895464,0.005218770099432426,0.06630228470041344,0.008332205262550177,0.0041605728143901234,0.08944236952905592,0.0074340826844534495,0.12569575605005595,0.12630545700798132,0.08319212953666744,0.028725281233039825,0.04801500458948279,0.04299582632583184,0.0433078484323282,0.1668771768096982,0.1733934700709473,0.12440624494838079,0.19132115737117905,0.08690232695066825,0.038627874228270666,0.06399169070016691,0.3627063719054672,56,57,756
C:\Users\damba\.cache\kagglehub\datasets\sunnykusawa\ecommerce-products-image-dataset\versions\1\ecommerce products\tv\23.jpg,tv,exito,3277260.0,361019820.0,398712645.0,41065319340.0,58887752565.0,43504159995.0,4808048627280.0,9620143182225.0,4908823857435.0,6395097563115.0,1295722044.4444478,10380226984.821434,-417642769.9999965,-1138582425.6839342,-69886628328.24828,4816407149.806641,9700333649.779297,0.0001206396456701161,0.0009664626073110886,-3.8885095769971304e-05,-5.8558134492463795e-08,-3.594320875286753e-06,2.477113745009925e-07,4.988953190142002e-07,2.9637295642464707,6.141724730216569,9.916381655211472,9.953139401737522,9.99999999999923,9.999958577875462,-9.999999999999963,0.3183098861837905,0.029363110865394743,0.021095024492057777,0.034893781247942464,0.06782007746995455,0.046977436054029445,0.0261597241915746,0.059701256022887575,0.046637145781790165,0.10775027811653329,0.07088717276404913,0.0992870056666069,0.020092561491750656,0.09919131290880186,0.07455507098604261,0.12575920129773252,0.11705043015894186,0.047903574720283906,0.104862892324311,0.12875882902443722,0.005860980891401209,0.14256921090563845,0.10507151014560148,0.2029139732792482,0.05417353533537375,56,57,756
C:\Users\damba\.cache\kagglehub\datasets\sunnykusawa\ecommerce-products-image-dataset\versions\1\ecommerce products\tv\24.jpg,tv,exito,6212565.0,708769695.0,670289430.0,105541233705.0,80251449840.0,75749659950.0,17528433367665.0,10351724608830.0,11243259736260.0,9017301541140.0,24680191518.657795,7932219382.093332,-721304114.4120243,-143747390758.92273,-18462936321.44354,20729849285.273438,17342493791.14453,0.0006394500625994826,0.0002055194011196336,-1.8688589218010945e-05,-1.4942477349974533e-06,-1.9192140207947916e-07,2.1548586153683408e-07,1.8027445179916472e-07,3.073158934301077,6.721720101276606,9.979454787554616,9.992563416843083,9.999999999999979,9.999996737304834,-9.999999999999993,0.31830988618379075,0.13507239658513945,0.06363021920508102,0.11423881142980177,0.05127745101754156,0.06390151156974479,0.024278641272419937,0.05084573382064685,0.12017170527022474,0.058804302390970724,0.1622851569707474,0.09044825160884079,0.04059636261242498,0.11653562221138462,0.07103261145627121,0.14689003793803637,0.045981286069332265,0.12043327560798525,0.2024548924323552,0.13007633890506445,0.22495159344749738,0.06779943173113644,0.05784130534885436,0.12152462566209879,0.3302575216630549,56,57,756
C:\Users\damba\.cache\kagglehub\datasets\sunnykusawa\ecommerce-products-image-dataset\versions\1\ecommerce products\tv\25.jpg,tv,exito,4983975.0,519861870.0,531270825.0,75060717270.0,62890873635.0,55010723385.0,12395875754340.0,8050976980485.0,7858607744175.0,6474890015505.0,20835653163.559483,6259632608.273219,-404370904.38602906,219946285174.84882,12572558106.151136,-58192633047.83984,1160463116.296875,0.0008387941811286154,0.00025199802312919335,-1.627901745887826e-05,3.966221763480083e-06,2.2671696202367491e-07,-1.0493693379957371e-06,2.0926264173607896e-08,2.9622579347477873,6.461564824362269,9.897476046441273,9.933397905224743,9.999999999998495,9.999960285723269,-9.999999999999845,0.31830988618379064,0.4388465092058614,0.20018606036823242,0.3667152486107285,0.07315259590719767,0.18042010460160043,0.23948369949796064,0.22771773885600508,0.05899942702093758,0.23756908469600402,0.2054387665709045,0.12478023219690187,0.2776277267024337,0.11955713818531566,0.08355461314502112,0.07924272799439139,0.3049623793473709,0.15826912011829278,0.18377866329414336,0.06586703581329828,0.46510851002262216,0.2698935438957023,0.25053797179578713,0.22896796541630485,0.23239802876888585,56,57,756
C:\Users\damba\.cache\kagglehub\datasets\sunnykusawa\ecommerce-products-image-dataset\versions\1\ecommerce products\tv\26.jpg,tv,exito,5512335.0,592677375.0,441895110.0,81960995595.0,55325909760.0,47525846595.0,12826826293155.0,8593212174360.0,6553366306815.0,6024816511845.0,18237279449.865387,19901486490.748024,13996567.718233477,92826355813.29584,967226434518.264,-20028463675.28125,74019799434.26562,0.0006001901266863718,0.0006549592953798457,4.6062801061278577e-07,1.301164763436082e-06,1.3557797716312158e-05,-2.8074280167209556e-07,1.0375496697746846e-06,2.901304534947661,8.508566786271242,9.507739508331147,9.55013642609872,9.999999999857625,9.999959124533323,9.999999999940151,0.0,0.0,0.0,0.0,0.0,0.0,0.0,0.0,0.0,0.0,0.0,0.0,0.0,0.0,0.0,0.0,0.0,0.0,0.0,0.0,0.0,0.0,0.0,0.0,0.0,56,57,756
C:\Users\damba\.cache\kagglehub\datasets\sunnykusawa\ecommerce-products-image-dataset\versions\1\ecommerce products\tv\27.jpg,tv,exito,4634625.0,524355735.0,537098085.0,71175222345.0,66351325635.0,60222332805.0,10694864928135.0,8626275245115.0,8163606228105.0,7393819894425.0,11850263620.747183,4108025926.6811595,-544279623.679227,-39259927296.064865,-15199664391.488474,38400124761.359375,13064162429.53125,0.0005516947000213452,0.00019125111506653313,-2.5339198630798796e-05,-8.490103626770402e-07,-3.2869833100481555e-07,8.304168167360085e-07,2.825173159064875e-07,3.129042800820629,6.877496180370968,9.95534096296997,9.997520167718378,9.999999999999998,9.999999766576419,9.999999999999995,0.31830988618379047,0.04081739431531801,0.03304740548650731,0.03395643697038154,0.08962337449523637,0.049437304519734576,0.010289528186383045,0.05014464528735361,0.05631975545663474,0.13472981791724245,0.08780626546145318,0.11909382098201697,0.07744426182626267,0.056914230726794364,0.09421181263719207,0.11801256755013993,0.1255237587706599,0.11681354582262135,0.16262388508987607,0.1295726721334436,0.183312158760779,0.0787569509244599,0.18580388441695997,0.14677450062942343,0.1908529317058122,56,57,756
C:\Users\damba\.cache\kagglehub\datasets\sunnykusawa\ecommerce-products-image-dataset\versions\1\ecommerce products\tv\28.jpg,tv,exito,4885035.0,527312715.0,520798485.0,72392350095.0,74242544925.0,55775959515.0,11174592653115.0,12478761104025.0,7313122185915.0,8028775763505.0,15471836853.913454,18719695656.101162,-441378353.25207204,20036080076.46973,572237774263.4779,-309410184779.2617,108812124034.60547,0.0006483455254420476,0.0007844466711268499,-1.849590860218885e-05,3.7987748979019665e-07,1.0849440031217954e-05,-5.866315360133883e-06,2.0630420910300408e-06,2.8438167621440984,7.69914557303233,9.025461576278067,9.883394289477833,9.99999999999151,9.999992761511464,9.999999999980188,0.31830988618379047,0.022901962727865627,0.04541310443436706,0.04145778414455635,0.05012283319496988,0.05550143911055387,0.0726778450305041,0.02445534973430837,0.04213025692190145,0.07626448592282291,0.08968761539239054,0.07117859096384581,0.08170543114402892,0.09691229243247208,0.08030381551108666,0.0701294207142163,0.09001562535385894,0.09707364591027459,0.07784859515892932,0.0915084138279602,0.04636525065047872,0.24939374780190018,0.11325522046682111,0.17745046255829783,0.09575955568151441,56,57,756
C:\Users\damba\.cache\kagglehub\datasets\sunnykusawa\ecommerce-products-image-dataset\versions\1\ecommerce products\tv\29.jpg,tv,exito,3738810.0,395688855.0,479924790.0,54151778835.0,64923200430.0,50105218260.0,8338743545655.0,9084907016700.0,6798641309340.0,6657735471270.0,12274906254.89803,3318624627.393258,-686581976.2290354,9531158317.781866,-100805492701.85138,-7116515593.177734,-37007353201.74609,0.0008781149938933791,0.0002374058085580106,-4.911629590841808e-05,3.526242654332475e-07,-3.729500825656148e-06,-2.632897282596563e-07,-1.369161050871248e-06,2.952522287563696,6.376484111608438,9.890982002728808,9.931904260206425,9.999999999998424,-9.999955053852041,-9.999999999999615,0.3183098861837905,0.025461886868280256,0.020087117075021636,0.03540337569074193,0.06107834088462215,0.0459353504285697,0.020832556492335043,0.06144249390882408,0.045098997794450875,0.10237978162687172,0.06472611857502687,0.09972268773756858,0.0059374594893662975,0.1042477630962498,0.07292147130440504,0.12507400861158322,0.12413927336936134,0.04153614679572604,0.10646941071463378,0.13092052519206993,0.01432416477475436,0.15132478736459604,0.11097589228312683,0.20747816149474016,0.06379431070180037,56,57,756
C:\Users\damba\.cache\kagglehub\datasets\sunnykusawa\ecommerce-products-image-dataset\versions\1\ecommerce products\tv\3.jpg,tv,exito,5018910.0,571112535.0,559583730.0,78321075615.0,67820001450.0,62991072570.0,11901094310145.0,8759545995330.0,8557718047590.0,7566325576020.0,13332955159.736565,5429173385.596994,-685160433.7907703,-45600027678.60911,-12702076035.01619,-18764137945.472656,1726153150.28125,0.0005293069576073491,0.00021553355671151268,-2.720028533343464e-05,-8.080562366040465e-07,-2.2508740192560127e-07,-3.325102957876166e-07,3.058833271438556e-08,3.1279366503757133,6.993477613521254,9.993934860934703,9.996042676538407,9.999999999999998,9.99999980483439,-9.999999999999996,0.3183098861837906,0.0017193214049417219,0.0173090568699153,0.008659685277697358,0.016245437111710573,0.08530332085974016,0.05673413567845929,0.007537693762678696,0.04854632044471646,0.04579588182699929,0.10557185445948657,0.07278163911117265,0.13280579535647846,0.05961281515160443,0.025400758229205473,0.04273590658371829,0.05812304517618505,0.04536945227045995,0.03654149743943281,0.04616237796928877,0.2138649588631317,0.11440029604772158,0.02908196415286059,0.10787088551010886,0.07283721939391305,56,57,756
C:\Users\damba\.cache\kagglehub\datasets\sunnykusawa\ecommerce-products-image-dataset\versions\1\ecommerce products\tv\30.jpg,tv,exito,5947620.0,668261925.0,721694370.0,96157650885.0,95108987610.0,80925132810.0,15541851675465.0,13386860646150.0,11614292391360.0,10642859865270.0,21073163240.411808,7537360019.518957,-162910635.59038034,2311128213.878494,16981353922.756893,-17032630454.578125,-3847854460.3046875,0.0005957215420244311,0.00021307516495721804,-4.605353925222335e-06,2.678958626284666e-08,1.9684041890959437e-07,-1.9743479401359571e-07,-4.4602644012648966e-08,3.092160571948445,6.833856884658023,9.997192515912987,9.999998620429688,-10.0,9.999999999474133,10.0,0.0,0.0,0.0,0.0,0.0,0.0,0.0,0.0,0.0,0.0,0.0,0.0,0.0,0.0,0.0,0.0,0.0,0.0,0.0,0.0,0.0,0.0,0.0,0.0,0.0,56,57,756
C:\Users\damba\.cache\kagglehub\datasets\sunnykusawa\ecommerce-products-image-dataset\versions\1\ecommerce products\tv\31.jpg,tv,exito,3746970.0,396543615.0,480580905.0,54278093085.0,64986948645.0,50171784735.0,8359920865725.0,9092083446255.0,6808029000465.0,6663672264735.0,12311693941.887505,3348342984.7948055,-688320728.5269502,9739654716.706758,-101954935896.12694,-7909402170.871094,-37361356088.26953,0.0008769147576097769,0.00023848963357641617,-4.9026446536361674e-05,3.583793859414469e-07,-3.7515238869277108e-06,-2.9103359160140465e-07,-1.3747448182004072e-06,2.9525676111503087,6.37955056536788,9.891505516101146,9.930423396972259,9.999999999998382,-9.99995405595474,-9.999999999999568,0.3183098861837905,0.03993253514046376,0.024546449258494377,0.03475291411454339,0.08833685964361866,0.05076012774455032,0.04387636726603653,0.0601901196586001,0.05321588005515405,0.1308755445338846,0.09311894710389648,0.09476282422332931,0.06621208936661972,0.08320081393906846,0.08824719347961898,0.12038683982761142,0.10549700642888402,0.10057515450887901,0.08196421501267245,0.11131323427983032,0.07380260371879314,0.0849378691660581,0.1254173147555582,0.15983267140249727,0.0344698169617419,56,57,756
C:\Users\damba\.cache\kagglehub\datasets\sunnykusawa\ecommerce-products-image-dataset\versions\1\ecommerce products\tv\32.jpg,tv,exito,5060985.0,560831445.0,517627050.0,76211618715.0,57924595380.0,57359331525.0,11568024319005.0,6943317843120.0,7795967344545.0,6415095385275.0,14063260302.400867,4982774194.657128,-1345580.8573071328,5826556447.765176,-345266607.8528946,1499255219.0859375,-3525003820.4648438,0.0005490550812711015,0.00019453650373917636,-5.253390686649519e-08,1.0111703649031082e-07,-5.991933056537691e-09,2.6018840812011564e-08,-6.11747166852118e-08,3.128665475240031,6.900376556773759,9.999617621184255,9.999991329545116,10.0,9.999999998161902,-10.0,0.3183098861837905,0.03464763719669764,0.022689067741904507,0.035322143306928504,0.07770189166001688,0.05001350828879766,0.03387027321927053,0.06248340835202572,0.05202487824726877,0.11555498376324073,0.08798338945952651,0.09413795390817399,0.037835003413132035,0.0887579041102307,0.08206162965459855,0.11751793059068841,0.0873967295062147,0.08514837634930603,0.07505639508544372,0.11050374763157737,0.022910988119422195,0.09285039287177668,0.11134855486882392,0.15554628553525002,0.042352534451136827,56,57,756
C:\Users\damba\.cache\kagglehub\datasets\sunnykusawa\ecommerce-products-image-dataset\versions\1\ecommerce products\tv\33.jpg,tv,exito,5904270.0,676599915.0,691044645.0,89930312715.0,92044627365.0,77749847820.0,13094454872865.0,13365347349045.0,10228439275350.0,10288346343750.0,12395334643.535242,11163722294.063875,-1440424316.640969,-51997892899.000755,-20932048876.101315,32991051527.289062,77669658862.51953,0.0003555705940964669,0.00032024075852591386,-4.1319782381684153e-05,-6.138612532277939e-07,-2.471133547789571e-07,3.8947594040360755e-07,9.169293498052054e-07,3.170174452737863,8.087379715628055,9.945675721833425,9.999513353175535,10.0,-9.9999999800136,10.0,0.31830988618379047,0.021947653765162094,0.04561479652523904,0.040990617366732256,0.048449999932148324,0.05433655560170292,0.07326921344183314,0.021478769711882235,0.043659971189259884,0.0761304752894576,0.08856259139214975,0.07233895084096963,0.08109976270751655,0.11017958717694941,0.08708746291122962,0.07298392898325463,0.09884539916218975,0.10311167755022466,0.08654270715196928,0.09428530284447316,0.03711409661734937,0.277139974213167,0.1285624727011664,0.18706499707481375,0.10148158154300671,56,57,756
C:\Users\damba\.cache\kagglehub\datasets\sunnykusawa\ecommerce-products-image-dataset\versions\1\ecommerce products\tv\34.jpg,tv,exito,4764930.0,494792565.0,575533980.0,68529956385.0,74712074640.0,61288979700.0,10921169123295.0,10200182486670.0,8600144291220.0,8082357369480.0,17150464476.560795,5195972171.6236725,1525261406.371615,243161782647.79846,-79140558878.1822,5958321102.140625,-44238106864.03125,0.0007553753985608086,0.00022885150168470357,6.71786437225646e-05,4.906298940625059e-06,-1.596826754420144e-06,1.2022162443873314e-07,-8.925965851987053e-07,3.0069047251617285,6.529619950883232,9.792230559696653,9.927051346604197,9.999999999999314,9.999975065233862,9.99999999999743,0.3183098861837906,0.0411611216835919,0.005549675405883747,0.0034719214848902688,0.09130264113476515,0.008906459779330422,0.00542520714835174,0.013892719056095003,0.011683558696094054,0.13601299392894178,0.037957156037676264,0.15910408354636119,0.03652103047062043,0.03198240010378467,0.046465240191745236,0.16050357112676825,0.11422120380110015,0.03862440482356379,0.16630570545857254,0.07772869421042071,0.05919367276885218,0.05346809011571693,0.08806940775242679,0.1756831370190826,0.08035839620857924,56,57,756
C:\Users\damba\.cache\kagglehub\datasets\sunnykusawa\ecommerce-products-image-dataset\versions\1\ecommerce products\tv\35.jpg,tv,exito,4762125.0,506052855.0,522571755.0,65602927665.0,63099415185.0,55570394070.0,9493340546025.0,8181218120835.0,7207825918470.0,6672911401530.0,11826621487.89398,5755007147.877918,38687413.80964302,8427827619.262031,-6047123841.968336,666762534.578125,-40913435630.18359,0.0005215057672171235,0.0002537723407370631,1.7059571443202587e-06,1.7029961524500123e-07,-1.2219315702096147e-07,1.3473152065772709e-08,-8.267305242749486e-07,3.1105424233028485,7.143918934060009,9.970407054776437,9.998081528234996,-9.999999999999996,9.999999510597632,9.999999999999998,0.3183098861837906,0.01675667592209945,0.012210409858270847,0.0061053681327512795,0.044751694114253254,0.008162671249393343,0.031596358365710536,0.0258903518136467,0.010091262071526889,0.07335491754937802,0.02986308813363514,0.1567090582062671,0.07056675233897101,0.05309315956484609,0.006655321807641505,0.11897834501362788,0.04345576728299137,0.010589999952591047,0.11455870803188309,0.11646447624921222,0.1292519473756445,0.05449811675346561,0.03663557022780228,0.10174244853556567,0.04664249606795656,56,57,756
C:\Users\damba\.cache\kagglehub\datasets\sunnykusawa\ecommerce-products-image-dataset\versions\1\ecommerce products\tv\36.jpg,tv,exito,6661875.0,745153860.0,747771690.0,113564271930.0,93464820030.0,83834798070.0,19411503308940.0,12703409410530.0,12900713507310.0,10510055288970.0,30216224259.802105,9530116907.312153,193937020.78736755,-50634283008.74109,72873760921.48586,110144278078.16016,12153024647.222656,0.0006808434065176488,0.00021473620277295168,4.369862387419949e-06,-4.4203175107973327e-07,6.36179960173018e-07,9.615474974119264e-07,1.0609457558231063e-07,3.0478957545782146,6.662675923827233,9.97619765858154,9.988575106169796,-9.999999999999957,-9.999995020290143,9.999999999999988,0.3183098861837905,0.04488454698282855,0.026525724235521974,0.03378252483164879,0.09811249570223382,0.05110269149464942,0.054519927716182935,0.055596558550027764,0.05369099013299904,0.1451612811479468,0.09588123933497321,0.09656001234529725,0.09655993530801664,0.0738282807337718,0.09535536531266024,0.12513489383748136,0.12491963573942697,0.11052897483140686,0.09607455753754458,0.11568313491375569,0.1296822890684525,0.07727374334418224,0.14419506848148897,0.17325582507340537,0.025628099247915336,56,57,756
C:\Users\damba\.cache\kagglehub\datasets\sunnykusawa\ecommerce-products-image-dataset\versions\1\ecommerce products\tv\37.jpg,tv,exito,8265060.0,1014050850.0,938793975.0,162415391010.0,148275728985.0,121650766650.0,28728571141500.0,26079257822775.0,19760235918240.0,19426911246360.0,38000186959.97223,41642004910.84922,6468925462.685115,-522965941184.2602,-222655005964.56174,-275218059771.3047,-234785766099.03125,0.0005562803407414875,0.0006095924924097486,9.46978514712126e-05,-2.662921592200555e-06,-1.133750357914168e-06,-1.401399319177323e-06,-1.1955197018579315e-06,2.933348780141652,7.41102370741401,9.957500270415478,9.91608709728626,9.99999999999864,9.99998586749791,9.999999999999837,0.31830988618379075,0.06799759673811566,0.17273416176516723,0.22947158660072703,0.06051365722751608,0.10067089260835818,0.08219238990585706,0.06460408107338243,0.051934672752664224,0.0717913762444577,0.0683720814829263,0.04209367974883538,0.03427377234853926,0.11005801889963532,0.06197621438048815,0.11753184612901349,0.10809542079584995,0.0137037785416071,0.12786923090510005,0.09200476866869857,0.2340842118768698,0.13055674654131205,0.20655049832300626,0.079081374173001,0.1567974202921029,56,57,756
C:\Users\damba\.cache\kagglehub\datasets\sunnykusawa\ecommerce-products-image-dataset\versions\1\ecommerce products\tv\38.jpg,tv,exito,5928240.0,610055625.0,651518370.0,87435005625.0,81043387020.0,69661559685.0,14502052053075.0,10914581815650.0,10057229072295.0,8900106399435.0,24656193432.150078,9440991292.523232,2615953162.772284,429828932523.1483,-67297110764.485954,-90346975421.07812,-14791985551.855469,0.0007015755957589854,0.00026863713203882785,7.443520848828472e-05,5.02320846340546e-06,-7.864696645023892e-07,-1.0558425858264061e-06,-1.7286697425992862e-07,3.0131329875897985,6.6784054746421475,9.865245846316505,9.896470186400391,9.999999999997163,9.999973703305686,9.99999999999769,0.31830988618379047,0.004548235021262676,0.03265044811692224,0.002574844960311939,0.014880373393820387,0.06639722548611662,0.007342215503238025,0.0016990684198535523,0.0864233300673799,0.021673231369132667,0.12087793193309507,0.12150700672849361,0.08631888583780778,0.018257670339841884,0.028041616736116222,0.0350875070784354,0.015363970604228467,0.1559783272026918,0.16139064465894767,0.12722887730219448,0.19054191370900064,0.05792907119113037,0.09118760978908906,0.05014401305014751,0.3730068765219125,56,57,756
C:\Users\damba\.cache\kagglehub\datasets\sunnykusawa\ecommerce-products-image-dataset\versions\1\ecommerce products\tv\39.jpg,tv,exito,6652440.0,774416385.0,701040900.0,117973251255.0,82856205990.0,81788106615.0,19977905350575.0,10630463376360.0,12463840319625.0,9679065737955.0,27822759502.129135,8979802223.440657,179319536.10165104,-233208230655.39224,6390632689.906499,-10050494805.011719,-4091746448.2734375,0.0006286924852871958,0.0002029106486296001,4.051964895993398e-06,-2.0431086307616335e-06,5.5987547129368456e-08,-8.805114906037564e-08,-3.5847287464347577e-08,3.0800838304643197,6.741229035231416,9.983598061770588,9.981619575375973,9.999999999999924,9.999992005162404,9.999999999999991,0.31830988618379064,0.00986396718368273,0.04950180629195288,0.05668986707324732,0.012886765268520893,0.06865020134682047,0.055646148683719025,0.09930697822160715,0.03146094484216457,0.02958817832429612,0.09290314295838195,0.025835475611353367,0.00631082812140508,0.13934999443634474,0.12489882071564912,0.023407285217886292,0.05495062794824487,0.07091631307001123,0.039933897702831116,0.012872220612028959,0.08692261998296893,0.15470374247324012,0.21968909030066322,0.012857688574505099,0.14718475949445367,56,57,756
C:\Users\damba\.cache\kagglehub\datasets\sunnykusawa\ecommerce-products-image-dataset\versions\1\ecommerce products\tv\4.jpg,tv,exito,4145535.0,468445455.0,480882060.0,61884367215.0,59304340710.0,54339672780.0,9015640456095.0,7696412568360.0,7178586596940.0,6701390500230.0,8950030800.0,3522021750.0,0.0,0.0,0.0,0.0,0.0,0.0005207908646505828,0.00020494194863560232,0.0,0.0,0.0,0.0,0.0,3.1392231804399735,7.0006060996038615,0.0,0.0,0.0,0.0,0.0,0.3183098861837905,2.6504622345529306e-17,0.04024607756346777,7.40826716032043e-18,2.208718528794109e-18,0.0,0.1280557013383065,0.0,0.043362777172760006,0.0,0.0,0.0,0.3046987922378967,1.5730458046415257e-17,0.21247760814652356,1.5461029701558764e-17,1.1043592643970545e-18,5.521796321985272e-19,1.7807258072580878e-17,0.0,0.5087447492674912,0.0,0.4996355547572437,1.987846675914698e-17,0.5947927602196896,56,57,756
C:\Users\damba\.cache\kagglehub\datasets\sunnykusawa\ecommerce-products-image-dataset\versions\1\ecommerce products\tv\40.jpg,tv,exito,6787590.0,785175090.0,766270155.0,112778568480.0,97656091065.0,88291391250.0,17971620392580.0,13542261530565.0,12670987633410.0,11301350236680.0,21951055039.072063,11149694767.68033,-349236412.6076284,-152893004391.80933,149424097.48314053,19895318398.816406,83537845099.39844,0.00047645753151148983,0.00024200914428303092,-7.5803335542997595e-06,-1.2737922782457644e-06,1.2448918923072931e-09,1.6575318831926136e-07,6.959760026444024e-07,3.143593310233616,7.257307130974607,9.95254135066769,9.998431731228605,9.999999999999998,9.999999675742302,9.999999999999998,0.3183098861837905,0.04075550981055209,0.02485937175975454,0.033001028641428884,0.09010191666913153,0.04756744270052292,0.04671693065169251,0.05461978790406578,0.046866927919907916,0.1415888410029222,0.07664953276239707,0.10296422052307168,0.08064326779063893,0.1093753213700755,0.08252216661414803,0.13693883529552806,0.17239728376930327,0.0658209769786178,0.1339580084512225,0.14085254186407836,0.12568295054871315,0.19202613644534605,0.11940250578489492,0.24241309219649163,0.041592864352576676,56,57,756
C:\Users\damba\.cache\kagglehub\datasets\sunnykusawa\ecommerce-products-image-dataset\versions\1\ecommerce products\tv\41.jpg,tv,exito,6016215.0,667230450.0,667414305.0,96683837520.0,81394928235.0,74107688430.0,15790761041010.0,10650947981535.0,10753744370760.0,9045465870900.0,22684408741.739502,7354712830.691314,87869148.0117024,36361153096.08034,-10476279936.414972,8544246515.496094,-1163088779.6484375,0.0006267304098535953,0.0002031978104085776,2.4276703780923647e-06,4.095710739531218e-07,-1.1800454218965793e-07,9.624216845447596e-08,-1.3101001481572595e-08,3.0809594154057285,6.745927231148133,9.99840941130866,9.999315821319623,10.0,9.999999712105886,10.0,0.31830988618379047,0.010572833421236405,0.032221157186768934,0.002464152687680204,0.025221710243821402,0.06647972397719171,0.004802922638952728,0.0036022404297378833,0.08381449292052363,0.03697004158854094,0.11708520273068092,0.11744830583974264,0.09360623737613183,0.016235324140015873,0.011722308354868753,0.028938427867567517,0.0232509342035972,0.14921502231290046,0.15276413004746384,0.12942202331790714,0.2008319112608655,0.044398703339666494,0.13468871882522349,0.046892629233127606,0.382229660768257,56,57,756
C:\Users\damba\.cache\kagglehub\datasets\sunnykusawa\ecommerce-products-image-dataset\versions\1\ecommerce products\tv\42.jpg,tv,exito,5693895.0,635040015.0,669032280.0,89168592015.0,84787845780.0,74627270055.0,14037111538395.0,11415213112590.0,10486840979175.0,9459177607485.0,18342589664.90394,6176597823.724309,10110952.718662858,642505753.3086764,1147270529.2658215,7282058731.703125,414500077.93359375,0.0005657723803737852,0.00019051554427052295,3.1186969190234234e-07,8.305262921149491e-09,1.4830035899556058e-08,9.413053822880086e-08,5.3579786801092954e-09,3.121312776335442,6.851033276235001,9.999688941377643,9.999947631191255,-10.0,-9.999999980963613,-10.0,0.3183098861837907,0.006362697349458292,0.10629407136159318,9.538798349817115e-05,0.016971006353313067,1.2711404747698963e-06,0.148531636462812,0.0005829900878998396,0.09333158655055071,0.03432854744966597,0.005583257874761061,0.00559681692249555,0.12170681276077924,0.0018207781383960035,0.21816504140372966,0.00019578088983565335,0.05533613503541197,0.024818581569546763,0.02489039218199364,5.217953158184199e-06,0.019049328009949403,0.0037076089183567034,0.3227961306665127,0.0013709355331240469,0.1989710861417815,56,57,756
C:\Users\damba\.cache\kagglehub\datasets\sunnykusawa\ecommerce-products-image-dataset\versions\1\ecommerce products\tv\43.jpg,tv,exito,4572660.0,479017245.0,517725990.0,63134108955.0,63072968370.0,55145446515.0,9467572822545.0,8132234918130.0,7369833934485.0,6805364011275.0,12953793557.09374,4454964686.918355,910126724.1785601,139849365915.92175,-17817129801.976532,30976058865.773438,-8051388332.917969,0.0006195254477198521,0.00021306221842078192,4.352753220848975e-05,3.127794596461583e-06,-3.9848820160243715e-07,6.927936276685798e-07,-1.8007295747665294e-07,3.0795699748288348,6.76222776190937,9.922308027469743,9.963468198889556,9.999999999999522,9.999984158857847,9.999999999999854,0.3183098861837906,0.026837334116180563,0.010139520764435805,0.005132632860998964,0.06379609729387178,0.008517698263917971,0.019581964366144726,0.020911136800161656,0.010740381989378663,0.09733503003328711,0.03359524008257113,0.1576771912963759,0.03493979624098606,0.04108712492706622,0.015344930424226869,0.1361833174458656,0.06370496660284374,0.022038404293955274,0.132466852645375,0.10086536283438323,0.068297420300153,0.03618204790152475,0.014438589928431484,0.1271425972117242,0.062132382905039606,56,57,756
C:\Users\damba\.cache\kagglehub\datasets\sunnykusawa\ecommerce-products-image-dataset\versions\1\ecommerce products\tv\44.jpg,tv,exito,5804310.0,608904300.0,539184750.0,82807542300.0,72865398810.0,57135304845.0,12898394795370.0,11897884638150.0,7557275719605.0,7903358122575.0,18930105264.677967,22778447108.15043,571835152.7497547,239678501937.70505,897180943858.5565,-255013727364.73047,153133850546.6172,0.0005618906819383555,0.0006761186480551322,1.697343144385042e-05,2.9529261307361227e-06,1.1053594843508381e-05,-3.141861673632507e-06,1.8866646158230566e-06,2.9072760472556918,7.84465127576083,9.278416048781475,9.73044698965527,9.999999999996044,9.999969277474051,9.999999999928539,0.31830988618379047,0.0036883529912023426,0.032683823583700145,0.002602409141140734,0.013023464662594157,0.06637756948895691,0.007627270814847213,0.002326935029176035,0.08706138725986491,0.018942456407740088,0.12188291883525144,0.12250225601783549,0.08545201922232966,0.0205067513709611,0.03222389863924714,0.03676525617300312,0.02201434371011549,0.15811946472648783,0.16373472460861,0.12670168668839601,0.19017936767203525,0.06377002795631247,0.0803107033505932,0.053556348386607576,0.37082575817985236,56,57,756
C:\Users\damba\.cache\kagglehub\datasets\sunnykusawa\ecommerce-products-image-dataset\versions\1\ecommerce products\tv\45.jpg,tv,exito,5710215.0,635466885.0,689858130.0,97026789825.0,89641222020.0,77419776840.0,16595474870805.0,12295752738960.0,11783846980650.0,10089599899140.0,26308233355.30434,6298608908.7429085,648237245.9523122,-57721916345.5938,-55799509143.70124,-82358826912.4336,-42840226708.29297,0.0008068387806058195,0.0001931700187849535,1.988058042529051e-05,-7.408146970457878e-07,-7.161421359280661e-07,-1.057009768055602e-06,-5.498200957200122e-07,2.9999961350608926,6.42219775710264,9.971216906308921,9.979598083533208,9.999999999999925,-9.999996850427593,-9.999999999999906,0.3183098861837905,0.03282118712673869,0.02210836740433595,0.03543450646843125,0.07401375860233371,0.04967127389210037,0.03075103259650519,0.0627863917039956,0.05146724626379612,0.11035220538876304,0.08574440469638592,0.09420950233344258,0.02905842068815273,0.08981284461848191,0.08028615651143961,0.11702504808025434,0.08206827496115343,0.07883662524505956,0.07450575755755003,0.11104016262768482,0.007516830806250709,0.09517995764373872,0.1080235739100673,0.15615312570262013,0.04489864247675383,56,57,756
C:\Users\damba\.cache\kagglehub\datasets\sunnykusawa\ecommerce-products-image-dataset\versions\1\ecommerce products\tv\46.jpg,tv,exito,5394525.0,621551280.0,646486455.0,89077943850.0,86579704005.0,72449332140.0,14315456298540.0,12572329531575.0,10159028124900.0,9579385118760.0,17463484065.377922,9103978802.416452,-2038131280.396126,27745746095.413563,14448368380.749695,-46518781639.32031,92270439756.17969,0.0006001011680052984,0.00031284182997920934,-7.003670958985017e-05,4.1050020886311926e-07,2.1376459719745852e-07,-6.882485521683424e-07,1.3651474594177443e-06,3.03955629037529,6.990385573215935,9.925291752485965,9.985571623498563,-9.999999999999973,9.999995322399176,-9.999999999999886,0.3183098861837906,0.04079937203801139,0.005689393872897995,0.003644689924873675,0.09057340471305796,0.008904015334684304,0.004647696349879945,0.014860569064928268,0.011647993531525045,0.13505194597974968,0.03791115766848152,0.15904163062940324,0.03432117996361034,0.03479487573026635,0.0455146507771007,0.15969089680541892,0.11376986082270114,0.038326630334217814,0.16517013318186666,0.07922537539232473,0.05563579157883553,0.057263498490716484,0.0859153040268959,0.17535224494688081,0.08007937917037043,56,57,756
C:\Users\damba\.cache\kagglehub\datasets\sunnykusawa\ecommerce-products-image-dataset\versions\1\ecommerce products\tv\47.jpg,tv,exito,3822195.0,405048630.0,426501525.0,54817654980.0,49859379135.0,47473127130.0,8400469101420.0,6064032522225.0,6605431455840.0,5777750406660.0,11893525608.035229,2267994910.1434402,2275574835.0070086,70509861697.57588,-5701704408.520919,6278250768.574219,-13828904716.46289,0.0008141134539771215,0.00015524456168421432,0.00015576340857746836,2.4686968491044765e-06,-1.9962852527229705e-07,2.198146119863938e-07,-4.841787046261031e-07,3.013515749344162,6.274695191420024,9.935115139659478,9.983222636864717,9.999999999999867,9.99998862370829,9.999999999999975,0.3183098861837905,0.019040143985989712,0.08399044687996632,0.07619513085471072,0.035683594942486,0.00905967745379727,0.13641337735054415,0.06696971728232036,0.017873568719808088,0.03965981732023596,0.022535225440887593,0.003272689540956476,0.16574755813250452,0.03990557435203382,0.014328523882323665,0.0113178028868941,0.012567543170380793,0.02109544362746006,0.0016786494991399038,0.002752491548855408,0.13453221825406605,0.20354624379903583,0.045962647476485555,0.11276469362417325,0.09755615445912746,56,57,756
C:\Users\damba\.cache\kagglehub\datasets\sunnykusawa\ecommerce-products-image-dataset\versions\1\ecommerce products\tv\48.jpg,tv,exito,5542170.0,618530295.0,731318325.0,75452496465.0,112737642765.0,81972544035.0,9862345475805.0,19049519163345.0,10052950059585.0,12627612742605.0,6421823311.201573,16236363937.24739,354235808.9521027,8111587054.982827,-111748901096.27705,17529909955.226562,-47885431207.02734,0.00020907334419963458,0.0005286023519335202,1.1532747262556111e-05,1.1217762101968485e-07,-1.5454097689605516e-06,2.4242649214479384e-07,-6.62222289903967e-07,3.1321344659360326,6.988299313718839,9.960307289567302,9.991398488920971,9.999999999999966,9.999997920281153,9.999999999999984,0.31830988618379047,0.02302106804694694,0.04538732918764515,0.0411725730311195,0.0502845670760183,0.05482500846465782,0.07224128625498494,0.022485095214493978,0.04320762445893235,0.07711996796172049,0.08932536003292631,0.07207908740030712,0.07910864286226886,0.10498605045733615,0.08550871517793816,0.07211263826767572,0.09581393304572529,0.10194401629430146,0.08394810462409873,0.09358632672300168,0.03686837363552929,0.2670704264078795,0.12498001487381283,0.18469240930183603,0.09872151355020371,56,57,756
C:\Users\damba\.cache\kagglehub\datasets\sunnykusawa\ecommerce-products-image-dataset\versions\1\ecommerce products\tv\49.jpg,tv,exito,6959715.0,778325790.0,788405685.0,112854408030.0,99815879865.0,88052104350.0,18396335430930.0,13712361085455.0,12783540025560.0,11136796273380.0,25811901924.631588,10504245101.17429,-117666627.42021932,2243977657.142646,25217251599.524246,25562015443.964844,746093956.6445312,0.0005328894165395226,0.00021686123941960548,-2.429239837313113e-06,1.7560621785951177e-08,1.9734181238876197e-07,2.0003981941143483e-07,5.8386828174134555e-09,3.1250830876775217,7.000011232918038,9.999296015665061,9.999312362985691,-10.0,-9.999999783625809,-10.0,0.3183098861837905,0.0363859564456405,0.023270949118401267,0.034676360552280384,0.08094467213881042,0.04970260540152771,0.037211816391133044,0.05919497602016143,0.051324565262700524,0.11995345786446573,0.08659630374100227,0.09599065853042076,0.04799872958985636,0.08426684548985801,0.08312597244132526,0.1216467444473743,0.09500640596657042,0.08266822618023943,0.08733051098709209,0.11596756093271095,0.04254003792085704,0.09525160636095709,0.11381385354998545,0.17067947505515985,0.03823543821753332,56,57,756
C:\Users\damba\.cache\kagglehub\datasets\sunnykusawa\ecommerce-products-image-dataset\versions\1\ecommerce products\tv\5.jpg,tv,exito,6324510.0,658541070.0,567627960.0,88167865170.0,71128738140.0,55195327065.0,13427844153840.0,10696117700550.0,7038936363825.0,6501474434115.0,19597123582.62883,20183842650.26853,-3909065866.6764708,166234679790.50558,689257503499.4414,-60109191786.25781,-203140651583.49805,0.0004899351110695402,0.0005046032979776167,-9.77280472561767e-05,1.652549291121417e-06,6.851951712143128e-06,-5.975492141678552e-07,-2.019433852161971e-06,3.0023783961062693,7.414333558511574,9.630438480078261,9.856198075517655,9.99999999998947,9.999993621071559,9.999999999993506,0.3183098861837905,0.047300179087294315,0.027575099672016164,0.032811442791121644,0.10261113453418283,0.05080207171607997,0.06021340661592975,0.0509298276996151,0.05298844698769164,0.15196488885693818,0.09459964039810437,0.09881335710123129,0.11325006899989704,0.06943393433682445,0.0985866425109068,0.13003815744768984,0.13902647301552953,0.10942586778825361,0.11150994064467985,0.12249737522630696,0.16272851322582055,0.09173645468461221,0.15412831918827552,0.19271362906789025,0.019489648540202454,56,57,756
C:\Users\damba\.cache\kagglehub\datasets\sunnykusawa\ecommerce-products-image-dataset\versions\1\ecommerce products\tv\50.jpg,tv,exito,2723400.0,287455890.0,341743605.0,34004606490.0,44498554425.0,36003201375.0,4353990686400.0,5992347196095.0,4252673118165.0,4677680272785.0,3663529639.1179786,1615139738.0660133,-67964126.60954958,-8582115461.937155,3133801140.5050416,-19630419.033203125,-2101968044.6113281,0.0004939430091964067,0.00021776457708285276,-9.163404836819833e-06,-7.011578010267782e-07,2.56031176261494e-07,-1.6038028739650751e-09,-1.7173053643064913e-07,3.1476983438672668,7.1151457621810055,9.99955454563566,9.996424587473532,-10.0,9.999999128406184,9.999999999999998,0.3183098861837907,0.011204812404233941,0.1066949255628549,0.00029581508412901213,0.029900325692342605,6.941982572874024e-06,0.15098212210955672,0.001808369758518649,0.09333154958266521,0.06060366476657463,0.009830702481518785,0.009856083869028772,0.13019012587937953,0.006077108852657359,0.21898717835750084,0.0006071513071601901,0.09824480298630671,0.04375605698907833,0.043890285587029794,2.849640948336554e-05,0.0404583234587209,0.014873501757766968,0.3285568455732316,0.004254572553951053,0.19897135929703016,56,57,756
C:\Users\damba\.cache\kagglehub\datasets\sunnykusawa\ecommerce-products-image-dataset\versions\1\ecommerce products\tv\51.jpg,tv,exito,5910900.0,682023510.0,617412120.0,100617949980.0,72514054710.0,71536993395.0,16539400352700.0,9225805065540.0,10559222023335.0,8469492594495.0,21923323409.981888,8023414380.626403,297489901.63330966,-129508168886.56973,-24658114865.548172,-19290897033.945312,40380638728.83203,0.0006274789576464935,0.00022964235842222154,8.514614773334735e-06,-1.5246253368724708e-06,-2.9028583298443255e-07,-2.2710065814235325e-07,4.753780819725228e-07,3.0669576534633745,6.799521726104298,9.963132165758456,9.994096514724957,9.999999999999993,9.99999848006323,-9.99999999999998,0.3183098861837907,0.5720914858395311,0.6404335024354034,0.7505145256603384,0.6023553002946411,0.8511972222578114,0.3701445035599863,0.5226022371675495,0.8799425360900126,0.19347926289432388,0.5070722566907314,0.8508585507712356,0.1286385490229562,0.31510824753386546,0.6250365171555794,0.7875547657047478,0.3021206919593049,0.49302055975663545,0.8214036196177424,0.7251840910013254,0.31266748750869117,0.35459327522412615,0.5874440513518038,1.0201213811053544,0.7073248237648289,56,57,756
C:\Users\damba\.cache\kagglehub\datasets\sunnykusawa\ecommerce-products-image-dataset\versions\1\ecommerce products\tv\52.jpg,tv,exito,6311505.0,712806090.0,664587375.0,99310100880.0,81522157935.0,76162232100.0,15479895515550.0,10968688943475.0,10765607917320.0,9553722704160.0,18807507292.402737,11542592203.943682,1105343412.2601168,15904569291.299469,-46230485945.694046,58806562266.77734,114027227460.73438,0.0004721341098863197,0.00028975937168404563,2.7747979567549936e-05,1.5892403610283763e-07,-4.619512344483563e-07,5.876158010692978e-07,1.139400060559302e-06,3.1181056850440174,7.438417500740648,9.937145078958782,9.99267291044445,-9.999999999999975,9.999998598760387,9.99999999999997,0.31830988618379047,0.04033160744245291,0.04021939834821417,0.043947236096435555,0.08222828003349548,0.059484055247517216,0.047206327252323745,0.040097330029385876,0.04112987690818342,0.10934310754943534,0.10153892142476593,0.07041473495978667,0.01919351254383141,0.05012083497734651,0.0827855777283827,0.06667349365252587,0.08097717813740744,0.11334098614892478,0.06581704342772952,0.08941785931939572,0.03768217313646926,0.15626535220515458,0.1232622489931481,0.17165955353834073,0.07214853285469819,56,57,756
C:\Users\damba\.cache\kagglehub\datasets\sunnykusawa\ecommerce-products-image-dataset\versions\1\ecommerce products\tv\53.jpg,tv,exito,5364945.0,604029210.0,600795300.0,83936355900.0,72846559920.0,67734034065.0,13041638443860.0,9403967390970.0,9422622212025.0,8219807809905.0,15929827122.309992,5566281650.215315,91605217.97304705,4380367811.355458,-464999102.1420423,2351812470.9414062,-2368187896.0273438,0.0005534527052041518,0.0001933902743316882,3.1826557381149388e-06,6.57048448014614e-08,-6.974915156635576e-09,3.527682607035008e-08,-3.5522454933077146e-08,3.1267706389485967,6.886773921406642,9.99981588613742,9.99999256505147,-10.0,9.999999999780794,-10.0,0.3183098861837905,0.018961345500227392,0.084004557939463,0.07629871682839652,0.03644143743990358,0.009026326514461211,0.13630585120898622,0.06736731549222878,0.01778726411570249,0.04083267266399942,0.021979430371708325,0.0032541368036277424,0.16498728792056155,0.03905447287743901,0.014671258092898343,0.01127513719801571,0.006849941877899968,0.020862090435184815,0.0015285416291958244,0.0027377452406788,0.1328087050360962,0.20302821877080962,0.046833651141100816,0.11283995076691047,0.09751104199256722,56,57,756
C:\Users\damba\.cache\kagglehub\datasets\sunnykusawa\ecommerce-products-image-dataset\versions\1\ecommerce products\tv\54.jpg,tv,exito,3185460.0,410433465.0,360165060.0,63683760945.0,43051209360.0,44329871160.0,10734524328945.0,5435540189910.0,6710594662500.0,5103202308870.0,10801091191.838371,2329030947.8386145,-2075920640.1585057,-254219914015.96402,41276082259.21606,45117469576.20703,25659703962.26758,0.0010644452315661595,0.00022952550280013633,-0.00020458153600223366,-1.403715765176019e-05,2.2791246553692633e-06,2.4912329773266384e-06,1.4168414430083833e-06,2.888075512397246,6.063182069928803,9.335900842324941,9.549706704999892,9.999999999859812,9.999291609710484,9.999999999853499,0.3183098861837906,0.020828932950117653,0.003127130482904651,0.03232938987125778,0.047584927663414905,0.07211126634157221,0.05166017297383069,0.05097989730496386,0.09156245443512359,0.07047318644267012,0.1337323862146691,0.17130765567042103,0.16755771376744868,0.0717152140670161,0.08561769459480417,0.05652411498735371,0.05006180707791147,0.18009985136162063,0.230310256889756,0.03799754592115461,0.3027029147782304,0.11854784856551154,0.12939559865523442,0.11516808032379569,0.2805533575797241,56,57,756
C:\Users\damba\.cache\kagglehub\datasets\sunnykusawa\ecommerce-products-image-dataset\versions\1\ecommerce products\tv\55.jpg,tv,exito,3373395.0,375252900.0,360361920.0,51709375320.0,41670679650.0,39023260215.0,7952511104790.0,5139629111910.0,5280014740035.0,4416216985665.0,9966638712.39549,3175124464.1749153,-1063019491.2211841,-16941985101.868376,9807664176.480242,-7325603636.958984,7928038202.3671875,0.000875818917703263,0.0002790142345912779,-9.341289547707916e-05,-8.105807827618952e-07,4.692427751196895e-07,-3.5048983307125875e-07,3.7931301280227805e-07,2.9374807195262354,6.407623684105623,9.974246569660401,9.999131870394033,10.0,9.999999471373407,9.999999999999998,0.0,0.0,0.0,0.0,0.0,0.0,0.0,0.0,0.0,0.0,0.0,0.0,0.0,0.0,0.0,0.0,0.0,0.0,0.0,0.0,0.0,0.0,0.0,0.0,0.0,56,57,756
C:\Users\damba\.cache\kagglehub\datasets\sunnykusawa\ecommerce-products-image-dataset\versions\1\ecommerce products\tv\56.jpg,tv,exito,5948130.0,732591540.0,641391045.0,110926573350.0,89544051975.0,77936382615.0,18740186200890.0,14223702596595.0,11640877428345.0,10807257278715.0,20698154589.890244,20382404094.709553,-1059478840.4085639,-20408320368.10844,172406476030.1104,-59435162106.28125,7201722936.0859375,0.0005850200125548519,0.000576095528110957,-2.994548725711806e-05,-2.365136083215961e-07,1.9980320285256076e-06,-6.887987054977066e-07,8.346132592115696e-08,2.935124524790246,8.424053351554301,9.932718391440721,9.992518866388567,9.999999999999964,9.999999961288234,-9.999999999999982,0.0,0.0,0.0,0.0,0.0,0.0,0.0,0.0,0.0,0.0,0.0,0.0,0.0,0.0,0.0,0.0,0.0,0.0,0.0,0.0,0.0,0.0,0.0,0.0,0.0,56,57,756
C:\Users\damba\.cache\kagglehub\datasets\sunnykusawa\ecommerce-products-image-dataset\versions\1\ecommerce products\tv\57.jpg,tv,exito,4421955.0,493882470.0,492354000.0,66294303810.0,58480383180.0,55031801430.0,9888514558830.0,7326480686040.0,7389762868140.0,6542186394600.0,11133205568.769392,3660182314.9979796,41416038.38475397,-2717858337.604851,24087715.785841323,-899173590.15625,1364790623.7890625,0.0005693660804530207,0.00018718630906086972,2.118068088957935e-06,-6.60984110694147e-08,5.858141013850198e-10,-2.1867933572022078e-08,3.319175632766481e-08,3.121160935300499,6.835114055247118,9.999861791126982,9.999993330258468,10.0,9.9999999989287,-10.0,0.3183098861837905,0.016787153642336277,0.01836003049340948,0.03757404398109559,0.036803399395458014,0.048301365877043624,0.0072046381796304175,0.0732637596494669,0.050394466388839994,0.06106796779143775,0.07385549657449351,0.08801240630898235,0.04565316724347766,0.11241292355060045,0.08950301180532995,0.09330609363554174,0.05762013699901268,0.05018088965634352,0.026117172456324673,0.09494053831970495,0.12749245863314893,0.12492840180181305,0.14748852159304357,0.10083904595730452,0.0842915158693449,56,57,756
C:\Users\damba\.cache\kagglehub\datasets\sunnykusawa\ecommerce-products-image-dataset\versions\1\ecommerce products\tv\58.jpg,tv,exito,7167795.0,812961930.0,763634730.0,122107547640.0,92207919930.0,86937941520.0,20575469110800.0,12153530319060.0,13067610192840.0,10504764133320.0,29902469281.96591,10852635513.77815,327489642.4241294,-56807046016.2591,17570959129.651993,-15637500007.496094,-23116962179.933594,0.00058201730954963,0.00021123411794829062,6.374210731286169e-06,-4.1298879290289044e-07,1.2774135798267067e-07,-1.136850567844407e-07,-1.6806095327576134e-07,3.100589082942294,6.8609314164514075,9.999010560691055,9.998535354587275,-10.0,9.999999457558381,10.0,0.31830988618379047,0.0024396038309340584,0.08029557596769765,0.03003930067761805,0.011958855405546063,0.04121242327446973,0.11059396593118727,0.04686560781756981,0.08073285079112087,0.044372412408364446,0.056735628984733034,0.05281223834196497,0.08418856126965105,0.055453697770934174,0.19808297919021461,0.07120924952247484,0.09062893034241642,0.08375836241191356,0.06919489706748512,0.08284151010431322,0.005319408379602598,0.04713465330395554,0.3134203481799472,0.0867087136175445,0.1881435917066525,56,57,756
C:\Users\damba\.cache\kagglehub\datasets\sunnykusawa\ecommerce-products-image-dataset\versions\1\ecommerce products\tv\59.jpg,tv,exito,5810940.0,647401650.0,606545040.0,91028016060.0,69763044840.0,67612172370.0,14353966731570.0,8631085429200.0,9506952338670.0,7778843698530.0,18900460720.80832,6451965126.803585,36485872.5803039,1027842802.6936586,2319048058.40212,-2668079102.9765625,-1131828411.8203125,0.0005597313194644369,0.00019107295885059544,1.080517872175521e-06,1.2627306469999929e-08,2.8490086689675987e-08,-3.27780205603374e-08,-1.3904795743136601e-08,3.1244732034554406,6.866417482587044,9.99991732955945,9.999999913061394,-10.0,-9.999999999973278,-10.0,0.31830988618379064,0.009780394734458226,0.04949406983366074,0.056700979993918696,0.013178191875120435,0.0687164788301092,0.055652068421699015,0.09945075067634224,0.03137216716402321,0.030610823309818843,0.09314959975186837,0.025780101266949282,0.006479131781442397,0.13978293588862836,0.1245584837657854,0.023463941933288046,0.056329287970315424,0.07159759985825936,0.040334848360766624,0.012826994246384626,0.08631742664117292,0.15554869034647337,0.21929242200684404,0.012821867894310569,0.147148721003561,56,57,756
C:\Users\damba\.cache\kagglehub\datasets\sunnykusawa\ecommerce-products-image-dataset\versions\1\ecommerce products\tv\6.jpg,tv,exito,5746680.0,603482235.0,780458355.0,86219640435.0,113331138945.0,83721720870.0,14237174945805.0,17320630842855.0,12051068868000.0,12346914866940.0,22845516947.94395,7336852872.118599,1762615369.1154068,384698635037.50226,-63745965700.99414,-28645483136.625,-33211537971.914062,0.0006917783416247892,0.00022216507178123007,5.337323465901084e-05,4.859349201328727e-06,-8.052118705512356e-07,-3.6183753443280214e-07,-4.195139930844479e-07,3.039080645156924,6.634453179820476,9.86167468437167,9.916948603550136,9.999999999998074,9.99996738027863,9.999999999998293,0.3183098861837905,0.03186290634650696,0.03695585781216503,0.05035643201952615,0.06777824216161794,0.09925711237722734,0.10942037289413717,0.06506940599437058,0.060818502266010384,0.09725714967221832,0.17619839409251095,0.10021807052897569,0.2514392820322165,0.04524206114686283,0.01685789535953996,0.10633115301814014,0.0874578750151377,0.24077515617830283,0.1359073294399555,0.08179117816134912,0.4229255424115492,0.006594129531166704,0.086106703105783,0.2293756280469693,0.1762145651560507,56,57,756
C:\Users\damba\.cache\kagglehub\datasets\sunnykusawa\ecommerce-products-image-dataset\versions\1\ecommerce products\tv\60.jpg,tv,exito,6999750.0,762981165.0,668018910.0,109704414195.0,81723039540.0,70400152395.0,17893351539945.0,11531273915100.0,10174893869685.0,8404300205355.0,26538549964.883617,17970867802.78252,-2414711877.8426147,149970806721.83463,301973606069.6139,231701065750.42578,-42714834092.02344,0.0005416417485132818,0.00036677860214217055,-4.928335441842591e-05,1.1569122098924557e-06,2.329499717736246e-06,1.787399813811464e-06,-3.295128844392463e-07,3.0417130973641906,7.39369909378514,9.943856871564131,9.929469160478078,-9.999999999998806,-9.999984732553447,9.999999999999975,0.3183098861837907,0.516655468288996,0.4444329307920366,0.5582102730090701,0.20471320283450697,0.4509455783648621,0.25246811651473294,0.0818309822181559,0.23761875396272764,0.6144992034647111,0.29138527303340234,0.02004743795235171,0.9131354705270516,0.7382377378079502,0.341722983220462,0.2582133436424933,0.8676301186333798,0.5857496652951936,0.21607957014898632,0.42521483378941316,0.6204847412418056,0.5297738360027533,0.22380647114270708,0.0370411760111451,0.49058721671449784,56,57,756
C:\Users\damba\.cache\kagglehub\datasets\sunnykusawa\ecommerce-products-image-dataset\versions\1\ecommerce products\tv\61.jpg,tv,exito,6905655.0,734994150.0,605012745.0,112380024900.0,75475572945.0,62302768665.0,19520607785910.0,10459425267705.0,9296297319855.0,7757156223165.0,34151905983.80414,22469678267.02448,-2090953328.1261816,289765368029.811,-90271614502.52863,-104356263291.82812,90396479586.6914,0.0007161519701399838,0.00047118027225105175,-4.3846464853775725e-05,2.312247318692251e-06,-7.203424619260167e-07,-8.32734055232051e-07,7.213388506870918e-07,2.9254277020525317,7.168762730468046,9.986392870093706,9.952278635946016,9.999999999999694,9.999989187001757,-9.999999999999979,0.0,0.0,0.0,0.0,0.0,0.0,0.0,0.0,0.0,0.0,0.0,0.0,0.0,0.0,0.0,0.0,0.0,0.0,0.0,0.0,0.0,0.0,0.0,0.0,0.0,56,57,756
C:\Users\damba\.cache\kagglehub\datasets\sunnykusawa\ecommerce-products-image-dataset\versions\1\ecommerce products\tv\62.jpg,tv,exito,6276570.0,786865740.0,699469335.0,115550519970.0,99571459815.0,87151234740.0,18580135219350.0,16030001103885.0,12970368918690.0,12432644970870.0,16904652436.339483,21621663890.579147,-538133161.9086682,-144443507742.1789,114530630672.54759,228191540760.2539,69753276774.84375,0.0004291029424629278,0.0005488382344050713,-1.365982081450535e-05,-1.4634978366041715e-06,1.160421349731868e-06,2.3120307132813094e-06,7.067383730271069e-07,3.009687222817588,7.818645183849334,9.835048552917433,9.948343570650257,-9.99999999999868,9.999993404115413,9.999999999999883,0.3183098861837905,0.019912402462052583,0.018900519099219543,0.036065453563991885,0.024601350708950896,0.04445849922423181,0.005909086099789151,0.06177193915462598,0.04508972169169157,0.007284274491673259,0.048963602285652975,0.09277682037752935,0.060635607273863905,0.08386753722659171,0.11591201198256015,0.08702473182732984,0.022717650780635746,0.0078455267531418,0.05324555063831079,0.10271609614671107,0.16568513345687716,0.08838678317603552,0.20670764416174178,0.10523726564628154,0.11735885200835837,56,57,756
C:\Users\damba\.cache\kagglehub\datasets\sunnykusawa\ecommerce-products-image-dataset\versions\1\ecommerce products\tv\63.jpg,tv,exito,6816915.0,658343190.0,767821065.0,77753472900.0,103362254115.0,73338719100.0,10208509599900.0,15314443820925.0,8681407267920.0,9841293615990.0,14174015650.00112,16878971301.918972,-813557887.6545874,-38237314038.03174,-130046168706.32974,80808055591.50781,42359298606.91016,0.00030501215752601866,0.0003632203872737823,-1.7507039128026953e-05,-3.1515026802278114e-07,-1.0718348282092171e-06,6.660164558821711e-07,3.491234843521431e-07,3.1750723118315167,8.326593499352088,9.95358033965582,9.999280350749912,9.999999999999998,9.999999954466304,10.0,0.31830988618379064,0.012393739660833746,0.049767146468100765,0.05684209098957079,0.02431039805482023,0.06877977171823996,0.05733442925587129,0.10046448618102995,0.0317002619016937,0.051977150978589265,0.09444008066910685,0.025716627717851714,0.012378764605951336,0.14416996782243388,0.12576545068178394,0.02367117261973534,0.09034377010094789,0.08513433179330958,0.044512133394440156,0.013113550027308154,0.0711206427399583,0.16897402554199406,0.22496610314157767,0.013982984869104731,0.14702463033018603,56,57,756
C:\Users\damba\.cache\kagglehub\datasets\sunnykusawa\ecommerce-products-image-dataset\versions\1\ecommerce products\tv\64.jpg,tv,exito,6112095.0,709244505.0,738233670.0,110900104605.0,97591959840.0,85155757485.0,19238335107255.0,13782157191300.0,13207606656285.0,11210733131955.0,28599720224.08068,8426305261.386791,-508515379.45701295,-267853625406.16574,-40735808642.50217,-69161415670.2461,9049437731.542969,0.0007655641587943772,0.00022555735680752006,-1.3612061434790678e-05,-2.9001622105574846e-06,-4.4106348257314377e-07,-7.488393104679957e-07,9.798201273556417e-08,3.0038730521300323,6.5339506032370975,9.945149591128585,9.961506678037805,9.999999999999654,9.999985694044666,-9.999999999999714,0.3183098861837906,0.04748067046288571,0.0014208391639569874,0.06315322690766377,0.09820818161990581,0.0626299940441038,0.04233415270889333,0.08803343727693735,0.01102863882633021,0.13779781489778734,0.12146123622941767,0.040454120550700294,0.14229474471716202,0.089990780314007,0.04143231135363047,0.09398640759801744,0.12495568690169552,0.1622692950106704,0.05739789790941564,0.15331846594827064,0.26691741911385314,0.09879910321224172,0.1180284169666925,0.20468499860266234,0.11863775086167225,56,57,756
C:\Users\damba\.cache\kagglehub\datasets\sunnykusawa\ecommerce-products-image-dataset\versions\1\ecommerce products\tv\65.jpg,tv,exito,5746680.0,603482235.0,780458355.0,86219640435.0,113331138945.0,83721720870.0,14237174945805.0,17320630842855.0,12051068868000.0,12346914866940.0,22845516947.94395,7336852872.118599,1762615369.1154068,384698635037.50226,-63745965700.99414,-28645483136.625,-33211537971.914062,0.0006917783416247892,0.00022216507178123007,5.337323465901084e-05,4.859349201328727e-06,-8.052118705512356e-07,-3.6183753443280214e-07,-4.195139930844479e-07,3.039080645156924,6.634453179820476,9.86167468437167,9.916948603550136,9.999999999998074,9.99996738027863,9.999999999998293,0.3183098861837905,0.03186290634650696,0.03695585781216503,0.05035643201952615,0.06777824216161794,0.09925711237722734,0.10942037289413717,0.06506940599437058,0.060818502266010384,0.09725714967221832,0.17619839409251095,0.10021807052897569,0.2514392820322165,0.04524206114686283,0.01685789535953996,0.10633115301814014,0.0874578750151377,0.24077515617830283,0.1359073294399555,0.08179117816134912,0.4229255424115492,0.006594129531166704,0.086106703105783,0.2293756280469693,0.1762145651560507,56,57,756
C:\Users\damba\.cache\kagglehub\datasets\sunnykusawa\ecommerce-products-image-dataset\versions\1\ecommerce products\tv\66.jpg,tv,exito,3681180.0,430413735.0,436979730.0,54561668385.0,62307294660.0,46269274425.0,7329804276225.0,9789601964700.0,5396620367895.0,6125267518935.0,4236505454.4586406,10434991640.078966,-4823602779.752706,-40384562522.92934,-84075621406.94672,47777512602.03711,-14688183233.59375,0.00031263216795378697,0.0007700483556758227,-0.00035595691085324053,-1.5532728388754708e-06,-3.2337202877669e-06,1.8376208134392772e-06,-5.649375564292324e-07,2.9654996355733196,6.144995483225932,9.753199332778907,9.972911826376864,-9.99999999999939,-9.9999766730014,9.999999999999881,0.3183098861837906,0.030105068193690954,0.0049319274096202995,0.06418743772421516,0.06680095032298593,0.05545080518738248,0.009620404037073264,0.08936165362463289,0.019064303921936,0.10125462568442391,0.09878542645601826,0.04279972935953464,0.05472777325854344,0.11122594254567629,0.01864672803169866,0.09273583049408038,0.11973126377363648,0.11494518684325167,0.06135180308930982,0.15554489616927475,0.12180439254411236,0.16937418865457832,0.04904660541415403,0.20860658357024103,0.13426446000030248,56,57,756
C:\Users\damba\.cache\kagglehub\datasets\sunnykusawa\ecommerce-products-image-dataset\versions\1\ecommerce products\tv\67.jpg,tv,exito,914685.0,113645085.0,93003855.0,16704957945.0,11652654675.0,9582319110.0,2687490659535.0,1638909676095.0,1230250377930.0,1032814894950.0,2585118497.914692,2196156487.2511845,-1972949651.1611373,-30394064104.422623,7480446629.108212,21972746959.75049,-13756421359.155762,0.003089849604501633,0.0026249447594106756,-0.0023581579352201306,-3.798480334655378e-05,9.348644300244172e-06,2.7460311637898502e-05,-1.7192006909132955e-05,2.2429993846552088,4.6485927249764485,8.250384510668663,8.346847362454891,9.999999905863696,9.921024452445623,9.999999999045764,0.0,0.0,0.0,0.0,0.0,0.0,0.0,0.0,0.0,0.0,0.0,0.0,0.0,0.0,0.0,0.0,0.0,0.0,0.0,0.0,0.0,0.0,0.0,0.0,0.0,56,57,756
C:\Users\damba\.cache\kagglehub\datasets\sunnykusawa\ecommerce-products-image-dataset\versions\1\ecommerce products\tv\68.jpg,tv,exito,2924595.0,317355150.0,318734955.0,39200573700.0,44965901595.0,34850069190.0,5335801209120.0,7192314668565.0,4285682481840.0,4928116567620.0,4763569180.905049,10228793879.623331,263338564.30028853,48234769824.113846,62181116647.96848,-43715877041.24219,-8645909389.808594,0.0005569305102977334,0.0011958947542830922,3.078810770393124e-05,3.2975840778808335e-06,4.251030137614195e-06,-2.9886486575443075e-06,-5.910801118486938e-07,2.7562613508639497,6.3849268508662265,9.522297588316306,9.96289726884517,-9.999999999998675,-9.999985922606298,-9.999999999999037,0.31830988618379075,0.0042593124066893605,0.19443721727750404,0.23872289371493655,0.006508896265378896,0.0063888836552687,0.06324546939505961,0.08823399562943623,0.07324975469779317,0.00852000087824281,0.0060975397062410525,0.0029411049919110936,0.09130884714642416,0.15811468221497021,0.01715395247193378,0.10274154963457843,0.005217926234515963,0.0031172373483558235,0.006831850951560291,0.0054985994657546795,0.3996282912713749,0.1309573266456445,0.22423948795627704,0.046315527425878605,0.19178552947881103,56,57,756
C:\Users\damba\.cache\kagglehub\datasets\sunnykusawa\ecommerce-products-image-dataset\versions\1\ecommerce products\tv\69.jpg,tv,exito,5836695.0,542929680.0,828142590.0,67770225960.0,138649093170.0,78107421315.0,10121599555380.0,24852631600470.0,10363292561175.0,13312260568275.0,17266878187.861416,21147639115.623672,1073553452.6102036,605277665635.9487,-820757257119.9358,547953826432.6953,110471120552.54297,0.00050685043790068,0.0006207659560518951,3.151299451152622e-05,7.354229017150377e-06,-9.972343568973895e-06,6.657734390671645e-06,1.3422433478873384e-06,2.9478385802106883,7.768300565301018,8.996622190325427,9.729052832749243,-9.999999999912294,-9.999952242279262,9.9999999999414,0.31830988618379075,0.058415904545694,0.0764414330573222,0.05997255028838657,0.0746868047718879,0.026832161759808546,0.01710261318653422,0.0349202856369056,0.03298134225546968,0.08095061309875218,0.09102449263357949,0.06161301631784621,0.10488814839576908,0.032585738400726386,0.06686423822179499,0.04326422174712029,0.09885118417738369,0.13292455349086832,0.11064624571228451,0.21492303773234336,0.20938421596877205,0.11165964081881007,0.21100058621578188,0.13607710580256757,0.3461293000240186,56,57,756
C:\Users\damba\.cache\kagglehub\datasets\sunnykusawa\ecommerce-products-image-dataset\versions\1\ecommerce products\tv\7.jpg,tv,exito,8167140.0,922106520.0,932191515.0,137997076530.0,135119889345.0,104698600995.0,23111741755980.0,21860678942325.0,15597043692375.0,15106605443625.0,33887139119.04459,28720216921.36148,-549977316.4012684,-120761649237.50623,-118018545565.87395,-29654086463.148438,-23484474157.671875,0.0005080364879103169,0.00043057391435415794,-8.245268013723051e-06,-6.335108172000232e-07,-6.191206042503608e-07,-1.5556416020488306e-07,-1.231986190075882e-07,3.0275145907052505,8.195697783396499,9.999596790895879,9.994936463837282,-9.999999999999998,-9.999999906773432,-10.0,0.0,0.0,0.0,0.0,0.0,0.0,0.0,0.0,0.0,0.0,0.0,0.0,0.0,0.0,0.0,0.0,0.0,0.0,0.0,0.0,0.0,0.0,0.0,0.0,0.0,56,57,756
C:\Users\damba\.cache\kagglehub\datasets\sunnykusawa\ecommerce-products-image-dataset\versions\1\ecommerce products\tv\70.jpg,tv,exito,4884015.0,465672585.0,700047675.0,62554098195.0,110206126185.0,68551019130.0,9652429584435.0,18341494024995.0,9346162534410.0,11012690867550.0,18153956831.67859,9865167512.083223,1804088491.8897805,226306073270.14035,-282879071157.3785,35978166363.30859,-12227682431.632812,0.0007610572372154774,0.0004135713883770278,7.563169925214144e-05,4.292929301513329e-06,-5.366094845836442e-06,6.824904093996653e-07,-2.3195389960965013e-07,2.930099382674255,6.842461546036158,9.745091978457323,9.858777085607512,-9.999999999991507,-9.999966795147877,-9.999999999996346,0.0,0.0,0.0,0.0,0.0,0.0,0.0,0.0,0.0,0.0,0.0,0.0,0.0,0.0,0.0,0.0,0.0,0.0,0.0,0.0,0.0,0.0,0.0,0.0,0.0,56,57,756
C:\Users\damba\.cache\kagglehub\datasets\sunnykusawa\ecommerce-products-image-dataset\versions\1\ecommerce products\tv\71.jpg,tv,exito,4796805.0,622350450.0,522866280.0,97082752890.0,67302070440.0,68395914615.0,16421476539060.0,9528320134560.0,10597058065515.0,8782925721075.0,16337322834.952427,10308061560.956888,557829754.8011845,-413599180004.27875,-55029368294.046196,-130004855241.91406,-70637132073.73438,0.0007100301054836264,0.000447994699706823,2.4243624469243945e-05,-8.20728490065195e-06,-1.091979204328858e-06,-2.579760640307279e-06,-1.401692980842274e-06,2.9362821003059296,7.148047535785559,9.795325869437734,9.686524813656293,9.999999999963402,9.999895420936818,-9.999999999997575,0.3183098861837907,0.5018550669184417,0.23192560006738588,0.5934276293093791,0.13619555524775181,0.6237415708086719,0.6549541757345517,0.5086230222533717,0.6146287810733813,0.896421042472342,0.8353336099431437,0.5814231629817775,0.7319364387515355,0.8806180980075707,1.0940010828273516,0.5347333974477196,0.25756765342887916,0.6652117787248157,1.2790908623966046,0.48175634877965956,0.48421281805547167,0.3138553073343486,0.3177341301292127,1.3946313647248052,0.427246151538084,56,57,756
C:\Users\damba\.cache\kagglehub\datasets\sunnykusawa\ecommerce-products-image-dataset\versions\1\ecommerce products\tv\72.jpg,tv,exito,3790320.0,451198530.0,419225610.0,56735956740.0,54005638080.0,48859981605.0,7474737578940.0,7671741819690.0,6021467995155.0,6197748427215.0,3025422148.155276,7637491833.806516,-1044506398.7446166,616045405.68149,9008616867.457514,-5096139240.457031,-12408039.75390625,0.00021058829468072882,0.0005316171767632472,-7.27041749954985e-05,2.2025360748166457e-08,3.2208346092326156e-07,-1.8220135100234166e-07,-4.4362241684937404e-10,3.1294757898979157,6.905517930705357,9.996732687851429,9.99991300747202,10.0,9.999999977181728,10.0,0.31830988618379047,0.023682997390368856,0.04524164666546192,0.04107692990140265,0.051347118166112156,0.05462601055890043,0.07139091055899709,0.02183860621855434,0.04366451513356302,0.07827435811474423,0.08947877263425826,0.07251970199638445,0.07633353094579169,0.10771881733783395,0.08801368950259425,0.07295287789114967,0.09822864385502075,0.10465916726977866,0.08663292585999238,0.09456780740747453,0.03035017615742236,0.2736086298282211,0.1308418120793655,0.1881886180991898,0.09939476131685346,56,57,756
C:\Users\damba\.cache\kagglehub\datasets\sunnykusawa\ecommerce-products-image-dataset\versions\1\ecommerce products\tv\73.jpg,tv,exito,7317225.0,919998435.0,870803325.0,144522912345.0,131120179155.0,104500480785.0,24845262310335.0,21198639259575.0,16001058410595.0,15608931270645.0,28851039414.695244,27488210638.102467,-4986065848.8395195,-580589074353.6008,-948218111448.8063,55575382092.94531,309880854695.9453,0.0005388509402995542,0.0005133973835947561,-9.312476519213997e-05,-4.008693345506574e-06,-6.546998215020864e-06,3.837217650332337e-07,2.139580944582102e-06,2.977881716085539,7.450545856475391,9.571876311896656,9.849306306363452,-9.999999999996318,-9.999977551508211,9.99999999998542,0.3183098861837905,0.048940502713962025,0.07441182957440243,0.08112949293341225,0.09644367067279802,0.02379269226134497,0.08898712625143775,0.09498799254053689,0.013915844195253551,0.12039663181376312,0.06178319424179459,0.0078070379185080085,0.046570837524760815,0.03931922193860615,0.031829099898347105,0.009409108594803895,0.061417702269020547,0.08019144481536322,0.0075908758602299,0.006676280141718494,0.038720865576424686,0.07352294394433789,0.0903696590415717,0.11155670506834509,0.09547676715570484,56,57,756
C:\Users\damba\.cache\kagglehub\datasets\sunnykusawa\ecommerce-products-image-dataset\versions\1\ecommerce products\tv\74.jpg,tv,exito,7317225.0,919998435.0,870803325.0,144522912345.0,131120179155.0,104500480785.0,24845262310335.0,21198639259575.0,16001058410595.0,15608931270645.0,28851039414.695244,27488210638.102467,-4986065848.8395195,-580589074353.6008,-948218111448.8063,55575382092.94531,309880854695.9453,0.0005388509402995542,0.0005133973835947561,-9.312476519213997e-05,-4.008693345506574e-06,-6.546998215020864e-06,3.837217650332337e-07,2.139580944582102e-06,2.977881716085539,7.450545856475391,9.571876311896656,9.849306306363452,-9.999999999996318,-9.999977551508211,9.99999999998542,0.3183098861837905,0.048940502713962025,0.07441182957440243,0.08112949293341225,0.09644367067279802,0.02379269226134497,0.08898712625143775,0.09498799254053689,0.013915844195253551,0.12039663181376312,0.06178319424179459,0.0078070379185080085,0.046570837524760815,0.03931922193860615,0.031829099898347105,0.009409108594803895,0.061417702269020547,0.08019144481536322,0.0075908758602299,0.006676280141718494,0.038720865576424686,0.07352294394433789,0.0903696590415717,0.11155670506834509,0.09547676715570484,56,57,756
C:\Users\damba\.cache\kagglehub\datasets\sunnykusawa\ecommerce-products-image-dataset\versions\1\ecommerce products\tv\75.jpg,tv,exito,7317225.0,919998435.0,870803325.0,144522912345.0,131120179155.0,104500480785.0,24845262310335.0,21198639259575.0,16001058410595.0,15608931270645.0,28851039414.695244,27488210638.102467,-4986065848.8395195,-580589074353.6008,-948218111448.8063,55575382092.94531,309880854695.9453,0.0005388509402995542,0.0005133973835947561,-9.312476519213997e-05,-4.008693345506574e-06,-6.546998215020864e-06,3.837217650332337e-07,2.139580944582102e-06,2.977881716085539,7.450545856475391,9.571876311896656,9.849306306363452,-9.999999999996318,-9.999977551508211,9.99999999998542,0.3183098861837905,0.048940502713962025,0.07441182957440243,0.08112949293341225,0.09644367067279802,0.02379269226134497,0.08898712625143775,0.09498799254053689,0.013915844195253551,0.12039663181376312,0.06178319424179459,0.0078070379185080085,0.046570837524760815,0.03931922193860615,0.031829099898347105,0.009409108594803895,0.061417702269020547,0.08019144481536322,0.0075908758602299,0.006676280141718494,0.038720865576424686,0.07352294394433789,0.0903696590415717,0.11155670506834509,0.09547676715570484,56,57,756
C:\Users\damba\.cache\kagglehub\datasets\sunnykusawa\ecommerce-products-image-dataset\versions\1\ecommerce products\tv\76.jpg,tv,exito,7317225.0,919998435.0,870803325.0,144522912345.0,131120179155.0,104500480785.0,24845262310335.0,21198639259575.0,16001058410595.0,15608931270645.0,28851039414.695244,27488210638.102467,-4986065848.8395195,-580589074353.6008,-948218111448.8063,55575382092.94531,309880854695.9453,0.0005388509402995542,0.0005133973835947561,-9.312476519213997e-05,-4.008693345506574e-06,-6.546998215020864e-06,3.837217650332337e-07,2.139580944582102e-06,2.977881716085539,7.450545856475391,9.571876311896656,9.849306306363452,-9.999999999996318,-9.999977551508211,9.99999999998542,0.3183098861837905,0.048940502713962025,0.07441182957440243,0.08112949293341225,0.09644367067279802,0.02379269226134497,0.08898712625143775,0.09498799254053689,0.013915844195253551,0.12039663181376312,0.06178319424179459,0.0078070379185080085,0.046570837524760815,0.03931922193860615,0.031829099898347105,0.009409108594803895,0.061417702269020547,0.08019144481536322,0.0075908758602299,0.006676280141718494,0.038720865576424686,0.07352294394433789,0.0903696590415717,0.11155670506834509,0.09547676715570484,56,57,756
C:\Users\damba\.cache\kagglehub\datasets\sunnykusawa\ecommerce-products-image-dataset\versions\1\ecommerce products\tv\77.jpg,tv,exito,7317225.0,919998435.0,870803325.0,144522912345.0,131120179155.0,104500480785.0,24845262310335.0,21198639259575.0,16001058410595.0,15608931270645.0,28851039414.695244,27488210638.102467,-4986065848.8395195,-580589074353.6008,-948218111448.8063,55575382092.94531,309880854695.9453,0.0005388509402995542,0.0005133973835947561,-9.312476519213997e-05,-4.008693345506574e-06,-6.546998215020864e-06,3.837217650332337e-07,2.139580944582102e-06,2.977881716085539,7.450545856475391,9.571876311896656,9.849306306363452,-9.999999999996318,-9.999977551508211,9.99999999998542,0.3183098861837905,0.048940502713962025,0.07441182957440243,0.08112949293341225,0.09644367067279802,0.02379269226134497,0.08898712625143775,0.09498799254053689,0.013915844195253551,0.12039663181376312,0.06178319424179459,0.0078070379185080085,0.046570837524760815,0.03931922193860615,0.031829099898347105,0.009409108594803895,0.061417702269020547,0.08019144481536322,0.0075908758602299,0.006676280141718494,0.038720865576424686,0.07352294394433789,0.0903696590415717,0.11155670506834509,0.09547676715570484,56,57,756
C:\Users\damba\.cache\kagglehub\datasets\sunnykusawa\ecommerce-products-image-dataset\versions\1\ecommerce products\tv\78.jpg,tv,exito,5268810.0,598719345.0,422145360.0,83104592565.0,46417415910.0,47236082700.0,12764561324415.0,6135182760690.0,6340410805500.0,5172419327310.0,15069333355.191902,12594464433.380117,-734254707.1164434,-103796050214.74805,397969577054.68744,-151186566845.82422,15452115569.011719,0.000542836404061616,0.0004536852177168469,-2.644975563826655e-05,-1.6289189788096616e-06,6.2455189355666374e-06,-2.3726400722062047e-06,2.4249713029587986e-07,3.0015132302844094,7.964718695010129,9.546476525971952,9.93210615567529,9.999999999998536,-9.99999740401079,-9.999999999996168,0.31830988618379075,0.3804470104909456,0.031041978880716387,0.29653012496242753,0.10308176931264729,0.18855919259485412,0.025678649582395522,0.09038589166244056,0.12964460807135883,0.24309951736810595,0.27886527275205614,0.12493279283431102,0.25868685476073505,0.33379483159490486,0.4194132035467407,0.14782294770039542,0.20001217314952133,0.3001901989887501,0.4163048923224672,0.16858966512261492,0.24290022630448974,0.1423715159490422,0.29282870264748745,0.3052738555513628,0.15940452242195866,56,57,756
C:\Users\damba\.cache\kagglehub\datasets\sunnykusawa\ecommerce-products-image-dataset\versions\1\ecommerce products\tv\79.jpg,tv,exito,4622130.0,529250715.0,562388475.0,64903394325.0,79772418315.0,63535833915.0,8407019779335.0,12426746064285.0,7724190915585.0,8936130537075.0,4302260361.21897,11344919128.948195,-859694229.2775543,-9904149030.448029,-40145221570.207535,24075733686.75,11101345478.609375,0.00020137816399922587,0.0005310275978416093,-4.024016004544919e-05,-2.1563128771757012e-07,-8.740342856593133e-07,5.2417238893106e-07,2.4169642576974405e-07,3.135248188462448,6.9383747756070875,9.971141877557853,9.999465787154303,10.0,9.999999819359308,10.0,0.3183098861837906,0.023928827960991394,0.014624725816036226,0.007315694707876016,0.03055713024137524,0.0866118596370629,0.04942935064217177,0.005951779048058749,0.03147457029722846,0.01109538733943316,0.09807771350345663,0.06324479171492092,0.1322453190497107,0.008144014676762961,0.045504981219164534,0.0239230172504807,0.01689595756162486,0.028954016855867005,0.016627326944879513,0.035646017929078046,0.23893861281098625,0.023314613290147966,0.14046967840803676,0.06075038482418443,0.08727412389037961,56,57,756
C:\Users\damba\.cache\kagglehub\datasets\sunnykusawa\ecommerce-products-image-dataset\versions\1\ecommerce products\tv\8.jpg,tv,exito,6676920.0,771480315.0,684250680.0,107987487975.0,85795941360.0,80042251155.0,16695572780925.0,12150223335750.0,11273761740015.0,10106901700395.0,18847304112.905006,15673940035.967001,980957902.2181393,-137168882425.95175,145325947043.91702,-19482974792.95703,-7390831104.9453125,0.00042276292376484053,0.00035158135491553084,2.2003817009988488e-05,-1.190735134716725e-06,1.261544951527832e-06,-1.6912773658630527e-07,-6.415829972345534e-08,3.111065850043331,8.148528373567506,9.98244235652065,9.988141533684976,-9.99999999999996,-9.999999593892015,-9.999999999999998,0.3183098861837906,0.17926970315224613,0.006833059528187105,0.0813877907069418,0.04812428788864485,0.07009755176184061,0.13468384984163356,0.06835158193314289,0.010827271558661271,0.06350540865603116,0.1284988806998867,0.051055483021061,0.018795848949153163,0.048367407471557954,0.20831404092310843,0.025341707301867206,0.0978863114157292,0.12019551141535378,0.03321943584830897,0.01044771971068069,0.08612837914190921,0.1076202325809772,0.26256038917736296,0.04371969320262765,0.14575335419119817,56,57,756
C:\Users\damba\.cache\kagglehub\datasets\sunnykusawa\ecommerce-products-image-dataset\versions\1\ecommerce products\tv\80.jpg,tv,exito,4106010.0,463015230.0,406532985.0,55914489030.0,55185416745.0,45561569355.0,7130298581610.0,8723408573175.0,5449438713225.0,6172392961725.0,3702462461.152656,14934889373.412933,-281222930.542786,-9930744327.30926,302157160477.39105,-23188759767.654297,5083181177.9453125,0.0002196092650235071,0.0008858537022091822,-1.6680563741632392e-05,-2.906911392975811e-07,8.844695455964239e-06,-6.787776196413018e-07,1.487940560315794e-07,2.9564557623254113,6.351547660109681,9.65967477864042,9.778058280774468,9.999999999974383,9.999806822957584,-9.999999999996918,0.31830988618379075,0.14406167829568597,0.1510124040653206,0.0918411649229149,0.10497973446579772,0.0378682351738129,0.028285477010049798,0.09483098830511182,0.006841152525609659,0.1683396783018521,0.1221952592940469,0.07758153557161906,0.12391186422934375,0.18486136980103704,0.031114984169608624,0.1313522838347352,0.2314941621415402,0.060876107904676624,0.06416742464340139,0.22743445377410917,0.3871284654546401,0.30926791790127367,0.03642477097444924,0.25418733780151886,0.23076851782959554,56,57,756
C:\Users\damba\.cache\kagglehub\datasets\sunnykusawa\ecommerce-products-image-dataset\versions\1\ecommerce products\tv\81.jpg,tv,exito,3409605.0,369601080.0,381126060.0,47504798640.0,50585747910.0,34609260705.0,6773535672450.0,7429073527890.0,3838673007435.0,4002396798345.0,7440052624.796949,7983430746.831951,-6704792797.427641,11013957092.911263,-10185214614.592731,-17820462789.734375,17828340666.240234,0.0006399821615645524,0.0006867227321793118,-0.0005767362146120963,5.13077780253899e-07,-4.7447136953422604e-07,-8.30154268272832e-07,8.305212538491006e-07,2.8772256361652957,5.875240449239712,9.966662194083472,9.985028992955144,9.99999999999992,9.999982459177927,-9.999999999999996,0.3183098861837905,0.012236792407358569,0.0177376679244645,0.03661095329310218,0.03690820943836828,0.044547061591512505,0.0070299778904935025,0.06434954435996985,0.04375581106478603,0.07394821772526432,0.054407855605491544,0.09788421678281903,0.03631117946066819,0.10039346270658,0.07809868965487783,0.11536836104720125,0.1004886903904145,0.03964763078635577,0.09110478294746678,0.12441123241758066,0.09283075997599521,0.1310571666347617,0.1378601641876758,0.18366098740758086,0.08410536509206885,56,57,756
C:\Users\damba\.cache\kagglehub\datasets\sunnykusawa\ecommerce-products-image-dataset\versions\1\ecommerce products\tv\82.jpg,tv,exito,7317225.0,919998435.0,870803325.0,144522912345.0,131120179155.0,104500480785.0,24845262310335.0,21198639259575.0,16001058410595.0,15608931270645.0,28851039414.695244,27488210638.102467,-4986065848.8395195,-580589074353.6008,-948218111448.8063,55575382092.94531,309880854695.9453,0.0005388509402995542,0.0005133973835947561,-9.312476519213997e-05,-4.008693345506574e-06,-6.546998215020864e-06,3.837217650332337e-07,2.139580944582102e-06,2.977881716085539,7.450545856475391,9.571876311896656,9.849306306363452,-9.999999999996318,-9.999977551508211,9.99999999998542,0.3183098861837905,0.048940502713962025,0.07441182957440243,0.08112949293341225,0.09644367067279802,0.02379269226134497,0.08898712625143775,0.09498799254053689,0.013915844195253551,0.12039663181376312,0.06178319424179459,0.0078070379185080085,0.046570837524760815,0.03931922193860615,0.031829099898347105,0.009409108594803895,0.061417702269020547,0.08019144481536322,0.0075908758602299,0.006676280141718494,0.038720865576424686,0.07352294394433789,0.0903696590415717,0.11155670506834509,0.09547676715570484,56,57,756
C:\Users\damba\.cache\kagglehub\datasets\sunnykusawa\ecommerce-products-image-dataset\versions\1\ecommerce products\tv\83.jpg,tv,exito,5696445.0,634907925.0,523964820.0,81486939375.0,62387211660.0,58382124030.0,11474522772345.0,8814305456760.0,7383895606800.0,6949778607780.0,10722089854.324272,14192393207.854422,-17354353.307223324,2142500907.7787514,465004509804.6383,-107487648735.125,-512136776.07421875,0.00033042403118279013,0.0004373688189135261,-5.348113526609224e-07,2.7663762231332572e-08,6.0040927632882325e-06,-1.387870010517894e-06,-6.612659976852361e-09,3.1147558799085386,7.937856979666135,9.691682283387285,9.916103556039046,9.999999999995657,9.99999010390513,9.99999999999992,0.3183098861837905,0.009999683037053526,0.08522760648556267,0.07565593205665977,0.01817376213271447,0.004746774055303832,0.14234632741242784,0.06375462024584225,0.018295406424509282,0.019730558881410974,0.011968651950162734,0.001732108702306855,0.17980806353824555,0.048824027793609365,0.012459065923916043,0.011533426948290057,0.00914430649774839,0.010543658033846649,0.0010566809384600481,0.001454665908440248,0.152063384383034,0.21746106399997997,0.04179810425131744,0.11289709600311205,0.0977904572232099,56,57,756
C:\Users\damba\.cache\kagglehub\datasets\sunnykusawa\ecommerce-products-image-dataset\versions\1\ecommerce products\tv\84.jpg,tv,exito,7317225.0,919998435.0,870803325.0,144522912345.0,131120179155.0,104500480785.0,24845262310335.0,21198639259575.0,16001058410595.0,15608931270645.0,28851039414.695244,27488210638.102467,-4986065848.8395195,-580589074353.6008,-948218111448.8063,55575382092.94531,309880854695.9453,0.0005388509402995542,0.0005133973835947561,-9.312476519213997e-05,-4.008693345506574e-06,-6.546998215020864e-06,3.837217650332337e-07,2.139580944582102e-06,2.977881716085539,7.450545856475391,9.571876311896656,9.849306306363452,-9.999999999996318,-9.999977551508211,9.99999999998542,0.3183098861837905,0.048940502713962025,0.07441182957440243,0.08112949293341225,0.09644367067279802,0.02379269226134497,0.08898712625143775,0.09498799254053689,0.013915844195253551,0.12039663181376312,0.06178319424179459,0.0078070379185080085,0.046570837524760815,0.03931922193860615,0.031829099898347105,0.009409108594803895,0.061417702269020547,0.08019144481536322,0.0075908758602299,0.006676280141718494,0.038720865576424686,0.07352294394433789,0.0903696590415717,0.11155670506834509,0.09547676715570484,56,57,756
C:\Users\damba\.cache\kagglehub\datasets\sunnykusawa\ecommerce-products-image-dataset\versions\1\ecommerce products\tv\85.jpg,tv,exito,6233730.0,703460085.0,729924495.0,99295556445.0,103580364285.0,81688374330.0,15662377456575.0,16376341953435.0,11460489284670.0,11569207833930.0,19911930399.565376,18111508816.28303,-681690991.4499224,-36883993585.126625,6381601371.059691,-12444911755.320312,40077448286.60547,0.0005124097559606112,0.0004660780560398411,-1.754250379345572e-05,-3.8016135610011213e-07,6.577482521552874e-08,-1.2826904219386346e-07,4.1307612350881344e-07,3.0094445351402954,8.458722349111136,9.987899393092817,9.99997833398365,10.0,9.999999999941007,10.0,0.31830988618379075,0.3265338074264091,0.03330084043654494,0.10508179058421016,0.274036819800388,0.14936908426982465,0.32652221446357316,0.17768450587467344,0.18825694067401152,0.10609769326436037,0.08247755019142695,0.12236936760300898,0.022212795675021213,0.10724658889682927,0.08143214720723027,0.15908878571774543,0.04879339374229472,0.051621841942548444,0.07521258418858409,0.1728039759981671,0.021510728274352346,0.06259691517649002,0.06619629387407713,0.11873899760671502,0.08640275685172766,56,57,756
C:\Users\damba\.cache\kagglehub\datasets\sunnykusawa\ecommerce-products-image-dataset\versions\1\ecommerce products\tv\86.jpg,tv,exito,4549200.0,509910750.0,482470200.0,70677457500.0,56270090100.0,53152198470.0,11134553832450.0,7091432572500.0,7296702229740.0,6120683302590.0,13522579067.404709,5101204606.278025,-926923471.1434973,181020852957.47473,41621608412.07624,8723998229.023438,10092882198.726562,0.000653415554375298,0.00024649191690270496,-4.4789252903732144e-05,4.101011911819624e-06,9.429339719613134e-07,1.9764143230682474e-07,2.2865338133885276e-07,3.0458020942776756,6.7601722910001945,9.951616137259519,9.920649000415734,9.999999999999142,9.999973013404238,-9.999999999998973,0.31830988618379047,0.012670745941022854,0.031991366981067124,0.0023647607044132803,0.029070046418718423,0.06651330182850246,0.0035004758263676486,0.004064535781933207,0.08266829490154744,0.04267669755454976,0.11543693761334287,0.11572107261968755,0.09731689531639548,0.015680673519885554,0.005313803213478377,0.02621577379708427,0.030447476212462896,0.14659900803150452,0.14950366521368064,0.1301811481048947,0.20667543349173903,0.04024966675827481,0.15325828458731067,0.04390553710278491,0.38627437153959104,56,57,756
C:\Users\damba\.cache\kagglehub\datasets\sunnykusawa\ecommerce-products-image-dataset\versions\1\ecommerce products\tv\87.jpg,tv,exito,4279155.0,482559450.0,458542020.0,70154877330.0,51348910890.0,51797378880.0,11450903548560.0,5972465797500.0,7580681924040.0,5812393790700.0,15736745062.22692,2212858537.2153,87687370.08997883,-9707040030.305752,-4183931607.38178,43308797355.98047,2994765706.3964844,0.0008594069739230847,0.00012084748476690053,4.7887372568033574e-06,-2.562664637258753e-07,-1.1045605603223971e-07,1.143354958049768e-06,7.90620018944721e-08,3.0086611293294117,6.263076411250674,9.94777259314246,9.99525622634781,-9.999999999999984,-9.999996663464476,9.999999999999993,0.3183098861837906,0.039877101106773595,0.006040021842272167,0.004096952650149647,0.08869961401985488,0.008896764029251176,0.0026781194870543067,0.017347848977938157,0.011551818080001004,0.13264574840338209,0.03778326525087047,0.15887221730599246,0.02873806997932813,0.04189368356065535,0.04305976313543929,0.15752294102452494,0.11310144070849794,0.0374994188128968,0.16224630709747087,0.08327966553496818,0.04679798679469518,0.06718718600842362,0.08058615700692912,0.17494689398015037,0.07937481165702763,56,57,756
C:\Users\damba\.cache\kagglehub\datasets\sunnykusawa\ecommerce-products-image-dataset\versions\1\ecommerce products\tv\88.jpg,tv,exito,1756695.0,195371055.0,98563620.0,22515906105.0,8297786700.0,10954493235.0,2679332694435.0,927665540400.0,1262425583055.0,921199350105.0,787689691.8986795,2767636510.294673,-7272139.193641825,17353836.586098496,151528281662.72668,733779824.4091797,-823997724.7768555,0.00025524804930405457,0.0008968427893636378,-2.356510898308669e-06,4.24281983603453e-09,3.704697782355821e-05,1.7940099751654602e-07,-2.0145826971374943e-07,2.938513239139524,6.385349492133147,8.843674699724893,8.828027318821311,9.999999991818886,9.996155457956748,9.999999999993653,0.0,0.0,0.0,0.0,0.0,0.0,0.0,0.0,0.0,0.0,0.0,0.0,0.0,0.0,0.0,0.0,0.0,0.0,0.0,0.0,0.0,0.0,0.0,0.0,0.0,56,57,756
C:\Users\damba\.cache\kagglehub\datasets\sunnykusawa\ecommerce-products-image-dataset\versions\1\ecommerce products\tv\89.jpg,tv,exito,2384760.0,266031810.0,268637145.0,30093020730.0,38497810785.0,29994076140.0,3449793995010.0,6195230710215.0,3395416557750.0,4300999908540.0,415852406.19546455,8236520058.154938,26269770.561375596,-12572441.43802101,2904252060.484258,-346689937.17578125,459662771.9160156,7.312230307278239e-05,0.0014482862356563302,4.619201659106122e-06,-1.4315546266380764e-09,3.306911783686018e-07,-3.9475672725899424e-08,5.233926688571905e-08,2.8177541221011566,5.723248489474458,9.999016077537613,9.999620600792177,10.0,9.999999507801954,10.0,0.3183098861837905,0.017571593214241354,0.01848704050085148,0.036208733682514115,0.02032158267576736,0.044082609222563296,0.004439669989573067,0.06175683154801857,0.04443708448127224,0.010796118115846333,0.04696699566048994,0.09361888216290504,0.06261607781022901,0.08375329221484377,0.11279043237665884,0.08996576816996237,0.03477274951654073,0.01675580684461467,0.05882220465611266,0.10550290028723684,0.1659295990627108,0.08950599719695436,0.2025898831785707,0.11484975052880701,0.11665211394508228,56,57,756
C:\Users\damba\.cache\kagglehub\datasets\sunnykusawa\ecommerce-products-image-dataset\versions\1\ecommerce products\tv\9.jpg,tv,exito,6209760.0,703195140.0,567233730.0,96345197520.0,63993831510.0,64375389285.0,14719227732480.0,8394032194560.0,8749992254325.0,7269791390475.0,16715162716.783842,12179573881.732096,141666535.63896617,23407437990.802708,323383733121.91187,-82794229465.07812,-2771056811.8828125,0.00043347192816477843,0.0003158511504909606,3.6738180417583486e-06,2.435941434923693e-07,3.3653569228784983e-06,-8.61614561174141e-07,-2.8837552017632886e-08,3.12533083325457,7.8542246585552675,9.868016291217451,9.973406084717215,9.99999999999961,-9.99999685569279,9.999999999999874,0.3183098861837905,0.01633553747898965,0.018289539079225342,0.036664701519452975,0.041249164947173365,0.04734524121757794,0.009294342021404703,0.06685881635502013,0.04820915512012449,0.06807759815652271,0.06980336298896504,0.0932265317705885,0.033494018476737324,0.09832390982960529,0.07721390141541024,0.10814959963402186,0.05149837759731402,0.03732419840078513,0.06139112313570176,0.1095059013927635,0.10191319440926389,0.10653715779355011,0.11780469422069713,0.14410735532786695,0.07082794145122902,56,57,756
C:\Users\damba\.cache\kagglehub\datasets\sunnykusawa\ecommerce-products-image-dataset\versions\1\ecommerce products\tv\90.jpg,tv,exito,5034975.0,581155200.0,571391760.0,78227434770.0,78387476340.0,66050614335.0,11587560178320.0,11976022422570.0,8894894008185.0,9120167267925.0,11148379464.454292,13543352308.421368,98490926.01544622,-15309328267.015608,6334809128.252356,-5445846755.46875,50044119947.51172,0.00043976139906894666,0.0005342340183364547,3.885094471196211e-06,-2.691304509876413e-07,1.1136282453884135e-07,-9.573530384521563e-08,8.797509816137064e-07,3.011443041859145,8.04165347953476,9.964099993412987,9.998382655411229,-9.999999999999996,-9.999999847764817,-10.0,0.3183098861837907,0.016530983151416625,0.10739106597201456,0.0006438852887088049,0.04414950031877687,2.2292860555271935e-05,0.155239738690429,0.0039377489142152665,0.09333109818681816,0.08979722843765808,0.014376369229180033,0.014541126874542032,0.1449552720271755,0.012766633372940369,0.22040860967299317,0.001321554206072326,0.1469420253368497,0.06402896840078982,0.0649014696076955,9.151080235093862e-05,0.07787792765064339,0.028897394937321696,0.3385283507212525,0.009272254209114147,0.19897469465476608,56,57,756
C:\Users\damba\.cache\kagglehub\datasets\sunnykusawa\ecommerce-products-image-dataset\versions\1\ecommerce products\tv\91.jpg,tv,exito,6119745.0,670759905.0,658655820.0,94629651105.0,78000798930.0,72565786305.0,15011270112405.0,9923771860470.0,10298294691135.0,8620135626945.0,21110435818.152424,7111000544.630609,373249646.871744,11651070572.705526,-1982230490.0829103,31675372808.558594,-9553123919.777344,0.000563677301761437,0.0001898733704197063,9.966272399320237e-06,1.2575710104784942e-07,-2.1395421003239083e-08,3.418915913483484e-07,-1.0311268501938983e-07,3.1228874807942715,6.853169331364958,9.994452021355173,9.99955190659841,-10.0,-9.999999835335881,10.0,0.31830988618379064,0.005939784295834374,0.049209558954633636,0.05679307615132154,0.009258234660532248,0.07001972478957418,0.054905538330522086,0.10150326139383796,0.02930952645041531,0.031985457962941465,0.09731839623973886,0.024738222197318527,0.0065577024226383465,0.14511704404185016,0.1166726026494998,0.0244476645427321,0.05282362722217483,0.07553218856914315,0.04526261423737823,0.011673366372335433,0.08339468943321236,0.16258681649154277,0.20700091433794673,0.011120333933620408,0.14653546022908173,56,57,756
C:\Users\damba\.cache\kagglehub\datasets\sunnykusawa\ecommerce-products-image-dataset\versions\1\ecommerce products\tv\92.jpg,tv,exito,1897200.0,230988435.0,147723795.0,32533183815.0,16653471405.0,20362977825.0,4951180843575.0,2367629806095.0,3137655638835.0,2515392018885.0,4409814057.594759,5151089152.627017,2377268242.8205647,-83618497877.56429,268752053675.97415,25612460175.384766,117586057318.9707,0.0012251634880403775,0.0014311094007627232,0.0006604682679002224,-1.6866290323487352e-05,5.4208701153296454e-05,5.166167776050231e-06,2.3717725516187594e-05,2.5757272939732823,5.747781392805156,8.029378593039624,8.43505981033227,9.999999938639336,9.99229023038259,-9.999999935309301,0.3183098861837905,0.046090817904625526,0.02704286621898002,0.033300880984907175,0.10034903150927503,0.05095951418710866,0.05732875515259894,0.05321727617841251,0.05335687492060921,0.14842561110036467,0.09527037575888375,0.09767896162234019,0.10476279778260324,0.0708333944535594,0.09698349836039442,0.12756333781441007,0.13108481018775078,0.10997213306205994,0.10370960316082298,0.11900575126033554,0.1456588911458169,0.08187020896032791,0.14908627934639812,0.18267007753095119,0.02245773490149947,56,57,756
C:\Users\damba\.cache\kagglehub\datasets\sunnykusawa\ecommerce-products-image-dataset\versions\1\ecommerce products\tv\93.jpg,tv,exito,3976215.0,456042765.0,450250440.0,64833543705.0,59841885810.0,60842123820.0,10287399307665.0,8782849975110.0,9435169577550.0,8938980691200.0,12528775600.446997,8857354359.815945,9201693008.269096,-22451510201.06406,656152122.9750724,-17051347193.730469,-8370425136.222656,0.0007924446033043626,0.0005602273427053872,0.0005820067497582267,-7.121490689462848e-07,2.0812770244813193e-08,-5.408589854111236e-07,-2.6550510028332216e-07,2.868807484904761,5.8511037148423775,9.988396372606765,9.994706826979444,9.999999999999991,9.99999416841852,9.999999999999998,0.3183098861837905,0.024130897398055583,0.019776064183534538,0.036704254201267696,0.05662383869695311,0.049125362450381696,0.01741363579011112,0.06878008865815992,0.05099163068790769,0.08761720789860471,0.08097000292950604,0.09126573813937469,0.010540369060035288,0.10182298059119395,0.07763708641780778,0.10763946388668585,0.06290746223002863,0.06457892347869408,0.0520551655274368,0.1035403413228528,0.06323626096721999,0.10773240504721916,0.10968501544054321,0.13236569528673592,0.060890589431554794,56,57,756
C:\Users\damba\.cache\kagglehub\datasets\sunnykusawa\ecommerce-products-image-dataset\versions\1\ecommerce products\tv\94.jpg,tv,exito,2516340.0,273098370.0,280446450.0,30156219420.0,39441649170.0,30425009820.0,3385042125510.0,6219218877180.0,3358703777820.0,4278203603160.0,516854430.9059597,8185852529.799354,-11842261.708551807,-664486.4773197348,-1187370101.1472409,359326346.5839844,241222111.89648438,8.162620418980627e-05,0.001292781932610766,-1.8702342758231113e-06,-6.615502594500028e-11,-1.1821233769053321e-07,3.5773856342222454e-08,2.401562050651191e-08,2.8618842507870483,5.833566277533335,9.999756577425128,9.99996799506529,10.0,9.999999967205476,-10.0,0.3183098861837907,0.012347414517924742,0.10682173983456673,0.0003592222199849875,0.032954307567094984,9.289617542988041e-06,0.15175753315790527,0.0021961477732666858,0.09333172879066175,0.06683616508158101,0.010917069264090992,0.010861154600231694,0.13287676959612332,0.008041803377325912,0.2192503883443102,0.0007372925859607472,0.10857373599956781,0.0486828480087957,0.04838625305106167,3.813330805592251e-05,0.04725560566403105,0.02251571502793102,0.3304040357747587,0.00516770615226623,0.19897003515157138,56,57,756
C:\Users\damba\.cache\kagglehub\datasets\sunnykusawa\ecommerce-products-image-dataset\versions\1\ecommerce products\tv\95.jpg,tv,exito,2656590.0,279861480.0,286613880.0,30013684110.0,40935676830.0,30223466490.0,3273797157120.0,6554394110580.0,3246393259290.0,4318756334250.0,531359781.52236706,10013511118.070646,29802941.864083346,18243168.003241222,-22742637890.457283,2001069792.0644531,-89620922.48242188,7.529040141729915e-05,0.0014188527206859959,4.2228929143535695e-06,1.5859479277043912e-09,-1.9771039452409723e-06,1.739606020923905e-07,-7.791087395824026e-09,2.825607770935671,5.74344315143962,9.973689239698597,9.986104200630107,9.999999999999936,9.999981028276222,10.0,0.3183098861837906,0.03919484229254967,0.01008364699672475,0.010604347651314997,0.08389702073246488,0.08392337006922758,0.01718176254081123,0.016003852203040993,0.06590805612475469,0.12378155329734959,0.12186766403629257,0.08230577241357509,0.01880975427125295,0.09632637283566786,0.10230613064420027,0.06392693183730462,0.1217512638314293,0.11507194810149417,0.08015676614020564,0.0583947449906029,0.008081131185120077,0.19948613696958542,0.1235647789664494,0.16070064178819368,0.0687143897333427,56,57,756
C:\Users\damba\.cache\kagglehub\datasets\sunnykusawa\ecommerce-products-image-dataset\versions\1\ecommerce products\tv\96.jpg,tv,exito,2708610.0,288381285.0,310509675.0,38317610445.0,42518142315.0,26224267575.0,5766139738755.0,6423563514015.0,2869835880015.0,3017068077855.0,7614125802.230746,6921929398.188196,-6835190627.3371315,65199217876.60112,-37664439600.737465,-67355761967.66992,57376252122.39844,0.0010378320851293314,0.0009434832844940651,-0.0009316604854292609,5.39978156951218e-06,-3.119358688734461e-06,-5.578385967172798e-06,4.751885664097821e-06,2.7030463695857296,5.4583001267215545,9.439117587334069,9.554851952444388,9.999999999831523,9.998562108148374,-9.999999999996257,0.3183098861837905,0.0216361791283303,0.01923802263855863,0.035816332088274644,0.02930118617903127,0.04318311288435239,0.007490856690958332,0.05880844706871617,0.043192714458049765,0.026803772510590358,0.041533360614493274,0.09504989684654197,0.056438728374080954,0.07680240072254627,0.11914457523012435,0.08974270791603046,0.04910023678283343,0.027866137662156492,0.0689408035394906,0.10780665189086142,0.15633427763890254,0.08296719947728173,0.2171471810454501,0.11970378949448661,0.1247017710303482,56,57,756
C:\Users\damba\.cache\kagglehub\datasets\sunnykusawa\ecommerce-products-image-dataset\versions\1\ecommerce products\tv\97.jpg,tv,exito,3093660.0,369520245.0,346306320.0,48621214905.0,43330087050.0,38206463595.0,6914156659965.0,5925537027540.0,4689052035525.0,4432001636625.0,4484104988.312315,4564331513.857567,-3157873860.1335306,35424546007.08918,53270297772.26798,741955319.5390625,-36544044391.41797,0.0004685226685554753,0.00047690515423218607,-0.00032995112553513045,2.1043735668094448e-06,3.1644895747032343e-06,4.407540358821253e-08,-2.1708766860758405e-06,3.024371575151869,6.360871007449131,9.736488504029213,9.957427196948482,9.999999999999488,9.999998402324662,9.999999999998792,0.3183098861837906,0.03493460251695515,0.011571862834629108,0.006697502076991184,0.07811474375527545,0.08369706508423135,0.022666730333828784,0.042281349082385525,0.06990760961814266,0.13015873232738023,0.12813834846482441,0.09021579824324434,0.023028749670897884,0.17546793034032176,0.12441605007508524,0.0712758080693848,0.17601215828320071,0.15043874108095304,0.11166986862816626,0.0683848950077798,0.02346149289493046,0.35023715582577647,0.17035208075475813,0.19978584920230744,0.04990117880026561,56,57,756
C:\Users\damba\.cache\kagglehub\datasets\sunnykusawa\ecommerce-products-image-dataset\versions\1\ecommerce products\tv\98.jpg,tv,exito,3093660.0,369520245.0,346306320.0,48621214905.0,43330087050.0,38206463595.0,6914156659965.0,5925537027540.0,4689052035525.0,4432001636625.0,4484104988.312315,4564331513.857567,-3157873860.1335306,35424546007.08918,53270297772.26798,741955319.5390625,-36544044391.41797,0.0004685226685554753,0.00047690515423218607,-0.00032995112553513045,2.1043735668094448e-06,3.1644895747032343e-06,4.407540358821253e-08,-2.1708766860758405e-06,3.024371575151869,6.360871007449131,9.736488504029213,9.957427196948482,9.999999999999488,9.999998402324662,9.999999999998792,0.3183098861837906,0.03493460251695515,0.011571862834629108,0.006697502076991184,0.07811474375527545,0.08369706508423135,0.022666730333828784,0.042281349082385525,0.06990760961814266,0.13015873232738023,0.12813834846482441,0.09021579824324434,0.023028749670897884,0.17546793034032176,0.12441605007508524,0.0712758080693848,0.17601215828320071,0.15043874108095304,0.11166986862816626,0.0683848950077798,0.02346149289493046,0.35023715582577647,0.17035208075475813,0.19978584920230744,0.04990117880026561,56,57,756
C:\Users\damba\.cache\kagglehub\datasets\sunnykusawa\ecommerce-products-image-dataset\versions\1\ecommerce products\tv\99.jpg,tv,exito,7915455.0,922223055.0,790674930.0,143174084745.0,106685974860.0,95966334075.0,24769655688045.0,16738891924140.0,15390580335255.0,13358529276855.0,35726646388.83058,27705443111.60336,3845457959.033058,-236400917113.75577,547033807306.0079,192856463756.26562,160389679548.8203,0.0005702174229466658,0.0004421944954126166,6.13756775148956e-05,-1.3410947008166863e-06,3.103304966421279e-06,1.0940684356030504e-06,9.098854265658565e-07,2.9946427079664333,7.500893760324888,9.933290205454234,9.928840387231526,-9.999999999999543,-9.999988378249874,-9.999999999998751,0.3183098861837906,0.02221889138755841,0.014996578889972903,0.007518852493305326,0.05455861291442378,0.08422534839654434,0.041344128960124564,0.028974147803495685,0.06237972055951142,0.0967954613256352,0.11824299173048054,0.08363701109468161,0.07896732443590262,0.13112812174492075,0.08799833144646399,0.060554214699355895,0.12161506653629725,0.1012608378818885,0.07912540827806577,0.05958333762362031,0.0939695377564009,0.25211241139266,0.08837530260277793,0.16255723565076954,0.05746220430703344,56,57,756
