rutaImagen,etiqueta,estado,m00,m10,m01,m20,m02,m11,m30,m03,m21,m12,mu20,mu02,mu11,mu30,mu03,mu21,mu12,nu20,nu02,nu11,nu30,nu03,nu21,nu12
C:\Users\damba\.cache\kagglehub\datasets\sunnykusawa\ecommerce-products-image-dataset\versions\1\ecommerce products\jeans\1.jpg,jeans,exito,4525230.0,517574010.0,441505980.0,63031720080.0,60121336230.0,50129593710.0,8082910578720.0,9503800180650.0,6074881352130.0,6797175362790.0,3834097897.816975,17045618448.63631,-367733609.84447014,-3405247528.5060515,311910613295.8173,9284105826.910156,-7457308595.263672,0.0001872327786274484,0.0008323988042607415,-1.7957753662232877e-05,-7.817124743368683e-08,7.16025531918891e-06,2.1312698349254166e-07,-1.7119081961288913e-07
C:\Users\damba\.cache\kagglehub\datasets\sunnykusawa\ecommerce-products-image-dataset\versions\1\ecommerce products\jeans\10.jpg,jeans,exito,4331685.0,511272195.0,444043740.0,64851205005.0,64539473370.0,51892793760.0,8665385388675.0,10671794288400.0,6586426107960.0,7576728946680.0,4505344818.925061,19020271712.17225,-518038889.606169,-52592257647.09539,156252575042.83243,60777577755.63281,65293013085.66016,0.00024011224100402845,0.0010136849117810382,-2.7608869844562438e-05,-1.3467272452032966e-06,4.001151678168676e-06,1.5563283175673494e-06,1.6719548385603537e-06
C:\Users\damba\.cache\kagglehub\datasets\sunnykusawa\ecommerce-products-image-dataset\versions\1\ecommerce products\jeans\100.jpg,jeans,exito,3608760.0,439153350.0,381579195.0,56389369410.0,50531365845.0,47387585340.0,7572251728590.0,7528538926065.0,6202078564110.0,6295233852900.0,2948391119.33437,10184354113.311546,952859346.984879,-7407809622.820918,31782924089.165825,7731216367.322266,-55479742919.27344,0.00022639617950625672,0.0007820193348408608,7.316658714292461e-05,-2.994296563089005e-07,1.2846914973615087e-06,3.1250201848944246e-07,-2.242536080199398e-06
C:\Users\damba\.cache\kagglehub\datasets\sunnykusawa\ecommerce-products-image-dataset\versions\1\ecommerce products\jeans\101.jpg,jeans,exito,3465195.0,414514230.0,338208795.0,52396890510.0,43094958435.0,40949912970.0,6938238362460.0,6356838009285.0,5220385384740.0,5205832670910.0,2811788698.27139,10085217564.615496,492634739.29354143,-2297329909.489876,182030380115.6981,-11498367947.240234,-45444765329.30078,0.00023416787929623752,0.0008399045101785363,4.102699190694632e-05,-1.0277894823424403e-07,8.143754598626814e-06,-5.144190040559357e-07,-2.0331277471308946e-06
C:\Users\damba\.cache\kagglehub\datasets\sunnykusawa\ecommerce-products-image-dataset\versions\1\ecommerce products\jeans\102.jpg,jeans,exito,7110165.0,899286315.0,1065643215.0,143883358065.0,178602408765.0,127020735150.0,25204113399705.0,31594049665665.0,19698241497360.0,20769411744540.0,30142555095.40939,18888047470.214844,-7760716464.991033,-618903289354.9236,-835898773723.3239,96711567989.92969,506254372033.5156,0.0005962394464832022,0.00037361792764889,-0.000153512045503536,-4.591172315228136e-06,-6.200896608986721e-06,7.174294936781895e-07,3.755515760412385e-06
C:\Users\damba\.cache\kagglehub\datasets\sunnykusawa\ecommerce-products-image-dataset\versions\1\ecommerce products\jeans\103.jpg,jeans,exito,4054755.0,453075075.0,373299855.0,54025382985.0,49566465225.0,41825349645.0,6795768293955.0,7682206539525.0,5005405124265.0,5569583674785.0,3399137111.635119,15198721244.655684,113122937.93283583,-618430128.533783,320352332554.21747,6293216937.3671875,10237301956.859375,0.00020674710981677483,0.0009244380520831097,6.88052282196576e-06,-1.868009558875738e-08,9.6764564307078e-06,1.9009082599115998e-07,3.0922455149217326e-07
C:\Users\damba\.cache\kagglehub\datasets\sunnykusawa\ecommerce-products-image-dataset\versions\1\ecommerce products\jeans\104.jpg,jeans,exito,4054755.0,453075075.0,373299855.0,54025382985.0,49566465225.0,41825349645.0,6795768293955.0,7682206539525.0,5005405124265.0,5569583674785.0,3399137111.635119,15198721244.655684,113122937.93283583,-618430128.533783,320352332554.21747,6293216937.3671875,10237301956.859375,0.00020674710981677483,0.0009244380520831097,6.88052282196576e-06,-1.868009558875738e-08,9.6764564307078e-06,1.9009082599115998e-07,3.0922455149217326e-07
C:\Users\damba\.cache\kagglehub\datasets\sunnykusawa\ecommerce-products-image-dataset\versions\1\ecommerce products\jeans\105.jpg,jeans,exito,3733455.0,522545490.0,417386805.0,76067411880.0,56383454685.0,58293220320.0,11453526297000.0,8375879238495.0,8505823961490.0,7786313320710.0,2930387563.558497,9721115112.644627,-125481000.42825177,-13386957464.184593,-101158883470.40387,36887025728.53906,-77226410866.3086,0.00021023412922335379,0.0006974197530053198,-9.002354905940817e-06,-4.970551533200715e-07,-3.756009867633618e-06,1.3696081636229504e-06,-2.8674017674448448e-06
C:\Users\damba\.cache\kagglehub\datasets\sunnykusawa\ecommerce-products-image-dataset\versions\1\ecommerce products\jeans\106.jpg,jeans,exito,3171435.0,363380100.0,320252205.0,43803408870.0,43349351025.0,38242427775.0,5550280620270.0,6637277879265.0,4808298459705.0,5270676677775.0,2167651846.4412613,11010212809.22007,1548225220.5978107,34591291946.54123,36223432171.11265,30232143321.166016,-8932266398.767578,0.0002155151973780964,0.0010946721867026573,0.00015392973025196813,1.9311999692186086e-06,2.0223208546808804e-06,1.687832716438514e-06,-4.986802060186474e-07
C:\Users\damba\.cache\kagglehub\datasets\sunnykusawa\ecommerce-products-image-dataset\versions\1\ecommerce products\jeans\107.jpg,jeans,exito,4913085.0,659381040.0,397047240.0,95929747950.0,44669015550.0,54399627360.0,14847177021570.0,5931296518230.0,7997595382230.0,6130373981400.0,7434768540.630602,12581943823.861006,1112248444.241443,-23102608269.3883,287803381872.15155,-53442352563.46484,-44388368344.79297,0.0003080058016148889,0.0005212417403666899,4.607796083917387e-05,-4.317927237833301e-07,5.379107186667482e-06,-9.988490784109423e-07,-8.296281635564167e-07
C:\Users\damba\.cache\kagglehub\datasets\sunnykusawa\ecommerce-products-image-dataset\versions\1\ecommerce products\jeans\108.jpg,jeans,exito,8352270.0,1207100385.0,867677280.0,193476569475.0,125799749760.0,126474407850.0,33338035893555.0,20856751212120.0,20417685049680.0,18155376042030.0,19022039213.508423,35660917774.42023,1074537067.1166842,-122168723629.78754,378734939889.4992,7739997541.3984375,-248917541332.32812,0.00027267669558004855,0.0005111913139772805,1.540324953864992e-05,-6.05966651084096e-07,1.878555626633548e-06,3.8391007536210146e-08,-1.2346509354908306e-06
C:\Users\damba\.cache\kagglehub\datasets\sunnykusawa\ecommerce-products-image-dataset\versions\1\ecommerce products\jeans\109.jpg,jeans,exito,4458165.0,497204610.0,425287980.0,59940485640.0,58475661600.0,47167515495.0,7681595338950.0,9370600759800.0,5677893053085.0,6463481389965.0,4488876243.476521,17905187888.847446,-263466586.99736845,-4631103947.205636,376156099594.6543,18619685055.216797,-7851585632.978516,0.00022585273611649357,0.0009008792971855632,-1.325602362843156e-05,-1.1035555113073556e-07,8.963502904529539e-06,4.4369239593272534e-07,-1.8709708735869052e-07
C:\Users\damba\.cache\kagglehub\datasets\sunnykusawa\ecommerce-products-image-dataset\versions\1\ecommerce products\jeans\11.jpg,jeans,exito,4445160.0,484541565.0,457949145.0,57452636025.0,66935499015.0,50389619250.0,7259252852985.0,11152452375525.0,6095384306340.0,7455162802290.0,4635520732.715985,19756675439.19373,471192149.8029512,-13915067577.854195,185882039494.3226,73776555661.18945,61819136134.0,0.00023459769055638087,0.0009998597133641157,2.3846423417310892e-05,-3.34015657585697e-07,4.461890774708046e-06,1.7709238288428083e-06,1.4838993265142227e-06
C:\Users\damba\.cache\kagglehub\datasets\sunnykusawa\ecommerce-products-image-dataset\versions\1\ecommerce products\jeans\110.jpg,jeans,exito,4458165.0,497204610.0,425287980.0,59940485640.0,58475661600.0,47167515495.0,7681595338950.0,9370600759800.0,5677893053085.0,6463481389965.0,4488876243.476521,17905187888.847446,-263466586.99736845,-4631103947.205636,376156099594.6543,18619685055.216797,-7851585632.978516,0.00022585273611649357,0.0009008792971855632,-1.325602362843156e-05,-1.1035555113073556e-07,8.963502904529539e-06,4.4369239593272534e-07,-1.8709708735869052e-07
C:\Users\damba\.cache\kagglehub\datasets\sunnykusawa\ecommerce-products-image-dataset\versions\1\ecommerce products\jeans\111.jpg,jeans,exito,5344035.0,787570815.0,613366035.0,123843547605.0,84871905255.0,91911471465.0,20572066800075.0,12961644917595.0,14700065290575.0,12699334028325.0,7776233554.89286,14472311522.619644,1517380094.2906785,28744588174.103172,-101741209363.94914,38575552977.25,-156879379021.53906,0.00027228938326612635,0.0005067564845001175,5.3131954838822745e-05,4.35394417445154e-07,-1.5410745950812065e-06,5.84304089327189e-07,-2.376252720147785e-06
C:\Users\damba\.cache\kagglehub\datasets\sunnykusawa\ecommerce-products-image-dataset\versions\1\ecommerce products\jeans\112.jpg,jeans,exito,7894800.0,1003930920.0,862481145.0,168629289150.0,125590313415.0,109580541825.0,30463389236070.0,20510977321155.0,18582145644195.0,15981396276045.0,40965853454.09303,31367061973.48015,-95636087.3604551,-1398840496008.2144,-62853094742.08059,184268771279.89844,31780041871.953125,0.0006572638435998856,0.0005032590310422428,-1.5344033399872156e-06,-7.987582657928166e-06,-3.5890031135902347e-07,1.0522014812076224e-06,1.8146866068649554e-07
C:\Users\damba\.cache\kagglehub\datasets\sunnykusawa\ecommerce-products-image-dataset\versions\1\ecommerce products\jeans\113.jpg,jeans,exito,4753965.0,659886450.0,537826110.0,100465798620.0,75165374880.0,77719223595.0,16519920149940.0,11618667950640.0,12211794739425.0,10947691851795.0,8868547295.347324,14319970128.864454,3064874552.6302166,112460780648.39154,-125046788077.86055,-4969169501.324219,-179304562575.01953,0.00039241041581549715,0.0006336218599951804,0.00013561281882670023,2.2822391119083006e-06,-2.5376550733900996e-06,-1.0084255972827624e-07,-3.638743064853264e-06
C:\Users\damba\.cache\kagglehub\datasets\sunnykusawa\ecommerce-products-image-dataset\versions\1\ecommerce products\jeans\114.jpg,jeans,exito,5148195.0,705609735.0,553279875.0,105956801595.0,75939347565.0,79324434825.0,17208248434215.0,11564574428085.0,12387373556835.0,11017235243715.0,9246187850.421522,16477998474.684727,3492096310.31998,151289439326.92267,-138479283165.69522,42876068662.91016,-141579861683.32422,0.0003488612524384032,0.0006217194889994089,0.00013175777003040406,2.515771206499048e-06,-2.302752887675539e-06,7.12980228295619e-07,-2.354311979921791e-06
C:\Users\damba\.cache\kagglehub\datasets\sunnykusawa\ecommerce-products-image-dataset\versions\1\ecommerce products\jeans\115.jpg,jeans,exito,4446945.0,493584120.0,446251020.0,58645858290.0,62297144640.0,49416664200.0,7367797275750.0,10035931828020.0,5892679158600.0,6893254906920.0,3860992833.7880626,17515845826.760704,-114512148.21262583,1366196414.0673878,268981152579.45566,32986420129.36914,1629534948.328125,0.00019524300321758448,0.0008857427325908049,-5.790659730387232e-06,3.276112039972588e-08,6.450114957246496e-06,7.910078450556521e-07,3.907592648322202e-08
C:\Users\damba\.cache\kagglehub\datasets\sunnykusawa\ecommerce-products-image-dataset\versions\1\ecommerce products\jeans\116.jpg,jeans,exito,4446945.0,493584120.0,446251020.0,58645858290.0,62297144640.0,49416664200.0,7367797275750.0,10035931828020.0,5892679158600.0,6893254906920.0,3860992833.7880626,17515845826.760704,-114512148.21262583,1366196414.0673878,268981152579.45566,32986420129.36914,1629534948.328125,0.00019524300321758448,0.0008857427325908049,-5.790659730387232e-06,3.276112039972588e-08,6.450114957246496e-06,7.910078450556521e-07,3.907592648322202e-08
C:\Users\damba\.cache\kagglehub\datasets\sunnykusawa\ecommerce-products-image-dataset\versions\1\ecommerce products\jeans\117.jpg,jeans,exito,4939350.0,634814340.0,510251175.0,86692349490.0,66837015975.0,66957605475.0,12457334863410.0,9920317519035.0,9308760378555.0,8825976027225.0,5104843791.955602,14126383687.577436,1379186676.605576,3306963032.323793,97228714857.9394,-1356975039.1914062,-48989186477.96875,0.00020923910558639527,0.0005790171077549505,5.6530581230394986e-05,6.098946688929195e-08,1.7931641290074423e-06,-2.5026340909593988e-08,-9.034949400483286e-07
C:\Users\damba\.cache\kagglehub\datasets\sunnykusawa\ecommerce-products-image-dataset\versions\1\ecommerce products\jeans\118.jpg,jeans,exito,5945325.0,854038860.0,578947920.0,129822877620.0,77624319990.0,82137129195.0,20701795641090.0,11872661546220.0,12327937821765.0,10834165552425.0,7141211875.890178,21247133869.421825,-1028050437.0926586,1240616173.4882076,175671639200.35593,-18686613380.148438,-116255228291.79297,0.0002020322581724931,0.0006011033575162568,-2.9084608457322644e-05,1.4394561450423843e-08,2.0382744152498714e-06,-2.1681613568244835e-07,-1.34888055092341e-06
C:\Users\damba\.cache\kagglehub\datasets\sunnykusawa\ecommerce-products-image-dataset\versions\1\ecommerce products\jeans\119.jpg,jeans,exito,4912575.0,608183415.0,455362680.0,81474540765.0,60015667290.0,55954574265.0,11691313885485.0,9280769269530.0,7415051101605.0,7235123537145.0,6180613185.052165,17806607817.771603,-419940075.4329109,74319273622.07355,416614643008.9596,-33112856436.42578,-117045826082.82422,0.00025610212171984375,0.000737841037163366,-1.7400788739483624e-05,1.3894037665179978e-06,7.788638477909944e-06,-6.190470548312134e-07,-2.1881795083420407e-06
C:\Users\damba\.cache\kagglehub\datasets\sunnykusawa\ecommerce-products-image-dataset\versions\1\ecommerce products\jeans\12.jpg,jeans,exito,7865220.0,922857750.0,1057345260.0,145523127660.0,172028660490.0,116798896695.0,25521935325930.0,30411593406060.0,17840268859575.0,18840454025415.0,37240533309.80222,29886546366.750084,-7263655607.003638,-292037547484.686,-750215803416.3606,-18296763658.351562,608592881970.8438,0.0006019967435330533,0.0004831188489853747,-0.00011741767995601824,-1.6832999300884472e-06,-4.324232347240313e-06,-1.0546226419245997e-07,3.5079200071955415e-06
C:\Users\damba\.cache\kagglehub\datasets\sunnykusawa\ecommerce-products-image-dataset\versions\1\ecommerce products\jeans\120.jpg,jeans,exito,4397985.0,514602750.0,497851290.0,66465541920.0,75319316340.0,58467057900.0,9106732436610.0,12687611050260.0,7339188028620.0,8794745728680.0,6252514747.88311,18962619590.31484,214098209.358149,-133515817903.07596,-131656876170.4228,-234804797647.625,-66745489710.97656,0.0003232564782676507,0.0009803718783021945,1.1068927615717679e-05,-3.2915341177166684e-06,-3.2457060635432147e-06,-5.788587559129283e-06,-1.6454608902360238e-06
C:\Users\damba\.cache\kagglehub\datasets\sunnykusawa\ecommerce-products-image-dataset\versions\1\ecommerce products\jeans\121.jpg,jeans,exito,4803180.0,528872805.0,484389330.0,63967467825.0,68082624930.0,53758666245.0,8311657393125.0,11034874062150.0,6637576797405.0,7592212788675.0,5733871776.430506,19233107939.62094,423096129.1245487,5570209805.352169,289675753557.49884,93435841884.32812,10374231819.644531,0.0002485365425156101,0.0008336653374063906,1.8339239729182653e-05,1.1016646090014063e-07,5.729147319971251e-06,1.8479548134310828e-06,2.0517941766389285e-07
C:\Users\damba\.cache\kagglehub\datasets\sunnykusawa\ecommerce-products-image-dataset\versions\1\ecommerce products\jeans\122.jpg,jeans,exito,4803180.0,528872805.0,484389330.0,63967467825.0,68082624930.0,53758666245.0,8311657393125.0,11034874062150.0,6637576797405.0,7592212788675.0,5733871776.430506,19233107939.62094,423096129.1245487,5570209805.352169,289675753557.49884,93435841884.32812,10374231819.644531,0.0002485365425156101,0.0008336653374063906,1.8339239729182653e-05,1.1016646090014063e-07,5.729147319971251e-06,1.8479548134310828e-06,2.0517941766389285e-07
C:\Users\damba\.cache\kagglehub\datasets\sunnykusawa\ecommerce-products-image-dataset\versions\1\ecommerce products\jeans\123.jpg,jeans,exito,5712255.0,807873915.0,625356390.0,122812312815.0,83896667190.0,91784195355.0,19829218983105.0,12542351047410.0,14413557004545.0,12511588948755.0,8556163091.742326,15434980078.02196,3341169779.361853,39929829755.319305,-21871622900.990707,23451448997.390625,-85322905046.16797,0.00026221883360461203,0.0004730324129369962,0.00010239608958188252,5.120100579217564e-07,-2.8045426131292843e-07,3.0071196980005935e-07,-1.094073924743475e-06
C:\Users\damba\.cache\kagglehub\datasets\sunnykusawa\ecommerce-products-image-dataset\versions\1\ecommerce products\jeans\124.jpg,jeans,exito,4273545.0,582303465.0,472097820.0,84057695865.0,63058769970.0,67035769605.0,12770319602835.0,9301743519330.0,10033804632555.0,9108362660025.0,4714357874.875596,10906200698.177105,2708800682.256405,32075027503.312008,-73960956205.47139,9774695199.9375,-82362615123.4961,0.0002581344597304417,0.0005971685433427141,0.0001483202631599453,8.495644556180255e-07,-1.95898817200396e-06,2.5890028014814795e-07,-2.1815211311492937e-06
C:\Users\damba\.cache\kagglehub\datasets\sunnykusawa\ecommerce-products-image-dataset\versions\1\ecommerce products\jeans\125.jpg,jeans,exito,5727300.0,798328500.0,534512895.0,118691994510.0,69524774625.0,73216840830.0,18643930028970.0,10370977359495.0,10631248064400.0,9367861145370.0,7412963568.32592,19640180676.493546,-1288925883.1121945,32863363824.279232,216498246743.3484,-86617084118.83594,-82615349447.60156,0.00022599144602429764,0.0005987501206972208,-3.929416642316661e-05,4.1863658974341076e-07,2.757906591263278e-06,-1.103389199684975e-06,-1.052412295288297e-06
C:\Users\damba\.cache\kagglehub\datasets\sunnykusawa\ecommerce-products-image-dataset\versions\1\ecommerce products\jeans\126.jpg,jeans,exito,4885800.0,608742375.0,381550890.0,82713453165.0,44310869070.0,47855650335.0,12037347003075.0,6170812177710.0,6460645884825.0,5547510192405.0,6867679879.020096,14514094404.685804,316619887.1790198,20383671644.69642,443483427938.0586,-77663410329.57812,-22819513165.335938,0.000287699212401026,0.0006080209914411512,1.3263765023494794e-05,3.863164502752103e-07,8.405009000500137e-06,-1.4718964040316086e-06,-4.3248112885171533e-07
C:\Users\damba\.cache\kagglehub\datasets\sunnykusawa\ecommerce-products-image-dataset\versions\1\ecommerce products\jeans\127.jpg,jeans,exito,10141350.0,1244755980.0,1288861290.0,194451350580.0,202263986010.0,149134691640.0,33373630381950.0,34710939828810.0,22607519118600.0,22901832342630.0,41669181564.45863,38462970872.91626,-9060992180.991707,-722462083221.0789,-771228762392.2682,119056522719.19531,378935294166.22656,0.0004051570754568974,0.0003739825023476446,-8.810168462535076e-05,-2.205848241944854e-06,-2.3547444899467563e-06,3.63507826128836e-07,1.1569794067540613e-06
C:\Users\damba\.cache\kagglehub\datasets\sunnykusawa\ecommerce-products-image-dataset\versions\1\ecommerce products\jeans\128.jpg,jeans,exito,4657065.0,522135195.0,441329775.0,62983541655.0,59809943235.0,49316861025.0,8057947152525.0,9475855255185.0,5927592584325.0,6676871298315.0,4443417809.254225,17987041836.46881,-163618231.55560854,70903765.98377445,398820031525.0206,-4394749505.771484,2183017324.9375,0.00020487669152109605,0.0008293448376680505,-7.544094071872092e-06,1.5149160054836484e-09,8.521110842025044e-06,-9.389735896268346e-08,4.664192148203676e-08
C:\Users\damba\.cache\kagglehub\datasets\sunnykusawa\ecommerce-products-image-dataset\versions\1\ecommerce products\jeans\129.jpg,jeans,exito,4657065.0,522135195.0,441329775.0,62983541655.0,59809943235.0,49316861025.0,8057947152525.0,9475855255185.0,5927592584325.0,6676871298315.0,4443417809.254225,17987041836.46881,-163618231.55560854,70903765.98377445,398820031525.0206,-4394749505.771484,2183017324.9375,0.00020487669152109605,0.0008293448376680505,-7.544094071872092e-06,1.5149160054836484e-09,8.521110842025044e-06,-9.389735896268346e-08,4.664192148203676e-08
C:\Users\damba\.cache\kagglehub\datasets\sunnykusawa\ecommerce-products-image-dataset\versions\1\ecommerce products\jeans\13.jpg,jeans,exito,4215915.0,472998225.0,394200165.0,56518135995.0,52825596255.0,44403511080.0,7113919121985.0,8276190309615.0,5314975844640.0,5970632885550.0,3450813515.0281234,15966748273.950281,176818098.83051893,-1365541195.409266,350971616127.65204,-9307929703.378906,10878784566.083984,0.0001941501801746556,0.000898323552023516,9.948166018413642e-06,-3.741753649742049e-08,9.617061206329362e-06,-2.550489143516624e-07,2.9809230209786765e-07
C:\Users\damba\.cache\kagglehub\datasets\sunnykusawa\ecommerce-products-image-dataset\versions\1\ecommerce products\jeans\130.jpg,jeans,exito,3245640.0,392345550.0,303973005.0,49296779010.0,36802309155.0,37373204175.0,6413019010290.0,5126406664485.0,4776479533185.0,4548819563715.0,1868527384.803584,8333474728.28292,627768503.7987127,2083514403.656086,118700567912.42981,7776161806.230469,-17574609322.246094,0.00017737759944090178,0.0007910891509142255,5.959349117065651e-05,1.0978566566028214e-07,6.254634400248039e-06,4.097457155472544e-07,-9.260508013654555e-07
C:\Users\damba\.cache\kagglehub\datasets\sunnykusawa\ecommerce-products-image-dataset\versions\1\ecommerce products\jeans\131.jpg,jeans,exito,3771450.0,462567705.0,384657555.0,59925205785.0,50341590765.0,48294052200.0,8125654328205.0,7468182987285.0,6387679389480.0,6344118846690.0,3191354956.017244,11109615100.844831,1115868099.1206915,-7000323801.712467,67563071380.087944,2068488761.2070312,-57887886963.04297,0.00022436670089463615,0.0007810562355923397,7.845057898095043e-05,-2.5342370901557446e-07,2.4458988793400346e-06,7.488283524740418e-08,-2.0956406356031633e-06
C:\Users\damba\.cache\kagglehub\datasets\sunnykusawa\ecommerce-products-image-dataset\versions\1\ecommerce products\jeans\132.jpg,jeans,exito,3701070.0,469042410.0,351548100.0,62608406820.0,44122512300.0,45179246325.0,8736040866450.0,6420388325670.0,6093572744265.0,5660758508115.0,3165926029.6858244,10730529275.196365,627003850.5477498,-866344384.8052747,190898009715.1689,-12242399971.24414,-50069314420.68164,0.00023112459609345553,0.0007833692958533449,4.5773656853653965e-05,-3.287549623274618e-08,7.244078578105384e-06,-4.645669565052604e-07,-1.89999910714869e-06
C:\Users\damba\.cache\kagglehub\datasets\sunnykusawa\ecommerce-products-image-dataset\versions\1\ecommerce products\jeans\133.jpg,jeans,exito,7646940.0,996364815.0,1098144240.0,161438040015.0,179411085930.0,136153198815.0,28303639176435.0,31305504588810.0,21427616302005.0,21618343861575.0,31615804641.113937,21711303815.170067,-6930476816.156471,-969891616031.9666,-694685952924.6842,50217334865.36719,232329710900.08594,0.0005406657690377333,0.0003712876805537854,-0.00011851893760542283,-5.997965987450124e-06,-4.296049835597614e-06,3.1055208801076837e-07,1.4367643567783013e-06
C:\Users\damba\.cache\kagglehub\datasets\sunnykusawa\ecommerce-products-image-dataset\versions\1\ecommerce products\jeans\134.jpg,jeans,exito,4615755.0,519245790.0,453394080.0,62388288780.0,62484936330.0,51257153475.0,7913825235330.0,9982413905490.0,6190461053535.0,7087931853195.0,3976135094.9096727,17949168773.21971,252936992.3393728,918438646.5894488,318470748499.15356,5307437063.2890625,9046514252.636719,0.00018662749815124695,0.000842478533068198,1.1872081039356797e-05,2.006519006570898e-08,6.957651578288377e-06,1.159519297583386e-07,1.9763979726393445e-07
C:\Users\damba\.cache\kagglehub\datasets\sunnykusawa\ecommerce-products-image-dataset\versions\1\ecommerce products\jeans\135.jpg,jeans,exito,4615755.0,519245790.0,453394080.0,62388288780.0,62484936330.0,51257153475.0,7913825235330.0,9982413905490.0,6190461053535.0,7087931853195.0,3976135094.9096727,17949168773.21971,252936992.3393728,918438646.5894488,318470748499.15356,5307437063.2890625,9046514252.636719,0.00018662749815124695,0.000842478533068198,1.1872081039356797e-05,2.006519006570898e-08,6.957651578288377e-06,1.159519297583386e-07,1.9763979726393445e-07
C:\Users\damba\.cache\kagglehub\datasets\sunnykusawa\ecommerce-products-image-dataset\versions\1\ecommerce products\jeans\136.jpg,jeans,exito,3360135.0,418851525.0,321410670.0,54231690225.0,39112609920.0,40448229540.0,7266534795165.0,5434442326680.0,5297406241620.0,4919827905330.0,2020514187.4819834,8368363397.21181,383366288.7402348,2654905966.8669324,92224608511.38647,14347376486.732422,-29024549455.58203,0.00017895690144199136,0.0007411857798295987,3.395474457705581e-05,1.2827952042604517e-07,4.456100780579316e-06,6.932353153215084e-07,-1.4024057089818233e-06
C:\Users\damba\.cache\kagglehub\datasets\sunnykusawa\ecommerce-products-image-dataset\versions\1\ecommerce products\jeans\137.jpg,jeans,exito,3922155.0,465807225.0,367620750.0,58535342565.0,46762445190.0,44795200515.0,7708672452495.0,6809632339230.0,5774576684055.0,5723620104945.0,3214639823.2163053,12305618310.24576,1135426383.197776,-6726453331.207133,119828790559.88174,18407904200.427734,-42877502949.234375,0.0002089694575162882,0.0007999335925981683,7.380902632791006e-05,-2.2078738303898542e-07,3.9332295606212194e-06,6.042163374253898e-07,-1.4074001856947273e-06
C:\Users\damba\.cache\kagglehub\datasets\sunnykusawa\ecommerce-products-image-dataset\versions\1\ecommerce products\jeans\138.jpg,jeans,exito,4269465.0,544578000.0,393351015.0,73340891190.0,49325328045.0,51130380735.0,10349792807370.0,7124701177335.0,7003291619265.0,6387894954495.0,3878980134.63358,13085419531.514069,957745745.2132248,5487296027.292287,169147270568.58325,1981498333.1015625,-80116615590.03711,0.00021279951809329586,0.0007178616217940065,5.254160267993511e-05,1.456883235511515e-07,4.4908789611173825e-06,5.260900247282958e-08,-2.1271051089372604e-06
C:\Users\damba\.cache\kagglehub\datasets\sunnykusawa\ecommerce-products-image-dataset\versions\1\ecommerce products\jeans\139.jpg,jeans,exito,9664755.0,1027530660.0,1125071475.0,153322211880.0,170296349865.0,116626500120.0,26006013647220.0,28793210524125.0,17111989767630.0,17566778727210.0,44077926097.27343,39327088475.6864,-2988061786.0103893,332717784671.8655,-187051925085.93073,-100841480745.57031,157009456243.625,0.0004718885655749191,0.00042102714469993056,-3.19895311530298e-05,1.1457738145669297e-06,-6.441471048479159e-07,-3.4726586128955994e-07,5.406904346299278e-07
C:\Users\damba\.cache\kagglehub\datasets\sunnykusawa\ecommerce-products-image-dataset\versions\1\ecommerce products\jeans\14.jpg,jeans,exito,4215915.0,472998225.0,394200165.0,56518135995.0,52825596255.0,44403511080.0,7113919121985.0,8276190309615.0,5314975844640.0,5970632885550.0,3450813515.0281234,15966748273.950281,176818098.83051893,-1365541195.409266,350971616127.65204,-9307929703.378906,10878784566.083984,0.0001941501801746556,0.000898323552023516,9.948166018413642e-06,-3.741753649742049e-08,9.617061206329362e-06,-2.550489143516624e-07,2.9809230209786765e-07
C:\Users\damba\.cache\kagglehub\datasets\sunnykusawa\ecommerce-products-image-dataset\versions\1\ecommerce products\jeans\140.jpg,jeans,exito,4931700.0,551563980.0,493418880.0,66311134830.0,69033556140.0,55271813295.0,8449223898840.0,11133430896600.0,6665205807705.0,7741806933195.0,4623922705.693899,19666767580.182007,87580421.96587469,-1333082866.3520126,291252982638.61615,11155826650.449219,3531968058.3320312,0.00019011538587537455,0.0008086110744938401,3.6009221556984737e-06,-2.468115737133017e-08,5.392358480342812e-06,2.0654283399537041e-07,6.539207852603627e-08
C:\Users\damba\.cache\kagglehub\datasets\sunnykusawa\ecommerce-products-image-dataset\versions\1\ecommerce products\jeans\141.jpg,jeans,exito,4931700.0,551563980.0,493418880.0,66311134830.0,69033556140.0,55271813295.0,8449223898840.0,11133430896600.0,6665205807705.0,7741806933195.0,4623922705.693899,19666767580.182007,87580421.96587469,-1333082866.3520126,291252982638.61615,11155826650.449219,3531968058.3320312,0.00019011538587537455,0.0008086110744938401,3.6009221556984737e-06,-2.468115737133017e-08,5.392358480342812e-06,2.0654283399537041e-07,6.539207852603627e-08
C:\Users\damba\.cache\kagglehub\datasets\sunnykusawa\ecommerce-products-image-dataset\versions\1\ecommerce products\jeans\142.jpg,jeans,exito,4130235.0,538116810.0,405437505.0,73913847630.0,49846444515.0,53617481670.0,10628612184480.0,6949232162925.0,7473553576710.0,6587064023610.0,3804107819.8981376,10047360331.98741,794158821.5521456,7329707487.543569,83576453998.89104,10988761044.21875,-63204848408.53516,0.0002229991935139725,0.0005889825833163337,4.655408971370253e-05,2.1142178573297926e-07,2.4107214619007275e-06,3.1696537507260466e-07,-1.8231125785338953e-06
C:\Users\damba\.cache\kagglehub\datasets\sunnykusawa\ecommerce-products-image-dataset\versions\1\ecommerce products\jeans\143.jpg,jeans,exito,5287425.0,731270385.0,498430905.0,109060798785.0,63179725395.0,67004356410.0,17327752581285.0,9186792996255.0,9727604947410.0,8248341094830.0,7923406580.278758,16194024971.992767,-1930476669.476005,52569013317.901184,177883602543.08163,-19270290307.410156,-125686649657.96875,0.0002834154369629245,0.0005792504293606969,-6.905197698526085e-05,8.177475946841256e-07,2.767103259741373e-06,-2.997627795000551e-07,-1.955143324075115e-06
C:\Users\damba\.cache\kagglehub\datasets\sunnykusawa\ecommerce-products-image-dataset\versions\1\ecommerce products\jeans\144.jpg,jeans,exito,5047215.0,652935915.0,409503225.0,92331233085.0,46726397625.0,52893041715.0,14011200372825.0,6319716588795.0,7436723958585.0,5909374097595.0,7863797262.098211,13501561495.49083,-82582051.93402055,32107055255.22425,337709388794.90564,-33157182053.941406,-122013104009.25195,0.00030869436240243573,0.000530005514940724,-3.2417689594473844e-06,5.610104651544741e-07,5.900837052443036e-06,-5.793594578956764e-07,-2.1319497440997435e-06
C:\Users\damba\.cache\kagglehub\datasets\sunnykusawa\ecommerce-products-image-dataset\versions\1\ecommerce products\jeans\145.jpg,jeans,exito,7285860.0,922428585.0,1048723710.0,151901944245.0,175799451060.0,123496471695.0,27328269723705.0,31247197176210.0,19402160603895.0,20241189141345.0,35117584618.9432,24846588952.27845,-9277521748.636076,-795469034108.5327,-1210119657405.1892,-113376066728.28125,654850009192.8672,0.0006615504874768253,0.0004680638834326175,-0.0001747713888066298,-5.551639069651248e-06,-8.445517400350516e-06,-7.912602183408631e-07,4.570248167951411e-06
C:\Users\damba\.cache\kagglehub\datasets\sunnykusawa\ecommerce-products-image-dataset\versions\1\ecommerce products\jeans\146.jpg,jeans,exito,4088415.0,459074970.0,389710890.0,54753407220.0,53611742640.0,43990336620.0,6866723005560.0,8610053804910.0,5270235387270.0,6074842434540.0,3205355449.2035227,16464198228.634695,230954283.46535695,-1199084121.2498722,360980599689.72546,-768099348.9179688,10922812186.861328,0.0001917636336756609,0.0009849873213480548,1.3817073741784375e-05,-3.547825242864357e-08,1.068061915813363e-05,-2.2726364321114867e-08,3.231819028611557e-07
C:\Users\damba\.cache\kagglehub\datasets\sunnykusawa\ecommerce-products-image-dataset\versions\1\ecommerce products\jeans\147.jpg,jeans,exito,4088415.0,459074970.0,389710890.0,54753407220.0,53611742640.0,43990336620.0,6866723005560.0,8610053804910.0,5270235387270.0,6074842434540.0,3205355449.2035227,16464198228.634695,230954283.46535695,-1199084121.2498722,360980599689.72546,-768099348.9179688,10922812186.861328,0.0001917636336756609,0.0009849873213480548,1.3817073741784375e-05,-3.547825242864357e-08,1.068061915813363e-05,-2.2726364321114867e-08,3.231819028611557e-07
C:\Users\damba\.cache\kagglehub\datasets\sunnykusawa\ecommerce-products-image-dataset\versions\1\ecommerce products\jeans\148.jpg,jeans,exito,4939350.0,645533775.0,522840780.0,90110476845.0,68953616700.0,70012168365.0,13270392293715.0,10229319985680.0,10004565652725.0,9303803638575.0,5744344729.286271,13609799956.702114,1681035232.6355221,-7810984205.773957,49178957151.70554,26782738156.453125,-63768214549.66406,0.0002354511915192873,0.0005578431948569365,6.890285440078627e-05,-1.4405596855314012e-07,9.069948316737562e-07,4.939471370049587e-07,-1.1760607457208495e-06
C:\Users\damba\.cache\kagglehub\datasets\sunnykusawa\ecommerce-products-image-dataset\versions\1\ecommerce products\jeans\149.jpg,jeans,exito,4176135.0,507960000.0,492659235.0,67018796550.0,72070772145.0,63520999800.0,9504517888350.0,11454158434095.0,8865955444110.0,9484193926800.0,5233590468.300057,13951692701.738415,3596886951.49295,79588587909.9061,-339807033401.1575,84731074997.32812,-130712815099.4336,0.0003000894149985486,0.000799977630359778,0.00020624229343646605,2.2331324155517922e-06,-9.534458661078544e-06,2.3774226324416597e-06,-3.667598988651504e-06
C:\Users\damba\.cache\kagglehub\datasets\sunnykusawa\ecommerce-products-image-dataset\versions\1\ecommerce products\jeans\15.jpg,jeans,exito,5411100.0,633076770.0,851559495.0,91056543420.0,147711917355.0,100105654725.0,14468931605280.0,26771604369765.0,14781215198745.0,17552910231675.0,16989127051.122526,13699688136.420609,476644993.6272381,-159632966246.47403,-786135234108.7352,339868729970.59375,121192712178.89844,0.0005802296854025013,0.0004678854724900356,1.6278857287298712e-05,-2.3437359609167553e-06,-1.1542060901628156e-05,4.9899628075149e-06,1.7793550067606556e-06
C:\Users\damba\.cache\kagglehub\datasets\sunnykusawa\ecommerce-products-image-dataset\versions\1\ecommerce products\jeans\150.jpg,jeans,exito,6000405.0,801993615.0,600709620.0,117871320105.0,78703588110.0,83999700450.0,18609855148815.0,11639115414300.0,12810680800110.0,11080728440100.0,10679595796.262806,18565639494.77413,3710906658.7348633,781028885.0383298,42711671865.92483,18430476755.89453,-181532990496.44922,0.00029661539435538604,0.0005156425940885718,0.00010306682602930068,8.855552969777097e-09,4.842784689299592e-07,2.0897058520705e-07,-2.0582785654905133e-06
C:\Users\damba\.cache\kagglehub\datasets\sunnykusawa\ecommerce-products-image-dataset\versions\1\ecommerce products\jeans\151.jpg,jeans,exito,4966890.0,547114740.0,330846945.0,84473458320.0,30191916105.0,36583206270.0,14847792544140.0,3172197971985.0,5677283696670.0,3341688635070.0,24207469194.96047,8154041093.507291,139628841.5751108,209819765406.1742,74810597306.22894,19704887099.71289,-2624180641.0214844,0.0009812514330347663,0.00033052461798419193,5.659864721302006e-06,3.816234402543837e-06,1.3606667349103952e-06,3.5839553963181474e-07,-4.7729004087719934e-08
C:\Users\damba\.cache\kagglehub\datasets\sunnykusawa\ecommerce-products-image-dataset\versions\1\ecommerce products\jeans\152.jpg,jeans,exito,4854690.0,540041550.0,507487485.0,64963696470.0,73484940435.0,56505137625.0,8314685887110.0,12204455471715.0,6851456197635.0,8182870711575.0,4888825422.332181,20434478421.64277,51619891.63252712,368587158.8844969,250412735782.2276,48958672470.71484,-2474600306.1289062,0.00020743475524524134,0.0008670428300823908,2.190251985204062e-06,7.09800733121421e-09,4.822282577046171e-06,9.42813681234476e-07,-4.765421336946823e-08
C:\Users\damba\.cache\kagglehub\datasets\sunnykusawa\ecommerce-products-image-dataset\versions\1\ecommerce products\jeans\153.jpg,jeans,exito,4854690.0,540041550.0,507487485.0,64963696470.0,73484940435.0,56505137625.0,8314685887110.0,12204455471715.0,6851456197635.0,8182870711575.0,4888825422.332181,20434478421.64277,51619891.63252712,368587158.8844969,250412735782.2276,48958672470.71484,-2474600306.1289062,0.00020743475524524134,0.0008670428300823908,2.190251985204062e-06,7.09800733121421e-09,4.822282577046171e-06,9.42813681234476e-07,-4.765421336946823e-08
C:\Users\damba\.cache\kagglehub\datasets\sunnykusawa\ecommerce-products-image-dataset\versions\1\ecommerce products\jeans\154.jpg,jeans,exito,5488365.0,815125860.0,550894860.0,130677891600.0,71121003480.0,82127770440.0,22253281124580.0,10388214006210.0,13242262070970.0,10567668479370.0,9616306293.494406,15824909511.319057,309479104.22339225,-11260072744.310888,72588519443.7833,33536404939.875,-57271738943.85547,0.000319243685272953,0.0005253578949458241,1.0274137151193636e-05,-1.5956356503436092e-07,1.0286330475856025e-06,4.7523568027978114e-07,-8.115829310442074e-07
C:\Users\damba\.cache\kagglehub\datasets\sunnykusawa\ecommerce-products-image-dataset\versions\1\ecommerce products\jeans\155.jpg,jeans,exito,4103970.0,572805225.0,393246975.0,86880882465.0,50277144615.0,55908376680.0,14244825811275.0,7336002645885.0,8627967164760.0,7089291991830.0,6932484745.88884,12595781606.339941,1021542225.6924934,183380333379.51596,104507030567.65228,17783936431.972656,-123832839425.90625,0.00041160492990699037,0.0007478539073996315,6.065239688447081e-05,5.3745525596934275e-06,3.0629158443119925e-06,5.212156577012769e-07,-3.629321050110779e-06
C:\Users\damba\.cache\kagglehub\datasets\sunnykusawa\ecommerce-products-image-dataset\versions\1\ecommerce products\jeans\156.jpg,jeans,exito,5552880.0,809062215.0,523956660.0,130131494685.0,67498903410.0,78511579995.0,22598321354025.0,9973060752840.0,12836000990685.0,10140912970035.0,12250022774.800932,18059588755.558414,2170377609.2826986,68294331818.756935,195903026572.17258,-75353900446.39062,-103353052130.57031,0.0003972833090415003,0.0005856946809516042,7.038801595202936e-05,9.39915777104743e-07,2.6961585325472507e-06,-1.037074644553303e-06,-1.422419133805359e-06
C:\Users\damba\.cache\kagglehub\datasets\sunnykusawa\ecommerce-products-image-dataset\versions\1\ecommerce products\jeans\157.jpg,jeans,exito,11446695.0,1408912740.0,1294889490.0,212200287450.0,194396907570.0,157578838140.0,35621667829080.0,32735615410980.0,23674413343710.0,23516085808740.0,38784719992.816284,47914556872.92456,-1802214587.717699,-44545051615.27874,-95749863137.02385,113237317941.40625,-3449064448.703125,0.0002960059481834534,0.00036568509045796944,-1.3754546583454459e-05,-1.0048452612729143e-07,-2.159921085550334e-07,2.5544023007405916e-07,-7.780383996491918e-09
C:\Users\damba\.cache\kagglehub\datasets\sunnykusawa\ecommerce-products-image-dataset\versions\1\ecommerce products\jeans\158.jpg,jeans,exito,4173330.0,477576240.0,352365120.0,58623336180.0,43926634050.0,41195818905.0,7618751372310.0,6439066405020.0,5132223989685.0,5202526747125.0,3971759378.611763,14175529346.414518,872813267.5956303,1153844785.303051,336472582664.6906,-17258233141.115234,28381728877.503906,0.00022804338304429318,0.0008139052144014622,5.0113632608333155e-05,3.242952394823315e-08,9.456770803520648e-06,-4.850533556010237e-07,7.976861082606824e-07
C:\Users\damba\.cache\kagglehub\datasets\sunnykusawa\ecommerce-products-image-dataset\versions\1\ecommerce products\jeans\159.jpg,jeans,exito,4835055.0,543380520.0,510383520.0,66052065540.0,74273205360.0,57181765080.0,8539869932040.0,12356975449260.0,7005476510010.0,8306945711460.0,4985047788.294923,20397636728.910923,-176933527.77806947,-3768442095.634233,210463101399.35413,72856043662.26562,-2785002493.9882812,0.00021323892705513682,0.0008725232646207261,-7.5684561564414975e-06,-7.330916954882857e-08,4.094231725659792e-06,1.4173008160803353e-06,-5.41778843470158e-08
C:\Users\damba\.cache\kagglehub\datasets\sunnykusawa\ecommerce-products-image-dataset\versions\1\ecommerce products\jeans\16.jpg,jeans,exito,4635645.0,549963855.0,538635990.0,74278298475.0,78353089080.0,64226895390.0,10856319448545.0,12334368083070.0,9011036555280.0,9432481486890.0,9031662503.854446,15766603332.433027,324175163.981516,-98910131698.7653,-433804133734.5043,303395206480.8203,61489587733.703125,0.00042028835809649945,0.0007336987874069776,1.5085489227183659e-05,-2.1377915441917504e-06,-9.376014297073543e-06,6.5574243590973224e-06,1.3290035960450372e-06
C:\Users\damba\.cache\kagglehub\datasets\sunnykusawa\ecommerce-products-image-dataset\versions\1\ecommerce products\jeans\160.jpg,jeans,exito,4835055.0,543380520.0,510383520.0,66052065540.0,74273205360.0,57181765080.0,8539869932040.0,12356975449260.0,7005476510010.0,8306945711460.0,4985047788.294923,20397636728.910923,-176933527.77806947,-3768442095.634233,210463101399.35413,72856043662.26562,-2785002493.9882812,0.00021323892705513682,0.0008725232646207261,-7.5684561564414975e-06,-7.330916954882857e-08,4.094231725659792e-06,1.4173008160803353e-06,-5.41778843470158e-08
C:\Users\damba\.cache\kagglehub\datasets\sunnykusawa\ecommerce-products-image-dataset\versions\1\ecommerce products\jeans\161.jpg,jeans,exito,3784200.0,412058835.0,294500520.0,48246878475.0,33456494190.0,32991722010.0,6005255170635.0,4466954887740.0,3946600767780.0,3815867645730.0,3378086259.589289,10537368276.921835,923770744.7142884,16012235772.462051,223131672713.8526,-9328251038.353516,29031339912.66504,0.00023589708393910406,0.0007358410229644344,6.450836602758907e-05,5.748000176726312e-07,8.009880146770128e-06,-3.348613484021848e-07,1.0421539460191317e-06
C:\Users\damba\.cache\kagglehub\datasets\sunnykusawa\ecommerce-products-image-dataset\versions\1\ecommerce products\jeans\162.jpg,jeans,exito,7326405.0,972110490.0,918226440.0,152863730550.0,145820557110.0,114256715250.0,26259252332640.0,25434193805460.0,17386811426100.0,17665333682310.0,23878395345.620766,30738222033.646244,-7578967396.448776,-360257946668.7082,-546568575776.23676,239474950825.42188,216765561705.0625,0.0004448599341488719,0.0005726600649590586,-0.00014119788570796858,-2.479626465140581e-06,-3.761987537100097e-06,1.6482868214174861e-06,1.4919799230111565e-06
C:\Users\damba\.cache\kagglehub\datasets\sunnykusawa\ecommerce-products-image-dataset\versions\1\ecommerce products\jeans\163.jpg,jeans,exito,3169395.0,387058380.0,301584675.0,49067005140.0,36808055325.0,37035567855.0,6448298145540.0,5159251472835.0,4724799035085.0,4528241572185.0,1797987069.2879589,8110680527.962831,204918554.9517283,16898005911.091974,113222402718.73492,5763482181.892578,-5894077249.0546875,0.00017899208507529224,0.0008074293991750242,2.03999239193368e-05,9.449189018601266e-07,6.331278909822468e-06,3.222879245550229e-07,-3.2959066477777117e-07
C:\Users\damba\.cache\kagglehub\datasets\sunnykusawa\ecommerce-products-image-dataset\versions\1\ecommerce products\jeans\164.jpg,jeans,exito,4943430.0,555021525.0,503197875.0,68244062115.0,70842952245.0,56472586365.0,8991522320475.0,11475111086415.0,7033889157495.0,7946438056665.0,5929253730.2700405,19621816028.948467,-23743502.978179477,-1960002979.5366418,269261041562.31723,92572960608.94531,-2590862533.7578125,0.00024262930701833118,0.0008029387579148385,-9.716011383309443e-07,-3.6073290522678225e-08,4.955671945464418e-06,1.7037786867958697e-06,-4.768407898372818e-08
C:\Users\damba\.cache\kagglehub\datasets\sunnykusawa\ecommerce-products-image-dataset\versions\1\ecommerce products\jeans\165.jpg,jeans,exito,4943430.0,555021525.0,503197875.0,68244062115.0,70842952245.0,56472586365.0,8991522320475.0,11475111086415.0,7033889157495.0,7946438056665.0,5929253730.2700405,19621816028.948467,-23743502.978179477,-1960002979.5366418,269261041562.31723,92572960608.94531,-2590862533.7578125,0.00024262930701833118,0.0008029387579148385,-9.716011383309443e-07,-3.6073290522678225e-08,4.955671945464418e-06,1.7037786867958697e-06,-4.768407898372818e-08
C:\Users\damba\.cache\kagglehub\datasets\sunnykusawa\ecommerce-products-image-dataset\versions\1\ecommerce products\jeans\166.jpg,jeans,exito,4576230.0,690644805.0,551254665.0,110895044385.0,76322790045.0,83323984875.0,18721484092635.0,11461655484075.0,13425170324565.0,11447139353055.0,6662904244.865436,9918412274.59462,128609945.36025235,-25931730127.881874,-121773698822.03484,27885196002.390625,-102483832924.59766,0.0003181616895235509,0.0004736161125395074,6.141279538405831e-06,-5.788444633515088e-07,-2.7182155219631903e-06,6.224494561626023e-07,-2.287629825657526e-06
C:\Users\damba\.cache\kagglehub\datasets\sunnykusawa\ecommerce-products-image-dataset\versions\1\ecommerce products\jeans\167.jpg,jeans,exito,3734730.0,431785380.0,362125500.0,52362790380.0,48496941930.0,41739885630.0,6650898276630.0,7442641087980.0,5042004377940.0,5602270097790.0,2442551331.4625154,13384664000.872591,-126727652.6710364,32266340254.748806,144701040863.29016,-5874144047.546875,19942092577.21875,0.00017511577839855825,0.0009595973787427176,-9.085586557078765e-06,1.197020763195643e-06,5.368137477069072e-06,-2.1791973726802948e-07,7.398142673768934e-07
C:\Users\damba\.cache\kagglehub\datasets\sunnykusawa\ecommerce-products-image-dataset\versions\1\ecommerce products\jeans\168.jpg,jeans,exito,4811595.0,592907130.0,442689180.0,81430052700.0,57785882520.0,56386963485.0,12281034593880.0,8701334335230.0,8030699571225.0,7414124174565.0,8369276636.1714945,17056413375.345806,1836742363.759868,184242070161.20346,246224491176.02942,86091069467.8164,-44498943386.24219,0.0003615012416786366,0.0007367320835259423,7.933596581970368e-05,3.6279905108402375e-06,4.848513245327212e-06,1.6952565872932515e-06,-8.762479937749798e-07
C:\Users\damba\.cache\kagglehub\datasets\sunnykusawa\ecommerce-products-image-dataset\versions\1\ecommerce products\jeans\169.jpg,jeans,exito,9509460.0,1278873960.0,1028845695.0,202827744090.0,151250623245.0,141221351610.0,34869446005560.0,25125818017125.0,22562803168260.0,20924978060970.0,30839155298.829784,39937944699.632225,2857662379.1075897,-702490319150.7355,119822142026.46033,-150119683277.6172,-34221596509.789062,0.0003410285684735746,0.00044164569284455024,3.160088208916768e-05,-2.5191307184510815e-06,4.2968227532925787e-07,-5.383292769727795e-07,-1.227186662251354e-07
C:\Users\damba\.cache\kagglehub\datasets\sunnykusawa\ecommerce-products-image-dataset\versions\1\ecommerce products\jeans\17.jpg,jeans,exito,5061240.0,605431710.0,567658815.0,82872282720.0,83470985745.0,69933376425.0,12372969160440.0,13396707440295.0,10121229405795.0,10501552028115.0,10449802167.107008,19803479314.322094,2029335703.3539853,-40350703695.9946,-407474945005.59515,340932447881.23047,61438096314.25391,0.00040793804023583273,0.0007730856921640592,7.922094759005524e-05,-7.001785205829523e-07,-7.0706376354214175e-06,5.915970605486623e-06,1.0660938086444665e-06
C:\Users\damba\.cache\kagglehub\datasets\sunnykusawa\ecommerce-products-image-dataset\versions\1\ecommerce products\jeans\170.jpg,jeans,exito,4408695.0,491292180.0,439181655.0,58446188190.0,60925401975.0,48884096700.0,7336940768190.0,9786827859225.0,5838777964440.0,6778913081340.0,3698013020.4424796,17175374792.684366,-57032750.08849419,-324559876.12673885,295688661726.9715,29246080406.08203,925926744.8359375,0.00019026036539590316,0.0008836618653864852,-2.9342979084675495e-06,-7.95279324863068e-09,7.245352755066472e-06,7.166259538242332e-07,2.268827574417221e-08
C:\Users\damba\.cache\kagglehub\datasets\sunnykusawa\ecommerce-products-image-dataset\versions\1\ecommerce products\jeans\171.jpg,jeans,exito,4408695.0,491292180.0,439181655.0,58446188190.0,60925401975.0,48884096700.0,7336940768190.0,9786827859225.0,5838777964440.0,6778913081340.0,3698013020.4424796,17175374792.684366,-57032750.08849419,-324559876.12673885,295688661726.9715,29246080406.08203,925926744.8359375,0.00019026036539590316,0.0008836618653864852,-2.9342979084675495e-06,-7.95279324863068e-09,7.245352755066472e-06,7.166259538242332e-07,2.268827574417221e-08
C:\Users\damba\.cache\kagglehub\datasets\sunnykusawa\ecommerce-products-image-dataset\versions\1\ecommerce products\jeans\172.jpg,jeans,exito,5347605.0,775730400.0,553278600.0,120898827240.0,71860158720.0,83211410790.0,19969663482060.0,10500040503630.0,13398897380040.0,10922365653420.0,8370386286.683504,14616362811.745743,2952111591.6785007,3487629680.6410036,40679814213.16969,33882707358.703125,-112628517784.57031,0.00029270278821679553,0.0005111174086902719,0.00010323194944851078,5.2739020949696106e-08,6.151494770006054e-07,5.123654105657911e-07,-1.703138894574941e-06
C:\Users\damba\.cache\kagglehub\datasets\sunnykusawa\ecommerce-products-image-dataset\versions\1\ecommerce products\jeans\173.jpg,jeans,exito,5743620.0,925790505.0,569515470.0,157824014775.0,76506665190.0,90428589090.0,28091916013875.0,11554714845690.0,15252030612780.0,11932360595310.0,8599647712.388784,20035681634.45126,-1369269155.6033573,-119372117412.18777,-4718172066.263741,44216518919.83594,-127891348359.0,0.00026068093040125404,0.0006073411730771079,-4.1506625549114765e-05,-1.5098668486778476e-06,-5.967734964950993e-08,5.592684248908269e-07,-1.617621529265501e-06
C:\Users\damba\.cache\kagglehub\datasets\sunnykusawa\ecommerce-products-image-dataset\versions\1\ecommerce products\jeans\174.jpg,jeans,exito,5722965.0,873615465.0,529134180.0,144184127505.0,68962863510.0,82213516230.0,25135241647185.0,10300031936520.0,13705520710200.0,10702787782980.0,10825985233.089167,20040149419.61636,1440734514.9111125,-179779472615.05438,218113858344.0673,-65321149350.921875,-90866874231.875,0.00033054093448787184,0.0006118694579584612,4.3988766163480274e-05,-2.2944963826083653e-06,2.7837519583718487e-06,-8.336832827095545e-07,-1.1597192448683799e-06
C:\Users\damba\.cache\kagglehub\datasets\sunnykusawa\ecommerce-products-image-dataset\versions\1\ecommerce products\jeans\175.jpg,jeans,exito,7268775.0,939206055.0,1009726560.0,153909169095.0,167302323210.0,120889367505.0,27796903946535.0,29623823162190.0,18969327764475.0,19391786849445.0,32553367911.35309,27038286151.56394,-9578462225.088062,-502371246329.53754,-1128559546460.362,64646243315.00781,435621670423.3906,0.0006161315881352338,0.0005117486532386734,-0.00018128978724129657,-3.5267259203845496e-06,-7.922667219270695e-06,4.5382689319955915e-07,3.058133298408599e-06
C:\Users\damba\.cache\kagglehub\datasets\sunnykusawa\ecommerce-products-image-dataset\versions\1\ecommerce products\jeans\176.jpg,jeans,exito,6504540.0,872953485.0,655587405.0,126352996995.0,89920004085.0,89225916525.0,19444177637295.0,14065872892515.0,12969684379095.0,12184741467105.0,9196705086.018713,23843871784.386272,1241630177.793839,18225828605.33488,196497626588.18842,-98603954207.1875,-133420178403.22656,0.00021736973831302676,0.0005635644637578695,2.9346687134603035e-05,1.6890628501592021e-07,1.8210247029175654e-06,-9.138035890527866e-07,-1.2364599255396237e-06
C:\Users\damba\.cache\kagglehub\datasets\sunnykusawa\ecommerce-products-image-dataset\versions\1\ecommerce products\jeans\177.jpg,jeans,exito,10083210.0,1200452025.0,1311813840.0,184512973185.0,203812801440.0,151122929445.0,31646299178415.0,34641871194360.0,22686331765365.0,23280923998095.0,41593698040.81471,33147353550.335335,-5054476425.851235,-224647710459.97482,-498800079130.2852,-115073636503.66406,331245676330.39844,0.0004091004057361207,0.00032602524962349345,-4.971398202127485e-05,-6.958329116445451e-07,-1.5450035554740046e-06,-3.564337396447087e-07,1.0260137659925721e-06
C:\Users\damba\.cache\kagglehub\datasets\sunnykusawa\ecommerce-products-image-dataset\versions\1\ecommerce products\jeans\178.jpg,jeans,exito,5591640.0,684236655.0,663142800.0,92047557315.0,100348653660.0,83236624170.0,13471114987305.0,16746409609230.0,11505443394810.0,12592663067100.0,8319026857.819454,21702965956.24225,2089302228.7924113,171496460676.77023,-302223419608.94,77699615229.14453,-182343652604.27344,0.00026606890388964233,0.0006941297896765272,6.682252184177864e-05,2.31956824252212e-06,-4.087710285710233e-06,1.050922912522383e-06,-2.466281485561e-06
C:\Users\damba\.cache\kagglehub\datasets\sunnykusawa\ecommerce-products-image-dataset\versions\1\ecommerce products\jeans\179.jpg,jeans,exito,5626320.0,630555330.0,587331555.0,78616043550.0,83600989335.0,65659747275.0,10588988032320.0,13612367184225.0,8311778362575.0,9336953619195.0,7948178197.263413,22289447243.771976,-163924766.8387439,-3245885429.6295395,231668879611.3105,141792326361.1211,1812169359.8359375,0.0002510838254606812,0.0007041260956249328,-5.178401455542753e-06,-4.32286938184207e-08,3.0853655438839418e-06,1.8883898384441927e-06,2.4134466881787645e-08
C:\Users\damba\.cache\kagglehub\datasets\sunnykusawa\ecommerce-products-image-dataset\versions\1\ecommerce products\jeans\18.jpg,jeans,exito,8808975.0,1021965540.0,928867080.0,151853710230.0,132929997030.0,107950106505.0,25156137230250.0,21655711237980.0,15783082197705.0,15239696681235.0,33291270792.09812,34985111012.30481,188403582.64827475,-185553720271.6078,260789126767.7857,-272928444471.23438,-221793443134.1172,0.00042902205462751186,0.00045085044369748623,2.4279425267879045e-06,-8.056682005994513e-07,1.1323378814035759e-06,-1.1850464028836437e-06,-9.630198951174744e-07
C:\Users\damba\.cache\kagglehub\datasets\sunnykusawa\ecommerce-products-image-dataset\versions\1\ecommerce products\jeans\180.jpg,jeans,exito,5626320.0,630555330.0,587331555.0,78616043550.0,83600989335.0,65659747275.0,10588988032320.0,13612367184225.0,8311778362575.0,9336953619195.0,7948178197.263413,22289447243.771976,-163924766.8387439,-3245885429.6295395,231668879611.3105,141792326361.1211,1812169359.8359375,0.0002510838254606812,0.0007041260956249328,-5.178401455542753e-06,-4.32286938184207e-08,3.0853655438839418e-06,1.8883898384441927e-06,2.4134466881787645e-08
C:\Users\damba\.cache\kagglehub\datasets\sunnykusawa\ecommerce-products-image-dataset\versions\1\ecommerce products\jeans\181.jpg,jeans,exito,5848170.0,773665410.0,626505165.0,109367155020.0,87066618855.0,84545671260.0,16339478145420.0,13731297861285.0,12148875246120.0,11828581733670.0,7017502627.804135,19950115440.824753,1664124494.6285005,14374236929.961449,129540876828.35603,-7754711668.722656,-46175080161.13672,0.00020518358174690982,0.0005833180776012964,4.8657056846373595e-05,1.7379401943828266e-07,1.5662347695572504e-06,-9.375958647815868e-08,-5.58287220267099e-07
C:\Users\damba\.cache\kagglehub\datasets\sunnykusawa\ecommerce-products-image-dataset\versions\1\ecommerce products\jeans\182.jpg,jeans,exito,4903395.0,556540815.0,483032985.0,68091134535.0,67721540595.0,55286624460.0,8846515084845.0,10995238187385.0,6818692654980.0,7787974841550.0,4923129762.620002,20138006207.497013,461840581.9353589,533716984.1339906,356409293707.6308,6202485573.2109375,10512518900.15625,0.00020476113264863454,0.0008375730803686716,1.9208715841335396e-05,1.002464088237843e-08,6.6943254248475635e-06,1.1649936632701003e-07,1.9745338798666632e-07
C:\Users\damba\.cache\kagglehub\datasets\sunnykusawa\ecommerce-products-image-dataset\versions\1\ecommerce products\jeans\183.jpg,jeans,exito,4903395.0,556540815.0,483032985.0,68091134535.0,67721540595.0,55286624460.0,8846515084845.0,10995238187385.0,6818692654980.0,7787974841550.0,4923129762.620002,20138006207.497013,461840581.9353589,533716984.1339906,356409293707.6308,6202485573.2109375,10512518900.15625,0.00020476113264863454,0.0008375730803686716,1.9208715841335396e-05,1.002464088237843e-08,6.6943254248475635e-06,1.1649936632701003e-07,1.9745338798666632e-07
C:\Users\damba\.cache\kagglehub\datasets\sunnykusawa\ecommerce-products-image-dataset\versions\1\ecommerce products\jeans\184.jpg,jeans,exito,5022225.0,669838590.0,546097800.0,96307002090.0,72731154570.0,74750420265.0,14721155476380.0,10786362045510.0,11065779479475.0,9992939352555.0,6967369426.5514145,13350539968.933739,1914698975.3122668,17677971395.005432,-25524023678.559296,82973952096.27344,-123962981052.39453,0.0002762336025053598,0.0005293056138169663,7.591160498082216e-05,3.1274617936364845e-07,-4.5155299265344594e-07,1.4679165343679374e-06,-2.1930654734297255e-06
C:\Users\damba\.cache\kagglehub\datasets\sunnykusawa\ecommerce-products-image-dataset\versions\1\ecommerce products\jeans\185.jpg,jeans,exito,5441445.0,786061215.0,621645630.0,123478645665.0,87002181120.0,90092925705.0,20822513251815.0,13419514103010.0,14166092325435.0,12383338044135.0,9925676972.442005,15983676054.140303,291132391.41501313,117323060736.16943,-171892303652.2812,-24560385124.195312,-251357805328.96094,0.00033522133355772253,0.0005398190185817933,9.832456643809017e-06,1.6986260290362333e-06,-2.4886901120944786e-06,-3.555900195011787e-07,-3.639207058306547e-06
C:\Users\damba\.cache\kagglehub\datasets\sunnykusawa\ecommerce-products-image-dataset\versions\1\ecommerce products\jeans\186.jpg,jeans,exito,5931810.0,823564320.0,546999735.0,125790803850.0,68550956655.0,76717984200.0,20646549553470.0,9922478694015.0,11834649039450.0,9478903689150.0,11448269416.654623,18109571969.706604,773295345.256637,3003946043.842919,261141385323.83032,20168588839.164062,-181234902745.01562,0.0003253609126763244,0.0005146757688694495,2.1977127733824294e-05,3.505290760824956e-08,3.0472467610424185e-06,2.353463314086608e-07,-2.114821707377952e-06
C:\Users\damba\.cache\kagglehub\datasets\sunnykusawa\ecommerce-products-image-dataset\versions\1\ecommerce products\jeans\187.jpg,jeans,exito,7958040.0,679074435.0,702585435.0,85945653135.0,88519141695.0,50974754235.0,12978002402595.0,13138275327465.0,5967278060925.0,5616847138365.0,27998961704.626537,26490514862.998756,-8978174791.726963,865691576855.5068,645757133236.7598,-88291670587.61133,-351358154661.17773,0.00044210934118478934,0.000418290656534989,-0.0001417672192307188,4.8456037586013935e-06,3.614547346436734e-06,-4.942019332179945e-07,-1.966684718159878e-06
C:\Users\damba\.cache\kagglehub\datasets\sunnykusawa\ecommerce-products-image-dataset\versions\1\ecommerce products\jeans\188.jpg,jeans,exito,4170015.0,468315660.0,468438060.0,55351077240.0,71926318470.0,52346598390.0,6833695017450.0,12409662025380.0,6186795028440.0,8011754286810.0,2756648346.762062,19304393595.25408,-261576697.62428895,-1709519263.9317782,-7283826734.07213,27692408032.476562,-7199204747.121094,0.00015852805610858502,0.0011101481241179128,-1.5042631551604602e-05,-4.8142645996191445e-08,-2.0512356856952259e-07,7.798600605549018e-07,-2.027404855313658e-07
C:\Users\damba\.cache\kagglehub\datasets\sunnykusawa\ecommerce-products-image-dataset\versions\1\ecommerce products\jeans\189.jpg,jeans,exito,4170015.0,468315660.0,468438060.0,55351077240.0,71926318470.0,52346598390.0,6833695017450.0,12409662025380.0,6186795028440.0,8011754286810.0,2756648346.762062,19304393595.25408,-261576697.62428895,-1709519263.9317782,-7283826734.07213,27692408032.476562,-7199204747.121094,0.00015852805610858502,0.0011101481241179128,-1.5042631551604602e-05,-4.8142645996191445e-08,-2.0512356856952259e-07,7.798600605549018e-07,-2.027404855313658e-07
C:\Users\damba\.cache\kagglehub\datasets\sunnykusawa\ecommerce-products-image-dataset\versions\1\ecommerce products\jeans\19.jpg,jeans,exito,4648650.0,516656775.0,475867995.0,62466065565.0,67285281495.0,53066230575.0,8065779906945.0,10928131166445.0,6521239603455.0,7514237700885.0,5044185416.268509,18572139256.86204,177666449.41168028,1989102927.8990731,237998474139.98373,87288558417.71875,-306972578.15625,0.0002334196126302619,0.0008594254955558229,8.221512568772092e-06,4.269137413401219e-08,5.108072468409545e-06,1.8734417675235008e-06,-6.588437933069955e-09
C:\Users\damba\.cache\kagglehub\datasets\sunnykusawa\ecommerce-products-image-dataset\versions\1\ecommerce products\jeans\190.jpg,jeans,exito,3114060.0,352896795.0,315421995.0,41950775475.0,42431652435.0,36133536210.0,5230680673905.0,6556265846535.0,4385226058170.0,4896117877320.0,1959205652.5585477,10482674274.726908,388749305.44259644,32614803639.271866,134806874153.80394,47938382267.83203,8853561982.279297,0.00020203474926524845,0.0010809811955972968,4.00881185441493e-05,1.905887791004094e-06,7.877612216674264e-06,2.8013407192411958e-06,5.173692252007326e-07
C:\Users\damba\.cache\kagglehub\datasets\sunnykusawa\ecommerce-products-image-dataset\versions\1\ecommerce products\jeans\191.jpg,jeans,exito,3699795.0,426236325.0,351604965.0,51578239785.0,47293582395.0,41861091210.0,6556800342345.0,7320842731155.0,5219976667170.0,5702889452820.0,2473517834.322838,13879284734.548214,1354304176.2985075,44783952524.85083,188363977778.0413,6262808850.341797,-2995035683.5722656,0.00018070065373415687,0.0010139388485880746,9.893749162275026e-05,1.7008979898236128e-06,7.154078483359978e-06,2.3786196580761436e-07,-1.1375168752269538e-07
C:\Users\damba\.cache\kagglehub\datasets\sunnykusawa\ecommerce-products-image-dataset\versions\1\ecommerce products\jeans\192.jpg,jeans,exito,3925215.0,450045420.0,368618565.0,54360398160.0,50381896575.0,42987636075.0,6888810675120.0,7997771786385.0,5257129352445.0,5927869924365.0,2760452663.262525,15764774592.469305,723684442.9945457,23121438290.774715,305434018108.8914,-13826175024.892578,15411919829.863281,0.00017916509515785735,0.0010232007878967634,4.697019217860354e-05,7.574539274225625e-07,1.0005960428393492e-05,-4.529428680920406e-07,5.04891566754711e-07
C:\Users\damba\.cache\kagglehub\datasets\sunnykusawa\ecommerce-products-image-dataset\versions\1\ecommerce products\jeans\193.jpg,jeans,exito,11627235.0,1252816785.0,1383627195.0,180338839425.0,210450860205.0,152486323410.0,29250875056995.0,35501338204425.0,22451946730620.0,23341973437680.0,45349747282.47977,45800862613.69235,3402609691.4359484,46909178515.95243,-442561744643.5712,258586433727.625,-143597868704.97656,0.00033544550057189445,0.0003387823352217476,2.5168610181769874e-05,1.0175756409960837e-07,-9.600254475419554e-07,5.609376765440395e-07,-3.1149915201232163e-07
C:\Users\damba\.cache\kagglehub\datasets\sunnykusawa\ecommerce-products-image-dataset\versions\1\ecommerce products\jeans\194.jpg,jeans,exito,4352850.0,484938345.0,452400090.0,57523536735.0,63039542970.0,50414448855.0,7188025807245.0,10134644450640.0,5990781319125.0,7025443131135.0,3497967636.285591,16020729679.395433,13872009.381373204,99281951.13618347,252692623484.18427,9158397458.792969,-492298299.375,0.00018461559482477167,0.0008455414248569629,7.321363516320239e-07,2.511516580729402e-09,6.392317097374656e-06,2.3167823363098313e-07,-1.2453576177700502e-08
C:\Users\damba\.cache\kagglehub\datasets\sunnykusawa\ecommerce-products-image-dataset\versions\1\ecommerce products\jeans\195.jpg,jeans,exito,4352850.0,484938345.0,452400090.0,57523536735.0,63039542970.0,50414448855.0,7188025807245.0,10134644450640.0,5990781319125.0,7025443131135.0,3497967636.285591,16020729679.395433,13872009.381373204,99281951.13618347,252692623484.18427,9158397458.792969,-492298299.375,0.00018461559482477167,0.0008455414248569629,7.321363516320239e-07,2.511516580729402e-09,6.392317097374656e-06,2.3167823363098313e-07,-1.2453576177700502e-08
C:\Users\damba\.cache\kagglehub\datasets\sunnykusawa\ecommerce-products-image-dataset\versions\1\ecommerce products\jeans\196.jpg,jeans,exito,3926235.0,575215740.0,488082750.0,91212210720.0,69830001210.0,72421599360.0,15373228531050.0,10739663020860.0,11708349610560.0,10364368370220.0,6939835901.949719,9154883483.332464,914702747.2182802,-23329488013.528893,-217271659827.50555,101451532110.92969,-93542856387.8789,0.0004501908055009659,0.0005938821072802352,5.93372483704482e-05,-7.637733178850215e-07,-7.113156380140299e-06,3.3213747871341647e-06,-3.0624563105020013e-06
C:\Users\damba\.cache\kagglehub\datasets\sunnykusawa\ecommerce-products-image-dataset\versions\1\ecommerce products\jeans\197.jpg,jeans,exito,3995595.0,534873975.0,433098630.0,79166669895.0,58524517050.0,61102345455.0,12779398845195.0,8736757029360.0,9512704390245.0,8422577810775.0,7565276577.533992,11579212706.622633,3125201676.625509,156214932848.65906,-117185994194.77711,94794326764.23047,-89366517598.91797,0.00047387291650435545,0.0007252973820423295,0.0001957560200197687,4.895182571881541e-06,-3.6721638961790747e-06,2.970494099556169e-06,-2.800407179278978e-06
C:\Users\damba\.cache\kagglehub\datasets\sunnykusawa\ecommerce-products-image-dataset\versions\1\ecommerce products\jeans\198.jpg,jeans,exito,4784055.0,675007695.0,505382970.0,104588541975.0,67943059860.0,75069671340.0,17517652917795.0,10221319394850.0,12142424871180.0,10271218039140.0,9348125987.053991,14554888869.904593,3762507506.817864,122747426086.1186,-31249046173.19831,32047584445.25,-110164002711.82812,0.0004084437257409827,0.0006359406201844824,0.00016439365348106623,2.4520085735258847e-06,-6.242324712978541e-07,6.401841107887347e-07,-2.2006414941345915e-06
C:\Users\damba\.cache\kagglehub\datasets\sunnykusawa\ecommerce-products-image-dataset\versions\1\ecommerce products\jeans\199.jpg,jeans,exito,9066270.0,927648435.0,1183261965.0,133760388465.0,180669888075.0,118588478535.0,22017543565755.0,30063255708885.0,16296334916505.0,17695328310525.0,38844660281.52993,26239358450.836884,-2481278931.662117,382296472839.71265,-365561926339.6074,-653311526712.5078,-142893246478.66406,0.00047257857741043747,0.0003192242794501959,-3.0186884353856152e-05,1.5446449533898286e-06,-1.477030066423574e-06,-2.6396643035495233e-06,-5.773512122862285e-07
C:\Users\damba\.cache\kagglehub\datasets\sunnykusawa\ecommerce-products-image-dataset\versions\1\ecommerce products\jeans\2.jpg,jeans,exito,4525230.0,517574010.0,441505980.0,63031720080.0,60121336230.0,50129593710.0,8082910578720.0,9503800180650.0,6074881352130.0,6797175362790.0,3834097897.816975,17045618448.63631,-367733609.84447014,-3405247528.5060515,311910613295.8173,9284105826.910156,-7457308595.263672,0.0001872327786274484,0.0008323988042607415,-1.7957753662232877e-05,-7.817124743368683e-08,7.16025531918891e-06,2.1312698349254166e-07,-1.7119081961288913e-07
C:\Users\damba\.cache\kagglehub\datasets\sunnykusawa\ecommerce-products-image-dataset\versions\1\ecommerce products\jeans\20.jpg,jeans,exito,4648650.0,516656775.0,475867995.0,62466065565.0,67285281495.0,53066230575.0,8065779906945.0,10928131166445.0,6521239603455.0,7514237700885.0,5044185416.268509,18572139256.86204,177666449.41168028,1989102927.8990731,237998474139.98373,87288558417.71875,-306972578.15625,0.0002334196126302619,0.0008594254955558229,8.221512568772092e-06,4.269137413401219e-08,5.108072468409545e-06,1.8734417675235008e-06,-6.588437933069955e-09
C:\Users\damba\.cache\kagglehub\datasets\sunnykusawa\ecommerce-products-image-dataset\versions\1\ecommerce products\jeans\21.jpg,jeans,exito,5444505.0,682216035.0,618846750.0,91880956635.0,90293336070.0,75974574285.0,12979240260315.0,14875824267270.0,10143642785835.0,10843822049505.0,6396836699.189262,19952451088.617393,-1569146596.4458363,-136866909476.08606,76911125482.64786,93282383605.84375,-113544906284.32422,0.00021579852010465388,0.0006730997866382662,-5.293546314589878e-05,-1.9788025362256414e-06,1.11197023993315e-06,1.3486635883794004e-06,-1.64161629272546e-06
C:\Users\damba\.cache\kagglehub\datasets\sunnykusawa\ecommerce-products-image-dataset\versions\1\ecommerce products\jeans\22.jpg,jeans,exito,6423960.0,701550135.0,780891345.0,85970367225.0,113999286375.0,86082360930.0,11429312565195.0,18494572299795.0,10617995043750.0,12642349748760.0,9355227666.453836,19074770547.39381,802497963.0634745,-2708368529.8626747,-515235472.25198334,-7771742021.234375,-2427331694.6875,0.00022669853037391325,0.000462225250361321,1.944635826521885e-05,-2.5894092118405524e-08,-4.9260485174222215e-09,-7.430384809135625e-08,-2.3207163209561605e-08
C:\Users\damba\.cache\kagglehub\datasets\sunnykusawa\ecommerce-products-image-dataset\versions\1\ecommerce products\jeans\23.jpg,jeans,exito,6297480.0,734303865.0,758373570.0,93149206275.0,112401126660.0,88351199205.0,12615716087355.0,18549769272120.0,11232224039295.0,13090232008095.0,7527312096.068382,21074044767.791534,-77290216.93514118,-1154616454.0300639,-61808823712.962204,32762175915.703125,2560110557.2226562,0.00018980442330015116,0.0005313911344052636,-1.9489061785787254e-06,-1.160167645825978e-08,-6.210598961070504e-07,3.291969066575259e-07,2.57241911620108e-08
C:\Users\damba\.cache\kagglehub\datasets\sunnykusawa\ecommerce-products-image-dataset\versions\1\ecommerce products\jeans\24.jpg,jeans,exito,8432340.0,951933870.0,1185527895.0,140484281250.0,189827327715.0,128514451710.0,23082953774760.0,32564057791335.0,18524351499930.0,20159772851760.0,33019675594.49075,23150415989.05787,-5320777547.869538,-231670715487.92636,-633906250817.3916,-25419679338.78125,226136127989.35156,0.0004643832893092155,0.00032558364467000006,-7.483054072689128e-05,-1.1220206928474398e-06,-3.0701158290311414e-06,-1.231118320828318e-07,1.0952157439064533e-06
C:\Users\damba\.cache\kagglehub\datasets\sunnykusawa\ecommerce-products-image-dataset\versions\1\ecommerce products\jeans\25.jpg,jeans,exito,4347495.0,489569655.0,411672510.0,58744315575.0,55733420670.0,46332958890.0,7427862156765.0,8811306686340.0,5552824802700.0,6273772039530.0,3614074574.8794646,16751373424.47123,-25316092.187225245,-1270434485.8002157,361365498298.7223,-4083683671.173828,2448518524.5585938,0.0001912136657436023,0.00088628262985966,-1.3394252634047427e-06,-3.223699457289966e-08,9.169569732005076e-06,-1.0362257150328317e-07,6.213061694253504e-08
C:\Users\damba\.cache\kagglehub\datasets\sunnykusawa\ecommerce-products-image-dataset\versions\1\ecommerce products\jeans\26.jpg,jeans,exito,4347495.0,489569655.0,411672510.0,58744315575.0,55733420670.0,46332958890.0,7427862156765.0,8811306686340.0,5552824802700.0,6273772039530.0,3614074574.8794646,16751373424.47123,-25316092.187225245,-1270434485.8002157,361365498298.7223,-4083683671.173828,2448518524.5585938,0.0001912136657436023,0.00088628262985966,-1.3394252634047427e-06,-3.223699457289966e-08,9.169569732005076e-06,-1.0362257150328317e-07,6.213061694253504e-08
C:\Users\damba\.cache\kagglehub\datasets\sunnykusawa\ecommerce-products-image-dataset\versions\1\ecommerce products\jeans\27.jpg,jeans,exito,3515175.0,429054840.0,355925940.0,54934772400.0,46301827980.0,44622276090.0,7334514642600.0,6872763120180.0,5875877416170.0,5876523626460.0,2565244360.1653957,10262861281.36235,1178707209.7736657,3075667430.4145274,106198512495.66025,25764527978.48047,-13677669041.18164,0.00020760358063106617,0.0008305667805438168,9.539201842310602e-05,1.327614528999306e-07,4.5840680547295285e-06,1.1121280974266362e-06,-5.90397777157246e-07
C:\Users\damba\.cache\kagglehub\datasets\sunnykusawa\ecommerce-products-image-dataset\versions\1\ecommerce products\jeans\28.jpg,jeans,exito,3630435.0,431844540.0,355171905.0,54512500560.0,48582363615.0,44444618865.0,7296487400400.0,7566937719075.0,5906169378975.0,6205673859855.0,3144081423.5021443,13835265236.615862,2196500406.564938,64176528371.55209,106981638032.23318,50561969511.82031,-3030864206.5234375,0.0002385483701595237,0.0010497119916325793,0.00016665331505860088,2.5555216027860903e-06,4.260029235454918e-06,2.013387271726358e-06,-1.206895909052496e-07
C:\Users\damba\.cache\kagglehub\datasets\sunnykusawa\ecommerce-products-image-dataset\versions\1\ecommerce products\jeans\29.jpg,jeans,exito,3699540.0,433514790.0,334413120.0,54076824900.0,44170374270.0,40809513540.0,7143234668370.0,6832205827140.0,5281487749830.0,5494367754570.0,3277246263.5359817,13941714807.4359,1622740727.692309,38412760289.41689,319034631529.70905,13004655693.259766,25081814891.617188,0.0002394493278583297,0.0010186400323273712,0.00011856422901677802,1.4591710268032188e-06,1.2119048133160306e-05,4.940029474107922e-07,9.527734355391435e-07
C:\Users\damba\.cache\kagglehub\datasets\sunnykusawa\ecommerce-products-image-dataset\versions\1\ecommerce products\jeans\3.jpg,jeans,exito,5943795.0,654573525.0,868539690.0,88021339875.0,151130793390.0,95484955020.0,13196599912275.0,28075897012050.0,13444733738670.0,16627847519880.0,15934987699.171999,24215044595.61928,-164892675.90929767,-6695432762.826917,-1085025781087.2708,618894609261.2852,32425824127.71875,0.00045104937768182817,0.0006854213509031653,-4.66738602233403e-06,-7.773544648684941e-08,-1.2597387880712546e-05,7.1855024885527176e-06,3.7647094751915923e-07
C:\Users\damba\.cache\kagglehub\datasets\sunnykusawa\ecommerce-products-image-dataset\versions\1\ecommerce products\jeans\30.jpg,jeans,exito,9481920.0,1274994390.0,1150773945.0,200592875640.0,177736653165.0,149261632425.0,34335744314520.0,30553012517055.0,23120520348495.0,22560116582865.0,29149676949.07327,38072885437.48669,-5478159097.515318,-476418230168.1131,-259447267318.10278,248801265712.375,-9678371192.835938,0.0003242210235083176,0.00042347055530058965,-6.093152773668338e-05,-1.7208683786871207e-06,-9.371484338602253e-07,8.986940541521177e-07,-3.4959205774033065e-08
C:\Users\damba\.cache\kagglehub\datasets\sunnykusawa\ecommerce-products-image-dataset\versions\1\ecommerce products\jeans\31.jpg,jeans,exito,5195625.0,579324300.0,515046195.0,70323378270.0,71838601275.0,57441586875.0,9118141557360.0,11601123215985.0,6975412966005.0,8011153925775.0,5727368248.012272,20781686469.95191,12735411.309204085,-308887417.4477243,359500634510.3339,1363787322.3554688,-1542534591.484375,0.0002121678188885741,0.0007698483666885111,4.71777668750473e-07,-5.020023186012854e-09,5.8425867118191515e-06,2.2164204795339355e-08,-2.5069196662207642e-08
C:\Users\damba\.cache\kagglehub\datasets\sunnykusawa\ecommerce-products-image-dataset\versions\1\ecommerce products\jeans\32.jpg,jeans,exito,5195625.0,579324300.0,515046195.0,70323378270.0,71838601275.0,57441586875.0,9118141557360.0,11601123215985.0,6975412966005.0,8011153925775.0,5727368248.012272,20781686469.95191,12735411.309204085,-308887417.4477243,359500634510.3339,1363787322.3554688,-1542534591.484375,0.0002121678188885741,0.0007698483666885111,4.71777668750473e-07,-5.020023186012854e-09,5.8425867118191515e-06,2.2164204795339355e-08,-2.5069196662207642e-08
C:\Users\damba\.cache\kagglehub\datasets\sunnykusawa\ecommerce-products-image-dataset\versions\1\ecommerce products\jeans\33.jpg,jeans,exito,5756880.0,742647465.0,620017710.0,102790943445.0,88539174240.0,79154366910.0,14954585292855.0,14457981275430.0,10934744748270.0,11145125081340.0,6988137537.820031,21763080120.677708,-828988759.4954814,-108587611470.67474,234504973072.8166,78011142219.01953,-98016668700.48047,0.00021085654705629627,0.0006566682328045796,-2.5013489850434208e-05,-1.3655648777961903e-06,2.9490634388183566e-06,9.810444713559799e-07,-1.2326279066568142e-06
C:\Users\damba\.cache\kagglehub\datasets\sunnykusawa\ecommerce-products-image-dataset\versions\1\ecommerce products\jeans\34.jpg,jeans,exito,5849190.0,735637260.0,568905255.0,99890586450.0,78713319165.0,71953359945.0,14425041872280.0,12543571909125.0,9733882323975.0,9862175534625.0,7371420838.982468,23380326192.192646,403640584.2335805,7896768006.919278,339693802897.33545,-83228363702.70703,-115909796001.90625,0.00021545657329436835,0.0006833750336481605,1.179786353556078e-05,9.543552288206145e-08,4.105332165120869e-06,-1.0058472531580633e-06,-1.400815115614688e-06
C:\Users\damba\.cache\kagglehub\datasets\sunnykusawa\ecommerce-products-image-dataset\versions\1\ecommerce products\jeans\35.jpg,jeans,exito,5889225.0,781351365.0,515638560.0,113429157885.0,67215562710.0,67807126500.0,17658277227705.0,10373708777970.0,9651892065600.0,8726136675630.0,9763572754.976408,22068174970.717903,-605082696.0545527,18334935977.223793,624150917159.4275,-118983262279.95703,-85712715852.34375,0.00028150912234853104,0.0006362827136894344,-1.7446103285068586e-05,2.1783819523633838e-07,7.4155649912284104e-06,-1.4136454662615249e-06,-1.0183566145676186e-06
C:\Users\damba\.cache\kagglehub\datasets\sunnykusawa\ecommerce-products-image-dataset\versions\1\ecommerce products\jeans\36.jpg,jeans,exito,9799905.0,1182063465.0,1259749215.0,184880935635.0,197722683615.0,145742552865.0,32074490090655.0,33844493542185.0,22095061490055.0,22705650284355.0,42300570285.763824,35785594970.45534,-6208259118.782504,-430408350307.6574,-772448746170.6301,-173164677803.26562,452469115737.5547,0.00044045596012897196,0.00037261858374526644,-6.464368476405795e-05,-1.4316142883585392e-06,-2.569301132870791e-06,-5.759763415485653e-07,1.5049922954975545e-06
C:\Users\damba\.cache\kagglehub\datasets\sunnykusawa\ecommerce-products-image-dataset\versions\1\ecommerce products\jeans\37.jpg,jeans,exito,5347350.0,596444235.0,533193525.0,72653960715.0,74511827475.0,59343041550.0,9471876681435.0,12047441351985.0,7230077609640.0,8280890964060.0,6126479726.335479,21346178115.611584,-129445593.27253242,1345849226.0409184,360809308997.59564,14502181972.972656,-4355154565.6640625,0.00021425638786261997,0.0007465225091765207,-4.526995351031044e-06,2.0354005233441876e-08,5.456714185745149e-06,2.1932433593808635e-07,-6.586535631687432e-08
C:\Users\damba\.cache\kagglehub\datasets\sunnykusawa\ecommerce-products-image-dataset\versions\1\ecommerce products\jeans\38.jpg,jeans,exito,5347350.0,596444235.0,533193525.0,72653960715.0,74511827475.0,59343041550.0,9471876681435.0,12047441351985.0,7230077609640.0,8280890964060.0,6126479726.335479,21346178115.611584,-129445593.27253242,1345849226.0409184,360809308997.59564,14502181972.972656,-4355154565.6640625,0.00021425638786261997,0.0007465225091765207,-4.526995351031044e-06,2.0354005233441876e-08,5.456714185745149e-06,2.1932433593808635e-07,-6.586535631687432e-08
C:\Users\damba\.cache\kagglehub\datasets\sunnykusawa\ecommerce-products-image-dataset\versions\1\ecommerce products\jeans\39.jpg,jeans,exito,5438640.0,702330945.0,590483355.0,95753762505.0,84358132275.0,76803723870.0,13665626513295.0,13781410556145.0,10522706908440.0,10993013295300.0,5056684503.037561,20248245882.067936,550334654.3283523,-5762385145.172874,225709629094.74338,-15596243360.257812,-20264594991.847656,0.00017095634845823307,0.0006845525317237843,1.860570950738237e-05,-8.35365434020362e-08,3.272082957336734e-06,-2.260966991184706e-07,-2.937731818358666e-07
C:\Users\damba\.cache\kagglehub\datasets\sunnykusawa\ecommerce-products-image-dataset\versions\1\ecommerce products\jeans\4.jpg,jeans,exito,6437220.0,713498925.0,932170095.0,97393778685.0,161340251085.0,104001602610.0,14878604222445.0,29658979310175.0,14887891323210.0,18037115592180.0,18309839348.429924,26353240230.576977,680237067.1650668,24605481142.0279,-1337003750807.5083,633560298087.3125,-42783651813.71094,0.00044186319644042043,0.0006359710068042485,1.6415858114046615e-05,2.340377864806606e-07,-1.2717060745496199e-05,6.026179651212528e-06,-4.0694149040383166e-07
C:\Users\damba\.cache\kagglehub\datasets\sunnykusawa\ecommerce-products-image-dataset\versions\1\ecommerce products\jeans\40.jpg,jeans,exito,6535905.0,868799025.0,681093525.0,124824876345.0,99707375835.0,92036894235.0,19081496805435.0,16679869516785.0,13347689700645.0,13481060454975.0,9337924524.10439,28731988371.9133,1501093844.1110244,6358732220.573005,301358728006.57367,-59131967341.21875,-85605753612.6914,0.0002185943322033462,0.0006725959065978937,3.5139565069409745e-05,5.822455911526528e-08,2.7594304123941757e-06,-5.414495545073408e-07,-7.838602238513245e-07
C:\Users\damba\.cache\kagglehub\datasets\sunnykusawa\ecommerce-products-image-dataset\versions\1\ecommerce products\jeans\41.jpg,jeans,exito,6044775.0,831716925.0,551768745.0,124567311555.0,74507727585.0,75172679865.0,19928492096235.0,11831237019345.0,11064364724175.0,10016614772475.0,10129132577.04703,24142122916.691414,-746672617.5174055,1549683682.1202462,622751497694.5742,-100700751029.58594,-98791814130.29297,0.0002772119675597597,0.0006607165365740201,-2.0434778975450944e-05,1.725014340385138e-08,6.93209379703662e-06,-1.1209399803185792e-06,-1.0996908469363048e-06
C:\Users\damba\.cache\kagglehub\datasets\sunnykusawa\ecommerce-products-image-dataset\versions\1\ecommerce products\jeans\42.jpg,jeans,exito,9917460.0,1153372905.0,1283145975.0,176773118325.0,201599717385.0,143459611560.0,30097471375305.0,34543252530315.0,21466282219500.0,22363014805890.0,42639070092.071495,35583056550.60282,-5766682342.350755,-378358250990.0626,-747878213434.6143,-63771336158.796875,409746407113.03125,0.0004335176757968577,0.0003617781518277962,-5.863070467335384e-05,-1.2215241721379824e-06,-2.414514056810524e-06,-2.0588484169082729e-07,1.3228603827867995e-06
C:\Users\damba\.cache\kagglehub\datasets\sunnykusawa\ecommerce-products-image-dataset\versions\1\ecommerce products\jeans\43.jpg,jeans,exito,5015085.0,560347455.0,492700035.0,67810480005.0,67889931375.0,55129730610.0,8737932502605.0,10809389986005.0,6687031242660.0,7602504136560.0,5201517180.84507,19485303240.282196,79175995.14084467,-1050729380.2518767,311025403638.9181,7392112599.625,1442480125.4609375,0.0002068109077637058,0.000774730354830653,3.148016022800592e-06,-1.865499472295292e-08,5.522047229894194e-06,1.3124199639722776e-07,2.5610266196218502e-08
C:\Users\damba\.cache\kagglehub\datasets\sunnykusawa\ecommerce-products-image-dataset\versions\1\ecommerce products\jeans\44.jpg,jeans,exito,5015085.0,560347455.0,492700035.0,67810480005.0,67889931375.0,55129730610.0,8737932502605.0,10809389986005.0,6687031242660.0,7602504136560.0,5201517180.84507,19485303240.282196,79175995.14084467,-1050729380.2518767,311025403638.9181,7392112599.625,1442480125.4609375,0.0002068109077637058,0.000774730354830653,3.148016022800592e-06,-1.865499472295292e-08,5.522047229894194e-06,1.3124199639722776e-07,2.5610266196218502e-08
C:\Users\damba\.cache\kagglehub\datasets\sunnykusawa\ecommerce-products-image-dataset\versions\1\ecommerce products\jeans\45.jpg,jeans,exito,4393905.0,553675635.0,477236325.0,73977428055.0,64256791335.0,60893532330.0,10383143046885.0,9639328590705.0,8291647754520.0,8173341004320.0,4208803382.265101,12422600586.791826,757019299.0078906,550973421.7608131,-38328858642.21934,65934595020.421875,-88097047229.55078,0.00021800041083667483,0.0006434446529367378,3.921079299888686e-05,1.3614571980426044e-08,-9.471073999257367e-07,1.6292460842067051e-06,-2.1768810316414743e-06
C:\Users\damba\.cache\kagglehub\datasets\sunnykusawa\ecommerce-products-image-dataset\versions\1\ecommerce products\jeans\46.jpg,jeans,exito,4864635.0,673262730.0,522695940.0,101782927680.0,72734778120.0,70866906945.0,16583193349920.0,11217991108470.0,10549842809685.0,9670712912565.0,8603747000.040894,16572076151.09923,-1473915238.8465116,114986353057.32788,-158502104941.822,21435505815.16797,-79000326047.36719,0.00036356922200620785,0.0007002875413763493,-6.228335360023641e-05,2.2030312092638312e-06,-3.036752402667769e-06,4.106842859311115e-07,-1.5135725170585973e-06
C:\Users\damba\.cache\kagglehub\datasets\sunnykusawa\ecommerce-products-image-dataset\versions\1\ecommerce products\jeans\47.jpg,jeans,exito,5397585.0,720898005.0,522638310.0,106503861255.0,69260518380.0,72333157200.0,17050610874675.0,10439738351490.0,11073653020380.0,9633525259140.0,10221184166.453905,18654404149.347572,2529918341.2193446,95753535291.79099,120824838652.10297,85289849668.73438,-106800093400.74219,0.00035083445077000797,0.0006402983771349726,8.68375422338753e-05,1.414673088019033e-06,1.7850792358162224e-06,1.2600814647716886e-06,-1.5778761324220466e-06
C:\Users\damba\.cache\kagglehub\datasets\sunnykusawa\ecommerce-products-image-dataset\versions\1\ecommerce products\jeans\48.jpg,jeans,exito,12548805.0,1393990395.0,1394422365.0,207381097785.0,206530452465.0,153653122575.0,34733253617835.0,34407152284035.0,22731725314455.0,22618681970805.0,52528964745.06067,51582333340.3349,-1246996072.4077826,25805136114.06062,-6148461977.198655,-35401892843.03125,-46726296065.74219,0.0003335754651386211,0.00032756405766697625,-7.918817682744706e-06,4.625942469943859e-08,-1.1022004014797901e-08,-6.346299391528762e-08,-8.37636184045976e-08
C:\Users\damba\.cache\kagglehub\datasets\sunnykusawa\ecommerce-products-image-dataset\versions\1\ecommerce products\jeans\49.jpg,jeans,exito,4912575.0,547409010.0,495029205.0,66629510490.0,69016459665.0,55269231165.0,8677924345830.0,11090229523605.0,6820252684545.0,7708646878545.0,5631637840.894365,19133472880.486374,108048479.72047551,-1681149137.6205351,279520496727.65424,82066085859.90234,-3643756194.9414062,0.00023335458094982431,0.0007928214974547535,4.477135856348489e-06,-3.142919501294347e-08,5.225654289186106e-06,1.5342309368760005e-06,-6.81202645664882e-08
C:\Users\damba\.cache\kagglehub\datasets\sunnykusawa\ecommerce-products-image-dataset\versions\1\ecommerce products\jeans\5.jpg,jeans,exito,6531060.0,723293475.0,910160790.0,97790478105.0,156824981130.0,100275915930.0,14742223452195.0,28940864831880.0,14185495874940.0,17295124992900.0,17688097943.498558,29986050902.22318,-521406496.6574214,-5548943995.46705,-1271719997123.44,673018731441.9062,72597857869.9375,0.00041468066584658507,0.0007029944991238573,-1.2223880368669464e-05,-5.090391178532886e-08,-1.1666277872347048e-05,6.17401908600614e-06,6.65985267797624e-07
C:\Users\damba\.cache\kagglehub\datasets\sunnykusawa\ecommerce-products-image-dataset\versions\1\ecommerce products\jeans\50.jpg,jeans,exito,4912575.0,547409010.0,495029205.0,66629510490.0,69016459665.0,55269231165.0,8677924345830.0,11090229523605.0,6820252684545.0,7708646878545.0,5631637840.894365,19133472880.486374,108048479.72047551,-1681149137.6205351,279520496727.65424,82066085859.90234,-3643756194.9414062,0.00023335458094982431,0.0007928214974547535,4.477135856348489e-06,-3.142919501294347e-08,5.225654289186106e-06,1.5342309368760005e-06,-6.81202645664882e-08
C:\Users\damba\.cache\kagglehub\datasets\sunnykusawa\ecommerce-products-image-dataset\versions\1\ecommerce products\jeans\51.jpg,jeans,exito,4865400.0,658654035.0,516487965.0,93802435695.0,68677977765.0,70244971125.0,13938512323965.0,10278020580045.0,10058920614285.0,9309674475015.0,4637076665.57155,13850046250.66588,325358723.92532164,-15491720123.022429,46978243857.90378,13204579256.917969,-56691065534.16016,0.00019588770342042147,0.0005850784768026164,1.3744386348133537e-05,-2.9669024370905586e-07,8.997055529367279e-07,2.528879818832023e-07,-1.0857210119914378e-06
C:\Users\damba\.cache\kagglehub\datasets\sunnykusawa\ecommerce-products-image-dataset\versions\1\ecommerce products\jeans\52.jpg,jeans,exito,5567670.0,767761140.0,551261805.0,114657709890.0,72973975515.0,77716526715.0,18314003490150.0,10823205207705.0,11782611011715.0,10275219528975.0,8786282866.828789,18392871093.966064,1699558783.1258519,79936608432.23264,-44238462126.15324,-38514609736.55859,-124173092482.01953,0.0002834380869477159,0.000593338534095168,5.482633525982135e-05,1.0928536370832758e-06,-6.048062981621673e-07,-5.265526291013971e-07,-1.6976328919671033e-06
C:\Users\damba\.cache\kagglehub\datasets\sunnykusawa\ecommerce-products-image-dataset\versions\1\ecommerce products\jeans\53.jpg,jeans,exito,4812360.0,615690615.0,507289095.0,84757084875.0,71159822385.0,66820641660.0,12470416133655.0,11105891021295.0,9521284297980.0,9402329773830.0,5985976022.154779,17684557461.7775,1918361929.6092095,94957890878.60648,-123727751732.91162,95850674239.40234,-106261225558.91406,0.00025847512632050504,0.0007636212051196513,8.283508658387457e-05,1.8691139942488091e-06,-2.435408685904474e-06,1.886687192832477e-06,-2.0916044143409076e-06
C:\Users\damba\.cache\kagglehub\datasets\sunnykusawa\ecommerce-products-image-dataset\versions\1\ecommerce products\jeans\54.jpg,jeans,exito,12345570.0,1404002205.0,1341112320.0,211034155365.0,194784373950.0,155087422350.0,35514898052805.0,31919875483950.0,23454341907000.0,22864309931070.0,51363747952.06873,49097924895.33648,2569178604.861827,-167703092894.22662,93124060162.11513,-54882094267.27344,154236221726.01562,0.0003370035017690884,0.00032213717415568153,1.685667851412671e-05,-3.131577806252122e-07,1.738937756000126e-07,-1.0248323116880753e-07,2.880106267223172e-07
C:\Users\damba\.cache\kagglehub\datasets\sunnykusawa\ecommerce-products-image-dataset\versions\1\ecommerce products\jeans\55.jpg,jeans,exito,4299810.0,482555115.0,417355950.0,56965697205.0,57475585770.0,46968813375.0,7022949921675.0,9211012368150.0,5535591758625.0,6478118884665.0,2809946366.5529017,16965426251.229986,130174354.16320887,-848001936.8545411,338755016937.0648,-22934147238.671875,2531362558.3125,0.00015198457024629753,0.0009176271293041066,7.0408793242752296e-06,-2.2119417233489014e-08,8.836139676003912e-06,-5.982179398647639e-07,6.602846310025679e-08
C:\Users\damba\.cache\kagglehub\datasets\sunnykusawa\ecommerce-products-image-dataset\versions\1\ecommerce products\jeans\56.jpg,jeans,exito,4299810.0,482555115.0,417355950.0,56965697205.0,57475585770.0,46968813375.0,7022949921675.0,9211012368150.0,5535591758625.0,6478118884665.0,2809946366.5529017,16965426251.229986,130174354.16320887,-848001936.8545411,338755016937.0648,-22934147238.671875,2531362558.3125,0.00015198457024629753,0.0009176271293041066,7.0408793242752296e-06,-2.2119417233489014e-08,8.836139676003912e-06,-5.982179398647639e-07,6.602846310025679e-08
C:\Users\damba\.cache\kagglehub\datasets\sunnykusawa\ecommerce-products-image-dataset\versions\1\ecommerce products\jeans\57.jpg,jeans,exito,4259775.0,564410880.0,426887340.0,79484299170.0,54275232750.0,58841227050.0,11775321193860.0,7875355681860.0,8602533332160.0,7640543321940.0,4701090793.413342,11495320418.415445,2279587237.977247,-1943291720.487984,132265202137.8325,33045806999.039062,-7697663386.3203125,0.00025907488741524234,0.0006335016646297868,0.00012562697318240277,-5.188852784850122e-08,3.5316605078691795e-06,8.823679217422145e-07,-2.0553806552995063e-07
C:\Users\damba\.cache\kagglehub\datasets\sunnykusawa\ecommerce-products-image-dataset\versions\1\ecommerce products\jeans\58.jpg,jeans,exito,3284910.0,361184805.0,309833925.0,41158017705.0,41523639255.0,34400195130.0,4852952753085.0,6426550219875.0,3948364857270.0,4644112212270.0,1444764263.3872874,12299988962.935492,333110861.7827225,9805027134.522425,189746214180.2648,-6927474657.630859,15636656245.613281,0.00013389058534187605,0.001139876423912202,3.087037061898158e-05,5.013489523405702e-07,9.70207061997067e-06,-3.542144365659878e-07,7.995308038716295e-07
C:\Users\damba\.cache\kagglehub\datasets\sunnykusawa\ecommerce-products-image-dataset\versions\1\ecommerce products\jeans\59.jpg,jeans,exito,3442245.0,393984945.0,300444570.0,47488105575.0,38782576680.0,34676749770.0,6021734116725.0,5871769417170.0,4215063131700.0,4507489259850.0,2394238959.854061,12559300985.653751,289122687.38424903,38375328216.195915,294373809830.8176,4042872604.5117188,18127804403.078125,0.00020206166996759577,0.0010599415402302013,2.4400493859619374e-05,1.7456117577583088e-06,1.339043618654741e-05,1.8390164414479608e-07,8.245951234627081e-07
C:\Users\damba\.cache\kagglehub\datasets\sunnykusawa\ecommerce-products-image-dataset\versions\1\ecommerce products\jeans\6.jpg,jeans,exito,5714295.0,544515780.0,579343170.0,68819960490.0,85268273430.0,53647610430.0,9731047134270.0,14191946211630.0,6690821736060.0,7745544162960.0,16932993739.244501,26531629867.55723,-1558062028.321209,-53907799470.94288,167218938215.24802,10453405710.947266,-63750811643.38281,0.0005185712479064378,0.0008125285239740917,-4.7715494541853764e-05,-6.906292398940066e-07,2.1422927540889228e-06,1.339217647781479e-07,-8.167310671181692e-07
C:\Users\damba\.cache\kagglehub\datasets\sunnykusawa\ecommerce-products-image-dataset\versions\1\ecommerce products\jeans\60.jpg,jeans,exito,11319960.0,1304489475.0,1270977120.0,195243207945.0,187537622790.0,143082500730.0,32784428580705.0,31016569455540.0,21215667869130.0,20863051658280.0,44916458523.11373,44835454269.66119,-3382352149.852233,-67172010184.078316,-107719039151.85188,73794172310.79688,11116606602.6875,0.0003505223560320278,0.00034989020909296777,-2.6395447982304787e-05,-1.55803107180059e-07,-2.498505100013665e-07,1.7116297854263158e-07,2.578457671953974e-08
C:\Users\damba\.cache\kagglehub\datasets\sunnykusawa\ecommerce-products-image-dataset\versions\1\ecommerce products\jeans\61.jpg,jeans,exito,4394160.0,493397970.0,437054700.0,58621900530.0,61183815150.0,49031172030.0,7305007740900.0,9939514118700.0,5805162348720.0,6851952480420.0,3220741537.127433,17713206252.715874,-43486552.97354143,-630058285.8825165,330407016346.7792,-15760147422.632812,-9417653379.742188,0.0001668031091732409,0.0009173719288928449,-2.252180797370998e-06,-1.5566503060262755e-08,8.163184178889543e-06,-3.893772823588439e-07,-2.3267677521439073e-07
C:\Users\damba\.cache\kagglehub\datasets\sunnykusawa\ecommerce-products-image-dataset\versions\1\ecommerce products\jeans\62.jpg,jeans,exito,4394160.0,493397970.0,437054700.0,58621900530.0,61183815150.0,49031172030.0,7305007740900.0,9939514118700.0,5805162348720.0,6851952480420.0,3220741537.127433,17713206252.715874,-43486552.97354143,-630058285.8825165,330407016346.7792,-15760147422.632812,-9417653379.742188,0.0001668031091732409,0.0009173719288928449,-2.252180797370998e-06,-1.5566503060262755e-08,8.163184178889543e-06,-3.893772823588439e-07,-2.3267677521439073e-07
C:\Users\damba\.cache\kagglehub\datasets\sunnykusawa\ecommerce-products-image-dataset\versions\1\ecommerce products\jeans\63.jpg,jeans,exito,4012425.0,548176815.0,444763095.0,78476467515.0,59978883795.0,62086730115.0,11697248900835.0,9040618919895.0,9077216132295.0,8451352219365.0,3584645112.451854,10678470535.19352,1323272393.8856015,-3659825464.435523,24830911020.691547,16807260065.953125,-36312705677.453125,0.00022265492744108452,0.0006632773977921102,8.219310687742345e-05,-1.1348620029367737e-07,7.699727128936499e-07,5.211702308669711e-07,-1.1260075185996352e-06
C:\Users\damba\.cache\kagglehub\datasets\sunnykusawa\ecommerce-products-image-dataset\versions\1\ecommerce products\jeans\64.jpg,jeans,exito,4302360.0,541922175.0,372713355.0,72066205095.0,46549537275.0,46675612590.0,10061008658325.0,6836201873235.0,6123674224620.0,5765788061370.0,3806077221.75587,14261387283.982042,-271093867.1879429,24779727797.969795,332689100106.4437,-51126007532.640625,-50588503071.95508,0.00020561940643942287,0.0007704567767498682,-1.464556728957718e-05,6.454010438553476e-07,8.665062596272218e-06,-1.331603756859107e-06,-1.317604170470116e-06
C:\Users\damba\.cache\kagglehub\datasets\sunnykusawa\ecommerce-products-image-dataset\versions\1\ecommerce products\jeans\65.jpg,jeans,exito,4073370.0,509633055.0,388384890.0,68902341555.0,51179794380.0,50547068490.0,10029478061835.0,7707484944780.0,7129786272330.0,6733190397630.0,5140431699.368662,14148338170.445728,1954925373.48003,122600305759.73947,129616904675.21127,70958440252.78125,-42880010024.03906,0.0003098074606316824,0.0008527028423084463,0.00011782093433060813,3.6610604679336766e-06,3.8705884356625775e-06,2.1189436589561993e-06,-1.2804724147365192e-06
C:\Users\damba\.cache\kagglehub\datasets\sunnykusawa\ecommerce-products-image-dataset\versions\1\ecommerce products\jeans\66.jpg,jeans,exito,8580240.0,1223367090.0,983049990.0,195761539560.0,148426595400.0,140034715230.0,33713398528980.0,25177331087070.0,22307269710810.0,21105025771230.0,21334363059.684383,35797195425.29065,-128147998.86411901,-281890681123.2422,-30778282064.673306,-84858646662.89062,-28212962779.953125,0.0002897882751528218,0.0004862393823796174,-1.740656022925495e-06,-1.3071701729431635e-06,-1.4272359813052105e-07,-3.935025144926924e-07,-1.3082782052020676e-07
C:\Users\damba\.cache\kagglehub\datasets\sunnykusawa\ecommerce-products-image-dataset\versions\1\ecommerce products\jeans\67.jpg,jeans,exito,4814400.0,537746040.0,552813225.0,63318374250.0,84881998665.0,61724923620.0,7799287858920.0,14647665102405.0,7297750212930.0,9474928018320.0,3254648025.4067807,21405249384.73649,-21736940.68855831,-137445726.083503,-14619152134.555586,32077073318.523438,-1003709999.5585938,0.00014041699924316158,0.0009234979829441211,-9.378083161027708e-07,-2.702562920408746e-09,-2.874529431541663e-07,6.307239331196579e-07,-1.973571317890629e-08
C:\Users\damba\.cache\kagglehub\datasets\sunnykusawa\ecommerce-products-image-dataset\versions\1\ecommerce products\jeans\68.jpg,jeans,exito,4814400.0,537746040.0,552813225.0,63318374250.0,84881998665.0,61724923620.0,7799287858920.0,14647665102405.0,7297750212930.0,9474928018320.0,3254648025.4067807,21405249384.73649,-21736940.68855831,-137445726.083503,-14619152134.555586,32077073318.523438,-1003709999.5585938,0.00014041699924316158,0.0009234979829441211,-9.378083161027708e-07,-2.702562920408746e-09,-2.874529431541663e-07,6.307239331196579e-07,-1.973571317890629e-08
C:\Users\damba\.cache\kagglehub\datasets\sunnykusawa\ecommerce-products-image-dataset\versions\1\ecommerce products\jeans\69.jpg,jeans,exito,5188995.0,684420000.0,606827835.0,96856847370.0,86995612575.0,80220384465.0,14522167888980.0,13776068672325.0,11524846548555.0,11415735680775.0,6582962658.22055,16030036132.781952,180780104.09774277,10343136392.260008,-146917084308.35895,150218122018.51562,-101126824766.61719,0.00024448650213002775,0.0005953440216203812,6.71404314444444e-06,1.6863360374638266e-07,-2.3953234724207524e-06,2.449143306565354e-06,-1.6487630298083481e-06
C:\Users\damba\.cache\kagglehub\datasets\sunnykusawa\ecommerce-products-image-dataset\versions\1\ecommerce products\jeans\7.jpg,jeans,exito,4718010.0,521048385.0,484760865.0,62800856595.0,69080708955.0,53682835110.0,8102382781365.0,11303185360755.0,6570122359620.0,7671235741590.0,5257227075.115933,19273036602.55729,146732850.9007136,5574114241.315749,244867973317.56036,85119700509.55469,11936053138.539062,0.00023617777223617752,0.0008658296063648553,6.591885293223616e-06,1.1528657117254585e-07,5.064479809995497e-06,1.7604874938236292e-06,2.468673192013118e-07
C:\Users\damba\.cache\kagglehub\datasets\sunnykusawa\ecommerce-products-image-dataset\versions\1\ecommerce products\jeans\70.jpg,jeans,exito,3903030.0,447427335.0,422789490.0,54188362665.0,60663205620.0,49670286180.0,6938056679295.0,9708692138010.0,6192482561190.0,7170274513410.0,2897129929.099373,14865209485.084286,1203434842.2677383,61895096661.56127,-83052849788.92233,46701077646.603516,-44626635065.62891,0.00019017971569215992,0.0009758144725171416,7.899849221731867e-05,2.056608005252545e-06,-2.7596233780665735e-06,1.5517515170401668e-06,-1.4828233555446434e-06
C:\Users\damba\.cache\kagglehub\datasets\sunnykusawa\ecommerce-products-image-dataset\versions\1\ecommerce products\jeans\71.jpg,jeans,exito,5830065.0,749844585.0,643033755.0,104551745985.0,91469436105.0,84138856245.0,15578268004125.0,14450580503505.0,11955456510135.0,11901333528195.0,8109098835.470407,20545285161.674324,1433881401.843587,45218495901.2797,-170278560063.78812,54958278648.734375,-179480260406.33984,0.00023857547664410075,0.0006044569562767059,4.218581445814881e-05,5.50975922102792e-07,-2.0748011355863382e-06,6.696527085238953e-07,-2.186921524159624e-06
C:\Users\damba\.cache\kagglehub\datasets\sunnykusawa\ecommerce-products-image-dataset\versions\1\ecommerce products\jeans\72.jpg,jeans,exito,9444945.0,1199450640.0,1120122180.0,182996091150.0,169695752190.0,133146578730.0,30680771701350.0,28610810266230.0,19633770577170.0,19413791204640.0,30673146146.465355,36854989419.231895,-9102133748.38872,-349226694590.75073,-255864771485.56973,243201309622.5703,22394560638.007812,0.0003438424220299642,0.000413140170404649,-0.0001020338669773954,-1.2738223078791267e-06,-9.332798974621855e-07,8.870892698099417e-07,8.1685310309041e-08
C:\Users\damba\.cache\kagglehub\datasets\sunnykusawa\ecommerce-products-image-dataset\versions\1\ecommerce products\jeans\73.jpg,jeans,exito,4479075.0,500899305.0,448769145.0,58835762655.0,62376653385.0,50190365310.0,7209816660885.0,10014528789345.0,5869497177450.0,6984787729140.0,2819707163.7472277,17413408629.32366,4076213.2681494495,-504965853.4375653,275482577396.7285,-26309087659.0625,8329222359.298828,0.00014054886362363574,0.0008679748117577409,2.031796599632109e-07,-1.1892993322719927e-08,6.488186144075691e-06,-6.196335885407946e-07,1.9617046425662584e-07
C:\Users\damba\.cache\kagglehub\datasets\sunnykusawa\ecommerce-products-image-dataset\versions\1\ecommerce products\jeans\74.jpg,jeans,exito,4479075.0,500899305.0,448769145.0,58835762655.0,62376653385.0,50190365310.0,7209816660885.0,10014528789345.0,5869497177450.0,6984787729140.0,2819707163.7472277,17413408629.32366,4076213.2681494495,-504965853.4375653,275482577396.7285,-26309087659.0625,8329222359.298828,0.00014054886362363574,0.0008679748117577409,2.031796599632109e-07,-1.1892993322719927e-08,6.488186144075691e-06,-6.196335885407946e-07,1.9617046425662584e-07
C:\Users\damba\.cache\kagglehub\datasets\sunnykusawa\ecommerce-products-image-dataset\versions\1\ecommerce products\jeans\75.jpg,jeans,exito,4422720.0,570092280.0,486403830.0,78031963500.0,66626699370.0,63000328305.0,11230293858360.0,10232277816870.0,8735669720835.0,8586069304335.0,4546595284.151287,13132766713.474403,302470777.1817305,-210837426.7305443,16135305092.7433,75858921414.27734,-68698088058.46094,0.00023243814805688328,0.0006713938195431205,1.5463383674047778e-05,-5.125356678891291e-09,3.922415246925407e-07,1.844093980624501e-06,-1.6700175576867126e-06
C:\Users\damba\.cache\kagglehub\datasets\sunnykusawa\ecommerce-products-image-dataset\versions\1\ecommerce products\jeans\76.jpg,jeans,exito,3660015.0,439401975.0,338172840.0,55472921085.0,43535702730.0,40821582945.0,7354696434765.0,6512030025750.0,5155712702685.0,5225916622635.0,2720652136.949068,12289691521.394133,222346661.17083383,41657846591.20176,218429588968.3468,-23182572475.50586,-41836915621.046875,0.00020309876650980978,0.0009174348880854159,1.659834861211305e-05,1.62551002812994e-06,8.52323190856769e-06,-9.045955833142549e-07,-1.6324973913174123e-06
C:\Users\damba\.cache\kagglehub\datasets\sunnykusawa\ecommerce-products-image-dataset\versions\1\ecommerce products\jeans\77.jpg,jeans,exito,4916655.0,660486465.0,494098455.0,95960680725.0,65807330565.0,69255335250.0,14902432049745.0,9909442989975.0,10458235791900.0,9308032838820.0,7233208399.161362,16152985642.81469,2879853971.5878406,68036859643.25975,49562469713.84372,40943298163.64844,-111117769050.11328,0.0002992206126394404,0.0006682105634561122,0.0001191327032400378,1.269316490090651e-06,9.24652613704705e-07,7.638507096052568e-07,-2.0730471297019392e-06
C:\Users\damba\.cache\kagglehub\datasets\sunnykusawa\ecommerce-products-image-dataset\versions\1\ecommerce products\jeans\78.jpg,jeans,exito,11361270.0,1297359420.0,1264288725.0,192954392460.0,184948560105.0,138970876395.0,32231946252120.0,30480058695465.0,20300765678745.0,19998116220645.0,44807093376.11796,44257776401.934616,-5400033457.379144,-34957715219.07807,48813364369.94398,61963654155.234375,80417421295.67188,0.00034713068904108967,0.000342875006170755,-4.183528083756649e-05,-8.034814186807417e-08,1.1219449271426643e-07,1.42419618774512e-07,1.8483445884366741e-07
C:\Users\damba\.cache\kagglehub\datasets\sunnykusawa\ecommerce-products-image-dataset\versions\1\ecommerce products\jeans\79.jpg,jeans,exito,4210305.0,471797175.0,421738635.0,55343632515.0,58694902185.0,47346717000.0,6755713739535.0,9454329592365.0,5549696054190.0,6597066832620.0,2475117208.393798,16450106083.134878,87647507.0876988,-679464340.5639942,279412692241.75,-13618652297.357422,2290986740.671875,0.00013962675791312517,0.0009279863482528309,4.944386961684424e-06,-1.868025388933801e-08,7.681786547689718e-06,-3.744124118921187e-07,6.298522441565411e-08
C:\Users\damba\.cache\kagglehub\datasets\sunnykusawa\ecommerce-products-image-dataset\versions\1\ecommerce products\jeans\8.jpg,jeans,exito,4718010.0,521048385.0,484760865.0,62800856595.0,69080708955.0,53682835110.0,8102382781365.0,11303185360755.0,6570122359620.0,7671235741590.0,5257227075.115933,19273036602.55729,146732850.9007136,5574114241.315749,244867973317.56036,85119700509.55469,11936053138.539062,0.00023617777223617752,0.0008658296063648553,6.591885293223616e-06,1.1528657117254585e-07,5.064479809995497e-06,1.7604874938236292e-06,2.468673192013118e-07
C:\Users\damba\.cache\kagglehub\datasets\sunnykusawa\ecommerce-products-image-dataset\versions\1\ecommerce products\jeans\80.jpg,jeans,exito,4210305.0,471797175.0,421738635.0,55343632515.0,58694902185.0,47346717000.0,6755713739535.0,9454329592365.0,5549696054190.0,6597066832620.0,2475117208.393798,16450106083.134878,87647507.0876988,-679464340.5639942,279412692241.75,-13618652297.357422,2290986740.671875,0.00013962675791312517,0.0009279863482528309,4.944386961684424e-06,-1.868025388933801e-08,7.681786547689718e-06,-3.744124118921187e-07,6.298522441565411e-08
C:\Users\damba\.cache\kagglehub\datasets\sunnykusawa\ecommerce-products-image-dataset\versions\1\ecommerce products\jeans\81.jpg,jeans,exito,4292670.0,560175075.0,438942465.0,77478754515.0,57458245515.0,58903741830.0,11237067508275.0,8578063734885.0,8367396024720.0,7818657604860.0,4378303128.973217,12574644497.387135,1623627530.0282233,-16278238926.002031,131117003528.3185,21134411608.527344,-11442340227.421875,0.0002376023982063741,0.0006824026571847821,8.811125761844377e-05,-4.2637198403593365e-07,3.4343160331623143e-06,5.535685432510739e-07,-2.997064563898902e-07
C:\Users\damba\.cache\kagglehub\datasets\sunnykusawa\ecommerce-products-image-dataset\versions\1\ecommerce products\jeans\82.jpg,jeans,exito,3884415.0,467035815.0,402831915.0,59325085725.0,54547683675.0,49398710925.0,7931472857895.0,8362368281265.0,6382785788775.0,6704937350055.0,3171854802.7854013,12772139161.201345,964923152.5720488,35900590956.135956,56459044604.92428,-1533402683.3320312,-53641633980.61133,0.00021021420200052207,0.0008464716100036467,6.39501374185333e-05,1.2072231117438988e-06,1.8985387621424353e-06,-5.156347318043654e-08,-1.8037981706825592e-06
C:\Users\damba\.cache\kagglehub\datasets\sunnykusawa\ecommerce-products-image-dataset\versions\1\ecommerce products\jeans\83.jpg,jeans,exito,4575720.0,606615675.0,453693960.0,86943527805.0,59173119240.0,62336606655.0,13313594618115.0,8802949628970.0,9220285253175.0,8185216496865.0,6522833978.519009,14188240501.685242,2189161490.343294,57754339449.38412,122190135200.33765,19173127319.88672,-93646799161.58984,0.00031154260201753326,0.0006776565797170841,0.00010455839734448998,1.2895435648619252e-06,2.7282712267066595e-06,4.280991383393261e-07,-2.0909533098301773e-06
C:\Users\damba\.cache\kagglehub\datasets\sunnykusawa\ecommerce-products-image-dataset\versions\1\ecommerce products\jeans\84.jpg,jeans,exito,9712185.0,1267368105.0,1182968205.0,198116021625.0,181354868055.0,149226759900.0,33922099015635.0,30798356367795.0,22961283360360.0,22591705174770.0,32733884281.931355,37266408656.73668,-5141816506.452478,-473630542685.4546,-369397936920.9526,172198720869.85156,178812033501.01562,0.00034702730703833987,0.00039507873027693646,-5.451081576971374e-05,-1.6111921408068438e-06,-1.2566145954665837e-06,5.857840673648278e-07,6.082811750800845e-07
C:\Users\damba\.cache\kagglehub\datasets\sunnykusawa\ecommerce-products-image-dataset\versions\1\ecommerce products\jeans\85.jpg,jeans,exito,3702855.0,414073590.0,347373495.0,48840711000.0,46541273235.0,38890400115.0,6028556017740.0,7307325698805.0,4599469715955.0,5218639930905.0,2536727199.530342,13953352555.277185,45187395.221064694,-422167644.74689174,323186586260.8855,7502087657.6953125,5660784164.677734,0.00018501219421943375,0.0010176657440528604,3.295671344738122e-06,-1.6000854679299723e-08,1.2249308220102455e-05,2.84341578270689e-07,2.1455311868865428e-07
C:\Users\damba\.cache\kagglehub\datasets\sunnykusawa\ecommerce-products-image-dataset\versions\1\ecommerce products\jeans\86.jpg,jeans,exito,3702855.0,414073590.0,347373495.0,48840711000.0,46541273235.0,38890400115.0,6028556017740.0,7307325698805.0,4599469715955.0,5218639930905.0,2536727199.530342,13953352555.277185,45187395.221064694,-422167644.74689174,323186586260.8855,7502087657.6953125,5660784164.677734,0.00018501219421943375,0.0010176657440528604,3.295671344738122e-06,-1.6000854679299723e-08,1.2249308220102455e-05,2.84341578270689e-07,2.1455311868865428e-07
C:\Users\damba\.cache\kagglehub\datasets\sunnykusawa\ecommerce-products-image-dataset\versions\1\ecommerce products\jeans\87.jpg,jeans,exito,3260940.0,389718795.0,312954105.0,48397900695.0,38852815155.0,37771556250.0,6221363632455.0,5542391794665.0,4740492915480.0,4695317355180.0,1822146717.235299,8818447200.866829,370041137.51603097,1739479513.4081259,121045036970.12424,7273148078.896484,-19054602161.552734,0.000171355373086597,0.0008292901421471328,3.4798809874463094e-05,9.058625346704262e-08,6.303619166183619e-06,3.7876113532799554e-07,-9.922997125376843e-07
C:\Users\damba\.cache\kagglehub\datasets\sunnykusawa\ecommerce-products-image-dataset\versions\1\ecommerce products\jeans\88.jpg,jeans,exito,3316275.0,403403115.0,330949455.0,51621918225.0,43048175115.0,41222481705.0,6908310985395.0,6388288801485.0,5402732499615.0,5397971951025.0,2550573661.68627,10020895482.039215,964649934.5490162,8321890834.787385,92191556883.90588,16408603200.632812,-31091886161.61914,0.00023191924938089004,0.0009111826853816043,8.771394925642851e-05,4.1552357813483596e-07,4.603252596163209e-06,8.193043683798653e-07,-1.5524610987242124e-06
C:\Users\damba\.cache\kagglehub\datasets\sunnykusawa\ecommerce-products-image-dataset\versions\1\ecommerce products\jeans\89.jpg,jeans,exito,3640635.0,459069105.0,346492215.0,60769048725.0,43850321985.0,44497796565.0,8390711507295.0,6426022530015.0,5979341442825.0,5641480697325.0,2882322050.806887,10873422335.459127,806552859.0207987,1086395670.6516027,182906268062.5489,-7671617923.9921875,-41389637352.65039,0.0002174644267425317,0.0008203741681982103,6.0852518224119636e-05,4.295811105151899e-08,7.232454977234205e-06,-3.033500810308055e-07,-1.6366234566369596e-06
C:\Users\damba\.cache\kagglehub\datasets\sunnykusawa\ecommerce-products-image-dataset\versions\1\ecommerce products\jeans\9.jpg,jeans,exito,5809155.0,626427390.0,846676755.0,83167056600.0,147010912665.0,91532451705.0,12378567685440.0,27337054524705.0,12788255999385.0,15957826118595.0,15616565187.35701,23608881309.78052,231477672.06071168,42279440061.43859,-971521252302.2992,616843545612.6602,37501071195.75781,0.000462764024594459,0.0006995994829856674,6.859353375177151e-06,5.198126160311699e-07,-1.1944552788667018e-05,7.58390027542737e-06,4.610640513192912e-07
C:\Users\damba\.cache\kagglehub\datasets\sunnykusawa\ecommerce-products-image-dataset\versions\1\ecommerce products\jeans\90.jpg,jeans,exito,7692585.0,923444505.0,1149392100.0,144090237015.0,189247643100.0,133810685940.0,24811456209615.0,32981080828890.0,20504864540970.0,21707588364540.0,33236765286.745453,17510548281.754917,-4166316437.667645,-465346598763.3306,-528164456822.77716,-24184676069.242188,234672081419.89062,0.000561660836869724,0.00029590693068739414,-7.040567145617182e-05,-2.835278891950628e-06,-3.218017580633044e-06,-1.473531809408579e-07,1.429817690186512e-06
C:\Users\damba\.cache\kagglehub\datasets\sunnykusawa\ecommerce-products-image-dataset\versions\1\ecommerce products\jeans\91.jpg,jeans,exito,4344945.0,486937035.0,417047145.0,58125629985.0,56578255815.0,46811253720.0,7309901314575.0,8937612610845.0,5598389659260.0,6361041627930.0,3554703067.7222857,16548216044.036034,72871475.45718779,-974902870.1419023,330237242746.6137,2899802205.1835938,6339827651.673828,0.0001882932546523859,0.0008765619513809159,3.860015034658679e-06,-2.477425711860647e-08,8.391997410730181e-06,7.368984913734393e-08,1.611078653480186e-07
C:\Users\damba\.cache\kagglehub\datasets\sunnykusawa\ecommerce-products-image-dataset\versions\1\ecommerce products\jeans\92.jpg,jeans,exito,4344945.0,486937035.0,417047145.0,58125629985.0,56578255815.0,46811253720.0,7309901314575.0,8937612610845.0,5598389659260.0,6361041627930.0,3554703067.7222857,16548216044.036034,72871475.45718779,-974902870.1419023,330237242746.6137,2899802205.1835938,6339827651.673828,0.0001882932546523859,0.0008765619513809159,3.860015034658679e-06,-2.477425711860647e-08,8.391997410730181e-06,7.368984913734393e-08,1.611078653480186e-07
C:\Users\damba\.cache\kagglehub\datasets\sunnykusawa\ecommerce-products-image-dataset\versions\1\ecommerce products\jeans\93.jpg,jeans,exito,3171690.0,371233335.0,302299440.0,45019286355.0,37507863810.0,35568141030.0,5636450007345.0,5367977775690.0,4335351054930.0,4419322388670.0,1567943690.6090214,8695164137.486734,185228677.33236906,83986832.07686019,135533014600.51431,1121929900.8808594,-6128529222.712891,0.00015586514074232953,0.00086436329964159,1.8413093553577345e-05,4.687965079900573e-09,7.565162584527606e-06,6.262372406917919e-08,-3.42081374862857e-07
C:\Users\damba\.cache\kagglehub\datasets\sunnykusawa\ecommerce-products-image-dataset\versions\1\ecommerce products\jeans\94.jpg,jeans,exito,3982590.0,475214430.0,382657590.0,59714174160.0,49428906240.0,47020483515.0,7843181390400.0,7265603392110.0,6069791922135.0,6110520490515.0,3010181411.5059605,12662171229.715717,1360646947.0822177,-458181761.8163695,83117122623.29254,7586146575.955078,-48951930092.625,0.00018978481974272536,0.0007983199534744594,8.578557245700969e-05,-1.4475174254662858e-08,2.6258898406360694e-06,2.396664441051537e-07,-1.5465210037688272e-06
C:\Users\damba\.cache\kagglehub\datasets\sunnykusawa\ecommerce-products-image-dataset\versions\1\ecommerce products\jeans\95.jpg,jeans,exito,4100655.0,519699945.0,360371865.0,69435155895.0,43955927685.0,46373466660.0,9705131047965.0,6247517161755.0,6270377312760.0,5632499617980.0,3570548208.4223685,12285894218.741997,701436601.3758518,175592123.9621117,225196126883.71158,-9485234262.105469,-61578336091.39453,0.0002123383490809634,0.000730634721367815,4.171401175029072e-05,5.156701007632787e-09,6.613446367712988e-06,-2.785575797669967e-07,-1.8084015421976547e-06
C:\Users\damba\.cache\kagglehub\datasets\sunnykusawa\ecommerce-products-image-dataset\versions\1\ecommerce products\jeans\96.jpg,jeans,exito,7674990.0,963571050.0,1131255990.0,153100956030.0,188825730300.0,135337761855.0,26641942990020.0,33402536122680.0,20834672031255.0,22008194951085.0,32127616859.77273,22084129996.82303,-6687898387.305149,-646448523319.9243,-939638545129.2069,-52370563063.203125,273240639758.5625,0.0005454097224180302,0.0003749079573496927,-0.0001135361150159675,-3.961315214721035e-06,-5.757928637600993e-06,-3.209169806752035e-07,1.674367354104129e-06
C:\Users\damba\.cache\kagglehub\datasets\sunnykusawa\ecommerce-products-image-dataset\versions\1\ecommerce products\jeans\97.jpg,jeans,exito,4329900.0,486749355.0,408432735.0,58358552595.0,54822964845.0,45874567830.0,7376915767965.0,8587564630965.0,5494355395230.0,6151955340300.0,3640213928.306539,16296139971.543287,-39742043.7005282,-1945498503.110536,341820500732.7325,-1580866286.8867188,-3516812471.4804688,0.0001941651015975802,0.0008692186051535378,-2.1197979307766465e-06,-4.986964022946132e-08,8.762003860368517e-06,-4.052289572666189e-08,-9.014767805105276e-08
C:\Users\damba\.cache\kagglehub\datasets\sunnykusawa\ecommerce-products-image-dataset\versions\1\ecommerce products\jeans\98.jpg,jeans,exito,4329900.0,486749355.0,408432735.0,58358552595.0,54822964845.0,45874567830.0,7376915767965.0,8587564630965.0,5494355395230.0,6151955340300.0,3640213928.306539,16296139971.543287,-39742043.7005282,-1945498503.110536,341820500732.7325,-1580866286.8867188,-3516812471.4804688,0.0001941651015975802,0.0008692186051535378,-2.1197979307766465e-06,-4.986964022946132e-08,8.762003860368517e-06,-4.052289572666189e-08,-9.014767805105276e-08
C:\Users\damba\.cache\kagglehub\datasets\sunnykusawa\ecommerce-products-image-dataset\versions\1\ecommerce products\jeans\99.jpg,jeans,exito,2964120.0,345375825.0,279744690.0,41837528955.0,34448848620.0,32970830370.0,5251822757565.0,4905942631050.0,4057384783890.0,4080208506870.0,1594738347.8617518,8047389980.27013,375303502.6264627,5328275594.536039,135787674861.19008,21425348518.791016,-4571406368.640625,0.00018150887882343225,0.0009159325319619014,4.271604684967526e-05,3.5224693709186215e-07,8.976786526156542e-06,1.4164082277592771e-06,-3.0221107429337207e-07
C:\Users\damba\.cache\kagglehub\datasets\sunnykusawa\ecommerce-products-image-dataset\versions\1\ecommerce products\sofa\1.jpg,sofa,exito,3342795.0,397981560.0,364964925.0,55316820540.0,41463166005.0,43364786940.0,8431772592360.0,4878738961005.0,6024664559130.0,4926625796310.0,7934518574.120064,1616451958.7436101,-86669160.89252205,-43368327948.8443,-1158791341.555748,5834866041.503906,9090296346.953125,0.000710069883848739,0.0001446582856754396,-7.756130436060604e-06,-2.1227474050519175e-06,-5.671930253307459e-08,2.855988998016705e-07,4.4494228609433606e-07
C:\Users\damba\.cache\kagglehub\datasets\sunnykusawa\ecommerce-products-image-dataset\versions\1\ecommerce products\sofa\10.jpg,sofa,exito,2194020.0,229151160.0,237000825.0,29133332310.0,26064671235.0,24659090325.0,4173742255950.0,2915968749075.0,3125638757715.0,2698216369065.0,5199979774.769874,463541322.473851,-94108811.61087923,44746308678.73958,285237646.4097598,-1722663682.9111328,-3737996226.0126953,0.001080240585790859,9.629578794844113e-05,-1.9550106382311225e-05,6.275607290754997e-06,4.000418149033577e-08,-2.4160117531957454e-07,-5.242487494823385e-07
C:\Users\damba\.cache\kagglehub\datasets\sunnykusawa\ecommerce-products-image-dataset\versions\1\ecommerce products\sofa\100.jpg,sofa,exito,3565410.0,413383815.0,394243260.0,56636550855.0,45487592580.0,45367268280.0,8543511619425.0,5448142993200.0,6181353102000.0,5209394702160.0,8707651092.012234,1894359808.6139324,-342420888.1004105,-42271647321.67949,-558267359.9011542,-1800010296.6816406,11159351540.439453,0.0006849865790871862,0.00014901964159462573,-2.6936507936458194e-05,-1.761065369628854e-06,-2.3257795160772772e-08,-7.498964434337669e-08,4.649061200721979e-07
C:\Users\damba\.cache\kagglehub\datasets\sunnykusawa\ecommerce-products-image-dataset\versions\1\ecommerce products\sofa\101.jpg,sofa,exito,3123240.0,362103060.0,352526790.0,50272923090.0,40963632990.0,40913683080.0,7709245146030.0,4887850500390.0,5694356459730.0,4765264014810.0,8291318710.777265,1173178952.6208332,42334931.610053614,-41873256413.95651,-640958873.0642635,10127448383.972656,6454173271.509766,0.0008499881930729104,0.00012026895755354104,4.339984178430091e-06,-2.4289766575520388e-06,-3.718063208967536e-08,5.874712843454336e-07,3.74392573276634e-07
C:\Users\damba\.cache\kagglehub\datasets\sunnykusawa\ecommerce-products-image-dataset\versions\1\ecommerce products\sofa\102.jpg,sofa,exito,3102840.0,367144155.0,339828045.0,51702394185.0,38407260795.0,40206947775.0,8019915714045.0,4466120145495.0,5672269115295.0,4554257250015.0,8259989629.604291,1188744800.4524145,-3272676.852809527,-52510079830.41673,-691547293.9660095,10513933154.609375,10427398752.515625,0.0008579475514315207,0.00012347239361775808,-3.399259827677363e-07,-3.096308498882474e-06,-4.077776629937259e-08,6.199644085180374e-07,6.148618223952604e-07
C:\Users\damba\.cache\kagglehub\datasets\sunnykusawa\ecommerce-products-image-dataset\versions\1\ecommerce products\sofa\103.jpg,sofa,exito,1726095.0,192787650.0,190285080.0,26309355210.0,21186752520.0,21271594335.0,4004056074420.0,2382028224270.0,2911596578745.0,2370576345885.0,4776891473.923769,209684820.59388307,18642786.410842545,-1499892706.2340553,164720852.5245408,7083235709.730469,116366758.93847656,0.001603304404388331,7.037811058232023e-05,6.257220145305686e-06,-3.831761388793324e-07,4.2081076866985036e-08,1.8095473754528643e-06,2.9728103349406828e-08
C:\Users\damba\.cache\kagglehub\datasets\sunnykusawa\ecommerce-products-image-dataset\versions\1\ecommerce products\sofa\104.jpg,sofa,exito,2180250.0,231782505.0,240001155.0,30364709205.0,26867364315.0,25250042880.0,4467763991265.0,3056133277665.0,3300089656320.0,2795461809660.0,5723897543.9175415,448121383.53157675,-264493943.20526555,22674214718.012268,-74848311.99203672,13789854456.798828,-2578460932.2597656,0.0012041463153721573,9.4272077492447e-05,-5.564205241362394e-05,3.23047598620568e-06,-1.0663905123303967e-08,1.9646895925604634e-06,-3.6736249641393984e-07
C:\Users\damba\.cache\kagglehub\datasets\sunnykusawa\ecommerce-products-image-dataset\versions\1\ecommerce products\sofa\105.jpg,sofa,exito,3472845.0,370563450.0,381361425.0,48649250370.0,43622960415.0,39833629050.0,7200026244690.0,5177876095005.0,5163859263420.0,4451127439620.0,9108968417.911007,1744749185.2933395,-858830689.7569572,65087719421.73564,4344187383.120787,4848446766.638672,-14958699910.251953,0.0007552633240987614,0.00014466457769379956,-7.120930623806327e-05,2.8959132899408235e-06,1.9328361922251634e-07,2.157193638342588e-07,-6.655494808421432e-07
C:\Users\damba\.cache\kagglehub\datasets\sunnykusawa\ecommerce-products-image-dataset\versions\1\ecommerce products\sofa\106.jpg,sofa,exito,3149760.0,364523520.0,336530895.0,49989453360.0,37262557125.0,39160353570.0,7539276696330.0,4263513084015.0,5375635435890.0,4367101121760.0,7802938630.88083,1306470537.6088927,213441286.47668427,-52108302466.2092,3081464497.9001827,-14808349643.238281,9074585851.875,0.0007865082172842016,0.00013168754261407134,2.1514115855948137e-05,-2.959465399578578e-06,1.7501025997688378e-07,-8.410329317951711e-07,5.153866384640851e-07
C:\Users\damba\.cache\kagglehub\datasets\sunnykusawa\ecommerce-products-image-dataset\versions\1\ecommerce products\sofa\107.jpg,sofa,exito,2944230.0,354770535.0,295324935.0,50086418385.0,30808799865.0,35189371935.0,7752761573565.0,3328269674955.0,4955273808795.0,3638675764875.0,7337675078.877101,1185836566.3602097,-396361920.3001035,-50829611043.22659,57873797.80815212,26809255110.015625,5826668807.173828,0.0008464767025103651,0.00013679851119305966,-4.5724446461542105e-05,-3.4173341960317458e-06,3.890923110464764e-09,1.8024175746629823e-06,3.91733758237365e-07
C:\Users\damba\.cache\kagglehub\datasets\sunnykusawa\ecommerce-products-image-dataset\versions\1\ecommerce products\sofa\108.jpg,sofa,exito,2634660.0,321904350.0,266756775.0,46205627190.0,27906385275.0,32042477880.0,7254840402090.0,3007668586605.0,4570158786600.0,3305162008200.0,6875159293.222997,897519991.2819397,-550025996.9599304,-70613263203.46945,428026300.7158822,26288771498.341797,6922200950.462891,0.0009904524009143672,0.00012929894309650375,-7.923810140534175e-05,-6.267218510030932e-06,3.798910053054794e-08,2.3332369567122096e-06,6.143739002953088e-07
C:\Users\damba\.cache\kagglehub\datasets\sunnykusawa\ecommerce-products-image-dataset\versions\1\ecommerce products\sofa\109.jpg,sofa,exito,2951625.0,355232595.0,309937200.0,50094102555.0,33673628730.0,37317690675.0,7706277131925.0,3773669849970.0,5267029723365.0,4071459983445.0,7341315005.6216,1128482261.922248,16273373.332615137,-89701966072.74059,755788246.2199637,2950598243.669922,15369536875.742188,0.0008426582929151074,0.0001295305998568664,1.8679069052248918e-06,-5.993065325798507e-06,5.049486126529159e-08,1.971320005423369e-07,1.0268519471345613e-06
C:\Users\damba\.cache\kagglehub\datasets\sunnykusawa\ecommerce-products-image-dataset\versions\1\ecommerce products\sofa\11.jpg,sofa,exito,2093805.0,245142975.0,235201800.0,33772622535.0,26831398350.0,27400762095.0,5121084932805.0,3105617933280.0,3774599955585.0,3111191596035.0,5071249583.91304,410653952.4844709,-136696731.08695957,-20503506289.30555,-672426156.50631,12854652517.285156,478716603.7480469,0.0011567580219496284,9.36706517637407e-05,-3.118068587291268e-05,-3.232120578814037e-06,-1.059995489313201e-07,2.026374725784925e-06,7.546366775330861e-08
C:\Users\damba\.cache\kagglehub\datasets\sunnykusawa\ecommerce-products-image-dataset\versions\1\ecommerce products\sofa\110.jpg,sofa,exito,2790975.0,335899770.0,289012155.0,47274229680.0,30887774895.0,34865197830.0,7261080809010.0,3398478700515.0,4916283285990.0,3746354352480.0,6847978822.8433075,959873090.8835086,81971039.46825077,-76810752023.34813,1181208919.9996555,1192644766.1074219,11968434809.332031,0.0008791247682870799,0.00012322587882326403,1.0523217571642007e-05,-5.9024477501396e-06,9.076885395129982e-08,9.164763045526128e-08,9.197027662424264e-07
C:\Users\damba\.cache\kagglehub\datasets\sunnykusawa\ecommerce-products-image-dataset\versions\1\ecommerce products\sofa\111.jpg,sofa,exito,3103860.0,356436705.0,346441470.0,49382374095.0,39815465910.0,40153212900.0,7584319259085.0,4699138984080.0,5613697677480.0,4660884607260.0,8450397565.37011,1146939579.6368697,369055095.79608697,-27414013607.791016,-951679331.5095248,17056128512.019531,6227033530.0625,0.0008771480322069213,0.00011905188928169102,3.830777765771266e-05,-1.6151665570586453e-06,-5.607061597362254e-08,1.0049053290642253e-06,3.6688156835894364e-07
C:\Users\damba\.cache\kagglehub\datasets\sunnykusawa\ecommerce-products-image-dataset\versions\1\ecommerce products\sofa\112.jpg,sofa,exito,2936580.0,340643025.0,329930220.0,47323281225.0,38069835360.0,38673141390.0,7263894785265.0,4502608728150.0,5415002042640.0,4512894652440.0,7808719904.977856,1001562038.9093424,401264519.72386104,-37223389287.862526,337268366.64784765,5050158021.1796875,6631427592.134766,0.0009055160905263435,0.00011614330555186602,4.653150370211824e-05,-2.518902298231679e-06,2.2822910006938043e-08,3.417435888926581e-07,4.487479115135788e-07
C:\Users\damba\.cache\kagglehub\datasets\sunnykusawa\ecommerce-products-image-dataset\versions\1\ecommerce products\sofa\113.jpg,sofa,exito,2455650.0,282367365.0,267437880.0,39221885325.0,29707919730.0,31156331970.0,6029641304115.0,3363173429040.0,4358544068910.0,3507300471480.0,6753362197.908098,582018376.4299068,404502728.5420546,-33453431283.063515,996167122.2654542,-6025230505.052734,3174998329.2578125,0.0011199202756222405,9.65169883455228e-05,6.707929975665889e-05,-3.540173123209422e-06,1.0541830649983133e-07,-6.376134906654001e-07,3.3599075850744884e-07
C:\Users\damba\.cache\kagglehub\datasets\sunnykusawa\ecommerce-products-image-dataset\versions\1\ecommerce products\sofa\114.jpg,sofa,exito,2749665.0,321834735.0,304857345.0,44473480275.0,34678740555.0,35968507350.0,6755730533325.0,4041599470185.0,4988352087240.0,4128613554960.0,6804310884.357784,878986475.7034184,286457776.3688202,-42493221016.76854,1834720628.6612604,-9511741495.160156,6118345191.1796875,0.0008999628383324405,0.00011625793955834807,3.788794454937888e-05,-3.3893794194647662e-06,1.4634250335595845e-07,-7.586833875041585e-07,4.880165065383565e-07
C:\Users\damba\.cache\kagglehub\datasets\sunnykusawa\ecommerce-products-image-dataset\versions\1\ecommerce products\sofa\115.jpg,sofa,exito,3232380.0,371189985.0,360775020.0,51117359415.0,41606771550.0,41531794155.0,7777178590605.0,4940813587800.0,5741073862485.0,4808524142865.0,8491800240.552614,1339657208.2455018,102236286.7497584,-43187295312.15791,-2080982232.7660294,12241071543.33789,7793565291.609375,0.000812746199672413,0.00012821796015239647,9.784986830905232e-06,-2.2990582716691167e-06,-1.1078025101725577e-07,6.516485133506783e-07,4.1488730933385635e-07
C:\Users\damba\.cache\kagglehub\datasets\sunnykusawa\ecommerce-products-image-dataset\versions\1\ecommerce products\sofa\116.jpg,sofa,exito,3584280.0,436567395.0,364682130.0,60899712255.0,39761932230.0,43425229845.0,9220061078085.0,4596208134630.0,5937678802815.0,4660663160925.0,7725548858.980146,2657393538.4533257,-993266337.5391331,-79512118215.31696,9882844681.992544,-16594129684.470703,19756142903.10742,0.0006013474665595246,0.00020684832898869445,-7.731466159892555e-05,-3.2691022233280083e-06,4.0632837167308036e-07,-6.82259603483263e-07,8.122642452316521e-07
C:\Users\damba\.cache\kagglehub\datasets\sunnykusawa\ecommerce-products-image-dataset\versions\1\ecommerce products\sofa\117.jpg,sofa,exito,1718700.0,178218480.0,185847315.0,22871291700.0,20349488835.0,19055488530.0,3329894352630.0,2255823084435.0,2434600872510.0,2061091851210.0,4391145884.261128,253355424.45178232,-215719936.50445023,47614994793.74941,590226834.880255,6208718761.384766,-2370665208.239258,0.0014865438060785827,8.576894206706128e-05,-7.30281215679342e-05,1.2295425105572675e-05,1.524118583863008e-07,1.6032520188827491e-06,-6.121671680224367e-07
C:\Users\damba\.cache\kagglehub\datasets\sunnykusawa\ecommerce-products-image-dataset\versions\1\ecommerce products\sofa\118.jpg,sofa,exito,3465195.0,414562170.0,400859745.0,57970384710.0,48212771205.0,47506534680.0,8880130117380.0,5999381426175.0,6612677505750.0,5675056977000.0,8373812859.033775,1840623270.6225572,-450733454.3608817,-58835955566.057495,-3808212729.9663205,14411158678.730469,11355725756.660156,0.0006973774380802499,0.00015328849146095682,-3.753742135760155e-05,-2.632228660958351e-06,-1.703734833300931e-07,6.447327071824913e-07,5.08037415472995e-07
C:\Users\damba\.cache\kagglehub\datasets\sunnykusawa\ecommerce-products-image-dataset\versions\1\ecommerce products\sofa\119.jpg,sofa,exito,3513645.0,432402225.0,381078375.0,60906719145.0,43553660085.0,46685072070.0,9302214626475.0,5212414490955.0,6532816051890.0,5341655769420.0,7693692733.694754,2223153476.438059,-211850427.68669674,-86821712933.21764,6496010616.947814,-20784088636.46875,27733533623.302734,0.0006231879921412488,0.0001800751081643389,-1.715985382235767e-05,-3.7517479032239087e-06,2.8070621262909703e-07,-8.981239637862287e-07,1.198424024417134e-06
C:\Users\damba\.cache\kagglehub\datasets\sunnykusawa\ecommerce-products-image-dataset\versions\1\ecommerce products\sofa\12.jpg,sofa,exito,2800410.0,330250500.0,309528180.0,45633270000.0,35151018150.0,36455214630.0,6932220054930.0,4092593615640.0,5033893012560.0,4139205346140.0,6687046857.585139,938994119.9071194,-47239013.9628485,-26479339307.57336,-207422439.2714389,1207943378.2988281,4311631465.099609,0.0008526899155869614,0.0001197345904540883,-6.02362024466788e-06,-2.017683744901804e-06,-1.5805261573356736e-08,9.204337354664428e-08,3.285394933796737e-07
C:\Users\damba\.cache\kagglehub\datasets\sunnykusawa\ecommerce-products-image-dataset\versions\1\ecommerce products\sofa\120.jpg,sofa,exito,3787260.0,443727540.0,424267215.0,61569245100.0,49741380945.0,49432845480.0,9418709914560.0,6066253159125.0,6840153418260.0,5778097391280.0,9580701996.423376,2212911887.196672,-275663472.27713645,-39952106154.74473,-1819561161.3997529,7463505397.769531,11999828501.83789,0.0006679548227170323,0.00015428150962765289,-1.9218920056502652e-05,-1.431287493577282e-06,-6.518592847203704e-08,2.6738069559332655e-07,4.2989484442269013e-07
C:\Users\damba\.cache\kagglehub\datasets\sunnykusawa\ecommerce-products-image-dataset\versions\1\ecommerce products\sofa\121.jpg,sofa,exito,4133550.0,486775365.0,464384070.0,67103547075.0,55254566880.0,54452842290.0,10169089341405.0,6893386098300.0,7505889156690.0,6460023096540.0,9779877113.131094,3083294131.4509573,-233982636.37939286,-36559585794.83462,-6979449319.412639,22243298850.94922,5705054434.175781,0.0005723833699039088,0.00018045485285242234,-1.3694218072537717e-05,-1.052430143341032e-06,-2.009153738472802e-07,6.403113626464923e-07,1.6422973962621637e-07
C:\Users\damba\.cache\kagglehub\datasets\sunnykusawa\ecommerce-products-image-dataset\versions\1\ecommerce products\sofa\122.jpg,sofa,exito,2783835.0,328056480.0,299154525.0,45431238090.0,33063134505.0,35337716655.0,6894812598390.0,3751533896415.0,4886908747395.0,3921454736085.0,6771959048.680956,915600679.1893365,84341204.3816978,-55018173288.698006,1743240575.3000095,-15069210433.929688,7056925386.337891,0.000873830786801964,0.00011814602778028766,1.0883104941256186e-05,-4.2549791861829265e-06,1.348182231621784e-07,-1.1654181321529437e-06,5.457664048523014e-07
C:\Users\damba\.cache\kagglehub\datasets\sunnykusawa\ecommerce-products-image-dataset\versions\1\ecommerce products\sofa\123.jpg,sofa,exito,2216970.0,225901440.0,241257540.0,28391964180.0,26746788330.0,24560229375.0,4041790981560.0,3017758813950.0,3094232409975.0,2715634867245.0,5373402542.236023,492395800.17253125,-23064804.378884386,53688149012.8853,-77581810.16881931,9231400132.782227,-4748756887.097656,0.0010932758224321013,0.00010018315567545865,-4.692779440653482e-06,7.336330542480667e-06,-1.0601330348450734e-08,1.2614441732333935e-06,-6.489039169755812e-07
C:\Users\damba\.cache\kagglehub\datasets\sunnykusawa\ecommerce-products-image-dataset\versions\1\ecommerce products\sofa\124.jpg,sofa,exito,2222070.0,269028825.0,241939155.0,37954446075.0,26837999025.0,29314020720.0,5844974716635.0,3029979568845.0,4146985398180.0,3258892581030.0,5382786009.889257,495644948.79446894,22141260.24271142,-53619486975.598274,-75580714.65761985,9141006989.44336,4760614604.814453,0.0010901635142887124,0.00010038185397385763,4.484219516181701e-06,-7.284979169703743e-06,-1.026872808691097e-08,1.2419373862811595e-06,6.467980241370772e-07
C:\Users\damba\.cache\kagglehub\datasets\sunnykusawa\ecommerce-products-image-dataset\versions\1\ecommerce products\sofa\125.jpg,sofa,exito,2974830.0,349930125.0,313400355.0,48366582105.0,34190434425.0,37499501085.0,7339596402195.0,3852484442385.0,5234090016765.0,4162308941055.0,7204198915.871334,1173494796.8108158,634125450.0244288,-44642890852.621086,3242079553.662481,-10546886126.63086,6867025231.597656,0.0008140693254394365,0.00013260407281951445,7.165572236048258e-05,-2.9248050794242524e-06,2.1240673633241654e-07,-6.90985407220061e-07,4.4989717050843966e-07
C:\Users\damba\.cache\kagglehub\datasets\sunnykusawa\ecommerce-products-image-dataset\versions\1\ecommerce products\sofa\126.jpg,sofa,exito,2889150.0,349757490.0,304945575.0,48880834740.0,33393766485.0,36467979420.0,7448240469270.0,3776657764785.0,5069707209720.0,3953018469060.0,6539557267.00618,1207205139.2475746,-448414293.93203735,-52566459621.15631,-2843144771.674533,18975423409.945312,5062828806.958984,0.0007834443748495893,0.00014462417515704486,-5.372040366641429e-05,-3.704959818685611e-06,-2.0038894028010078e-07,1.3374151841890244e-06,3.5683546949617516e-07
C:\Users\damba\.cache\kagglehub\datasets\sunnykusawa\ecommerce-products-image-dataset\versions\1\ecommerce products\sofa\127.jpg,sofa,exito,2023935.0,214814295.0,226300770.0,27981885675.0,25663302000.0,24018078210.0,4083651078525.0,2949630942330.0,3142567260390.0,2723158432380.0,5182150833.541639,360098832.60929596,-796094.5143016948,13703575355.410532,-368089029.065624,14018048413.93164,-488232606.24316406,0.0012650769069663178,8.790803895767954e-05,-1.943441667670148e-07,2.351486503646848e-06,-6.316281419553347e-08,2.4054490012939285e-06,-8.377903973562905e-08
C:\Users\damba\.cache\kagglehub\datasets\sunnykusawa\ecommerce-products-image-dataset\versions\1\ecommerce products\sofa\128.jpg,sofa,exito,3101565.0,363156720.0,339362415.0,49851032730.0,38441637855.0,39962501205.0,7513636024050.0,4494780729225.0,5501603856675.0,4559103376095.0,7329659397.131463,1309787091.0688121,227160651.86672613,-39766102166.38575,2006249325.3055289,-6117790940.578125,8330237479.3125,0.0007619421858412483,0.00013615667319359905,2.361409640510636e-05,-2.347257881689089e-06,1.1842208023690815e-07,-3.611124103567946e-07,4.91705611423652e-07
C:\Users\damba\.cache\kagglehub\datasets\sunnykusawa\ecommerce-products-image-dataset\versions\1\ecommerce products\sofa\129.jpg,sofa,exito,3384870.0,400623615.0,371020155.0,55648706865.0,42331776075.0,43822156725.0,8458593998535.0,5005825656495.0,6070323452805.0,5008079692785.0,8232031809.335171,1663757682.4992516,-90736749.1837387,-76469031605.9836,1049287754.5708799,-7927492625.457031,17702267641.84375,0.0007184938455673639,0.00014521319682408694,-7.919526717738828e-06,-3.627693660120867e-06,4.977824950775744e-08,-3.76080540501772e-07,8.397962252872879e-07
C:\Users\damba\.cache\kagglehub\datasets\sunnykusawa\ecommerce-products-image-dataset\versions\1\ecommerce products\sofa\13.jpg,sofa,exito,2373030.0,280062165.0,267168600.0,39783004665.0,30607001280.0,31640451765.0,6271050128475.0,3563914146030.0,4527124225425.0,3638527437495.0,6730402605.823661,527709898.9555103,109532840.2417779,-12720690647.486082,-813106468.2740879,22283718185.333984,1662116029.4433594,0.0011951834942019782,9.371061404452697e-05,1.945081897727191e-05,-1.4664005661533663e-06,-9.373231520693588e-08,2.56879582001576e-06,1.9160342422681293e-07
C:\Users\damba\.cache\kagglehub\datasets\sunnykusawa\ecommerce-products-image-dataset\versions\1\ecommerce products\sofa\130.jpg,sofa,exito,3220650.0,359950350.0,342094485.0,48634730670.0,37760938815.0,38363061645.0,7301732299050.0,4318518090045.0,5180902603815.0,4250624807715.0,8405505369.168642,1423976814.3432288,129466063.72921234,-12697249625.1128,5078831838.330574,-13972918695.132812,2835573994.8867188,0.0008103577089447618,0.00013728271390965399,1.2481560380001003e-05,-6.821043675234493e-07,2.728380933765927e-07,-7.506341255313767e-07,1.5232884785715654e-07
C:\Users\damba\.cache\kagglehub\datasets\sunnykusawa\ecommerce-products-image-dataset\versions\1\ecommerce products\sofa\131.jpg,sofa,exito,2992170.0,337964505.0,331488780.0,44905596645.0,37978761090.0,37751431140.0,6568642511745.0,4489327801320.0,5022939124440.0,4362746060910.0,6732629654.523177,1254640713.85546,309894915.20197403,-24324277887.802,3843414141.4228973,-21950841791.748047,4395242931.033203,0.0007519902279710634,0.00014013507423508572,3.461321354179108e-05,-1.57063147193954e-06,2.4817128130424303e-07,-1.4173774495058856e-06,2.838031577398797e-07
C:\Users\damba\.cache\kagglehub\datasets\sunnykusawa\ecommerce-products-image-dataset\versions\1\ecommerce products\sofa\132.jpg,sofa,exito,2105535.0,239771400.0,232322595.0,32901258210.0,26028018555.0,26540044785.0,5007790757130.0,2958939771135.0,3657846010545.0,2983246149285.0,5596879865.322755,393779206.0772666,83911852.14302863,-13604842873.652716,136223613.077424,8443359607.300781,743513783.5351562,0.0012624699656953087,8.882349322308072e-05,1.8927723239657237e-05,-2.114887974545977e-06,2.117611234633082e-08,1.3125296531597039e-06,1.1558004559926989e-07
C:\Users\damba\.cache\kagglehub\datasets\sunnykusawa\ecommerce-products-image-dataset\versions\1\ecommerce products\sofa\133.jpg,sofa,exito,2747625.0,337501680.0,306457980.0,46658638260.0,35391656040.0,37261628670.0,6969077184750.0,4218119820780.0,5098222591350.0,4273048152390.0,5201967861.811602,1210683925.6538289,-381820890.768445,-40145174413.68575,621829088.3086563,-12075082649.697266,10923861895.9375,0.00068905318775352,0.00016036731492670057,-5.0576033709531983e-05,-3.208039454795218e-06,4.969095983684283e-08,-9.649314550477129e-07,8.729362986390415e-07
C:\Users\damba\.cache\kagglehub\datasets\sunnykusawa\ecommerce-products-image-dataset\versions\1\ecommerce products\sofa\134.jpg,sofa,exito,2203710.0,258505485.0,242546310.0,35870467245.0,27145985220.0,28437661965.0,5498130240555.0,3086702632530.0,3949753278465.0,3182080813695.0,5546565381.739759,450679351.8884545,-14154064.110159416,-10919353323.973646,-264243335.24987698,5072870500.439453,845513652.7597656,0.0011421292445394139,9.280230778428497e-05,-2.914555123161314e-06,-1.5146448513540295e-06,-3.66537097359163e-08,7.036677866451005e-07,1.172828520980652e-07
C:\Users\damba\.cache\kagglehub\datasets\sunnykusawa\ecommerce-products-image-dataset\versions\1\ecommerce products\sofa\135.jpg,sofa,exito,2448510.0,298644780.0,247454550.0,42048672270.0,25729508160.0,30586511775.0,6434190640290.0,2748445879680.0,4343962664265.0,3227449055055.0,5622966587.258905,720929752.845243,404478765.2312029,-66152718799.74208,2417250596.194246,-4284317934.220703,7464850121.7578125,0.0009379112361411473,0.00012025113526268229,6.746708748909286e-05,-7.051686439744348e-06,2.57671847203253e-07,-4.566957674370814e-07,7.957312009756543e-07
C:\Users\damba\.cache\kagglehub\datasets\sunnykusawa\ecommerce-products-image-dataset\versions\1\ecommerce products\sofa\136.jpg,sofa,exito,1960185.0,208282725.0,216167325.0,27082328805.0,24166975515.0,22927599270.0,3945230413335.0,2737323925395.0,2986924421010.0,2557996966770.0,4950900631.931832,328249885.70703906,-41620220.487187125,15420016613.58766,-185161690.01481223,9155982484.579102,-725629217.2304688,0.0012885168043122288,8.543001065687958e-05,-1.083203996279663e-05,2.86643559280553e-06,-3.441981107950282e-08,1.70201075255491e-06,-1.3488762480425762e-07
C:\Users\damba\.cache\kagglehub\datasets\sunnykusawa\ecommerce-products-image-dataset\versions\1\ecommerce products\sofa\137.jpg,sofa,exito,2088705.0,228340515.0,233881920.0,30512934075.0,26569978470.0,25618314390.0,4549726925625.0,3060208096830.0,3440505804120.0,2916752495910.0,5550389919.427418,381142563.1168347,49975126.20314701,450284762.70503175,-311357967.7026642,12905306010.761719,888779245.3769531,0.0012722406886104928,8.736414630281563e-05,1.145512115311838e-05,7.14158295292691e-08,-4.938183430959047e-08,2.0468006257883345e-06,1.4096170320240694e-07
C:\Users\damba\.cache\kagglehub\datasets\sunnykusawa\ecommerce-products-image-dataset\versions\1\ecommerce products\sofa\138.jpg,sofa,exito,2714985.0,342347190.0,295826520.0,48867594120.0,33603327780.0,36634117530.0,7530854809290.0,3965130355530.0,5159382695580.0,4100570962710.0,5699179377.047054,1369879000.2423222,-668253514.2152728,-68406188144.0714,5164244298.352148,3265485468.8515625,8971702693.539062,0.0007731743844376888,0.0001858434842447896,-9.065805185612954e-05,-5.632183608171204e-06,4.251950426547979e-07,2.688618417335538e-07,7.386799092139661e-07
C:\Users\damba\.cache\kagglehub\datasets\sunnykusawa\ecommerce-products-image-dataset\versions\1\ecommerce products\sofa\139.jpg,sofa,exito,3426180.0,410465085.0,373410525.0,56533607865.0,42716293635.0,44222374125.0,8478109253085.0,5093089609395.0,6042198820935.0,5019510565545.0,7358845884.001563,2019243222.9446967,-513157249.3059687,-57977806036.5574,-2593330866.2979755,3701741066.3710938,13845229213.158203,0.0006268871336712624,0.00017201577749697224,-4.371496321718318e-05,-2.6683103328713383e-06,-1.193527665178265e-07,1.7036508643987064e-07,6.371984505096281e-07
C:\Users\damba\.cache\kagglehub\datasets\sunnykusawa\ecommerce-products-image-dataset\versions\1\ecommerce products\sofa\14.jpg,sofa,exito,2178465.0,255360315.0,242389485.0,35569927305.0,27415265475.0,28432573695.0,5474100198765.0,3149123553405.0,3978081676245.0,3219030072975.0,5636515257.113425,445512718.5567118,19606196.19337412,-16845244126.890543,-409386737.41819495,15755152836.00586,1041489683.15625,0.0011877075393664659,9.387694179407576e-05,4.131351726189419e-06,-2.4049211530658496e-06,-5.844633756479538e-08,2.249293630871824e-06,1.486888851746583e-07
C:\Users\damba\.cache\kagglehub\datasets\sunnykusawa\ecommerce-products-image-dataset\versions\1\ecommerce products\sofa\140.jpg,sofa,exito,3210960.0,370453545.0,350124690.0,50732911215.0,39521996610.0,40610116290.0,7662132071505.0,4604562915870.0,5573408018160.0,4613833125690.0,7993098510.05599,1344224682.7271318,215675810.35340112,-35357204267.95386,1914701031.549914,-8299804105.529297,7082931936.902344,0.0007752564256147862,0.00013037732757117072,2.0918553376490168e-05,-1.913774127191131e-06,1.0363673744441249e-07,-4.4924226014988344e-07,3.8337680159246124e-07
C:\Users\damba\.cache\kagglehub\datasets\sunnykusawa\ecommerce-products-image-dataset\versions\1\ecommerce products\sofa\141.jpg,sofa,exito,4001715.0,476574855.0,447958245.0,66890280375.0,52821421395.0,52904070975.0,10282447895145.0,6508787529135.0,7382946223185.0,6220283013345.0,10133716647.130571,2676273811.1565704,-444464754.53832585,-97395435541.87866,-3297680751.25305,1008440896.7773438,29147977641.222656,0.0006328145356532173,0.0001671237738394295,-2.775524193653407e-05,-3.0403474402651345e-06,-1.0294214687887233e-07,3.148002452186101e-08,9.098986899883141e-07
C:\Users\damba\.cache\kagglehub\datasets\sunnykusawa\ecommerce-products-image-dataset\versions\1\ecommerce products\sofa\142.jpg,sofa,exito,4015485.0,473849925.0,442827645.0,65897369535.0,51556100175.0,51909333825.0,10047404495535.0,6283167226125.0,7187554629975.0,6032456972295.0,9980400246.7308,2721071983.8235793,-346831089.3694094,-84344827055.86473,-2598558786.0349693,2249444796.1015625,25042821282.16992,0.000618973338059429,0.00016875786213874303,-2.1510078936973713e-05,-2.610438297170827e-06,-8.042434384295473e-08,6.961940699962395e-08,7.750651939908796e-07
C:\Users\damba\.cache\kagglehub\datasets\sunnykusawa\ecommerce-products-image-dataset\versions\1\ecommerce products\sofa\143.jpg,sofa,exito,3432045.0,396907245.0,380128755.0,54680474415.0,43711283235.0,44228527275.0,8314403498325.0,5199751481655.0,6112564795935.0,5123678999865.0,8779164515.657183,1608726194.5620031,267606922.16955408,-39829752688.06576,1986928299.0832908,-5668186040.9921875,9301077510.857422,0.0007453276628356079,0.00013657656518418294,2.271911427374972e-05,-1.8252618467563026e-06,9.105415353592664e-08,-2.5975365204915416e-07,4.2623668912154567e-07
C:\Users\damba\.cache\kagglehub\datasets\sunnykusawa\ecommerce-products-image-dataset\versions\1\ecommerce products\sofa\144.jpg,sofa,exito,2147610.0,225782610.0,243022650.0,29212306320.0,27926079690.0,25736916420.0,4247707161210.0,3255731238930.0,3360503487240.0,2977321228110.0,5475321030.113989,425738188.0408452,187450638.91474843,25294660531.038795,-724977842.4809885,15436979122.21875,-1028035258.4423828,0.0011871312920258487,9.230639125157386e-05,4.064209531131426e-05,3.7423147514126977e-06,-1.0725960409845174e-07,2.283882585237311e-06,-1.5209658607279586e-07
C:\Users\damba\.cache\kagglehub\datasets\sunnykusawa\ecommerce-products-image-dataset\versions\1\ecommerce products\sofa\145.jpg,sofa,exito,2012205.0,200402970.0,215704755.0,24770404200.0,23526700605.0,21575195550.0,3506795710710.0,2608736233095.0,2672030704410.0,2355958492560.0,4811528049.299201,403539033.6839437,92357794.83969018,81423249943.72261,198948500.56750312,-1708562706.9296875,-6954186098.123047,0.0011883341399813606,9.966463992900622e-05,2.28102007463894e-05,1.4176462498392846e-05,3.463858246085811e-08,-2.9747492463985896e-07,-1.210781422935413e-06
C:\Users\damba\.cache\kagglehub\datasets\sunnykusawa\ecommerce-products-image-dataset\versions\1\ecommerce products\sofa\146.jpg,sofa,exito,2922045.0,334960860.0,313641585.0,45211986030.0,34790415255.0,36268185390.0,6727818270810.0,3980330997075.0,4896276893280.0,4054733429550.0,6814638373.841522,1125278735.4350295,314716143.85112154,-17293451801.630314,4488942731.670308,-28765034495.777344,-934280542.4277344,0.0007981215085528565,0.0001317911696261555,3.685914199946016e-05,-1.1848529063542355e-06,3.075578492418656e-07,-1.970823125114245e-06,-6.401180219794832e-08
C:\Users\damba\.cache\kagglehub\datasets\sunnykusawa\ecommerce-products-image-dataset\versions\1\ecommerce products\sofa\147.jpg,sofa,exito,3316275.0,386227590.0,360112275.0,53615998590.0,40633156305.0,42728512980.0,8194818425730.0,4748060240145.0,6009803864460.0,4916621637840.0,8634279258.156864,1528784500.5882344,788295084.1176481,-60700691167.39887,3711087433.8165975,4058909733.1152344,13109261454.05664,0.0007851000716336251,0.0001390097291317414,7.167830788244773e-05,-3.030869893618308e-06,1.8529975457315602e-07,2.0266700550553959e-07,6.545636483627183e-07
C:\Users\damba\.cache\kagglehub\datasets\sunnykusawa\ecommerce-products-image-dataset\versions\1\ecommerce products\sofa\148.jpg,sofa,exito,3454995.0,416231910.0,372189075.0,58245960660.0,41979818955.0,44903663745.0,8888575563360.0,4932671543115.0,6275194072785.0,5095101799605.0,8101458887.2772875,1885779007.2270997,65112728.75156666,-80467479588.677,4107920233.501462,-15036220294.710938,23659230899.867188,0.0006786852114186219,0.0001579777595636051,5.45470225716988e-06,-3.626618231683469e-06,1.8514135759279045e-07,-6.776729050686081e-07,1.066306519946488e-06
C:\Users\damba\.cache\kagglehub\datasets\sunnykusawa\ecommerce-products-image-dataset\versions\1\ecommerce products\sofa\149.jpg,sofa,exito,3245130.0,345479610.0,350150955.0,45254265540.0,39221659395.0,36497466090.0,6683225635920.0,4546470929055.0,4722043135590.0,3994336913640.0,8474179403.003298,1440217268.671613,-779935855.2310258,61075398476.54968,3636466981.1580477,5153388037.78125,-12927208981.179688,0.0008046989883563817,0.0001367614873367801,-7.406187240558608e-05,3.2194824410232443e-06,1.9168997477264646e-07,2.7165180601787294e-07,-6.814351336950484e-07
C:\Users\damba\.cache\kagglehub\datasets\sunnykusawa\ecommerce-products-image-dataset\versions\1\ecommerce products\sofa\15.jpg,sofa,exito,3587850.0,400692210.0,394433235.0,54529062810.0,45118173825.0,44243302485.0,8261021770530.0,5348245139505.0,6020935834125.0,5083588757685.0,9779631491.889128,1755832346.7985039,192875452.2089563,-13185623176.26259,2083921946.3431365,-16842230194.078125,2369153120.390625,0.0007597206560973743,0.0001364000375283133,1.4983331960799742e-05,-5.407729572784785e-07,8.546646742417554e-08,-6.907388833629693e-07,9.71644587466754e-08
C:\Users\damba\.cache\kagglehub\datasets\sunnykusawa\ecommerce-products-image-dataset\versions\1\ecommerce products\sofa\150.jpg,sofa,exito,3960660.0,457174710.0,440889900.0,62578014900.0,51663385560.0,50265168285.0,9442157167620.0,6323933627070.0,6826242502455.0,5837542346895.0,9806831444.822304,2584720912.6912227,-626277124.2067982,-45139509674.74734,-2542157940.2068515,4809052933.515625,13524432283.914062,0.0006251634602375872,0.00016477014809708278,-3.992375888579998e-05,-1.4458989139001059e-06,-8.142984784710538e-08,1.540425331059443e-07,4.332116607231695e-07
C:\Users\damba\.cache\kagglehub\datasets\sunnykusawa\ecommerce-products-image-dataset\versions\1\ecommerce products\sofa\151.jpg,sofa,exito,2180505.0,254245965.0,240012885.0,35387249385.0,26866220895.0,28249986300.0,5441743602195.0,3055662864885.0,3970743387990.0,3193465142070.0,5742276904.413519,447485342.4453274,264584955.23856825,-23488917017.125835,-71326106.19900197,13891589142.232422,2628223915.1464844,0.0012077302869847276,9.4116255633296e-05,5.564818089432661e-05,-3.3455711963285115e-06,-1.0159113179703694e-08,1.9786055045278337e-06,3.7434293891050374e-07
C:\Users\damba\.cache\kagglehub\datasets\sunnykusawa\ecommerce-products-image-dataset\versions\1\ecommerce products\sofa\152.jpg,sofa,exito,3895380.0,451466535.0,436921590.0,62347356435.0,51415660710.0,50460617115.0,9507353452905.0,6303963412740.0,6956439873075.0,5931625038045.0,10023313023.341516,2408766438.29144,-177697068.4662203,-41939754909.42048,-3379222029.288856,4497431948.144531,12518092356.996094,0.0006605590288803493,0.00015874316361985953,-1.1710639257457822e-05,-1.4003974550149192e-06,-1.1283456329124874e-07,1.5017236671713825e-07,4.17987771178925e-07
C:\Users\damba\.cache\kagglehub\datasets\sunnykusawa\ecommerce-products-image-dataset\versions\1\ecommerce products\sofa\153.jpg,sofa,exito,2341410.0,273161865.0,245417865.0,38079856095.0,26237815215.0,28788771975.0,5855533364955.0,2858037513495.0,4034585061255.0,3098122118775.0,6211279258.70126,514029777.52504814,156963915.87398967,-36358171566.63683,130195501.5429,6571986083.277344,4168460130.658203,0.0011329901072182256,9.376339856811385e-05,2.863155180574654e-05,-4.334194158777777e-06,1.5520378445108314e-08,7.834349876891878e-07,4.969148549256389e-07
C:\Users\damba\.cache\kagglehub\datasets\sunnykusawa\ecommerce-products-image-dataset\versions\1\ecommerce products\sofa\154.jpg,sofa,exito,3017160.0,360230595.0,338652750.0,50444619945.0,39222465450.0,40150879140.0,7743605176365.0,4675304034120.0,5585417203890.0,4632519296190.0,7435272885.495691,1211327465.0862088,-282204167.11206776,-54629258797.59486,963084078.7580132,-9212221469.800781,12945381676.841797,0.0008167708497650602,0.00013306531962427895,-3.100036016552983e-05,-3.4548520547231964e-06,6.090716003847392e-08,-5.825973658443194e-07,8.186890957301798e-07
C:\Users\damba\.cache\kagglehub\datasets\sunnykusawa\ecommerce-products-image-dataset\versions\1\ecommerce products\sofa\155.jpg,sofa,exito,3064590.0,373447500.0,339549840.0,52594443600.0,38964191250.0,41192726010.0,8086135925310.0,4612385289240.0,5794859966730.0,4715658859200.0,7086550127.708442,1342814868.811785,-184436636.03094977,-50082079038.3125,-2323383821.070258,12461633510.652344,8396565932.228516,0.0007545536135726972,0.00014297871225934922,-1.9638234075026242e-05,-3.0461507977305747e-06,-1.413155686802324e-07,7.57956051114821e-07,5.107057555076506e-07
C:\Users\damba\.cache\kagglehub\datasets\sunnykusawa\ecommerce-products-image-dataset\versions\1\ecommerce products\sofa\156.jpg,sofa,exito,2888385.0,324108315.0,315917205.0,44259128805.0,35479871505.0,35812158435.0,6720299489475.0,4084299415005.0,4911298222905.0,4062031401795.0,7890639198.476204,926416749.1374564,362800751.7065387,-16889358320.103971,1033569307.7933127,-10965861849.375,1439974819.6757812,0.0009458059106135447,0.00011104429121468393,4.348685660413246e-05,-1.1911746634672103e-06,7.289569852486601e-08,-7.734016029791222e-07,1.0155871458934126e-07
C:\Users\damba\.cache\kagglehub\datasets\sunnykusawa\ecommerce-products-image-dataset\versions\1\ecommerce products\sofa\157.jpg,sofa,exito,2759865.0,334220085.0,286169415.0,47082272565.0,30642042105.0,34365494985.0,7249928434245.0,3376550914935.0,4830107326035.0,3657088739595.0,6608167774.58191,969237789.773631,-289666120.9599918,-52242479657.49907,-1711313900.121927,18320544558.78125,6403380656.863281,0.000867571711984114,0.00012724908284381586,-3.802962349589517e-05,-4.128613088955959e-06,-1.3524153167453017e-07,1.447834033875682e-06,5.060456809633513e-07
C:\Users\damba\.cache\kagglehub\datasets\sunnykusawa\ecommerce-products-image-dataset\versions\1\ecommerce products\sofa\158.jpg,sofa,exito,3191325.0,366184335.0,356623110.0,50019186615.0,41310572220.0,40610154795.0,7504247989695.0,4943202441570.0,5489839184835.0,4688518679565.0,8001852999.842593,1458773175.3799472,-310088796.9192926,-71460854401.07434,813561041.3331472,-28526563100.414062,17695509069.003906,0.0007856850691072754,0.00014323386134846257,-3.0446964951957863e-05,-3.927720889126834e-06,4.471595985530144e-08,-1.5679126526481411e-06,9.726027095054586e-07
C:\Users\damba\.cache\kagglehub\datasets\sunnykusawa\ecommerce-products-image-dataset\versions\1\ecommerce products\sofa\159.jpg,sofa,exito,2949330.0,339713295.0,297479940.0,46653800145.0,31076449140.0,34485875895.0,7061360986815.0,3353004524760.0,4757124779205.0,3633303162735.0,7524532548.713038,1071561690.1711897,221181671.63323525,-45773061407.99881,2359991873.8527308,503317098.3984375,9199669717.121094,0.0008650332245603346,0.0001231885779167299,2.5427426007914165e-05,-3.0640901520234415e-06,1.57979991660856e-07,3.36925020330444e-08,6.158342159122676e-07
C:\Users\damba\.cache\kagglehub\datasets\sunnykusawa\ecommerce-products-image-dataset\versions\1\ecommerce products\sofa\16.jpg,sofa,exito,2517105.0,303669810.0,265626360.0,42449988720.0,28755989940.0,32156827530.0,6483476318130.0,3187802249460.0,4508635378770.0,3497427233070.0,5814507281.825551,724833859.1652328,111002555.59821793,-40749191785.44064,243965165.7630393,2167736112.7773438,4805188685.591797,0.0009177201217470798,0.00011440257707797992,1.7519847151322195e-05,-4.053831271750965e-06,2.4270263405358532e-08,2.1565179719761764e-07,4.780321598249657e-07
C:\Users\damba\.cache\kagglehub\datasets\sunnykusawa\ecommerce-products-image-dataset\versions\1\ecommerce products\sofa\160.jpg,sofa,exito,3437910.0,392372835.0,369777030.0,52923073575.0,41531727600.0,42336497400.0,7865779626825.0,4850267781840.0,5702962521030.0,4778946368760.0,8141086365.929018,1759001753.3021827,133396801.38629399,-32699009990.729702,4778583199.321893,-19822405659.390625,10183996587.375,0.0006888003443662067,0.00014882547106807943,1.1286425251151907e-05,-1.49210142756581e-06,2.1805341554596337e-07,-9.045240143524391e-07,4.647099667743939e-07
C:\Users\damba\.cache\kagglehub\datasets\sunnykusawa\ecommerce-products-image-dataset\versions\1\ecommerce products\sofa\161.jpg,sofa,exito,3372120.0,398572395.0,366585450.0,54780208995.0,41651195100.0,43380062460.0,8214020140695.0,4922298396330.0,5960780611710.0,4952003647740.0,7670392601.741152,1799442448.3439186,50987344.44872866,-74027911411.74478,3131540428.72442,-6466064419.369141,17897203474.26953,0.0006745459692008409,0.0001582457004956634,4.483904470592239e-06,-3.545177171500343e-06,1.49968645985369e-07,-3.0965812126588284e-07,8.570923585534335e-07
C:\Users\damba\.cache\kagglehub\datasets\sunnykusawa\ecommerce-products-image-dataset\versions\1\ecommerce products\sofa\162.jpg,sofa,exito,3422865.0,409154640.0,380344485.0,57015493350.0,44061127425.0,45084794070.0,8702928176010.0,5293197919245.0,6256318754760.0,5195298355710.0,8106897938.3990135,1797723151.1197152,-379958655.0301747,-50587802869.2225,-2341049178.0650983,11665587954.074219,12860727690.046875,0.0006919507179365204,0.00015344165357952547,-3.243073566882047e-05,-2.3338416765008218e-06,-1.0800307245267582e-07,5.381857642342553e-07,5.933229073172604e-07
C:\Users\damba\.cache\kagglehub\datasets\sunnykusawa\ecommerce-products-image-dataset\versions\1\ecommerce products\sofa\163.jpg,sofa,exito,2095590.0,245380125.0,235361430.0,33808263375.0,26845754850.0,27421697085.0,5126816098605.0,3106917166950.0,3777741339855.0,3113044285785.0,5075827285.394863,411670543.6018486,-137614189.42808628,-20607853851.170757,-674483414.5525206,12870520778.105469,490524797.3144531,0.0011558306353089062,9.374263527807801e-05,-3.1336506750704285e-05,-3.241656343976118e-06,-1.0609758082919623e-07,2.024558482990783e-06,7.716052494237094e-08
C:\Users\damba\.cache\kagglehub\datasets\sunnykusawa\ecommerce-products-image-dataset\versions\1\ecommerce products\sofa\164.jpg,sofa,exito,2324325.0,273630300.0,240979335.0,38296874100.0,25494078135.0,28501669770.0,5899970382270.0,2748786486495.0,4009961970810.0,3033030583920.0,6083848349.259462,510033349.0762459,132466784.25123382,-40952529530.18805,-123838002.12244444,8262937746.154297,4282124276.7089844,0.001126120003761423,9.440714561041043e-05,2.4519594673562285e-05,-4.972085619395217e-06,-1.5035289798979433e-08,1.0032111425822114e-06,5.198967873521272e-07
C:\Users\damba\.cache\kagglehub\datasets\sunnykusawa\ecommerce-products-image-dataset\versions\1\ecommerce products\sofa\165.jpg,sofa,exito,3161745.0,374668440.0,352079520.0,52272193980.0,40543623000.0,41479535220.0,8015556852420.0,4810475979420.0,5778293631120.0,4759276774950.0,7873787425.381081,1337428824.495525,-242072472.69779697,-44821412424.97713,-2164484003.22269,14838597776.060547,8748676898.826172,0.0007876440647713995,0.00013378794965589332,-2.4215404361863174e-05,-2.5215549508449945e-06,-1.2176915137349674e-07,8.347871622397248e-07,4.921814899185347e-07
C:\Users\damba\.cache\kagglehub\datasets\sunnykusawa\ecommerce-products-image-dataset\versions\1\ecommerce products\sofa\166.jpg,sofa,exito,3079125.0,368666250.0,335553990.0,51697027710.0,37840711230.0,40005060705.0,7920968028090.0,4402947982380.0,5577567395835.0,4509367953225.0,7556304650.993793,1273023914.636025,-171103356.4906795,-78206523469.50682,1717715499.8368106,-15249996648.708984,15960157649.535156,0.0007969935735534071,0.00013427090698510621,-1.8046953085534248e-05,-4.700831463092871e-06,1.0324830599871308e-07,-9.166455799082218e-07,9.593318805957446e-07
C:\Users\damba\.cache\kagglehub\datasets\sunnykusawa\ecommerce-products-image-dataset\versions\1\ecommerce products\sofa\167.jpg,sofa,exito,2958000.0,336935325.0,324581340.0,46273990395.0,36618811410.0,37275646785.0,7041019680165.0,4238709213360.0,5149828077885.0,4242880244535.0,7894878416.346985,1002500971.7999988,303733572.75000226,-28442403297.107975,518174069.4720138,2988676379.8984375,5103495503.753906,0.0009022961552273849,0.00011457462987573136,3.471334458277986e-05,-1.8900394365644338e-06,3.443342730488485e-08,1.9860193114240231e-07,3.3913476528915335e-07
C:\Users\damba\.cache\kagglehub\datasets\sunnykusawa\ecommerce-products-image-dataset\versions\1\ecommerce products\sofa\168.jpg,sofa,exito,1787295.0,184099545.0,192972780.0,23272010175.0,21106861020.0,19764165915.0,3318233016735.0,2337445706760.0,2500617623355.0,2147883561195.0,4308916522.745044,271747722.5709793,-112911453.52903275,33433570077.588078,-125581174.79381612,11218500536.40039,-1837573814.9228516,0.0013488870948604498,8.506941225219943e-05,-3.534642681595052e-05,7.828745093453203e-06,-2.9405863738620566e-08,2.626904061589302e-06,-4.302830045983879e-07
C:\Users\damba\.cache\kagglehub\datasets\sunnykusawa\ecommerce-products-image-dataset\versions\1\ecommerce products\sofa\169.jpg,sofa,exito,1981095.0,206540055.0,217783260.0,26503125375.0,24299884830.0,22605680130.0,3833214944085.0,2750054723640.0,2908162317030.0,2509162885770.0,4970188125.95186,358807629.6498914,-99423107.59299707,33779364058.153973,-137834767.34412855,15384668237.204102,-2374507590.741211,0.001266374694823296,9.14220731657175e-05,-2.5332422907503617e-05,6.1148838816230325e-06,-2.4951434719399907e-08,2.784997955137299e-06,-4.29843444311677e-07
C:\Users\damba\.cache\kagglehub\datasets\sunnykusawa\ecommerce-products-image-dataset\versions\1\ecommerce products\sofa\17.jpg,sofa,exito,2258025.0,257828460.0,233401755.0,35739005820.0,24576348945.0,26878977270.0,5489794206150.0,2634300675165.0,3742480136970.0,2855831460300.0,6299334077.671369,450673083.5369821,228424219.01637188,-29554800634.5559,787426855.9753679,-3862445408.2304688,2403607146.1035156,0.0012354840678175138,8.83902024624738e-05,4.4800685250005046e-05,-3.857502082651443e-06,1.0277520645188077e-07,-5.041276167146921e-07,3.1371957762859483e-07
C:\Users\damba\.cache\kagglehub\datasets\sunnykusawa\ecommerce-products-image-dataset\versions\1\ecommerce products\sofa\170.jpg,sofa,exito,1784490.0,216528915.0,192626235.0,30556834365.0,21065098395.0,23487009345.0,4713552757335.0,2332483666605.0,3337362927015.0,2582460784215.0,4283349486.3639636,272117537.5700205,113860901.97985345,-33672626155.272346,-129319297.168679,11283031704.964844,1853387389.1533203,0.001345102170758559,8.545319303319777e-05,3.5755790393755083e-05,-7.915743121863496e-06,-3.040031188440321e-08,2.652409117141545e-06,4.356933257948998e-07
C:\Users\damba\.cache\kagglehub\datasets\sunnykusawa\ecommerce-products-image-dataset\versions\1\ecommerce products\sofa\171.jpg,sofa,exito,3072495.0,367729890.0,334847130.0,51543881340.0,37757789310.0,39907042530.0,7894424969970.0,4392465840690.0,5561625477450.0,4497977658360.0,7532329816.104244,1265427086.7134252,-168953779.7468637,-77581964059.41861,1722603672.9564543,-15295567523.792969,15783111873.28711,0.000797897232024475,0.0001340462771105327,-1.789721858857988e-05,-4.688487990840804e-06,1.0410160056593853e-07,-9.243525285525668e-07,9.53816152673437e-07
C:\Users\damba\.cache\kagglehub\datasets\sunnykusawa\ecommerce-products-image-dataset\versions\1\ecommerce products\sofa\172.jpg,sofa,exito,3198210.0,378888945.0,346918065.0,52673800365.0,39047085885.0,40931340300.0,8013407914635.0,4543996365195.0,5660689922550.0,4604710340550.0,7787181711.686733,1415991046.5296605,-167718126.2107313,-71888165348.49876,1266142053.992611,-13233869517.240234,15224259063.439453,0.0007613184508319351,0.0001384352067087373,-1.6397062345618677e-05,-3.929976541059116e-06,6.921735372877029e-08,-7.234681327317745e-07,8.322785911182407e-07
C:\Users\damba\.cache\kagglehub\datasets\sunnykusawa\ecommerce-products-image-dataset\versions\1\ecommerce products\sofa\173.jpg,sofa,exito,2994210.0,351936210.0,321478755.0,48729888510.0,35641590975.0,38017023585.0,7413604107420.0,4070042859705.0,5280122435205.0,4246766877015.0,7363686436.944306,1125444840.8444064,230757882.12059593,-45093869149.8167,1648356522.5574963,-6095965777.53125,7941290495.404297,0.0008213547517601802,0.0001255335185422595,2.5739021427495434e-05,-2.9067779634396576e-06,1.062540541762678e-07,-3.929496253501716e-07,5.119003680217102e-07
C:\Users\damba\.cache\kagglehub\datasets\sunnykusawa\ecommerce-products-image-dataset\versions\1\ecommerce products\sofa\174.jpg,sofa,exito,2796840.0,332116590.0,296369670.0,46232018160.0,32334365160.0,35309650335.0,7052059342380.0,3623513637000.0,4926770791605.0,3871902491445.0,6794142073.692555,929286107.9595146,116616704.25054318,-51427026199.49557,228226882.94292304,57554587.986328125,7576178511.671875,0.0008685591100280308,0.00011879938719798589,1.4908210596662496e-05,-3.931174808742743e-06,1.7446075326671293e-08,4.399576703924601e-09,5.791367752062377e-07
C:\Users\damba\.cache\kagglehub\datasets\sunnykusawa\ecommerce-products-image-dataset\versions\1\ecommerce products\sofa\175.jpg,sofa,exito,2110380.0,223477665.0,237075795.0,29050016415.0,27035932065.0,25197083970.0,4233309410625.0,3127231667745.0,3297257046960.0,2883284490000.0,5384957632.291566,403319656.39016515,92057816.12312749,16597087624.987722,-546146786.7511657,14340478411.413086,-355579026.2109375,0.0012090965051419296,9.055825881936836e-05,2.0669946050829986e-05,2.5652531572689474e-06,-8.441268737633448e-08,2.216470645502892e-06,-5.4958450558093015e-08
C:\Users\damba\.cache\kagglehub\datasets\sunnykusawa\ecommerce-products-image-dataset\versions\1\ecommerce products\sofa\176.jpg,sofa,exito,2111910.0,247493820.0,236939370.0,34364380890.0,26988681330.0,27681767250.0,5265100821000.0,3118440850530.0,3850154810070.0,3144253011840.0,5360687106.556385,405983650.6495996,-85055100.23907505,-18479330641.81916,-569037339.9351633,14681927617.9375,546113632.9199219,0.0012019036271145066,9.102438037619311e-05,-1.9069949700459536e-05,-2.8510032977452695e-06,-8.779145544503552e-08,2.265137459106393e-06,8.425477083433331e-08
C:\Users\damba\.cache\kagglehub\datasets\sunnykusawa\ecommerce-products-image-dataset\versions\1\ecommerce products\sofa\177.jpg,sofa,exito,2159085.0,228465210.0,243724920.0,29759962170.0,27945347490.0,25904279295.0,4350223636680.0,3251700707910.0,3400683932865.0,2982457594425.0,5584743417.452465,432842596.02574724,114342803.36896439,19243076817.88481,-587476923.1056466,17078792607.142578,-415272568.7363281,0.001198019106731397,9.285183964326297e-05,2.4528407648088062e-05,2.8093132209852806e-06,-8.576625779358387e-08,2.4933475204504855e-06,-6.062599701203712e-08
C:\Users\damba\.cache\kagglehub\datasets\sunnykusawa\ecommerce-products-image-dataset\versions\1\ecommerce products\sofa\178.jpg,sofa,exito,2162655.0,253248915.0,244316775.0,35225244315.0,28036230765.0,28494237795.0,5410957894365.0,3265093643745.0,3969237620895.0,3257349305985.0,5569560468.673505,435579460.7463733,-115484137.09232424,-18352464809.524376,-596085718.1689126,16861664123.71875,373228871.5625,0.0011908208666699005,9.313070822501396e-05,-2.469152116983126e-05,-2.6682486040347727e-06,-8.666437461652792e-08,2.4515024127149797e-06,5.426341507083501e-08
C:\Users\damba\.cache\kagglehub\datasets\sunnykusawa\ecommerce-products-image-dataset\versions\1\ecommerce products\sofa\179.jpg,sofa,exito,2708355.0,341562810.0,295101810.0,48755627190.0,33517634010.0,36542905560.0,7513426543080.0,3954286837530.0,5145859294860.0,4089080088960.0,5679607548.890879,1363400807.4559839,-673708753.7388175,-67926143152.62681,5100502895.138025,3384943692.2402344,8835101975.34375,0.0007742962379943403,0.00018587131364345203,-9.184616173448293e-05,-5.6269490508999125e-06,4.225217065603302e-07,2.804061118795357e-07,7.318929997697347e-07
C:\Users\damba\.cache\kagglehub\datasets\sunnykusawa\ecommerce-products-image-dataset\versions\1\ecommerce products\sofa\18.jpg,sofa,exito,3143385.0,372635325.0,332071200.0,51373935825.0,36502069860.0,39547381605.0,7731732723165.0,4158572416110.0,5466424874205.0,4378596297615.0,7199555200.973473,1421644818.3840356,181710669.0058405,-65390587221.22341,2078463723.2671425,-3865321406.626953,13034196481.044922,0.0007286358125810077,0.00014387851728739703,1.8390150123136333e-05,-3.7326846122551225e-06,1.1864474516374592e-07,-2.206437707483064e-07,7.440297863255064e-07
C:\Users\damba\.cache\kagglehub\datasets\sunnykusawa\ecommerce-products-image-dataset\versions\1\ecommerce products\sofa\180.jpg,sofa,exito,2769045.0,327683415.0,304398855.0,45843970125.0,34337712225.0,35990004615.0,7030489003815.0,3967938552465.0,5024884567635.0,4066311430935.0,7066550304.786814,875394738.1729479,-31965533.00764243,-67081227077.472145,759038749.8957635,-7140142930.457031,9881050828.765625,0.0009216105291456322,0.00011416787160099494,-4.168904277047281e-06,-5.257459845536531e-06,5.948930755506989e-08,-5.596053677568472e-07,7.74422744293937e-07
C:\Users\damba\.cache\kagglehub\datasets\sunnykusawa\ecommerce-products-image-dataset\versions\1\ecommerce products\sofa\181.jpg,sofa,exito,2767260.0,327430965.0,304075005.0,45805644645.0,34286228745.0,35946983820.0,7024294046055.0,3960206592405.0,5018558131620.0,4059646562490.0,7062976142.282065,873535804.781147,-32133545.021657,-67002260269.02524,757178370.8900521,-7102120450.9921875,9853283773.927734,0.0009223331290306534,0.00011407245273290481,-4.196224442731335e-06,-5.259743186761471e-06,5.94392452054818e-08,-5.575234253841228e-07,7.734924462108408e-07
C:\Users\damba\.cache\kagglehub\datasets\sunnykusawa\ecommerce-products-image-dataset\versions\1\ecommerce products\sofa\182.jpg,sofa,exito,1888785.0,226814085.0,210976290.0,31819508175.0,23883800820.0,25279132770.0,4885751115225.0,2738381327010.0,3552299659500.0,2857248404520.0,4582618240.789792,317860312.12636775,-55881100.3159184,-35887588089.95514,-436308074.9269259,11498274952.646484,1654329567.578125,0.0012845429481014316,8.909867699406623e-05,-1.566389988675785e-05,-7.319610286739121e-06,-8.898912530475553e-08,2.3451810529084567e-06,3.374160361557099e-07
C:\Users\damba\.cache\kagglehub\datasets\sunnykusawa\ecommerce-products-image-dataset\versions\1\ecommerce products\sofa\183.jpg,sofa,exito,3095190.0,359931990.0,335290830.0,49639175670.0,37534788750.0,39257995875.0,7549060278270.0,4330010858190.0,5438472742695.0,4429199920005.0,7783574745.546222,1213935851.7647069,267854503.8235322,-33622004827.022396,999200594.811199,-1057373418.53125,6340733063.464844,0.0008124646481811585,0.00012671298175466987,2.7959173301091354e-05,-1.9948273878215867e-06,5.928357701189238e-08,-6.273502919568389e-08,3.7620207477037954e-07
C:\Users\damba\.cache\kagglehub\datasets\sunnykusawa\ecommerce-products-image-dataset\versions\1\ecommerce products\sofa\184.jpg,sofa,exito,3092895.0,359748645.0,335114115.0,49618732065.0,37521078165.0,39244315380.0,7546311082725.0,4328938633425.0,5436959914140.0,4428175406250.0,7774735557.088797,1211578465.7754185,265672784.1070995,-33698193630.59226,994427840.0800669,-1015940706.8046875,6357520854.890625,0.0008127468094171098,0.00012665466563935017,2.777261117712632e-05,-2.003058716831328e-06,5.9109914767770294e-08,-6.038866388082844e-08,3.778982252112429e-07
C:\Users\damba\.cache\kagglehub\datasets\sunnykusawa\ecommerce-products-image-dataset\versions\1\ecommerce products\sofa\185.jpg,sofa,exito,3592950.0,409796220.0,409660050.0,56462942520.0,48503043060.0,46307624385.0,8637877030350.0,5937076510410.0,6360746953755.0,5441855150925.0,9723371435.991478,1794528728.8786354,-416415742.196598,-20050893785.831764,-2347222931.535591,17958809837.32422,4766987452.880859,0.0007532073150475862,0.0001390106481637877,-3.2257060751836355e-05,-8.19418571303586e-07,-9.592380677059794e-08,7.339215127462982e-07,1.9481216597047156e-07
C:\Users\damba\.cache\kagglehub\datasets\sunnykusawa\ecommerce-products-image-dataset\versions\1\ecommerce products\sofa\186.jpg,sofa,exito,3098760.0,379690410.0,319555545.0,53819526330.0,34340410635.0,39396746475.0,8295522379050.0,3831958713615.0,5597460972465.0,4276310091735.0,7296140380.146477,1386665801.5030453,241672865.2904858,-86961931756.33525,4652911340.68543,-11831069074.53125,18742418881.75,0.0007598315084772865,0.00014440955255972908,2.5168191430550753e-05,-5.14469135512619e-06,2.7526749081041487e-07,-6.999292398447383e-07,1.1088065599240615e-06
C:\Users\damba\.cache\kagglehub\datasets\sunnykusawa\ecommerce-products-image-dataset\versions\1\ecommerce products\sofa\187.jpg,sofa,exito,2828205.0,334279245.0,302470800.0,46525287795.0,33302653200.0,35762478825.0,7109103229725.0,3765770652750.0,4982953768095.0,3946570118055.0,7015205025.975114,954013390.4246686,11990208.175546857,-48267949778.12921,59700979.71355367,4334051682.464844,7803605758.017578,0.0008770383756721721,0.00011927040638291976,1.499011456303247e-06,-3.5882412779242874e-06,4.438173171336151e-09,3.221935719077131e-07,5.801203578415509e-07
C:\Users\damba\.cache\kagglehub\datasets\sunnykusawa\ecommerce-products-image-dataset\versions\1\ecommerce products\sofa\188.jpg,sofa,exito,3682200.0,428824065.0,409683255.0,59108508615.0,47663456835.0,47616957840.0,8955501542715.0,5767727813475.0,6546863608170.0,5548301287320.0,9168234126.073755,2081910632.350762,-94203631.81890471,-63636416657.428986,1401163734.102076,-7634419889.324219,18441417974.51367,0.0006761934316850559,0.00015354912141120659,-6.947889440962588e-06,-2.4458920336569833e-06,5.38543085092026e-08,-2.9343209076984745e-07,7.088035386407321e-07
C:\Users\damba\.cache\kagglehub\datasets\sunnykusawa\ecommerce-products-image-dataset\versions\1\ecommerce products\sofa\189.jpg,sofa,exito,3126810.0,374189550.0,324376320.0,51782034000.0,35128598040.0,38906862405.0,7802753174790.0,3955437292980.0,5377335221775.0,4240092453465.0,7002268254.974719,1477689613.602999,88312761.28771825,-70014027298.151,4592695163.074721,-15687397394.664062,17882779788.128906,0.0007162023802058774,0.0001511402848235771,9.0327601762303e-06,-4.049779046277884e-06,2.656524892955699e-07,-9.073966419472425e-07,1.0343828182710278e-06
C:\Users\damba\.cache\kagglehub\datasets\sunnykusawa\ecommerce-products-image-dataset\versions\1\ecommerce products\sofa\19.jpg,sofa,exito,3341265.0,406783395.0,363556560.0,57016479945.0,41388386490.0,43945885275.0,8694685019745.0,4905261589800.0,6110628470775.0,4992021691515.0,7492503113.552622,1830502778.5812454,-315426459.12500894,-71159350616.08281,3524671968.6543584,-16420661898.339844,21820988143.851562,0.0006711275841089898,0.000163964016948072,-2.825376169596883e-05,-3.487021880568975e-06,1.727195114923949e-07,-8.046617463087851e-07,1.0692939501902836e-06
C:\Users\damba\.cache\kagglehub\datasets\sunnykusawa\ecommerce-products-image-dataset\versions\1\ecommerce products\sofa\190.jpg,sofa,exito,2181015.0,229456905.0,246345045.0,29467684995.0,28290128655.0,26104600410.0,4241815906155.0,3299706083535.0,3381441670860.0,3018103484700.0,5327332337.095757,465523507.3728533,187506035.23149827,20684838087.857758,-817679628.6697868,13621048275.9375,-558802630.3769531,0.0011199341441692611,9.786430390121125e-05,3.9418305036332627e-05,2.9444588863165244e-06,-1.163955955840937e-07,1.938937905468721e-06,-7.954480299637056e-08
C:\Users\damba\.cache\kagglehub\datasets\sunnykusawa\ecommerce-products-image-dataset\versions\1\ecommerce products\sofa\191.jpg,sofa,exito,2316675.0,248003820.0,257338860.0,32490077850.0,29141491800.0,27753435510.0,4755797674290.0,3360103206090.0,3670193722290.0,3166027449600.0,5940866271.080902,556002309.199777,204892743.12713218,5723331720.660028,-489142567.0301498,17291195521.302734,864007694.7304688,0.0011069284567340732,0.0001035968072634485,3.8176521334903275e-05,7.006258194263958e-07,-5.987874346068968e-08,2.116714288504959e-06,1.0576813098672462e-07
C:\Users\damba\.cache\kagglehub\datasets\sunnykusawa\ecommerce-products-image-dataset\versions\1\ecommerce products\sofa\192.jpg,sofa,exito,3267315.0,386254110.0,352034640.0,53302191510.0,39490562760.0,41639641560.0,8046202353600.0,4593978018360.0,5735791349550.0,4688947899900.0,7640160915.492859,1560829091.8567116,22954291.594474386,-61457193179.409065,2753156502.292887,-12644347153.53711,15522293915.03125,0.0007156826559535619,0.00014620874119083095,2.150214970021505e-06,-3.1848956318506237e-06,1.4267680745451954e-07,-6.552679016651836e-07,8.044117137267527e-07
C:\Users\damba\.cache\kagglehub\datasets\sunnykusawa\ecommerce-products-image-dataset\versions\1\ecommerce products\sofa\193.jpg,sofa,exito,3425415.0,410126190.0,373230240.0,56462208120.0,42684100140.0,44169615900.0,8464654623570.0,5087887946250.0,6031694143620.0,5011569137010.0,7357649482.89585,2017257713.4742782,-517377157.4793449,-57454316454.42213,-2531784065.872931,3512553133.1601562,13732155889.873047,0.0006270652062685854,0.00017192340123530576,-4.4094138315182395e-05,-2.645694376189336e-06,-1.165852677077708e-07,1.617483706004962e-07,6.323473996877751e-07
C:\Users\damba\.cache\kagglehub\datasets\sunnykusawa\ecommerce-products-image-dataset\versions\1\ecommerce products\sofa\194.jpg,sofa,exito,3106410.0,359541075.0,345127455.0,49688861655.0,39531898515.0,39964994850.0,7578132421035.0,4654434734415.0,5539800433410.0,4586545352310.0,8074977907.472914,1187648981.043756,19367523.692746125,-42162134375.61869,-1526348095.7364187,14799803932.759766,6753947699.0625,0.0008368040849986443,0.00012307519974291968,2.0070423879921125e-06,-2.4789949900199855e-06,-8.974425366248084e-08,8.701798508522772e-07,3.9710993660024494e-07
C:\Users\damba\.cache\kagglehub\datasets\sunnykusawa\ecommerce-products-image-dataset\versions\1\ecommerce products\sofa\195.jpg,sofa,exito,2341410.0,273161865.0,245417865.0,38079856095.0,26237815215.0,28788771975.0,5855533364955.0,2858037513495.0,4034585061255.0,3098122118775.0,6211279258.70126,514029777.52504814,156963915.87398967,-36358171566.63683,130195501.5429,6571986083.277344,4168460130.658203,0.0011329901072182256,9.376339856811385e-05,2.863155180574654e-05,-4.334194158777777e-06,1.5520378445108314e-08,7.834349876891878e-07,4.969148549256389e-07
C:\Users\damba\.cache\kagglehub\datasets\sunnykusawa\ecommerce-products-image-dataset\versions\1\ecommerce products\sofa\196.jpg,sofa,exito,2760375.0,319361490.0,301744050.0,43957740990.0,33829701990.0,35061244890.0,6677551932840.0,3883367519160.0,4837903030740.0,3951874922580.0,7009224467.781065,845244548.3833727,150977478.2771383,-30001352184.863873,559453120.0962799,-2171082382.9140625,4941210569.630859,0.0009198855512669394,0.00011092928339205533,1.9814175087736075e-05,-2.3698486759847607e-06,4.4191982673521216e-08,-1.7149682717296082e-07,3.903131183570261e-07
C:\Users\damba\.cache\kagglehub\datasets\sunnykusawa\ecommerce-products-image-dataset\versions\1\ecommerce products\sofa\197.jpg,sofa,exito,2869260.0,336905490.0,316100550.0,46831167690.0,35785874310.0,37176914865.0,7159867063770.0,4154262789630.0,5176593778035.0,4223216957895.0,7272079565.4870205,961718356.7916815,60720903.13543925,-46759228908.392586,-95461164.89662251,3039525301.0546875,7898255078.1796875,0.0008833215260953024,0.00011681755114820476,7.375617983889474e-06,-3.353069698071111e-06,-6.845449483021384e-09,2.1796210975706826e-07,5.663780260826159e-07
C:\Users\damba\.cache\kagglehub\datasets\sunnykusawa\ecommerce-products-image-dataset\versions\1\ecommerce products\sofa\198.jpg,sofa,exito,2472735.0,279459090.0,274514130.0,37275977520.0,31158944700.0,31269297990.0,5478302733660.0,3611919314340.0,4188289427610.0,3578878142730.0,5692575746.810351,683375110.1907785,244756758.55315894,-21192696509.03976,1033860090.3682623,-5278237681.910156,3068883551.8007812,0.0009310085428928196,0.00011176453224086237,4.002944243147331e-05,-2.204155746743108e-06,1.0752707464769928e-07,-5.489654378948793e-07,3.19180587232105e-07
C:\Users\damba\.cache\kagglehub\datasets\sunnykusawa\ecommerce-products-image-dataset\versions\1\ecommerce products\sofa\199.jpg,sofa,exito,2428110.0,298507335.0,268811310.0,43056098475.0,30380021190.0,33075621345.0,6757118020455.0,3501099706350.0,4762457444775.0,3751253178645.0,6358160964.425016,620446712.7662262,28458009.74795227,-99439788397.52144,410083062.98890686,-11196172174.925781,10088720514.558594,0.0010784370586968371,0.00010523683369098846,4.82689452196386e-06,-1.0824037732734426e-05,4.463761054682487e-08,-1.2187052289283487e-06,1.0981589289797397e-06
C:\Users\damba\.cache\kagglehub\datasets\sunnykusawa\ecommerce-products-image-dataset\versions\1\ecommerce products\sofa\2.jpg,sofa,exito,1482060.0,152394885.0,157696845.0,19399065075.0,16936160835.0,16086532200.0,2795000068665.0,1835634218055.0,2042184458520.0,1712590835460.0,3728848636.9588795,156614174.97677395,-128865664.21455461,33416050719.942867,233321570.17767522,4551419290.59082,-1469907991.9521484,0.0016976305518812628,7.130163602325417e-05,-5.866858914324774e-05,1.2496565109634228e-05,8.725502057809886e-08,1.70208945344247e-06,-5.496999355354442e-07
C:\Users\damba\.cache\kagglehub\datasets\sunnykusawa\ecommerce-products-image-dataset\versions\1\ecommerce products\sofa\20.jpg,sofa,exito,3341520.0,406780845.0,363741180.0,57016161705.0,41428604580.0,43961189100.0,8694088113705.0,4912417284540.0,6112592187780.0,4995762936510.0,7496585027.645375,1833556210.457873,-318942265.87454253,-71987451108.74092,3522735095.688283,-16249395933.457031,21877427537.703125,0.0006713907314293796,0.00016421245683420892,-2.8564323672656463e-05,-3.5269283292594223e-06,1.7259166721560443e-07,-7.9611729500593e-07,1.0718551326048598e-06
C:\Users\damba\.cache\kagglehub\datasets\sunnykusawa\ecommerce-products-image-dataset\versions\1\ecommerce products\sofa\21.jpg,sofa,exito,2999820.0,339066615.0,332076045.0,46898738865.0,37758616275.0,37827257175.0,7219653404205.0,4401579412425.0,5250938432355.0,4335411756915.0,8574382934.458096,998244098.3887309,293038288.28757566,-19571159043.940475,742741708.1998252,-6932612816.746094,2715728798.5214844,0.000952823550335664,0.00011092932205138181,3.256371733858188e-05,-1.2556787813827953e-06,4.765405058231812e-08,-4.44794035651441e-07,1.7424021850915534e-07
C:\Users\damba\.cache\kagglehub\datasets\sunnykusawa\ecommerce-products-image-dataset\versions\1\ecommerce products\sofa\22.jpg,sofa,exito,3585300.0,427435335.0,422084415.0,58957625115.0,52082431395.0,49460167710.0,8865010349595.0,6684043238085.0,6767002645380.0,6016338169590.0,7999276969.360236,2391958244.666073,-860249918.5956669,-71178952317.53099,-10626435288.168745,31250467828.117188,9678937824.78125,0.0006222999010884111,0.00018608124018768094,-6.692272830455724e-05,-2.924407160003787e-06,-4.365900653244615e-07,1.2839342094039964e-06,3.9766186708890857e-07
C:\Users\damba\.cache\kagglehub\datasets\sunnykusawa\ecommerce-products-image-dataset\versions\1\ecommerce products\sofa\23.jpg,sofa,exito,2908020.0,343245300.0,323385390.0,47978021520.0,36997574640.0,37818013170.0,7355232460320.0,4342771470780.0,5262404018520.0,4298317242750.0,7463397833.749566,1035610669.5142074,-352465439.5580456,-69676187821.44774,-1860899186.002347,10230034299.765625,9736263488.09961,0.0008825550696592384,0.00012246211001106208,-4.167942906044247e-05,-4.831599287031341e-06,-1.2904149123896952e-07,7.09387639801944e-07,6.751477828838816e-07
C:\Users\damba\.cache\kagglehub\datasets\sunnykusawa\ecommerce-products-image-dataset\versions\1\ecommerce products\sofa\24.jpg,sofa,exito,2853450.0,343880760.0,311408295.0,48162457920.0,35018460225.0,37711245180.0,7378914795330.0,4047685350675.0,5302817059080.0,4268165943810.0,6720001560.793569,1033240159.8833792,182176454.4557665,-45046066381.74345,458973755.06517315,2747718772.248047,8186888860.658203,0.0008253322964194303,0.00012689974342931922,2.237441615888135e-05,-3.2751500743661515e-06,3.3370459371410135e-08,1.9977751808563487e-07,5.952415341571132e-07
C:\Users\damba\.cache\kagglehub\datasets\sunnykusawa\ecommerce-products-image-dataset\versions\1\ecommerce products\sofa\25.jpg,sofa,exito,2573205.0,302164290.0,284717955.0,41701237830.0,32224580775.0,33440275680.0,6333866776710.0,3725227136595.0,4615361227470.0,3788840786820.0,6218927578.3083935,721333307.5879514,6639913.387176455,-23535992810.904823,40131513.79980627,-323821080.2832031,3328720914.845703,0.000939218689715479,0.0001089399603822323,1.0027984202743325e-06,-2.2158816252756245e-06,3.77832729377296e-09,-3.0487313088572744e-08,3.1339453449610795e-07
C:\Users\damba\.cache\kagglehub\datasets\sunnykusawa\ecommerce-products-image-dataset\versions\1\ecommerce products\sofa\26.jpg,sofa,exito,2410515.0,288118125.0,255156570.0,40757454015.0,27638789040.0,30303795060.0,6333449512815.0,3058764584670.0,4287437489250.0,3267790485750.0,6319977395.47445,630089565.3379859,-193933653.50365198,-48905006874.148,-233843038.95685986,19560887297.14453,5305421851.111328,0.0010876667398718436,0.00010843827761934354,-3.337593973180939e-05,-5.420991526857073e-06,-2.592088650681189e-08,2.1682729657621384e-06,5.880920735843968e-07
C:\Users\damba\.cache\kagglehub\datasets\sunnykusawa\ecommerce-products-image-dataset\versions\1\ecommerce products\sofa\27.jpg,sofa,exito,2991150.0,343705830.0,332479455.0,47032426950.0,38033928045.0,38258860740.0,7100276532990.0,4467428931975.0,5239939774650.0,4388425605900.0,7538019255.304353,1077376886.717395,54448711.60870057,-36457389135.2174,280501384.22150475,-434114621.7207031,5934268859.322266,0.0008425212382987031,0.00012041796100120093,6.0857095709924895e-06,-2.3560802697580344e-06,1.812756735137951e-08,-2.805491340194738e-08,3.8350562414198324e-07
C:\Users\damba\.cache\kagglehub\datasets\sunnykusawa\ecommerce-products-image-dataset\versions\1\ecommerce products\sofa\28.jpg,sofa,exito,2969985.0,345757305.0,329022930.0,47510026905.0,37556763120.0,38724210750.0,7181718443445.0,4406898878940.0,5361504392610.0,4471979083890.0,7257933389.085604,1106717592.569762,420286130.85086524,-39161742855.53705,1049296185.1913112,358711225.859375,6605437451.912109,0.0008228192930539379,0.00012546664984525765,4.764710814060696e-05,-2.576180992775892e-06,6.902595980096703e-08,2.3597137782227264e-08,4.345261771254392e-07
C:\Users\damba\.cache\kagglehub\datasets\sunnykusawa\ecommerce-products-image-dataset\versions\1\ecommerce products\sofa\29.jpg,sofa,exito,2020110.0,244106655.0,224938560.0,34682491095.0,25431882870.0,26998147950.0,5402127866055.0,2917026647940.0,3836456458440.0,3033980853150.0,5185058274.366957,385050878.2403443,-183044887.08154175,-41952580524.302635,-555409978.9767176,18810560978.246094,1599373370.9140625,0.001270584651302285,9.435568704816104e-05,-4.485465962358192e-05,-7.233044439690168e-06,-9.575823489234e-08,3.243128832381102e-06,2.757479640799945e-07
C:\Users\damba\.cache\kagglehub\datasets\sunnykusawa\ecommerce-products-image-dataset\versions\1\ecommerce products\sofa\3.jpg,sofa,exito,4124880.0,474779910.0,459843795.0,65063427480.0,54080246745.0,52803618570.0,9842847574260.0,6660978877215.0,7208101723920.0,6211932697410.0,10415543677.414686,2816618275.807676,-125095866.33716863,-43740647160.73418,4088307844.566498,-16405995041.191406,15106228145.851562,0.0006121520484335806,0.00016554091659467786,-7.35225094345522e-06,-1.265776147832942e-06,1.1830832167696075e-07,-4.7476017280438075e-07,4.371472420258679e-07
C:\Users\damba\.cache\kagglehub\datasets\sunnykusawa\ecommerce-products-image-dataset\versions\1\ecommerce products\sofa\30.jpg,sofa,exito,3442500.0,398812095.0,367510335.0,54673110015.0,40950738405.0,43157374530.0,8248557745125.0,4742279811915.0,5962146556440.0,4878808781790.0,8470906059.070001,1716505628.8744438,581465558.1766672,-47999155144.98743,4012068381.8175855,-9305577752.611328,10533116068.011719,0.0007147957599146472,0.0001448429408652634,4.906548515858718e-05,-2.1829747930170373e-06,1.8246663131701124e-07,-4.2321248378331187e-07,4.790402414154478e-07
C:\Users\damba\.cache\kagglehub\datasets\sunnykusawa\ecommerce-products-image-dataset\versions\1\ecommerce products\sofa\31.jpg,sofa,exito,2154495.0,252025425.0,240550425.0,35013211815.0,27286030455.0,28154298825.0,5371026300945.0,3141711584685.0,3926811146745.0,3196275186735.0,5532143236.7806835,428457349.6177059,15536333.299798124,-18961185269.37993,-462065104.4026864,13934075914.519531,979785659.2324219,0.0011917974040799523,9.230316988873043e-05,3.3470141504136873e-06,-2.7829266220780955e-06,-6.781713600215152e-08,2.0450995159672156e-06,1.438028032673409e-07
C:\Users\damba\.cache\kagglehub\datasets\sunnykusawa\ecommerce-products-image-dataset\versions\1\ecommerce products\sofa\32.jpg,sofa,exito,3975195.0,477829455.0,431259315.0,66784738935.0,49660627035.0,51363138870.0,10194273762585.0,6013477811895.0,7124691307050.0,5891486163030.0,9348314290.272633,2874344406.2813516,-475425892.2628088,-80823497450.72102,2254816032.271948,-6328875752.671875,25296790727.19336,0.0005915840142184001,0.00018189548931655947,-3.008610419750817e-05,-2.5653199931762763e-06,7.156736383560236e-08,-2.0087712131681425e-07,8.029145615138983e-07
C:\Users\damba\.cache\kagglehub\datasets\sunnykusawa\ecommerce-products-image-dataset\versions\1\ecommerce products\sofa\33.jpg,sofa,exito,1970640.0,204375870.0,219663375.0,26068923360.0,24819318555.0,22893182940.0,3749815596510.0,2840596221885.0,2938872013950.0,2596802355240.0,4873019370.3027935,333873056.89246845,111805634.77872555,35431417599.4453,-396878827.74108285,9829451314.740234,-2144701880.6777344,0.001254826119400998,8.597393125627828e-05,2.8790493153290276e-05,6.499355522718673e-06,-7.28013942340682e-08,1.8030635807456778e-06,-3.934129921176562e-07
C:\Users\damba\.cache\kagglehub\datasets\sunnykusawa\ecommerce-products-image-dataset\versions\1\ecommerce products\sofa\34.jpg,sofa,exito,2949840.0,341086215.0,322512015.0,46565638485.0,36362423955.0,37047059430.0,6990800621745.0,4218160810755.0,5018308631970.0,4157768281260.0,7126277006.741441,1101528510.0401955,-244591130.15689898,-41528956282.59438,1718231253.2839022,-16243944421.708984,6711139665.8046875,0.0008189658247072036,0.00012658983138182366,-2.8108895631690617e-05,-2.778784485611037e-06,1.1497024670755917e-07,-1.086914403459046e-06,4.4905560971015775e-07
C:\Users\damba\.cache\kagglehub\datasets\sunnykusawa\ecommerce-products-image-dataset\versions\1\ecommerce products\sofa\35.jpg,sofa,exito,2034645.0,241063485.0,223301715.0,33666316095.0,24881242755.0,26649576720.0,5168017738905.0,2812739742915.0,3751171992510.0,2992787790030.0,5105263036.434387,373942502.6507046,192927218.79621246,-30483465866.054813,-49801614.59348673,10587498814.861328,2526074936.6777344,0.0012332207740591583,9.032907007561344e-05,4.6603250881097575e-05,-5.162293939450734e-06,-8.433771091531415e-09,1.7929647897013898e-06,4.2778407788371186e-07
C:\Users\damba\.cache\kagglehub\datasets\sunnykusawa\ecommerce-products-image-dataset\versions\1\ecommerce products\sofa\36.jpg,sofa,exito,3396345.0,382183545.0,373356720.0,52044948435.0,42544053630.0,42192919905.0,7865211894825.0,5007339718740.0,5761905417855.0,4831919396835.0,9038639573.925222,1501332596.3127909,179875058.50401893,-25494591386.078175,435665595.29697156,175730413.63867188,4979742974.966797,0.0007835730129600226,0.00013015273994790218,1.5593634461866916e-05,-1.1992743837259608e-06,2.049386006616648e-08,8.266419348596033e-09,2.3424882936849733e-07
C:\Users\damba\.cache\kagglehub\datasets\sunnykusawa\ecommerce-products-image-dataset\versions\1\ecommerce products\sofa\37.jpg,sofa,exito,4076685.0,462923175.0,440317680.0,62400795765.0,50554702170.0,49603191855.0,9298331145795.0,6119391842340.0,6620123139825.0,5667630034935.0,9834098570.56859,2996536817.3709917,-396564916.55188286,-20916911183.033974,11736860043.324913,-29646327492.445312,12615200169.804688,0.0005917254468228117,0.00018030397747755513,-2.3861622980188047e-05,-6.233466988060652e-07,3.4977119223461746e-07,-8.834927974035018e-07,3.759466831318663e-07
C:\Users\damba\.cache\kagglehub\datasets\sunnykusawa\ecommerce-products-image-dataset\versions\1\ecommerce products\sofa\38.jpg,sofa,exito,2725185.0,341096925.0,259537470.0,49024934475.0,25809441990.0,32050828620.0,7647327547725.0,2668789955310.0,4580319313620.0,3157499661060.0,6331644938.893046,1091964705.3382614,-434097335.2212979,-73859687433.51318,2795246656.4808326,20016461458.43164,9752902391.97461,0.0008525592548567287,0.00014703361045949535,-5.845142995593565e-05,-6.024451200897874e-06,2.2799754049325688e-07,1.6326659299705981e-06,7.955068125689253e-07
C:\Users\damba\.cache\kagglehub\datasets\sunnykusawa\ecommerce-products-image-dataset\versions\1\ecommerce products\sofa\39.jpg,sofa,exito,2718300.0,342780945.0,296138640.0,48928477665.0,33637588560.0,36675842670.0,7540290382785.0,3969487613460.0,5165201375850.0,4105288191900.0,5703382474.9573145,1375478380.457784,-667600978.682929,-68057290519.89945,5225271954.537082,3176932531.8398438,9007611265.660156,0.0007718585629698871,0.00018614826741814096,-9.034875958364557e-05,-5.586389236563213e-06,4.2890927308377813e-07,2.6077414433606283e-07,7.393774015572399e-07
C:\Users\damba\.cache\kagglehub\datasets\sunnykusawa\ecommerce-products-image-dataset\versions\1\ecommerce products\sofa\4.jpg,sofa,exito,4114680.0,473734920.0,458768205.0,64877096940.0,53961536085.0,52697901435.0,9806472001740.0,6647357697255.0,7189395766185.0,6200520421035.0,10334635696.985617,2810956715.7848864,-121398946.61378834,-42726953946.56652,4072634400.820825,-16153017256.355469,14844736254.941406,0.000610411969098695,0.00016602826400875708,-7.170390154211647e-06,-1.244118558432927e-06,1.1858650270529564e-07,-4.703417090872229e-07,4.322473325131296e-07
C:\Users\damba\.cache\kagglehub\datasets\sunnykusawa\ecommerce-products-image-dataset\versions\1\ecommerce products\sofa\40.jpg,sofa,exito,3721980.0,446206140.0,412125135.0,61623176070.0,48196557285.0,48568578315.0,9287100126990.0,5899098166755.0,6631197471075.0,5602925390415.0,8130164454.220337,2563016293.708211,-838663444.8506417,-49892045482.92964,-5173094702.409335,8908743030.871094,10651596205.611328,0.0005868826358481072,0.00018501344796196614,-6.0539613420476474e-05,-1.8667932495159403e-06,-1.9355987865577802e-07,3.3333532812144355e-07,3.9854705696538684e-07
C:\Users\damba\.cache\kagglehub\datasets\sunnykusawa\ecommerce-products-image-dataset\versions\1\ecommerce products\sofa\41.jpg,sofa,exito,2668830.0,299098425.0,297226980.0,39807333195.0,33944627940.0,33407819280.0,5851848870975.0,3969567548820.0,4441395977640.0,3829241252820.0,6287076064.541849,842527903.684312,97296846.75902905,-18596140357.325386,1497908346.2875075,-13745824067.035156,3361279229.919922,0.0008826873304625435,0.00011828848553902492,1.366019641666431e-05,-1.5981610367453938e-06,1.2873094683378303e-07,-1.1813225766087018e-06,2.888699157813948e-07
C:\Users\damba\.cache\kagglehub\datasets\sunnykusawa\ecommerce-products-image-dataset\versions\1\ecommerce products\sofa\42.jpg,sofa,exito,3280830.0,398282715.0,345960795.0,55839226545.0,38245235325.0,41364082440.0,8533941685155.0,4399593741705.0,5761599865380.0,4515694087830.0,7488924619.03272,1763957210.3058436,-634498625.2055824,-63034449310.99112,-5350158358.662987,27452244969.308594,6654343786.619141,0.0006957480601849518,0.0001638779757777914,-5.8947206726434e-05,-3.2330963278524636e-06,-2.744146658199859e-07,1.4080515237578481e-06,3.4130756587786747e-07
C:\Users\damba\.cache\kagglehub\datasets\sunnykusawa\ecommerce-products-image-dataset\versions\1\ecommerce products\sofa\43.jpg,sofa,exito,2082585.0,212965290.0,232391955.0,27340735350.0,26313684855.0,23788850550.0,3971622474990.0,3020924556075.0,3072902782740.0,2693813491380.0,5562889670.3355,381480047.6466292,24432727.802133944,38033950925.91228,-510081569.8152568,17001782277.664062,-2478599878.470703,0.001282611042329681,8.795617934851297e-05,5.633346755079974e-06,6.076655302440513e-06,-8.14953429879758e-08,2.71636177450393e-06,-3.9600401029796887e-07
C:\Users\damba\.cache\kagglehub\datasets\sunnykusawa\ecommerce-products-image-dataset\versions\1\ecommerce products\sofa\44.jpg,sofa,exito,3933885.0,452837925.0,436456470.0,61711487925.0,50981520150.0,49681248375.0,9273931093395.0,6221886573450.0,6720246600435.0,5755707162435.0,9584344828.975174,2557570236.6545696,-560190362.4376096,-36359316796.134476,-1922834917.937443,2453046345.1796875,11419166767.457031,0.0006193257120135603,0.00016526627913596788,-3.619864490173026e-05,-1.1845722762676242e-06,-6.264520723530712e-08,7.991928751555663e-08,3.7203197317074674e-07
C:\Users\damba\.cache\kagglehub\datasets\sunnykusawa\ecommerce-products-image-dataset\versions\1\ecommerce products\sofa\45.jpg,sofa,exito,1474155.0,163728870.0,157492080.0,22388680740.0,16957917180.0,17464533840.0,3424229695230.0,1840042706760.0,2393834955300.0,1877328337560.0,4203928884.545927,132172761.85781041,-27521128.67669895,3773603431.5840745,93735644.61730681,8042490057.323242,-243490257.6328125,0.001934501456716923,6.082129535829446e-05,-1.2664263591918135e-05,1.4302053018040112e-06,3.552604780291206e-08,3.0481241943489784e-06,-9.22834271586109e-08
C:\Users\damba\.cache\kagglehub\datasets\sunnykusawa\ecommerce-products-image-dataset\versions\1\ecommerce products\sofa\46.jpg,sofa,exito,3281085.0,391463250.0,365691165.0,54295507290.0,42420347265.0,43060326120.0,8218028746050.0,5097987749355.0,5910160351590.0,4948174282650.0,7590385020.823033,1662479620.8953123,-569952262.6649592,-71122349440.51634,-525221125.9065283,-5308642651.457031,14088761357.853516,0.000705064491353717,0.0001544263360918911,-5.294238712125254e-05,-3.6472236145036707e-06,-2.693385283685854e-08,-2.7223238534251235e-07,7.224854567894473e-07
C:\Users\damba\.cache\kagglehub\datasets\sunnykusawa\ecommerce-products-image-dataset\versions\1\ecommerce products\sofa\47.jpg,sofa,exito,3431535.0,389761125.0,383081145.0,53436872565.0,44317084185.0,43838119470.0,8128017635055.0,5295393044925.0,6032019188040.0,5111562901050.0,9166965785.303558,1551626844.6228747,326939184.358697,-23864645629.557507,1599646590.7480428,-7702014285.998047,4937130703.986328,0.0007784823036760323,0.00013176814103354803,2.7764516129160322e-05,-1.0940417807104014e-06,7.333359278889747e-08,-3.5308822746874763e-07,2.2633595113179783e-07
C:\Users\damba\.cache\kagglehub\datasets\sunnykusawa\ecommerce-products-image-dataset\versions\1\ecommerce products\sofa\48.jpg,sofa,exito,2873085.0,327798420.0,320053560.0,44848968030.0,36606740730.0,36752269995.0,6793298999160.0,4290681915960.0,5049947746005.0,4233620980335.0,7449516167.4562845,953677465.7131436,236451185.81920284,-23519896827.33241,320361526.3381078,-55484169.189453125,4374069707.933594,0.0009024665579183957,0.00011553260648071883,2.8644717721962204e-05,-1.680986499280097e-06,2.2896503527060878e-08,-3.965499509456043e-09,3.1261838348720114e-07
C:\Users\damba\.cache\kagglehub\datasets\sunnykusawa\ecommerce-products-image-dataset\versions\1\ecommerce products\sofa\49.jpg,sofa,exito,2719830.0,309514155.0,303039195.0,42601609935.0,34531953885.0,34642434675.0,6496327517685.0,4018693363845.0,4781485798755.0,3968271501885.0,7379183479.903901,767801821.7283918,156852718.66257343,-31185150171.43213,102643454.48532116,-818188537.9550781,3614309924.8847656,0.0009975272983781497,0.00010379241538096553,2.120354767120962e-05,-2.5561918172752303e-06,8.413503126003747e-09,-6.706547296427876e-08,2.962586168191862e-07
C:\Users\damba\.cache\kagglehub\datasets\sunnykusawa\ecommerce-products-image-dataset\versions\1\ecommerce products\sofa\5.jpg,sofa,exito,3422355.0,409857930.0,372986205.0,56432569980.0,42663989055.0,44149958460.0,8460825695550.0,5086178358675.0,6029646874080.0,5010086922480.0,7348380062.856713,2013995375.1210752,-518509276.35571456,-57554191812.47047,-2558593363.5553255,3521636385.1308594,13708514882.152344,0.0006273956404406023,0.00017195244494842845,-4.426968348546755e-05,-2.656221684775969e-06,-1.1808333955837054e-07,1.625293768794409e-07,6.326707638375255e-07
C:\Users\damba\.cache\kagglehub\datasets\sunnykusawa\ecommerce-products-image-dataset\versions\1\ecommerce products\sofa\50.jpg,sofa,exito,3222690.0,376725780.0,358080180.0,52227771450.0,41172878340.0,42159574320.0,7976530750230.0,4883621027550.0,5876779817820.0,4890845143380.0,8189308763.049531,1385801299.1327705,300743618.616868,-43413892290.478485,853015615.6546991,3324552056.9921875,10988450475.015625,0.0007885154056355981,0.00013343319993580345,2.8957386183310893e-05,-2.3285329927162973e-06,4.5752059987254355e-08,1.7831456112970927e-07,5.893728509460247e-07
C:\Users\damba\.cache\kagglehub\datasets\sunnykusawa\ecommerce-products-image-dataset\versions\1\ecommerce products\sofa\51.jpg,sofa,exito,3079380.0,361241670.0,341882580.0,49378943070.0,39302275860.0,39993812400.0,7415015035170.0,4662152842620.0,5454182136270.0,4590916840260.0,7001729428.166611,1345382424.4849296,-112388894.77641685,-20366346952.32019,-48347108.9854904,-1656815196.7695312,5327482711.378906,0.000738378010376047,0.0001418793468067795,-1.1852141583697722e-05,-1.2239253386710683e-06,-2.9054425851314585e-09,-9.956709986178971e-08,3.2015761574983195e-07
C:\Users\damba\.cache\kagglehub\datasets\sunnykusawa\ecommerce-products-image-dataset\versions\1\ecommerce products\sofa\52.jpg,sofa,exito,2442645.0,282955650.0,261337515.0,39200703240.0,28557123345.0,30323950515.0,5989648350300.0,3184388421405.0,4186469577015.0,3322905467415.0,6423160917.262761,596737473.7926712,50649881.37957894,-39471644839.96824,1384985560.8653107,-19330983938.560547,4014336495.7617188,0.0010765348536215746,0.0001000144161534824,8.489023292312535e-06,-4.232864245607439e-06,1.485232217972616e-07,-2.0730180127454364e-06,4.3048982355913675e-07
C:\Users\damba\.cache\kagglehub\datasets\sunnykusawa\ecommerce-products-image-dataset\versions\1\ecommerce products\sofa\53.jpg,sofa,exito,2827950.0,336675480.0,309788535.0,46866979380.0,34929463695.0,37032918150.0,7144339165170.0,4044328881555.0,5176552091400.0,4200825729960.0,6784807194.059511,993596222.9986461,151713135.90081018,-50808986829.321976,283964559.18861157,6372608838.839844,9134951877.419922,0.0008483871023813063,0.00012424144068602075,1.897054169391342e-05,-3.7779936042355787e-06,2.1114695556673163e-08,4.7384679242487716e-07,6.792457775988446e-07
C:\Users\damba\.cache\kagglehub\datasets\sunnykusawa\ecommerce-products-image-dataset\versions\1\ecommerce products\sofa\54.jpg,sofa,exito,3689340.0,411436890.0,434106645.0,56940115350.0,52813427655.0,48260630115.0,8767839254760.0,6619515995535.0,6688033430145.0,5861925407625.0,11056484550.758913,1734215862.8756547,-151142165.98631886,-48197004202.26735,-2895912865.8876004,21878639570.277344,7716040251.841797,0.00081230607717034,0.00012741066819854652,-1.110422570426763e-05,-1.8435220784184045e-06,-1.1076786604899725e-07,8.368519114652233e-07,2.9513640521180526e-07
C:\Users\damba\.cache\kagglehub\datasets\sunnykusawa\ecommerce-products-image-dataset\versions\1\ecommerce products\sofa\55.jpg,sofa,exito,3527415.0,422531430.0,363863580.0,59469983610.0,39448110870.0,43204843290.0,9176867302560.0,4461620137800.0,6068903391210.0,4661195569560.0,8857053365.65821,1914476508.7421377,-380558139.18238825,-68629489046.77561,-2540557210.013295,25564121693.320312,14414795860.970703,0.0007118297694007713,0.0001538639675611613,-3.0584958820292115e-05,-2.9367661931568943e-06,-1.0871452825567238e-07,1.0939298745984052e-06,6.168322940143701e-07
C:\Users\damba\.cache\kagglehub\datasets\sunnykusawa\ecommerce-products-image-dataset\versions\1\ecommerce products\sofa\56.jpg,sofa,exito,2012460.0,209693385.0,226116405.0,26668574475.0,25779158955.0,23574429975.0,3813275736225.0,2979792428265.0,3012860770635.0,2686997212095.0,4819039223.239356,373124246.17397445,13656410.069056943,30211750294.839478,-554894491.4995297,13581528080.902344,-2196600665.0322266,0.001189887623037468,9.212955151652762e-05,3.371957056903168e-06,5.258449941941208e-06,-9.658112747964845e-08,2.3639075807101722e-06,-3.823252385837351e-07
C:\Users\damba\.cache\kagglehub\datasets\sunnykusawa\ecommerce-products-image-dataset\versions\1\ecommerce products\sofa\57.jpg,sofa,exito,3217590.0,376629900.0,350576805.0,51730995750.0,39720803535.0,40719506445.0,7778119542900.0,4662002713665.0,5542727727585.0,4598558214885.0,7645179479.434141,1523240699.4591088,-316706064.8193065,-66958954318.598175,2236208094.7798057,-19548778265.341797,18116747000.728516,0.0007384588139508069,0.00014713199648354455,-3.059109150107261e-05,-3.6056361890274986e-06,1.2041634931109993e-07,-1.052671492290805e-06,9.755588222371406e-07
C:\Users\damba\.cache\kagglehub\datasets\sunnykusawa\ecommerce-products-image-dataset\versions\1\ecommerce products\sofa\58.jpg,sofa,exito,3472845.0,390858135.0,384332685.0,53226061005.0,44137950255.0,43443933585.0,8043542421315.0,5240361775425.0,5932238812335.0,5014618595055.0,9236167503.943024,1604634555.8227499,188459620.9611597,-25893832847.818905,541413022.7437456,-602097630.4082031,5313744516.5390625,0.0007658099414687333,0.00013304707767033448,1.562598894356038e-05,-1.1520805358939e-06,2.4088801725430566e-08,-2.6788809705302436e-08,2.3642160919924429e-07
C:\Users\damba\.cache\kagglehub\datasets\sunnykusawa\ecommerce-products-image-dataset\versions\1\ecommerce products\sofa\59.jpg,sofa,exito,2280975.0,236572935.0,254807730.0,30246953775.0,29011464750.0,26710996785.0,4357054924755.0,3361857627510.0,3458267506035.0,3070983714705.0,5710624541.003913,546891807.3974288,283432893.7747343,35407801898.446465,-1199835600.9895737,20587244772.01172,-1285446112.9335938,0.0010975961036712631,0.00010511395253164856,5.447650035922862e-05,4.506067088602426e-06,-1.5269345803671154e-07,2.6199735972945156e-06,-1.6358842156525183e-07
C:\Users\damba\.cache\kagglehub\datasets\sunnykusawa\ecommerce-products-image-dataset\versions\1\ecommerce products\sofa\6.jpg,sofa,exito,3898185.0,441694680.0,408838950.0,58666682100.0,45642109830.0,45910152060.0,8592494117820.0,5377095597510.0,6027936087240.0,5090625645630.0,8619239420.829456,2763363173.003858,-414480863.2158111,-8150995860.990933,10543405933.404892,-31057194315.216797,5960537621.474609,0.0005672102266594454,0.00018184990289445353,-2.727593154014262e-05,-2.716780538794021e-07,3.514186553518566e-07,-1.0351567163581848e-06,1.986686398440049e-07
C:\Users\damba\.cache\kagglehub\datasets\sunnykusawa\ecommerce-products-image-dataset\versions\1\ecommerce products\sofa\60.jpg,sofa,exito,2468145.0,283894305.0,269528880.0,39381193515.0,30025362090.0,31397125665.0,6045272923965.0,3409140808200.0,4384803988035.0,3542885551395.0,6726719644.367186,591995268.3366048,395011095.1394758,-31943511757.524532,985347725.7213372,-6612149106.470703,2995026715.5625,0.001104236216637079,9.718000004987004e-05,6.484372477032498e-05,-3.3377667461112492e-06,1.029586507968809e-07,-6.909012251199468e-07,3.129493291408234e-07
C:\Users\damba\.cache\kagglehub\datasets\sunnykusawa\ecommerce-products-image-dataset\versions\1\ecommerce products\sofa\61.jpg,sofa,exito,3165570.0,346517205.0,362257335.0,47741934615.0,42598624395.0,39501407145.0,7312725629295.0,5135688532395.0,5464374039765.0,4627591933995.0,9810638399.464722,1143096082.152007,-152872878.80255795,-61147555938.283936,-781054041.9897978,34413610519.01172,-452184082.5136719,0.0009790241972376288,0.00011407195725972406,-1.5255505437571276e-05,-3.429646030035809e-06,-4.380778353688209e-08,1.9301916631770355e-06,-2.5362114963411607e-08
C:\Users\damba\.cache\kagglehub\datasets\sunnykusawa\ecommerce-products-image-dataset\versions\1\ecommerce products\sofa\62.jpg,sofa,exito,2309790.0,240139875.0,256125060.0,30646949835.0,28939676640.0,26543798385.0,4405843603515.0,3328178686110.0,3391973133885.0,2986551363915.0,5680541821.710642,538806275.1600804,-84527087.34488879,38431887080.214455,-340354542.2247092,11208987824.910156,-3448298493.423828,0.0010647429374174699,0.00010099215781147935,-1.58434920639027e-05,4.739804923339826e-06,-4.197592825849725e-08,1.3824045529504314e-06,-4.252786791905916e-07
C:\Users\damba\.cache\kagglehub\datasets\sunnykusawa\ecommerce-products-image-dataset\versions\1\ecommerce products\sofa\63.jpg,sofa,exito,4111110.0,480991455.0,438970770.0,65310267225.0,50408297490.0,50949872355.0,9726914483145.0,6148913303520.0,6864661855605.0,5823811638315.0,9035251527.7754,3536446113.02568,-408809209.04726374,-28464968210.688644,11261401680.558384,-13293446031.277344,13446611052.091797,0.0005345915042713419,0.0002092419941520342,-2.418814012567541e-05,-8.306402276030242e-07,3.2862054107461073e-07,-3.879179121268934e-07,3.923874420701015e-07
C:\Users\damba\.cache\kagglehub\datasets\sunnykusawa\ecommerce-products-image-dataset\versions\1\ecommerce products\sofa\64.jpg,sofa,exito,3204330.0,363241890.0,352715745.0,49874804340.0,40087124805.0,40405163355.0,7598979376110.0,4690696792665.0,5588246894775.0,4641448602375.0,8697812378.881104,1262036012.36471,421412041.4467576,-26776337746.606842,281000552.5604478,2749214348.798828,4410499827.568359,0.0008471017200965185,0.00012291284639499476,4.10423736025513e-05,-1.4568273557367279e-06,1.5288472076397858e-08,1.4957723897927775e-07,2.3996324150370195e-07
C:\Users\damba\.cache\kagglehub\datasets\sunnykusawa\ecommerce-products-image-dataset\versions\1\ecommerce products\sofa\65.jpg,sofa,exito,3258900.0,370242915.0,362683695.0,52079425965.0,41598854055.0,41801110110.0,8154342089835.0,4904709976605.0,5939367000480.0,4864760479890.0,10016209509.23357,1235706177.2335684,596694982.2664347,-38268819584.43656,120372437.97269924,7855502224.2890625,5911154075.931641,0.0009431077888831924,0.0001163518114757594,5.6183697519926754e-05,-1.996031913997009e-06,6.27840707835281e-09,4.0972868540037876e-07,3.083150280629899e-07
C:\Users\damba\.cache\kagglehub\datasets\sunnykusawa\ecommerce-products-image-dataset\versions\1\ecommerce products\sofa\66.jpg,sofa,exito,2492880.0,279049050.0,279603675.0,37821714240.0,31988389575.0,31313977305.0,5706972763740.0,3728913583365.0,4245265590525.0,3584592332415.0,6585404306.949674,627788553.8896265,15583525.41223483,-1049708053.2274202,240219190.7761251,-340869564.4160156,366800547.0058594,0.0010596921000409496,0.00010102076350132486,2.5076271706970887e-06,-1.0698307971265385e-07,2.4482415616700618e-08,-3.474039821778478e-08,3.738320577642667e-08
C:\Users\damba\.cache\kagglehub\datasets\sunnykusawa\ecommerce-products-image-dataset\versions\1\ecommerce products\sofa\67.jpg,sofa,exito,2525775.0,303456120.0,310915635.0,42499934040.0,39017046885.0,37723044795.0,6488811029310.0,4988018488335.0,5317387779225.0,4786213939395.0,6041573035.771829,744226824.8389672,368469567.8177648,-69005762881.78535,1907920397.5431945,-2770457467.0371094,7843910040.582031,0.0009470233983555472,0.00011665839552601172,5.775802100533576e-05,-6.806106033132092e-06,1.8818005897130875e-07,-2.732529356024891e-07,7.736525359774345e-07
C:\Users\damba\.cache\kagglehub\datasets\sunnykusawa\ecommerce-products-image-dataset\versions\1\ecommerce products\sofa\68.jpg,sofa,exito,2591055.0,314963250.0,280660140.0,44608312800.0,31174494600.0,33924432195.0,6892349840520.0,3544469380620.0,4778469460365.0,3758386466535.0,6322036032.211399,773706432.7015077,-192029956.4614682,-67130837099.5074,69462321.44794472,-6766884383.708984,10480757318.441406,0.0009416807729224687,0.0001152452260394012,-2.8603272253361413e-05,-6.2119862138087986e-06,6.42773130587037e-09,-6.261770941382572e-07,9.698422183523082e-07
C:\Users\damba\.cache\kagglehub\datasets\sunnykusawa\ecommerce-products-image-dataset\versions\1\ecommerce products\sofa\69.jpg,sofa,exito,1690140.0,188794860.0,188289450.0,25686340740.0,21170708940.0,21054835920.0,3897563965350.0,2401850455470.0,2874164384400.0,2369921459730.0,4597259857.694627,194389237.90283403,22211195.28666076,1243443763.1784282,23371439.108488098,7624518201.728516,126473565.07617188,0.001609361813711315,6.80498005684076e-05,7.775468569915022e-06,3.348262107196075e-07,6.293304633058993e-09,2.0530792092453543e-06,3.405595476421862e-08
C:\Users\damba\.cache\kagglehub\datasets\sunnykusawa\ecommerce-products-image-dataset\versions\1\ecommerce products\sofa\7.jpg,sofa,exito,3430770.0,400481835.0,361448730.0,55431492765.0,39771576330.0,41833230420.0,8445564295665.0,4543655288670.0,5776151603070.0,4576360664550.0,8682308131.530767,1691149947.9887018,-359528246.0777495,-52096382380.49814,-2820795840.685648,20104535366.15039,9487393070.677734,0.0007376527862224962,0.00014368085676705341,-3.054568075991341e-05,-2.389618418879848e-06,-1.2938759638952182e-07,9.221785816736189e-07,4.351789547162751e-07
C:\Users\damba\.cache\kagglehub\datasets\sunnykusawa\ecommerce-products-image-dataset\versions\1\ecommerce products\sofa\70.jpg,sofa,exito,2047650.0,210685335.0,229109340.0,27045017715.0,26005841970.0,23470959135.0,3924798751005.0,2992426475430.0,3021780629325.0,2649431834055.0,5367333352.896018,371046142.96139824,-102394733.83934934,37598561329.591385,-370908760.5904548,16813949780.350586,-3428932007.4091797,0.0012801094915985492,8.849453875817799e-05,-2.4421153310094694e-05,6.266599116423374e-06,-6.181982579106022e-08,2.80240198324304e-06,-5.715043748494331e-07
C:\Users\damba\.cache\kagglehub\datasets\sunnykusawa\ecommerce-products-image-dataset\versions\1\ecommerce products\sofa\71.jpg,sofa,exito,3178320.0,345711150.0,363894690.0,47617777920.0,42799576890.0,39436708545.0,7294601030760.0,5159654581170.0,5454486835005.0,4622144669385.0,10014201428.544607,1136262494.2827332,-144721820.3482049,-63386506541.2805,-775627477.650006,34078367386.289062,-97251583.1953125,0.0009913364643854314,0.00011248210371375781,-1.432645615600161e-05,-3.5196766336531185e-06,-4.306843930144889e-08,1.8922770783156184e-06,-5.400110270083972e-09
C:\Users\damba\.cache\kagglehub\datasets\sunnykusawa\ecommerce-products-image-dataset\versions\1\ecommerce products\sofa\72.jpg,sofa,exito,3238755.0,391355130.0,341563830.0,54532194720.0,37760499960.0,40738077330.0,8279953827330.0,4344315594720.0,5646459421110.0,4455693349260.0,7242777095.845998,1738679858.0568464,-534805951.67703235,-59809476051.26257,-4689282764.080262,24661174134.759766,5704192195.759766,0.0006904765388388619,0.00016575377574832125,-5.098472002903024e-05,-3.1682887608364333e-06,-2.484054845269936e-07,1.3063769489172798e-06,3.021683053699824e-07
C:\Users\damba\.cache\kagglehub\datasets\sunnykusawa\ecommerce-products-image-dataset\versions\1\ecommerce products\sofa\73.jpg,sofa,exito,2996250.0,351396885.0,301224105.0,49189828185.0,31432624215.0,36079795215.0,7575636172485.0,3395783715165.0,5102287673085.0,3846574902045.0,7978390291.732344,1149449769.2591515,752565449.8225558,-64686026781.47454,4628753816.717788,-19467948035.714844,8875129102.15039,0.0008887081920660977,0.00012803653230246905,8.382782188736402e-05,-4.162606505522524e-06,2.978646503521184e-07,-1.2527807190323428e-06,5.711228835057128e-07
C:\Users\damba\.cache\kagglehub\datasets\sunnykusawa\ecommerce-products-image-dataset\versions\1\ecommerce products\sofa\74.jpg,sofa,exito,3242580.0,375533400.0,354385485.0,51004284510.0,40258092615.0,41020206015.0,7592008475280.0,4734160503795.0,5562836252895.0,4671521073675.0,7512578980.588235,1526874887.546791,-22292887.941176556,-55069170084.27815,556931436.9167935,-6319991560.216797,13977436998.134766,0.0007145089142945394,0.00014521853560323328,-2.120239560941387e-06,-2.9085851491356597e-06,2.941541526817804e-08,-3.338026261622795e-07,7.382454758903418e-07
C:\Users\damba\.cache\kagglehub\datasets\sunnykusawa\ecommerce-products-image-dataset\versions\1\ecommerce products\sofa\75.jpg,sofa,exito,2672655.0,307515720.0,292671660.0,42089887410.0,32816214690.0,33684905085.0,6357440649000.0,3761819328810.0,4609360307115.0,3782041299285.0,6707124559.157521,766922668.7119555,10099976.037112847,-28866041344.65768,282920509.71369946,-2057560250.5488281,3995183502.9726562,0.0009389675182102542,0.00010736575242462818,1.4139515898213932e-06,-2.471894753711269e-06,2.422742056413089e-08,-1.7619570096395594e-07,3.4212079942647345e-07
C:\Users\damba\.cache\kagglehub\datasets\sunnykusawa\ecommerce-products-image-dataset\versions\1\ecommerce products\sofa\76.jpg,sofa,exito,3738300.0,465268410.0,446454000.0,65473051830.0,56761552620.0,53611491210.0,9925607213280.0,7571390388570.0,7357136233200.0,6626760501420.0,7565796301.035467,3442885280.300135,-1954124903.7789936,-106438035502.86935,-29819258401.006905,24305612900.53125,28974455074.003906,0.0005413851547127239,0.0002463623002747706,-0.0001398311785390768,-3.939231222080236e-06,-1.1035994149794148e-06,8.995414915092809e-07,1.0723335650741168e-06
C:\Users\damba\.cache\kagglehub\datasets\sunnykusawa\ecommerce-products-image-dataset\versions\1\ecommerce products\sofa\77.jpg,sofa,exito,3174495.0,383183910.0,336946035.0,53036389200.0,37393118655.0,40217248755.0,7984012566510.0,4312285088835.0,5526051763905.0,4426906025175.0,6783391831.004896,1629121388.5934594,-454511367.5696878,-55459600140.38168,-2516179375.315316,6409059875.787109,9778322347.69336,0.000673127927318135,0.00016166058676446898,-4.51019640935871e-05,-3.08880232549598e-06,-1.4013769818329388e-07,3.569502664726201e-07,5.446001184745775e-07
C:\Users\damba\.cache\kagglehub\datasets\sunnykusawa\ecommerce-products-image-dataset\versions\1\ecommerce products\sofa\78.jpg,sofa,exito,3476925.0,370663155.0,382620615.0,48612113955.0,43859602965.0,39933185385.0,7184627699175.0,5216832043125.0,5171857958835.0,4472709542865.0,9096975010.51485,1753852906.2618215,-856697722.6138617,62660315211.58013,4263806723.295419,4963540226.1875,-14461849403.46289,0.0007524997435816816,0.00014507832116901836,-7.086584450861937e-05,2.7797405884294267e-06,1.891512446105946e-07,2.2019286341677562e-07,-6.415574137285918e-07
C:\Users\damba\.cache\kagglehub\datasets\sunnykusawa\ecommerce-products-image-dataset\versions\1\ecommerce products\sofa\79.jpg,sofa,exito,2715750.0,342569550.0,295788015.0,48901132740.0,33588134625.0,36646111200.0,7536196475850.0,3962406808395.0,5161264444620.0,4100964323160.0,5688798546.056335,1372153839.714082,-665116709.0281714,-67470044690.703125,5230709958.534037,2957707623.7402344,8980502258.916016,0.0007713313411672486,0.00018604723878087767,-9.018167176320426e-05,-5.551195562291923e-06,4.303642311571102e-07,2.4334967481837417e-07,7.388838189656111e-07
C:\Users\damba\.cache\kagglehub\datasets\sunnykusawa\ecommerce-products-image-dataset\versions\1\ecommerce products\sofa\8.jpg,sofa,exito,4037160.0,471340725.0,450218820.0,64422687705.0,53120882430.0,52164473055.0,9688273011735.0,6568156574310.0,7107510255945.0,6114392261085.0,9393390118.695368,2913066568.802427,-398830115.4080298,-26479672535.79986,-5537753229.330982,16303395608.253906,1453068851.59375,0.0005763289509582401,0.00017873042410194285,-2.4470115593962802e-05,-8.085794619046122e-07,-1.6910003400832156e-07,4.978381371717278e-07,4.4370700904384765e-08
C:\Users\damba\.cache\kagglehub\datasets\sunnykusawa\ecommerce-products-image-dataset\versions\1\ecommerce products\sofa\80.jpg,sofa,exito,3210450.0,370380615.0,350099190.0,50718011055.0,39522425520.0,40606336680.0,7658940701625.0,4604988470580.0,5572427092320.0,4613872649670.0,7988237980.26648,1344150562.0794294,216374742.2025405,-35415266517.351585,1913759112.3134127,-8291065240.912109,7089951184.605469,0.0007750311777108395,0.00013041156206444851,2.099301143636184e-05,-1.9176782301026882e-06,1.0362689733101361e-07,-4.489474986463338e-07,3.839091548992647e-07
C:\Users\damba\.cache\kagglehub\datasets\sunnykusawa\ecommerce-products-image-dataset\versions\1\ecommerce products\sofa\81.jpg,sofa,exito,3243600.0,378114000.0,349979850.0,52544672190.0,39201240780.0,41578241385.0,8038228214940.0,4543909977060.0,5856572851545.0,4751108901315.0,8467043322.075471,1438910219.5047143,780275851.9811317,-61072382487.59549,3638817370.229827,5159934308.792969,12947720047.61914,0.0008047800433693785,0.0001367663049317895,7.416407476742762e-05,-3.2231211736233126e-06,1.9204014703893728e-07,2.7231774572662136e-07,6.833214774960608e-07
C:\Users\damba\.cache\kagglehub\datasets\sunnykusawa\ecommerce-products-image-dataset\versions\1\ecommerce products\sofa\82.jpg,sofa,exito,2216460.0,225838710.0,241188690.0,28382412390.0,26737475220.0,24551944425.0,4040164455390.0,3016496586900.0,3092988083925.0,2714538926715.0,5371339357.116887,492027892.3170707,-23163005.853660323,53645364762.31833,-79280835.98114878,9217270709.13086,-4744796999.912109,0.0010933590283749846,0.00010015437538207237,-4.7149286035793875e-06,7.3347017253778864e-06,-1.0839730273747572e-08,1.260238077848341e-06,-6.487358394525937e-07
C:\Users\damba\.cache\kagglehub\datasets\sunnykusawa\ecommerce-products-image-dataset\versions\1\ecommerce products\sofa\83.jpg,sofa,exito,2327385.0,281256330.0,248826195.0,39425361300.0,27163001115.0,30106253190.0,6038216924790.0,3024063480105.0,4224098290170.0,3294937402230.0,5436518386.142216,560408368.9876175,36478565.877068676,-40168407542.12108,174103646.48644018,223729706.75585938,4583786097.171875,0.001003654876842096,0.00010345896998918633,6.734436994832948e-06,-4.860870345637795e-06,2.1068678199052516e-08,2.7074040609337302e-08,5.546943798338346e-07
C:\Users\damba\.cache\kagglehub\datasets\sunnykusawa\ecommerce-products-image-dataset\versions\1\ecommerce products\sofa\84.jpg,sofa,exito,2960805.0,347919705.0,322825410.0,48169856745.0,36309993660.0,38436272910.0,7319816499465.0,4202513498970.0,5372086488180.0,4384935494340.0,7286339888.169839,1111375263.4260602,501548598.9751094,-52963807733.96328,1173342983.485345,2110743562.2167969,8832526756.117188,0.0008311699148790869,0.00012677718817377098,5.7212827388783206e-05,-3.5111928754289278e-06,7.778582583680825e-08,1.3993004042948765e-07,5.855452306958476e-07
C:\Users\damba\.cache\kagglehub\datasets\sunnykusawa\ecommerce-products-image-dataset\versions\1\ecommerce products\sofa\85.jpg,sofa,exito,2708355.0,341562810.0,295101810.0,48755627190.0,33517634010.0,36542905560.0,7513426543080.0,3954286837530.0,5145859294860.0,4089080088960.0,5679607548.890879,1363400807.4559839,-673708753.7388175,-67926143152.62681,5100502895.138025,3384943692.2402344,8835101975.34375,0.0007742962379943403,0.00018587131364345203,-9.184616173448293e-05,-5.6269490508999125e-06,4.225217065603302e-07,2.804061118795357e-07,7.318929997697347e-07
C:\Users\damba\.cache\kagglehub\datasets\sunnykusawa\ecommerce-products-image-dataset\versions\1\ecommerce products\sofa\86.jpg,sofa,exito,2509710.0,289047855.0,273359745.0,39290188605.0,30440191755.0,31502987895.0,5876202160965.0,3461044182165.0,4280165956425.0,3513570744765.0,6000022617.65444,665616132.1332045,19650005.125482384,-30987145365.091232,473690676.52517027,-3881013834.203125,3438030884.857422,0.0009525895330842248,0.0001056760950627827,3.11971977447368e-06,-3.1054369536421404e-06,4.747183111401389e-08,-3.8894333880488027e-07,3.4454894220837145e-07
C:\Users\damba\.cache\kagglehub\datasets\sunnykusawa\ecommerce-products-image-dataset\versions\1\ecommerce products\sofa\87.jpg,sofa,exito,3225495.0,377930655.0,359678010.0,52400638755.0,41480664870.0,42117325920.0,7999974191295.0,4931382026730.0,5841258119430.0,4863872102220.0,8118573525.096053,1372628467.0416625,-26080257.469366934,-42302528125.10666,-292505367.64757484,4124776314.8066406,9406708864.609375,0.0007803455932214763,0.0001319350711150502,-2.5067967818966313e-06,-2.2639946193208213e-06,-1.5654633607666878e-08,2.2075445124712992e-07,5.034389006730174e-07
C:\Users\damba\.cache\kagglehub\datasets\sunnykusawa\ecommerce-products-image-dataset\versions\1\ecommerce products\sofa\88.jpg,sofa,exito,3107940.0,356569050.0,343526310.0,48862888860.0,39166759680.0,39592312350.0,7395588369660.0,4593123921870.0,5452202894610.0,4540218301770.0,7954284634.081064,1196166405.285527,180081094.986873,-35538773036.94609,-478815066.5506951,9977305975.484375,6868404796.730469,0.0008234853467171766,0.00012383583845711703,1.864330354826508e-05,-2.0869923873604423e-06,-2.8118117578396125e-08,5.859111004072823e-07,4.0334280840772114e-07
C:\Users\damba\.cache\kagglehub\datasets\sunnykusawa\ecommerce-products-image-dataset\versions\1\ecommerce products\sofa\89.jpg,sofa,exito,2415105.0,282368640.0,260190525.0,39098213640.0,28626998445.0,30765810435.0,5951913140730.0,3212965803225.0,4296418474755.0,3426225598335.0,6084307886.233765,595459733.525499,344919962.27272576,-42089148325.94415,542444429.64611,3531045485.7304688,4901709588.876953,0.0010431317122513912,0.00010208933259518253,5.913523075472613e-05,-4.64333583056349e-06,5.984325548143194e-08,3.89550054476517e-07,5.40763704430183e-07
C:\Users\damba\.cache\kagglehub\datasets\sunnykusawa\ecommerce-products-image-dataset\versions\1\ecommerce products\sofa\9.jpg,sofa,exito,2194785.0,260294820.0,237100020.0,36071814480.0,26077779510.0,28213540680.0,5466759757800.0,2917729059720.0,3917357814540.0,3116852830380.0,5201641174.262807,464145607.8180555,94200048.50470352,-45045254291.683624,295275012.27846426,-1781191778.7675781,3754923148.0507812,0.0010798325712963225,9.635411754773665e-05,1.9555420526962518e-05,-6.3120304378998404e-06,4.137583180204207e-08,-2.495920358339194e-07,5.261639561183918e-07
C:\Users\damba\.cache\kagglehub\datasets\sunnykusawa\ecommerce-products-image-dataset\versions\1\ecommerce products\sofa\90.jpg,sofa,exito,3077850.0,362030895.0,323875245.0,50417000895.0,35297716845.0,37914434280.0,7715842086555.0,3969151698135.0,5276759019120.0,4123256365530.0,7833259343.429577,1217051990.0492947,-181263956.00704315,-57205897905.09252,-1283090443.035779,14133415993.011719,9524310839.542969,0.0008268897420386347,0.0001284736993858878,-1.913447509551537e-05,-3.4420896731691243e-06,-7.720379410952816e-08,8.504103076374972e-07,5.730795806969615e-07
C:\Users\damba\.cache\kagglehub\datasets\sunnykusawa\ecommerce-products-image-dataset\versions\1\ecommerce products\sofa\91.jpg,sofa,exito,3218610.0,374871165.0,357057375.0,52240330965.0,40912726575.0,41708671845.0,8017949924655.0,4827705501435.0,5826884530605.0,4803995766675.0,8579126175.212724,1302469649.8395667,122237285.33235608,-64895706472.443,61411800.03054883,3115291519.78125,11773993004.841797,0.0008281449208390209,0.00012572767937346136,1.1799591813630225e-05,-3.4917655345628605e-06,3.304311154285588e-09,1.6762075875554644e-07,6.335091366321501e-07
C:\Users\damba\.cache\kagglehub\datasets\sunnykusawa\ecommerce-products-image-dataset\versions\1\ecommerce products\sofa\92.jpg,sofa,exito,2517615.0,293021775.0,279452205.0,40625356875.0,31666339365.0,32677156050.0,6221738657385.0,3658559059395.0,4548592829700.0,3722077187640.0,6520952260.255239,647484266.2807629,152095174.22515666,-24520676747.28704,-106054872.86214525,3823294456.748047,2710393233.8535156,0.0010288033882019446,0.00010215287282766054,2.3995886540332004e-05,-2.4381429134630396e-06,-1.0545261020810607e-08,3.8015827955621677e-07,2.695001497684709e-07
C:\Users\damba\.cache\kagglehub\datasets\sunnykusawa\ecommerce-products-image-dataset\versions\1\ecommerce products\sofa\93.jpg,sofa,exito,3673785.0,410367420.0,405250590.0,56054513100.0,46550471340.0,45493754145.0,8527847005890.0,5544586496280.0,6218606338365.0,5252677048365.0,10215842792.00527,1847789856.0949473,226641597.1024448,-15778715148.331278,2007974654.461493,-15328734284.3125,2916894880.689453,0.0007569143307941681,0.0001369068270577629,1.6792375949164857e-05,-6.0994025143513e-07,7.762004409764236e-08,-5.925458413858657e-07,1.1275516290220408e-07
C:\Users\damba\.cache\kagglehub\datasets\sunnykusawa\ecommerce-products-image-dataset\versions\1\ecommerce products\sofa\94.jpg,sofa,exito,2893740.0,350228985.0,305240610.0,48931184235.0,33411522390.0,36497986545.0,7453646507265.0,3777553792200.0,5072748631695.0,3954826313235.0,6543014622.619404,1213802486.6320071,-445245749.9127605,-52288970598.37248,-2867772360.1882186,19112648580.15039,4965784871.042969,0.0007813738554574621,0.00014495360066363628,-5.317172714740234e-05,-3.670805072464247e-06,-2.0132416465623321e-07,1.3417515501524594e-06,3.486094311054981e-07
C:\Users\damba\.cache\kagglehub\datasets\sunnykusawa\ecommerce-products-image-dataset\versions\1\ecommerce products\sofa\95.jpg,sofa,exito,3025320.0,360495030.0,318253515.0,50030586900.0,34733702235.0,37977526380.0,7583183501070.0,3920027603595.0,5267164036200.0,4163814320040.0,7074249502.7326355,1254500097.7532842,54658571.79113209,-64351800604.95686,2220245494.7792454,-8912023652.564453,13470688816.78711,0.0007729256787892531,0.00013706547093406753,5.97194284524355e-06,-4.042335979216515e-06,1.3946739892074125e-07,-5.598195158445173e-07,8.461775670148644e-07
C:\Users\damba\.cache\kagglehub\datasets\sunnykusawa\ecommerce-products-image-dataset\versions\1\ecommerce products\sofa\96.jpg,sofa,exito,2769300.0,319696305.0,303429855.0,43809010455.0,34129199235.0,35215185585.0,6614999400345.0,3934521676605.0,4833484686795.0,3985207383495.0,6902309328.125694,882647071.882597,186332275.43232417,-36090891247.64106,1592444951.8082435,-9652990585.582031,4397634218.712891,0.0009000246559618179,0.0001150925131636427,2.4296743903840626e-05,-2.8279556396366587e-06,1.2477840049381973e-07,-7.563744818199944e-07,3.44583191491042e-07
C:\Users\damba\.cache\kagglehub\datasets\sunnykusawa\ecommerce-products-image-dataset\versions\1\ecommerce products\sofa\97.jpg,sofa,exito,3277515.0,397862985.0,345442380.0,55783064835.0,38165859180.0,41293687140.0,8526388525995.0,4387537877460.0,5751467568390.0,4504561899120.0,7485816818.405045,1757043995.305379,-640136641.82992,-62641741378.08555,-5430621201.346924,27478103797.44922,6482711599.3984375,0.0006968668724069137,0.00016356608549108047,-5.9591361948411495e-05,-3.221084383137611e-06,-2.792465336622031e-07,1.4129442935818808e-06,3.333457952130373e-07
C:\Users\damba\.cache\kagglehub\datasets\sunnykusawa\ecommerce-products-image-dataset\versions\1\ecommerce products\sofa\98.jpg,sofa,exito,2865690.0,341872125.0,316985145.0,47980056675.0,36060452955.0,37660846215.0,7383287134725.0,4210162306845.0,5261353972125.0,4278656826135.0,7195271910.417775,997490055.7781605,-154962583.08462733,-57423384918.560425,702466932.046819,-8933619025.416016,10985861567.628906,0.0008761708379863726,0.00012146472140807245,-1.886984925214695e-05,-4.130624994686389e-06,5.053041494451138e-08,-6.426202511698669e-07,7.902438082284712e-07
C:\Users\damba\.cache\kagglehub\datasets\sunnykusawa\ecommerce-products-image-dataset\versions\1\ecommerce products\sofa\99.jpg,sofa,exito,2855490.0,332257350.0,306651780.0,45507620790.0,33925977750.0,35850223815.0,6845323429020.0,3857984633520.0,4922360905755.0,3990137587665.0,6847024314.781212,994566966.8530072,169024512.74959877,-43228026919.20788,1051873570.8327018,-4048289234.6347656,6296355942.755859,0.0008397317671888133,0.00012197553831671772,2.0729479882675726e-05,-3.1373560201391742e-06,7.634171890484561e-08,-2.938122673348869e-07,4.56969971330492e-07
C:\Users\damba\.cache\kagglehub\datasets\sunnykusawa\ecommerce-products-image-dataset\versions\1\ecommerce products\tshirt\1.jpg,tshirt,exito,6118725.0,562456050.0,846951135.0,65088299670.0,130869431535.0,73690873335.0,8539487448360.0,21785587993275.0,8356271245545.0,10811257469835.0,13385239280.52303,13634840165.42737,-4164037603.9810333,95485542462.91418,-103956034717.37584,112326143394.90234,-65980970718.00391,0.00035752323376987845,0.0003641901385335964,-0.00011122253091739298,1.0310631913619234e-06,-1.1225284807766403e-06,1.212909817495217e-06,-7.124696418212761e-07
C:\Users\damba\.cache\kagglehub\datasets\sunnykusawa\ecommerce-products-image-dataset\versions\1\ecommerce products\tshirt\10.jpg,tshirt,exito,5730615.0,677241240.0,749455200.0,89632349550.0,113758782360.0,92634519630.0,13024773025890.0,18660556411470.0,12749681575380.0,14330958800670.0,9596315519.31785,15744328971.133375,4064275603.408093,163890765116.3193,-335039946202.4965,66850752305.53906,-176057252020.89062,0.0002922146965036734,0.0004794261196072857,0.00012376010975945933,2.084737613555596e-06,-4.26180436338959e-06,8.503607736954087e-07,-2.239498822076343e-06
C:\Users\damba\.cache\kagglehub\datasets\sunnykusawa\ecommerce-products-image-dataset\versions\1\ecommerce products\tshirt\100.jpg,tshirt,exito,6083790.0,618422430.0,806220495.0,77434842240.0,127717190385.0,78585603180.0,10794068377050.0,22238772966135.0,9829132402320.0,12023145244980.0,14571676034.870485,20877295096.36494,-3367396123.674655,-39695758471.14368,-219533915908.72424,252107183857.6953,-66924874350.90625,0.00039369606846463546,0.0005640606461429572,-9.097996769083045e-05,-4.348190549242746e-07,-2.404728704419347e-06,2.761529484423657e-06,-7.330811083340531e-07
C:\Users\damba\.cache\kagglehub\datasets\sunnykusawa\ecommerce-products-image-dataset\versions\1\ecommerce products\tshirt\101.jpg,tshirt,exito,2750940.0,311681655.0,309479475.0,42887068155.0,40680804075.0,34635745260.0,6503722600815.0,5793606801615.0,5002473478770.0,4397879456520.0,7573519308.591487,5864506574.409062,-428296469.9290917,-71544924176.71185,-102473345270.49797,274750216269.79883,-114891599014.00781,0.001000772817037295,0.0007749420745976299,-5.6595546571304874e-05,-5.700015441803355e-06,-8.164096295250696e-06,2.188947005532546e-05,-9.153464009491409e-06
C:\Users\damba\.cache\kagglehub\datasets\sunnykusawa\ecommerce-products-image-dataset\versions\1\ecommerce products\tshirt\102.jpg,tshirt,exito,6361485.0,673135740.0,776600970.0,82579645230.0,112612433940.0,79584638865.0,11046389470470.0,17992949668170.0,9688258836795.0,11216660139285.0,11352294310.309462,17806100732.432755,-2590807375.251728,-94182371382.8718,-102101351099.06981,155342778925.04688,-66775569829.41406,0.0002805218063761017,0.00043999912312357064,-6.40203596746189e-05,-9.227272629576861e-07,-1.0003114049967524e-06,1.5219304325545722e-06,-6.542162601815804e-07
C:\Users\damba\.cache\kagglehub\datasets\sunnykusawa\ecommerce-products-image-dataset\versions\1\ecommerce products\tshirt\103.jpg,tshirt,exito,5104080.0,542468385.0,576578205.0,65188612845.0,75107748705.0,61250578740.0,8538931751085.0,10772421268185.0,7325002885050.0,7971862347930.0,7534354149.111965,9975065345.604773,-28916818.95458081,9077323844.235865,34285997308.959778,-32828587116.34375,-4155568296.4101562,0.00028920852106952753,0.00038289597742286596,-1.1099810651819835e-06,1.542283270539024e-07,5.825364498473065e-07,-5.577743129338805e-07,-7.060520890422473e-08
C:\Users\damba\.cache\kagglehub\datasets\sunnykusawa\ecommerce-products-image-dataset\versions\1\ecommerce products\tshirt\104.jpg,tshirt,exito,6267135.0,611661360.0,853486275.0,72209422020.0,135930890325.0,80786161125.0,9527603061810.0,23341994800815.0,9546420838575.0,12303150524325.0,12512348426.23673,19699339287.185177,-2512599107.200831,37723972251.72802,-535164484453.22156,203071597548.23438,-279111631676.7461,0.0003185669588953342,0.0005015492212322788,-6.39712889409076e-05,3.8365847125237865e-07,-5.442703292320581e-06,2.065268687778898e-06,-2.838607270817092e-06
C:\Users\damba\.cache\kagglehub\datasets\sunnykusawa\ecommerce-products-image-dataset\versions\1\ecommerce products\tshirt\105.jpg,tshirt,exito,3299190.0,329155020.0,443907315.0,35315217750.0,72917131935.0,43731622035.0,4045707353160.0,12938004865665.0,4695732263895.0,7208480992815.0,2475936838.260933,13189227718.962362,-556315654.8485131,28322696975.107723,-422255556457.6779,55061278275.228516,83357904076.54297,0.0002274704082479423,0.0012117267966394165,-5.111008777267376e-05,1.4325714367760029e-06,-2.1357826542185273e-05,2.785017775630367e-06,4.216270523761277e-06
C:\Users\damba\.cache\kagglehub\datasets\sunnykusawa\ecommerce-products-image-dataset\versions\1\ecommerce products\tshirt\106.jpg,tshirt,exito,5826240.0,625001175.0,853500810.0,84588785385.0,146803760100.0,92020597695.0,13035657436965.0,27028164942480.0,13098245833425.0,15892799672235.0,17542719869.095978,21772241887.45536,462575863.8615994,197784071087.60767,-856436503617.9716,607373888586.832,9118205988.703125,0.0005167972420640552,0.0006413962398618786,1.3627187373048538e-05,2.4139061745692934e-06,-1.045259789042481e-05,7.412849638849296e-06,1.1128547216209197e-07
C:\Users\damba\.cache\kagglehub\datasets\sunnykusawa\ecommerce-products-image-dataset\versions\1\ecommerce products\tshirt\107.jpg,tshirt,exito,5861430.0,647905020.0,730460250.0,82531845480.0,103204145700.0,80927133795.0,11552191014300.0,15771615878160.0,10477758673245.0,11450177976915.0,10914353683.424698,12173087267.149574,184232679.49491435,16486232455.124092,-123897470276.50934,151786506373.1289,-3619711035.8007812,0.000317680719403094,0.0003543182887922766,5.362403661921593e-06,1.9820402156316496e-07,-1.4895444994574417e-06,1.8248375463629038e-06,-4.351760089184573e-08
C:\Users\damba\.cache\kagglehub\datasets\sunnykusawa\ecommerce-products-image-dataset\versions\1\ecommerce products\tshirt\108.jpg,tshirt,exito,8507310.0,930622500.0,911763975.0,147693707040.0,142372845165.0,99126960390.0,26398124257050.0,25136675929875.0,15900319626570.0,15487688512920.0,45892052050.790726,44655288603.9013,-611743127.8496404,201425265346.82187,306195069975.6392,205205944891.375,44517591946.03906,0.0006340930024901617,0.000617004574050739,-8.452488379939804e-06,9.541865670006808e-07,1.4504993807481078e-06,9.72096304537009e-07,2.1088758729937748e-07
C:\Users\damba\.cache\kagglehub\datasets\sunnykusawa\ecommerce-products-image-dataset\versions\1\ecommerce products\tshirt\109.jpg,tshirt,exito,5433795.0,616643550.0,724653135.0,77678200980.0,113366431455.0,82734900960.0,10579757324040.0,19312796091555.0,10491027212940.0,12967220363820.0,7699619204.904976,16726391470.913692,499063633.5956712,17046980671.831469,-267074696889.9284,18559885278.625,-31057045714.59375,0.0002607730745561898,0.0005664945777217076,1.6902440843960293e-05,2.4767909046679487e-07,-3.880383235354816e-06,2.696603928561867e-07,-4.512342087585548e-07
C:\Users\damba\.cache\kagglehub\datasets\sunnykusawa\ecommerce-products-image-dataset\versions\1\ecommerce products\tshirt\11.jpg,tshirt,exito,5487090.0,613393065.0,640684185.0,78092018295.0,84774555435.0,71988827385.0,10853091176085.0,12203924099145.0,9218881299675.0,9564416011095.0,9521783035.491922,9966920621.444145,367761221.664429,-5541325808.88234,-22048827894.571384,18469886297.976562,1722126095.7734375,0.0003162526069083591,0.0003310372246071189,1.2214670785677058e-05,-7.857031182411875e-08,-3.126297465231006e-07,2.618840284507173e-07,2.441798028343368e-08
C:\Users\damba\.cache\kagglehub\datasets\sunnykusawa\ecommerce-products-image-dataset\versions\1\ecommerce products\tshirt\110.jpg,tshirt,exito,5129835.0,565661145.0,574597620.0,76176709215.0,77996441490.0,60765211995.0,11473479548985.0,11604638195910.0,7879556285385.0,8030666180505.0,13801889954.202919,13635224236.489042,-2595022329.0035734,29721551660.371143,-186404681205.75433,-80767820657.71094,11427922164.476562,0.0005244834246401906,0.0005181499872133786,-9.861303072620825e-05,4.986697083405893e-07,-3.1275072402809165e-06,-1.355126610848782e-06,1.9173826043196969e-07
C:\Users\damba\.cache\kagglehub\datasets\sunnykusawa\ecommerce-products-image-dataset\versions\1\ecommerce products\tshirt\111.jpg,tshirt,exito,5634990.0,628650735.0,700413345.0,79029048945.0,99565789635.0,78168008550.0,10802842879875.0,15538082266485.0,9792211015050.0,11112782881050.0,8895517809.001493,12506388668.167933,28497363.98927531,1400938843.341786,53318175031.44462,-37235053420.57422,-2059683527.5664062,0.0002801463278600718,0.0003938633967583879,8.974667969534932e-07,1.858601583404659e-08,7.073631015990971e-07,-4.9399108015704e-07,-2.7325468801449103e-08
C:\Users\damba\.cache\kagglehub\datasets\sunnykusawa\ecommerce-products-image-dataset\versions\1\ecommerce products\tshirt\112.jpg,tshirt,exito,5114280.0,559532475.0,563969985.0,70533944775.0,70376567445.0,61704359145.0,9758408752845.0,9563166160215.0,7784680043415.0,7699307719785.0,9317783246.959759,8185575950.420069,2707782.000145425,2736921259.923058,-2815752831.934018,6056667167.28125,-902120124.6796875,0.0003562407535454389,0.0003129538075198865,1.0352487009003162e-07,4.627016515524111e-08,-4.7602885211826495e-08,1.0239351574488048e-07,-1.525116844609892e-08
C:\Users\damba\.cache\kagglehub\datasets\sunnykusawa\ecommerce-products-image-dataset\versions\1\ecommerce products\tshirt\113.jpg,tshirt,exito,5200215.0,561838695.0,616399515.0,67084254795.0,86539586385.0,64688727420.0,8640451901265.0,13323959552115.0,7587839434380.0,8855782339470.0,6382395506.623837,13475614589.17324,-1907961198.8807476,13446345936.787605,-128500330832.38348,48387842552.578125,-41764312953.08984,0.00023601581968717402,0.0004983173198450943,-7.055486076001072e-05,2.1804745952551562e-07,-2.083775831583537e-06,7.846627024256783e-07,-6.772548007511277e-07
C:\Users\damba\.cache\kagglehub\datasets\sunnykusawa\ecommerce-products-image-dataset\versions\1\ecommerce products\tshirt\114.jpg,tshirt,exito,4945215.0,666321375.0,680113050.0,101324436405.0,120540324780.0,88047118590.0,16535650293885.0,22803518646600.0,13330502277600.0,15489508059300.0,11543875846.5833,27004702814.05868,-3591740919.939157,-227726068988.80914,-1202222160330.0222,363307931934.47656,235769807956.64844,0.0004720427062400137,0.0011042541661887744,-0.0001468705248127637,-4.187451641781238e-06,-2.2106591403495093e-05,6.6805456345269426e-06,4.335360785852898e-06
C:\Users\damba\.cache\kagglehub\datasets\sunnykusawa\ecommerce-products-image-dataset\versions\1\ecommerce products\tshirt\115.jpg,tshirt,exito,3239010.0,327846870.0,430370895.0,36088591950.0,66820294095.0,43516452525.0,4268494781100.0,11331118198965.0,4816503489645.0,6786798509325.0,2904510959.5748744,9636430117.08668,-44929151.76192164,27692323722.79732,-108175869907.72995,30467060841.91211,35305962832.55859,0.0002768524950806075,0.0009185263057075353,-4.28256182891591e-06,1.4666573998830124e-06,-5.729275075545289e-06,1.613614685563215e-06,1.8698955048592782e-06
C:\Users\damba\.cache\kagglehub\datasets\sunnykusawa\ecommerce-products-image-dataset\versions\1\ecommerce products\tshirt\116.jpg,tshirt,exito,5485305.0,587529690.0,727832985.0,73305336540.0,111368842035.0,75235275225.0,9979294996410.0,18500672142555.0,9325466600025.0,11221284601005.0,10375173744.768723,14794293481.362564,-2722739515.9897265,-94986539550.55025,-202657263073.27997,182007612279.125,15143469767.628906,0.00034482108719669353,0.0004916914634921242,-9.049082195181158e-05,-1.347907576443424e-06,-2.875810210691898e-06,2.58278110479906e-06,2.1489358102750986e-07
C:\Users\damba\.cache\kagglehub\datasets\sunnykusawa\ecommerce-products-image-dataset\versions\1\ecommerce products\tshirt\117.jpg,tshirt,exito,4099635.0,454903935.0,566885655.0,61129425945.0,93479912715.0,62975949030.0,9191145102675.0,16619723346105.0,8871770546730.0,10440694861080.0,10652349308.059343,15092606077.999638,73150328.51745231,44085025099.06121,-480331979101.56134,402736739773.1406,47741371000.95703,0.0006338040570591062,0.0008979948635925643,4.352370885405576e-06,1.2954722422140063e-06,-1.4114923255131408e-05,1.1834727690945096e-05,1.402916768177083e-06
C:\Users\damba\.cache\kagglehub\datasets\sunnykusawa\ecommerce-products-image-dataset\versions\1\ecommerce products\tshirt\118.jpg,tshirt,exito,5494740.0,510210630.0,667119525.0,53779698900.0,96808674045.0,61601108370.0,6173418626550.0,15440620855425.0,6535051396170.0,8886277710930.0,6404411449.638945,15813311091.297794,-343855929.5939308,-9616723253.322428,-152781892036.72937,69484456901.47656,-19335396355.48047,0.00021212161777015056,0.0005237554078724685,-1.1388911633626476e-05,-1.3588116133050918e-07,-2.158758276947498e-06,9.817927010565074e-07,-2.7320284075562683e-07
C:\Users\damba\.cache\kagglehub\datasets\sunnykusawa\ecommerce-products-image-dataset\versions\1\ecommerce products\tshirt\119.jpg,tshirt,exito,3208665.0,306131325.0,417447750.0,35489268255.0,62543768910.0,39320855670.0,4691010053535.0,10106272763040.0,4556434477500.0,5896239150360.0,6281984806.507988,8233760236.591436,-506871071.73487926,106361491258.81802,-173106660367.73416,35994681944.078125,60970442021.64844,0.0006101661736861435,0.000799741185843908,-4.9232144285395886e-05,5.7673123811254885e-06,-9.386481646489212e-06,1.951764425017359e-06,3.3060422620296237e-06
C:\Users\damba\.cache\kagglehub\datasets\sunnykusawa\ecommerce-products-image-dataset\versions\1\ecommerce products\tshirt\12.jpg,tshirt,exito,8326005.0,766652910.0,952511445.0,93598291110.0,149490435765.0,87566979855.0,12893105512950.0,26283016202625.0,10728585115785.0,13711802177475.0,23005409600.624493,40521241913.20818,-139629871.7002417,37993045130.19555,-90405907989.73067,46469476917.03125,-21228188791.726562,0.0003318613192942879,0.0005845335090402053,-2.0142111894446126e-06,1.8993825123060753e-07,-4.5196535328086423e-07,2.3231439204137752e-07,-1.0612587230311785e-07
C:\Users\damba\.cache\kagglehub\datasets\sunnykusawa\ecommerce-products-image-dataset\versions\1\ecommerce products\tshirt\120.jpg,tshirt,exito,5983320.0,663850425.0,762936030.0,84094507665.0,110848403610.0,84832737000.0,11647414294185.0,17478729080550.0,10895629134450.0,12342859922220.0,10440184183.608295,13566061052.329527,184847907.77148086,433008158.29717505,-115234556035.52344,131679931163.42969,-2930392335.796875,0.00029162429349397824,0.00037893900148746695,5.163332328210643e-06,4.944706322474357e-09,-1.3159129380775358e-06,1.5037097470111266e-06,-3.346340994388544e-08
C:\Users\damba\.cache\kagglehub\datasets\sunnykusawa\ecommerce-products-image-dataset\versions\1\ecommerce products\tshirt\121.jpg,tshirt,exito,5600310.0,655720260.0,694603935.0,85231058220.0,100197437385.0,80660654460.0,11985152854650.0,15686305958385.0,10500145987440.0,11501180972400.0,8455119142.615419,14046023174.450184,-668034997.4091694,25793908243.986546,-225381112631.72873,85411756755.33594,-64866303123.97656,0.0002695849208502269,0.0004478465627597649,-2.129977814198188e-05,3.4752574377846696e-07,-3.0365983339969587e-06,1.1507672281785257e-06,-8.739548123567097e-07
C:\Users\damba\.cache\kagglehub\datasets\sunnykusawa\ecommerce-products-image-dataset\versions\1\ecommerce products\tshirt\122.jpg,tshirt,exito,6544065.0,705676290.0,813177915.0,96280082250.0,116440797645.0,89960743140.0,14991523634310.0,17943426864555.0,12899833364100.0,13063617412530.0,20183798629.931416,15393769315.705091,2272070401.093008,256182907463.76276,-351445133533.361,445872567162.96875,-57386891331.953125,0.0004713111301617739,0.0003594593340262262,5.305503132389799e-05,2.3384664273792455e-06,-3.2080307541588458e-06,4.06997500154254e-06,-5.238340062574851e-07
C:\Users\damba\.cache\kagglehub\datasets\sunnykusawa\ecommerce-products-image-dataset\versions\1\ecommerce products\tshirt\123.jpg,tshirt,exito,7307025.0,904293240.0,801792165.0,147779169270.0,128748667935.0,95845618860.0,26575971404010.0,23120412387105.0,15810555633780.0,14884464114540.0,35866829581.8646,40768857293.13313,-3381526892.815211,-590210023575.2498,45908890573.34182,431876041087.65625,-306942310897.59375,0.0006717563846252221,0.000763567354567194,-6.333323314361413e-05,-4.089357675916023e-06,3.1808655658141015e-07,2.9923171974744674e-06,-2.126695320301425e-06
C:\Users\damba\.cache\kagglehub\datasets\sunnykusawa\ecommerce-products-image-dataset\versions\1\ecommerce products\tshirt\124.jpg,tshirt,exito,4908495.0,531133635.0,584459745.0,63131332005.0,81540580665.0,63224443980.0,8053541121765.0,12602985839655.0,7475948401560.0,8817620948400.0,5658942152.64949,11948334258.420181,-18205523.16197991,-2386995059.0741773,48459906488.138565,-37226833163.5625,-1307097317.1640625,0.0002348759494026244,0.0004959188973883413,-7.556252426152612e-07,-4.471782146400466e-08,9.078449652675212e-07,-6.974052471328321e-07,-2.4487082301583278e-08
C:\Users\damba\.cache\kagglehub\datasets\sunnykusawa\ecommerce-products-image-dataset\versions\1\ecommerce products\tshirt\125.jpg,tshirt,exito,6494850.0,762605040.0,783805995.0,104204671350.0,124086701325.0,100382565345.0,15759016886100.0,21761761184955.0,14580788826375.0,16499253692025.0,14661964892.822147,29496089101.78623,8350508843.4311,80504801880.64722,-332409324352.81244,44267371335.234375,-86118042962.46094,0.00034757931619808745,0.0006992398737454185,0.00019795874392843367,7.488571350478492e-07,-3.092077596403335e-06,4.117758953478265e-07,-8.01071605944776e-07
C:\Users\damba\.cache\kagglehub\datasets\sunnykusawa\ecommerce-products-image-dataset\versions\1\ecommerce products\tshirt\126.jpg,tshirt,exito,5304765.0,463922265.0,674200620.0,46922031075.0,101325535200.0,57529570545.0,5155445805915.0,16504550904690.0,5821293082365.0,8592791126265.0,6350230446.182281,15639086128.573763,-1431887445.0908542,-58772263772.17277,-348505127369.38135,108260835145.55664,95447137262.60547,0.00022566135255373303,0.0005557494894693113,-5.0883453805707165e-05,-9.067906747702279e-07,-5.3770465747789325e-06,1.6703442993684509e-06,1.4726431899705752e-06
C:\Users\damba\.cache\kagglehub\datasets\sunnykusawa\ecommerce-products-image-dataset\versions\1\ecommerce products\tshirt\127.jpg,tshirt,exito,5293035.0,594213495.0,627238290.0,75477960255.0,84042843390.0,70327667880.0,10439677522005.0,12288818607600.0,8898688155480.0,9414375856020.0,8769601508.058962,9713489353.58722,-88162829.36118576,-2734757966.059472,27378001438.14534,-25849777314.054688,345248655.90625,0.0003130187320436052,0.0003467094962507488,-3.1468496070950034e-06,-4.242843195538826e-08,4.247562985497526e-07,-4.010466488965544e-07,5.356363995134269e-09
C:\Users\damba\.cache\kagglehub\datasets\sunnykusawa\ecommerce-products-image-dataset\versions\1\ecommerce products\tshirt\128.jpg,tshirt,exito,4851120.0,598970775.0,642800940.0,84903585435.0,103353228900.0,80962666005.0,13168966887255.0,18232901815740.0,11914124138475.0,12836311575585.0,10948294841.466837,18178455143.65433,1595637936.733605,-17716530290.730175,-279484766561.1678,269888269199.91406,-347637439126.9453,0.00046522436222417663,0.0007724545532329055,6.78032197896249e-05,-3.418012344034023e-07,-5.392039899456901e-06,5.206896725810661e-06,-6.706894852915938e-06
C:\Users\damba\.cache\kagglehub\datasets\sunnykusawa\ecommerce-products-image-dataset\versions\1\ecommerce products\tshirt\129.jpg,tshirt,exito,5644425.0,615706935.0,693661455.0,76212583635.0,97608838545.0,75666743640.0,10294007629605.0,15086522472885.0,9333223282590.0,10646222363100.0,9049846986.52044,12362562059.314205,547634.9701785361,6206236386.738808,52510232990.20881,-32904537136.76953,-1310123555.8203125,0.00028405459746039713,0.00038803336615173646,1.718904543259145e-08,8.199342846761424e-08,6.937367132357735e-07,-4.347168950490724e-07,-1.7308641721643478e-08
C:\Users\damba\.cache\kagglehub\datasets\sunnykusawa\ecommerce-products-image-dataset\versions\1\ecommerce products\tshirt\13.jpg,tshirt,exito,4319190.0,527609280.0,492151530.0,77841880380.0,65811238950.0,61798255755.0,12746981841420.0,9682275712890.0,9344965368315.0,8191551874455.0,13391936677.102375,9732870440.779314,1679642220.0088573,-33543812038.420246,-34637897736.232605,64894296700.42969,-230373851242.96094,0.0007178583711709266,0.0005217186050006952,9.003516498603737e-05,-8.65180342561839e-07,-8.933995991490485e-07,1.673789186073425e-06,-5.941928344559788e-06
C:\Users\damba\.cache\kagglehub\datasets\sunnykusawa\ecommerce-products-image-dataset\versions\1\ecommerce products\tshirt\130.jpg,tshirt,exito,5780085.0,655279620.0,642050985.0,84439161330.0,87868079265.0,75998138070.0,11813758024200.0,13379479582665.0,10047222983220.0,10563067681650.0,10151087644.69185,16549151024.417004,3209775014.538765,-60611169028.44323,-57448122452.26103,-60041357724.0,-111488144142.36719,0.00030383942630824346,0.0004953444132439053,9.607405956207733e-05,-7.546005159944907e-07,-7.152210317053556e-07,-7.47506445524565e-07,-1.3880116890274613e-06
C:\Users\damba\.cache\kagglehub\datasets\sunnykusawa\ecommerce-products-image-dataset\versions\1\ecommerce products\tshirt\131.jpg,tshirt,exito,5096430.0,440422740.0,631648515.0,44959005120.0,92014729125.0,55020440925.0,5058067489920.0,14651039984565.0,5768291427735.0,8035902617745.0,6898600109.216451,13728586373.759386,434707442.30110955,-19519948179.855286,-156236756605.2299,120965965480.30469,-23571120218.277344,0.00026560047288676214,0.0005285592693024504,1.6736511816117347e-05,-3.328997750004015e-07,-2.6645143030835195e-06,2.062994344045349e-06,-4.019898282962612e-07
C:\Users\damba\.cache\kagglehub\datasets\sunnykusawa\ecommerce-products-image-dataset\versions\1\ecommerce products\tshirt\132.jpg,tshirt,exito,5999895.0,493478040.0,791489145.0,48984116370.0,123697156185.0,63935484960.0,5417643984420.0,21084656873835.0,6392177987280.0,9680960921670.0,8396643428.849932,19286151216.941223,-1162739584.908833,7598638443.94558,-321470243701.5816,121597671876.2539,-186084862950.125,0.0002332482588634594,0.0005357451736098162,-3.229945227396102e-05,8.617407991634069e-08,-3.6457060927195775e-06,1.3790059326028808e-06,-2.110337525515804e-06
C:\Users\damba\.cache\kagglehub\datasets\sunnykusawa\ecommerce-products-image-dataset\versions\1\ecommerce products\tshirt\133.jpg,tshirt,exito,6183750.0,635088975.0,849775260.0,77310837525.0,136922419830.0,88806558825.0,10487939767035.0,23841035567130.0,11175555207225.0,14456155881135.0,12085366545.974226,20145707882.061035,1532186663.486596,65489528181.89084,-511813952593.8458,236725730957.46484,-27280206193.90625,0.0003160501350467576,0.000526839932617423,4.006893792336718e-05,6.887189824218905e-07,-5.382478610026563e-06,2.4895202189467985e-06,-2.8689160498978573e-07
C:\Users\damba\.cache\kagglehub\datasets\sunnykusawa\ecommerce-products-image-dataset\versions\1\ecommerce products\tshirt\134.jpg,tshirt,exito,5980515.0,657850785.0,698512575.0,81778728735.0,96931967565.0,77503405620.0,11028436705725.0,14757316965435.0,9789326523900.0,10899848570490.0,9415787529.248287,15347050976.18941,667707390.6466156,-38598044566.603905,-149160897376.6931,90834997487.02344,81453336667.4961,0.0002632567296765487,0.0004290893818090923,1.8668482428736697e-05,-4.412846727515386e-07,-1.7053303742529804e-06,1.0385005922069387e-06,9.312417097662184e-07
C:\Users\damba\.cache\kagglehub\datasets\sunnykusawa\ecommerce-products-image-dataset\versions\1\ecommerce products\tshirt\135.jpg,tshirt,exito,5371575.0,590536395.0,642938895.0,72105377685.0,89655765435.0,70519622190.0,9514830751605.0,13820547850065.0,8555888974920.0,9805059160470.0,7183407160.60147,12700603735.904112,-163337139.1694775,8312358937.876404,49055685709.4405,-38692465659.72656,-12352103714.222656,0.0002489586357488303,0.0004401706472409446,-5.660850126633378e-06,1.2429972808233233e-07,7.335593229487746e-07,-5.785918288999787e-07,-1.847084737795129e-07
C:\Users\damba\.cache\kagglehub\datasets\sunnykusawa\ecommerce-products-image-dataset\versions\1\ecommerce products\tshirt\136.jpg,tshirt,exito,6970170.0,672569640.0,894852630.0,80468769510.0,135003071040.0,86789142645.0,10994960079540.0,22280257721970.0,10424224723965.0,12977943163035.0,15570794188.059559,20119039600.606564,442509605.611692,225389434385.24747,-217759425040.00342,7989957643.2421875,-162472157829.6328,0.0003204970402959003,0.00041411456395301443,9.108271369344164e-06,1.7572159126351762e-06,-1.6977296555637777e-06,6.229254157489999e-08,-1.2666905255656983e-06
C:\Users\damba\.cache\kagglehub\datasets\sunnykusawa\ecommerce-products-image-dataset\versions\1\ecommerce products\tshirt\137.jpg,tshirt,exito,4972755.0,547229490.0,598148910.0,66139156200.0,84899196630.0,65450843625.0,8585231943750.0,13172505160410.0,7936921460235.0,9151668876015.0,5918993588.799553,12950725705.092558,-372773859.34336287,4195395160.6499457,-155174737861.75604,63402959628.765625,-101430365342.98828,0.00023936119483621525,0.0005237209894318774,-1.5074791860727637e-05,7.608170139844985e-08,-2.8140276704595063e-06,1.1497856238901747e-06,-1.8393964032616664e-06
C:\Users\damba\.cache\kagglehub\datasets\sunnykusawa\ecommerce-products-image-dataset\versions\1\ecommerce products\tshirt\138.jpg,tshirt,exito,5288955.0,519953415.0,698074995.0,61376666295.0,112496302605.0,64021599735.0,8033255011905.0,19461260600355.0,7309105525875.0,10106601446565.0,10260414829.415167,20359254994.602474,-4605657932.41406,-18029731705.555714,-761151867821.713,113721773047.1289,262946615306.3047,0.00036679649399414216,0.0007278169037516943,-0.00016464628479763693,-2.8026223713977225e-07,-1.1831686059593224e-05,1.7677422518643875e-06,4.087360136999034e-06
C:\Users\damba\.cache\kagglehub\datasets\sunnykusawa\ecommerce-products-image-dataset\versions\1\ecommerce products\tshirt\139.jpg,tshirt,exito,3109215.0,310098870.0,402336960.0,35665214430.0,65271122940.0,41641629540.0,4688976307410.0,11596532104950.0,4970178845160.0,6831407716920.0,4737372780.169767,13208132962.77372,1514383062.9197047,186923350361.5165,-267949864454.5626,52972764322.41992,-70362029767.27734,0.0004900451010025114,0.0013662806690853443,0.0001566513836807212,1.0965707846003399e-05,-1.5719063056072147e-05,3.107604567494637e-06,-4.1277318236994716e-06
C:\Users\damba\.cache\kagglehub\datasets\sunnykusawa\ecommerce-products-image-dataset\versions\1\ecommerce products\tshirt\14.jpg,tshirt,exito,5177775.0,592402485.0,634307400.0,72570737385.0,94425012330.0,71331804075.0,9399760832685.0,15592045760460.0,8637589792485.0,10489045655625.0,4792453424.384628,16718685250.364439,-1240928423.7835577,123382069.46859992,-71836044207.88945,31210105679.54297,-10319764134.480469,0.0001787604965494852,0.0006236138804819905,-4.628714388526428e-05,2.022526006549154e-09,-1.1775638732907357e-06,5.11607972502744e-07,-1.6916551516224798e-07
C:\Users\damba\.cache\kagglehub\datasets\sunnykusawa\ecommerce-products-image-dataset\versions\1\ecommerce products\tshirt\140.jpg,tshirt,exito,5404980.0,600740985.0,690602220.0,74004076065.0,100964137470.0,76826328600.0,9834899290815.0,16074627543360.0,9513404313990.0,11234535677790.0,7234221031.536381,12724879180.620876,68772071.39366634,1547884206.8744302,-77461289513.4426,42507544093.18359,-4781337954.761719,0.00024763019026253537,0.000435577547164841,2.354094663367712e-06,2.2790467867927173e-08,-1.1405110419913545e-06,6.258651735690123e-07,-7.039863094393438e-08
C:\Users\damba\.cache\kagglehub\datasets\sunnykusawa\ecommerce-products-image-dataset\versions\1\ecommerce products\tshirt\141.jpg,tshirt,exito,6949515.0,694498875.0,789633765.0,80283191475.0,113957221575.0,78211323870.0,10215346750935.0,18528106217085.0,8963790170580.0,11291034197400.0,10878536995.332624,24235639158.374496,-700623432.0080355,17966132200.330185,72281902320.03543,-18297698856.027344,61949815966.79297,0.00022524828846716625,0.0005018171324575959,-1.4506934984686943e-05,1.4111343037383876e-07,5.677319456738428e-07,-1.437176919734583e-07,4.865794676687007e-07
C:\Users\damba\.cache\kagglehub\datasets\sunnykusawa\ecommerce-products-image-dataset\versions\1\ecommerce products\tshirt\142.jpg,tshirt,exito,5582970.0,618575685.0,684324630.0,77983210815.0,95469771300.0,75870839010.0,10733885213775.0,14555780892990.0,9531833178270.0,10592858002590.0,9446951785.626879,11589650284.727322,49801683.161134034,202712830.11313865,12539176321.640116,-37884034564.38281,2895990346.3203125,0.000303082674179183,0.000371825990097778,1.5977669468013786e-06,2.7524408927952994e-09,1.7025731252624768e-07,-5.143905586088477e-07,3.932184386110948e-08
C:\Users\damba\.cache\kagglehub\datasets\sunnykusawa\ecommerce-products-image-dataset\versions\1\ecommerce products\tshirt\143.jpg,tshirt,exito,6463485.0,790932480.0,956498625.0,118634432340.0,161790928905.0,116046434790.0,19723774441830.0,29098316891925.0,17667261122760.0,19455760553550.0,21848536198.99396,20243509884.627766,-999683455.472842,-140626825373.14774,-835778998255.9133,355809609905.66406,-46614548913.34375,0.000522984545057135,0.00048456531416778213,-2.392924598700039e-05,-1.3240406219402962e-06,-7.869091417793608e-06,3.350046308318256e-06,-4.3888892585692386e-07
C:\Users\damba\.cache\kagglehub\datasets\sunnykusawa\ecommerce-products-image-dataset\versions\1\ecommerce products\tshirt\144.jpg,tshirt,exito,4300065.0,467639655.0,488599380.0,55722759885.0,64237900170.0,53207373840.0,7120610787615.0,9337026418380.0,6301263464070.0,7002955203630.0,4866122385.67871,8720284939.443163,71329269.41469987,2263554370.2989407,56224889743.93891,-45807736384.14453,760504934.2851562,0.0002631679434119231,0.00047160742611678864,3.857604813267218e-06,5.9034158847105165e-08,1.4663615399997254e-06,-1.1946791389732638e-06,1.9834190723975384e-08
C:\Users\damba\.cache\kagglehub\datasets\sunnykusawa\ecommerce-products-image-dataset\versions\1\ecommerce products\tshirt\145.jpg,tshirt,exito,6600420.0,789353265.0,807251460.0,116463047415.0,125892595770.0,97629983400.0,18838733687805.0,21640118758080.0,14737233459450.0,14982907521420.0,22063209682.52839,27163284654.626797,1089676021.527579,-366380521206.98315,-401233781638.4553,232816511350.03125,-339301766623.03125,0.0005064371420036182,0.000623503853059673,2.501233582932886e-05,-3.273432931303468e-06,-3.584829973056196e-06,2.080103037939164e-06,-3.0314973428562965e-06
C:\Users\damba\.cache\kagglehub\datasets\sunnykusawa\ecommerce-products-image-dataset\versions\1\ecommerce products\tshirt\146.jpg,tshirt,exito,5560275.0,607431165.0,664266840.0,74331493515.0,92717722560.0,72374840010.0,9862347046605.0,14325049719330.0,8801717635740.0,10078790091120.0,7972793592.198118,13360058645.25017,-192862215.5317607,44857948.27448542,56223725306.69482,-36270641667.08594,-4058379834.0820312,0.000257880187848762,0.0004321313970148466,-6.238132694031869e-06,6.153167354114637e-10,7.712211645681471e-07,-4.975246011098652e-07,-5.566881961000075e-08
C:\Users\damba\.cache\kagglehub\datasets\sunnykusawa\ecommerce-products-image-dataset\versions\1\ecommerce products\tshirt\147.jpg,tshirt,exito,6717975.0,682557480.0,716209320.0,102229466850.0,119536154670.0,69722065575.0,17526210298830.0,22369672814070.0,10125640009725.0,11668212687825.0,32880486911.260956,43180438839.729355,-3045997511.2296486,458100957916.0986,418806142338.737,-154177966063.64062,172612765531.97656,0.000728553541244034,0.0009567760268897368,-6.74920745369756e-05,3.916203412863567e-06,3.5802807560502357e-06,-1.318033211791226e-06,1.4756282208079396e-06
C:\Users\damba\.cache\kagglehub\datasets\sunnykusawa\ecommerce-products-image-dataset\versions\1\ecommerce products\tshirt\148.jpg,tshirt,exito,4217700.0,388075830.0,559045680.0,41276812770.0,87412182870.0,46124782755.0,4755458758380.0,14790464729340.0,4461552642105.0,6822766886625.0,5569472316.627567,13312063770.33374,-5313706533.928661,-67380362313.003876,-324765537920.0416,-31745059527.585938,188500330391.54297,0.00031308530088425073,0.0007483314852795552,-0.00029870754613841677,-1.8443533452810552e-06,-8.889569389852202e-06,-8.689342818293193e-07,5.1596815898559005e-06
C:\Users\damba\.cache\kagglehub\datasets\sunnykusawa\ecommerce-products-image-dataset\versions\1\ecommerce products\tshirt\149.jpg,tshirt,exito,6339300.0,637992405.0,751876425.0,82562453385.0,112868896365.0,77253745575.0,12406717140795.0,18436871683665.0,10684594998465.0,11799770220795.0,18354369079.527153,23692148384.815975,1584279127.8288426,403165590875.1557,-570053047598.9586,573340066177.1172,64742237378.8125,0.0004567271732757027,0.0005895516164974205,3.942294745179026e-05,3.984558407306222e-06,-5.633937307225035e-06,5.666423505965713e-06,6.398592342555476e-07
C:\Users\damba\.cache\kagglehub\datasets\sunnykusawa\ecommerce-products-image-dataset\versions\1\ecommerce products\tshirt\15.jpg,tshirt,exito,5859645.0,657628680.0,731934660.0,85941280650.0,103942930170.0,82034585535.0,12355389957180.0,15993660521190.0,10921656754185.0,11645034168555.0,12135532902.731627,12516171977.427654,-110531498.89007097,-13755258820.112312,-116781905780.02293,211447404455.5703,7119535004.59375,0.0003534404414288432,0.00036452633635112946,-3.2191665642227225e-06,-1.6549714364862422e-07,-1.4050678427204432e-06,2.544040932050346e-06,8.565907212475409e-08
C:\Users\damba\.cache\kagglehub\datasets\sunnykusawa\ecommerce-products-image-dataset\versions\1\ecommerce products\tshirt\150.jpg,tshirt,exito,6380355.0,744305730.0,730200915.0,99454132020.0,105079060995.0,87076570485.0,14680985167770.0,16663281428655.0,12155725290465.0,12726136008345.0,12626515106.703966,21511081428.528038,1894362741.7407348,133165270230.58067,-286190688396.6654,331701660386.8828,34447533907.44922,0.00031016573340661316,0.0005284118611719174,4.653432908168089e-05,1.2950271290426883e-06,-2.783193432576929e-06,3.2257858840049942e-06,3.35000941773481e-07
C:\Users\damba\.cache\kagglehub\datasets\sunnykusawa\ecommerce-products-image-dataset\versions\1\ecommerce products\tshirt\151.jpg,tshirt,exito,6788100.0,788453880.0,790925085.0,108938895270.0,109168964175.0,96617266200.0,16855168459200.0,16547338322415.0,13817022021420.0,13617580603890.0,17358111120.229897,17013207765.657583,4749445741.023285,169286580179.66144,-137274141429.75703,20533630566.976562,-169429742481.33203,0.0003767090043193521,0.00036922384660908043,0.00010307336805123372,1.4101066243367989e-06,-1.1434525759502771e-06,1.710390064791262e-07,-1.4112991235279737e-06
C:\Users\damba\.cache\kagglehub\datasets\sunnykusawa\ecommerce-products-image-dataset\versions\1\ecommerce products\tshirt\152.jpg,tshirt,exito,3521040.0,315038985.0,499998390.0,31961021445.0,85106855370.0,43900560810.0,3497384563665.0,15683628112350.0,4552536043110.0,7346710473030.0,3773451275.43924,14105563137.42324,-835933318.7898293,-37518838488.5397,-407869962216.8287,163561167307.10938,-30668569872.683594,0.00030436648506742154,0.0011377543682565122,-6.74263604904209e-05,-1.6127683351473141e-06,-1.753251930018997e-05,7.030768598372596e-06,-1.3183056930193926e-06
C:\Users\damba\.cache\kagglehub\datasets\sunnykusawa\ecommerce-products-image-dataset\versions\1\ecommerce products\tshirt\153.jpg,tshirt,exito,3592440.0,452887905.0,524245320.0,65009114775.0,89936244780.0,66992791140.0,9962437656585.0,16645099417380.0,9805279809930.0,11600751255390.0,7914924059.138628,13433044854.07155,902789725.6814308,-228682737105.38132,-399883162839.4647,90865853628.60547,-724081497.0585938,0.0006132925731947805,0.001040867427512756,6.995319598520955e-05,-9.348879738417786e-06,-1.6347799777652387e-05,3.714726999751814e-06,-2.9601494728020772e-08
C:\Users\damba\.cache\kagglehub\datasets\sunnykusawa\ecommerce-products-image-dataset\versions\1\ecommerce products\tshirt\154.jpg,tshirt,exito,6842670.0,548450940.0,935885955.0,58242451350.0,150817782675.0,76997468025.0,7074509249640.0,26066363342835.0,8498704008315.0,12527813059575.0,14283231690.585825,22814748659.58468,1984712513.9863634,116635950958.2084,-802132470129.173,214609189905.3828,-103379707272.53125,0.0003050529922095965,0.00048726419173774076,4.2388340690883147e-05,9.522882920876035e-07,-6.549107318386064e-06,1.7522026205670368e-06,-8.440560913362779e-07
C:\Users\damba\.cache\kagglehub\datasets\sunnykusawa\ecommerce-products-image-dataset\versions\1\ecommerce products\tshirt\155.jpg,tshirt,exito,3732435.0,368307975.0,458060070.0,44258534655.0,77427477330.0,49742741625.0,5926390495455.0,14287971907920.0,6193152013455.0,8347361519535.0,7914763243.414636,21212425298.710804,4542442943.2926855,-2959143808.195429,-420808210179.22797,-134916233188.5625,-407936523142.76953,0.0005681374552473976,0.0015226700986744502,0.0003260655935041476,-1.0994752013782774e-07,-1.5635204694921114e-05,-5.012836897056842e-06,-1.5156954849229476e-05
C:\Users\damba\.cache\kagglehub\datasets\sunnykusawa\ecommerce-products-image-dataset\versions\1\ecommerce products\tshirt\156.jpg,tshirt,exito,5491425.0,607045605.0,785609865.0,77089482225.0,131477088885.0,87362628210.0,10755328653375.0,23866913950155.0,11542775148990.0,14648346743670.0,9984064860.688187,19086796750.386806,517953869.02415186,26165136829.97396,-403516709691.12335,399747435187.1406,-33891164354.632812,0.0003310833040854138,0.0006329405728729633,1.7175957960325147e-05,3.702630454120452e-07,-5.710167952713594e-06,5.656828921241767e-06,-4.795941182364145e-07
C:\Users\damba\.cache\kagglehub\datasets\sunnykusawa\ecommerce-products-image-dataset\versions\1\ecommerce products\tshirt\157.jpg,tshirt,exito,5626065.0,625539990.0,911033655.0,86940287010.0,161328931125.0,101524190145.0,13562492548440.0,29818662535815.0,14536767196665.0,18002384396085.0,17388961334.02574,13804449885.86412,229949243.3460974,29124614577.48156,-776206639997.6243,407315735255.33594,-9615280759.0,0.0005493690021471039,0.00043612362540294136,7.264780450936858e-06,3.8792549524996236e-07,-1.0338689442098191e-05,5.425244612307996e-06,-1.2807079525393834e-07
C:\Users\damba\.cache\kagglehub\datasets\sunnykusawa\ecommerce-products-image-dataset\versions\1\ecommerce products\tshirt\158.jpg,tshirt,exito,6644535.0,646895220.0,865781355.0,74639590380.0,131802091485.0,85550671650.0,9489418699830.0,21893833852095.0,10051832948700.0,13242136652280.0,11659498370.724943,18990983609.785843,1260375923.5687063,-47583026674.48825,-228989250295.70645,80897734037.01172,81763064439.3789,0.0002640892232805997,0.0004301483607078294,2.8547686025032025e-05,-4.181100240979834e-07,-2.01211876693522e-06,7.108449355076885e-07,7.184485568128554e-07
C:\Users\damba\.cache\kagglehub\datasets\sunnykusawa\ecommerce-products-image-dataset\versions\1\ecommerce products\tshirt\159.jpg,tshirt,exito,5394015.0,662708025.0,671966310.0,87727018365.0,99224181180.0,81461608185.0,12337501089825.0,16088989960380.0,10672361543295.0,11898269057025.0,6306791243.013757,15513119609.904984,-1096090702.8669698,9667107661.850307,-137122568415.15938,12987290869.746094,-19307941181.035156,0.00021676250250923654,0.0005331812166913007,-3.767230507173363e-05,1.4305932802269978e-07,-2.0292173399116466e-06,1.9219327741567777e-07,-2.857298364185192e-07
C:\Users\damba\.cache\kagglehub\datasets\sunnykusawa\ecommerce-products-image-dataset\versions\1\ecommerce products\tshirt\16.jpg,tshirt,exito,3370590.0,435937800.0,368067765.0,58326288210.0,52536115155.0,47192967300.0,8041132147800.0,8545182845565.0,6285817877430.0,6715182821400.0,1943944030.2451222,12343187616.469587,-411354710.3949145,-5385266708.949516,112502084979.2403,23004421251.066406,10224448099.53711,0.000171108624723748,0.0010864643348270637,-3.6208006853177805e-05,-2.581917713008493e-07,5.393811331118794e-06,1.1029262971679893e-06,4.902019729136196e-07
C:\Users\damba\.cache\kagglehub\datasets\sunnykusawa\ecommerce-products-image-dataset\versions\1\ecommerce products\tshirt\160.jpg,tshirt,exito,2659905.0,273723120.0,270724320.0,36014035050.0,42501138660.0,24527745180.0,5199854779350.0,7731242311500.0,3476413144110.0,3724347682650.0,7845981520.819671,14946899903.554787,-3331710526.2295094,-121059734648.64563,362907544675.5899,496628998054.1631,28879557184.179688,0.001108957823802289,0.002112607778345254,-0.00047090685147581986,-1.0491423132981878e-05,3.145072653920388e-05,4.303945464457822e-05,2.5027946343327414e-06
C:\Users\damba\.cache\kagglehub\datasets\sunnykusawa\ecommerce-products-image-dataset\versions\1\ecommerce products\tshirt\161.jpg,tshirt,exito,5277225.0,500992890.0,595899555.0,63973518210.0,82462684125.0,48174207045.0,9483381273930.0,12655508088165.0,5625085283115.0,5904035360985.0,16411802378.184587,15174236190.86833,-8397464659.193764,293954941225.4704,-83027403764.89264,-4322380298.763672,-28083798205.160156,0.0005893116904087749,0.0005448734133058575,-0.00030153446766063445,4.594801317437618e-06,-1.2977989844699991e-06,-6.756300339238818e-08,-4.3897705020289406e-07
C:\Users\damba\.cache\kagglehub\datasets\sunnykusawa\ecommerce-products-image-dataset\versions\1\ecommerce products\tshirt\162.jpg,tshirt,exito,6009840.0,689158155.0,790415085.0,92384631615.0,126001090365.0,90251507655.0,13734712103205.0,21787861448325.0,12397599545925.0,14462456014665.0,13357741946.88837,22045576308.792637,-386679328.80791277,77307602533.52528,-582696618931.4987,335840826054.23047,115417721659.40625,0.00036983433608477745,0.0006103734531020701,-1.0705948162196286e-05,8.73101893927998e-07,-6.580898965970467e-06,3.7929421127648153e-06,1.3035125663091348e-06
C:\Users\damba\.cache\kagglehub\datasets\sunnykusawa\ecommerce-products-image-dataset\versions\1\ecommerce products\tshirt\163.jpg,tshirt,exito,5411610.0,541850520.0,811165455.0,71688892560.0,138629386515.0,84127571475.0,10862009378040.0,24936276299355.0,11643186594105.0,14818887198915.0,17434800704.845917,17040913697.232826,2907671371.7430086,192582836235.54993,-952021344871.7726,315208480121.4258,66602700783.296875,0.0005953385510177435,0.00058188866281157,9.928698874132361e-05,2.82684080619993e-06,-1.3974312761523644e-05,4.626810008019932e-06,9.776324622567424e-07
C:\Users\damba\.cache\kagglehub\datasets\sunnykusawa\ecommerce-products-image-dataset\versions\1\ecommerce products\tshirt\164.jpg,tshirt,exito,5019165.0,556250370.0,617628360.0,68087396490.0,87205349820.0,68459922675.0,8973744586710.0,13466921932290.0,8353656924855.0,9672393020355.0,6440793095.782656,11203705905.864958,11086310.28730476,334353106.5432725,-21367494671.71079,-27227257909.85547,5107218306.886719,0.00025566801657015906,0.0004447323838214056,4.400723513525835e-07,5.9241586487684504e-09,-3.7859504184252734e-07,-4.824199095875425e-07,9.049107339451545e-08
C:\Users\damba\.cache\kagglehub\datasets\sunnykusawa\ecommerce-products-image-dataset\versions\1\ecommerce products\tshirt\165.jpg,tshirt,exito,3517215.0,238289340.0,369710730.0,23153063130.0,50670990840.0,26661119550.0,2631014505210.0,7760298299760.0,2900889080040.0,3690413274600.0,7009094234.827088,11808986704.019432,1613425325.274418,112683095087.06572,-48558196952.981224,248546251032.8916,-81707074603.85156,0.0005665836862945103,0.0009545854277319826,0.00013042205422387942,4.856925878031762e-06,-2.0929808787136236e-06,1.071297089946542e-05,-3.5217811931336467e-06
C:\Users\damba\.cache\kagglehub\datasets\sunnykusawa\ecommerce-products-image-dataset\versions\1\ecommerce products\tshirt\166.jpg,tshirt,exito,5197155.0,513662310.0,805084470.0,69078684510.0,140532643530.0,78746644095.0,10644430766760.0,25992176280300.0,10756960803315.0,13864794888045.0,18310722285.56449,15818063373.129374,-824111175.0132545,197528091909.8377,-678262290112.7642,218974846128.36328,230534588147.6328,0.0006779132727970796,0.0005856281878647456,-3.051086107304036e-05,3.207854746777466e-06,-1.1014974558107515e-05,3.556149876131877e-06,3.7438800007410028e-06
C:\Users\damba\.cache\kagglehub\datasets\sunnykusawa\ecommerce-products-image-dataset\versions\1\ecommerce products\tshirt\167.jpg,tshirt,exito,6193950.0,747183405.0,744693840.0,106350693975.0,104160440070.0,94222065990.0,16811337871155.0,15872906458980.0,13951170621120.0,13527283253100.0,16217089295.047134,14626472999.883896,4388780436.560721,69556996966.76405,-167282238006.23532,105861165331.48438,-93031374922.4375,0.00042270512907820223,0.0003812450585237277,0.00011439537435974244,7.284866300237102e-07,-1.751985840996205e-06,1.1087086410525294e-06,-9.743392578621802e-07
C:\Users\damba\.cache\kagglehub\datasets\sunnykusawa\ecommerce-products-image-dataset\versions\1\ecommerce products\tshirt\168.jpg,tshirt,exito,6509130.0,701256630.0,805316010.0,92089495380.0,120823661400.0,93180109725.0,13864514583630.0,19973044905990.0,13154503866105.0,14513598308235.0,16540096133.256287,21189167087.80772,6419944962.943274,379444637700.8146,-218467615805.1236,377803612563.71875,-91819396063.30469,0.00039038411600751796,0.0005001128285994369,0.00015152539132685908,3.510274316035151e-06,-2.0210623222743573e-06,3.4950930542162465e-06,-8.494289698435909e-07
C:\Users\damba\.cache\kagglehub\datasets\sunnykusawa\ecommerce-products-image-dataset\versions\1\ecommerce products\tshirt\169.jpg,tshirt,exito,6274530.0,776730255.0,629112795.0,118848899835.0,80146809825.0,75368679240.0,20111959200435.0,11339734447005.0,11573382192090.0,9447230213100.0,22696695760.3737,17069111761.127167,-2509813919.5056014,-219755979273.11624,-119000590640.74818,278437909972.9922,29068225963.335938,0.0005765012269776519,0.00043355931531182757,-6.374984356122619e-05,-2.228372038053803e-06,-1.2066911197267739e-06,2.8234192078425147e-06,2.94757949916913e-07
C:\Users\damba\.cache\kagglehub\datasets\sunnykusawa\ecommerce-products-image-dataset\versions\1\ecommerce products\tshirt\17.jpg,tshirt,exito,3308115.0,317097855.0,450101520.0,33709361625.0,72700961040.0,44686119930.0,3881288957805.0,12620243832930.0,4887747064740.0,7292448651750.0,3314091313.780159,11460230803.502655,1541843952.8227859,14752045256.779911,-389989389911.2603,5672008095.408203,-95834831671.60547,0.0003028330519575077,0.0010472061092376916,0.0001408896936345928,7.41140830370438e-07,-1.9593016103421528e-05,2.8496094721283966e-07,-4.814729448505548e-06
C:\Users\damba\.cache\kagglehub\datasets\sunnykusawa\ecommerce-products-image-dataset\versions\1\ecommerce products\tshirt\170.jpg,tshirt,exito,5587560.0,621889410.0,695184825.0,77792657730.0,98720218815.0,77508972780.0,10571682125820.0,15369865233285.0,9676697113590.0,11017581511530.0,8577036193.918402,12227735349.895267,135650496.1760686,4213324695.5803957,44773393627.97735,-32190909873.054688,-3626845395.3632812,0.0002747216228964662,0.0003916531566059607,4.344872006325939e-06,5.709123393445617e-08,6.066867555533186e-07,-4.361920570834135e-07,-4.914434416317091e-08
C:\Users\damba\.cache\kagglehub\datasets\sunnykusawa\ecommerce-products-image-dataset\versions\1\ecommerce products\tshirt\171.jpg,tshirt,exito,3014100.0,288052080.0,353275725.0,38086385880.0,56364998805.0,37246346520.0,5883094615380.0,10022790718965.0,5059598848050.0,6278194184760.0,10557770110.01015,14958364030.348982,3484425084.162435,225273722537.31503,-90091936796.72954,-70419190694.92969,74690405652.10547,0.0011621358194953964,0.0016465267248278205,0.00038354455140239205,1.4282899921623865e-05,-5.712047115481058e-06,-4.464747339054714e-06,4.735552717906566e-06
C:\Users\damba\.cache\kagglehub\datasets\sunnykusawa\ecommerce-products-image-dataset\versions\1\ecommerce products\tshirt\172.jpg,tshirt,exito,5562315.0,508870605.0,469009260.0,60833632065.0,61677497700.0,49349987055.0,8466402625365.0,9918696034980.0,6620452409085.0,7229531907345.0,14279401922.862059,22131070364.30477,6442487949.537207,288299992861.46405,985963634159.5278,312229620715.3496,500492185389.69336,0.0004615288547572214,0.0007153049977139251,0.0002082295954129948,3.950987740751579e-06,1.3512071896800485e-05,4.27892970617813e-06,6.858961282620834e-06
C:\Users\damba\.cache\kagglehub\datasets\sunnykusawa\ecommerce-products-image-dataset\versions\1\ecommerce products\tshirt\173.jpg,tshirt,exito,5259630.0,680525130.0,549353130.0,105620512950.0,74268094650.0,72763875660.0,18160636756800.0,11513176084680.0,11837523745740.0,9823190097030.0,17569746534.583534,16889750272.01202,1684995546.920391,-51808110043.19295,227917500176.89542,369735515670.03906,-138084730670.2539,0.0006351190050763746,0.0006105381980118002,6.09099677796557e-05,-8.166007320594769e-07,3.592441363687087e-06,5.827780486738912e-06,-2.176494993883309e-06
C:\Users\damba\.cache\kagglehub\datasets\sunnykusawa\ecommerce-products-image-dataset\versions\1\ecommerce products\tshirt\174.jpg,tshirt,exito,6118470.0,804871035.0,782522835.0,118016644605.0,115437637335.0,103925077875.0,18715633232895.0,18423793095765.0,15582204414645.0,15463646563395.0,12137661300.028135,15356736832.6788,985950263.4264851,-2556595039.0581803,-268229863961.78015,229045057574.15625,25887151256.492188,0.00032422712437653474,0.00041021663893810585,2.63371839753277e-05,-2.7609265588526516e-08,-2.8966768063601005e-06,2.473510950969313e-06,2.795613788854676e-07
C:\Users\damba\.cache\kagglehub\datasets\sunnykusawa\ecommerce-products-image-dataset\versions\1\ecommerce products\tshirt\175.jpg,tshirt,exito,2687190.0,275837580.0,279735765.0,31733535690.0,35402621805.0,28072664910.0,3999244027050.0,5113473251145.0,3154915503810.0,3513646071510.0,3419062005.4982,6282202995.710289,-641953876.5572187,39898663117.27875,120118402619.97066,-16745180709.75,13253986529.208984,0.0004734893636462413,0.0008699919141425298,-8.890108807986497e-05,3.370640287450627e-06,1.014760634823752e-05,-1.4146333814498497e-06,1.119697189686858e-06
C:\Users\damba\.cache\kagglehub\datasets\sunnykusawa\ecommerce-products-image-dataset\versions\1\ecommerce products\tshirt\176.jpg,tshirt,exito,5808390.0,481840860.0,666600600.0,48556804200.0,92541047340.0,54406737270.0,5550664734930.0,14210418290250.0,5446367640360.0,7367857982580.0,8585208910.16244,16038546660.748087,-891788893.1047459,98196635562.65787,-91398105659.66635,21698470518.023438,-104285556881.42969,0.0002544716053167629,0.00047539375668275373,-2.6433247415027657e-05,1.207694769861712e-06,-1.1240814264966812e-06,2.668638208270826e-07,-1.2825808226133667e-06
C:\Users\damba\.cache\kagglehub\datasets\sunnykusawa\ecommerce-products-image-dataset\versions\1\ecommerce products\tshirt\177.jpg,tshirt,exito,5523300.0,539249775.0,628894770.0,57783001785.0,92869174200.0,60841682160.0,6651954487905.0,15514451437650.0,6426503447010.0,8900865261840.0,5135070324.179362,21261868470.93352,-558452401.0734079,7803030401.03567,98324536667.81346,-43747481643.71484,-38947115385.171875,0.0001683251965041133,0.0006969540751102456,-1.8305807752281896e-05,1.0883453276578783e-07,1.3714037313290138e-06,-6.101779026442907e-07,-5.43223707671036e-07
C:\Users\damba\.cache\kagglehub\datasets\sunnykusawa\ecommerce-products-image-dataset\versions\1\ecommerce products\tshirt\178.jpg,tshirt,exito,6493575.0,674859285.0,705533745.0,81283627365.0,100904437635.0,74451189240.0,10676570066865.0,16117554827055.0,8998878808590.0,10500241601220.0,11147368901.717268,24247455104.772045,1127019011.1087852,-88042871160.45285,-114841254505.44536,-66928625689.1875,-231381044683.1797,0.00026436542273328254,0.0005750405118459704,2.672781890750213e-05,-8.19378462938618e-07,-1.0687798950482394e-06,-6.22876943027655e-07,-2.1533673566837857e-06
C:\Users\damba\.cache\kagglehub\datasets\sunnykusawa\ecommerce-products-image-dataset\versions\1\ecommerce products\tshirt\179.jpg,tshirt,exito,6161565.0,669008820.0,784132395.0,82851210540.0,115274598495.0,84846992010.0,11220973608360.0,18600333322335.0,10492241319450.0,12422748535620.0,10211742931.073954,15484429457.030579,-292333518.94011706,7640181566.77198,-10885176739.11922,11921669446.425781,-19101343497.257812,0.00026897864703119854,0.00040786190109900236,-7.700103198554802e-06,8.107297198856571e-08,-1.1550689223136592e-07,1.2650552406902803e-07,-2.026918696582034e-07
C:\Users\damba\.cache\kagglehub\datasets\sunnykusawa\ecommerce-products-image-dataset\versions\1\ecommerce products\tshirt\18.jpg,tshirt,exito,6463740.0,809866230.0,898457565.0,114101271330.0,140583603495.0,111660066315.0,17399953331520.0,23718492304815.0,15762816522015.0,17329597603185.0,12630093576.189837,15698320964.185139,-911052105.841487,-61166544654.83757,-186700746140.58493,131078591037.99219,-31377567398.210938,0.0003023004617024525,0.0003757382830775574,-2.180597242367839e-05,-5.758432101086336e-07,-1.757666018146877e-06,1.2340196273268566e-06,-2.953993762104196e-07
C:\Users\damba\.cache\kagglehub\datasets\sunnykusawa\ecommerce-products-image-dataset\versions\1\ecommerce products\tshirt\180.jpg,tshirt,exito,5074245.0,576848250.0,557457030.0,81807352230.0,70679295540.0,64235497815.0,13146123800340.0,9765192986280.0,9382843341675.0,8119239006585.0,16230324804.62687,9437014117.557669,862895150.8208987,155955432046.7274,-73143534385.4753,199289389970.1211,-105291318505.30469,0.0006303537578196638,0.0003665149886528382,3.3513143296384194e-05,2.688883121571718e-06,-1.2610937142752264e-06,3.4360193163289524e-06,-1.8153651043851963e-06
C:\Users\damba\.cache\kagglehub\datasets\sunnykusawa\ecommerce-products-image-dataset\versions\1\ecommerce products\tshirt\181.jpg,tshirt,exito,6250050.0,695480625.0,904106580.0,93997037415.0,153066426990.0,100357704375.0,14187299552415.0,27549247556130.0,14047415238735.0,17040384313365.0,16606728577.408209,22282079984.88862,-247668274.0207964,31823313028.911743,-1039181989169.1263,505308686724.9531,79416436768.3125,0.00042512544954724935,0.0005704121209827066,-6.340206371224675e-06,3.2586420809279066e-07,-1.064101074759998e-05,5.174257466293283e-06,8.1320804824897e-07
C:\Users\damba\.cache\kagglehub\datasets\sunnykusawa\ecommerce-products-image-dataset\versions\1\ecommerce products\tshirt\182.jpg,tshirt,exito,3485085.0,386289555.0,505201665.0,46728634995.0,83764590705.0,55964930835.0,6148933334025.0,14977366343625.0,6803672294355.0,9302716876515.0,3911997724.431842,10530014699.315132,-32017979.192216635,102276986119.69603,-218123180833.22302,36936969166.96094,27466661557.289062,0.0003220859969457857,0.0008669663228843688,-2.636132092794675e-06,4.510705618176587e-06,-9.619851880339028e-06,1.6290252642450589e-06,1.2113577970905784e-06
C:\Users\damba\.cache\kagglehub\datasets\sunnykusawa\ecommerce-products-image-dataset\versions\1\ecommerce products\tshirt\183.jpg,tshirt,exito,5560020.0,344783205.0,724955565.0,27569777625.0,112231165845.0,44251360995.0,2474240346855.0,18910719077025.0,3585107109585.0,6768896110395.0,6189376394.415934,17706223268.450054,-703963479.2439439,-3013754950.5561247,-340121465448.1197,77667541759.18555,-7111273977.0546875,0.00020021388213499756,0.000572760722990404,-2.2771803180018112e-05,-4.134443413679604e-08,-4.665983053511191e-06,1.0654882754276218e-06,-9.7556570921201e-08
C:\Users\damba\.cache\kagglehub\datasets\sunnykusawa\ecommerce-products-image-dataset\versions\1\ecommerce products\tshirt\184.jpg,tshirt,exito,5623515.0,582445755.0,778985730.0,74299340055.0,129237113040.0,83434016865.0,10846370045205.0,23007505082130.0,11330228054655.0,14193179983485.0,13973537151.029795,21329733484.040268,2751928945.953616,256376063462.19202,-804111471235.2921,468013884953.83984,45260997522.171875,0.0004418660535742657,0.0006744809890664777,8.702048521592114e-05,3.4186751102906946e-06,-1.0722513777175308e-05,6.240783161092948e-06,6.035378014874479e-07
C:\Users\damba\.cache\kagglehub\datasets\sunnykusawa\ecommerce-products-image-dataset\versions\1\ecommerce products\tshirt\185.jpg,tshirt,exito,4225860.0,403827945.0,545578620.0,45373284495.0,87124840200.0,51964576005.0,5849258721225.0,15229283793720.0,5859548168595.0,8207697792585.0,6783030874.9266815,16688046127.052855,-171531899.79001015,216948357487.77213,-327959569056.8581,34424953329.6543,-73758976468.53125,0.00037983377847741593,0.0009344913406298492,-9.605383025379975e-06,5.909743120895494e-06,-8.933724272491247e-06,9.377468144166041e-07,-2.0092182712826656e-06
C:\Users\damba\.cache\kagglehub\datasets\sunnykusawa\ecommerce-products-image-dataset\versions\1\ecommerce products\tshirt\186.jpg,tshirt,exito,5999640.0,652475895.0,758780550.0,81761361705.0,109267575480.0,82127937210.0,11265095534415.0,17176603170600.0,10209550939320.0,11768037002070.0,10802971942.272402,13303830478.916187,-391350358.8945053,23641842480.693417,-7675658742.842674,-45770655294.39844,-16096883407.078125,0.0003001185670996363,0.0003695951967296256,-1.0872147921235963e-05,2.6814415804039057e-07,-8.705679570810444e-08,-5.191276372345342e-07,-1.825697490282365e-07
C:\Users\damba\.cache\kagglehub\datasets\sunnykusawa\ecommerce-products-image-dataset\versions\1\ecommerce products\tshirt\187.jpg,tshirt,exito,5021460.0,534601635.0,550465695.0,66000020805.0,67871906445.0,58615250895.0,8968870763295.0,9053254321875.0,7241049687165.0,7228030287825.0,9084520503.35999,7528404481.062614,10809047.726229321,7947434031.883246,-37610279663.27706,3651720913.5,-212529204.6796875,0.00036028152666836127,0.00029856777347918214,4.286742723731801e-07,1.4065394348007722e-07,-6.656279408933865e-07,6.462827434765558e-08,-3.761348709905426e-09
C:\Users\damba\.cache\kagglehub\datasets\sunnykusawa\ecommerce-products-image-dataset\versions\1\ecommerce products\tshirt\188.jpg,tshirt,exito,5957565.0,703996095.0,658614765.0,98276908455.0,87709300455.0,76412459775.0,15075046015815.0,12831586252185.0,10422955530315.0,9975927089775.0,15086796089.419594,14898779935.961567,-1415012131.6166594,-103747811364.02594,-158914598431.70245,-107235401205.65234,-75681117676.8711,0.0004250690082109738,0.0004197716714269171,-3.986782878404562e-05,-1.197586716424107e-06,-1.8343906211178982e-06,-1.2378448309014567e-06,-8.736059105472141e-07
C:\Users\damba\.cache\kagglehub\datasets\sunnykusawa\ecommerce-products-image-dataset\versions\1\ecommerce products\tshirt\189.jpg,tshirt,exito,6414525.0,809103015.0,855326865.0,113311535565.0,133198200165.0,110860878210.0,17182901142495.0,22523370445875.0,16009942968870.0,17612460412530.0,11254455908.737041,19147035660.889694,2973303482.019689,51042824722.65967,-343786037655.09644,150652046039.1328,18428424500.648438,0.00027352403839389395,0.0004653423106107452,7.226204290704942e-05,4.898052604717211e-07,-3.2989594646285726e-06,1.4456520588688573e-06,1.7683855295368186e-07
C:\Users\damba\.cache\kagglehub\datasets\sunnykusawa\ecommerce-products-image-dataset\versions\1\ecommerce products\tshirt\19.jpg,tshirt,exito,5933595.0,658717275.0,710421585.0,83570044575.0,97457049795.0,78395055960.0,11592545444895.0,14607637250055.0,9917874721290.0,10713625062150.0,10442632208.057926,12399200643.867807,-472303637.7448586,-3547058538.5580406,-29848343937.680504,17007810920.082031,7539986804.316406,0.0002966020731227504,0.00035217448462834274,-1.3414839793978934e-05,-4.1359340568280554e-08,-3.480370591288735e-07,1.9831413451962784e-07,8.791760235421353e-08
C:\Users\damba\.cache\kagglehub\datasets\sunnykusawa\ecommerce-products-image-dataset\versions\1\ecommerce products\tshirt\190.jpg,tshirt,exito,4711380.0,501532215.0,518302035.0,60473851545.0,65221085565.0,54975822810.0,7957100883705.0,8982727166475.0,6584365833930.0,6895101380790.0,7085128350.775328,8202335329.37026,-198068417.74166733,11143447541.430115,3023648784.083091,-26233382333.246094,-4184386893.6757812,0.0003191916002803737,0.000369522810342799,-8.92316583326906e-06,2.3128594284610838e-07,6.275683151575166e-08,-5.444825350888306e-07,-8.684833525159653e-08
C:\Users\damba\.cache\kagglehub\datasets\sunnykusawa\ecommerce-products-image-dataset\versions\1\ecommerce products\tshirt\191.jpg,tshirt,exito,5153295.0,553466535.0,626569935.0,66748612575.0,88340452995.0,66848411415.0,8753838085275.0,13676185188645.0,7997633548845.0,9371898435675.0,7306021889.835221,12158149547.224503,-445522050.7971699,15661722783.588175,-21329476049.565018,-22382916545.847656,-7572946160.292969,0.00027511290352159044,0.00045782285816037743,-1.6776416335164762e-05,2.597927467969669e-07,-3.538080227331855e-07,-3.712822306410927e-07,-1.2561813993985877e-07
C:\Users\damba\.cache\kagglehub\datasets\sunnykusawa\ecommerce-products-image-dataset\versions\1\ecommerce products\tshirt\192.jpg,tshirt,exito,6219960.0,635018085.0,848887860.0,79752632355.0,142452252420.0,86141613240.0,11160820617705.0,25912887144870.0,11369607737550.0,14470119652320.0,14921352366.532671,26597713346.53656,-524401209.7630419,-28161479059.726986,-788721810213.8516,592201949536.5898,69795390715.3125,0.0003856852256201818,0.000687494324981459,-1.3554656034837248e-05,-2.9186799924075813e-07,-8.174380905791016e-06,6.13763211055565e-06,7.233654525424892e-07
C:\Users\damba\.cache\kagglehub\datasets\sunnykusawa\ecommerce-products-image-dataset\versions\1\ecommerce products\tshirt\193.jpg,tshirt,exito,5706900.0,537632565.0,675870105.0,66898420485.0,94815665445.0,67357909065.0,9690317728215.0,14779089157665.0,8857689052245.0,9756536841705.0,16249421037.229893,14772139391.851881,3685901817.9886055,326353890786.4791,51098731400.62648,240407485191.45703,-48851567565.26953,0.0004989274131418287,0.00045356848569932804,0.00011317310659440703,4.194576681126337e-06,6.567641851968568e-07,3.0899206653309774e-06,-6.278817318584172e-07
C:\Users\damba\.cache\kagglehub\datasets\sunnykusawa\ecommerce-products-image-dataset\versions\1\ecommerce products\tshirt\194.jpg,tshirt,exito,4769520.0,645722475.0,565387530.0,92413174785.0,81648299040.0,74702361435.0,13872133937985.0,13155039891150.0,10507140220515.0,10602443181525.0,4991900795.138195,14626238312.819712,-1842749017.5689783,9097611989.92877,8661297773.730999,51277215790.73047,-14643465504.984375,0.0002194404056662998,0.0006429590251198652,-8.10059351240207e-05,1.8312208510201393e-07,1.7433969593019212e-07,1.0321379593039772e-06,-2.947522865737374e-07
C:\Users\damba\.cache\kagglehub\datasets\sunnykusawa\ecommerce-products-image-dataset\versions\1\ecommerce products\tshirt\195.jpg,tshirt,exito,4603005.0,474662355.0,505952895.0,57594208455.0,64482388305.0,51887823045.0,7754163371295.0,9115573087965.0,6455438055015.0,6590905406085.0,8646976971.622072,8869080920.17617,-286092182.0674737,31688265234.283043,78058382998.63866,183804171222.50977,4368143282.125,0.00040811392102469346,0.00041859662655484086,-1.3502777049279536e-05,6.970996230421909e-07,1.7171804439696432e-06,4.043446920349941e-06,9.609333337910982e-08
C:\Users\damba\.cache\kagglehub\datasets\sunnykusawa\ecommerce-products-image-dataset\versions\1\ecommerce products\tshirt\196.jpg,tshirt,exito,6089145.0,633653325.0,628916955.0,76460230965.0,86248995525.0,65643906930.0,10034662301595.0,13313159134215.0,7915520843550.0,8800012000920.0,10520507689.637758,21291347729.378117,197063459.42648408,-111587941697.65813,6786104667.349897,-22683201469.078125,-216005172922.1289,0.00028374228785045606,0.0005742361390129236,5.314880087438193e-06,-1.2196254462815302e-06,7.417025359115025e-08,-2.47921139989975e-07,-2.3608770035212453e-06
C:\Users\damba\.cache\kagglehub\datasets\sunnykusawa\ecommerce-products-image-dataset\versions\1\ecommerce products\tshirt\197.jpg,tshirt,exito,4819755.0,528723375.0,535767240.0,69120067695.0,68251450740.0,58599103530.0,10022832046815.0,9556730920290.0,7892014546260.0,7448019644880.0,11119524665.034655,8695200379.303745,-174146012.19353345,807962496.4813766,36724528699.80682,246788230203.72656,-395041609.08203125,0.00047867009690507023,0.00037430848292087094,-7.4965874030956526e-06,1.584268532260509e-08,7.201016808896274e-07,4.839071478524233e-06,-7.746052482977411e-09
C:\Users\damba\.cache\kagglehub\datasets\sunnykusawa\ecommerce-products-image-dataset\versions\1\ecommerce products\tshirt\198.jpg,tshirt,exito,5251470.0,526374060.0,627921690.0,57800889780.0,92500808850.0,64442880390.0,6821643918390.0,15209060798400.0,7179231762750.0,9512604271380.0,5040491064.805283,17419803193.973,1503991026.191123,17595429593.212326,-17115632487.50487,-33559345164.71875,-118756753529.20703,0.0001827725922862603,0.0006316572226682276,5.453602339494346e-05,2.7841821995849044e-07,-2.7082623390298444e-07,-5.310204615486035e-07,-1.8791268352098602e-06
C:\Users\damba\.cache\kagglehub\datasets\sunnykusawa\ecommerce-products-image-dataset\versions\1\ecommerce products\tshirt\199.jpg,tshirt,exito,5960115.0,663194565.0,761863500.0,85616405805.0,109535446860.0,84745023120.0,12145698438525.0,16956221038830.0,11111499467070.0,12188918872770.0,11821347983.877554,12148736598.159428,-29135175.918363515,-11792226080.137968,-151236936280.75906,173896752461.4961,8127230628.566406,0.00033278038726075615,0.00034199663823264806,-8.201784718837945e-07,-1.359750408993042e-07,-1.743898773353663e-06,2.005186965337715e-06,9.371432582850085e-08
C:\Users\damba\.cache\kagglehub\datasets\sunnykusawa\ecommerce-products-image-dataset\versions\1\ecommerce products\tshirt\2.jpg,tshirt,exito,7044120.0,815510655.0,661761720.0,135004826715.0,100182186600.0,77618258130.0,24709510966275.0,17878963226400.0,13208057866290.0,11681816235810.0,40591666743.48772,38012806456.36837,1004893546.3292726,-318987714831.7858,1325074808405.44,292316918724.53516,-105268705498.46094,0.0008180566752678862,0.000766084089717437,2.025193689885047e-05,-2.4221837877352945e-06,1.006175024686652e-05,2.2196632299418918e-06,-7.99341604577825e-07
C:\Users\damba\.cache\kagglehub\datasets\sunnykusawa\ecommerce-products-image-dataset\versions\1\ecommerce products\tshirt\20.jpg,tshirt,exito,8183715.0,962657385.0,840378510.0,155347439985.0,127255639620.0,98067464205.0,27910245582555.0,22016313032400.0,16219151361975.0,14600720318445.0,42109229600.713875,40957908080.00624,-786977677.0543305,-270095747266.49948,536679841002.48,451804820506.28125,-206841162838.16016,0.0006287475457783421,0.0006115567639138731,-1.1750637276485877e-05,-1.4097480572897894e-06,2.8011672560446854e-06,2.3581673329881853e-06,-1.0795946638543177e-06
C:\Users\damba\.cache\kagglehub\datasets\sunnykusawa\ecommerce-products-image-dataset\versions\1\ecommerce products\tshirt\21.jpg,tshirt,exito,6026670.0,760494660.0,772499550.0,113726929800.0,117448553310.0,99477860280.0,19093023756330.0,19419250681200.0,15281096222190.0,15327292434780.0,17761474932.13505,18429434169.54556,1997529910.5915132,259449578497.13025,-359899958470.5258,199430268392.65625,-5416927283.5078125,0.0004890172780529224,0.0005074078458057057,5.4996932599298385e-05,2.909775215677323e-06,-4.036344885765221e-06,2.236647504251954e-06,-6.075184568030303e-08
C:\Users\damba\.cache\kagglehub\datasets\sunnykusawa\ecommerce-products-image-dataset\versions\1\ecommerce products\tshirt\22.jpg,tshirt,exito,5605410.0,656065785.0,708979560.0,89694141915.0,103737519510.0,84837313230.0,13399615921845.0,16377257997330.0,12147323850600.0,12763012363380.0,12907196045.2659,14064861042.948776,1857257965.469021,-119680086214.78748,-301482527461.7895,367939277553.5781,151597133876.64453,0.0004107874231745385,0.00044763153862995773,5.910952395313122e-05,-1.6088050967985704e-06,-4.052692825653336e-06,4.946040763859684e-06,2.037851486863871e-06
C:\Users\damba\.cache\kagglehub\datasets\sunnykusawa\ecommerce-products-image-dataset\versions\1\ecommerce products\tshirt\23.jpg,tshirt,exito,5345055.0,467600130.0,581666985.0,49334571030.0,77132091195.0,50009316585.0,5826399026670.0,11447744141655.0,5275759734555.0,6518894860095.0,8427624033.941606,13833120194.890514,-876512990.693431,35931386047.65437,43234821180.30978,60364194097.7793,-38062651611.41016,0.00029498558653204553,0.000484189975469228,-3.06799042792291e-05,5.439932668470789e-07,6.545656653554383e-07,9.139005966619479e-07,-5.76260157832262e-07
C:\Users\damba\.cache\kagglehub\datasets\sunnykusawa\ecommerce-products-image-dataset\versions\1\ecommerce products\tshirt\24.jpg,tshirt,exito,4791960.0,477783810.0,647407005.0,55760375700.0,100116683985.0,64565189865.0,7082379476820.0,16639937288925.0,7611064001295.0,10199851314345.0,8122797527.7873535,12650213037.189491,15280126.690609725,-96997448351.96805,-304259991373.23346,74636521953.17969,213558515358.1836,0.0003537359991791246,0.0005508983491501549,6.65427257542242e-07,-1.9296446922235642e-06,-6.052877548684867e-06,1.484801619836204e-06,4.248483466747837e-06
C:\Users\damba\.cache\kagglehub\datasets\sunnykusawa\ecommerce-products-image-dataset\versions\1\ecommerce products\tshirt\25.jpg,tshirt,exito,5466435.0,611117445.0,780844425.0,82592755035.0,133596770265.0,88195805010.0,12563509364625.0,24516251503035.0,12537742129470.0,15162864434850.0,14273177177.890564,22058260056.137997,901681884.325934,138766626355.9695,-868927693187.419,538302023957.9922,-30120289124.140625,0.00047765274740603334,0.0007381810221715627,3.0174839418491926e-05,1.986207232789834e-06,-1.2437215736246033e-05,7.704874013929477e-06,-4.3112049116639427e-07
C:\Users\damba\.cache\kagglehub\datasets\sunnykusawa\ecommerce-products-image-dataset\versions\1\ecommerce products\tshirt\26.jpg,tshirt,exito,2594625.0,173101395.0,336874125.0,13583945625.0,52122496485.0,22894034640.0,1195820559705.0,8833815807915.0,1885924009650.0,3636195922770.0,2035420134.439311,8384316172.039309,419349097.03931,17974795227.778286,-110690139787.7063,66293186757.11719,49931020248.28125,0.00030234644713890814,0.001245427498438141,6.229117392300464e-05,1.6575912887381267e-06,-1.0207571721193165e-05,6.113394198865063e-06,4.604515553726724e-06
C:\Users\damba\.cache\kagglehub\datasets\sunnykusawa\ecommerce-products-image-dataset\versions\1\ecommerce products\tshirt\27.jpg,tshirt,exito,5498565.0,572102190.0,796030185.0,74711518230.0,138129794595.0,84316158765.0,11053321905060.0,25436597076165.0,11579886387075.0,14557249314825.0,15186730252.992159,22888080542.12726,1492619869.9237056,119678950769.18733,-1187566123134.9573,453258644909.6328,-246740259623.9297,0.000502302746032526,0.0007570257399850113,4.936856367075266e-05,1.6880852094927028e-06,-1.675075520694527e-05,6.393264727247672e-06,-3.480299419242423e-06
C:\Users\damba\.cache\kagglehub\datasets\sunnykusawa\ecommerce-products-image-dataset\versions\1\ecommerce products\tshirt\28.jpg,tshirt,exito,6409425.0,672146340.0,819277770.0,82004808420.0,123481392780.0,82681016655.0,10972301410410.0,20617582825920.0,9883655232675.0,11987922391545.0,11517876694.393476,18758104120.537903,-3235357208.31251,-43137442735.16211,38239820908.36459,80053574289.8789,-134265439285.38672,0.0002803717709557064,0.0004566156602984621,-7.875608102406901e-05,-4.1476941180657647e-07,3.676784487000398e-07,7.697204983864783e-07,-1.2909712247026221e-06
C:\Users\damba\.cache\kagglehub\datasets\sunnykusawa\ecommerce-products-image-dataset\versions\1\ecommerce products\tshirt\29.jpg,tshirt,exito,5272890.0,657407850.0,662893920.0,88877628090.0,98651799000.0,81219819480.0,12770954665800.0,16049076373530.0,10954973146020.0,11984007567030.0,6914021558.928332,15314511635.202635,-1427773533.5603032,-34075306675.04636,-203769988835.2774,137531434375.59766,43393920594.35156,0.00024867567562909,0.0005508149628049274,-5.1352537026001765e-05,-5.337255514103857e-07,-3.191673392381834e-06,2.1541710937008686e-06,6.796841013917967e-07
C:\Users\damba\.cache\kagglehub\datasets\sunnykusawa\ecommerce-products-image-dataset\versions\1\ecommerce products\tshirt\3.jpg,tshirt,exito,6168705.0,744401100.0,723206520.0,98983058790.0,106652010900.0,87312814215.0,14123616367260.0,17694131151060.0,11652564598545.0,12856240960335.0,9153346122.396345,21864738600.46381,40732146.69360538,-30184096374.72065,63709096205.16963,38160019937.41797,-23413641286.703125,0.00024054253369158694,0.0005745876481815917,1.0704078746027105e-06,-3.19369305670542e-07,6.740877569216645e-07,4.037602756262736e-07,-2.477330534637453e-07
C:\Users\damba\.cache\kagglehub\datasets\sunnykusawa\ecommerce-products-image-dataset\versions\1\ecommerce products\tshirt\30.jpg,tshirt,exito,4909260.0,532066170.0,579364845.0,63532571190.0,79061108565.0,62480486325.0,8163300813330.0,11871103007895.0,7422989951325.0,8493052951785.0,5867177778.677545,10687540324.190994,-311142986.096505,5862535028.224162,18156291688.947292,-7343937301.0546875,-2160301191.7148438,0.00024344293812083605,0.00044345106215486327,-1.2910050720858945e-05,1.0978559678586835e-07,3.4000638100974833e-07,-1.3752728733776357e-07,-4.045518780319827e-08
C:\Users\damba\.cache\kagglehub\datasets\sunnykusawa\ecommerce-products-image-dataset\versions\1\ecommerce products\tshirt\31.jpg,tshirt,exito,5815785.0,713230155.0,676027185.0,101403355335.0,95349749175.0,91859435400.0,15850419933465.0,15052062768405.0,14081681833500.0,13891478266800.0,13934981933.761127,16768310064.196518,8953520903.201431,-3266111012.130413,70303741026.3736,98484885908.75,116559928629.6211,0.00041199289264112353,0.0004957612863002087,0.00026471415562410414,-4.004147659619991e-08,8.619013837795526e-07,1.2073932084820306e-06,1.4289874523381163e-06
C:\Users\damba\.cache\kagglehub\datasets\sunnykusawa\ecommerce-products-image-dataset\versions\1\ecommerce products\tshirt\32.jpg,tshirt,exito,4846020.0,465123570.0,618654480.0,76359848430.0,99956527920.0,63845362095.0,14160705685800.0,17605464769050.0,10627419992925.0,10740666965805.0,31717041473.04463,20977620357.903606,4466576961.200807,743210003573.8344,-511330339361.77277,21730629883.285156,6358645662.203125,0.0013505860688700546,0.0008932763113327596,0.00019019733049378492,1.4376346815298322e-05,-9.890962528088119e-06,4.203483136862231e-07,1.2299901087962528e-07
C:\Users\damba\.cache\kagglehub\datasets\sunnykusawa\ecommerce-products-image-dataset\versions\1\ecommerce products\tshirt\33.jpg,tshirt,exito,4587960.0,449999265.0,580971600.0,48327752235.0,88469024250.0,58066655115.0,5584337345955.0,14753260535850.0,6354955374375.0,8744125195455.0,4190632796.1774645,14900815284.237434,1083422265.1333885,22166720844.57709,-223306732159.5418,22700954902.98047,-207537639763.16016,0.0001990858353585648,0.000707898163039254,5.147051464325316e-05,4.916458695573822e-07,-4.952822444076301e-06,5.034948917935762e-07,-4.603072510484006e-06
C:\Users\damba\.cache\kagglehub\datasets\sunnykusawa\ecommerce-products-image-dataset\versions\1\ecommerce products\tshirt\34.jpg,tshirt,exito,5267025.0,475141245.0,632367360.0,49568626095.0,89764704750.0,57435638235.0,5727641946585.0,13945367239830.0,6039536056365.0,8099306973405.0,6705870991.283952,13841678374.888887,389428139.5925946,46148029443.184975,-155632961940.84985,17987276040.16992,-91927520651.92188,0.0002417265950559855,0.0004989511113128838,1.4037719831630873e-05,7.248359276116763e-07,-2.4444892598118914e-06,2.8252179066140467e-07,-1.4438833143853213e-06
C:\Users\damba\.cache\kagglehub\datasets\sunnykusawa\ecommerce-products-image-dataset\versions\1\ecommerce products\tshirt\35.jpg,tshirt,exito,6314820.0,681830985.0,809103780.0,85482689415.0,118660001700.0,87146373675.0,11771795133165.0,18890636852160.0,11071605664395.0,12769218954495.0,11863252581.31825,14991341815.74543,-215107299.06153414,-19865232439.490936,-154618368267.4749,165351252227.61328,12247642302.394531,0.00029749647592619305,0.0003759400155242803,-5.394276399170883e-06,-1.9823996464830487e-07,-1.5429741359778563e-06,1.6500801838589006e-06,1.2222218815950558e-07
C:\Users\damba\.cache\kagglehub\datasets\sunnykusawa\ecommerce-products-image-dataset\versions\1\ecommerce products\tshirt\36.jpg,tshirt,exito,3435615.0,306503115.0,428187840.0,38368228965.0,70692846750.0,34359806445.0,6012167556615.0,12804871300350.0,3695856915405.0,5774718512505.0,11024024359.797375,17326906059.944336,-3840313989.0770392,622222144502.9688,-324701807438.407,-400839799648.4629,425217409126.6367,0.0009339662522270756,0.001467952626675279,-0.00032535520121251057,2.844030422917131e-05,-1.484135251195007e-05,-1.8321440260324853e-05,1.943568319761698e-05
C:\Users\damba\.cache\kagglehub\datasets\sunnykusawa\ecommerce-products-image-dataset\versions\1\ecommerce products\tshirt\37.jpg,tshirt,exito,5675790.0,676589715.0,456461220.0,99447422715.0,54004069320.0,48675462075.0,16278847513245.0,7712673247200.0,6592837783335.0,5578435745805.0,18793691261.97209,17294316957.088684,-5737574127.599521,-56559508807.92339,587826591250.6874,-37063007704.96875,63672567849.15234,0.0005833906320953348,0.0005368473048010645,-0.00017810481987469258,-7.369530708685847e-07,7.659200383644765e-06,-4.829196349027764e-07,8.296340508520756e-07
C:\Users\damba\.cache\kagglehub\datasets\sunnykusawa\ecommerce-products-image-dataset\versions\1\ecommerce products\tshirt\38.jpg,tshirt,exito,3251760.0,222493365.0,403118025.0,17347218285.0,62484456165.0,26902511475.0,1466835213015.0,10887199836855.0,2126306059425.0,4100536291635.0,2123678580.6481328,12510244636.504469,-679808829.8208137,-10718406192.085682,39283390775.66893,68813973266.73535,-6252194180.6796875,0.00020084074228942565,0.0011831201020311862,-6.429094837621284e-05,-5.621264231947963e-07,2.0602160015166652e-06,3.6089463270028544e-06,-3.27896096576361e-07
C:\Users\damba\.cache\kagglehub\datasets\sunnykusawa\ecommerce-products-image-dataset\versions\1\ecommerce products\tshirt\39.jpg,tshirt,exito,7539840.0,846303435.0,686194545.0,136559708085.0,93646964235.0,76406267355.0,24650162527905.0,14791994361885.0,12605466837675.0,10334834894715.0,41567041915.32011,31196971451.63098,-615101866.5964895,-9195064083.895748,590841648415.3607,315365043794.97656,-64535439197.52344,0.0007311809358041601,0.0005487672379172123,-1.081988849120257e-05,-5.89046304109097e-08,3.784999061859074e-06,2.0202644788303642e-06,-4.1342139213512333e-07
C:\Users\damba\.cache\kagglehub\datasets\sunnykusawa\ecommerce-products-image-dataset\versions\1\ecommerce products\tshirt\4.jpg,tshirt,exito,6643515.0,514736880.0,958050045.0,54720157260.0,157192779105.0,79400271060.0,6812617423290.0,27650730961575.0,8990127501840.0,13558778905410.0,14838550063.789196,19034004913.250286,5170937484.752615,273551740704.9439,-507496666805.40533,297741982953.79297,-111838900819.94531,0.0003361983877875793,0.0004312551925535977,0.00011715840417363889,2.4046101885228136e-06,-4.461063389678478e-06,2.6172504108972648e-06,-9.831008923277255e-07
C:\Users\damba\.cache\kagglehub\datasets\sunnykusawa\ecommerce-products-image-dataset\versions\1\ecommerce products\tshirt\40.jpg,tshirt,exito,6105465.0,538388130.0,750776865.0,58518866760.0,108306238995.0,62668419795.0,7085258671620.0,17024091983925.0,6713372056965.0,8584864914345.0,11043076050.382156,15984703940.875837,-3536095732.418872,-22600496037.43971,-225324792352.4265,141058991265.73828,-96071876415.4961,0.00029624605185744223,0.0004288121725314652,-9.486074305200402e-05,-2.4536979850668514e-07,-2.4463135148222546e-06,1.531453832123564e-06,-1.043036264300503e-06
C:\Users\damba\.cache\kagglehub\datasets\sunnykusawa\ecommerce-products-image-dataset\versions\1\ecommerce products\tshirt\41.jpg,tshirt,exito,6010860.0,658676985.0,741324015.0,82625563335.0,104461857465.0,81465051450.0,11353158933225.0,16046770421025.0,10273812722280.0,11495400520200.0,10446978146.07692,13033793058.954906,229909206.07904106,9370344460.329168,-51526859663.400764,33150627586.933594,-8360298388.003906,0.0002891461809442041,0.00036074273665721314,6.363310803577444e-06,1.0578254806785162e-07,-5.816907299625207e-07,3.7424001551284086e-07,-9.438005932810059e-08
C:\Users\damba\.cache\kagglehub\datasets\sunnykusawa\ecommerce-products-image-dataset\versions\1\ecommerce products\tshirt\42.jpg,tshirt,exito,5431245.0,574389030.0,678814590.0,67448685750.0,103274035080.0,71315659770.0,8554157553990.0,17333758417530.0,8372763357030.0,10811084748390.0,6703357968.922012,18433589179.130478,-473341444.26076674,3179694265.186577,-181544306282.97443,42925962957.44531,7511962232.238281,0.000227244627258542,0.0006249008514045139,-1.6046330893523148e-05,4.6252677517231925e-08,-2.640791709294506e-06,6.244124611366874e-07,1.092709983011387e-07
C:\Users\damba\.cache\kagglehub\datasets\sunnykusawa\ecommerce-products-image-dataset\versions\1\ecommerce products\tshirt\43.jpg,tshirt,exito,5679360.0,606818145.0,717031440.0,80585009985.0,110967047460.0,80432345820.0,11818962952365.0,18973406268900.0,11281344906300.0,13061093987610.0,15748785286.92821,20440282833.6207,3820247216.0237107,-156637048610.1644,-197682146201.13608,290955776169.71094,240055592310.6875,0.00048825676046696903,0.0006337064159263075,0.00011843843800619318,-2.0377269795172107e-06,-2.571691986392426e-06,3.785109846029858e-06,3.1229377811689017e-06
C:\Users\damba\.cache\kagglehub\datasets\sunnykusawa\ecommerce-products-image-dataset\versions\1\ecommerce products\tshirt\44.jpg,tshirt,exito,6482865.0,570004815.0,732050430.0,66921289905.0,114656738850.0,67386590700.0,9009388841925.0,20266770058710.0,8454234353040.0,10935368504280.0,16803712395.182312,31993004210.579784,3021179740.058604,170418506723.03326,94284598001.85605,366153998329.91016,171885835377.91016,0.0003998262318387054,0.0007612390653855373,7.188571684441553e-05,1.5925728614957408e-06,8.810961609869391e-07,3.421734716969903e-06,1.6062851503755504e-06
C:\Users\damba\.cache\kagglehub\datasets\sunnykusawa\ecommerce-products-image-dataset\versions\1\ecommerce products\tshirt\45.jpg,tshirt,exito,4580820.0,480368490.0,560301045.0,55914680280.0,84761036355.0,57951201060.0,6972800510130.0,14173320541155.0,6707623319880.0,8697035383050.0,5540754610.6045475,16228052952.881601,-804865961.2040684,-52766612448.41707,-164044232099.41266,37247863334.46875,5448163645.761719,0.00026404774497229306,0.0007733568960621805,-3.83563353724671e-05,-1.1749006574895202e-06,-3.6526065860182997e-06,8.29360405967466e-07,1.2130873581800244e-07
C:\Users\damba\.cache\kagglehub\datasets\sunnykusawa\ecommerce-products-image-dataset\versions\1\ecommerce products\tshirt\46.jpg,tshirt,exito,6972975.0,684989925.0,667120035.0,99115824795.0,99389694795.0,60349564290.0,16409469825555.0,17194093892175.0,8452160402340.0,8653289364480.0,31825866441.283596,35564836524.548546,-5184946122.07625,420005195896.9366,880126518947.3699,-11785158301.5,-118142729645.49219,0.0006545517971720301,0.0007314499263113799,-0.00010663702773674678,3.2712172879393005e-06,6.85487968358601e-06,-9.17888967888584e-08,-9.201565681475699e-07
C:\Users\damba\.cache\kagglehub\datasets\sunnykusawa\ecommerce-products-image-dataset\versions\1\ecommerce products\tshirt\47.jpg,tshirt,exito,6459660.0,672308775.0,808361985.0,101017774425.0,121198069485.0,84114769710.0,17426627263035.0,19820310082275.0,12838344201240.0,12355984909410.0,31045192440.499172,20039634088.533283,-17964194.24857926,450649150329.2844,-361939263359.81335,200717192447.4336,-253576969138.0703,0.0007440035995146197,0.0004802534216336431,-4.3051513399180257e-07,4.2492707819232065e-06,-3.41280558390464e-06,1.8926069219776201e-06,-2.391033479458942e-06
C:\Users\damba\.cache\kagglehub\datasets\sunnykusawa\ecommerce-products-image-dataset\versions\1\ecommerce products\tshirt\48.jpg,tshirt,exito,6810540.0,726142590.0,930305790.0,92933536710.0,148734698130.0,102980500245.0,13456982423970.0,25571423963880.0,13873232811015.0,16855131465075.0,15511913606.412312,21656836035.727886,3790912364.6562824,240597043590.11435,-661989357013.4617,370325092631.4922,-38685231902.1875,0.0003344277302279171,0.00046690864216473424,8.172984002959308e-05,1.987633997461081e-06,-5.468864173572167e-06,3.05935074364946e-06,-3.1958864074592983e-07
C:\Users\damba\.cache\kagglehub\datasets\sunnykusawa\ecommerce-products-image-dataset\versions\1\ecommerce products\tshirt\49.jpg,tshirt,exito,5672985.0,646032555.0,724430010.0,96275569005.0,117680143800.0,88753060845.0,16503834946545.0,20948239101810.0,14113099968105.0,14679148136805.0,22706176151.00373,25171730788.402035,6255862231.047106,368588719980.86096,-508073954430.0971,394062681958.3672,-319846686744.4297,0.0007055385240556071,0.0007821495645178982,0.000194385517659832,4.808536889381275e-06,-6.62823418073619e-06,5.140865252261981e-06,-4.172657785720702e-06
C:\Users\damba\.cache\kagglehub\datasets\sunnykusawa\ecommerce-products-image-dataset\versions\1\ecommerce products\tshirt\5.jpg,tshirt,exito,5943030.0,662408910.0,765873630.0,81896997990.0,116823949680.0,87093340050.0,10933054227810.0,19479570339600.0,11027235451980.0,13406185020960.0,8065036171.300094,18126413721.174797,1729221671.6570828,6976989513.8733225,-247314256876.01593,87755957169.1875,-60675440272.234375,0.00022834445738152502,0.0005132111025321622,4.8959257704514246e-05,8.103045244771973e-08,-2.8722970117106885e-06,1.0191938658159615e-06,-7.046819216149697e-07
C:\Users\damba\.cache\kagglehub\datasets\sunnykusawa\ecommerce-products-image-dataset\versions\1\ecommerce products\tshirt\50.jpg,tshirt,exito,5332815.0,516455835.0,602969685.0,58675147335.0,79884168495.0,58741252260.0,7438167437595.0,11570959405725.0,6698536486170.0,7692506500800.0,8659043362.605082,11707709902.493187,346724764.41615635,78611714976.40633,-108898271294.07323,-2890651534.3789062,-122273120718.71484,0.00030447867338279777,0.00041167919251409226,1.2191912186779192e-05,1.1970050320583476e-06,-1.65817243346724e-06,-4.401537905154745e-08,-1.861828619687369e-06
C:\Users\damba\.cache\kagglehub\datasets\sunnykusawa\ecommerce-products-image-dataset\versions\1\ecommerce products\tshirt\51.jpg,tshirt,exito,6255660.0,717170415.0,596877990.0,104466797325.0,76089119010.0,63368448345.0,16718739814995.0,11046266420730.0,8935244528355.0,7701388752345.0,22247910085.080914,19138559844.94946,-5059700849.915621,-358847874951.62024,134117953732.77338,127765142892.28125,-56196684009.95703,0.0005685163351451517,0.0004890609437649233,-0.00012929405832387767,-3.666296106572704e-06,1.3702634623606398e-06,1.3053577257628426e-06,-5.741532782262662e-07
C:\Users\damba\.cache\kagglehub\datasets\sunnykusawa\ecommerce-products-image-dataset\versions\1\ecommerce products\tshirt\52.jpg,tshirt,exito,6467565.0,671902815.0,846729030.0,93887652105.0,134924276550.0,85216796070.0,15061588899285.0,23449154232900.0,12153759138210.0,13165645964880.0,24084968590.427788,24071111526.572952,-2748244683.2385745,303500788337.4935,-517782262437.44586,433073854352.6953,-131779591121.51562,0.0005757904799249272,0.0005754592041992658,-6.570127418567509e-05,2.853039721327179e-06,-4.86737899372432e-06,4.07108302915687e-06,-1.2387856057621057e-06
C:\Users\damba\.cache\kagglehub\datasets\sunnykusawa\ecommerce-products-image-dataset\versions\1\ecommerce products\tshirt\53.jpg,tshirt,exito,6261015.0,718197555.0,798227265.0,102174312645.0,122229409335.0,87622135590.0,16066276499145.0,20213178570975.0,12687064811190.0,12779508041550.0,19790269800.83207,20462081419.417576,-3942070861.723424,-194343910315.8368,-587542987957.6243,565076471149.2461,-236197247242.92188,0.0005048498440801309,0.0005219877605566335,-0.0001005622399251082,-1.9813403137925755e-06,-5.99001330288518e-06,5.7609666844930895e-06,-2.4080359770917803e-06
C:\Users\damba\.cache\kagglehub\datasets\sunnykusawa\ecommerce-products-image-dataset\versions\1\ecommerce products\tshirt\54.jpg,tshirt,exito,7064775.0,687680685.0,717366255.0,99571315485.0,112071677115.0,65770014885.0,16660970066835.0,19909917694275.0,9057552330555.0,10236372845805.0,32632916948.30644,39229393558.52084,-4057958070.159182,615827256172.9644,563211594002.7047,-263047819360.78516,151487860781.72656,0.0006538215424029003,0.0007859862066450549,-8.130380770559544e-05,4.64208479537269e-06,4.245469733420271e-06,-1.9828454659494337e-06,1.1419103135975488e-06
C:\Users\damba\.cache\kagglehub\datasets\sunnykusawa\ecommerce-products-image-dataset\versions\1\ecommerce products\tshirt\55.jpg,tshirt,exito,3975705.0,356838075.0,487500585.0,36036403905.0,77550709905.0,46283408820.0,3983209306515.0,13745464367415.0,4945786754880.0,7651897717650.0,4008521612.4995213,17773432572.969025,2527956563.6646175,29206866448.865665,-122549984609.03108,73214395334.41602,71404032966.19922,0.00025360389858005474,0.0011244574003541601,0.0001599341857075897,9.267222384733663e-07,-3.888462196401377e-06,2.3230636005260036e-06,2.265621523702765e-06
C:\Users\damba\.cache\kagglehub\datasets\sunnykusawa\ecommerce-products-image-dataset\versions\1\ecommerce products\tshirt\56.jpg,tshirt,exito,6380610.0,750061845.0,769271505.0,99712954215.0,113973871035.0,94277409405.0,14440248662895.0,18784313469195.0,12821538123555.0,14108940487155.0,11540699316.98805,21227464593.45835,3846995330.761531,5365657432.509326,-75359598436.18466,-104702970629.39844,-216683515244.4453,0.00028347040593294814,0.0005214032390894457,9.449248248135918e-05,5.217559873365735e-08,-7.327959748069677e-07,-1.018130629935982e-06,-2.1070283158769017e-06
C:\Users\damba\.cache\kagglehub\datasets\sunnykusawa\ecommerce-products-image-dataset\versions\1\ecommerce products\tshirt\57.jpg,tshirt,exito,6669780.0,784746180.0,888948870.0,105693932550.0,137753427600.0,105127124670.0,15600459729240.0,23130021425370.0,14438932940670.0,16495589203560.0,13363066010.984867,19274243357.899544,536084193.729937,20314682745.725655,-367513352368.7575,225888139708.85938,145038065818.01562,0.0003003883570103155,0.00043326571088828444,1.2050636436380754e-05,1.7681995329901915e-07,-3.198853490157639e-06,1.9661409835468286e-06,1.2624181408847057e-06
C:\Users\damba\.cache\kagglehub\datasets\sunnykusawa\ecommerce-products-image-dataset\versions\1\ecommerce products\tshirt\58.jpg,tshirt,exito,3070200.0,329364630.0,269485020.0,38331288390.0,29011072560.0,27966276870.0,4743775030680.0,3623449934430.0,3185697611040.0,2935340292510.0,2997740251.430231,5357181606.83721,-943512037.1860479,-11507959187.92235,136572905579.31696,23627051353.90039,-11274409856.265625,0.00031802456307714565,0.0005683332099992575,-0.00010009539793881772,-6.967574878392953e-07,8.268902682434525e-06,1.4305164519240678e-06,-6.826170791921679e-07
C:\Users\damba\.cache\kagglehub\datasets\sunnykusawa\ecommerce-products-image-dataset\versions\1\ecommerce products\tshirt\59.jpg,tshirt,exito,4053990.0,360742635.0,434148975.0,37007388825.0,56284807935.0,40229643285.0,4124547446085.0,8213685896385.0,4316671024575.0,5467614184005.0,4906853622.213802,9791024651.481636,1597075068.490064,-41808556192.6218,88969676973.23938,69254019895.65234,117066468567.41016,0.0002985642171685376,0.0005957482809582161,9.717621602251823e-05,-1.2634512437684053e-06,2.688656563781315e-06,2.0928509745707343e-06,3.5377393716641054e-06
C:\Users\damba\.cache\kagglehub\datasets\sunnykusawa\ecommerce-products-image-dataset\versions\1\ecommerce products\tshirt\6.jpg,tshirt,exito,5324655.0,656275140.0,681610920.0,92202260460.0,104541546750.0,85773646200.0,14311962681750.0,17357124630570.0,12402850166010.0,13263360088590.0,11314942993.982088,17288298180.23419,1763639551.9582388,158654535656.36752,-451436771852.88165,165262347463.6211,-73137803628.38672,0.0003990886922121419,0.0006097745534372366,6.220522743234031e-05,2.4250673683891706e-06,-6.900304361184724e-06,2.5260691375723397e-06,-1.1179264446559003e-06
C:\Users\damba\.cache\kagglehub\datasets\sunnykusawa\ecommerce-products-image-dataset\versions\1\ecommerce products\tshirt\60.jpg,tshirt,exito,6161055.0,469980555.0,703188000.0,45476308575.0,105451584120.0,48955087680.0,5018083499355.0,17873578865700.0,4433276013150.0,6992535128940.0,9625026273.818134,25193679695.514256,-4685836887.195071,80596149615.86938,87002539140.16296,-42238331790.96875,18056652075.089844,0.00025356642763831613,0.0006637146931050796,-0.00012344599237239985,8.554144454829177e-07,9.234092339261628e-07,-4.483003138400644e-07,1.9164589246146384e-07
C:\Users\damba\.cache\kagglehub\datasets\sunnykusawa\ecommerce-products-image-dataset\versions\1\ecommerce products\tshirt\61.jpg,tshirt,exito,6104955.0,684616605.0,761695965.0,90414491415.0,111926555085.0,86281749510.0,13361234710065.0,17885242351755.0,11860668709050.0,12584246617170.0,13640805803.603031,16892153832.692463,864296703.1408548,162659704550.14343,-294642055851.1136,386091576611.41797,-182995856251.76172,0.0003659949491270146,0.00045323150784897,2.3189849078646792e-05,1.7663379968297021e-06,-3.1995475471517585e-06,4.19260703756167e-06,-1.9871703016663807e-06
C:\Users\damba\.cache\kagglehub\datasets\sunnykusawa\ecommerce-products-image-dataset\versions\1\ecommerce products\tshirt\62.jpg,tshirt,exito,3939750.0,373563780.0,499333860.0,42333042660.0,80804337780.0,44299337460.0,5315541637110.0,14352132303900.0,4955956564920.0,6827172286770.0,6912039365.910681,17517503909.196117,-3047078993.732037,-9229361315.699507,-329638767238.83044,168402810684.7832,-62238064182.05078,0.0004453165896931182,0.0011285866135618138,-0.0001963117908017747,-2.9957115083600666e-07,-1.0699577303786004e-05,5.466101290784182e-06,-2.020153711081479e-06
C:\Users\damba\.cache\kagglehub\datasets\sunnykusawa\ecommerce-products-image-dataset\versions\1\ecommerce products\tshirt\63.jpg,tshirt,exito,5245350.0,447254700.0,658138680.0,45909327900.0,97673930610.0,58061839695.0,5191172114010.0,15873597241740.0,6201667190715.0,8918870587695.0,7773309012.396696,15096691319.553726,1944398936.652896,-48985484207.40995,-170027064915.24368,109797708224.95117,102587054294.8164,0.00028252506811606996,0.0005486973098048932,7.067021794021004e-05,-7.773761726810118e-07,-2.698248085419643e-06,1.74243704170934e-06,1.6280074173944794e-06
C:\Users\damba\.cache\kagglehub\datasets\sunnykusawa\ecommerce-products-image-dataset\versions\1\ecommerce products\tshirt\64.jpg,tshirt,exito,5334855.0,550299945.0,634816635.0,64088658615.0,87875727225.0,65283022515.0,8118173379945.0,13392305558385.0,7581795458805.0,9025448304855.0,7324223692.775673,12336249568.583237,-199461887.21620253,-3701554155.848297,-277058096.3882484,-3231476792.8242188,8377660827.027344,0.0002573453705483331,0.0004334489018317592,-7.008332272340883e-06,-5.6308966712503225e-08,-4.214676989746781e-09,-4.915803240967712e-08,1.274430697960747e-07
C:\Users\damba\.cache\kagglehub\datasets\sunnykusawa\ecommerce-products-image-dataset\versions\1\ecommerce products\tshirt\65.jpg,tshirt,exito,6213840.0,605983785.0,660813630.0,74187405255.0,88974219030.0,62422961385.0,10286272963995.0,13376391028530.0,7953607051695.0,8316665396775.0,15090880773.692753,18699694163.93057,-2020658773.708553,108022037642.54936,-62867499906.99201,458229690342.45703,69530566021.86719,0.0003908359057231557,0.00048429989043756867,-5.233266459546561e-05,1.1223083630644272e-06,-6.531696906518756e-07,4.7608342232677145e-06,7.223964427811101e-07
C:\Users\damba\.cache\kagglehub\datasets\sunnykusawa\ecommerce-products-image-dataset\versions\1\ecommerce products\tshirt\66.jpg,tshirt,exito,4425270.0,468707595.0,560398200.0,57254989605.0,83683196490.0,54653600985.0,7625301979335.0,13895598459390.0,6359210354355.0,7590588732435.0,7611282077.395126,12716646977.034689,-4701623117.558486,-51242031365.928085,77529768626.79625,104626975802.67969,-82025029984.92188,0.00038866753885420766,0.0006493712665992012,-0.00024008679052227422,-1.2438754721307129e-06,1.881997551310278e-06,2.5397691202909973e-06,-1.991117841726934e-06
C:\Users\damba\.cache\kagglehub\datasets\sunnykusawa\ecommerce-products-image-dataset\versions\1\ecommerce products\tshirt\67.jpg,tshirt,exito,5358570.0,585500400.0,664862010.0,76048739250.0,94277035830.0,71932706475.0,10945144491300.0,14511021438120.0,9518723948295.0,10105683508785.0,12074447899.852476,11784599911.230606,-712975637.9152035,-2879963107.8504066,-110693890191.28906,238818564332.17578,-18506593773.828125,0.0004205033550135115,0.00041040914178982417,-2.4830008814722255e-05,-4.332760202880927e-08,-1.665334117702875e-06,3.5929056466974616e-06,-2.7842243109140365e-07
C:\Users\damba\.cache\kagglehub\datasets\sunnykusawa\ecommerce-products-image-dataset\versions\1\ecommerce products\tshirt\68.jpg,tshirt,exito,3683730.0,410965140.0,512164950.0,53211735360.0,86975714670.0,56781527535.0,7693921132680.0,15803710679490.0,7353906369795.0,9858190817925.0,7363547166.180263,15767201557.339058,-356737316.07295525,114513669061.03284,-673264709499.9032,35244964648.21875,254183451300.0547,0.0005426396089196817,0.0011619275185916302,-2.6288932943890158e-05,4.3968115556696385e-06,-2.5850346766690505e-05,1.3532486480881466e-06,9.759505088780458e-06
C:\Users\damba\.cache\kagglehub\datasets\sunnykusawa\ecommerce-products-image-dataset\versions\1\ecommerce products\tshirt\69.jpg,tshirt,exito,5904525.0,677054835.0,773032500.0,87694146825.0,123056738220.0,92245982760.0,12506118168555.0,21504665375910.0,12605168288010.0,15170747384490.0,10058223597.15742,21849740865.21703,3604577780.405962,143788608599.0018,-327400302334.0403,297418014412.77344,116349081960.39062,0.0002885036781376081,0.0006267240477483748,0.0001033914127812901,1.6973135049883099e-06,-3.864707782509831e-06,3.5107900229943014e-06,1.3734110791425636e-06
C:\Users\damba\.cache\kagglehub\datasets\sunnykusawa\ecommerce-products-image-dataset\versions\1\ecommerce products\tshirt\7.jpg,tshirt,exito,5044155.0,440706810.0,591045375.0,44000067420.0,84708895485.0,51233722800.0,4826062688160.0,13564266197115.0,5073174838950.0,7170819771750.0,5495601879.11632,15453562270.836157,-405792992.3386131,21486361936.112732,17038978151.258976,-11594538266.080078,-135082399210.14453,0.00021599237336389872,0.0006073677943245445,-1.594878840163528e-05,3.7600344901716374e-07,2.981758648416662e-07,-2.0290016480083192e-07,-2.3638924148978953e-06
C:\Users\damba\.cache\kagglehub\datasets\sunnykusawa\ecommerce-products-image-dataset\versions\1\ecommerce products\tshirt\70.jpg,tshirt,exito,3035775.0,254820990.0,402819420.0,26770999050.0,67415060430.0,33972210270.0,3262071593100.0,12253080774270.0,3740205474240.0,5798522622510.0,5381489964.320037,13964628454.92398,159808693.59009343,111493674125.02608,-398233177236.1225,161111658274.0547,97335765707.94336,0.0005839334773099514,0.0015152706977231316,1.734048502759118e-05,6.943465418268615e-06,-2.4800674264671928e-05,1.0033512990623652e-05,6.061756673261329e-06
C:\Users\damba\.cache\kagglehub\datasets\sunnykusawa\ecommerce-products-image-dataset\versions\1\ecommerce products\tshirt\71.jpg,tshirt,exito,7402650.0,707757345.0,1034897610.0,87260158245.0,165587726160.0,102531502110.0,12240099045315.0,28400760990480.0,13110547599270.0,16673843096940.0,19592436631.598175,20908042103.113346,3586342633.2659316,150860760554.4893,-594491743730.2083,225722584345.14062,-160523551652.6953,0.00035753125903680575,0.0003815389967914824,6.544513176788818e-05,1.0118316318554229e-06,-3.9872896634764605e-06,1.5139341073524137e-06,-1.0766405168778768e-06
C:\Users\damba\.cache\kagglehub\datasets\sunnykusawa\ecommerce-products-image-dataset\versions\1\ecommerce products\tshirt\72.jpg,tshirt,exito,6660855.0,815976030.0,994842465.0,118846031340.0,162464552715.0,122704100505.0,19123861309230.0,28011432054525.0,18126544291845.0,20193002669565.0,18886359265.685093,13878293118.104979,832718367.7047353,-62436207170.46707,-399345055820.32733,172087209484.1875,41831697179.671875,0.00042568494167527873,0.0003128067359846783,1.876887253926042e-05,-5.452699496388575e-07,-3.4875734504685747e-06,1.502877709927883e-06,3.6532596146001583e-07
C:\Users\damba\.cache\kagglehub\datasets\sunnykusawa\ecommerce-products-image-dataset\versions\1\ecommerce products\tshirt\73.jpg,tshirt,exito,5315730.0,591597705.0,653399250.0,74703396225.0,90716947680.0,72521556045.0,10290280732185.0,13802788133070.0,9059057545575.0,10042291090185.0,8863362107.152216,10402375664.385494,-196489594.77501196,3556778040.2093816,94756594399.54248,-79604026629.9961,-5466366340.347656,0.0003136697694876001,0.00036813465785610184,-6.953664439598586e-06,5.459457372178009e-08,1.4544612624368595e-06,-1.2218777363307236e-06,-8.390569689324752e-08
C:\Users\damba\.cache\kagglehub\datasets\sunnykusawa\ecommerce-products-image-dataset\versions\1\ecommerce products\tshirt\74.jpg,tshirt,exito,3819135.0,320231040.0,434034990.0,38695415640.0,67900899180.0,33801862875.0,5674356020760.0,11920997444940.0,4551376539495.0,5319819101715.0,11844330517.45744,18573925259.387062,-2591581254.125987,443507215193.3651,-17526075443.523373,588344381729.7715,215442934360.60742,0.0008120457495274825,0.0012734258839446984,-0.00017767847147344453,1.555923226764142e-05,-6.148542103133439e-07,2.0640446367268816e-05,7.558223499650211e-06
C:\Users\damba\.cache\kagglehub\datasets\sunnykusawa\ecommerce-products-image-dataset\versions\1\ecommerce products\tshirt\75.jpg,tshirt,exito,6379845.0,672965655.0,698220855.0,81702689265.0,95603153385.0,74404472730.0,10843086814125.0,14517522235485.0,9073005485850.0,10163059512720.0,10716204043.246334,19188700940.31976,753991406.435711,-35920174702.47649,-145532721328.148,-27739468894.257812,-86491030707.0586,0.00026328172766388805,0.000471438796313047,1.8524484913594658e-05,-3.493921324329251e-07,-1.415582977109034e-06,-2.6981918294660544e-07,-8.412900523275396e-07
C:\Users\damba\.cache\kagglehub\datasets\sunnykusawa\ecommerce-products-image-dataset\versions\1\ecommerce products\tshirt\76.jpg,tshirt,exito,4982445.0,552514620.0,589548270.0,67556593590.0,80731298640.0,65190999390.0,8889929999940.0,12197648243910.0,7921549295490.0,8911353047700.0,6286994966.4839525,10972944526.70966,-185344627.98864064,4067957193.74225,48360419735.19173,-30984379176.398438,2738184792.90625,0.00025325503359985323,0.00044201616982609583,-7.466120179680486e-06,7.341251303541056e-08,8.727377833938528e-07,-5.591605397619574e-07,4.9414735020274575e-08
C:\Users\damba\.cache\kagglehub\datasets\sunnykusawa\ecommerce-products-image-dataset\versions\1\ecommerce products\tshirt\77.jpg,tshirt,exito,5059200.0,557026590.0,605610975.0,68467700940.0,85246551255.0,66267504330.0,9129765018360.0,13317670153065.0,8055209726250.0,9284559631350.0,7138118799.142133,12751956647.06779,-411301858.8886131,19515586206.68031,60298075008.20571,-50138743556.89453,-2762062844.9648438,0.0002788817372245462,0.0004982107923412206,-1.6069300632027432e-05,3.389822675347709e-07,1.0473668573310157e-06,-8.709010737500985e-07,-4.7976541229349545e-08
C:\Users\damba\.cache\kagglehub\datasets\sunnykusawa\ecommerce-products-image-dataset\versions\1\ecommerce products\tshirt\78.jpg,tshirt,exito,6403305.0,591233310.0,844589325.0,68443628430.0,130750379175.0,77855444595.0,8817225327630.0,21891824178735.0,9404178992775.0,12173538639825.0,13853564884.13484,19349918334.237976,-127619183.84791654,-60616822411.677284,-458484516594.31366,400101799626.66406,134691847004.10547,0.00033787274962749286,0.0004719225821899133,-3.1124872848642873e-06,-5.84228441197847e-07,-4.418900295104277e-06,3.8562042914230566e-06,1.2981678135953949e-06
C:\Users\damba\.cache\kagglehub\datasets\sunnykusawa\ecommerce-products-image-dataset\versions\1\ecommerce products\tshirt\79.jpg,tshirt,exito,6263310.0,755563215.0,766578705.0,99370380585.0,114864014835.0,94540543650.0,14039438593935.0,19021977443625.0,12700739206080.0,14214179173560.0,8224361649.144006,21040954670.410183,2065690752.6762917,67807860588.563324,-186939775821.04007,40223032238.66406,-147883924190.9297,0.0002096497671271199,0.0005363615360035758,5.265716705202328e-05,6.906694928598374e-07,-1.904109627423139e-06,4.0969912686271357e-07,-1.5062990343084074e-06
C:\Users\damba\.cache\kagglehub\datasets\sunnykusawa\ecommerce-products-image-dataset\versions\1\ecommerce products\tshirt\8.jpg,tshirt,exito,5384070.0,553249530.0,663114750.0,64234653510.0,94153640310.0,67802631360.0,8130104443620.0,14685875191590.0,7832429411790.0,9575823220110.0,7384530379.130432,12482864917.487925,-336884614.6376846,11939600449.383854,14852832325.88955,-9627562616.945312,-16115765688.464844,0.000254742546677439,0.00043061869010630106,-1.1621435658493025e-05,1.775060049107844e-07,2.2081701468615416e-07,-1.4313294522770816e-07,-2.395930412885228e-07
C:\Users\damba\.cache\kagglehub\datasets\sunnykusawa\ecommerce-products-image-dataset\versions\1\ecommerce products\tshirt\80.jpg,tshirt,exito,6909480.0,710316270.0,844890480.0,88603881000.0,122803451820.0,84982282005.0,12434351019300.0,19664411207850.0,10450360880115.0,12091075099665.0,15581134942.885298,19490333727.953945,-1875115991.9707696,122014118485.79007,-118533701376.03027,1423369117.8125,-74927919213.90234,0.0003263685941409221,0.0004082522127846868,-3.9276918683648544e-05,9.722919195089404e-07,-9.445575763498394e-07,1.134237831574251e-08,-5.97076889964831e-07
C:\Users\damba\.cache\kagglehub\datasets\sunnykusawa\ecommerce-products-image-dataset\versions\1\ecommerce products\tshirt\81.jpg,tshirt,exito,5522790.0,473167800.0,734834265.0,49407347520.0,116470933545.0,59509912785.0,5695911307440.0,19998380608215.0,6069851710965.0,9100347179745.0,8868459212.307688,18697634719.933285,-3447380998.5164895,-56707314602.225746,-474271471390.6402,86674270794.5293,39023460212.98828,0.00029075762539864183,0.0006130128967830432,-0.00011302440356065283,-7.91120716207355e-07,-6.616535957577378e-06,1.209188120945281e-06,5.44414208451634e-07
C:\Users\damba\.cache\kagglehub\datasets\sunnykusawa\ecommerce-products-image-dataset\versions\1\ecommerce products\tshirt\82.jpg,tshirt,exito,3014865.0,317754990.0,330465465.0,35814886170.0,45549793455.0,33786630960.0,4245290519580.0,7156579472955.0,3780542151990.0,4510342351830.0,2324751895.3641233,9326803849.274296,-1043137711.7051485,-19498062106.843063,119114506268.60722,74685144864.26172,-61747007355.3125,0.0002557648568747801,0.001026117520912981,-0.00011476406065825129,-1.2354403297627527e-06,7.5473585065855615e-06,4.732215924530243e-06,-3.912426922783132e-06
C:\Users\damba\.cache\kagglehub\datasets\sunnykusawa\ecommerce-products-image-dataset\versions\1\ecommerce products\tshirt\83.jpg,tshirt,exito,5499840.0,611253870.0,639614715.0,77265970530.0,85551454245.0,71357115375.0,10659905725830.0,12595024929885.0,9069062502195.0,9585315404115.0,9331031769.96755,11166202375.030838,270143780.7905298,-1564801810.7454782,48459261751.644104,23216698921.882812,14267270696.050781,0.00030848180793561597,0.00036915213465578634,8.930892526702345e-06,-2.205891777095067e-08,6.831273218627193e-07,3.272844196075851e-07,2.0112486382549886e-07
C:\Users\damba\.cache\kagglehub\datasets\sunnykusawa\ecommerce-products-image-dataset\versions\1\ecommerce products\tshirt\84.jpg,tshirt,exito,7004085.0,789521310.0,842079360.0,111724860030.0,116657112870.0,96960788175.0,17657954830440.0,17679259377660.0,14063769449535.0,13684501867275.0,22727667828.004154,15416529904.77191,2039096129.4063828,-59864699744.68746,-53025455587.98965,171730971309.54688,44256481732.375,0.00046328907336508975,0.00031425617041474423,4.156567948124499e-05,-4.610969916572934e-07,-4.0841895402723017e-07,1.322726658329963e-06,3.4087752340134304e-07
C:\Users\damba\.cache\kagglehub\datasets\sunnykusawa\ecommerce-products-image-dataset\versions\1\ecommerce products\tshirt\85.jpg,tshirt,exito,5054100.0,459291975.0,514352340.0,55245608985.0,70935680700.0,48223665315.0,8210734144395.0,11149577805150.0,6276342862575.0,7025454845325.0,13507392823.982086,18590390803.979816,1481831539.5560007,735310406191.6566,146638531961.7284,384711330749.41016,277555926351.24805,0.0005287907738090675,0.0007277812429646489,5.8011109669163695e-05,1.2804456107173519e-05,2.5535156721757507e-06,6.699237909641637e-06,4.833268571102085e-06
C:\Users\damba\.cache\kagglehub\datasets\sunnykusawa\ecommerce-products-image-dataset\versions\1\ecommerce products\tshirt\86.jpg,tshirt,exito,3809190.0,368719035.0,481990800.0,40721587245.0,70786110450.0,45571663275.0,4953610332105.0,11226479850390.0,5012749669455.0,6511063138935.0,5030606545.341748,9798044408.495113,-1083710349.0192766,37976001874.45414,-209911752668.92584,69898001444.85938,-66584471276.94922,0.00034670098895124964,0.0006752648324999837,-7.468750464883808e-05,1.3409965214913834e-06,-7.412337167029258e-06,2.4682160356593205e-06,-2.3512097103564635e-06
C:\Users\damba\.cache\kagglehub\datasets\sunnykusawa\ecommerce-products-image-dataset\versions\1\ecommerce products\tshirt\87.jpg,tshirt,exito,5502645.0,611648610.0,672790980.0,76066803960.0,96060600690.0,74526233955.0,10257430079490.0,15156779147490.0,9193508978175.0,10604097777075.0,8078768730.590847,13800577961.04685,-258104801.64118427,6198128595.254582,37047742034.622765,-49558800211.57031,-10439726784.652344,0.0002668100504318595,0.00045577897134659316,-8.524189445085523e-06,8.726334246895192e-08,5.215945024670601e-07,-6.977374684551854e-07,-1.4698072808442417e-07
C:\Users\damba\.cache\kagglehub\datasets\sunnykusawa\ecommerce-products-image-dataset\versions\1\ecommerce products\tshirt\88.jpg,tshirt,exito,5356020.0,586765965.0,615850245.0,72357350835.0,82084100925.0,67473030345.0,9693561059445.0,12070171263015.0,8289025836105.0,8999739163035.0,8075608481.09146,11271907492.832077,5029235.423968853,-2783463966.406266,39759194460.00574,-31927821207.5625,6055195807.2734375,0.00028150808689724475,0.00039292805259437386,1.7531439842239317e-07,-4.192568126685297e-08,5.988693708541893e-07,-4.809099997876375e-07,9.120585446338656e-08
C:\Users\damba\.cache\kagglehub\datasets\sunnykusawa\ecommerce-products-image-dataset\versions\1\ecommerce products\tshirt\89.jpg,tshirt,exito,5526105.0,617719905.0,678668985.0,80087951745.0,94425967305.0,75973662660.0,11406088491705.0,14179287641625.0,10034369029920.0,10583171696520.0,11037891886.707582,11077643087.322224,110583521.86447443,-13993645511.09309,-138225501729.68176,173928772858.3789,872090149.75,0.00036144970182090626,0.00036275140505886673,3.621197001608107e-06,-1.94931954225574e-07,-1.9254859039138683e-06,2.422833675646783e-06,1.2148245217222303e-08
C:\Users\damba\.cache\kagglehub\datasets\sunnykusawa\ecommerce-products-image-dataset\versions\1\ecommerce products\tshirt\9.jpg,tshirt,exito,5264985.0,588337530.0,640379970.0,74089407480.0,88552096620.0,71308552920.0,10149340050150.0,13374772835760.0,8901907693680.0,9829879287120.0,8345431152.147044,10662699788.441898,-250923471.91262594,5068091611.616144,10376219580.548405,-53505692681.40234,-4365078419.644531,0.0003010610016572563,0.0003846563491034323,-9.052051405863724e-06,7.968041935987496e-08,1.6313468479007893e-07,-8.412152655692044e-07,-6.862766217935519e-08
C:\Users\damba\.cache\kagglehub\datasets\sunnykusawa\ecommerce-products-image-dataset\versions\1\ecommerce products\tshirt\90.jpg,tshirt,exito,5863725.0,670961610.0,838781190.0,87971094930.0,132879691140.0,96227613960.0,12625353515790.0,22435211180070.0,12653566093590.0,15230072311350.0,11195754665.272007,12895571029.009771,249378677.80038008,-2979265581.478829,-261983911467.60498,12600371408.007812,-46142004950.515625,0.00032561633550718717,0.00037505364383909454,7.2529073427150205e-06,-3.578287518008421e-08,-3.1465934630044857e-06,1.513384775491018e-07,-5.541948371328376e-07
C:\Users\damba\.cache\kagglehub\datasets\sunnykusawa\ecommerce-products-image-dataset\versions\1\ecommerce products\tshirt\91.jpg,tshirt,exito,5468985.0,595698870.0,670053300.0,73200165360.0,94117657260.0,72462921600.0,9801695461080.0,14546503655880.0,8805536800830.0,10117126124040.0,8314790154.3124895,12023552990.032166,-521369570.98895174,17159941749.210188,69102537989.9704,-49278824269.11328,-6706959010.6640625,0.00027799554018068486,0.00040199380216727256,-1.7431397886292158e-05,2.4532905091409973e-07,9.879322615774754e-07,-7.045202929468397e-07,-9.588679918926394e-08
C:\Users\damba\.cache\kagglehub\datasets\sunnykusawa\ecommerce-products-image-dataset\versions\1\ecommerce products\tshirt\92.jpg,tshirt,exito,8699070.0,965583255.0,895934850.0,154356017835.0,135197700810.0,99292839165.0,27676111616985.0,23389884151440.0,16212791624235.0,14977443008355.0,47177776674.0029,42923554786.97426,-154537247.75869298,69513617537.82425,624031130988.232,349659297655.3906,2540472238.4140625,0.0006234359172256007,0.0005672180343323945,-2.0421494524359523e-06,3.1144963497097975e-07,2.795916467029774e-06,1.5666176567450892e-06,1.1382361893012377e-08
C:\Users\damba\.cache\kagglehub\datasets\sunnykusawa\ecommerce-products-image-dataset\versions\1\ecommerce products\tshirt\93.jpg,tshirt,exito,4985250.0,542351340.0,533239170.0,67930422570.0,64512297510.0,57767184135.0,9339028903800.0,8453677661520.0,7250123854515.0,6960966301065.0,8927368360.121738,7475235693.182608,-244546147.33043522,6358306903.755459,-45928362691.34475,37265464748.578125,-5089128806.8828125,0.000359210952994217,0.0003007814205582858,-9.839815171739138e-06,1.1458404019560474e-07,-8.276821859031424e-07,6.715667512269542e-07,-9.171198380248829e-08
C:\Users\damba\.cache\kagglehub\datasets\sunnykusawa\ecommerce-products-image-dataset\versions\1\ecommerce products\tshirt\94.jpg,tshirt,exito,5669415.0,629322660.0,707021415.0,79752597930.0,99581182455.0,78464769645.0,11062404567990.0,15155434466955.0,10059613468665.0,11041179770235.0,9895829570.39401,11409954688.360542,-16801657.288488764,12683098047.840698,-108961091388.91829,117556429079.73828,-8449929743.746094,0.0003078759112454481,0.00035498289172823823,-5.227278331068957e-07,1.657218331956362e-07,-1.423724057312877e-06,1.5360337716811852e-06,-1.1040976283758549e-07
C:\Users\damba\.cache\kagglehub\datasets\sunnykusawa\ecommerce-products-image-dataset\versions\1\ecommerce products\tshirt\95.jpg,tshirt,exito,7186920.0,806607330.0,690909240.0,132246476160.0,106606770840.0,77563632795.0,24153924149880.0,19289101020060.0,13048913444175.0,11949393254775.0,41718769602.84772,40186721929.28753,21033552.385751832,-52872051803.41455,1313896338161.5867,330774940971.3594,-19414988333.441406,0.0008076921653632975,0.0007780311059725823,4.072180371918401e-07,-3.8182920026779866e-07,9.48864231523219e-06,2.388776808763186e-06,-1.4021036096972159e-07
C:\Users\damba\.cache\kagglehub\datasets\sunnykusawa\ecommerce-products-image-dataset\versions\1\ecommerce products\tshirt\96.jpg,tshirt,exito,5122950.0,563756550.0,617946855.0,68456642610.0,86463481125.0,67867931250.0,8946920992380.0,13358719598145.0,8194691504070.0,9480031066590.0,6417886099.02439,11924725992.822048,-134213424.09407629,1073128677.5446723,52415597218.211205,-33231784434.972656,-2489803882.03125,0.0002445410489996997,0.0004543684568914328,-5.113941103254575e-06,1.8065563302353202e-08,8.823893251485906e-07,-5.594398117602844e-07,-4.191455375528148e-08
C:\Users\damba\.cache\kagglehub\datasets\sunnykusawa\ecommerce-products-image-dataset\versions\1\ecommerce products\tshirt\97.jpg,tshirt,exito,4167210.0,357020910.0,530737875.0,34106032230.0,79397557095.0,43877738310.0,3477560162670.0,12905386240275.0,4146388711950.0,6437103276810.0,3518677578.5118103,11802525416.847084,-1592616940.6272178,-47352094067.16829,-213075572672.58157,75519240149.10156,40482078377.74609,0.000202622981003401,0.0006796482002029324,-9.171081603983916e-05,-1.3357516619876786e-06,-6.010632812197351e-06,2.1303165684313627e-06,1.1419559058377984e-06
C:\Users\damba\.cache\kagglehub\datasets\sunnykusawa\ecommerce-products-image-dataset\versions\1\ecommerce products\tshirt\98.jpg,tshirt,exito,4129215.0,429202230.0,604555785.0,53794270620.0,105393285765.0,64286229555.0,7603996601580.0,19745189833725.0,8508619364565.0,11416520237745.0,9181782716.857897,16880651480.525522,1446999560.5820336,103708012531.18062,-628346449474.0968,331823440981.89844,37936853772.52344,0.0005385078251971503,0.000990043349642636,8.486593621951018e-05,2.9932539942545922e-06,-1.8135537204500514e-05,9.577194817109696e-06,1.094945668252172e-06
C:\Users\damba\.cache\kagglehub\datasets\sunnykusawa\ecommerce-products-image-dataset\versions\1\ecommerce products\tshirt\99.jpg,tshirt,exito,6376530.0,697533885.0,941717295.0,91826542695.0,154204898715.0,104321520510.0,13531892603265.0,26694714794535.0,14019060962280.0,17144879982300.0,15522734711.16032,15127459464.793856,1306287561.5090368,90821680684.57643,-547217809632.84656,171874001448.54688,-109559229079.59375,0.0003817679103106666,0.00037204646575783503,3.212698547657159e-05,8.845624841042418e-07,-5.329656326400874e-06,1.6739757790023078e-06,-1.0670578115347405e-06
C:\Users\damba\.cache\kagglehub\datasets\sunnykusawa\ecommerce-products-image-dataset\versions\1\ecommerce products\tv\1.jpg,tv,exito,7065285.0,834302370.0,789038085.0,126541474890.0,100284915135.0,90869768415.0,21418753800720.0,13856484015255.0,13613924901195.0,11370593597385.0,28023093170.42084,12166587342.070608,-2303591801.291541,-142063420050.04828,-60635951915.91681,26042908944.015625,42996898121.796875,0.0005613796952816735,0.0002437302353873911,-4.614728486958765e-05,-1.0706759632912323e-06,-4.5698925314330417e-07,1.9627513268874243e-07,3.240506620132872e-07
C:\Users\damba\.cache\kagglehub\datasets\sunnykusawa\ecommerce-products-image-dataset\versions\1\ecommerce products\tv\10.jpg,tv,exito,6271215.0,682956300.0,665055810.0,97248787980.0,79027341210.0,72908857695.0,15684842594730.0,10162319080950.0,10457859221925.0,8725865721555.0,22872561409.919083,8498866199.215628,482054389.56349367,112327182264.07211,-21039823020.741955,39732012740.296875,17281069832.882812,0.0005815826230161027,0.00021610141550037291,1.2257239200030402e-05,1.14052717924746e-06,-2.1363030317362354e-07,4.0342363712090634e-07,1.7546536317933e-07
C:\Users\damba\.cache\kagglehub\datasets\sunnykusawa\ecommerce-products-image-dataset\versions\1\ecommerce products\tv\100.jpg,tv,exito,5209140.0,568533210.0,585901770.0,71656061820.0,80275526940.0,64140182130.0,9919225135500.0,12237409335660.0,8112415443990.0,8798245544010.0,9605510121.849422,14375803744.015081,194000218.44037533,1857998312.6475892,-25496065118.402596,10501388036.6875,-6784299374.683594,0.0003539878653592882,0.000529785510151351,7.149409280068699e-06,3.000062077097571e-08,-4.116784044218765e-07,1.6956321107126797e-07,-1.0954433669351495e-07
C:\Users\damba\.cache\kagglehub\datasets\sunnykusawa\ecommerce-products-image-dataset\versions\1\ecommerce products\tv\101.jpg,tv,exito,4597395.0,465646575.0,493778685.0,63646265745.0,71023268355.0,53921249910.0,9987345140115.0,11832427213995.0,7323186026370.0,7969775142840.0,16483310895.736317,17989454693.061184,3908937833.649402,201920963550.0824,339963630346.50653,-304511057082.7324,-63478911097.921875,0.0007798674814554182,0.0008511269861361965,0.00018494181919983632,4.4555555442565695e-06,7.501582854027292e-06,-6.71929206764051e-06,-1.4007154547653715e-06
C:\Users\damba\.cache\kagglehub\datasets\sunnykusawa\ecommerce-products-image-dataset\versions\1\ecommerce products\tv\102.jpg,tv,exito,5374380.0,570631860.0,655385955.0,76560025980.0,87001616805.0,70327899675.0,11627406390600.0,12306020224965.0,9487976073795.0,9421867893975.0,15972438268.104008,7079700228.341481,741434534.9231384,106755758909.93475,-30195283953.158894,-5684232545.4453125,3526432834.2578125,0.0005529864345309999,0.0002451083623617339,2.5669420850043174e-05,1.5943012492113179e-06,-4.509394099050493e-07,-8.488890098806409e-08,5.2664102904839485e-08
C:\Users\damba\.cache\kagglehub\datasets\sunnykusawa\ecommerce-products-image-dataset\versions\1\ecommerce products\tv\103.jpg,tv,exito,945030.0,117894660.0,95570940.0,17266465140.0,11883161670.0,9962474130.0,2762920514040.0,1659440950860.0,1279078842300.0,1071195260640.0,2558835904.4036703,2218066834.40367,-1960219834.4036694,-29551910087.359447,9069644480.90516,22004038217.083984,-14782116214.148438,0.0028651756069181713,0.002483610214125338,-0.002194894187651885,-3.4038590505131265e-05,1.044663149014878e-05,2.5344772778357645e-05,-1.7026391834749217e-05
C:\Users\damba\.cache\kagglehub\datasets\sunnykusawa\ecommerce-products-image-dataset\versions\1\ecommerce products\tv\104.jpg,tv,exito,6310740.0,627987990.0,660655785.0,82874484390.0,82564596915.0,65224066770.0,12392037178140.0,11475942865815.0,8444499525060.0,8248927937550.0,20382777302.679,13402174401.32232,-518444964.6019909,88494396752.00204,26378046520.76273,-128243626876.80078,141392540484.96484,0.0005118029489838466,0.0003365229516828915,-1.301793459394024e-05,8.845350642585134e-07,2.636585810019555e-07,-1.2818436974954518e-06,1.4132720768076584e-06
C:\Users\damba\.cache\kagglehub\datasets\sunnykusawa\ecommerce-products-image-dataset\versions\1\ecommerce products\tv\105.jpg,tv,exito,4583625.0,510263160.0,387153240.0,61495458300.0,49337673360.0,43277182200.0,7887959176200.0,7773772106040.0,5166647383440.0,5539112772360.0,4691402022.886227,16636998404.588598,178098909.67009422,-2425861813.1165175,796025067875.1635,-67184038417.48828,16605967034.541016,0.00022329782442902913,0.0007918753350599297,8.47701792950322e-06,-5.3931606775589036e-08,1.76971790858117e-05,-1.4936313032905682e-06,3.691828114004135e-07
C:\Users\damba\.cache\kagglehub\datasets\sunnykusawa\ecommerce-products-image-dataset\versions\1\ecommerce products\tv\106.jpg,tv,exito,6775605.0,767372520.0,539141655.0,125424585090.0,63856318935.0,61830397995.0,22802196214560.0,8987921191605.0,10574139481515.0,7408286983335.0,38515654529.3858,20956279136.909798,769800390.1631538,-126987184087.95947,571786026427.1646,419612215875.41797,53719045590.83203,0.0008389597448848884,0.00045647606962058603,1.676802710053454e-05,-1.0626486463666406e-06,4.784795027609389e-06,3.511380746029145e-06,4.4952938748263877e-07
C:\Users\damba\.cache\kagglehub\datasets\sunnykusawa\ecommerce-products-image-dataset\versions\1\ecommerce products\tv\107.jpg,tv,exito,5695170.0,601609770.0,667630545.0,99319252320.0,100336169625.0,68562660135.0,18521694827820.0,16335815200215.0,10832166192795.0,10299381414435.0,35768152816.4816,22071509462.61731,-1962549581.7292023,473353351919.56866,-601118972592.9929,-396153339447.0078,160491120185.9336,0.0011027653911401978,0.0006804851480723453,-6.0507227427477873e-05,6.115313503795556e-06,-7.765934170695942e-06,-5.117956504310623e-06,2.0734056504137357e-06
C:\Users\damba\.cache\kagglehub\datasets\sunnykusawa\ecommerce-products-image-dataset\versions\1\ecommerce products\tv\108.jpg,tv,exito,3178320.0,363614955.0,375542580.0,56771875275.0,45813368340.0,44448141180.0,9926036889045.0,5754830935260.0,7048147359840.0,5597159800890.0,15172591534.013561,1440168223.883186,1484280295.229463,-40569761365.33716,1300917591.5037386,502837662.8105469,5134211781.667969,0.0015019812966833145,0.00014256666249143885,0.00014693345151172837,-2.2527261542244255e-06,7.223634017662812e-08,2.792117863700892e-08,2.850885184592828e-07
C:\Users\damba\.cache\kagglehub\datasets\sunnykusawa\ecommerce-products-image-dataset\versions\1\ecommerce products\tv\109.jpg,tv,exito,5073735.0,583858965.0,428328345.0,80611362195.0,47037668985.0,50864361420.0,12321090338385.0,6309384142305.0,7213924708080.0,5778425857800.0,13423917243.525146,10877883121.047894,1574569148.2587771,-44753631493.86146,501793036800.54553,46269325284.77734,99723693749.61328,0.0005214632480013646,0.00042256043156232005,6.116545024514371e-05,-7.71807208702977e-07,8.653766636406718e-06,7.979463923840974e-07,1.7198038046364265e-06
C:\Users\damba\.cache\kagglehub\datasets\sunnykusawa\ecommerce-products-image-dataset\versions\1\ecommerce products\tv\11.jpg,tv,exito,5473830.0,610107135.0,579966135.0,92445130875.0,69117252495.0,65448091665.0,15610655361345.0,8990292573285.0,9977395561845.0,7856073080385.0,24443253546.345615,7668373420.0491495,805697395.9282109,-142015204844.54486,42177710443.16388,2995788202.7148438,-18392021415.410156,0.0008157862888815753,0.00025592967328341915,2.6889910025258914e-05,-2.025846712203572e-06,6.016649845563348e-07,4.273491481120965e-08,-2.623621615444057e-07
C:\Users\damba\.cache\kagglehub\datasets\sunnykusawa\ecommerce-products-image-dataset\versions\1\ecommerce products\tv\110.jpg,tv,exito,5042115.0,562289535.0,427387395.0,75178594335.0,47702712045.0,47675804445.0,11165508941625.0,6576963258135.0,6345738242805.0,5323663194075.0,12472860497.014105,11475853791.095432,14166501.515699545,-213123134.06450495,588046236269.7751,-29823390298.785156,1522595857.7714844,0.0004906147167546396,0.00045139787770285487,5.57233373226049e-07,-3.7333501742756005e-09,1.0301005230128656e-05,-5.224264360515632e-07,2.6671827701454566e-08
C:\Users\damba\.cache\kagglehub\datasets\sunnykusawa\ecommerce-products-image-dataset\versions\1\ecommerce products\tv\111.jpg,tv,exito,5909370.0,676785045.0,677155305.0,98999672295.0,87117394455.0,77731500315.0,16141593307305.0,12182691933165.0,11364426669735.0,10006539485325.0,21489210581.542892,9522099679.136744,178633669.923837,-118794918520.22226,17624178410.54693,-20872690517.722656,-11732378002.390625,0.0006153725158333246,0.00027267816159793793,5.115415964511374e-06,-1.3994097852090925e-06,2.076136591633066e-07,-2.45881286152571e-07,-1.3820797038151482e-07
C:\Users\damba\.cache\kagglehub\datasets\sunnykusawa\ecommerce-products-image-dataset\versions\1\ecommerce products\tv\112.jpg,tv,exito,5866530.0,641250285.0,684023475.0,91480027275.0,87721955595.0,77105804775.0,14740761905925.0,11997984525285.0,11143039481475.0,10131412238685.0,21387156700.302315,7966441798.756635,2337543419.404724,65880123897.369194,-87923721162.06827,-34332306878.01172,-2278064008.4648438,0.0006214274878608073,0.00023147377576004244,6.791990890802732e-05,7.903167155005691e-07,-1.054757981810179e-06,-4.1186012414999943e-07,-2.732830417372502e-08
C:\Users\damba\.cache\kagglehub\datasets\sunnykusawa\ecommerce-products-image-dataset\versions\1\ecommerce products\tv\113.jpg,tv,exito,6061860.0,680911965.0,668633970.0,98298388125.0,80997351870.0,75061701060.0,15953647907385.0,10533715758750.0,10858518641730.0,9092708633070.0,21813430689.466812,7245832396.115601,-44103161.550982684,11577235538.616682,1106905648.1805737,25939077729.70703,4229473603.5390625,0.0005936249830910641,0.00019718618290069371,-1.2002118741737686e-06,1.2796467972465984e-07,1.223477109732957e-08,2.8670797643904764e-07,4.674891801894251e-08
C:\Users\damba\.cache\kagglehub\datasets\sunnykusawa\ecommerce-products-image-dataset\versions\1\ecommerce products\tv\114.jpg,tv,exito,5445270.0,591148395.0,586146060.0,83469869865.0,69660263520.0,62949428265.0,13426440270975.0,8944407540000.0,8840591954535.0,7426480372455.0,19293727100.531754,6565650460.679961,-683651932.0469218,175675622087.3756,32462071999.473938,4068537818.0859375,11216629359.863281,0.0006506947365081605,0.00022143125453448975,-2.305665004323121e-05,2.5390014742576367e-06,4.691672508956769e-07,5.8801690271262056e-08,1.6211149926499063e-07
C:\Users\damba\.cache\kagglehub\datasets\sunnykusawa\ecommerce-products-image-dataset\versions\1\ecommerce products\tv\115.jpg,tv,exito,6071805.0,691994010.0,680103105.0,101772195240.0,83707269255.0,77224001610.0,16790350274400.0,11046908773635.0,11324375121510.0,9490821823050.0,22906732683.82764,7528895043.27202,-286273315.2324595,-29753978353.57402,-15769214820.38554,-9880037649.894531,14967743944.910156,0.0006213374301135276,0.00020421874923628075,-7.76506752192536e-06,-3.2752956172830684e-07,-1.7358633381878482e-07,-1.0875871330128937e-07,1.64763802543705e-07
C:\Users\damba\.cache\kagglehub\datasets\sunnykusawa\ecommerce-products-image-dataset\versions\1\ecommerce products\tv\116.jpg,tv,exito,4106265.0,468986820.0,462906090.0,73975578030.0,56262287610.0,52768328355.0,13039425009690.0,7254116185770.0,8302369558215.0,6397551373545.0,20411417574.27871,4078113388.636281,-101336683.11463316,-71989557479.36975,-7890191953.085411,-13872682320.046875,-5457837168.621094,0.0012105402128464262,0.00024186072483826866,-6.009976009766377e-06,-2.106939526041016e-06,-2.309245656742708e-07,-4.0601586863057677e-07,-1.597361236809792e-07
C:\Users\damba\.cache\kagglehub\datasets\sunnykusawa\ecommerce-products-image-dataset\versions\1\ecommerce products\tv\117.jpg,tv,exito,3863505.0,454088190.0,483558795.0,63535540410.0,66619039425.0,56066750295.0,9797309440680.0,9809570829825.0,7747542789465.0,7670128544595.0,10165327534.003702,6096506589.698371,-767222478.4611516,-59711297430.7469,-54596859581.04453,-24259247076.929688,32264823007.035156,0.0006810177307655348,0.00040843042877126854,-5.1399436912008173e-05,-2.035179930264875e-06,-1.8608611377721576e-06,-8.26844079741621e-07,1.0997034575178041e-06
C:\Users\damba\.cache\kagglehub\datasets\sunnykusawa\ecommerce-products-image-dataset\versions\1\ecommerce products\tv\118.jpg,tv,exito,7317225.0,919998435.0,870803325.0,144522912345.0,131120179155.0,104500480785.0,24845262310335.0,21198639259575.0,16001058410595.0,15608931270645.0,28851039414.695244,27488210638.102467,-4986065848.8395195,-580589074353.6008,-948218111448.8063,55575382092.94531,309880854695.9453,0.0005388509402995542,0.0005133973835947561,-9.312476519213997e-05,-4.008693345506574e-06,-6.546998215020864e-06,3.837217650332337e-07,2.139580944582102e-06
C:\Users\damba\.cache\kagglehub\datasets\sunnykusawa\ecommerce-products-image-dataset\versions\1\ecommerce products\tv\119.jpg,tv,exito,5756880.0,727665960.0,624566910.0,114368283870.0,76859915670.0,79108294020.0,19640469049770.0,10352194591170.0,12447466612290.0,9666003668700.0,22391770664.457832,9100326262.725904,163434973.1927725,-476220141097.4781,39024029915.01219,-1724232754.6289062,-84502937988.94922,0.0006756380250433533,0.0002745886672177188,4.931404673872041e-06,-5.988800103200403e-06,4.907543680192284e-07,-2.1683428330154246e-08,-1.0626833266284888e-06
C:\Users\damba\.cache\kagglehub\datasets\sunnykusawa\ecommerce-products-image-dataset\versions\1\ecommerce products\tv\12.jpg,tv,exito,4531095.0,446866590.0,372717435.0,54186009780.0,37831070445.0,35590934205.0,7443493322970.0,4435250478915.0,4222207799475.0,3575247042945.0,10115040343.643427,7172192987.5688,-1167281902.1433368,104414228789.01755,143417646703.80832,-4768684515.626953,36299214036.23633,0.0004926758603913361,0.0003493378405815017,-5.685509853839658e-05,2.38919592646577e-06,3.281668229149307e-06,-1.0911656152111213e-07,8.305949803501007e-07
C:\Users\damba\.cache\kagglehub\datasets\sunnykusawa\ecommerce-products-image-dataset\versions\1\ecommerce products\tv\120.jpg,tv,exito,6218175.0,690318405.0,646777920.0,98546893275.0,74627536530.0,71808817275.0,15806205603315.0,9293457010260.0,10260441411465.0,8286340172535.0,21910339900.136154,7353508732.531066,5964810.471809595,1093014968.2711735,1403149271.2089279,8849924932.613281,230855590.859375,0.0005666608832320092,0.00019018170289564757,1.5426619512398157e-07,1.1336232866682377e-08,1.4552798769352022e-08,9.178722414702763e-08,2.394324700508721e-09
C:\Users\damba\.cache\kagglehub\datasets\sunnykusawa\ecommerce-products-image-dataset\versions\1\ecommerce products\tv\121.jpg,tv,exito,5910900.0,682023510.0,617412120.0,100617949980.0,72514054710.0,71536993395.0,16539400352700.0,9225805065540.0,10559222023335.0,8469492594495.0,21923323409.981888,8023414380.626403,297489901.63330966,-129508168886.56973,-24658114865.548172,-19290897033.945312,40380638728.83203,0.0006274789576464935,0.00022964235842222154,8.514614773334735e-06,-1.5246253368724708e-06,-2.9028583298443255e-07,-2.2710065814235325e-07,4.753780819725228e-07
C:\Users\damba\.cache\kagglehub\datasets\sunnykusawa\ecommerce-products-image-dataset\versions\1\ecommerce products\tv\122.jpg,tv,exito,3646245.0,471554160.0,423940815.0,75724388430.0,55143879795.0,52424786235.0,13093136677140.0,7673423870835.0,8216081111895.0,6668473524075.0,14740190765.46961,5853221975.005944,-2401769552.4033175,-512571915377.4888,-99114927702.72627,32996843340.21875,95434786168.98828,0.0011086932691622773,0.00044025399059311794,-0.00018065069707689214,-2.019017997877869e-05,-3.9041316327835e-06,1.299743871608617e-06,3.7591710571366127e-06
C:\Users\damba\.cache\kagglehub\datasets\sunnykusawa\ecommerce-products-image-dataset\versions\1\ecommerce products\tv\123.jpg,tv,exito,4955670.0,553262790.0,366437040.0,74211994650.0,35106179970.0,41097242025.0,11049001028490.0,4035360685830.0,5471300442585.0,3957346575135.0,12444420376.776787,8010730861.41093,187339002.8573655,-14852030067.33397,254830165416.36636,-57986021371.478516,10304303189.628906,0.0005067221814103436,0.00032618755184134007,7.628224161269472e-06,-2.716626123984536e-07,4.661169425397411e-06,-1.060638443159044e-06,1.8847887532877835e-07
C:\Users\damba\.cache\kagglehub\datasets\sunnykusawa\ecommerce-products-image-dataset\versions\1\ecommerce products\tv\124.jpg,tv,exito,5786460.0,670702275.0,630500250.0,96459697365.0,75998036070.0,72554979915.0,15404122307115.0,9850462401090.0,10420578215805.0,8672064519525.0,18719327313.159042,7297904167.236913,-525617213.99920803,-115889807256.79575,-20761377434.66801,32050863824.691406,-22241173077.98047,0.0005590676044179822,0.00021795771460126327,-1.569797630841258e-05,-1.438841157818883e-06,-2.5776489799331207e-07,3.9793061276241013e-07,-2.761374445283239e-07
C:\Users\damba\.cache\kagglehub\datasets\sunnykusawa\ecommerce-products-image-dataset\versions\1\ecommerce products\tv\125.jpg,tv,exito,6212565.0,708769695.0,670289430.0,105541233705.0,80251449840.0,75749659950.0,17528433367665.0,10351724608830.0,11243259736260.0,9017301541140.0,24680191518.657795,7932219382.093332,-721304114.4120243,-143747390758.92273,-18462936321.44354,20729849285.273438,17342493791.14453,0.0006394500625994826,0.0002055194011196336,-1.8688589218010945e-05,-1.4942477349974533e-06,-1.9192140207947916e-07,2.1548586153683408e-07,1.8027445179916472e-07
C:\Users\damba\.cache\kagglehub\datasets\sunnykusawa\ecommerce-products-image-dataset\versions\1\ecommerce products\tv\126.jpg,tv,exito,7505415.0,818933520.0,723664755.0,119540960400.0,82453594905.0,76221529545.0,19649503676820.0,10467418012695.0,11039205600525.0,8347142360295.0,30185193906.129856,12678548804.389975,-2739237462.832024,18952444221.729973,72416752356.31126,110952723738.72266,-121334532368.6836,0.0005358516203716158,0.00022507130290169597,-4.862731170804556e-05,1.2280850653922388e-07,4.6924782372411183e-07,7.189541432966608e-07,-7.862264379994044e-07
C:\Users\damba\.cache\kagglehub\datasets\sunnykusawa\ecommerce-products-image-dataset\versions\1\ecommerce products\tv\127.jpg,tv,exito,6071805.0,691994010.0,680103105.0,101772195240.0,83707269255.0,77224001610.0,16790350274400.0,11046908773635.0,11324375121510.0,9490821823050.0,22906732683.82764,7528895043.27202,-286273315.2324595,-29753978353.57402,-15769214820.38554,-9880037649.894531,14967743944.910156,0.0006213374301135276,0.00020421874923628075,-7.76506752192536e-06,-3.2752956172830684e-07,-1.7358633381878482e-07,-1.0875871330128937e-07,1.64763802543705e-07
C:\Users\damba\.cache\kagglehub\datasets\sunnykusawa\ecommerce-products-image-dataset\versions\1\ecommerce products\tv\128.jpg,tv,exito,5484030.0,621623955.0,615858660.0,85819459755.0,75658826910.0,69711475935.0,13200533861025.0,9958112537580.0,9631352742015.0,8555272040415.0,15357346777.893381,6497664571.902727,-97131229.84050663,-8806947400.119085,2217009888.227542,15814663604.90625,1033461058.7265625,0.0005106420174046665,0.0002160516782880367,-3.229678138814311e-06,-1.2504774019111134e-07,3.1478793265014133e-08,2.2454862687716294e-07,1.467386644860881e-08
C:\Users\damba\.cache\kagglehub\datasets\sunnykusawa\ecommerce-products-image-dataset\versions\1\ecommerce products\tv\129.jpg,tv,exito,6984705.0,887206200.0,803166105.0,137317285290.0,103725837705.0,99031240785.0,23364170751120.0,14455589660265.0,15244760265705.0,12587480780385.0,24623214270.760105,11370356375.313053,-2987949429.311267,-333391795379.8843,-86706219407.9722,213812694175.46094,99255880132.8125,0.0005047177840342551,0.0002330654727007992,-6.12459120156065e-05,-2.5857393044547427e-06,-6.724810945284522e-07,1.6583008183836336e-06,7.698144765836888e-07
C:\Users\damba\.cache\kagglehub\datasets\sunnykusawa\ecommerce-products-image-dataset\versions\1\ecommerce products\tv\13.jpg,tv,exito,6649890.0,694601130.0,682945845.0,93560089560.0,86852438745.0,68654172240.0,14354735587680.0,12462431437995.0,9213215650770.0,8324596058190.0,21006899988.85268,16713680479.41004,-2681587549.3806977,193632641407.9102,109657265015.27321,164764181822.03906,-196604133967.4922,0.00047504313350011805,0.0003779576782615196,-6.064053967452069e-05,1.6980184949055587e-06,9.616150600581935e-07,1.4448629425161344e-06,-1.724076339734599e-06
C:\Users\damba\.cache\kagglehub\datasets\sunnykusawa\ecommerce-products-image-dataset\versions\1\ecommerce products\tv\130.jpg,tv,exito,5185425.0,580486335.0,569906895.0,80242502145.0,67759022025.0,63782486745.0,12399693217305.0,8574010363515.0,8824383009075.0,7581123956085.0,15259519048.776987,5123101349.541184,-16172915.448239824,408577308.24695855,804615427.0392762,8909073639.011719,-656176965.6367188,0.0005675081872664171,0.00019053037980861355,-6.014777988418469e-07,6.672880539082209e-09,1.3140971160567813e-08,1.4550290216087683e-07,-1.071667568367429e-08
C:\Users\damba\.cache\kagglehub\datasets\sunnykusawa\ecommerce-products-image-dataset\versions\1\ecommerce products\tv\131.jpg,tv,exito,6289065.0,731911455.0,652826265.0,103130672295.0,78262152765.0,76038320205.0,16017746506155.0,10310394489585.0,10722213684765.0,9173437320765.0,17951972764.90816,10496573577.338522,63430220.81863507,-162882796854.3097,7357912920.969862,2136501319.6835938,52243004924.13281,0.0004538789212480824,0.0002653843983874775,1.603703424504222e-06,-1.6421393557297306e-06,7.418044518454752e-08,2.1539616020708738e-08,5.266995416602259e-07
C:\Users\damba\.cache\kagglehub\datasets\sunnykusawa\ecommerce-products-image-dataset\versions\1\ecommerce products\tv\132.jpg,tv,exito,5374380.0,597193170.0,632252355.0,81491966190.0,80215885245.0,70217780985.0,12417785601180.0,10810217089725.0,9572754431535.0,8905010063205.0,15132742931.754608,5836507455.739469,-37167143.41952359,-537454308.851378,230910427.35471436,-5856609889.457031,284166281.71875,0.0005239150978730633,0.00020206742351342236,-1.2867744909246334e-06,-8.026396746602278e-09,3.448439564727604e-09,-8.746320159441795e-08,4.243767854342682e-09
C:\Users\damba\.cache\kagglehub\datasets\sunnykusawa\ecommerce-products-image-dataset\versions\1\ecommerce products\tv\133.jpg,tv,exito,2533935.0,314738595.0,305402535.0,45641507265.0,39317222685.0,36754887570.0,7113653491545.0,5307830448075.0,5228915780400.0,4636956189600.0,6548009135.579145,2508579849.0842304,-1178983967.8801482,-182100448878.5241,-35571323272.32668,20854600931.83203,37580893016.17969,0.0010198078159697715,0.0003906942223369545,-0.00018361872142392592,-1.7816497887954017e-05,-3.4802572418473567e-06,2.04039010197041e-06,3.6768712277960524e-06
C:\Users\damba\.cache\kagglehub\datasets\sunnykusawa\ecommerce-products-image-dataset\versions\1\ecommerce products\tv\134.jpg,tv,exito,5151510.0,553436955.0,554029575.0,74864636295.0,66388701495.0,58304760600.0,11362883628015.0,8642786473185.0,7781910457560.0,6898461040980.0,15407804577.761364,6804468915.68236,-1215737461.334271,9444879805.272219,39278352849.5782,-8340275077.203125,27688823947.027344,0.0005805928284924164,0.00025640420309112867,-4.5811098383155144e-05,1.5680505801494606e-07,6.521040525970057e-07,-1.3846627424643566e-07,4.5969326607583163e-07
C:\Users\damba\.cache\kagglehub\datasets\sunnykusawa\ecommerce-products-image-dataset\versions\1\ecommerce products\tv\135.jpg,tv,exito,5151510.0,553436955.0,554029575.0,74864636295.0,66388701495.0,58304760600.0,11362883628015.0,8642786473185.0,7781910457560.0,6898461040980.0,15407804577.761364,6804468915.68236,-1215737461.334271,9444879805.272219,39278352849.5782,-8340275077.203125,27688823947.027344,0.0005805928284924164,0.00025640420309112867,-4.5811098383155144e-05,1.5680505801494606e-07,6.521040525970057e-07,-1.3846627424643566e-07,4.5969326607583163e-07
C:\Users\damba\.cache\kagglehub\datasets\sunnykusawa\ecommerce-products-image-dataset\versions\1\ecommerce products\tv\136.jpg,tv,exito,5696955.0,607358745.0,639226860.0,83056494465.0,78865491180.0,68192884125.0,12814907077035.0,10447684649250.0,9312466163505.0,8434196124855.0,18305299286.52746,7141038635.533764,44193559.62064956,57064432079.70818,-3938664890.7929974,-16311200768.703125,16340416394.878906,0.0005640157813720468,0.00022002691257787152,1.3616748172698832e-06,7.366454774894136e-07,-5.0844275031008665e-08,-2.105614976050849e-07,2.1093864249394227e-07
C:\Users\damba\.cache\kagglehub\datasets\sunnykusawa\ecommerce-products-image-dataset\versions\1\ecommerce products\tv\137.jpg,tv,exito,6536670.0,753328905.0,749604885.0,101963808615.0,99508841505.0,85481497545.0,15107152470135.0,14478212207625.0,11465961630825.0,11450960864145.0,15145223753.21272,13546496210.551416,-907906723.4885361,-134699106515.34093,-40090408380.61295,-17662947945.773438,191138358392.44922,0.00035445619660160154,0.00031703985377248074,-2.1248491888969484e-05,-1.2330290650588732e-06,-3.6698564706326173e-07,-1.61685765816718e-07,1.749671229769352e-06
C:\Users\damba\.cache\kagglehub\datasets\sunnykusawa\ecommerce-products-image-dataset\versions\1\ecommerce products\tv\138.jpg,tv,exito,6339810.0,710975700.0,658139955.0,99980653470.0,77029461855.0,73807823730.0,15758843184180.0,9794232156525.0,10406912672220.0,8631110782830.0,20248540679.476315,8707508930.95306,956457.3067395344,5018407975.512399,-10113025883.149841,27639032880.21875,-7528944310.015625,0.0005037803731991799,0.0002166413949681324,2.3796501020279303e-08,4.958785908076711e-08,-9.992876322945452e-08,2.7310662550368605e-07,-7.439495379685194e-08
C:\Users\damba\.cache\kagglehub\datasets\sunnykusawa\ecommerce-products-image-dataset\versions\1\ecommerce products\tv\139.jpg,tv,exito,8613390.0,975473685.0,916271355.0,139352205945.0,121455494535.0,103759875615.0,22278231649305.0,17976226569015.0,14704965618435.0,13771815125445.0,28878988068.243095,23984789505.559097,-8628437.619597955,-44662782045.290405,-46798245729.99202,-117026760382.52344,18713636124.851562,0.0003892545947911331,0.000323286588092178,-1.163011315133488e-07,-2.0512117343031753e-07,-2.1492864167937646e-07,-5.374646475911377e-07,8.594545223772735e-08
C:\Users\damba\.cache\kagglehub\datasets\sunnykusawa\ecommerce-products-image-dataset\versions\1\ecommerce products\tv\14.jpg,tv,exito,8103645.0,822562935.0,841729245.0,120528705705.0,115569803835.0,87122668110.0,20352523315875.0,17736895509135.0,12994658792220.0,12080407443180.0,37034206373.42585,28139009187.866524,1682686688.9809365,599883991682.2704,-113014950211.93993,133684766698.89062,-103269279.24609375,0.000563952112063386,0.00042849719804594755,2.562373559792749e-05,3.2089744117007607e-06,-6.045536943780212e-07,7.15123259695421e-07,-5.524209333977623e-10
C:\Users\damba\.cache\kagglehub\datasets\sunnykusawa\ecommerce-products-image-dataset\versions\1\ecommerce products\tv\140.jpg,tv,exito,6197520.0,758173650.0,715371900.0,109122554430.0,103595130060.0,86249042700.0,17127394406880.0,16681575665940.0,12534221663730.0,12484171808520.0,16371375965.981733,21020655865.546413,-1265983395.9924278,-227698780849.6183,-129054727077.4459,248091309800.59375,103122617053.76953,0.0004262351958690986,0.0005472810219962968,-3.296037436798922e-05,-2.3813096007959654e-06,-1.3496745984801357e-06,2.594577870368033e-06,1.0784725202877993e-06
C:\Users\damba\.cache\kagglehub\datasets\sunnykusawa\ecommerce-products-image-dataset\versions\1\ecommerce products\tv\141.jpg,tv,exito,5440425.0,623725665.0,516461700.0,81931901625.0,64976802450.0,58825792920.0,11774855596245.0,9836660473050.0,7565679987420.0,7368949991010.0,10423939438.27888,15948888717.729086,-384731492.98805255,-8486135676.338698,640318236105.3619,-123931648593.6289,-7367329029.4453125,0.0003521812448836843,0.000538846135511374,-1.2998465402525663e-05,-1.2292151433300405e-07,9.274997506411267e-06,-1.7951475795266985e-06,-1.067156212708158e-07
C:\Users\damba\.cache\kagglehub\datasets\sunnykusawa\ecommerce-products-image-dataset\versions\1\ecommerce products\tv\142.jpg,tv,exito,6869445.0,821030895.0,795801705.0,120057411645.0,111337378095.0,91062139650.0,19384887843315.0,16884946661775.0,13051477138440.0,12516138417270.0,21928417156.43491,19146472762.632248,-4051481042.59976,-206019436973.28836,-449214490502.6954,111696607113.89844,147879243299.01562,0.00046469070225346856,0.0004057378063483985,-8.585597206681295e-05,-1.6657279352144095e-06,-3.632031699176351e-06,9.031000252777725e-07,1.1956473147408721e-06
C:\Users\damba\.cache\kagglehub\datasets\sunnykusawa\ecommerce-products-image-dataset\versions\1\ecommerce products\tv\143.jpg,tv,exito,6361995.0,720212310.0,658616295.0,101154557700.0,77163444465.0,74841628155.0,15885487861650.0,9839809848765.0,10541158144125.0,8798522743035.0,19622621337.972664,8981148810.959558,282694483.1578418,-8530375129.25936,-7944481820.332735,5274335945.890625,4671604842.800781,0.0004848086683114667,0.00022189383976556261,6.984425452553294e-06,-8.355738143303412e-08,-7.781839458295698e-08,5.166357795041188e-08,4.575966025402751e-08
C:\Users\damba\.cache\kagglehub\datasets\sunnykusawa\ecommerce-products-image-dataset\versions\1\ecommerce products\tv\144.jpg,tv,exito,7410810.0,859388760.0,693090765.0,125030491260.0,83867707605.0,82335820095.0,20196263069730.0,11757991502745.0,12062820470325.0,10246493282235.0,25372148809.668987,19046883899.050827,1962093997.4747126,-187322240684.92792,351630755719.452,-85633192730.14453,153833545697.85547,0.00046198289089484303,0.00034681077082712963,3.572633378278741e-05,-1.2529252074619277e-06,2.351920604562986e-06,-5.727669356011305e-07,1.0289324238987583e-06
C:\Users\damba\.cache\kagglehub\datasets\sunnykusawa\ecommerce-products-image-dataset\versions\1\ecommerce products\tv\145.jpg,tv,exito,6648360.0,741274290.0,729352785.0,114147363600.0,93932229675.0,81321894450.0,19751786714070.0,13335071292885.0,12392273037330.0,10473356877780.0,31497270492.075035,13919191123.047909,1017141.8521886164,939956393.8872412,-23672056723.841393,-130395034837.60938,-57704303.07421875,0.0007125967943185567,0.00031490890540140275,2.3011899504727427e-08,8.247482196197816e-09,-2.0770630174646952e-07,-1.1441283183874886e-06,-5.063162667370648e-10
C:\Users\damba\.cache\kagglehub\datasets\sunnykusawa\ecommerce-products-image-dataset\versions\1\ecommerce products\tv\146.jpg,tv,exito,5462865.0,609202140.0,579629790.0,82280566440.0,68003839620.0,64644107520.0,12374341720890.0,8598738581280.0,8707579170480.0,7584982629090.0,14344191043.467299,6503016616.787564,5550924.559582776,-578932678.8524805,3297253323.981319,-23925400279.04297,222693196.59375,0.0004806568370853677,0.00021790837761898255,1.860049014701083e-07,-8.29997710091274e-09,4.727169165713456e-08,-3.430109954059593e-07,3.192682845129506e-09
C:\Users\damba\.cache\kagglehub\datasets\sunnykusawa\ecommerce-products-image-dataset\versions\1\ecommerce products\tv\147.jpg,tv,exito,9263640.0,1030747995.0,974465925.0,146096351595.0,127367738385.0,108354148140.0,23248399285125.0,18654781935705.0,15277122964170.0,14155720796880.0,31406939096.617065,24861181676.610455,-72863098.51643977,3346531648.869967,26222341562.786934,-74910298212.42188,-921274123.9375,0.00036598414686099675,0.00028970662622931567,-8.490715655592276e-07,1.2812703117815536e-08,1.0039620501165591e-07,-2.868054189139042e-07,-3.5272374740943145e-09
C:\Users\damba\.cache\kagglehub\datasets\sunnykusawa\ecommerce-products-image-dataset\versions\1\ecommerce products\tv\148.jpg,tv,exito,5291760.0,551117220.0,575487315.0,75390725520.0,69152093655.0,60893554770.0,11708569434840.0,8991884822355.0,8459597154510.0,7354026444960.0,17993906658.122593,6566933004.118402,958680703.8926406,108906810100.12473,43155857172.44289,61049772504.640625,-56424289913.5,0.00064257701229075,0.00023451050791102598,3.423526609048219e-05,1.6906538184866869e-06,6.699453840542988e-07,9.477279786986986e-07,-8.759226453328044e-07
C:\Users\damba\.cache\kagglehub\datasets\sunnykusawa\ecommerce-products-image-dataset\versions\1\ecommerce products\tv\149.jpg,tv,exito,2353650.0,261702420.0,278324085.0,37432594950.0,33306607995.0,31141795695.0,6005268501270.0,4032024026385.0,4470275580105.0,3751098327345.0,8333894364.162513,394196935.11971724,194931637.56337962,-10154918331.963562,218024126.35538948,443234087.46484375,1633345887.4316406,0.0015044031301140253,7.115894168584806e-05,3.518832287695679e-05,-1.194872955236396e-06,2.5653690522661743e-08,5.215289839246e-08,1.9218675755330153e-07
C:\Users\damba\.cache\kagglehub\datasets\sunnykusawa\ecommerce-products-image-dataset\versions\1\ecommerce products\tv\15.jpg,tv,exito,6774585.0,816133620.0,673300980.0,119958741180.0,85805109630.0,78077840295.0,19457093338590.0,12624802350120.0,10978446094665.0,9816612724185.0,21639200470.967,18888212186.250988,-3034665660.264794,-208069873389.54642,342490156267.84436,-212638326662.23438,82887630947.33984,0.0004714936172709485,0.0004115527049821133,-6.612192032168179e-05,-1.7418167493648218e-06,2.8670901796678746e-06,-1.780060673386252e-06,6.938777899333311e-07
C:\Users\damba\.cache\kagglehub\datasets\sunnykusawa\ecommerce-products-image-dataset\versions\1\ecommerce products\tv\150.jpg,tv,exito,5186445.0,609611925.0,604410435.0,84456523515.0,76929519195.0,71715346005.0,12919418858145.0,10466140761045.0,10036509107985.0,9188658729765.0,12803069347.028368,6493609060.622942,673272143.1471549,-17286607716.07201,-12446077356.429987,35964694469.671875,-10516756259.496094,0.00047596448073345657,0.00024140518034004358,2.5029437654316485e-05,-2.8218591641933035e-07,-2.0316928586195276e-07,5.870862828818592e-07,-1.7167512282270801e-07
C:\Users\damba\.cache\kagglehub\datasets\sunnykusawa\ecommerce-products-image-dataset\versions\1\ecommerce products\tv\151.jpg,tv,exito,4582095.0,562577685.0,579030030.0,87833961795.0,80471153250.0,70697561955.0,15048184971165.0,11899984831920.0,10983663739935.0,9759815460855.0,18762139482.2895,7300305495.468306,-394236408.60454,-342973196048.1615,-114040739479.64499,-18928812377.164062,-20585352672.976562,0.0008936226789260358,0.0003477065374125858,-1.877710140253035e-05,-7.631325143776478e-06,-2.537463488790155e-06,-4.211755422875526e-07,-4.580343923573921e-07
C:\Users\damba\.cache\kagglehub\datasets\sunnykusawa\ecommerce-products-image-dataset\versions\1\ecommerce products\tv\152.jpg,tv,exito,5339190.0,586693545.0,575852985.0,83464112985.0,69138889755.0,63657588000.0,13385691977325.0,8936685271215.0,9123538090740.0,7671122429790.0,18995660702.03816,7030843340.954005,380343854.6367845,39637732909.255585,-36829493180.74918,38012164226.58203,-8204324973.011719,0.0006663519176175004,0.0002466361142263533,1.3342144864909053e-05,6.017559140070048e-07,-5.591229292082309e-07,5.770775205513848e-07,-1.245530637245994e-07
C:\Users\damba\.cache\kagglehub\datasets\sunnykusawa\ecommerce-products-image-dataset\versions\1\ecommerce products\tv\153.jpg,tv,exito,5385345.0,616050165.0,591449805.0,88010410575.0,70351862535.0,67671483585.0,14067390575505.0,8916838193835.0,9687654203235.0,8051023653645.0,17538081356.25408,5395416507.022585,13283421.506698133,-12952240610.587538,5277010724.701185,18801663504.378906,287911206.25390625,0.0006047209562949426,0.00018603639494309507,4.580183654772943e-07,-1.9244696971249814e-07,7.840687597163391e-08,2.793588596566116e-07,4.277842024069758e-09
C:\Users\damba\.cache\kagglehub\datasets\sunnykusawa\ecommerce-products-image-dataset\versions\1\ecommerce products\tv\154.jpg,tv,exito,5817315.0,661722960.0,626081865.0,89578863300.0,76032099225.0,70846144590.0,13422062433270.0,10041514856925.0,9549975742830.0,8577265012920.0,14307492265.225094,8650755481.042828,-371031187.8494684,-22556405516.463795,-3408055640.9484773,-6436809643.417969,8433179323.785156,0.0004227838195435556,0.00025562826639452985,-1.0963904775265858e-05,-2.7635252777860255e-07,-4.175420549603103e-08,-7.886135113548495e-08,1.0332011550498296e-07
C:\Users\damba\.cache\kagglehub\datasets\sunnykusawa\ecommerce-products-image-dataset\versions\1\ecommerce products\tv\155.jpg,tv,exito,5683950.0,619322070.0,649186650.0,86152269180.0,80987852100.0,70868950770.0,13531434942270.0,10807642793070.0,9880570839630.0,8867771919780.0,18671058685.69852,6841649804.374153,133701534.10498117,75510961166.82698,-5127873358.116627,11639613881.957031,12810368486.128906,0.000577920960602515,0.00021176800381857912,4.138432657981324e-06,9.803572752242955e-07,-6.657507566288231e-08,1.5111687063243585e-07,1.6631675388072993e-07
C:\Users\damba\.cache\kagglehub\datasets\sunnykusawa\ecommerce-products-image-dataset\versions\1\ecommerce products\tv\156.jpg,tv,exito,5632185.0,638333850.0,549849870.0,90628001130.0,68275991940.0,60956592045.0,14385426725190.0,9883516624110.0,8512144906845.0,7427925789465.0,18281282395.4729,14596135980.18744,-1361635150.857294,-29945573126.928833,368042215022.44006,-26892611170.871094,-44393918828.76953,0.0005763055926583861,0.0004601337375909355,-4.292466664119953e-05,-3.9777762501425225e-07,4.888834739481421e-06,-3.5722405300572547e-07,-5.897001043170385e-07
C:\Users\damba\.cache\kagglehub\datasets\sunnykusawa\ecommerce-products-image-dataset\versions\1\ecommerce products\tv\157.jpg,tv,exito,5683950.0,619322070.0,649186650.0,86152269180.0,80987852100.0,70868950770.0,13531434942270.0,10807642793070.0,9880570839630.0,8867771919780.0,18671058685.69852,6841649804.374153,133701534.10498117,75510961166.82698,-5127873358.116627,11639613881.957031,12810368486.128906,0.000577920960602515,0.00021176800381857912,4.138432657981324e-06,9.803572752242955e-07,-6.657507566288231e-08,1.5111687063243585e-07,1.6631675388072993e-07
C:\Users\damba\.cache\kagglehub\datasets\sunnykusawa\ecommerce-products-image-dataset\versions\1\ecommerce products\tv\158.jpg,tv,exito,6611895.0,728606145.0,624216030.0,99791075505.0,81358967370.0,69559986555.0,15336479291475.0,12882909655680.0,9381182775045.0,9116693043375.0,19501398410.64792,22427957106.080055,773710416.9935158,41912716342.6666,967210403327.0643,-210416805666.02344,5149610460.9609375,0.000446081136606692,0.0005130241630355947,1.7698096051842995e-05,3.728472444636245e-07,8.604112669498793e-06,-1.871826334041498e-06,4.580991732277173e-08
C:\Users\damba\.cache\kagglehub\datasets\sunnykusawa\ecommerce-products-image-dataset\versions\1\ecommerce products\tv\159.jpg,tv,exito,6372450.0,725452305.0,560990310.0,107957990085.0,61204782780.0,62648063910.0,17898851050485.0,7537192474740.0,9067403064450.0,6756937493460.0,25371065616.418365,11818733785.67347,-1216181940.8367355,-167884477264.02832,68215813377.45853,-159632430564.0547,3394009123.1289062,0.0006247781537198613,0.0002910436158085988,-2.994923110725376e-05,-1.6377380958162425e-06,6.654554258143593e-07,-1.5572381504416188e-06,3.31090648110031e-08
C:\Users\damba\.cache\kagglehub\datasets\sunnykusawa\ecommerce-products-image-dataset\versions\1\ecommerce products\tv\16.jpg,tv,exito,5950425.0,646142970.0,681181755.0,91795379400.0,87497790195.0,73782724845.0,14779706242620.0,12215873516955.0,10447423013385.0,9469589405895.0,21632199848.88879,9518724271.997854,-185235810.8375874,113875349233.06943,20129365306.489273,-20730102846.6875,10815702234.539062,0.0006109486580241009,0.0002688331219525626,-5.231533123758726e-06,1.3184381395800369e-06,2.3305590827472632e-07,-2.4001119131191615e-07,1.252231885864221e-07
C:\Users\damba\.cache\kagglehub\datasets\sunnykusawa\ecommerce-products-image-dataset\versions\1\ecommerce products\tv\160.jpg,tv,exito,6240870.0,676265355.0,499114815.0,94529084715.0,50425001265.0,52121987760.0,14984470017855.0,6006389502435.0,7086274494210.0,4985279415270.0,21248463523.839794,10508195026.048668,-1962468021.2827868,136228588547.43916,292850074346.3457,-48398774656.14453,-164914012021.18164,0.0005455533908205502,0.0002697974571870844,-5.038628238632509e-05,1.4000882685096544e-06,3.009764381297381e-06,-4.974180333866796e-07,-1.6949024871039588e-06
C:\Users\damba\.cache\kagglehub\datasets\sunnykusawa\ecommerce-products-image-dataset\versions\1\ecommerce products\tv\161.jpg,tv,exito,4884015.0,465672585.0,700047675.0,62554098195.0,110206126185.0,68551019130.0,9652429584435.0,18341494024995.0,9346162534410.0,11012690867550.0,18153956831.67859,9865167512.083223,1804088491.8897805,226306073270.14035,-282879071157.3785,35978166363.30859,-12227682431.632812,0.0007610572372154774,0.0004135713883770278,7.563169925214144e-05,4.292929301513329e-06,-5.366094845836442e-06,6.824904093996653e-07,-2.3195389960965013e-07
C:\Users\damba\.cache\kagglehub\datasets\sunnykusawa\ecommerce-products-image-dataset\versions\1\ecommerce products\tv\162.jpg,tv,exito,7674990.0,843455595.0,752269125.0,124095870105.0,91405141425.0,80027657505.0,20792736830415.0,12763448750235.0,11580009649485.0,9368428083555.0,31402936207.131195,17670995005.491226,-2644189940.665004,252863756558.0599,340246418817.43243,-2152414649.1289062,-158345637412.30078,0.0005331072888038572,0.0002999890257301688,-4.4888698338668164e-05,1.5495016385229414e-06,2.084966191420642e-06,-1.3189592968971951e-08,-9.703123451263899e-07
C:\Users\damba\.cache\kagglehub\datasets\sunnykusawa\ecommerce-products-image-dataset\versions\1\ecommerce products\tv\163.jpg,tv,exito,3344070.0,376279785.0,377186820.0,51191523105.0,44233365900.0,42225706530.0,7754752235655.0,5362439140500.0,5805700595070.0,4924635996630.0,8851955871.16631,1689430760.5703802,-215921645.97529516,2534306055.492905,-7874475571.698851,80260066049.1914,-3860061361.9570312,0.0007915685315272143,0.00015107398248760155,-1.9308363339941042e-05,1.2392834840350668e-07,-3.8506428615015773e-07,3.924742004492478e-06,-1.8875819212391283e-07
C:\Users\damba\.cache\kagglehub\datasets\sunnykusawa\ecommerce-products-image-dataset\versions\1\ecommerce products\tv\164.jpg,tv,exito,5332050.0,588910515.0,577882530.0,82404402855.0,68449575030.0,63734981775.0,12958946975265.0,8689867344270.0,8933565281445.0,7540836605025.0,17360827742.695126,5819213634.439027,-90582192.29267778,22690312788.22896,10005491676.445337,22663246775.257812,400422030.02734375,0.0006106354332753592,0.0002046802198404806,-3.186063306281291e-06,3.456248415828671e-07,1.5240629373007567e-07,3.4521256491957294e-07,6.099334195440719e-09
C:\Users\damba\.cache\kagglehub\datasets\sunnykusawa\ecommerce-products-image-dataset\versions\1\ecommerce products\tv\165.jpg,tv,exito,4715460.0,551966370.0,500681535.0,80457496980.0,59403510975.0,58647930930.0,12998409017550.0,7620806778135.0,8556081085800.0,6934968139950.0,15847284273.079172,6241783489.249678,40845004.135303624,-129508194445.38481,-12071570196.38575,3644371771.109375,-27160898756.9375,0.0007126999332021345,0.0002807117357897986,1.8369224163109936e-06,-2.682174848210727e-06,-2.500078245844923e-07,7.547663175955184e-08,-5.625148262828853e-07
C:\Users\damba\.cache\kagglehub\datasets\sunnykusawa\ecommerce-products-image-dataset\versions\1\ecommerce products\tv\166.jpg,tv,exito,4571130.0,523543815.0,437065665.0,69209721615.0,57080257485.0,51416945655.0,10031563326375.0,8987128104885.0,7252300852755.0,6886826055765.0,9246840177.641142,15290504071.31625,1358639358.8299162,-13343218833.75613,605452380002.3489,323640440912.2422,89459760209.29492,0.00044253355474576945,0.0007317700955722998,6.502150935130495e-05,-2.986769290785356e-07,1.3552551285819463e-05,7.244423869654901e-06,2.0024828183000572e-06
C:\Users\damba\.cache\kagglehub\datasets\sunnykusawa\ecommerce-products-image-dataset\versions\1\ecommerce products\tv\167.jpg,tv,exito,6337515.0,709677750.0,654682410.0,104097505560.0,85397817510.0,68780309775.0,17302595648340.0,12692688523560.0,9795436769895.0,8452951017345.0,24627475296.550922,17767356996.153793,-4531317841.404457,130119363911.96066,200031516620.90137,56721372051.578125,-173739856859.4922,0.0006131714023010422,0.0004423691455713538,-0.00011282011175034366,1.2868989037639977e-06,1.9783399773753858e-06,5.609823881597997e-07,-1.7183117455436794e-06
C:\Users\damba\.cache\kagglehub\datasets\sunnykusawa\ecommerce-products-image-dataset\versions\1\ecommerce products\tv\168.jpg,tv,exito,2018835.0,134343690.0,220750185.0,13428058770.0,24763400625.0,14812389000.0,1704907495230.0,2843475763485.0,1496419788480.0,1667612066820.0,4488136962.21675,625398174.3122407,122533503.59606074,214007681150.17758,-1055262851.4980608,11816210816.734863,-7069224165.079102,0.0011011955579501168,0.00015344578325047402,3.006444566999163e-05,3.6955348134444166e-05,-1.8222526332169798e-07,2.0404509876259615e-06,-1.2207302030322794e-06
C:\Users\damba\.cache\kagglehub\datasets\sunnykusawa\ecommerce-products-image-dataset\versions\1\ecommerce products\tv\169.jpg,tv,exito,1295910.0,115638165.0,150281955.0,14917240155.0,17667748185.0,13165304730.0,2341488372975.0,2102522688315.0,1678402895700.0,1514609106780.0,4598479435.067885,240098117.7715459,-244831397.36422813,189701809315.88022,-2028219348.771378,-7800858146.125977,-5155767102.386719,0.0027381962182441034,0.00014296807615925955,-0.0001457865400588123,9.922803021062452e-05,-1.0609082303402788e-06,-4.080423853541954e-06,-2.6968462538103316e-06
C:\Users\damba\.cache\kagglehub\datasets\sunnykusawa\ecommerce-products-image-dataset\versions\1\ecommerce products\tv\17.jpg,tv,exito,8946930.0,1152112950.0,1174384650.0,183090011730.0,188768874990.0,141654391845.0,31896195810120.0,32932314565140.0,21807984770265.0,22100308408305.0,34730267151.94892,34617752073.46636,-9573321297.52124,-625211489951.0677,-933646439494.4364,240921603205.2578,305397498053.53125,0.0004338704228221206,0.0004324648199092057,-0.0001195954220851558,-2.6112103114489502e-06,-3.899396043163374e-06,1.0062146723976842e-06,1.2754997450070928e-06
C:\Users\damba\.cache\kagglehub\datasets\sunnykusawa\ecommerce-products-image-dataset\versions\1\ecommerce products\tv\170.jpg,tv,exito,4562970.0,521231730.0,479959470.0,74910471780.0,68030328000.0,55343541990.0,11996062417140.0,11150989758000.0,7994433594390.0,7848350157270.0,15369752389.166204,17545426095.60859,517386026.2344951,-72419307692.52055,304109986633.74255,-3284199074.0859375,-31652166168.742188,0.0007381959260293052,0.0008426916541190389,2.4849603759395044e-05,-1.628303420463176e-06,6.837725286400054e-06,-7.38431884563353e-08,-7.116794136787184e-07
C:\Users\damba\.cache\kagglehub\datasets\sunnykusawa\ecommerce-products-image-dataset\versions\1\ecommerce products\tv\171.jpg,tv,exito,1666680.0,115785300.0,181831065.0,11823254520.0,20248079925.0,12761587965.0,1552790064000.0,2297759270595.0,1319714326755.0,1429804391985.0,3779577451.762545,410716904.4836288,129670374.13402557,206281982169.2468,-877613077.5666232,11807105525.907227,-5135856290.361816,0.0013606261125296358,0.000147855719913125,4.668058779585692e-05,5.752157063430339e-05,-2.4472172557183654e-07,3.2924022125108235e-06,-1.432129540675517e-06
C:\Users\damba\.cache\kagglehub\datasets\sunnykusawa\ecommerce-products-image-dataset\versions\1\ecommerce products\tv\172.jpg,tv,exito,955485.0,55053480.0,112710000.0,3931525740.0,13512497940.0,6467006040.0,312225610800.0,1642002987000.0,461480819010.0,772399055010.0,759434435.4683746,217109629.35148117,-27159468.406725485,-1817195424.3929758,-3166215515.8018665,843739773.8850098,238583917.74121094,0.0008318452454203356,0.00023781067130517524,-2.9749078534139288e-05,-2.0363008886668815e-06,-3.5479769440273142e-06,9.454723626874438e-07,2.673507962856237e-07
C:\Users\damba\.cache\kagglehub\datasets\sunnykusawa\ecommerce-products-image-dataset\versions\1\ecommerce products\tv\173.jpg,tv,exito,5722965.0,658782045.0,504616440.0,91460325465.0,60099849420.0,58021444125.0,14018746964715.0,8555996321760.0,7895766134565.0,6889374514545.0,15626595429.191282,15605823767.515036,-65972150.27336048,-107053425931.95512,504700791467.9015,-153463819007.91016,-17206329803.94922,0.0004771140311776417,0.0004764798270554758,-2.014273595615136e-06,-1.3663055908093407e-06,6.441414714806029e-06,-1.95863394442636e-06,-2.1960160923189858e-07
C:\Users\damba\.cache\kagglehub\datasets\sunnykusawa\ecommerce-products-image-dataset\versions\1\ecommerce products\tv\174.jpg,tv,exito,8878335.0,968027430.0,1015326360.0,150846301620.0,156260088810.0,112532308095.0,26571483544260.0,26428499515350.0,17480693605395.0,17504133310455.0,45299810613.251,40147369779.81589,1828694536.595776,246020923500.8575,-623909841693.0693,-168863354139.46094,48439679036.11719,0.0005746895901958556,0.0005093238840043808,2.3199472571795046e-05,1.0474739341493158e-06,-2.6563972166799804e-06,-7.189630840219726e-07,2.0623978012469725e-07
C:\Users\damba\.cache\kagglehub\datasets\sunnykusawa\ecommerce-products-image-dataset\versions\1\ecommerce products\tv\175.jpg,tv,exito,8037600.0,864421440.0,732797580.0,126280431900.0,88751920230.0,79364620020.0,20936093780760.0,12420782551920.0,11690587682460.0,9653297906610.0,33314319387.350266,21941890712.00255,554286172.5685393,189261808319.67197,328227411871.1154,58226206322.546875,7206807307.5859375,0.000515677480792349,0.000339641905771093,8.579881035081593e-06,1.0333489729325406e-06,1.792086115823449e-06,3.179087795649479e-07,3.9348387271234776e-08
C:\Users\damba\.cache\kagglehub\datasets\sunnykusawa\ecommerce-products-image-dataset\versions\1\ecommerce products\tv\176.jpg,tv,exito,5500860.0,540656610.0,535622910.0,77452417350.0,61352513460.0,51859303335.0,12872452694730.0,7783973105640.0,7305352092135.0,5839348495065.0,24313531805.432045,9198504501.970146,-784840809.5401398,480625822775.37555,18701622045.422234,-81971058170.63281,-37893337244.43359,0.0008035018209565569,0.0003039877207703253,-2.5937038875019773e-05,6.772213177421326e-06,2.635134552775646e-07,-1.1550055240576868e-06,-5.339325222714007e-07
C:\Users\damba\.cache\kagglehub\datasets\sunnykusawa\ecommerce-products-image-dataset\versions\1\ecommerce products\tv\177.jpg,tv,exito,5650800.0,579928140.0,599797485.0,83556350820.0,78866159535.0,64548347880.0,13863477345120.0,11529393013935.0,9512345858970.0,8753230190010.0,24039707590.039707,15201364636.520979,2992561114.8113685,354012325317.26355,-68823998843.40666,29116956883.3125,24100426291.390625,0.0007528514787640922,0.0004760611086042787,9.371803097601395e-05,4.663838911120418e-06,-9.067030181424413e-07,3.83593414054463e-07,3.1750449878163013e-07
C:\Users\damba\.cache\kagglehub\datasets\sunnykusawa\ecommerce-products-image-dataset\versions\1\ecommerce products\tv\178.jpg,tv,exito,7008165.0,745686045.0,637939110.0,107038429995.0,71362987770.0,67977277290.0,17487819599265.0,9084392404770.0,9594628017630.0,7678567138470.0,27695595214.748386,13292678628.07881,98982203.23763376,204907275540.56982,168352321244.5802,-169928048347.7422,67348888489.69922,0.0005638999635972212,0.0002706474057106232,2.0153407200561412e-06,1.575965054553921e-06,1.2948167625310288e-06,-1.3069358580758088e-06,5.179879262110441e-07
C:\Users\damba\.cache\kagglehub\datasets\sunnykusawa\ecommerce-products-image-dataset\versions\1\ecommerce products\tv\179.jpg,tv,exito,9263640.0,1030747995.0,974465925.0,146096351595.0,127367738385.0,108354148140.0,23248399285125.0,18654781935705.0,15277122964170.0,14155720796880.0,31406939096.617065,24861181676.610455,-72863098.51643977,3346531648.869967,26222341562.786934,-74910298212.42188,-921274123.9375,0.00036598414686099675,0.00028970662622931567,-8.490715655592276e-07,1.2812703117815536e-08,1.0039620501165591e-07,-2.868054189139042e-07,-3.5272374740943145e-09
C:\Users\damba\.cache\kagglehub\datasets\sunnykusawa\ecommerce-products-image-dataset\versions\1\ecommerce products\tv\18.jpg,tv,exito,4387275.0,495438480.0,497337975.0,60193460940.0,71529463755.0,56082760980.0,7762347965790.0,11547542615985.0,6804589924860.0,8060283297540.0,4245455067.400175,15151629820.017439,-79747725.3530942,6080030669.668316,3866771178.8798604,-881304656.3632812,810013208.3007812,0.0002205639516399325,0.0007871719977794971,-4.143130279069448e-06,1.5080600198396584e-07,9.590943430315128e-08,-2.1859434429999307e-08,2.0091157452123524e-08
C:\Users\damba\.cache\kagglehub\datasets\sunnykusawa\ecommerce-products-image-dataset\versions\1\ecommerce products\tv\180.jpg,tv,exito,7188195.0,799133025.0,631795650.0,110033726805.0,76261239930.0,70025595135.0,16957527853395.0,11127827233860.0,9279259309725.0,8427403437405.0,21191730776.003757,20730506086.674583,-213007040.69796848,12855540842.23935,780805931975.5404,-344629305863.3164,-13341633095.589844,0.00041013490109027964,0.00040120857297022754,-4.12243919534489e-06,9.279845106864846e-08,5.636291927483078e-06,-2.4877262006666663e-06,-9.630733558319039e-08
C:\Users\damba\.cache\kagglehub\datasets\sunnykusawa\ecommerce-products-image-dataset\versions\1\ecommerce products\tv\181.jpg,tv,exito,6140655.0,666179085.0,447621900.0,93239876115.0,44479789230.0,46349885790.0,14785918327965.0,5506066781250.0,6272749182510.0,4270385058360.0,20968339399.220135,11850474383.357422,-2211114260.9654903,121066831554.94504,536044611710.8075,-44201428126.81836,-232720710815.00195,0.0005560766271765835,0.0003142724705126143,-5.863835648260558e-05,1.2956521835707666e-06,5.736727084818823e-06,-4.730418408898989e-07,-2.4905673441429237e-06
C:\Users\damba\.cache\kagglehub\datasets\sunnykusawa\ecommerce-products-image-dataset\versions\1\ecommerce products\tv\182.jpg,tv,exito,7199925.0,812861205.0,779751495.0,121885753995.0,94494482235.0,88830808815.0,20465441801835.0,12439281916305.0,13366790256345.0,10886304375285.0,30114889910.436337,10047436751.229683,797983497.2013438,-95140741287.11845,29260777561.08749,-13612810494.425781,45169732181.16797,0.0005809320469479031,0.00019382033325808954,1.53935208741763e-05,-6.839850346682587e-07,2.1036134135366898e-07,-9.786510523250366e-08,3.2473386704708394e-07
C:\Users\damba\.cache\kagglehub\datasets\sunnykusawa\ecommerce-products-image-dataset\versions\1\ecommerce products\tv\183.jpg,tv,exito,3683220.0,385385325.0,356057010.0,45274930995.0,40652834910.0,36476101935.0,5793273669615.0,5304219277050.0,4232003461785.0,4035107795955.0,4951016397.07872,6232790934.8532295,-779111307.0485998,19957896352.020706,169260014633.9323,18315322200.66211,-67875438571.27344,0.00036495476998146104,0.0004594383454908459,-5.7430710191476724e-05,7.665590448762672e-07,6.501075707830971e-06,7.034697267239357e-07,-2.607014809779043e-06
C:\Users\damba\.cache\kagglehub\datasets\sunnykusawa\ecommerce-products-image-dataset\versions\1\ecommerce products\tv\184.jpg,tv,exito,6315075.0,701353785.0,693810120.0,100522557795.0,84076974630.0,77368386180.0,16198130128935.0,10961746162770.0,11109518800470.0,9387904417710.0,22630033678.686848,7851041824.069047,313663356.7074415,7475871011.935116,-549676541.8030683,-4133191207.21875,-18626781113.9375,0.0005674507505542416,0.00019686579520633032,7.865145483748507e-06,7.459599610578655e-08,-5.484801584500609e-09,-4.124195223619209e-08,-1.8586239506009816e-07
C:\Users\damba\.cache\kagglehub\datasets\sunnykusawa\ecommerce-products-image-dataset\versions\1\ecommerce products\tv\185.jpg,tv,exito,3610800.0,379930110.0,348553125.0,44500712490.0,39769869615.0,36448193460.0,5651695264200.0,5189090563035.0,4251873074280.0,4118460243930.0,4524283863.487285,6123785382.3463955,-226733736.76907068,17214284013.89877,167809572993.15082,3901307354.8691406,-22370993614.320312,0.0003470107892881003,0.00046969192541358447,-1.7390388253364444e-05,6.948329090143555e-07,6.773422215477889e-06,1.5747136135050213e-07,-9.029770020077213e-07
C:\Users\damba\.cache\kagglehub\datasets\sunnykusawa\ecommerce-products-image-dataset\versions\1\ecommerce products\tv\186.jpg,tv,exito,5966490.0,634192140.0,598933800.0,78862844280.0,77787766830.0,64745115825.0,10786588942980.0,11774032819110.0,8038390516575.0,8543606440665.0,11453082353.343018,17665031891.6292,1083045103.297287,-30676416543.88283,418932561344.5155,-108332328344.1914,57924750036.640625,0.0003217248072663392,0.000496222659136757,3.0423467357445994e-05,-3.5278274373066e-07,4.817778446117181e-06,-1.2458357374735667e-06,6.661420905732757e-07
C:\Users\damba\.cache\kagglehub\datasets\sunnykusawa\ecommerce-products-image-dataset\versions\1\ecommerce products\tv\187.jpg,tv,exito,6569310.0,612146880.0,743986470.0,69887857140.0,101239331430.0,69188364600.0,8891437382460.0,15165129205110.0,7975253690340.0,9462620477490.0,12846280065.126932,16981491939.541964,-138398236.9971272,-15016144787.76532,-146782289800.77515,86117688004.54688,60201039746.16016,0.0002976719231520004,0.00039349238363220305,-3.206941554981124e-06,-1.35756007241864e-07,-1.327010219920559e-06,7.785615843237808e-07,5.442577241534245e-07
C:\Users\damba\.cache\kagglehub\datasets\sunnykusawa\ecommerce-products-image-dataset\versions\1\ecommerce products\tv\188.jpg,tv,exito,5332050.0,588910515.0,577882530.0,82404402855.0,68449575030.0,63734981775.0,12958946975265.0,8689867344270.0,8933565281445.0,7540836605025.0,17360827742.695126,5819213634.439027,-90582192.29267778,22690312788.22896,10005491676.445337,22663246775.257812,400422030.02734375,0.0006106354332753592,0.0002046802198404806,-3.186063306281291e-06,3.456248415828671e-07,1.5240629373007567e-07,3.4521256491957294e-07,6.099334195440719e-09
C:\Users\damba\.cache\kagglehub\datasets\sunnykusawa\ecommerce-products-image-dataset\versions\1\ecommerce products\tv\189.jpg,tv,exito,5621220.0,634556535.0,537950040.0,101780267265.0,72328156650.0,63398221635.0,18249285940845.0,11086519417170.0,10279316006565.0,8585915881545.0,30147775366.22959,20846406151.70931,2671241836.0397425,-46790262498.459496,174727171121.93576,-64133773672.4375,-90188909204.28516,0.0009541004596371486,0.00065973576655371,8.453801425170437e-05,-6.245669867916184e-07,2.3322977250201113e-06,-8.560720892619207e-07,-1.2038619203215155e-06
C:\Users\damba\.cache\kagglehub\datasets\sunnykusawa\ecommerce-products-image-dataset\versions\1\ecommerce products\tv\19.jpg,tv,exito,2416380.0,258486615.0,272951745.0,30373669905.0,35967621735.0,25978259895.0,3832522083585.0,5220697234695.0,2740151255745.0,3122724051615.0,2722667109.8443427,5135279512.938477,-3220116446.2183423,867654703.0295086,-2319064192.9198856,-1897677968.2890625,2653538829.9296875,0.00046629856621822414,0.0008794955010676762,-0.0005514944065318292,9.559470645954173e-08,-2.555051681376882e-07,-2.0907852824392847e-07,2.9235623876690645e-07
C:\Users\damba\.cache\kagglehub\datasets\sunnykusawa\ecommerce-products-image-dataset\versions\1\ecommerce products\tv\190.jpg,tv,exito,6327060.0,714335580.0,520380540.0,102519251910.0,52941633240.0,58697627625.0,16472072289600.0,6178331872710.0,8290168727745.0,5970628973595.0,21869578783.15492,10141990687.109463,-54199426.04949597,-40745000442.657425,155758216892.11093,-129474915975.20312,2346132361.9414062,0.000546306682098307,0.0002533490625075223,-1.3539130730555941e-06,-4.046405893500337e-07,1.546842459065231e-06,-1.2858217140035281e-06,2.3299555069712506e-08
C:\Users\damba\.cache\kagglehub\datasets\sunnykusawa\ecommerce-products-image-dataset\versions\1\ecommerce products\tv\191.jpg,tv,exito,1106700.0,117652665.0,125724690.0,13643995575.0,17998720080.0,11349892665.0,1693958323845.0,2876837589180.0,1117701203115.0,1462337876955.0,1136405820.2315676,3715989732.483872,-2015829603.7258055,1851350690.1550696,-12171913642.996563,-3697246238.7333984,6913389778.246094,0.0009278411495030508,0.0030339937754162464,-0.0016458642004685455,1.4368582220312443e-06,-9.44678622413184e-06,-2.869482635163631e-06,5.3655749814464504e-06
C:\Users\damba\.cache\kagglehub\datasets\sunnykusawa\ecommerce-products-image-dataset\versions\1\ecommerce products\tv\192.jpg,tv,exito,6754695.0,678540720.0,600572430.0,97516416600.0,75665771070.0,60721177575.0,16238723327760.0,11187601657380.0,8619444332655.0,7698002994435.0,29353826179.837666,22267765138.406506,390866722.42270285,545284581343.2119,500281557950.23083,-129449474817.85156,27516860601.265625,0.0006433587777346344,0.00048805092987051063,8.566772019919463e-06,4.598422359532886e-06,4.218908769570195e-06,-1.091656320018938e-06,2.3205157707066456e-07
C:\Users\damba\.cache\kagglehub\datasets\sunnykusawa\ecommerce-products-image-dataset\versions\1\ecommerce products\tv\193.jpg,tv,exito,1986960.0,160793820.0,221627640.0,18951027780.0,25297132200.0,18358621980.0,2717474807250.0,2948449794060.0,2209013296200.0,2140296298080.0,5938862185.225873,576548588.8706388,423507607.70020556,222672282738.0065,-1837033277.9770823,26651107460.320312,-1339419154.5136719,0.0015042672441681645,0.00014603523871407946,0.00010727115768139528,4.0012284726945325e-05,-3.300990031964441e-07,4.788973674130036e-06,-2.406820459202933e-07
C:\Users\damba\.cache\kagglehub\datasets\sunnykusawa\ecommerce-products-image-dataset\versions\1\ecommerce products\tv\194.jpg,tv,exito,8111550.0,864819495.0,844247115.0,121231162365.0,111528351675.0,89095281300.0,19399449830985.0,16630293505635.0,12341309834850.0,11766394111020.0,29027729120.79204,23659425121.4038,-914810932.6197771,284661079976.5441,97535654801.1239,-81317951110.8086,66134630096.32031,0.0004411693806565933,0.0003595807954547964,-1.3903484178259943e-05,1.5190374075000457e-06,5.204796813815465e-07,-4.339371214665402e-07,3.5291433959207494e-07
C:\Users\damba\.cache\kagglehub\datasets\sunnykusawa\ecommerce-products-image-dataset\versions\1\ecommerce products\tv\195.jpg,tv,exito,6638925.0,838408380.0,786245580.0,133074260730.0,114379169310.0,88939101450.0,23154381208680.0,18422110256670.0,13386065928450.0,12261943993380.0,27194376312.835426,21264378576.630318,-10353311555.111568,-519716832410.43744,-160440931768.44135,241099992908.1328,269646573269.96875,0.0006169977468530329,0.0004824553988325258,-0.0002349004010419706,-4.576383137705101e-06,-1.4127677399583179e-06,2.1230136744430746e-06,2.3743814979579356e-06
C:\Users\damba\.cache\kagglehub\datasets\sunnykusawa\ecommerce-products-image-dataset\versions\1\ecommerce products\tv\196.jpg,tv,exito,2012205.0,164583120.0,223442220.0,19517773950.0,25379153970.0,18617193000.0,2801886118500.0,2942441497830.0,2244954094230.0,2149270983300.0,6056121986.63921,567355133.1377497,341312705.831961,214790352676.39716,-1749916927.4438055,21799216427.239258,-2352574316.4384766,0.0014957195383415282,0.00014012335941789977,8.429620207838322e-05,3.7396780180576324e-05,-3.0467503709758894e-07,3.7954242110048814e-06,-4.096026822157506e-07
C:\Users\damba\.cache\kagglehub\datasets\sunnykusawa\ecommerce-products-image-dataset\versions\1\ecommerce products\tv\197.jpg,tv,exito,8602170.0,969438855.0,889228350.0,140224691505.0,114101770110.0,100721380275.0,22687786730595.0,16452447427890.0,14573762177955.0,12963684885465.0,30971829310.4943,22179957539.018204,508002318.32868356,-95982232745.35732,71857081735.8259,-36124098169.046875,-270662444.28515625,0.00041855334308533185,0.00029973997610471196,6.865144015226914e-06,-4.422530082752243e-07,3.3109263719524005e-07,-1.6644737916104858e-07,-1.2471191468300744e-09
C:\Users\damba\.cache\kagglehub\datasets\sunnykusawa\ecommerce-products-image-dataset\versions\1\ecommerce products\tv\198.jpg,tv,exito,2929440.0,326433150.0,318410340.0,41030418000.0,36272796300.0,35487807870.0,5609617260300.0,4305070432230.0,4456547032650.0,4043263803930.0,4655342415.955784,1663743163.934542,6729480.010449615,11065295.216921834,787205525.9579463,-4682006496.550781,-146754932.32226562,0.0005424783565107686,0.0001938728833638193,7.841737363354134e-07,7.533581429457987e-10,5.359528883110309e-08,-3.187648996574059e-07,-9.991511398029734e-09
C:\Users\damba\.cache\kagglehub\datasets\sunnykusawa\ecommerce-products-image-dataset\versions\1\ecommerce products\tv\199.jpg,tv,exito,5628105.0,572208780.0,559583985.0,81390412950.0,65693196645.0,57561809940.0,13323301588110.0,8557520753325.0,8013995695500.0,6867778299090.0,23214012916.758186,10055599928.435507,668971344.3468778,328015800474.4475,26271580639.515064,-214414075277.90625,55731400893.10547,0.0007328681355408927,0.0003174560468163467,2.1119475707186186e-05,4.3650506370184055e-06,3.4960748732263883e-07,-2.8533024766605594e-06,7.41642282531841e-07
C:\Users\damba\.cache\kagglehub\datasets\sunnykusawa\ecommerce-products-image-dataset\versions\1\ecommerce products\tv\2.jpg,tv,exito,6046305.0,668198940.0,688105260.0,92648034120.0,92716068120.0,75504078885.0,14387105596740.0,13670745918030.0,10637765762655.0,10090912749045.0,18802962887.71456,14405620856.809078,-540911458.759439,-7728592558.795476,-159780515909.79968,213427810818.6914,-32355990924.04297,0.0005143351282535578,0.0003940504959354096,-1.479605986440739e-05,-8.597561380733008e-08,-1.777455316125228e-06,2.3742469148291544e-06,-3.599395567661483e-07
C:\Users\damba\.cache\kagglehub\datasets\sunnykusawa\ecommerce-products-image-dataset\versions\1\ecommerce products\tv\20.jpg,tv,exito,2779245.0,310855710.0,313652295.0,35464607970.0,44767868085.0,34834827840.0,4122009743970.0,7164869068035.0,3944713920780.0,4957220413260.0,695714821.1037728,9370570560.396368,-246860480.15689337,-300358136.6799416,-2453888585.59982,-2429890364.9570312,5699152465.433594,9.006946630189527e-05,0.001213144040801254,-3.195934745717381e-05,-2.332503579568879e-08,-1.9056263875660913e-07,-1.8869899903066967e-07,4.4258143538484693e-07
C:\Users\damba\.cache\kagglehub\datasets\sunnykusawa\ecommerce-products-image-dataset\versions\1\ecommerce products\tv\21.jpg,tv,exito,2510985.0,286257390.0,281666370.0,33100811520.0,40646641980.0,31879875090.0,3879897268020.0,6583199624580.0,3660832173000.0,4581951642570.0,466887649.64151496,9051095216.886358,-230663175.65045214,-114756192.15671326,-6871748895.230472,385237780.9667969,-99435673.3828125,7.404984421387289e-05,0.0014355320627778044,-3.658390243543165e-05,-1.1485921218804265e-08,-6.877917867668208e-07,3.855836203286525e-08,-9.952493973083812e-09
C:\Users\damba\.cache\kagglehub\datasets\sunnykusawa\ecommerce-products-image-dataset\versions\1\ecommerce products\tv\22.jpg,tv,exito,970020.0,108534885.0,75544770.0,12220027125.0,7250182950.0,8434659735.0,1384322252325.0,771263764410.0,947952328815.0,808510531425.0,76131883.70268027,1366786448.5331225,-17993740.4968462,-5049373.690100634,-6267151656.446863,288114220.66552734,95130987.2121582,8.091055833845523e-05,0.0014525774130603305,-1.912317835038467e-05,-5.448610852223896e-09,-6.7626744668938925e-06,3.1089445260822763e-07,1.0265267756338462e-07
C:\Users\damba\.cache\kagglehub\datasets\sunnykusawa\ecommerce-products-image-dataset\versions\1\ecommerce products\tv\23.jpg,tv,exito,3277260.0,361019820.0,398712645.0,41065319340.0,58887752565.0,43504159995.0,4808048627280.0,9620143182225.0,4908823857435.0,6395097563115.0,1295722044.4444478,10380226984.821434,-417642769.9999965,-1138582425.6839342,-69886628328.24828,4816407149.806641,9700333649.779297,0.0001206396456701161,0.0009664626073110886,-3.8885095769971304e-05,-5.8558134492463795e-08,-3.594320875286753e-06,2.477113745009925e-07,4.988953190142002e-07
C:\Users\damba\.cache\kagglehub\datasets\sunnykusawa\ecommerce-products-image-dataset\versions\1\ecommerce products\tv\24.jpg,tv,exito,6212565.0,708769695.0,670289430.0,105541233705.0,80251449840.0,75749659950.0,17528433367665.0,10351724608830.0,11243259736260.0,9017301541140.0,24680191518.657795,7932219382.093332,-721304114.4120243,-143747390758.92273,-18462936321.44354,20729849285.273438,17342493791.14453,0.0006394500625994826,0.0002055194011196336,-1.8688589218010945e-05,-1.4942477349974533e-06,-1.9192140207947916e-07,2.1548586153683408e-07,1.8027445179916472e-07
C:\Users\damba\.cache\kagglehub\datasets\sunnykusawa\ecommerce-products-image-dataset\versions\1\ecommerce products\tv\25.jpg,tv,exito,4983975.0,519861870.0,531270825.0,75060717270.0,62890873635.0,55010723385.0,12395875754340.0,8050976980485.0,7858607744175.0,6474890015505.0,20835653163.559483,6259632608.273219,-404370904.38602906,219946285174.84882,12572558106.151136,-58192633047.83984,1160463116.296875,0.0008387941811286154,0.00025199802312919335,-1.627901745887826e-05,3.966221763480083e-06,2.2671696202367491e-07,-1.0493693379957371e-06,2.0926264173607896e-08
C:\Users\damba\.cache\kagglehub\datasets\sunnykusawa\ecommerce-products-image-dataset\versions\1\ecommerce products\tv\26.jpg,tv,exito,5512335.0,592677375.0,441895110.0,81960995595.0,55325909760.0,47525846595.0,12826826293155.0,8593212174360.0,6553366306815.0,6024816511845.0,18237279449.865387,19901486490.748024,13996567.718233477,92826355813.29584,967226434518.264,-20028463675.28125,74019799434.26562,0.0006001901266863718,0.0006549592953798457,4.6062801061278577e-07,1.301164763436082e-06,1.3557797716312158e-05,-2.8074280167209556e-07,1.0375496697746846e-06
C:\Users\damba\.cache\kagglehub\datasets\sunnykusawa\ecommerce-products-image-dataset\versions\1\ecommerce products\tv\27.jpg,tv,exito,4634625.0,524355735.0,537098085.0,71175222345.0,66351325635.0,60222332805.0,10694864928135.0,8626275245115.0,8163606228105.0,7393819894425.0,11850263620.747183,4108025926.6811595,-544279623.679227,-39259927296.064865,-15199664391.488474,38400124761.359375,13064162429.53125,0.0005516947000213452,0.00019125111506653313,-2.5339198630798796e-05,-8.490103626770402e-07,-3.2869833100481555e-07,8.304168167360085e-07,2.825173159064875e-07
C:\Users\damba\.cache\kagglehub\datasets\sunnykusawa\ecommerce-products-image-dataset\versions\1\ecommerce products\tv\28.jpg,tv,exito,4885035.0,527312715.0,520798485.0,72392350095.0,74242544925.0,55775959515.0,11174592653115.0,12478761104025.0,7313122185915.0,8028775763505.0,15471836853.913454,18719695656.101162,-441378353.25207204,20036080076.46973,572237774263.4779,-309410184779.2617,108812124034.60547,0.0006483455254420476,0.0007844466711268499,-1.849590860218885e-05,3.7987748979019665e-07,1.0849440031217954e-05,-5.866315360133883e-06,2.0630420910300408e-06
C:\Users\damba\.cache\kagglehub\datasets\sunnykusawa\ecommerce-products-image-dataset\versions\1\ecommerce products\tv\29.jpg,tv,exito,3738810.0,395688855.0,479924790.0,54151778835.0,64923200430.0,50105218260.0,8338743545655.0,9084907016700.0,6798641309340.0,6657735471270.0,12274906254.89803,3318624627.393258,-686581976.2290354,9531158317.781866,-100805492701.85138,-7116515593.177734,-37007353201.74609,0.0008781149938933791,0.0002374058085580106,-4.911629590841808e-05,3.526242654332475e-07,-3.729500825656148e-06,-2.632897282596563e-07,-1.369161050871248e-06
C:\Users\damba\.cache\kagglehub\datasets\sunnykusawa\ecommerce-products-image-dataset\versions\1\ecommerce products\tv\3.jpg,tv,exito,5018910.0,571112535.0,559583730.0,78321075615.0,67820001450.0,62991072570.0,11901094310145.0,8759545995330.0,8557718047590.0,7566325576020.0,13332955159.736565,5429173385.596994,-685160433.7907703,-45600027678.60911,-12702076035.01619,-18764137945.472656,1726153150.28125,0.0005293069576073491,0.00021553355671151268,-2.720028533343464e-05,-8.080562366040465e-07,-2.2508740192560127e-07,-3.325102957876166e-07,3.058833271438556e-08
C:\Users\damba\.cache\kagglehub\datasets\sunnykusawa\ecommerce-products-image-dataset\versions\1\ecommerce products\tv\30.jpg,tv,exito,5947620.0,668261925.0,721694370.0,96157650885.0,95108987610.0,80925132810.0,15541851675465.0,13386860646150.0,11614292391360.0,10642859865270.0,21073163240.411808,7537360019.518957,-162910635.59038034,2311128213.878494,16981353922.756893,-17032630454.578125,-3847854460.3046875,0.0005957215420244311,0.00021307516495721804,-4.605353925222335e-06,2.678958626284666e-08,1.9684041890959437e-07,-1.9743479401359571e-07,-4.4602644012648966e-08
C:\Users\damba\.cache\kagglehub\datasets\sunnykusawa\ecommerce-products-image-dataset\versions\1\ecommerce products\tv\31.jpg,tv,exito,3746970.0,396543615.0,480580905.0,54278093085.0,64986948645.0,50171784735.0,8359920865725.0,9092083446255.0,6808029000465.0,6663672264735.0,12311693941.887505,3348342984.7948055,-688320728.5269502,9739654716.706758,-101954935896.12694,-7909402170.871094,-37361356088.26953,0.0008769147576097769,0.00023848963357641617,-4.9026446536361674e-05,3.583793859414469e-07,-3.7515238869277108e-06,-2.9103359160140465e-07,-1.3747448182004072e-06
C:\Users\damba\.cache\kagglehub\datasets\sunnykusawa\ecommerce-products-image-dataset\versions\1\ecommerce products\tv\32.jpg,tv,exito,5060985.0,560831445.0,517627050.0,76211618715.0,57924595380.0,57359331525.0,11568024319005.0,6943317843120.0,7795967344545.0,6415095385275.0,14063260302.400867,4982774194.657128,-1345580.8573071328,5826556447.765176,-345266607.8528946,1499255219.0859375,-3525003820.4648438,0.0005490550812711015,0.00019453650373917636,-5.253390686649519e-08,1.0111703649031082e-07,-5.991933056537691e-09,2.6018840812011564e-08,-6.11747166852118e-08
C:\Users\damba\.cache\kagglehub\datasets\sunnykusawa\ecommerce-products-image-dataset\versions\1\ecommerce products\tv\33.jpg,tv,exito,5904270.0,676599915.0,691044645.0,89930312715.0,92044627365.0,77749847820.0,13094454872865.0,13365347349045.0,10228439275350.0,10288346343750.0,12395334643.535242,11163722294.063875,-1440424316.640969,-51997892899.000755,-20932048876.101315,32991051527.289062,77669658862.51953,0.0003555705940964669,0.00032024075852591386,-4.1319782381684153e-05,-6.138612532277939e-07,-2.471133547789571e-07,3.8947594040360755e-07,9.169293498052054e-07
C:\Users\damba\.cache\kagglehub\datasets\sunnykusawa\ecommerce-products-image-dataset\versions\1\ecommerce products\tv\34.jpg,tv,exito,4764930.0,494792565.0,575533980.0,68529956385.0,74712074640.0,61288979700.0,10921169123295.0,10200182486670.0,8600144291220.0,8082357369480.0,17150464476.560795,5195972171.6236725,1525261406.371615,243161782647.79846,-79140558878.1822,5958321102.140625,-44238106864.03125,0.0007553753985608086,0.00022885150168470357,6.71786437225646e-05,4.906298940625059e-06,-1.596826754420144e-06,1.2022162443873314e-07,-8.925965851987053e-07
C:\Users\damba\.cache\kagglehub\datasets\sunnykusawa\ecommerce-products-image-dataset\versions\1\ecommerce products\tv\35.jpg,tv,exito,4762125.0,506052855.0,522571755.0,65602927665.0,63099415185.0,55570394070.0,9493340546025.0,8181218120835.0,7207825918470.0,6672911401530.0,11826621487.89398,5755007147.877918,38687413.80964302,8427827619.262031,-6047123841.968336,666762534.578125,-40913435630.18359,0.0005215057672171235,0.0002537723407370631,1.7059571443202587e-06,1.7029961524500123e-07,-1.2219315702096147e-07,1.3473152065772709e-08,-8.267305242749486e-07
C:\Users\damba\.cache\kagglehub\datasets\sunnykusawa\ecommerce-products-image-dataset\versions\1\ecommerce products\tv\36.jpg,tv,exito,6661875.0,745153860.0,747771690.0,113564271930.0,93464820030.0,83834798070.0,19411503308940.0,12703409410530.0,12900713507310.0,10510055288970.0,30216224259.802105,9530116907.312153,193937020.78736755,-50634283008.74109,72873760921.48586,110144278078.16016,12153024647.222656,0.0006808434065176488,0.00021473620277295168,4.369862387419949e-06,-4.4203175107973327e-07,6.36179960173018e-07,9.615474974119264e-07,1.0609457558231063e-07
C:\Users\damba\.cache\kagglehub\datasets\sunnykusawa\ecommerce-products-image-dataset\versions\1\ecommerce products\tv\37.jpg,tv,exito,8265060.0,1014050850.0,938793975.0,162415391010.0,148275728985.0,121650766650.0,28728571141500.0,26079257822775.0,19760235918240.0,19426911246360.0,38000186959.97223,41642004910.84922,6468925462.685115,-522965941184.2602,-222655005964.56174,-275218059771.3047,-234785766099.03125,0.0005562803407414875,0.0006095924924097486,9.46978514712126e-05,-2.662921592200555e-06,-1.133750357914168e-06,-1.401399319177323e-06,-1.1955197018579315e-06
C:\Users\damba\.cache\kagglehub\datasets\sunnykusawa\ecommerce-products-image-dataset\versions\1\ecommerce products\tv\38.jpg,tv,exito,5928240.0,610055625.0,651518370.0,87435005625.0,81043387020.0,69661559685.0,14502052053075.0,10914581815650.0,10057229072295.0,8900106399435.0,24656193432.150078,9440991292.523232,2615953162.772284,429828932523.1483,-67297110764.485954,-90346975421.07812,-14791985551.855469,0.0007015755957589854,0.00026863713203882785,7.443520848828472e-05,5.02320846340546e-06,-7.864696645023892e-07,-1.0558425858264061e-06,-1.7286697425992862e-07
C:\Users\damba\.cache\kagglehub\datasets\sunnykusawa\ecommerce-products-image-dataset\versions\1\ecommerce products\tv\39.jpg,tv,exito,6652440.0,774416385.0,701040900.0,117973251255.0,82856205990.0,81788106615.0,19977905350575.0,10630463376360.0,12463840319625.0,9679065737955.0,27822759502.129135,8979802223.440657,179319536.10165104,-233208230655.39224,6390632689.906499,-10050494805.011719,-4091746448.2734375,0.0006286924852871958,0.0002029106486296001,4.051964895993398e-06,-2.0431086307616335e-06,5.5987547129368456e-08,-8.805114906037564e-08,-3.5847287464347577e-08
C:\Users\damba\.cache\kagglehub\datasets\sunnykusawa\ecommerce-products-image-dataset\versions\1\ecommerce products\tv\4.jpg,tv,exito,4145535.0,468445455.0,480882060.0,61884367215.0,59304340710.0,54339672780.0,9015640456095.0,7696412568360.0,7178586596940.0,6701390500230.0,8950030800.0,3522021750.0,0.0,0.0,0.0,0.0,0.0,0.0005207908646505828,0.00020494194863560232,0.0,0.0,0.0,0.0,0.0
C:\Users\damba\.cache\kagglehub\datasets\sunnykusawa\ecommerce-products-image-dataset\versions\1\ecommerce products\tv\40.jpg,tv,exito,6787590.0,785175090.0,766270155.0,112778568480.0,97656091065.0,88291391250.0,17971620392580.0,13542261530565.0,12670987633410.0,11301350236680.0,21951055039.072063,11149694767.68033,-349236412.6076284,-152893004391.80933,149424097.48314053,19895318398.816406,83537845099.39844,0.00047645753151148983,0.00024200914428303092,-7.5803335542997595e-06,-1.2737922782457644e-06,1.2448918923072931e-09,1.6575318831926136e-07,6.959760026444024e-07
C:\Users\damba\.cache\kagglehub\datasets\sunnykusawa\ecommerce-products-image-dataset\versions\1\ecommerce products\tv\41.jpg,tv,exito,6016215.0,667230450.0,667414305.0,96683837520.0,81394928235.0,74107688430.0,15790761041010.0,10650947981535.0,10753744370760.0,9045465870900.0,22684408741.739502,7354712830.691314,87869148.0117024,36361153096.08034,-10476279936.414972,8544246515.496094,-1163088779.6484375,0.0006267304098535953,0.0002031978104085776,2.4276703780923647e-06,4.095710739531218e-07,-1.1800454218965793e-07,9.624216845447596e-08,-1.3101001481572595e-08
C:\Users\damba\.cache\kagglehub\datasets\sunnykusawa\ecommerce-products-image-dataset\versions\1\ecommerce products\tv\42.jpg,tv,exito,5693895.0,635040015.0,669032280.0,89168592015.0,84787845780.0,74627270055.0,14037111538395.0,11415213112590.0,10486840979175.0,9459177607485.0,18342589664.90394,6176597823.724309,10110952.718662858,642505753.3086764,1147270529.2658215,7282058731.703125,414500077.93359375,0.0005657723803737852,0.00019051554427052295,3.1186969190234234e-07,8.305262921149491e-09,1.4830035899556058e-08,9.413053822880086e-08,5.3579786801092954e-09
C:\Users\damba\.cache\kagglehub\datasets\sunnykusawa\ecommerce-products-image-dataset\versions\1\ecommerce products\tv\43.jpg,tv,exito,4572660.0,479017245.0,517725990.0,63134108955.0,63072968370.0,55145446515.0,9467572822545.0,8132234918130.0,7369833934485.0,6805364011275.0,12953793557.09374,4454964686.918355,910126724.1785601,139849365915.92175,-17817129801.976532,30976058865.773438,-8051388332.917969,0.0006195254477198521,0.00021306221842078192,4.352753220848975e-05,3.127794596461583e-06,-3.9848820160243715e-07,6.927936276685798e-07,-1.8007295747665294e-07
C:\Users\damba\.cache\kagglehub\datasets\sunnykusawa\ecommerce-products-image-dataset\versions\1\ecommerce products\tv\44.jpg,tv,exito,5804310.0,608904300.0,539184750.0,82807542300.0,72865398810.0,57135304845.0,12898394795370.0,11897884638150.0,7557275719605.0,7903358122575.0,18930105264.677967,22778447108.15043,571835152.7497547,239678501937.70505,897180943858.5565,-255013727364.73047,153133850546.6172,0.0005618906819383555,0.0006761186480551322,1.697343144385042e-05,2.9529261307361227e-06,1.1053594843508381e-05,-3.141861673632507e-06,1.8866646158230566e-06
C:\Users\damba\.cache\kagglehub\datasets\sunnykusawa\ecommerce-products-image-dataset\versions\1\ecommerce products\tv\45.jpg,tv,exito,5710215.0,635466885.0,689858130.0,97026789825.0,89641222020.0,77419776840.0,16595474870805.0,12295752738960.0,11783846980650.0,10089599899140.0,26308233355.30434,6298608908.7429085,648237245.9523122,-57721916345.5938,-55799509143.70124,-82358826912.4336,-42840226708.29297,0.0008068387806058195,0.0001931700187849535,1.988058042529051e-05,-7.408146970457878e-07,-7.161421359280661e-07,-1.057009768055602e-06,-5.498200957200122e-07
C:\Users\damba\.cache\kagglehub\datasets\sunnykusawa\ecommerce-products-image-dataset\versions\1\ecommerce products\tv\46.jpg,tv,exito,5394525.0,621551280.0,646486455.0,89077943850.0,86579704005.0,72449332140.0,14315456298540.0,12572329531575.0,10159028124900.0,9579385118760.0,17463484065.377922,9103978802.416452,-2038131280.396126,27745746095.413563,14448368380.749695,-46518781639.32031,92270439756.17969,0.0006001011680052984,0.00031284182997920934,-7.003670958985017e-05,4.1050020886311926e-07,2.1376459719745852e-07,-6.882485521683424e-07,1.3651474594177443e-06
C:\Users\damba\.cache\kagglehub\datasets\sunnykusawa\ecommerce-products-image-dataset\versions\1\ecommerce products\tv\47.jpg,tv,exito,3822195.0,405048630.0,426501525.0,54817654980.0,49859379135.0,47473127130.0,8400469101420.0,6064032522225.0,6605431455840.0,5777750406660.0,11893525608.035229,2267994910.1434402,2275574835.0070086,70509861697.57588,-5701704408.520919,6278250768.574219,-13828904716.46289,0.0008141134539771215,0.00015524456168421432,0.00015576340857746836,2.4686968491044765e-06,-1.9962852527229705e-07,2.198146119863938e-07,-4.841787046261031e-07
C:\Users\damba\.cache\kagglehub\datasets\sunnykusawa\ecommerce-products-image-dataset\versions\1\ecommerce products\tv\48.jpg,tv,exito,5542170.0,618530295.0,731318325.0,75452496465.0,112737642765.0,81972544035.0,9862345475805.0,19049519163345.0,10052950059585.0,12627612742605.0,6421823311.201573,16236363937.24739,354235808.9521027,8111587054.982827,-111748901096.27705,17529909955.226562,-47885431207.02734,0.00020907334419963458,0.0005286023519335202,1.1532747262556111e-05,1.1217762101968485e-07,-1.5454097689605516e-06,2.4242649214479384e-07,-6.62222289903967e-07
C:\Users\damba\.cache\kagglehub\datasets\sunnykusawa\ecommerce-products-image-dataset\versions\1\ecommerce products\tv\49.jpg,tv,exito,6959715.0,778325790.0,788405685.0,112854408030.0,99815879865.0,88052104350.0,18396335430930.0,13712361085455.0,12783540025560.0,11136796273380.0,25811901924.631588,10504245101.17429,-117666627.42021932,2243977657.142646,25217251599.524246,25562015443.964844,746093956.6445312,0.0005328894165395226,0.00021686123941960548,-2.429239837313113e-06,1.7560621785951177e-08,1.9734181238876197e-07,2.0003981941143483e-07,5.8386828174134555e-09
C:\Users\damba\.cache\kagglehub\datasets\sunnykusawa\ecommerce-products-image-dataset\versions\1\ecommerce products\tv\5.jpg,tv,exito,6324510.0,658541070.0,567627960.0,88167865170.0,71128738140.0,55195327065.0,13427844153840.0,10696117700550.0,7038936363825.0,6501474434115.0,19597123582.62883,20183842650.26853,-3909065866.6764708,166234679790.50558,689257503499.4414,-60109191786.25781,-203140651583.49805,0.0004899351110695402,0.0005046032979776167,-9.77280472561767e-05,1.652549291121417e-06,6.851951712143128e-06,-5.975492141678552e-07,-2.019433852161971e-06
C:\Users\damba\.cache\kagglehub\datasets\sunnykusawa\ecommerce-products-image-dataset\versions\1\ecommerce products\tv\50.jpg,tv,exito,2723400.0,287455890.0,341743605.0,34004606490.0,44498554425.0,36003201375.0,4353990686400.0,5992347196095.0,4252673118165.0,4677680272785.0,3663529639.1179786,1615139738.0660133,-67964126.60954958,-8582115461.937155,3133801140.5050416,-19630419.033203125,-2101968044.6113281,0.0004939430091964067,0.00021776457708285276,-9.163404836819833e-06,-7.011578010267782e-07,2.56031176261494e-07,-1.6038028739650751e-09,-1.7173053643064913e-07
C:\Users\damba\.cache\kagglehub\datasets\sunnykusawa\ecommerce-products-image-dataset\versions\1\ecommerce products\tv\51.jpg,tv,exito,5910900.0,682023510.0,617412120.0,100617949980.0,72514054710.0,71536993395.0,16539400352700.0,9225805065540.0,10559222023335.0,8469492594495.0,21923323409.981888,8023414380.626403,297489901.63330966,-129508168886.56973,-24658114865.548172,-19290897033.945312,40380638728.83203,0.0006274789576464935,0.00022964235842222154,8.514614773334735e-06,-1.5246253368724708e-06,-2.9028583298443255e-07,-2.2710065814235325e-07,4.753780819725228e-07
C:\Users\damba\.cache\kagglehub\datasets\sunnykusawa\ecommerce-products-image-dataset\versions\1\ecommerce products\tv\52.jpg,tv,exito,6311505.0,712806090.0,664587375.0,99310100880.0,81522157935.0,76162232100.0,15479895515550.0,10968688943475.0,10765607917320.0,9553722704160.0,18807507292.402737,11542592203.943682,1105343412.2601168,15904569291.299469,-46230485945.694046,58806562266.77734,114027227460.73438,0.0004721341098863197,0.00028975937168404563,2.7747979567549936e-05,1.5892403610283763e-07,-4.619512344483563e-07,5.876158010692978e-07,1.139400060559302e-06
C:\Users\damba\.cache\kagglehub\datasets\sunnykusawa\ecommerce-products-image-dataset\versions\1\ecommerce products\tv\53.jpg,tv,exito,5364945.0,604029210.0,600795300.0,83936355900.0,72846559920.0,67734034065.0,13041638443860.0,9403967390970.0,9422622212025.0,8219807809905.0,15929827122.309992,5566281650.215315,91605217.97304705,4380367811.355458,-464999102.1420423,2351812470.9414062,-2368187896.0273438,0.0005534527052041518,0.0001933902743316882,3.1826557381149388e-06,6.57048448014614e-08,-6.974915156635576e-09,3.527682607035008e-08,-3.5522454933077146e-08
C:\Users\damba\.cache\kagglehub\datasets\sunnykusawa\ecommerce-products-image-dataset\versions\1\ecommerce products\tv\54.jpg,tv,exito,3185460.0,410433465.0,360165060.0,63683760945.0,43051209360.0,44329871160.0,10734524328945.0,5435540189910.0,6710594662500.0,5103202308870.0,10801091191.838371,2329030947.8386145,-2075920640.1585057,-254219914015.96402,41276082259.21606,45117469576.20703,25659703962.26758,0.0010644452315661595,0.00022952550280013633,-0.00020458153600223366,-1.403715765176019e-05,2.2791246553692633e-06,2.4912329773266384e-06,1.4168414430083833e-06
C:\Users\damba\.cache\kagglehub\datasets\sunnykusawa\ecommerce-products-image-dataset\versions\1\ecommerce products\tv\55.jpg,tv,exito,3373395.0,375252900.0,360361920.0,51709375320.0,41670679650.0,39023260215.0,7952511104790.0,5139629111910.0,5280014740035.0,4416216985665.0,9966638712.39549,3175124464.1749153,-1063019491.2211841,-16941985101.868376,9807664176.480242,-7325603636.958984,7928038202.3671875,0.000875818917703263,0.0002790142345912779,-9.341289547707916e-05,-8.105807827618952e-07,4.692427751196895e-07,-3.5048983307125875e-07,3.7931301280227805e-07
C:\Users\damba\.cache\kagglehub\datasets\sunnykusawa\ecommerce-products-image-dataset\versions\1\ecommerce products\tv\56.jpg,tv,exito,5948130.0,732591540.0,641391045.0,110926573350.0,89544051975.0,77936382615.0,18740186200890.0,14223702596595.0,11640877428345.0,10807257278715.0,20698154589.890244,20382404094.709553,-1059478840.4085639,-20408320368.10844,172406476030.1104,-59435162106.28125,7201722936.0859375,0.0005850200125548519,0.000576095528110957,-2.994548725711806e-05,-2.365136083215961e-07,1.9980320285256076e-06,-6.887987054977066e-07,8.346132592115696e-08
C:\Users\damba\.cache\kagglehub\datasets\sunnykusawa\ecommerce-products-image-dataset\versions\1\ecommerce products\tv\57.jpg,tv,exito,4421955.0,493882470.0,492354000.0,66294303810.0,58480383180.0,55031801430.0,9888514558830.0,7326480686040.0,7389762868140.0,6542186394600.0,11133205568.769392,3660182314.9979796,41416038.38475397,-2717858337.604851,24087715.785841323,-899173590.15625,1364790623.7890625,0.0005693660804530207,0.00018718630906086972,2.118068088957935e-06,-6.60984110694147e-08,5.858141013850198e-10,-2.1867933572022078e-08,3.319175632766481e-08
C:\Users\damba\.cache\kagglehub\datasets\sunnykusawa\ecommerce-products-image-dataset\versions\1\ecommerce products\tv\58.jpg,tv,exito,7167795.0,812961930.0,763634730.0,122107547640.0,92207919930.0,86937941520.0,20575469110800.0,12153530319060.0,13067610192840.0,10504764133320.0,29902469281.96591,10852635513.77815,327489642.4241294,-56807046016.2591,17570959129.651993,-15637500007.496094,-23116962179.933594,0.00058201730954963,0.00021123411794829062,6.374210731286169e-06,-4.1298879290289044e-07,1.2774135798267067e-07,-1.136850567844407e-07,-1.6806095327576134e-07
C:\Users\damba\.cache\kagglehub\datasets\sunnykusawa\ecommerce-products-image-dataset\versions\1\ecommerce products\tv\59.jpg,tv,exito,5810940.0,647401650.0,606545040.0,91028016060.0,69763044840.0,67612172370.0,14353966731570.0,8631085429200.0,9506952338670.0,7778843698530.0,18900460720.80832,6451965126.803585,36485872.5803039,1027842802.6936586,2319048058.40212,-2668079102.9765625,-1131828411.8203125,0.0005597313194644369,0.00019107295885059544,1.080517872175521e-06,1.2627306469999929e-08,2.8490086689675987e-08,-3.27780205603374e-08,-1.3904795743136601e-08
C:\Users\damba\.cache\kagglehub\datasets\sunnykusawa\ecommerce-products-image-dataset\versions\1\ecommerce products\tv\6.jpg,tv,exito,5746680.0,603482235.0,780458355.0,86219640435.0,113331138945.0,83721720870.0,14237174945805.0,17320630842855.0,12051068868000.0,12346914866940.0,22845516947.94395,7336852872.118599,1762615369.1154068,384698635037.50226,-63745965700.99414,-28645483136.625,-33211537971.914062,0.0006917783416247892,0.00022216507178123007,5.337323465901084e-05,4.859349201328727e-06,-8.052118705512356e-07,-3.6183753443280214e-07,-4.195139930844479e-07
C:\Users\damba\.cache\kagglehub\datasets\sunnykusawa\ecommerce-products-image-dataset\versions\1\ecommerce products\tv\60.jpg,tv,exito,6999750.0,762981165.0,668018910.0,109704414195.0,81723039540.0,70400152395.0,17893351539945.0,11531273915100.0,10174893869685.0,8404300205355.0,26538549964.883617,17970867802.78252,-2414711877.8426147,149970806721.83463,301973606069.6139,231701065750.42578,-42714834092.02344,0.0005416417485132818,0.00036677860214217055,-4.928335441842591e-05,1.1569122098924557e-06,2.329499717736246e-06,1.787399813811464e-06,-3.295128844392463e-07
C:\Users\damba\.cache\kagglehub\datasets\sunnykusawa\ecommerce-products-image-dataset\versions\1\ecommerce products\tv\61.jpg,tv,exito,6905655.0,734994150.0,605012745.0,112380024900.0,75475572945.0,62302768665.0,19520607785910.0,10459425267705.0,9296297319855.0,7757156223165.0,34151905983.80414,22469678267.02448,-2090953328.1261816,289765368029.811,-90271614502.52863,-104356263291.82812,90396479586.6914,0.0007161519701399838,0.00047118027225105175,-4.3846464853775725e-05,2.312247318692251e-06,-7.203424619260167e-07,-8.32734055232051e-07,7.213388506870918e-07
C:\Users\damba\.cache\kagglehub\datasets\sunnykusawa\ecommerce-products-image-dataset\versions\1\ecommerce products\tv\62.jpg,tv,exito,6276570.0,786865740.0,699469335.0,115550519970.0,99571459815.0,87151234740.0,18580135219350.0,16030001103885.0,12970368918690.0,12432644970870.0,16904652436.339483,21621663890.579147,-538133161.9086682,-144443507742.1789,114530630672.54759,228191540760.2539,69753276774.84375,0.0004291029424629278,0.0005488382344050713,-1.365982081450535e-05,-1.4634978366041715e-06,1.160421349731868e-06,2.3120307132813094e-06,7.067383730271069e-07
C:\Users\damba\.cache\kagglehub\datasets\sunnykusawa\ecommerce-products-image-dataset\versions\1\ecommerce products\tv\63.jpg,tv,exito,6816915.0,658343190.0,767821065.0,77753472900.0,103362254115.0,73338719100.0,10208509599900.0,15314443820925.0,8681407267920.0,9841293615990.0,14174015650.00112,16878971301.918972,-813557887.6545874,-38237314038.03174,-130046168706.32974,80808055591.50781,42359298606.91016,0.00030501215752601866,0.0003632203872737823,-1.7507039128026953e-05,-3.1515026802278114e-07,-1.0718348282092171e-06,6.660164558821711e-07,3.491234843521431e-07
C:\Users\damba\.cache\kagglehub\datasets\sunnykusawa\ecommerce-products-image-dataset\versions\1\ecommerce products\tv\64.jpg,tv,exito,6112095.0,709244505.0,738233670.0,110900104605.0,97591959840.0,85155757485.0,19238335107255.0,13782157191300.0,13207606656285.0,11210733131955.0,28599720224.08068,8426305261.386791,-508515379.45701295,-267853625406.16574,-40735808642.50217,-69161415670.2461,9049437731.542969,0.0007655641587943772,0.00022555735680752006,-1.3612061434790678e-05,-2.9001622105574846e-06,-4.4106348257314377e-07,-7.488393104679957e-07,9.798201273556417e-08
C:\Users\damba\.cache\kagglehub\datasets\sunnykusawa\ecommerce-products-image-dataset\versions\1\ecommerce products\tv\65.jpg,tv,exito,5746680.0,603482235.0,780458355.0,86219640435.0,113331138945.0,83721720870.0,14237174945805.0,17320630842855.0,12051068868000.0,12346914866940.0,22845516947.94395,7336852872.118599,1762615369.1154068,384698635037.50226,-63745965700.99414,-28645483136.625,-33211537971.914062,0.0006917783416247892,0.00022216507178123007,5.337323465901084e-05,4.859349201328727e-06,-8.052118705512356e-07,-3.6183753443280214e-07,-4.195139930844479e-07
C:\Users\damba\.cache\kagglehub\datasets\sunnykusawa\ecommerce-products-image-dataset\versions\1\ecommerce products\tv\66.jpg,tv,exito,3681180.0,430413735.0,436979730.0,54561668385.0,62307294660.0,46269274425.0,7329804276225.0,9789601964700.0,5396620367895.0,6125267518935.0,4236505454.4586406,10434991640.078966,-4823602779.752706,-40384562522.92934,-84075621406.94672,47777512602.03711,-14688183233.59375,0.00031263216795378697,0.0007700483556758227,-0.00035595691085324053,-1.5532728388754708e-06,-3.2337202877669e-06,1.8376208134392772e-06,-5.649375564292324e-07
C:\Users\damba\.cache\kagglehub\datasets\sunnykusawa\ecommerce-products-image-dataset\versions\1\ecommerce products\tv\67.jpg,tv,exito,914685.0,113645085.0,93003855.0,16704957945.0,11652654675.0,9582319110.0,2687490659535.0,1638909676095.0,1230250377930.0,1032814894950.0,2585118497.914692,2196156487.2511845,-1972949651.1611373,-30394064104.422623,7480446629.108212,21972746959.75049,-13756421359.155762,0.003089849604501633,0.0026249447594106756,-0.0023581579352201306,-3.798480334655378e-05,9.348644300244172e-06,2.7460311637898502e-05,-1.7192006909132955e-05
C:\Users\damba\.cache\kagglehub\datasets\sunnykusawa\ecommerce-products-image-dataset\versions\1\ecommerce products\tv\68.jpg,tv,exito,2924595.0,317355150.0,318734955.0,39200573700.0,44965901595.0,34850069190.0,5335801209120.0,7192314668565.0,4285682481840.0,4928116567620.0,4763569180.905049,10228793879.623331,263338564.30028853,48234769824.113846,62181116647.96848,-43715877041.24219,-8645909389.808594,0.0005569305102977334,0.0011958947542830922,3.078810770393124e-05,3.2975840778808335e-06,4.251030137614195e-06,-2.9886486575443075e-06,-5.910801118486938e-07
C:\Users\damba\.cache\kagglehub\datasets\sunnykusawa\ecommerce-products-image-dataset\versions\1\ecommerce products\tv\69.jpg,tv,exito,5836695.0,542929680.0,828142590.0,67770225960.0,138649093170.0,78107421315.0,10121599555380.0,24852631600470.0,10363292561175.0,13312260568275.0,17266878187.861416,21147639115.623672,1073553452.6102036,605277665635.9487,-820757257119.9358,547953826432.6953,110471120552.54297,0.00050685043790068,0.0006207659560518951,3.151299451152622e-05,7.354229017150377e-06,-9.972343568973895e-06,6.657734390671645e-06,1.3422433478873384e-06
C:\Users\damba\.cache\kagglehub\datasets\sunnykusawa\ecommerce-products-image-dataset\versions\1\ecommerce products\tv\7.jpg,tv,exito,8167140.0,922106520.0,932191515.0,137997076530.0,135119889345.0,104698600995.0,23111741755980.0,21860678942325.0,15597043692375.0,15106605443625.0,33887139119.04459,28720216921.36148,-549977316.4012684,-120761649237.50623,-118018545565.87395,-29654086463.148438,-23484474157.671875,0.0005080364879103169,0.00043057391435415794,-8.245268013723051e-06,-6.335108172000232e-07,-6.191206042503608e-07,-1.5556416020488306e-07,-1.231986190075882e-07
C:\Users\damba\.cache\kagglehub\datasets\sunnykusawa\ecommerce-products-image-dataset\versions\1\ecommerce products\tv\70.jpg,tv,exito,4884015.0,465672585.0,700047675.0,62554098195.0,110206126185.0,68551019130.0,9652429584435.0,18341494024995.0,9346162534410.0,11012690867550.0,18153956831.67859,9865167512.083223,1804088491.8897805,226306073270.14035,-282879071157.3785,35978166363.30859,-12227682431.632812,0.0007610572372154774,0.0004135713883770278,7.563169925214144e-05,4.292929301513329e-06,-5.366094845836442e-06,6.824904093996653e-07,-2.3195389960965013e-07
C:\Users\damba\.cache\kagglehub\datasets\sunnykusawa\ecommerce-products-image-dataset\versions\1\ecommerce products\tv\71.jpg,tv,exito,4796805.0,622350450.0,522866280.0,97082752890.0,67302070440.0,68395914615.0,16421476539060.0,9528320134560.0,10597058065515.0,8782925721075.0,16337322834.952427,10308061560.956888,557829754.8011845,-413599180004.27875,-55029368294.046196,-130004855241.91406,-70637132073.73438,0.0007100301054836264,0.000447994699706823,2.4243624469243945e-05,-8.20728490065195e-06,-1.091979204328858e-06,-2.579760640307279e-06,-1.401692980842274e-06
C:\Users\damba\.cache\kagglehub\datasets\sunnykusawa\ecommerce-products-image-dataset\versions\1\ecommerce products\tv\72.jpg,tv,exito,3790320.0,451198530.0,419225610.0,56735956740.0,54005638080.0,48859981605.0,7474737578940.0,7671741819690.0,6021467995155.0,6197748427215.0,3025422148.155276,7637491833.806516,-1044506398.7446166,616045405.68149,9008616867.457514,-5096139240.457031,-12408039.75390625,0.00021058829468072882,0.0005316171767632472,-7.27041749954985e-05,2.2025360748166457e-08,3.2208346092326156e-07,-1.8220135100234166e-07,-4.4362241684937404e-10
C:\Users\damba\.cache\kagglehub\datasets\sunnykusawa\ecommerce-products-image-dataset\versions\1\ecommerce products\tv\73.jpg,tv,exito,7317225.0,919998435.0,870803325.0,144522912345.0,131120179155.0,104500480785.0,24845262310335.0,21198639259575.0,16001058410595.0,15608931270645.0,28851039414.695244,27488210638.102467,-4986065848.8395195,-580589074353.6008,-948218111448.8063,55575382092.94531,309880854695.9453,0.0005388509402995542,0.0005133973835947561,-9.312476519213997e-05,-4.008693345506574e-06,-6.546998215020864e-06,3.837217650332337e-07,2.139580944582102e-06
C:\Users\damba\.cache\kagglehub\datasets\sunnykusawa\ecommerce-products-image-dataset\versions\1\ecommerce products\tv\74.jpg,tv,exito,7317225.0,919998435.0,870803325.0,144522912345.0,131120179155.0,104500480785.0,24845262310335.0,21198639259575.0,16001058410595.0,15608931270645.0,28851039414.695244,27488210638.102467,-4986065848.8395195,-580589074353.6008,-948218111448.8063,55575382092.94531,309880854695.9453,0.0005388509402995542,0.0005133973835947561,-9.312476519213997e-05,-4.008693345506574e-06,-6.546998215020864e-06,3.837217650332337e-07,2.139580944582102e-06
C:\Users\damba\.cache\kagglehub\datasets\sunnykusawa\ecommerce-products-image-dataset\versions\1\ecommerce products\tv\75.jpg,tv,exito,7317225.0,919998435.0,870803325.0,144522912345.0,131120179155.0,104500480785.0,24845262310335.0,21198639259575.0,16001058410595.0,15608931270645.0,28851039414.695244,27488210638.102467,-4986065848.8395195,-580589074353.6008,-948218111448.8063,55575382092.94531,309880854695.9453,0.0005388509402995542,0.0005133973835947561,-9.312476519213997e-05,-4.008693345506574e-06,-6.546998215020864e-06,3.837217650332337e-07,2.139580944582102e-06
C:\Users\damba\.cache\kagglehub\datasets\sunnykusawa\ecommerce-products-image-dataset\versions\1\ecommerce products\tv\76.jpg,tv,exito,7317225.0,919998435.0,870803325.0,144522912345.0,131120179155.0,104500480785.0,24845262310335.0,21198639259575.0,16001058410595.0,15608931270645.0,28851039414.695244,27488210638.102467,-4986065848.8395195,-580589074353.6008,-948218111448.8063,55575382092.94531,309880854695.9453,0.0005388509402995542,0.0005133973835947561,-9.312476519213997e-05,-4.008693345506574e-06,-6.546998215020864e-06,3.837217650332337e-07,2.139580944582102e-06
C:\Users\damba\.cache\kagglehub\datasets\sunnykusawa\ecommerce-products-image-dataset\versions\1\ecommerce products\tv\77.jpg,tv,exito,7317225.0,919998435.0,870803325.0,144522912345.0,131120179155.0,104500480785.0,24845262310335.0,21198639259575.0,16001058410595.0,15608931270645.0,28851039414.695244,27488210638.102467,-4986065848.8395195,-580589074353.6008,-948218111448.8063,55575382092.94531,309880854695.9453,0.0005388509402995542,0.0005133973835947561,-9.312476519213997e-05,-4.008693345506574e-06,-6.546998215020864e-06,3.837217650332337e-07,2.139580944582102e-06
C:\Users\damba\.cache\kagglehub\datasets\sunnykusawa\ecommerce-products-image-dataset\versions\1\ecommerce products\tv\78.jpg,tv,exito,5268810.0,598719345.0,422145360.0,83104592565.0,46417415910.0,47236082700.0,12764561324415.0,6135182760690.0,6340410805500.0,5172419327310.0,15069333355.191902,12594464433.380117,-734254707.1164434,-103796050214.74805,397969577054.68744,-151186566845.82422,15452115569.011719,0.000542836404061616,0.0004536852177168469,-2.644975563826655e-05,-1.6289189788096616e-06,6.2455189355666374e-06,-2.3726400722062047e-06,2.4249713029587986e-07
C:\Users\damba\.cache\kagglehub\datasets\sunnykusawa\ecommerce-products-image-dataset\versions\1\ecommerce products\tv\79.jpg,tv,exito,4622130.0,529250715.0,562388475.0,64903394325.0,79772418315.0,63535833915.0,8407019779335.0,12426746064285.0,7724190915585.0,8936130537075.0,4302260361.21897,11344919128.948195,-859694229.2775543,-9904149030.448029,-40145221570.207535,24075733686.75,11101345478.609375,0.00020137816399922587,0.0005310275978416093,-4.024016004544919e-05,-2.1563128771757012e-07,-8.740342856593133e-07,5.2417238893106e-07,2.4169642576974405e-07
C:\Users\damba\.cache\kagglehub\datasets\sunnykusawa\ecommerce-products-image-dataset\versions\1\ecommerce products\tv\8.jpg,tv,exito,6676920.0,771480315.0,684250680.0,107987487975.0,85795941360.0,80042251155.0,16695572780925.0,12150223335750.0,11273761740015.0,10106901700395.0,18847304112.905006,15673940035.967001,980957902.2181393,-137168882425.95175,145325947043.91702,-19482974792.95703,-7390831104.9453125,0.00042276292376484053,0.00035158135491553084,2.2003817009988488e-05,-1.190735134716725e-06,1.261544951527832e-06,-1.6912773658630527e-07,-6.415829972345534e-08
C:\Users\damba\.cache\kagglehub\datasets\sunnykusawa\ecommerce-products-image-dataset\versions\1\ecommerce products\tv\80.jpg,tv,exito,4106010.0,463015230.0,406532985.0,55914489030.0,55185416745.0,45561569355.0,7130298581610.0,8723408573175.0,5449438713225.0,6172392961725.0,3702462461.152656,14934889373.412933,-281222930.542786,-9930744327.30926,302157160477.39105,-23188759767.654297,5083181177.9453125,0.0002196092650235071,0.0008858537022091822,-1.6680563741632392e-05,-2.906911392975811e-07,8.844695455964239e-06,-6.787776196413018e-07,1.487940560315794e-07
C:\Users\damba\.cache\kagglehub\datasets\sunnykusawa\ecommerce-products-image-dataset\versions\1\ecommerce products\tv\81.jpg,tv,exito,3409605.0,369601080.0,381126060.0,47504798640.0,50585747910.0,34609260705.0,6773535672450.0,7429073527890.0,3838673007435.0,4002396798345.0,7440052624.796949,7983430746.831951,-6704792797.427641,11013957092.911263,-10185214614.592731,-17820462789.734375,17828340666.240234,0.0006399821615645524,0.0006867227321793118,-0.0005767362146120963,5.13077780253899e-07,-4.7447136953422604e-07,-8.30154268272832e-07,8.305212538491006e-07
C:\Users\damba\.cache\kagglehub\datasets\sunnykusawa\ecommerce-products-image-dataset\versions\1\ecommerce products\tv\82.jpg,tv,exito,7317225.0,919998435.0,870803325.0,144522912345.0,131120179155.0,104500480785.0,24845262310335.0,21198639259575.0,16001058410595.0,15608931270645.0,28851039414.695244,27488210638.102467,-4986065848.8395195,-580589074353.6008,-948218111448.8063,55575382092.94531,309880854695.9453,0.0005388509402995542,0.0005133973835947561,-9.312476519213997e-05,-4.008693345506574e-06,-6.546998215020864e-06,3.837217650332337e-07,2.139580944582102e-06
C:\Users\damba\.cache\kagglehub\datasets\sunnykusawa\ecommerce-products-image-dataset\versions\1\ecommerce products\tv\83.jpg,tv,exito,5696445.0,634907925.0,523964820.0,81486939375.0,62387211660.0,58382124030.0,11474522772345.0,8814305456760.0,7383895606800.0,6949778607780.0,10722089854.324272,14192393207.854422,-17354353.307223324,2142500907.7787514,465004509804.6383,-107487648735.125,-512136776.07421875,0.00033042403118279013,0.0004373688189135261,-5.348113526609224e-07,2.7663762231332572e-08,6.0040927632882325e-06,-1.387870010517894e-06,-6.612659976852361e-09
C:\Users\damba\.cache\kagglehub\datasets\sunnykusawa\ecommerce-products-image-dataset\versions\1\ecommerce products\tv\84.jpg,tv,exito,7317225.0,919998435.0,870803325.0,144522912345.0,131120179155.0,104500480785.0,24845262310335.0,21198639259575.0,16001058410595.0,15608931270645.0,28851039414.695244,27488210638.102467,-4986065848.8395195,-580589074353.6008,-948218111448.8063,55575382092.94531,309880854695.9453,0.0005388509402995542,0.0005133973835947561,-9.312476519213997e-05,-4.008693345506574e-06,-6.546998215020864e-06,3.837217650332337e-07,2.139580944582102e-06
C:\Users\damba\.cache\kagglehub\datasets\sunnykusawa\ecommerce-products-image-dataset\versions\1\ecommerce products\tv\85.jpg,tv,exito,6233730.0,703460085.0,729924495.0,99295556445.0,103580364285.0,81688374330.0,15662377456575.0,16376341953435.0,11460489284670.0,11569207833930.0,19911930399.565376,18111508816.28303,-681690991.4499224,-36883993585.126625,6381601371.059691,-12444911755.320312,40077448286.60547,0.0005124097559606112,0.0004660780560398411,-1.754250379345572e-05,-3.8016135610011213e-07,6.577482521552874e-08,-1.2826904219386346e-07,4.1307612350881344e-07
C:\Users\damba\.cache\kagglehub\datasets\sunnykusawa\ecommerce-products-image-dataset\versions\1\ecommerce products\tv\86.jpg,tv,exito,4549200.0,509910750.0,482470200.0,70677457500.0,56270090100.0,53152198470.0,11134553832450.0,7091432572500.0,7296702229740.0,6120683302590.0,13522579067.404709,5101204606.278025,-926923471.1434973,181020852957.47473,41621608412.07624,8723998229.023438,10092882198.726562,0.000653415554375298,0.00024649191690270496,-4.4789252903732144e-05,4.101011911819624e-06,9.429339719613134e-07,1.9764143230682474e-07,2.2865338133885276e-07
C:\Users\damba\.cache\kagglehub\datasets\sunnykusawa\ecommerce-products-image-dataset\versions\1\ecommerce products\tv\87.jpg,tv,exito,4279155.0,482559450.0,458542020.0,70154877330.0,51348910890.0,51797378880.0,11450903548560.0,5972465797500.0,7580681924040.0,5812393790700.0,15736745062.22692,2212858537.2153,87687370.08997883,-9707040030.305752,-4183931607.38178,43308797355.98047,2994765706.3964844,0.0008594069739230847,0.00012084748476690053,4.7887372568033574e-06,-2.562664637258753e-07,-1.1045605603223971e-07,1.143354958049768e-06,7.90620018944721e-08
C:\Users\damba\.cache\kagglehub\datasets\sunnykusawa\ecommerce-products-image-dataset\versions\1\ecommerce products\tv\88.jpg,tv,exito,1756695.0,195371055.0,98563620.0,22515906105.0,8297786700.0,10954493235.0,2679332694435.0,927665540400.0,1262425583055.0,921199350105.0,787689691.8986795,2767636510.294673,-7272139.193641825,17353836.586098496,151528281662.72668,733779824.4091797,-823997724.7768555,0.00025524804930405457,0.0008968427893636378,-2.356510898308669e-06,4.24281983603453e-09,3.704697782355821e-05,1.7940099751654602e-07,-2.0145826971374943e-07
C:\Users\damba\.cache\kagglehub\datasets\sunnykusawa\ecommerce-products-image-dataset\versions\1\ecommerce products\tv\89.jpg,tv,exito,2384760.0,266031810.0,268637145.0,30093020730.0,38497810785.0,29994076140.0,3449793995010.0,6195230710215.0,3395416557750.0,4300999908540.0,415852406.19546455,8236520058.154938,26269770.561375596,-12572441.43802101,2904252060.484258,-346689937.17578125,459662771.9160156,7.312230307278239e-05,0.0014482862356563302,4.619201659106122e-06,-1.4315546266380764e-09,3.306911783686018e-07,-3.9475672725899424e-08,5.233926688571905e-08
C:\Users\damba\.cache\kagglehub\datasets\sunnykusawa\ecommerce-products-image-dataset\versions\1\ecommerce products\tv\9.jpg,tv,exito,6209760.0,703195140.0,567233730.0,96345197520.0,63993831510.0,64375389285.0,14719227732480.0,8394032194560.0,8749992254325.0,7269791390475.0,16715162716.783842,12179573881.732096,141666535.63896617,23407437990.802708,323383733121.91187,-82794229465.07812,-2771056811.8828125,0.00043347192816477843,0.0003158511504909606,3.6738180417583486e-06,2.435941434923693e-07,3.3653569228784983e-06,-8.61614561174141e-07,-2.8837552017632886e-08
C:\Users\damba\.cache\kagglehub\datasets\sunnykusawa\ecommerce-products-image-dataset\versions\1\ecommerce products\tv\90.jpg,tv,exito,5034975.0,581155200.0,571391760.0,78227434770.0,78387476340.0,66050614335.0,11587560178320.0,11976022422570.0,8894894008185.0,9120167267925.0,11148379464.454292,13543352308.421368,98490926.01544622,-15309328267.015608,6334809128.252356,-5445846755.46875,50044119947.51172,0.00043976139906894666,0.0005342340183364547,3.885094471196211e-06,-2.691304509876413e-07,1.1136282453884135e-07,-9.573530384521563e-08,8.797509816137064e-07
C:\Users\damba\.cache\kagglehub\datasets\sunnykusawa\ecommerce-products-image-dataset\versions\1\ecommerce products\tv\91.jpg,tv,exito,6119745.0,670759905.0,658655820.0,94629651105.0,78000798930.0,72565786305.0,15011270112405.0,9923771860470.0,10298294691135.0,8620135626945.0,21110435818.152424,7111000544.630609,373249646.871744,11651070572.705526,-1982230490.0829103,31675372808.558594,-9553123919.777344,0.000563677301761437,0.0001898733704197063,9.966272399320237e-06,1.2575710104784942e-07,-2.1395421003239083e-08,3.418915913483484e-07,-1.0311268501938983e-07
C:\Users\damba\.cache\kagglehub\datasets\sunnykusawa\ecommerce-products-image-dataset\versions\1\ecommerce products\tv\92.jpg,tv,exito,1897200.0,230988435.0,147723795.0,32533183815.0,16653471405.0,20362977825.0,4951180843575.0,2367629806095.0,3137655638835.0,2515392018885.0,4409814057.594759,5151089152.627017,2377268242.8205647,-83618497877.56429,268752053675.97415,25612460175.384766,117586057318.9707,0.0012251634880403775,0.0014311094007627232,0.0006604682679002224,-1.6866290323487352e-05,5.4208701153296454e-05,5.166167776050231e-06,2.3717725516187594e-05
C:\Users\damba\.cache\kagglehub\datasets\sunnykusawa\ecommerce-products-image-dataset\versions\1\ecommerce products\tv\93.jpg,tv,exito,3976215.0,456042765.0,450250440.0,64833543705.0,59841885810.0,60842123820.0,10287399307665.0,8782849975110.0,9435169577550.0,8938980691200.0,12528775600.446997,8857354359.815945,9201693008.269096,-22451510201.06406,656152122.9750724,-17051347193.730469,-8370425136.222656,0.0007924446033043626,0.0005602273427053872,0.0005820067497582267,-7.121490689462848e-07,2.0812770244813193e-08,-5.408589854111236e-07,-2.6550510028332216e-07
C:\Users\damba\.cache\kagglehub\datasets\sunnykusawa\ecommerce-products-image-dataset\versions\1\ecommerce products\tv\94.jpg,tv,exito,2516340.0,273098370.0,280446450.0,30156219420.0,39441649170.0,30425009820.0,3385042125510.0,6219218877180.0,3358703777820.0,4278203603160.0,516854430.9059597,8185852529.799354,-11842261.708551807,-664486.4773197348,-1187370101.1472409,359326346.5839844,241222111.89648438,8.162620418980627e-05,0.001292781932610766,-1.8702342758231113e-06,-6.615502594500028e-11,-1.1821233769053321e-07,3.5773856342222454e-08,2.401562050651191e-08
C:\Users\damba\.cache\kagglehub\datasets\sunnykusawa\ecommerce-products-image-dataset\versions\1\ecommerce products\tv\95.jpg,tv,exito,2656590.0,279861480.0,286613880.0,30013684110.0,40935676830.0,30223466490.0,3273797157120.0,6554394110580.0,3246393259290.0,4318756334250.0,531359781.52236706,10013511118.070646,29802941.864083346,18243168.003241222,-22742637890.457283,2001069792.0644531,-89620922.48242188,7.529040141729915e-05,0.0014188527206859959,4.2228929143535695e-06,1.5859479277043912e-09,-1.9771039452409723e-06,1.739606020923905e-07,-7.791087395824026e-09
C:\Users\damba\.cache\kagglehub\datasets\sunnykusawa\ecommerce-products-image-dataset\versions\1\ecommerce products\tv\96.jpg,tv,exito,2708610.0,288381285.0,310509675.0,38317610445.0,42518142315.0,26224267575.0,5766139738755.0,6423563514015.0,2869835880015.0,3017068077855.0,7614125802.230746,6921929398.188196,-6835190627.3371315,65199217876.60112,-37664439600.737465,-67355761967.66992,57376252122.39844,0.0010378320851293314,0.0009434832844940651,-0.0009316604854292609,5.39978156951218e-06,-3.119358688734461e-06,-5.578385967172798e-06,4.751885664097821e-06
C:\Users\damba\.cache\kagglehub\datasets\sunnykusawa\ecommerce-products-image-dataset\versions\1\ecommerce products\tv\97.jpg,tv,exito,3093660.0,369520245.0,346306320.0,48621214905.0,43330087050.0,38206463595.0,6914156659965.0,5925537027540.0,4689052035525.0,4432001636625.0,4484104988.312315,4564331513.857567,-3157873860.1335306,35424546007.08918,53270297772.26798,741955319.5390625,-36544044391.41797,0.0004685226685554753,0.00047690515423218607,-0.00032995112553513045,2.1043735668094448e-06,3.1644895747032343e-06,4.407540358821253e-08,-2.1708766860758405e-06
C:\Users\damba\.cache\kagglehub\datasets\sunnykusawa\ecommerce-products-image-dataset\versions\1\ecommerce products\tv\98.jpg,tv,exito,3093660.0,369520245.0,346306320.0,48621214905.0,43330087050.0,38206463595.0,6914156659965.0,5925537027540.0,4689052035525.0,4432001636625.0,4484104988.312315,4564331513.857567,-3157873860.1335306,35424546007.08918,53270297772.26798,741955319.5390625,-36544044391.41797,0.0004685226685554753,0.00047690515423218607,-0.00032995112553513045,2.1043735668094448e-06,3.1644895747032343e-06,4.407540358821253e-08,-2.1708766860758405e-06
C:\Users\damba\.cache\kagglehub\datasets\sunnykusawa\ecommerce-products-image-dataset\versions\1\ecommerce products\tv\99.jpg,tv,exito,7915455.0,922223055.0,790674930.0,143174084745.0,106685974860.0,95966334075.0,24769655688045.0,16738891924140.0,15390580335255.0,13358529276855.0,35726646388.83058,27705443111.60336,3845457959.033058,-236400917113.75577,547033807306.0079,192856463756.26562,160389679548.8203,0.0005702174229466658,0.0004421944954126166,6.13756775148956e-05,-1.3410947008166863e-06,3.103304966421279e-06,1.0940684356030504e-06,9.098854265658565e-07
