rutaImagen,etiqueta,estado,hu_0,hu_1,hu_2,hu_3,hu_4,hu_5,hu_6
C:\Users\damba\.cache\kagglehub\datasets\sunnykusawa\ecommerce-products-image-dataset\versions\1\ecommerce products\jeans\1.jpg,jeans,exito,2.9915566782148018,6.379209222456007,9.845541404168623,9.81127128698077,9.99999999998861,9.999847296142695,-9.999999999999604
C:\Users\damba\.cache\kagglehub\datasets\sunnykusawa\ecommerce-products-image-dataset\versions\1\ecommerce products\jeans\10.jpg,jeans,exito,2.9017726860855055,6.220718395650867,9.851000938809172,9.88275735914273,9.99999999999966,9.999897471639397,-9.999999999995218
C:\Users\damba\.cache\kagglehub\datasets\sunnykusawa\ecommerce-products-image-dataset\versions\1\ecommerce products\jeans\100.jpg,jeans,exito,2.996360438310654,6.481182832838542,9.849421557161401,9.962523234654531,9.999999999999956,-9.999985403486916,-9.999999999999245
C:\Users\damba\.cache\kagglehub\datasets\sunnykusawa\ecommerce-products-image-dataset\versions\1\ecommerce products\jeans\101.jpg,jeans,exito,2.968966406982358,6.427419121408138,9.638654781646617,9.788428680815828,9.99999999997625,9.999870511350675,-9.999999999993564
C:\Users\damba\.cache\kagglehub\datasets\sunnykusawa\ecommerce-products-image-dataset\versions\1\ecommerce products\jeans\102.jpg,jeans,exito,3.0132920829975465,6.841866377735678,9.375467331864332,9.883502724686151,9.999999999999586,-9.999959385966736,9.999999999986722
C:\Users\damba\.cache\kagglehub\datasets\sunnykusawa\ecommerce-products-image-dataset\versions\1\ecommerce products\jeans\103.jpg,jeans,exito,2.9464662618898654,6.287881156330485,9.735611558041965,9.7045798794948,9.999999999961764,9.999696600903365,-9.999999999999417
C:\Users\damba\.cache\kagglehub\datasets\sunnykusawa\ecommerce-products-image-dataset\versions\1\ecommerce products\jeans\104.jpg,jeans,exito,2.9464662618898654,6.287881156330485,9.735611558041965,9.7045798794948,9.999999999961764,9.999696600903365,-9.999999999999417
C:\Users\damba\.cache\kagglehub\datasets\sunnykusawa\ecommerce-products-image-dataset\versions\1\ecommerce products\jeans\105.jpg,jeans,exito,3.042079682590038,6.623835633237039,9.642924919049507,9.931760380138833,-9.999999999998378,-9.999986843813218,9.999999999996962
C:\Users\damba\.cache\kagglehub\datasets\sunnykusawa\ecommerce-products-image-dataset\versions\1\ecommerce products\jeans\106.jpg,jeans,exito,2.8826665535994134,6.061583127084333,9.917233518744116,9.936226367343805,-9.99999999999879,9.999941069619856,-9.999999999999678
C:\Users\damba\.cache\kagglehub\datasets\sunnykusawa\ecommerce-products-image-dataset\versions\1\ecommerce products\jeans\107.jpg,jeans,exito,3.0813157547507104,7.267105646708544,9.75849532342345,9.918012728129352,9.999999999997073,9.999988128283567,-9.999999999997996
C:\Users\damba\.cache\kagglehub\datasets\sunnykusawa\ecommerce-products-image-dataset\versions\1\ecommerce products\jeans\108.jpg,jeans,exito,3.105757003782382,7.237034524860251,9.948048969614115,9.970362386451214,9.999999999999906,-9.999999352969015,-9.999999999999725
C:\Users\damba\.cache\kagglehub\datasets\sunnykusawa\ecommerce-products-image-dataset\versions\1\ecommerce products\jeans\109.jpg,jeans,exito,2.948179319851036,6.340593709237205,9.800087843419995,9.72449561395421,9.999999999972333,9.999740259534775,-9.999999999999009
C:\Users\damba\.cache\kagglehub\datasets\sunnykusawa\ecommerce-products-image-dataset\versions\1\ecommerce products\jeans\11.jpg,jeans,exito,2.9085238560200173,6.230622252044663,9.907886483259789,9.853344274972077,9.99999999999805,9.99987233333012,-9.999999999994992
C:\Users\damba\.cache\kagglehub\datasets\sunnykusawa\ecommerce-products-image-dataset\versions\1\ecommerce products\jeans\110.jpg,jeans,exito,2.948179319851036,6.340593709237205,9.800087843419995,9.72449561395421,9.999999999972333,9.999740259534775,-9.999999999999009
C:\Users\damba\.cache\kagglehub\datasets\sunnykusawa\ecommerce-products-image-dataset\versions\1\ecommerce products\jeans\111.jpg,jeans,exito,3.1084369159368874,7.178048860024369,9.774518188542903,9.980126574871987,-9.999999999999792,-9.999998810325321,9.999999999999702
C:\Users\damba\.cache\kagglehub\datasets\sunnykusawa\ecommerce-products-image-dataset\versions\1\ecommerce products\jeans\112.jpg,jeans,exito,2.935346257481622,7.622932460337341,9.73246783041173,9.792053197714925,9.999999999980862,9.99995942342127,-9.999999999997593
C:\Users\damba\.cache\kagglehub\datasets\sunnykusawa\ecommerce-products-image-dataset\versions\1\ecommerce products\jeans\113.jpg,jeans,exito,2.9888389351169073,6.879932029172632,9.554091803446676,9.963364028512252,9.999999999998483,9.99998620318076,9.999999999999968
C:\Users\damba\.cache\kagglehub\datasets\sunnykusawa\ecommerce-products-image-dataset\versions\1\ecommerce products\jeans\114.jpg,jeans,exito,3.0129682855943565,6.841661463788472,9.674730138895585,9.989049741084894,9.999999999999975,9.999997623450103,-9.999999999999815
C:\Users\damba\.cache\kagglehub\datasets\sunnykusawa\ecommerce-products-image-dataset\versions\1\ecommerce products\jeans\115.jpg,jeans,exito,2.966179996583746,6.321459767278831,9.933190435300682,9.816903851885264,9.999999999993275,9.9998428574616,9.99999999999994
C:\Users\damba\.cache\kagglehub\datasets\sunnykusawa\ecommerce-products-image-dataset\versions\1\ecommerce products\jeans\116.jpg,jeans,exito,2.966179996583746,6.321459767278831,9.933190435300682,9.816903851885264,9.999999999993275,9.9998428574616,9.99999999999994
C:\Users\damba\.cache\kagglehub\datasets\sunnykusawa\ecommerce-products-image-dataset\versions\1\ecommerce products\jeans\117.jpg,jeans,exito,3.1033325421933418,6.825014421028898,9.954006916576292,9.983651520272577,9.999999999999897,9.999997582201228,-9.999999999999963
C:\Users\damba\.cache\kagglehub\datasets\sunnykusawa\ecommerce-products-image-dataset\versions\1\ecommerce products\jeans\118.jpg,jeans,exito,3.095211060456692,6.788501951919079,9.907555716440811,9.978403221490204,9.99999999999985,9.999996108302698,-9.999999999999808
C:\Users\damba\.cache\kagglehub\datasets\sunnykusawa\ecommerce-products-image-dataset\versions\1\ecommerce products\jeans\119.jpg,jeans,exito,3.0026384074108186,6.631929791047255,9.591240781626748,9.81803904309044,9.999999999980899,9.99989207349043,9.999999999992882
C:\Users\damba\.cache\kagglehub\datasets\sunnykusawa\ecommerce-products-image-dataset\versions\1\ecommerce products\jeans\12.jpg,jeans,exito,2.96452395587649,7.158768207878324,9.576631002752661,9.910266405979902,9.999999999993886,9.999991925472871,9.9999999999995
C:\Users\damba\.cache\kagglehub\datasets\sunnykusawa\ecommerce-products-image-dataset\versions\1\ecommerce products\jeans\120.jpg,jeans,exito,2.8848461680010242,6.364123621820706,9.519875834148017,9.686148842563961,9.999999999996932,9.999828092209889,-9.999999999932701
C:\Users\damba\.cache\kagglehub\datasets\sunnykusawa\ecommerce-products-image-dataset\versions\1\ecommerce products\jeans\121.jpg,jeans,exito,2.9656916758475202,6.463667578811294,9.998743536188684,9.802686575261825,9.999999999999533,9.99985362058782,-9.999999999999094
C:\Users\damba\.cache\kagglehub\datasets\sunnykusawa\ecommerce-products-image-dataset\versions\1\ecommerce products\jeans\122.jpg,jeans,exito,2.9656916758475202,6.463667578811294,9.998743536188684,9.802686575261825,9.999999999999533,9.99985362058782,-9.999999999999094
C:\Users\damba\.cache\kagglehub\datasets\sunnykusawa\ecommerce-products-image-dataset\versions\1\ecommerce products\jeans\123.jpg,jeans,exito,3.1335641714518965,7.063073261572009,9.93631126293623,9.9985293281635,-9.999999999999996,-9.999999669214075,-9.999999999999998
C:\Users\damba\.cache\kagglehub\datasets\sunnykusawa\ecommerce-products-image-dataset\versions\1\ecommerce products\jeans\124.jpg,jeans,exito,3.06787995233063,6.692419011898872,9.790063974821472,9.980200981040236,9.999999999999755,9.999992522043616,9.999999999999758
C:\Users\damba\.cache\kagglehub\datasets\sunnykusawa\ecommerce-products-image-dataset\versions\1\ecommerce products\jeans\125.jpg,jeans,exito,3.0836820639185927,6.837958149520719,9.825044034721055,9.986576664942298,9.999999999999856,9.999995502957304,-9.99999999999991
C:\Users\damba\.cache\kagglehub\datasets\sunnykusawa\ecommerce-products-image-dataset\versions\1\ecommerce products\jeans\126.jpg,jeans,exito,3.047827581254245,6.985438503500775,9.573154850891177,9.829532391406817,9.999999999981398,9.999933212469914,9.999999999997934
C:\Users\damba\.cache\kagglehub\datasets\sunnykusawa\ecommerce-products-image-dataset\versions\1\ecommerce products\jeans\127.jpg,jeans,exito,3.108384678576472,7.493231476199257,9.841348750104677,9.978541318065957,-9.99999999999974,-9.999996415653566,9.999999999999797
C:\Users\damba\.cache\kagglehub\datasets\sunnykusawa\ecommerce-products-image-dataset\versions\1\ecommerce products\jeans\128.jpg,jeans,exito,2.9853863838533816,6.408614669171503,9.750780853754556,9.766952472768844,9.999999999977115,9.999807499345597,9.999999999999968
C:\Users\damba\.cache\kagglehub\datasets\sunnykusawa\ecommerce-products-image-dataset\versions\1\ecommerce products\jeans\129.jpg,jeans,exito,2.9853863838533816,6.408614669171503,9.750780853754556,9.766952472768844,9.999999999977115,9.999807499345597,9.999999999999968
C:\Users\damba\.cache\kagglehub\datasets\sunnykusawa\ecommerce-products-image-dataset\versions\1\ecommerce products\jeans\13.jpg,jeans,exito,2.9615889567996847,6.304206722515184,9.680564342675064,9.726500500540627,9.99999999996281,9.999731827196294,-9.999999999999778
C:\Users\damba\.cache\kagglehub\datasets\sunnykusawa\ecommerce-products-image-dataset\versions\1\ecommerce products\jeans\130.jpg,jeans,exito,3.0139152401531666,6.407881665059944,9.874210433346938,9.838391701429998,9.999999999992474,9.999889044457072,9.999999999998817
C:\Users\damba\.cache\kagglehub\datasets\sunnykusawa\ecommerce-products-image-dataset\versions\1\ecommerce products\jeans\131.jpg,jeans,exito,2.9976511683375424,6.475446532868272,9.84974396611536,9.951276875063085,9.999999999999414,-9.99999395184359,-9.99999999999902
C:\Users\damba\.cache\kagglehub\datasets\sunnykusawa\ecommerce-products-image-dataset\versions\1\ecommerce products\jeans\132.jpg,jeans,exito,2.9937505206090265,6.503824633270165,9.684601739855472,9.824784634168118,9.99999999998478,9.999909156409547,-9.999999999996072
C:\Users\damba\.cache\kagglehub\datasets\sunnykusawa\ecommerce-products-image-dataset\versions\1\ecommerce products\jeans\133.jpg,jeans,exito,3.0400272819235985,7.070704272270813,9.631547397130003,9.864267219738338,-9.999999999990308,-9.999966192972284,-9.999999999994479
C:\Users\damba\.cache\kagglehub\datasets\sunnykusawa\ecommerce-products-image-dataset\versions\1\ecommerce products\jeans\134.jpg,jeans,exito,2.9875398343472392,6.365719904752813,9.84158454437162,9.823667739498315,9.999999999989788,9.999857322434748,9.99999999999994
C:\Users\damba\.cache\kagglehub\datasets\sunnykusawa\ecommerce-products-image-dataset\versions\1\ecommerce products\jeans\135.jpg,jeans,exito,2.9875398343472392,6.365719904752813,9.84158454437162,9.823667739498315,9.999999999989788,9.999857322434748,9.99999999999994
C:\Users\damba\.cache\kagglehub\datasets\sunnykusawa\ecommerce-products-image-dataset\versions\1\ecommerce products\jeans\136.jpg,jeans,exito,3.0361447766685177,6.493748027436613,9.905026793071226,9.892318466991066,9.99999999999698,9.999943093541633,9.999999999998925
C:\Users\damba\.cache\kagglehub\datasets\sunnykusawa\ecommerce-products-image-dataset\versions\1\ecommerce products\jeans\137.jpg,jeans,exito,2.9961505219589717,6.430474291285414,9.918983511258698,9.909250389375124,9.999999999997799,9.99996343731794,9.99999999999989
C:\Users\damba\.cache\kagglehub\datasets\sunnykusawa\ecommerce-products-image-dataset\versions\1\ecommerce products\jeans\138.jpg,jeans,exito,3.031208373175993,6.574742667483658,9.792158050465025,9.904588992204841,9.999999999995984,9.999971549312225,-9.999999999998979
C:\Users\damba\.cache\kagglehub\datasets\sunnykusawa\ecommerce-products-image-dataset\versions\1\ecommerce products\jeans\139.jpg,jeans,exito,3.0491894871995977,8.168757204025702,9.998331240693478,9.983689437855775,9.999999999999988,9.999998659725096,-9.999999999999984
C:\Users\damba\.cache\kagglehub\datasets\sunnykusawa\ecommerce-products-image-dataset\versions\1\ecommerce products\jeans\14.jpg,jeans,exito,2.9615889567996847,6.304206722515184,9.680564342675064,9.726500500540627,9.99999999996281,9.999731827196294,-9.999999999999778
C:\Users\damba\.cache\kagglehub\datasets\sunnykusawa\ecommerce-products-image-dataset\versions\1\ecommerce products\jeans\140.jpg,jeans,exito,3.0005534002404186,6.417154266749605,9.910703576347665,9.881572061103872,9.999999999996358,9.999915795541568,-9.999999999999911
C:\Users\damba\.cache\kagglehub\datasets\sunnykusawa\ecommerce-products-image-dataset\versions\1\ecommerce products\jeans\141.jpg,jeans,exito,3.0005534002404186,6.417154266749605,9.910703576347665,9.881572061103872,9.999999999996358,9.999915795541568,-9.999999999999911
C:\Users\damba\.cache\kagglehub\datasets\sunnykusawa\ecommerce-products-image-dataset\versions\1\ecommerce products\jeans\142.jpg,jeans,exito,3.090453663961323,6.845536541398042,9.871593884887693,9.958458011540436,9.999999999999222,9.99999585808366,-9.999999999999774
C:\Users\damba\.cache\kagglehub\datasets\sunnykusawa\ecommerce-products-image-dataset\versions\1\ecommerce products\jeans\143.jpg,jeans,exito,3.0641573352986295,6.9718720317886795,9.801048105893493,9.969070784106604,9.999999999999353,9.99999047430435,-9.99999999999985
C:\Users\damba\.cache\kagglehub\datasets\sunnykusawa\ecommerce-products-image-dataset\versions\1\ecommerce products\jeans\144.jpg,jeans,exito,3.0763933687146747,7.308735784396953,9.68455253719577,9.883438828930787,9.999999999992392,9.999974684171045,-9.999999999999064
C:\Users\damba\.cache\kagglehub\datasets\sunnykusawa\ecommerce-products-image-dataset\versions\1\ecommerce products\jeans\145.jpg,jeans,exito,2.9470697527336096,6.796648259470814,9.294217162898308,9.729830998987191,-9.999999999999142,-9.999901605738025,9.999999999929708
C:\Users\damba\.cache\kagglehub\datasets\sunnykusawa\ecommerce-products-image-dataset\versions\1\ecommerce products\jeans\146.jpg,jeans,exito,2.9293154036516817,6.20061294575581,9.664448355972016,9.67024943329446,9.999999999943181,9.999608414178303,-9.999999999999304
C:\Users\damba\.cache\kagglehub\datasets\sunnykusawa\ecommerce-products-image-dataset\versions\1\ecommerce products\jeans\147.jpg,jeans,exito,2.9293154036516817,6.20061294575581,9.664448355972016,9.67024943329446,9.999999999943181,9.999608414178303,-9.999999999999304
C:\Users\damba\.cache\kagglehub\datasets\sunnykusawa\ecommerce-products-image-dataset\versions\1\ecommerce products\jeans\148.jpg,jeans,exito,3.1005655641743073,6.909999505389998,9.951625174672444,9.984198852940848,9.999999999999908,-9.999998094259617,-9.999999999999947
C:\Users\damba\.cache\kagglehub\datasets\sunnykusawa\ecommerce-products-image-dataset\versions\1\ecommerce products\jeans\149.jpg,jeans,exito,2.958580805779379,6.376614484244241,9.257298743167238,9.814512074249699,9.99999999996416,9.999856503240704,-9.999999999997208
C:\Users\damba\.cache\kagglehub\datasets\sunnykusawa\ecommerce-products-image-dataset\versions\1\ecommerce products\jeans\15.jpg,jeans,exito,2.979590956746966,7.860712115135099,9.064546382791518,9.843909870595946,9.999999999970752,-9.999980255848074,9.999999999982476
C:\Users\damba\.cache\kagglehub\datasets\sunnykusawa\ecommerce-products-image-dataset\versions\1\ecommerce products\jeans\150.jpg,jeans,exito,3.0903059552688052,7.043044419623002,9.859308530723746,9.980133261849112,-9.999999999999853,-9.999993918123366,-9.99999999999977
C:\Users\damba\.cache\kagglehub\datasets\sunnykusawa\ecommerce-products-image-dataset\versions\1\ecommerce products\jeans\151.jpg,jeans,exito,2.88214026913075,6.372968674767747,9.936447046278925,9.931232469259584,9.999999999999739,9.999967580967176,-9.999999999998803
C:\Users\damba\.cache\kagglehub\datasets\sunnykusawa\ecommerce-products-image-dataset\versions\1\ecommerce products\jeans\152.jpg,jeans,exito,2.9688025994742655,6.36130911627296,9.982975337248359,9.875371961266667,9.999999999998339,9.999904813856656,9.99999999999991
C:\Users\damba\.cache\kagglehub\datasets\sunnykusawa\ecommerce-products-image-dataset\versions\1\ecommerce products\jeans\153.jpg,jeans,exito,2.9688025994742655,6.36130911627296,9.982975337248359,9.875371961266667,9.999999999998339,9.999904813856656,9.99999999999991
C:\Users\damba\.cache\kagglehub\datasets\sunnykusawa\ecommerce-products-image-dataset\versions\1\ecommerce products\jeans\154.jpg,jeans,exito,3.0733480589411637,7.366478028438443,9.977430864418748,9.986300327862928,9.999999999999943,9.999999080425283,9.999999999999998
C:\Users\damba\.cache\kagglehub\datasets\sunnykusawa\ecommerce-products-image-dataset\versions\1\ecommerce products\jeans\155.jpg,jeans,exito,2.93574462746319,6.893203390836527,9.435668691152381,9.935947173149307,-9.999999999995712,9.999979098550527,9.999999999998657
C:\Users\damba\.cache\kagglehub\datasets\sunnykusawa\ecommerce-products-image-dataset\versions\1\ecommerce products\jeans\156.jpg,jeans,exito,3.0074561622300604,7.25635905563384,9.793605007739766,9.987224471264426,9.999999999999826,9.999998917030355,-9.999999999999979
C:\Users\damba\.cache\kagglehub\datasets\sunnykusawa\ecommerce-products-image-dataset\versions\1\ecommerce products\jeans\157.jpg,jeans,exito,3.1793446813831556,8.243216889701431,9.995803817669573,9.999942340616547,10.0,-9.99999999794438,-10.0
C:\Users\damba\.cache\kagglehub\datasets\sunnykusawa\ecommerce-products-image-dataset\versions\1\ecommerce products\jeans\158.jpg,jeans,exito,2.9821536639201014,6.451758537308465,9.648507489305075,9.74188781284587,9.999999999964608,9.999790519909975,9.99999999999774
C:\Users\damba\.cache\kagglehub\datasets\sunnykusawa\ecommerce-products-image-dataset\versions\1\ecommerce products\jeans\159.jpg,jeans,exito,2.964265245385688,6.3615257550443465,9.999857483311343,9.88474491021202,-9.99999999999989,9.999912986392049,9.999999999999927
C:\Users\damba\.cache\kagglehub\datasets\sunnykusawa\ecommerce-products-image-dataset\versions\1\ecommerce products\jeans\16.jpg,jeans,exito,2.937798991213277,7.003329064046187,9.00819103024666,9.964175824677087,9.999999999998371,9.999989479701345,9.999999999997186
C:\Users\damba\.cache\kagglehub\datasets\sunnykusawa\ecommerce-products-image-dataset\versions\1\ecommerce products\jeans\160.jpg,jeans,exito,2.964265245385688,6.3615257550443465,9.999857483311343,9.88474491021202,-9.99999999999989,9.999912986392049,9.999999999999927
C:\Users\damba\.cache\kagglehub\datasets\sunnykusawa\ecommerce-products-image-dataset\versions\1\ecommerce products\jeans\161.jpg,jeans,exito,3.0124507212990075,6.573994474796431,9.726370225588138,9.79177247422349,9.999999999981538,9.999863892743221,9.999999999993321
C:\Users\damba\.cache\kagglehub\datasets\sunnykusawa\ecommerce-products-image-dataset\versions\1\ecommerce products\jeans\162.jpg,jeans,exito,2.992457003384852,7.016914120310732,9.649385499204747,9.976981519711945,-9.999999999999753,-9.9999968177699,9.999999999999437
C:\Users\damba\.cache\kagglehub\datasets\sunnykusawa\ecommerce-products-image-dataset\versions\1\ecommerce products\jeans\163.jpg,jeans,exito,3.00593743335246,6.4015398956432685,9.877731320513018,9.839685824040892,9.999999999993998,9.999878774823257,9.99999999999569
C:\Users\damba\.cache\kagglehub\datasets\sunnykusawa\ecommerce-products-image-dataset\versions\1\ecommerce products\jeans\164.jpg,jeans,exito,2.9806476484614968,6.50300057056064,9.999845089549751,9.84056727233867,-9.999999999999806,9.99989210425849,9.999999999999856
C:\Users\damba\.cache\kagglehub\datasets\sunnykusawa\ecommerce-products-image-dataset\versions\1\ecommerce products\jeans\165.jpg,jeans,exito,2.9806476484614968,6.50300057056064,9.999845089549751,9.84056727233867,-9.999999999999806,9.99989210425849,9.999999999999856
C:\Users\damba\.cache\kagglehub\datasets\sunnykusawa\ecommerce-products-image-dataset\versions\1\ecommerce products\jeans\166.jpg,jeans,exito,3.101396623253171,7.612308783689225,9.794479999394705,9.948427244296173,-9.999999999999542,-9.999998058916143,9.999999999998558
C:\Users\damba\.cache\kagglehub\datasets\sunnykusawa\ecommerce-products-image-dataset\versions\1\ecommerce products\jeans\167.jpg,jeans,exito,2.9451138711355815,6.210530997094163,9.862302303420256,9.885135342132939,9.999999999997291,9.999923992939534,9.999999999996508
C:\Users\damba\.cache\kagglehub\datasets\sunnykusawa\ecommerce-products-image-dataset\versions\1\ecommerce products\jeans\168.jpg,jeans,exito,2.959305342486962,6.779695826324242,9.856351351494277,9.822772347060301,-9.999999999990825,9.999917748989803,9.999999999996767
C:\Users\damba\.cache\kagglehub\datasets\sunnykusawa\ecommerce-products-image-dataset\versions\1\ecommerce products\jeans\169.jpg,jeans,exito,3.1064188924742706,7.847153282271992,9.96334169460264,9.970652053727797,9.999999999999808,-9.999997112929439,9.999999999999858
C:\Users\damba\.cache\kagglehub\datasets\sunnykusawa\ecommerce-products-image-dataset\versions\1\ecommerce products\jeans\17.jpg,jeans,exito,2.927741338478499,6.799870345325393,9.135988534007902,9.99367453810003,9.99999999999986,9.999998679496937,-9.999999999999865
C:\Users\damba\.cache\kagglehub\datasets\sunnykusawa\ecommerce-products-image-dataset\versions\1\ecommerce products\jeans\170.jpg,jeans,exito,2.9690271269533786,6.31790902816492,9.899734101197343,9.78676569710861,9.99999999998883,9.999809146297963,-9.999999999999895
C:\Users\damba\.cache\kagglehub\datasets\sunnykusawa\ecommerce-products-image-dataset\versions\1\ecommerce products\jeans\171.jpg,jeans,exito,2.9690271269533786,6.31790902816492,9.899734101197343,9.78676569710861,9.99999999998883,9.999809146297963,-9.999999999999895
C:\Users\damba\.cache\kagglehub\datasets\sunnykusawa\ecommerce-products-image-dataset\versions\1\ecommerce products\jeans\172.jpg,jeans,exito,3.094841031829666,7.043676481141555,9.89449718182003,9.982987083192274,9.999999999999929,-9.999995285104768,-9.999999999999833
C:\Users\damba\.cache\kagglehub\datasets\sunnykusawa\ecommerce-products-image-dataset\versions\1\ecommerce products\jeans\173.jpg,jeans,exito,3.0614691656935524,6.895634031029858,9.942354889702319,9.958485828886383,-9.9999999999997,-9.999986776744477,-9.999999999999575
C:\Users\damba\.cache\kagglehub\datasets\sunnykusawa\ecommerce-products-image-dataset\versions\1\ecommerce products\jeans\174.jpg,jeans,exito,3.0257598872575495,7.060551716336495,9.888292150616886,9.936537635182818,-9.99999999999856,-9.999984921123954,-9.999999999999721
C:\Users\damba\.cache\kagglehub\datasets\sunnykusawa\ecommerce-products-image-dataset\versions\1\ecommerce products\jeans\175.jpg,jeans,exito,2.947736972903707,6.8463078375835265,9.459027695679922,9.806866618791817,9.99999999998772,-9.999963790571673,9.999999999974131
C:\Users\damba\.cache\kagglehub\datasets\sunnykusawa\ecommerce-products-image-dataset\versions\1\ecommerce products\jeans\176.jpg,jeans,exito,3.1073855006274624,6.908699973621239,9.86691823486309,9.991558583688494,-9.999999999999977,-9.999999030211507,-9.999999999999932
C:\Users\damba\.cache\kagglehub\datasets\sunnykusawa\ecommerce-products-image-dataset\versions\1\ecommerce products\jeans\177.jpg,jeans,exito,3.1336383613415215,7.7724371686048945,9.941314314473322,9.984118720403186,9.999999999999929,-9.999999277104207,9.999999999999904
C:\Users\damba\.cache\kagglehub\datasets\sunnykusawa\ecommerce-products-image-dataset\versions\1\ecommerce products\jeans\178.jpg,jeans,exito,3.017638844032219,6.696378240975018,9.60752802052421,9.961603987364681,9.999999999998954,9.999982378926745,-9.999999999998954
C:\Users\damba\.cache\kagglehub\datasets\sunnykusawa\ecommerce-products-image-dataset\versions\1\ecommerce products\jeans\179.jpg,jeans,exito,3.0199011300177254,6.687284211201297,9.97196275625381,9.903999109506342,-9.999999999998622,9.999951321480244,-9.999999999999954
C:\Users\damba\.cache\kagglehub\datasets\sunnykusawa\ecommerce-products-image-dataset\versions\1\ecommerce products\jeans\18.jpg,jeans,exito,3.055580207224836,9.22180663302427,9.898552082222364,9.986610620511337,-9.999999999999961,-9.99999970763826,9.999999999999883
C:\Users\damba\.cache\kagglehub\datasets\sunnykusawa\ecommerce-products-image-dataset\versions\1\ecommerce products\jeans\180.jpg,jeans,exito,3.0199011300177254,6.687284211201297,9.97196275625381,9.903999109506342,-9.999999999998622,9.999951321480244,-9.999999999999954
C:\Users\damba\.cache\kagglehub\datasets\sunnykusawa\ecommerce-products-image-dataset\versions\1\ecommerce products\jeans\181.jpg,jeans,exito,3.103197333312421,6.816571465122241,9.971303380911234,9.990056369559316,9.99999999999996,9.999997160708121,10.0
C:\Users\damba\.cache\kagglehub\datasets\sunnykusawa\ecommerce-products-image-dataset\versions\1\ecommerce products\jeans\182.jpg,jeans,exito,2.9819929652856736,6.395744929846253,9.852027194169233,9.834368806233618,9.999999999991246,9.999872180783514,-9.999999999999998
C:\Users\damba\.cache\kagglehub\datasets\sunnykusawa\ecommerce-products-image-dataset\versions\1\ecommerce products\jeans\183.jpg,jeans,exito,2.9819929652856736,6.395744929846253,9.852027194169233,9.834368806233618,9.999999999991246,9.999872180783514,-9.999999999999998
C:\Users\damba\.cache\kagglehub\datasets\sunnykusawa\ecommerce-products-image-dataset\versions\1\ecommerce products\jeans\184.jpg,jeans,exito,3.0939132579199486,7.0595047821105705,9.766818944704108,9.980598725128182,9.999999999999819,-9.999994729284296,-9.999999999999691
C:\Users\damba\.cache\kagglehub\datasets\sunnykusawa\ecommerce-products-image-dataset\versions\1\ecommerce products\jeans\185.jpg,jeans,exito,3.0579718695663853,7.3731781558253395,9.583040877100377,9.951341553092709,9.999999999997875,9.999995215061553,9.999999999999254
C:\Users\damba\.cache\kagglehub\datasets\sunnykusawa\ecommerce-products-image-dataset\versions\1\ecommerce products\jeans\186.jpg,jeans,exito,3.0757016976611613,7.421680711876465,9.835113515754438,9.938921447770234,9.99999999999846,9.99999730337656,-9.999999999999208
C:\Users\damba\.cache\kagglehub\datasets\sunnykusawa\ecommerce-products-image-dataset\versions\1\ecommerce products\jeans\187.jpg,jeans,exito,3.0652995489596586,7.091198182188485,9.617172548915649,9.928026983163821,-9.999999999996144,-9.999977727326822,-9.99999999999913
C:\Users\damba\.cache\kagglehub\datasets\sunnykusawa\ecommerce-products-image-dataset\versions\1\ecommerce products\jeans\188.jpg,jeans,exito,2.8966491798331635,6.042591050813123,9.971472644781219,9.998295424046914,-10.0,9.999998857286,9.999999999999996
C:\Users\damba\.cache\kagglehub\datasets\sunnykusawa\ecommerce-products-image-dataset\versions\1\ecommerce products\jeans\189.jpg,jeans,exito,2.8966491798331635,6.042591050813123,9.971472644781219,9.998295424046914,-10.0,9.999998857286,9.999999999999996
C:\Users\damba\.cache\kagglehub\datasets\sunnykusawa\ecommerce-products-image-dataset\versions\1\ecommerce products\jeans\19.jpg,jeans,exito,2.961441347648953,6.406432908501888,9.998844994504351,9.827563917641514,-9.999999999999241,9.999867473700721,9.99999999999992
C:\Users\damba\.cache\kagglehub\datasets\sunnykusawa\ecommerce-products-image-dataset\versions\1\ecommerce products\jeans\190.jpg,jeans,exito,2.891767912485792,6.108420684537417,9.998256477627208,9.657750656265108,-9.999999999996394,9.999569292181086,-9.99999999999972
C:\Users\damba\.cache\kagglehub\datasets\sunnykusawa\ecommerce-products-image-dataset\versions\1\ecommerce products\jeans\191.jpg,jeans,exito,2.9227630924811803,6.134575963210271,9.836688515607356,9.803658485591566,9.999999999992538,9.99979127261555,9.999999999989749
C:\Users\damba\.cache\kagglehub\datasets\sunnykusawa\ecommerce-products-image-dataset\versions\1\ecommerce products\jeans\192.jpg,jeans,exito,2.9199633191648684,6.1418713959462865,9.638778859929221,9.714772113153728,9.999999999958094,9.99966161005251,9.999999999985759
C:\Users\damba\.cache\kagglehub\datasets\sunnykusawa\ecommerce-products-image-dataset\versions\1\ecommerce products\jeans\193.jpg,jeans,exito,3.1711932569920296,8.577579213466064,9.966341388156149,9.999118137764397,10.0,9.999999961731477,9.999999999999998
C:\Users\damba\.cache\kagglehub\datasets\sunnykusawa\ecommerce-products-image-dataset\versions\1\ecommerce products\jeans\194.jpg,jeans,exito,2.987096531598892,6.359593008777721,9.877913227981248,9.842007379682997,9.99999999999281,9.999874075498202,9.999999999999982
C:\Users\damba\.cache\kagglehub\datasets\sunnykusawa\ecommerce-products-image-dataset\versions\1\ecommerce products\jeans\195.jpg,jeans,exito,2.987096531598892,6.359593008777721,9.877913227981248,9.842007379682997,9.99999999999281,9.999874075498202,9.999999999999982
C:\Users\damba\.cache\kagglehub\datasets\sunnykusawa\ecommerce-products-image-dataset\versions\1\ecommerce products\jeans\196.jpg,jeans,exito,2.9812691297444465,7.4580362215040195,9.334803308597289,9.88935090376116,-9.99999999999568,9.999985209029438,9.999999999987816
C:\Users\damba\.cache\kagglehub\datasets\sunnykusawa\ecommerce-products-image-dataset\versions\1\ecommerce products\jeans\197.jpg,jeans,exito,2.9211191005621298,6.664349689571482,9.3613684836818,9.979305563733474,-9.999999999999867,-9.999990747863658,9.999999999999153
C:\Users\damba\.cache\kagglehub\datasets\sunnykusawa\ecommerce-products-image-dataset\versions\1\ecommerce products\jeans\198.jpg,jeans,exito,2.981139604772344,6.795999654262192,9.724804702886933,9.999724571530397,10.0,-9.999999949274805,10.0
C:\Users\damba\.cache\kagglehub\datasets\sunnykusawa\ecommerce-products-image-dataset\versions\1\ecommerce products\jeans\199.jpg,jeans,exito,3.1013828807779804,7.564433801282078,9.817483665685401,9.928549447678925,-9.999999999997684,-9.999991424455278,9.999999999999478
C:\Users\damba\.cache\kagglehub\datasets\sunnykusawa\ecommerce-products-image-dataset\versions\1\ecommerce products\jeans\2.jpg,jeans,exito,2.9915566782148018,6.379209222456007,9.845541404168623,9.81127128698077,9.99999999998861,9.999847296142695,-9.999999999999604
C:\Users\damba\.cache\kagglehub\datasets\sunnykusawa\ecommerce-products-image-dataset\versions\1\ecommerce products\jeans\20.jpg,jeans,exito,2.961441347648953,6.406432908501888,9.998844994504351,9.827563917641514,-9.999999999999241,9.999867473700721,9.99999999999992
C:\Users\damba\.cache\kagglehub\datasets\sunnykusawa\ecommerce-products-image-dataset\versions\1\ecommerce products\jeans\21.jpg,jeans,exito,3.051147872226857,6.656723188953487,9.93074765788236,9.923861664704418,9.999999999998723,-9.999994185238437,-9.999999999999186
C:\Users\damba\.cache\kagglehub\datasets\sunnykusawa\ecommerce-products-image-dataset\versions\1\ecommerce products\jeans\22.jpg,jeans,exito,3.1618287606800193,7.243474348733465,9.99978538231086,9.999962268789083,10.0,9.999999994730885,-10.0
C:\Users\damba\.cache\kagglehub\datasets\sunnykusawa\ecommerce-products-image-dataset\versions\1\ecommerce products\jeans\23.jpg,jeans,exito,3.1419468968141038,6.9325695238429255,9.988871104869686,9.99962934260558,10.0,9.999999873786535,-10.0
C:\Users\damba\.cache\kagglehub\datasets\sunnykusawa\ecommerce-products-image-dataset\versions\1\ecommerce products\jeans\24.jpg,jeans,exito,3.10239103182303,7.379200193846733,9.897148834981385,9.957828567774822,9.999999999999634,-9.99999374264644,9.999999999999368
C:\Users\damba\.cache\kagglehub\datasets\sunnykusawa\ecommerce-products-image-dataset\versions\1\ecommerce products\jeans\25.jpg,jeans,exito,2.9675841739488846,6.315847872091279,9.721414451522353,9.739470001731844,9.999999999969313,9.999751973094078,-9.999999999999597
C:\Users\damba\.cache\kagglehub\datasets\sunnykusawa\ecommerce-products-image-dataset\versions\1\ecommerce products\jeans\26.jpg,jeans,exito,2.9675841739488846,6.315847872091279,9.721414451522353,9.739470001731844,9.999999999969313,9.999751973094078,-9.999999999999597
C:\Users\damba\.cache\kagglehub\datasets\sunnykusawa\ecommerce-products-image-dataset\versions\1\ecommerce products\jeans\27.jpg,jeans,exito,2.9837313321622863,6.372038731303706,9.978059572252148,9.877272835024002,9.99999999999865,9.999917110062054,9.999999999998742
C:\Users\damba\.cache\kagglehub\datasets\sunnykusawa\ecommerce-products-image-dataset\versions\1\ecommerce products\jeans\28.jpg,jeans,exito,2.8899963220047624,6.1139721688642386,9.952019906478892,9.837781728477136,-9.999999999995493,9.9998380497528,-9.999999999999604
C:\Users\damba\.cache\kagglehub\datasets\sunnykusawa\ecommerce-products-image-dataset\versions\1\ecommerce products\jeans\29.jpg,jeans,exito,2.9002884759943894,6.178179979957462,9.66735106213139,9.5769073301385,9.999999999910562,9.99941906112841,9.999999999958325
C:\Users\damba\.cache\kagglehub\datasets\sunnykusawa\ecommerce-products-image-dataset\versions\1\ecommerce products\jeans\3.jpg,jeans,exito,2.944441707450811,7.258711593919923,8.896899319337603,9.888140418009845,9.999999999976566,9.999970149048623,-9.999999999996934
C:\Users\damba\.cache\kagglehub\datasets\sunnykusawa\ecommerce-products-image-dataset\versions\1\ecommerce products\jeans\30.jpg,jeans,exito,3.126277452665456,7.605529514449642,9.93624722317991,9.986807013577561,9.999999999999968,-9.999998600319556,-9.999999999999913
C:\Users\damba\.cache\kagglehub\datasets\sunnykusawa\ecommerce-products-image-dataset\versions\1\ecommerce products\jeans\31.jpg,jeans,exito,3.0078813098936856,6.507088145850473,9.874947745018986,9.87161298258216,9.99999999999494,9.99991670703303,-9.999999999999984
C:\Users\damba\.cache\kagglehub\datasets\sunnykusawa\ecommerce-products-image-dataset\versions\1\ecommerce products\jeans\32.jpg,jeans,exito,3.0078813098936856,6.507088145850473,9.874947745018986,9.87161298258216,9.99999999999494,9.99991670703303,-9.999999999999984
C:\Users\damba\.cache\kagglehub\datasets\sunnykusawa\ecommerce-products-image-dataset\versions\1\ecommerce products\jeans\33.jpg,jeans,exito,3.061718061169543,6.696046731447847,9.97699564751806,9.912941752287885,9.999999999998959,9.999978728495362,-9.999999999999806
C:\Users\damba\.cache\kagglehub\datasets\sunnykusawa\ecommerce-products-image-dataset\versions\1\ecommerce products\jeans\34.jpg,jeans,exito,3.0463216159288105,6.6583588758282986,9.77158138458745,9.953462607747776,9.999999999998908,9.999984769885758,-9.999999999999165
C:\Users\damba\.cache\kagglehub\datasets\sunnykusawa\ecommerce-products-image-dataset\versions\1\ecommerce products\jeans\35.jpg,jeans,exito,3.0372557624504672,6.895575144783189,9.608031669340956,9.864346292472076,9.999999999988416,9.99994403189623,-9.999999999998556
C:\Users\damba\.cache\kagglehub\datasets\sunnykusawa\ecommerce-products-image-dataset\versions\1\ecommerce products\jeans\36.jpg,jeans,exito,3.0898695824076388,7.6692386551161915,9.866238082396833,9.959009599663291,9.99999999999983,-9.999997346222225,9.999999999999206
C:\Users\damba\.cache\kagglehub\datasets\sunnykusawa\ecommerce-products-image-dataset\versions\1\ecommerce products\jeans\37.jpg,jeans,exito,3.0173764993288215,6.547463483711913,9.909828676583063,9.87870454013619,9.999999999996186,9.999925517010562,9.999999999999918
C:\Users\damba\.cache\kagglehub\datasets\sunnykusawa\ecommerce-products-image-dataset\versions\1\ecommerce products\jeans\38.jpg,jeans,exito,3.0173764993288215,6.547463483711913,9.909828676583063,9.87870454013619,9.999999999996186,9.999925517010562,9.999999999999918
C:\Users\damba\.cache\kagglehub\datasets\sunnykusawa\ecommerce-products-image-dataset\versions\1\ecommerce products\jeans\39.jpg,jeans,exito,3.0677754273583835,6.576318854781122,9.934637281368934,9.960901722124191,9.9999999999995,9.99997999463174,-9.999999999999915
C:\Users\damba\.cache\kagglehub\datasets\sunnykusawa\ecommerce-products-image-dataset\versions\1\ecommerce products\jeans\4.jpg,jeans,exito,2.9674479986275415,7.410544551403669,8.97860990269642,9.839238080049906,9.999999999959872,9.999961957649107,9.999999999998783
C:\Users\damba\.cache\kagglehub\datasets\sunnykusawa\ecommerce-products-image-dataset\versions\1\ecommerce products\jeans\40.jpg,jeans,exito,3.0500295302359355,6.675395368975522,9.90300424753279,9.976969947007271,9.999999999999751,9.99999232105119,-9.999999999999881
C:\Users\damba\.cache\kagglehub\datasets\sunnykusawa\ecommerce-products-image-dataset\versions\1\ecommerce products\jeans\41.jpg,jeans,exito,3.02783021920178,6.827262612357107,9.66357380014655,9.869855475347006,9.999999999990578,9.999943477754925,-9.999999999997685
C:\Users\damba\.cache\kagglehub\datasets\sunnykusawa\ecommerce-products-image-dataset\versions\1\ecommerce products\jeans\42.jpg,jeans,exito,3.0994712413806016,7.72131960849439,9.885502783084224,9.971116722809981,9.999999999999813,-9.999998134333266,9.999999999999613
C:\Users\damba\.cache\kagglehub\datasets\sunnykusawa\ecommerce-products-image-dataset\versions\1\ecommerce products\jeans\43.jpg,jeans,exito,3.0080913943136074,6.4912385328043305,9.898566403642421,9.879558590112572,9.999999999995975,9.999921178401268,-9.99999999999994
C:\Users\damba\.cache\kagglehub\datasets\sunnykusawa\ecommerce-products-image-dataset\versions\1\ecommerce products\jeans\44.jpg,jeans,exito,3.0080913943136074,6.4912385328043305,9.898566403642421,9.879558590112572,9.999999999995975,9.999921178401268,-9.99999999999994
C:\Users\damba\.cache\kagglehub\datasets\sunnykusawa\ecommerce-products-image-dataset\versions\1\ecommerce products\jeans\45.jpg,jeans,exito,3.064772362822553,6.727571799492827,9.75233911546743,9.97821123025628,9.999999999999968,-9.99999120805283,-9.999999999999558
C:\Users\damba\.cache\kagglehub\datasets\sunnykusawa\ecommerce-products-image-dataset\versions\1\ecommerce products\jeans\46.jpg,jeans,exito,2.973116800259783,6.8894234495541165,9.785949076971598,9.969110627606655,-9.999999999999858,9.999988651597247,-9.999999999999321
C:\Users\damba\.cache\kagglehub\datasets\sunnykusawa\ecommerce-products-image-dataset\versions\1\ecommerce products\jeans\47.jpg,jeans,exito,3.0038680952784285,6.942895572853298,9.848377997592964,9.961381272749822,-9.99999999999988,9.999989125992052,9.999999999999213
C:\Users\damba\.cache\kagglehub\datasets\sunnykusawa\ecommerce-products-image-dataset\versions\1\ecommerce products\jeans\48.jpg,jeans,exito,3.179706814325691,9.41232526836778,9.999476084997735,9.999969797695366,10.0,-9.999999999507594,-10.0
C:\Users\damba\.cache\kagglehub\datasets\sunnykusawa\ecommerce-products-image-dataset\versions\1\ecommerce products\jeans\49.jpg,jeans,exito,2.988778071251012,6.504201252010884,9.99818849168009,9.836522688230795,9.999999999999154,9.999889061348485,9.999999999999805
C:\Users\damba\.cache\kagglehub\datasets\sunnykusawa\ecommerce-products-image-dataset\versions\1\ecommerce products\jeans\5.jpg,jeans,exito,2.9516843602396765,7.07663908241691,8.993305786717894,9.8842456403709,9.999999999978604,9.999961987599821,-9.999999999994152
C:\Users\damba\.cache\kagglehub\datasets\sunnykusawa\ecommerce-products-image-dataset\versions\1\ecommerce products\jeans\50.jpg,jeans,exito,2.988778071251012,6.504201252010884,9.99818849168009,9.836522688230795,9.999999999999154,9.999889061348485,9.999999999999805
C:\Users\damba\.cache\kagglehub\datasets\sunnykusawa\ecommerce-products-image-dataset\versions\1\ecommerce products\jeans\51.jpg,jeans,exito,3.1073677172484486,6.81722855457938,9.96343381087457,9.986153969746766,9.999999999999966,-9.999998634853034,-9.999999999999932
C:\Users\damba\.cache\kagglehub\datasets\sunnykusawa\ecommerce-products-image-dataset\versions\1\ecommerce products\jeans\52.jpg,jeans,exito,3.0571109894902158,6.965925309777967,9.856317501857426,9.992910856626038,9.999999999999945,9.999998117905168,-9.999999999999986
C:\Users\damba\.cache\kagglehub\datasets\sunnykusawa\ecommerce-products-image-dataset\versions\1\ecommerce products\jeans\53.jpg,jeans,exito,2.9905081280108203,6.548644747122187,9.63477381324428,9.99848003834656,9.999999999999991,9.999999272369992,9.999999999999996
C:\Users\damba\.cache\kagglehub\datasets\sunnykusawa\ecommerce-products-image-dataset\versions\1\ecommerce products\jeans\54.jpg,jeans,exito,3.1810218210993826,8.836362194912203,9.993031634729988,9.999975107625952,-10.0,-9.999999999185732,-10.0
C:\Users\damba\.cache\kagglehub\datasets\sunnykusawa\ecommerce-products-image-dataset\versions\1\ecommerce products\jeans\55.jpg,jeans,exito,2.970773814748163,6.231726930384038,9.671493469604629,9.775039114240128,9.999999999974182,9.999774365407228,-9.999999999999877
C:\Users\damba\.cache\kagglehub\datasets\sunnykusawa\ecommerce-products-image-dataset\versions\1\ecommerce products\jeans\56.jpg,jeans,exito,2.970773814748163,6.231726930384038,9.671493469604629,9.775039114240128,9.999999999974182,9.999774365407228,-9.999999999999877
C:\Users\damba\.cache\kagglehub\datasets\sunnykusawa\ecommerce-products-image-dataset\versions\1\ecommerce products\jeans\57.jpg,jeans,exito,3.049354477590297,6.691597901925016,9.995243020727049,9.922450726775256,9.999999999999636,9.99997090588207,9.999999999999849
C:\Users\damba\.cache\kagglehub\datasets\sunnykusawa\ecommerce-products-image-dataset\versions\1\ecommerce products\jeans\58.jpg,jeans,exito,2.894909969497994,5.993140734965354,9.658607821235117,9.723366572284352,9.99999999996124,9.999619270508857,9.9999999999905
C:\Users\damba\.cache\kagglehub\datasets\sunnykusawa\ecommerce-products-image-dataset\versions\1\ecommerce products\jeans\59.jpg,jeans,exito,2.898939505948658,6.13168513442402,9.576159210996007,9.536303143053319,9.999999999871097,9.999323838011795,9.999999999928786
C:\Users\damba\.cache\kagglehub\datasets\sunnykusawa\ecommerce-products-image-dataset\versions\1\ecommerce products\jeans\6.jpg,jeans,exito,2.875789358364986,7.019460554193706,9.974180245808121,9.968780292334623,9.999999999999876,9.999993442251979,-9.99999999999982
C:\Users\damba\.cache\kagglehub\datasets\sunnykusawa\ecommerce-products-image-dataset\versions\1\ecommerce products\jeans\60.jpg,jeans,exito,3.1546460094415787,8.53951135219434,9.997242105665066,9.999899704557722,-10.0,-9.999999995338205,-10.0
C:\Users\damba\.cache\kagglehub\datasets\sunnykusawa\ecommerce-products-image-dataset\versions\1\ecommerce products\jeans\61.jpg,jeans,exito,2.964900556033942,6.249126239975028,9.726907904695205,9.794542015024112,9.999999999980886,9.999803180820575,-9.999999999999565
C:\Users\damba\.cache\kagglehub\datasets\sunnykusawa\ecommerce-products-image-dataset\versions\1\ecommerce products\jeans\62.jpg,jeans,exito,2.964900556033942,6.249126239975028,9.726907904695205,9.794542015024112,9.999999999980886,9.999803180820575,-9.999999999999565
C:\Users\damba\.cache\kagglehub\datasets\sunnykusawa\ecommerce-products-image-dataset\versions\1\ecommerce products\jeans\63.jpg,jeans,exito,3.052599402794157,6.6550755236903,9.953555954542429,9.986306016757782,9.999999999999925,-9.999997965058606,-9.999999999999961
C:\Users\damba\.cache\kagglehub\datasets\sunnykusawa\ecommerce-products-image-dataset\versions\1\ecommerce products\jeans\64.jpg,jeans,exito,3.010516239634989,6.4948510728583795,9.550651254020702,9.811826986328407,9.999999999976703,9.999867949830385,9.999999999998268
C:\Users\damba\.cache\kagglehub\datasets\sunnykusawa\ecommerce-products-image-dataset\versions\1\ecommerce products\jeans\65.jpg,jeans,exito,2.9346031520558333,6.455482401135295,9.789230631899617,9.849115610386736,-9.999999999990871,9.999899605971635,9.999999999998938
C:\Users\damba\.cache\kagglehub\datasets\sunnykusawa\ecommerce-products-image-dataset\versions\1\ecommerce products\jeans\66.jpg,jeans,exito,3.110122744299064,7.412231165851672,9.991767655551868,9.989889339145963,9.999999999999979,-9.999998457776615,-9.999999999999995
C:\Users\damba\.cache\kagglehub\datasets\sunnykusawa\ecommerce-products-image-dataset\versions\1\ecommerce products\jeans\67.jpg,jeans,exito,2.973093034455657,6.212313336825611,9.979829563802326,9.999486366500005,-10.0,9.999999600844655,10.0
C:\Users\damba\.cache\kagglehub\datasets\sunnykusawa\ecommerce-products-image-dataset\versions\1\ecommerce products\jeans\68.jpg,jeans,exito,2.973093034455657,6.212313336825611,9.979829563802326,9.999486366500005,-10.0,9.999999600844655,10.0
C:\Users\damba\.cache\kagglehub\datasets\sunnykusawa\ecommerce-products-image-dataset\versions\1\ecommerce products\jeans\69.jpg,jeans,exito,3.075808293209233,6.908750614205026,9.655443319365173,9.990575962905561,-9.999999999999943,-9.999996656918972,-9.999999999999856
C:\Users\damba\.cache\kagglehub\datasets\sunnykusawa\ecommerce-products-image-dataset\versions\1\ecommerce products\jeans\7.jpg,jeans,exito,2.9578154582028,6.4014992172036855,9.998101507971933,9.833536333575456,-9.99999999999984,9.999872718754107,-9.999999999999096
C:\Users\damba\.cache\kagglehub\datasets\sunnykusawa\ecommerce-products-image-dataset\versions\1\ecommerce products\jeans\70.jpg,jeans,exito,2.933303577025768,6.192272208111148,9.704880717093072,9.992302636971742,-9.999999999999952,9.999997096536333,-9.99999999999991
C:\Users\damba\.cache\kagglehub\datasets\sunnykusawa\ecommerce-products-image-dataset\versions\1\ecommerce products\jeans\71.jpg,jeans,exito,3.074155665475656,6.850510449518233,9.776623636106015,9.980257612881568,9.999999999999988,9.999999430663943,9.999999999999643
C:\Users\damba\.cache\kagglehub\datasets\sunnykusawa\ecommerce-products-image-dataset\versions\1\ecommerce products\jeans\72.jpg,jeans,exito,3.1209140500455956,7.332119333234761,9.938442864326047,9.993862159357937,9.999999999999991,-9.999999475321923,-9.999999999999972
C:\Users\damba\.cache\kagglehub\datasets\sunnykusawa\ecommerce-products-image-dataset\versions\1\ecommerce products\jeans\73.jpg,jeans,exito,2.996313859082126,6.276340220464333,9.769463346446134,9.8713621052328,9.999999999992646,9.999891315509684,9.999999999999835
C:\Users\damba\.cache\kagglehub\datasets\sunnykusawa\ecommerce-products-image-dataset\versions\1\ecommerce products\jeans\74.jpg,jeans,exito,2.996313859082126,6.276340220464333,9.769463346446134,9.8713621052328,9.999999999992646,9.999891315509684,9.999999999999835
C:\Users\damba\.cache\kagglehub\datasets\sunnykusawa\ecommerce-products-image-dataset\versions\1\ecommerce products\jeans\75.jpg,jeans,exito,3.0439122541370716,6.712783962899297,9.819675344547848,9.96735182948149,9.999999999999385,9.999996821697724,9.99999999999971
C:\Users\damba\.cache\kagglehub\datasets\sunnykusawa\ecommerce-products-image-dataset\versions\1\ecommerce products\jeans\76.jpg,jeans,exito,2.9505750563858184,6.2911729437900705,9.570538187274206,9.801222898661878,9.999999999978385,9.99981998279693,9.999999999987532
C:\Users\damba\.cache\kagglehub\datasets\sunnykusawa\ecommerce-products-image-dataset\versions\1\ecommerce products\jeans\77.jpg,jeans,exito,3.014379876409887,6.71438871642796,9.80149297481211,9.985072127797359,9.999999999999803,9.999999274970607,9.999999999999913
C:\Users\damba\.cache\kagglehub\datasets\sunnykusawa\ecommerce-products-image-dataset\versions\1\ecommerce products\jeans\78.jpg,jeans,exito,3.161147261700489,8.147588710369442,9.997823990621361,9.999671164970929,10.0,-9.999999979669289,-10.0
C:\Users\damba\.cache\kagglehub\datasets\sunnykusawa\ecommerce-products-image-dataset\versions\1\ecommerce products\jeans\79.jpg,jeans,exito,2.971586062713746,6.206413103035647,9.750626598482537,9.814175547222787,9.999999999985075,9.99981719417186,-9.99999999999992
C:\Users\damba\.cache\kagglehub\datasets\sunnykusawa\ecommerce-products-image-dataset\versions\1\ecommerce products\jeans\8.jpg,jeans,exito,2.9578154582028,6.4014992172036855,9.998101507971933,9.833536333575456,-9.99999999999984,9.999872718754107,-9.999999999999096
C:\Users\damba\.cache\kagglehub\datasets\sunnykusawa\ecommerce-products-image-dataset\versions\1\ecommerce products\jeans\80.jpg,jeans,exito,2.971586062713746,6.206413103035647,9.750626598482537,9.814175547222787,9.999999999985075,9.99981719417186,-9.99999999999992
C:\Users\damba\.cache\kagglehub\datasets\sunnykusawa\ecommerce-products-image-dataset\versions\1\ecommerce products\jeans\81.jpg,jeans,exito,3.0362097390113383,6.640161397457631,9.985608912245448,9.933933560909749,9.99999999999949,9.999974730211568,-9.999999999999853
C:\Users\damba\.cache\kagglehub\datasets\sunnykusawa\ecommerce-products-image-dataset\versions\1\ecommerce products\jeans\82.jpg,jeans,exito,2.9760540826585995,6.375427127855999,9.829674174200854,9.983939820191297,9.999999999999792,9.999992781326672,9.999999999999929
C:\Users\damba\.cache\kagglehub\datasets\sunnykusawa\ecommerce-products-image-dataset\versions\1\ecommerce products\jeans\83.jpg,jeans,exito,3.0047162076552665,6.749899056611453,9.797852367212938,9.956225509031222,9.999999999999071,9.999989775118896,9.999999999999314
C:\Users\damba\.cache\kagglehub\datasets\sunnykusawa\ecommerce-products-image-dataset\versions\1\ecommerce products\jeans\84.jpg,jeans,exito,3.129533976723792,7.8448263091082975,9.917608411916525,9.993722931923028,-9.999999999999972,-9.999999246918156,-9.999999999999979
C:\Users\damba\.cache\kagglehub\datasets\sunnykusawa\ecommerce-products-image-dataset\versions\1\ecommerce products\jeans\85.jpg,jeans,exito,2.919850619473184,6.158981478222912,9.637686395954704,9.589844209519494,9.999999999902355,9.999432298796481,-9.999999999998995
C:\Users\damba\.cache\kagglehub\datasets\sunnykusawa\ecommerce-products-image-dataset\versions\1\ecommerce products\jeans\86.jpg,jeans,exito,2.919850619473184,6.158981478222912,9.637686395954704,9.589844209519494,9.999999999902355,9.999432298796481,-9.999999999998995
C:\Users\damba\.cache\kagglehub\datasets\sunnykusawa\ecommerce-products-image-dataset\versions\1\ecommerce products\jeans\87.jpg,jeans,exito,2.9997197033387226,6.35870243037112,9.866107332102924,9.837234640913685,9.99999999999207,9.999878389110826,9.999999999998936
C:\Users\damba\.cache\kagglehub\datasets\sunnykusawa\ecommerce-products-image-dataset\versions\1\ecommerce products\jeans\88.jpg,jeans,exito,2.9419150021886806,6.30779331039851,9.884932727034956,9.883735208578033,9.999999999996533,9.99992647127434,9.999999999997872
C:\Users\damba\.cache\kagglehub\datasets\sunnykusawa\ecommerce-products-image-dataset\versions\1\ecommerce products\jeans\89.jpg,jeans,exito,2.9838701410356205,6.422034787494183,9.71935129868422,9.822312709495076,9.999999999985253,9.99989262071504,-9.999999999998046
C:\Users\damba\.cache\kagglehub\datasets\sunnykusawa\ecommerce-products-image-dataset\versions\1\ecommerce products\jeans\9.jpg,jeans,exito,2.934657995814776,7.248880803833131,8.884530802071883,9.920900519837165,9.999999999989196,9.999981941220563,-9.999999999991974
C:\Users\damba\.cache\kagglehub\datasets\sunnykusawa\ecommerce-products-image-dataset\versions\1\ecommerce products\jeans\90.jpg,jeans,exito,3.066731500044112,7.043097286797132,9.800059112281213,9.945766097740899,-9.999999999998828,-9.999983423505777,9.999999999998895
C:\Users\damba\.cache\kagglehub\datasets\sunnykusawa\ecommerce-products-image-dataset\versions\1\ecommerce products\jeans\91.jpg,jeans,exito,2.972709400732742,6.324337670979922,9.777225733626459,9.765263985268883,9.999999999978423,9.99978580766164,-9.999999999999702
C:\Users\damba\.cache\kagglehub\datasets\sunnykusawa\ecommerce-products-image-dataset\versions\1\ecommerce products\jeans\92.jpg,jeans,exito,2.972709400732742,6.324337670979922,9.777225733626459,9.765263985268883,9.999999999978423,9.99978580766164,-9.999999999999702
C:\Users\damba\.cache\kagglehub\datasets\sunnykusawa\ecommerce-products-image-dataset\versions\1\ecommerce products\jeans\93.jpg,jeans,exito,2.9913025314636488,6.298064523164463,9.808305218692423,9.800527430139425,9.9999999999856,9.999822182239633,9.99999999999991
C:\Users\damba\.cache\kagglehub\datasets\sunnykusawa\ecommerce-products-image-dataset\versions\1\ecommerce products\jeans\94.jpg,jeans,exito,3.0051969588107363,6.3981010893175325,9.902993865986282,9.956055953270772,9.999999999999282,9.999991404560573,-9.999999999999766
C:\Users\damba\.cache\kagglehub\datasets\sunnykusawa\ecommerce-products-image-dataset\versions\1\ecommerce products\jeans\95.jpg,jeans,exito,3.0255006636696775,6.559576836911537,9.732879451830241,9.843503827610062,9.999999999988793,9.999925271904887,-9.999999999997705
C:\Users\damba\.cache\kagglehub\datasets\sunnykusawa\ecommerce-products-image-dataset\versions\1\ecommerce products\jeans\96.jpg,jeans,exito,3.036062187687205,7.092950794288993,9.690980225920503,9.847153870417106,-9.999999999993266,-9.999949094053092,9.999999999989926
C:\Users\damba\.cache\kagglehub\datasets\sunnykusawa\ecommerce-products-image-dataset\versions\1\ecommerce products\jeans\97.jpg,jeans,exito,2.973309957424304,6.341211190048796,9.747228221642782,9.754280511516292,9.999999999974396,9.999777070699487,-9.999999999999403
C:\Users\damba\.cache\kagglehub\datasets\sunnykusawa\ecommerce-products-image-dataset\versions\1\ecommerce products\jeans\98.jpg,jeans,exito,2.973309957424304,6.341211190048796,9.747228221642782,9.754280511516292,9.999999999974396,9.999777070699487,-9.999999999999403
C:\Users\damba\.cache\kagglehub\datasets\sunnykusawa\ecommerce-products-image-dataset\versions\1\ecommerce products\jeans\99.jpg,jeans,exito,2.959618616616655,6.262189964781501,9.906807359669173,9.68189281858223,9.99999999997704,9.999655227352516,9.99999999999353
C:\Users\damba\.cache\kagglehub\datasets\sunnykusawa\ecommerce-products-image-dataset\versions\1\ecommerce products\sofa\1.jpg,sofa,exito,3.0681719318249683,6.494808079563045,9.947731978266761,9.987722169857292,9.999999999999925,9.999993164497791,9.99999999999999
C:\Users\damba\.cache\kagglehub\datasets\sunnykusawa\ecommerce-products-image-dataset\versions\1\ecommerce products\sofa\10.jpg,sofa,exito,2.9293946047411032,6.013328482088607,9.789998461933447,9.875760715544448,9.999999999993474,9.99985845292565,9.999999999999948
C:\Users\damba\.cache\kagglehub\datasets\sunnykusawa\ecommerce-products-image-dataset\versions\1\ecommerce products\sofa\100.jpg,sofa,exito,3.0788306579631834,6.5372085300028875,9.958608663791361,9.99272311350746,9.99999999999997,9.999996171513011,-9.999999999999995
C:\Users\damba\.cache\kagglehub\datasets\sunnykusawa\ecommerce-products-image-dataset\versions\1\ecommerce products\sofa\101.jpg,sofa,exito,3.013113103140596,6.273545427251271,9.93608019148392,9.980783415478117,9.999999999999842,9.999987667191549,9.999999999999948
C:\Users\damba\.cache\kagglehub\datasets\sunnykusawa\ecommerce-products-image-dataset\versions\1\ecommerce products\sofa\102.jpg,sofa,exito,3.008145076001131,6.267964906663856,9.892705271794272,9.972678796523864,9.99999999999964,9.999981420597539,9.99999999999988
C:\Users\damba\.cache\kagglehub\datasets\sunnykusawa\ecommerce-products-image-dataset\versions\1\ecommerce products\sofa\103.jpg,sofa,exito,2.776326894989958,5.628910029290795,9.888609219220202,9.98483541309496,-9.99999999999986,-9.999977935971954,9.999999999999927
C:\Users\damba\.cache\kagglehub\datasets\sunnykusawa\ecommerce-products-image-dataset\versions\1\ecommerce products\sofa\104.jpg,sofa,exito,2.8865853076520507,5.90507316215642,9.813504254274752,9.950721353886419,9.999999999999135,9.999984299737019,-9.999999999998996
C:\Users\damba\.cache\kagglehub\datasets\sunnykusawa\ecommerce-products-image-dataset\versions\1\ecommerce products\sofa\105.jpg,sofa,exito,3.0457922346439754,6.40537114910502,9.906077195873094,9.978224566797754,9.999999999999776,9.999988380786748,-9.999999999999892
C:\Users\damba\.cache\kagglehub\datasets\sunnykusawa\ecommerce-products-image-dataset\versions\1\ecommerce products\sofa\106.jpg,sofa,exito,3.037064669778872,6.365783238839435,9.894215863695369,9.972988550979201,9.999999999999641,9.999983665625894,-9.999999999999906
C:\Users\damba\.cache\kagglehub\datasets\sunnykusawa\ecommerce-products-image-dataset\versions\1\ecommerce products\sofa\107.jpg,sofa,exito,3.00732486418066,6.290640105908289,9.823076559617466,9.94916797618054,9.999999999999012,9.999977501342366,9.999999999999083
C:\Users\damba\.cache\kagglehub\datasets\sunnykusawa\ecommerce-products-image-dataset\versions\1\ecommerce products\sofa\108.jpg,sofa,exito,2.950878368824736,6.1153179044204204,9.6690929771802,9.861453012168269,9.999999999990527,9.999883084880121,9.999999999995042
C:\Users\damba\.cache\kagglehub\datasets\sunnykusawa\ecommerce-products-image-dataset\versions\1\ecommerce products\sofa\109.jpg,sofa,exito,3.012249300362335,6.293568090373074,9.7384441107435,9.904047899748734,9.999999999995167,9.999923852496176,9.999999999999565
C:\Users\damba\.cache\kagglehub\datasets\sunnykusawa\ecommerce-products-image-dataset\versions\1\ecommerce products\sofa\11.jpg,sofa,exito,2.902941041289923,5.945331916337407,9.823280748294552,9.944421680497836,9.9999999999987,9.999967738834231,9.999999999999151
C:\Users\damba\.cache\kagglehub\datasets\sunnykusawa\ecommerce-products-image-dataset\versions\1\ecommerce products\sofa\110.jpg,sofa,exito,2.998980281582659,6.2426600963671195,9.756821825197523,9.903573109956435,9.999999999995355,9.999918777789677,9.999999999999588
C:\Users\damba\.cache\kagglehub\datasets\sunnykusawa\ecommerce-products-image-dataset\versions\1\ecommerce products\sofa\111.jpg,sofa,exito,3.0016534532356514,6.236063352300983,9.93253722336461,9.989451994962542,9.99999999999997,9.999998622058078,9.99999999999994
C:\Users\damba\.cache\kagglehub\datasets\sunnykusawa\ecommerce-products-image-dataset\versions\1\ecommerce products\sofa\112.jpg,sofa,exito,2.990693823980655,6.199372183212528,9.935751063930198,9.981222766460544,9.999999999999845,9.999986374213533,9.999999999999957
C:\Users\damba\.cache\kagglehub\datasets\sunnykusawa\ecommerce-products-image-dataset\versions\1\ecommerce products\sofa\113.jpg,sofa,exito,2.9149102485773906,5.972465777517221,9.90392813214743,9.956441188892516,9.999999999999261,9.999953642628851,-9.999999999999943
C:\Users\damba\.cache\kagglehub\datasets\sunnykusawa\ecommerce-products-image-dataset\versions\1\ecommerce products\sofa\114.jpg,sofa,exito,2.993011886910842,6.207583546803936,9.887985991652492,9.963399573770195,9.999999999999394,9.999971456732963,-9.999999999999902
C:\Users\damba\.cache\kagglehub\datasets\sunnykusawa\ecommerce-products-image-dataset\versions\1\ecommerce products\sofa\115.jpg,sofa,exito,3.0264268718497265,6.328769846631564,9.932463556409095,9.983624284767172,9.999999999999872,9.999990489029193,9.99999999999996
C:\Users\damba\.cache\kagglehub\datasets\sunnykusawa\ecommerce-products-image-dataset\versions\1\ecommerce products\sofa\116.jpg,sofa,exito,3.09248335946784,6.745597444048189,9.858315200078966,9.974234718507537,9.999999999999593,9.999990699556676,9.999999999999972
C:\Users\damba\.cache\kagglehub\datasets\sunnykusawa\ecommerce-products-image-dataset\versions\1\ecommerce products\sofa\117.jpg,sofa,exito,2.8034610367283146,5.702545321101867,9.492951148488498,9.620547859292552,9.999999999894323,9.999215096052641,-9.99999999998628
C:\Users\damba\.cache\kagglehub\datasets\sunnykusawa\ecommerce-products-image-dataset\versions\1\ecommerce products\sofa\118.jpg,sofa,exito,3.070240909945038,6.5203253563705985,9.914693751129036,9.979899019291453,9.999999999999796,9.999989212701767,9.999999999999961
C:\Users\damba\.cache\kagglehub\datasets\sunnykusawa\ecommerce-products-image-dataset\versions\1\ecommerce products\sofa\119.jpg,sofa,exito,3.095142128804429,6.704154007012563,9.788266131202377,9.971019582959604,9.999999999999408,9.999988657533796,-9.9999999999998
C:\Users\damba\.cache\kagglehub\datasets\sunnykusawa\ecommerce-products-image-dataset\versions\1\ecommerce products\sofa\12.jpg,sofa,exito,3.0121440603874774,6.269646866957057,9.962155145257599,9.987757615449638,9.999999999999936,9.999990922832419,9.999999999999998
C:\Users\damba\.cache\kagglehub\datasets\sunnykusawa\ecommerce-products-image-dataset\versions\1\ecommerce products\sofa\120.jpg,sofa,exito,3.0850032840434833,6.576037328773168,9.965949597082176,9.995490888351968,9.999999999999988,9.999997786536147,9.999999999999996
C:\Users\damba\.cache\kagglehub\datasets\sunnykusawa\ecommerce-products-image-dataset\versions\1\ecommerce products\sofa\121.jpg,sofa,exito,3.123298281533524,6.811189342926529,9.971064389749362,9.995756166347764,9.99999999999999,9.999998892980125,9.999999999999995
C:\Users\damba\.cache\kagglehub\datasets\sunnykusawa\ecommerce-products-image-dataset\versions\1\ecommerce products\sofa\122.jpg,sofa,exito,3.00349843468675,6.242882538265743,9.830021157815613,9.939980961043949,9.999999999998343,9.999957611978912,-9.999999999999558
C:\Users\damba\.cache\kagglehub\datasets\sunnykusawa\ecommerce-products-image-dataset\versions\1\ecommerce products\sofa\123.jpg,sofa,exito,2.9231924676976644,6.005937631813777,9.697720173966259,9.834796395896072,9.999999999986475,9.999814587381117,-9.999999999997724
C:\Users\damba\.cache\kagglehub\datasets\sunnykusawa\ecommerce-products-image-dataset\versions\1\ecommerce products\sofa\124.jpg,sofa,exito,2.9242540137505264,6.008841215032835,9.701003320584379,9.836890956470203,9.99999999998688,9.999817777807104,9.999999999997808
C:\Users\damba\.cache\kagglehub\datasets\sunnykusawa\ecommerce-products-image-dataset\versions\1\ecommerce products\sofa\125.jpg,sofa,exito,3.0237997806105192,6.314228658104275,9.908353421471245,9.973245327470085,9.999999999999664,9.999981076048057,-9.999999999999972
C:\Users\damba\.cache\kagglehub\datasets\sunnykusawa\ecommerce-products-image-dataset\versions\1\ecommerce products\sofa\126.jpg,sofa,exito,3.032419897470425,6.377025048424876,9.852164925919123,9.948836802389705,9.999999999998819,9.9999689347984,9.999999999999687
C:\Users\damba\.cache\kagglehub\datasets\sunnykusawa\ecommerce-products-image-dataset\versions\1\ecommerce products\sofa\127.jpg,sofa,exito,2.8687070034826285,5.858291077199021,9.796515762968733,9.956131791643715,9.999999999999554,-9.999998224396961,-9.999999999998925
C:\Users\damba\.cache\kagglehub\datasets\sunnykusawa\ecommerce-products-image-dataset\versions\1\ecommerce products\sofa\128.jpg,sofa,exito,3.0466758069909323,6.4045721132441855,9.935336990143098,9.985051372154691,9.999999999999886,9.999990618019773,-9.99999999999999
C:\Users\damba\.cache\kagglehub\datasets\sunnykusawa\ecommerce-products-image-dataset\versions\1\ecommerce products\sofa\129.jpg,sofa,exito,3.063633489006668,6.482802019240404,9.856440791911572,9.967063710772017,9.999999999999407,9.999981039577087,-9.999999999999904
C:\Users\damba\.cache\kagglehub\datasets\sunnykusawa\ecommerce-products-image-dataset\versions\1\ecommerce products\sofa\13.jpg,sofa,exito,2.889782727844645,5.915475253123615,9.782493919973874,9.967578500748623,-9.999999999999705,-9.999977404119369,9.999999999999304
C:\Users\damba\.cache\kagglehub\datasets\sunnykusawa\ecommerce-products-image-dataset\versions\1\ecommerce products\sofa\130.jpg,sofa,exito,3.0233563763201263,6.343180388817485,9.967897854978684,9.997795259021997,9.999999999999998,9.9999997920227,-9.999999999999996
C:\Users\damba\.cache\kagglehub\datasets\sunnykusawa\ecommerce-products-image-dataset\versions\1\ecommerce products\sofa\131.jpg,sofa,exito,3.0495740944374847,6.421064073069934,9.89921942944045,9.98706593347332,9.99999999999995,9.999998327679045,-9.999999999999893
C:\Users\damba\.cache\kagglehub\datasets\sunnykusawa\ecommerce-products-image-dataset\versions\1\ecommerce products\sofa\132.jpg,sofa,exito,2.869250293339843,5.860442323190741,9.91578881671883,9.975612846783058,9.999999999999797,9.999989569210655,9.999999999999808
C:\Users\damba\.cache\kagglehub\datasets\sunnykusawa\ecommerce-products-image-dataset\versions\1\ecommerce products\sofa\133.jpg,sofa,exito,3.0708772094133647,6.537840940461046,9.845813004094593,9.973506073331958,9.999999999999645,9.999991281422792,-9.999999999999728
C:\Users\damba\.cache\kagglehub\datasets\sunnykusawa\ecommerce-products-image-dataset\versions\1\ecommerce products\sofa\134.jpg,sofa,exito,2.9083570779023407,5.9581255158185265,9.966189458288243,9.98971052620292,9.99999999999996,9.999993081962048,9.999999999999979
C:\Users\damba\.cache\kagglehub\datasets\sunnykusawa\ecommerce-products-image-dataset\versions\1\ecommerce products\sofa\135.jpg,sofa,exito,2.9754476451392917,6.163122118161359,9.717282619414082,9.856433819481262,9.999999999989829,9.999859726582589,9.999999999999233
C:\Users\damba\.cache\kagglehub\datasets\sunnykusawa\ecommerce-products-image-dataset\versions\1\ecommerce products\sofa\136.jpg,sofa,exito,2.8620300467388846,5.839235287592577,9.862885473004813,9.957652073983224,9.999999999999304,9.99997640248119,-9.999999999999481
C:\Users\damba\.cache\kagglehub\datasets\sunnykusawa\ecommerce-products-image-dataset\versions\1\ecommerce products\sofa\137.jpg,sofa,exito,2.866587267741722,5.852460538810716,9.858747967939019,9.982821421649597,-9.999999999999797,-9.999979786667526,-9.99999999999992
C:\Users\damba\.cache\kagglehub\datasets\sunnykusawa\ecommerce-products-image-dataset\versions\1\ecommerce products\sofa\138.jpg,sofa,exito,3.0181732555753844,6.422585052054007,9.791182378021109,9.905081553441889,9.999999999996165,9.999934803589923,9.999999999998494
C:\Users\damba\.cache\kagglehub\datasets\sunnykusawa\ecommerce-products-image-dataset\versions\1\ecommerce products\sofa\139.jpg,sofa,exito,3.0975059419265336,6.668265176591124,9.915877910554293,9.982432399108665,9.999999999999831,9.9999917768544,-9.99999999999999
C:\Users\damba\.cache\kagglehub\datasets\sunnykusawa\ecommerce-products-image-dataset\versions\1\ecommerce products\sofa\14.jpg,sofa,exito,2.892252726257634,5.922038789282373,9.811200216202451,9.959040261952048,9.999999999999583,9.99999897346183,9.999999999999096
C:\Users\damba\.cache\kagglehub\datasets\sunnykusawa\ecommerce-products-image-dataset\versions\1\ecommerce products\sofa\140.jpg,sofa,exito,3.043047351640496,6.379115360095067,9.952748631729854,9.989439039775787,9.999999999999945,9.999993582861455,-9.999999999999988
C:\Users\damba\.cache\kagglehub\datasets\sunnykusawa\ecommerce-products-image-dataset\versions\1\ecommerce products\sofa\141.jpg,sofa,exito,3.096943449817043,6.657480009703989,9.875064427724192,9.980701224887659,9.99999999999976,9.999990904222877,-9.999999999999968
C:\Users\damba\.cache\kagglehub\datasets\sunnykusawa\ecommerce-products-image-dataset\versions\1\ecommerce products\sofa\142.jpg,sofa,exito,3.103621897664772,6.688999479916166,9.905025457836624,9.985610898578708,9.999999999999867,9.999993421207146,-9.99999999999999
C:\Users\damba\.cache\kagglehub\datasets\sunnykusawa\ecommerce-products-image-dataset\versions\1\ecommerce products\sofa\143.jpg,sofa,exito,3.0545785260549474,6.428591049574523,9.957062044158866,9.991460587252433,9.999999999999961,9.999994807543086,-9.999999999999996
C:\Users\damba\.cache\kagglehub\datasets\sunnykusawa\ecommerce-products-image-dataset\versions\1\ecommerce products\sofa\144.jpg,sofa,exito,2.892980828210764,5.918887302302396,9.779748902267237,9.929491671940323,9.999999999997854,9.99995572424766,-9.99999999999851
C:\Users\damba\.cache\kagglehub\datasets\sunnykusawa\ecommerce-products-image-dataset\versions\1\ecommerce products\sofa\145.jpg,sofa,exito,2.8900845146539695,5.9254093556218335,9.378810164980305,9.571576903098736,9.999999999831095,9.999207576259677,9.999999999998513
C:\Users\damba\.cache\kagglehub\datasets\sunnykusawa\ecommerce-products-image-dataset\versions\1\ecommerce products\sofa\146.jpg,sofa,exito,3.031557784491215,6.347240830905494,9.854883107015445,9.98160696734694,9.99999999999995,-9.999997837803349,-9.999999999999758
C:\Users\damba\.cache\kagglehub\datasets\sunnykusawa\ecommerce-products-image-dataset\versions\1\ecommerce products\sofa\147.jpg,sofa,exito,3.0342763767693803,6.3584427568732,9.902658289406435,9.97552521205504,9.999999999999721,9.999985725904583,9.999999999999881
C:\Users\damba\.cache\kagglehub\datasets\sunnykusawa\ecommerce-products-image-dataset\versions\1\ecommerce products\sofa\148.jpg,sofa,exito,3.0774493996799785,6.566461746717938,9.819563860707262,9.971437761099546,9.999999999999465,9.999985605388673,-9.99999999999986
C:\Users\damba\.cache\kagglehub\datasets\sunnykusawa\ecommerce-products-image-dataset\versions\1\ecommerce products\sofa\149.jpg,sofa,exito,3.0261978616456173,6.329586076821511,9.892464695145073,9.972013202470974,9.99999999999964,9.999983449944509,-9.999999999999837
C:\Users\damba\.cache\kagglehub\datasets\sunnykusawa\ecommerce-products-image-dataset\versions\1\ecommerce products\sofa\15.jpg,sofa,exito,3.047633445171331,6.409462886023284,9.977372617891822,9.9975611608195,-10.0,-9.999999610864633,-9.999999999999996
C:\Users\damba\.cache\kagglehub\datasets\sunnykusawa\ecommerce-products-image-dataset\versions\1\ecommerce products\sofa\150.jpg,sofa,exito,3.1024093534088695,6.660672548169955,9.967246656622287,9.99554617337892,9.999999999999988,9.999997909028204,10.0
C:\Users\damba\.cache\kagglehub\datasets\sunnykusawa\ecommerce-products-image-dataset\versions\1\ecommerce products\sofa\151.jpg,sofa,exito,2.8854401725938383,5.902179586736181,9.808764195627138,9.948064606117473,9.999999999999012,9.999981697848632,9.999999999998922
C:\Users\damba\.cache\kagglehub\datasets\sunnykusawa\ecommerce-products-image-dataset\versions\1\ecommerce products\sofa\152.jpg,sofa,exito,3.0865558299339675,6.597794143856555,9.969145377120752,9.995822599786775,9.99999999999999,9.99999789221946,-9.999999999999998
C:\Users\damba\.cache\kagglehub\datasets\sunnykusawa\ecommerce-products-image-dataset\versions\1\ecommerce products\sofa\153.jpg,sofa,exito,2.9112426568271297,5.9652227077276905,9.855796018269377,9.937933300092672,9.999999999998403,9.999937953179273,9.999999999999618
C:\Users\damba\.cache\kagglehub\datasets\sunnykusawa\ecommerce-products-image-dataset\versions\1\ecommerce products\sofa\154.jpg,sofa,exito,3.0223512509522403,6.326612871273884,9.859459400328577,9.969718057338353,9.9999999999995,9.999980914477526,-9.99999999999985
C:\Users\damba\.cache\kagglehub\datasets\sunnykusawa\ecommerce-products-image-dataset\versions\1\ecommerce products\sofa\155.jpg,sofa,exito,3.046949852381349,6.425197530348785,9.896902492961562,9.97139326085254,9.999999999999611,9.999983402608715,9.99999999999991
C:\Users\damba\.cache\kagglehub\datasets\sunnykusawa\ecommerce-products-image-dataset\versions\1\ecommerce products\sofa\156.jpg,sofa,exito,2.9759865242291323,6.15212431151462,9.966719023486826,9.99277312691091,9.99999999999998,9.99999689815879,-9.999999999999982
C:\Users\damba\.cache\kagglehub\datasets\sunnykusawa\ecommerce-products-image-dataset\versions\1\ecommerce products\sofa\157.jpg,sofa,exito,3.0022551015553276,6.2565195517106975,9.818313782070804,9.939884528325463,9.999999999998332,9.999960207136233,9.999999999999348
C:\Users\damba\.cache\kagglehub\datasets\sunnykusawa\ecommerce-products-image-dataset\versions\1\ecommerce products\sofa\158.jpg,sofa,exito,3.032022139783322,6.3803311669224785,9.77106331054646,9.954470285137736,9.999999999999094,9.999984489080944,-9.999999999999027
C:\Users\damba\.cache\kagglehub\datasets\sunnykusawa\ecommerce-products-image-dataset\versions\1\ecommerce products\sofa\159.jpg,sofa,exito,3.005145524844986,6.257259401076182,9.906133804802955,9.974568389971319,9.999999999999693,9.99998101478772,9.999999999999924
C:\Users\damba\.cache\kagglehub\datasets\sunnykusawa\ecommerce-products-image-dataset\versions\1\ecommerce products\sofa\16.jpg,sofa,exito,2.9862686286008513,6.1893328284517475,9.88437255692314,9.947521905347235,9.9999999999989,9.999955855655315,9.999999999999902
C:\Users\damba\.cache\kagglehub\datasets\sunnykusawa\ecommerce-products-image-dataset\versions\1\ecommerce products\sofa\160.jpg,sofa,exito,3.0769498944189992,6.534345951830854,9.932093516166857,9.993419408555713,9.99999999999998,9.99999849151232,-9.999999999999972
C:\Users\damba\.cache\kagglehub\datasets\sunnykusawa\ecommerce-products-image-dataset\versions\1\ecommerce products\sofa\161.jpg,sofa,exito,3.079463575516078,6.573901450894894,9.8583147035102,9.969597432205125,9.999999999999472,9.999983821896187,-9.999999999999998
C:\Users\damba\.cache\kagglehub\datasets\sunnykusawa\ecommerce-products-image-dataset\versions\1\ecommerce products\sofa\162.jpg,sofa,exito,3.07294162401776,6.531211179856781,9.92121468447631,9.986259443740124,9.999999999999895,9.999992926111405,9.999999999999964
C:\Users\damba\.cache\kagglehub\datasets\sunnykusawa\ecommerce-products-image-dataset\versions\1\ecommerce products\sofa\163.jpg,sofa,exito,2.9032382385326825,5.9461310048345855,9.823178924160823,9.944260444509741,9.999999999998693,9.999967482334993,9.99999999999915
C:\Users\damba\.cache\kagglehub\datasets\sunnykusawa\ecommerce-products-image-dataset\versions\1\ecommerce products\sofa\164.jpg,sofa,exito,2.913452520122486,5.97186152351977,9.818691843288885,9.9179385414831,9.999999999997108,9.99991744135259,9.999999999999348
C:\Users\damba\.cache\kagglehub\datasets\sunnykusawa\ecommerce-products-image-dataset\versions\1\ecommerce products\sofa\165.jpg,sofa,exito,3.03553665547002,6.3665584487792675,9.910513986787963,9.980357259363277,9.999999999999812,9.99998914037421,9.999999999999913
C:\Users\damba\.cache\kagglehub\datasets\sunnykusawa\ecommerce-products-image-dataset\versions\1\ecommerce products\sofa\166.jpg,sofa,exito,3.0309269145681093,6.355951463074677,9.780993996597315,9.940586417763953,9.999999999998105,9.999962569005671,-9.999999999999451
C:\Users\damba\.cache\kagglehub\datasets\sunnykusawa\ecommerce-products-image-dataset\versions\1\ecommerce products\sofa\167.jpg,sofa,exito,2.9927341871431605,6.203824577595708,9.963497387767255,9.989447298249168,9.999999999999952,9.999992175172338,9.999999999999988
C:\Users\damba\.cache\kagglehub\datasets\sunnykusawa\ecommerce-products-image-dataset\versions\1\ecommerce products\sofa\168.jpg,sofa,exito,2.8434639906324204,5.795247327442313,9.609529511202826,9.791869861015204,9.999999999975842,9.999748469380041,-9.999999999992568
C:\Users\damba\.cache\kagglehub\datasets\sunnykusawa\ecommerce-products-image-dataset\versions\1\ecommerce products\sofa\169.jpg,sofa,exito,2.867165197441461,5.8591211141726225,9.647723234590313,9.854065760068801,9.999999999989296,9.999880874094256,-9.99999999999403
C:\Users\damba\.cache\kagglehub\datasets\sunnykusawa\ecommerce-products-image-dataset\versions\1\ecommerce products\sofa\17.jpg,sofa,exito,2.8781532255329094,5.87812751675339,9.90088630989138,9.948001030325676,9.999999999999003,9.999937137122478,-9.999999999999986
C:\Users\damba\.cache\kagglehub\datasets\sunnykusawa\ecommerce-products-image-dataset\versions\1\ecommerce products\sofa\170.jpg,sofa,exito,2.8444952995841635,5.7980761820341895,9.604040258369979,9.788276045535456,9.999999999974774,9.99974378224166,9.99999999999226
C:\Users\damba\.cache\kagglehub\datasets\sunnykusawa\ecommerce-products-image-dataset\versions\1\ecommerce products\sofa\171.jpg,sofa,exito,3.030610365524151,6.354499788592142,9.781780785333428,9.940737378096136,9.999999999998117,9.999962681405103,-9.99999999999945
C:\Users\damba\.cache\kagglehub\datasets\sunnykusawa\ecommerce-products-image-dataset\versions\1\ecommerce products\sofa\172.jpg,sofa,exito,3.045876330975944,6.409872931947054,9.834696835510835,9.958513451558781,9.999999999999101,9.999975778014816,-9.999999999999732
C:\Users\damba\.cache\kagglehub\datasets\sunnykusawa\ecommerce-products-image-dataset\versions\1\ecommerce products\sofa\173.jpg,sofa,exito,3.023701217426763,6.312544904117341,9.9158274288879,9.975441957091222,9.99999999999972,9.999982609732754,-9.999999999999979
C:\Users\damba\.cache\kagglehub\datasets\sunnykusawa\ecommerce-products-image-dataset\versions\1\ecommerce products\sofa\174.jpg,sofa,exito,3.0055250879462108,6.249392368279509,9.8789891138245,9.953752152648415,9.999999999999073,9.999963435269084,9.99999999999998
C:\Users\damba\.cache\kagglehub\datasets\sunnykusawa\ecommerce-products-image-dataset\versions\1\ecommerce products\sofa\175.jpg,sofa,exito,2.886171963522255,5.90207083659026,9.815882342386724,9.955275074238754,9.999999999999323,9.999989548565702,-9.999999999999098
C:\Users\damba\.cache\kagglehub\datasets\sunnykusawa\ecommerce-products-image-dataset\versions\1\ecommerce products\sofa\176.jpg,sofa,exito,2.888425623138259,5.9081195159956446,9.804067518432069,9.949250175923034,9.999999999999059,9.999983945762349,9.999999999998922
C:\Users\damba\.cache\kagglehub\datasets\sunnykusawa\ecommerce-products-image-dataset\versions\1\ecommerce products\sofa\177.jpg,sofa,exito,2.8891171401077935,5.912253618334651,9.77939854087704,9.945571851049117,9.999999999999016,9.999988738494638,-9.999999999998584
C:\Users\damba\.cache\kagglehub\datasets\sunnykusawa\ecommerce-products-image-dataset\versions\1\ecommerce products\sofa\178.jpg,sofa,exito,2.891451321844603,5.918126395375276,9.786785648708637,9.949135645434781,9.999999999999181,9.999991435024905,9.999999999998726
C:\Users\damba\.cache\kagglehub\datasets\sunnykusawa\ecommerce-products-image-dataset\versions\1\ecommerce products\sofa\179.jpg,sofa,exito,3.01765292964352,6.420117256929434,9.792180386215524,9.904985273549038,9.99999999999617,9.999934543876659,9.999999999998495
C:\Users\damba\.cache\kagglehub\datasets\sunnykusawa\ecommerce-products-image-dataset\versions\1\ecommerce products\sofa\18.jpg,sofa,exito,3.0592273818353712,6.464207442967225,9.865861708001754,9.962802816407637,9.999999999999302,9.999977246056389,9.99999999999998
C:\Users\damba\.cache\kagglehub\datasets\sunnykusawa\ecommerce-products-image-dataset\versions\1\ecommerce products\sofa\180.jpg,sofa,exito,2.9847331077070094,6.185663713156972,9.794554339606057,9.919562069102078,9.999999999996918,9.99993056909246,-9.999999999999666
C:\Users\damba\.cache\kagglehub\datasets\sunnykusawa\ecommerce-products-image-dataset\versions\1\ecommerce products\sofa\181.jpg,sofa,exito,2.9844702147987205,6.184783813475206,9.794634294228917,9.919465382722965,9.999999999996913,9.999930390828647,-9.999999999999668
C:\Users\damba\.cache\kagglehub\datasets\sunnykusawa\ecommerce-products-image-dataset\versions\1\ecommerce products\sofa\182.jpg,sofa,exito,2.8621265257216946,5.844612811014103,9.65722445107067,9.812926667674825,9.999999999981688,9.999769099765711,9.999999999995708
C:\Users\damba\.cache\kagglehub\datasets\sunnykusawa\ecommerce-products-image-dataset\versions\1\ecommerce products\sofa\183.jpg,sofa,exito,3.0272522140954496,6.324696334430477,9.95933007591635,9.988768159739534,9.999999999999943,9.999992194711435,9.999999999999996
C:\Users\damba\.cache\kagglehub\datasets\sunnykusawa\ecommerce-products-image-dataset\versions\1\ecommerce products\sofa\184.jpg,sofa,exito,3.0271487159882438,6.324306233518229,9.959014343286816,9.988678498101976,9.999999999999941,9.99999212935376,9.999999999999996
C:\Users\damba\.cache\kagglehub\datasets\sunnykusawa\ecommerce-products-image-dataset\versions\1\ecommerce products\sofa\185.jpg,sofa,exito,3.049528988588669,6.418505893159766,9.96960196707459,9.996551642807193,9.999999999999998,9.99999982179753,9.999999999999991
C:\Users\damba\.cache\kagglehub\datasets\sunnykusawa\ecommerce-products-image-dataset\versions\1\ecommerce products\sofa\186.jpg,sofa,exito,3.043715727776861,6.418644436800976,9.751044892585934,9.933790758281814,9.99999999999745,9.999956200239998,-9.999999999999895
C:\Users\damba\.cache\kagglehub\datasets\sunnykusawa\ecommerce-products-image-dataset\versions\1\ecommerce products\sofa\187.jpg,sofa,exito,3.00160599794621,6.2408450891663,9.888335240044498,9.961954457181433,9.999999999999355,9.999970598616237,9.999999999999906
C:\Users\damba\.cache\kagglehub\datasets\sunnykusawa\ecommerce-products-image-dataset\versions\1\ecommerce products\sofa\188.jpg,sofa,exito,3.081056584335301,6.563121805896154,9.914429062866494,9.98684718761011,9.999999999999893,9.999993331448758,-9.999999999999977
C:\Users\damba\.cache\kagglehub\datasets\sunnykusawa\ecommerce-products-image-dataset\versions\1\ecommerce products\sofa\189.jpg,sofa,exito,3.0618092398446226,6.495228111083543,9.795631525067567,9.960568231893626,9.99999999999904,9.999978393966881,-9.999999999999773
C:\Users\damba\.cache\kagglehub\datasets\sunnykusawa\ecommerce-products-image-dataset\versions\1\ecommerce products\sofa\19.jpg,sofa,exito,3.078265832209345,6.584178961892232,9.819550740524386,9.973692482912327,9.999999999999552,9.99998875465365,-9.999999999999812
C:\Users\damba\.cache\kagglehub\datasets\sunnykusawa\ecommerce-products-image-dataset\versions\1\ecommerce products\sofa\190.jpg,sofa,exito,2.9144245480720676,5.978421264022489,9.837629618694002,9.952610660759989,9.99999999999907,9.999974737015702,-9.999999999999334
C:\Users\damba\.cache\kagglehub\datasets\sunnykusawa\ecommerce-products-image-dataset\versions\1\ecommerce products\sofa\191.jpg,sofa,exito,2.9170261064050163,5.994560281636979,9.850056705277208,9.979303827834496,-9.999999999999853,-9.999985499374136,-9.999999999999737
C:\Users\damba\.cache\kagglehub\datasets\sunnykusawa\ecommerce-products-image-dataset\versions\1\ecommerce products\sofa\192.jpg,sofa,exito,3.0645474037314644,6.488893674153926,9.867148976675537,9.974983269038782,9.99999999999964,9.999986589602694,-9.999999999999897
C:\Users\damba\.cache\kagglehub\datasets\sunnykusawa\ecommerce-products-image-dataset\versions\1\ecommerce products\sofa\193.jpg,sofa,exito,3.0974593587378285,6.667498451124219,9.917219455770688,9.982734518217386,9.999999999999838,9.99999192195128,-9.99999999999999
C:\Users\damba\.cache\kagglehub\datasets\sunnykusawa\ecommerce-products-image-dataset\versions\1\ecommerce products\sofa\194.jpg,sofa,exito,3.01778333553558,6.292834472915748,9.918066765692537,9.979045179432449,9.999999999999803,9.999988509960598,9.999999999999908
C:\Users\damba\.cache\kagglehub\datasets\sunnykusawa\ecommerce-products-image-dataset\versions\1\ecommerce products\sofa\195.jpg,sofa,exito,2.9112426568271297,5.9652227077276905,9.855796018269377,9.937933300092672,9.999999999998403,9.999937953179273,9.999999999999618
C:\Users\damba\.cache\kagglehub\datasets\sunnykusawa\ecommerce-products-image-dataset\versions\1\ecommerce products\sofa\196.jpg,sofa,exito,2.986819297927686,6.183042771191942,9.947501107489469,9.983239150920074,9.99999999999988,9.99998620352088,-9.999999999999996
C:\Users\damba\.cache\kagglehub\datasets\sunnykusawa\ecommerce-products-image-dataset\versions\1\ecommerce products\sofa\197.jpg,sofa,exito,2.9999395602969563,6.230736475041366,9.89976276417415,9.967340064831657,9.999999999999519,9.999974373551694,9.999999999999954
C:\Users\damba\.cache\kagglehub\datasets\sunnykusawa\ecommerce-products-image-dataset\versions\1\ecommerce products\sofa\198.jpg,sofa,exito,2.9818101493883105,6.168981628329633,9.946635967068145,9.98402027006877,9.999999999999888,9.99998747308085,-9.999999999999979
C:\Users\damba\.cache\kagglehub\datasets\sunnykusawa\ecommerce-products-image-dataset\versions\1\ecommerce products\sofa\199.jpg,sofa,exito,2.9267678945748226,6.023507019219474,9.504416775815566,9.70780785157339,9.999999999940727,9.999605246685537,-9.99999999999381
C:\Users\damba\.cache\kagglehub\datasets\sunnykusawa\ecommerce-products-image-dataset\versions\1\ecommerce products\sofa\2.jpg,sofa,exito,2.752288790918568,5.575312082973022,9.487728845819984,9.60918965372261,9.99999999988572,9.999037375769317,-9.99999999998795
C:\Users\damba\.cache\kagglehub\datasets\sunnykusawa\ecommerce-products-image-dataset\versions\1\ecommerce products\sofa\20.jpg,sofa,exito,3.0779998596540055,6.584036446839756,9.818100261587736,9.972992381398244,9.999999999999527,9.999988339912841,-9.99999999999981
C:\Users\damba\.cache\kagglehub\datasets\sunnykusawa\ecommerce-products-image-dataset\versions\1\ecommerce products\sofa\21.jpg,sofa,exito,2.973159213380222,6.146832831346713,9.978509989963714,9.994273831571158,9.999999999999986,9.999996057659043,-9.999999999999995
C:\Users\damba\.cache\kagglehub\datasets\sunnykusawa\ecommerce-products-image-dataset\versions\1\ecommerce products\sofa\22.jpg,sofa,exito,3.0923837729706927,6.681307964643661,9.868563446995442,9.970200659831645,9.999999999999519,9.999986776179965,9.99999999999992
C:\Users\damba\.cache\kagglehub\datasets\sunnykusawa\ecommerce-products-image-dataset\versions\1\ecommerce products\sofa\23.jpg,sofa,exito,2.997826471177874,6.233000057637487,9.817830797692292,9.929545075551852,9.999999999997694,9.999942340002866,9.999999999999773
C:\Users\damba\.cache\kagglehub\datasets\sunnykusawa\ecommerce-products-image-dataset\versions\1\ecommerce products\sofa\24.jpg,sofa,exito,3.0212571642568036,6.309883262122576,9.89986125907009,9.969658309553202,9.999999999999574,9.999978623706129,9.999999999999936
C:\Users\damba\.cache\kagglehub\datasets\sunnykusawa\ecommerce-products-image-dataset\versions\1\ecommerce products\sofa\25.jpg,sofa,exito,2.9795729357968006,6.161486647426946,9.958726491978172,9.984555697443923,9.999999999999906,9.99998695064664,-9.999999999999998
C:\Users\damba\.cache\kagglehub\datasets\sunnykusawa\ecommerce-products-image-dataset\versions\1\ecommerce products\sofa\26.jpg,sofa,exito,2.9222306515012058,6.016173435795146,9.711574957144524,9.892971285832635,9.999999999994575,9.999914193244106,9.999999999996938
C:\Users\damba\.cache\kagglehub\datasets\sunnykusawa\ecommerce-products-image-dataset\versions\1\ecommerce products\sofa\27.jpg,sofa,exito,3.0164010885867536,6.282594741777744,9.949594383166383,9.983421449368048,9.999999999999883,9.999987795862408,9.999999999999998
C:\Users\damba\.cache\kagglehub\datasets\sunnykusawa\ecommerce-products-image-dataset\versions\1\ecommerce products\sofa\28.jpg,sofa,exito,3.023060641443784,6.304972383947871,9.939103800040996,9.980487977962904,9.999999999999835,9.999986299319028,9.999999999999979
C:\Users\damba\.cache\kagglehub\datasets\sunnykusawa\ecommerce-products-image-dataset\versions\1\ecommerce products\sofa\29.jpg,sofa,exito,2.864886299436492,5.856466125643242,9.582525455244614,9.800491881740847,9.999999999977277,9.999786330761728,9.99999999999064
C:\Users\damba\.cache\kagglehub\datasets\sunnykusawa\ecommerce-products-image-dataset\versions\1\ecommerce products\sofa\3.jpg,sofa,exito,3.1091917737893633,6.699452935779093,9.962487319893926,9.996480515615792,9.999999999999993,9.999998952383768,-9.999999999999995
C:\Users\damba\.cache\kagglehub\datasets\sunnykusawa\ecommerce-products-image-dataset\versions\1\ecommerce products\sofa\30.jpg,sofa,exito,3.065683990360318,6.47550534087022,9.938495884329207,9.987325765302096,9.999999999999913,9.999992607185309,-9.999999999999996
C:\Users\damba\.cache\kagglehub\datasets\sunnykusawa\ecommerce-products-image-dataset\versions\1\ecommerce products\sofa\31.jpg,sofa,exito,2.8914009260840587,5.917562067446641,9.827366150093548,9.95516785506003,9.99999999999927,9.999985714318926,9.999999999999192
C:\Users\damba\.cache\kagglehub\datasets\sunnykusawa\ecommerce-products-image-dataset\versions\1\ecommerce products\sofa\32.jpg,sofa,exito,3.1115511340512443,6.76557033816508,9.902410055132712,9.986645329099785,9.999999999999881,9.99999462239932,-9.99999999999999
C:\Users\damba\.cache\kagglehub\datasets\sunnykusawa\ecommerce-products-image-dataset\versions\1\ecommerce products\sofa\33.jpg,sofa,exito,2.8726359499148577,5.863396420360432,9.723472919942516,9.853015569575245,9.999999999989752,9.999820694565628,-9.999999999997833
C:\Users\damba\.cache\kagglehub\datasets\sunnykusawa\ecommerce-products-image-dataset\versions\1\ecommerce products\sofa\34.jpg,sofa,exito,3.02431285724955,6.316372227982597,9.891371001704053,9.97317140095187,9.999999999999673,9.99998762582641,-9.99999999999982
C:\Users\damba\.cache\kagglehub\datasets\sunnykusawa\ecommerce-products-image-dataset\versions\1\ecommerce products\sofa\35.jpg,sofa,exito,2.8782596659584887,5.881077913426051,9.768098218575668,9.90100989523436,9.999999999995621,9.999911395564116,9.999999999998225
C:\Users\damba\.cache\kagglehub\datasets\sunnykusawa\ecommerce-products-image-dataset\versions\1\ecommerce products\sofa\36.jpg,sofa,exito,3.0391840870107294,6.36852508169685,9.984566043864563,9.995970684349425,9.999999999999993,9.999997367132977,10.0
C:\Users\damba\.cache\kagglehub\datasets\sunnykusawa\ecommerce-products-image-dataset\versions\1\ecommerce products\sofa\37.jpg,sofa,exito,3.112366090861736,6.765368504861955,9.950517787198757,9.998499651144947,-9.999999999999998,-9.99999954564898,-9.999999999999998
C:\Users\damba\.cache\kagglehub\datasets\sunnykusawa\ecommerce-products-image-dataset\versions\1\ecommerce products\sofa\38.jpg,sofa,exito,3.000176808903227,6.291126587048025,9.715448929709337,9.883379214202987,9.999999999993797,9.999916959663663,9.999999999996458
C:\Users\damba\.cache\kagglehub\datasets\sunnykusawa\ecommerce-products-image-dataset\versions\1\ecommerce products\sofa\39.jpg,sofa,exito,3.0186313491486048,6.425033812988217,9.793078493173484,9.906686247117673,9.9999999999963,9.999936207231285,9.999999999998527
C:\Users\damba\.cache\kagglehub\datasets\sunnykusawa\ecommerce-products-image-dataset\versions\1\ecommerce products\sofa\4.jpg,sofa,exito,3.1098919127594087,6.703812060286742,9.963388332645595,9.996613292970041,9.999999999999993,9.99999900228096,-9.999999999999995
C:\Users\damba\.cache\kagglehub\datasets\sunnykusawa\ecommerce-products-image-dataset\versions\1\ecommerce products\sofa\40.jpg,sofa,exito,3.11244110618014,6.753848640643015,9.955448073070263,9.990654146229604,9.999999999999954,9.999996055869328,-9.999999999999996
C:\Users\damba\.cache\kagglehub\datasets\sunnykusawa\ecommerce-products-image-dataset\versions\1\ecommerce products\sofa\41.jpg,sofa,exito,2.9995763717449084,6.232731307743749,9.922400252123781,9.987913140327601,9.999999999999956,9.999997660228942,-9.99999999999992
C:\Users\damba\.cache\kagglehub\datasets\sunnykusawa\ecommerce-products-image-dataset\versions\1\ecommerce products\sofa\42.jpg,sofa,exito,3.065690388746155,6.527411920813284,9.858991530358775,9.960000969785332,9.999999999999233,9.999980295719045,9.999999999999757
C:\Users\damba\.cache\kagglehub\datasets\sunnykusawa\ecommerce-products-image-dataset\versions\1\ecommerce products\sofa\43.jpg,sofa,exito,2.8630996272421223,5.845446037981605,9.656556251290107,9.856322328198475,9.999999999989486,9.999867149531287,-9.999999999994852
C:\Users\damba\.cache\kagglehub\datasets\sunnykusawa\ecommerce-products-image-dataset\versions\1\ecommerce products\sofa\44.jpg,sofa,exito,3.1053560739625747,6.67466635122953,9.97722317096643,9.997140829825206,9.999999999999995,9.99999868983653,-10.0
C:\Users\damba\.cache\kagglehub\datasets\sunnykusawa\ecommerce-products-image-dataset\versions\1\ecommerce products\sofa\45.jpg,sofa,exito,2.6999868235207947,5.454517359936128,9.730755364598929,9.953508996177277,-9.999999999999229,-9.999936286389934,-9.99999999999868
C:\Users\damba\.cache\kagglehub\datasets\sunnykusawa\ecommerce-products-image-dataset\versions\1\ecommerce products\sofa\46.jpg,sofa,exito,3.0657587032481386,6.502360068459861,9.871490137922708,9.963995877167292,9.999999999999362,9.999980563007563,-9.99999999999989
C:\Users\damba\.cache\kagglehub\datasets\sunnykusawa\ecommerce-products-image-dataset\versions\1\ecommerce products\sofa\47.jpg,sofa,exito,3.040839052504654,6.375282093733815,9.981189344870568,9.996405167310584,9.999999999999993,9.999997988070524,-9.999999999999998
C:\Users\damba\.cache\kagglehub\datasets\sunnykusawa\ecommerce-products-image-dataset\versions\1\ecommerce products\sofa\48.jpg,sofa,exito,2.992252535818043,6.205758014023635,9.971186690968684,9.99194180096401,9.999999999999972,9.999993614920825,9.999999999999998
C:\Users\damba\.cache\kagglehub\datasets\sunnykusawa\ecommerce-products-image-dataset\versions\1\ecommerce products\sofa\49.jpg,sofa,exito,2.958086547347818,6.096551649276533,9.95112435743406,9.978352914135243,9.999999999999828,9.999980141305107,-9.999999999999996
C:\Users\damba\.cache\kagglehub\datasets\sunnykusawa\ecommerce-products-image-dataset\versions\1\ecommerce products\sofa\5.jpg,sofa,exito,3.0972640065999792,6.666819381890196,9.916827580076289,9.982562897037354,9.999999999999835,9.999991835529986,-9.99999999999999
C:\Users\damba\.cache\kagglehub\datasets\sunnykusawa\ecommerce-products-image-dataset\versions\1\ecommerce products\sofa\50.jpg,sofa,exito,3.0352932411014577,6.363926719652911,9.931732994643948,9.986847145913787,9.999999999999908,9.999991733776467,9.999999999999975
C:\Users\damba\.cache\kagglehub\datasets\sunnykusawa\ecommerce-products-image-dataset\versions\1\ecommerce products\sofa\51.jpg,sofa,exito,3.0553902870761434,6.447973908773279,9.979393912966316,9.996421876525838,9.999999999999993,9.99999793031551,-9.999999999999998
C:\Users\damba\.cache\kagglehub\datasets\sunnykusawa\ecommerce-products-image-dataset\versions\1\ecommerce products\sofa\52.jpg,sofa,exito,2.929389844458189,6.020460539414237,9.76684060736782,9.927523153851642,9.999999999997584,9.999953314367666,-9.99999999999852
C:\Users\damba\.cache\kagglehub\datasets\sunnykusawa\ecommerce-products-image-dataset\versions\1\ecommerce products\sofa\53.jpg,sofa,exito,3.0120529449848714,6.279074974491577,9.867151662707704,9.959210910035694,9.99999999999922,9.999971078567055,9.99999999999981
C:\Users\damba\.cache\kagglehub\datasets\sunnykusawa\ecommerce-products-image-dataset\versions\1\ecommerce products\sofa\54.jpg,sofa,exito,3.0270029879098095,6.328202614632161,9.941883849543864,9.987480406080222,9.99999999999993,9.99999422003035,9.999999999999957
C:\Users\damba\.cache\kagglehub\datasets\sunnykusawa\ecommerce-products-image-dataset\versions\1\ecommerce products\sofa\55.jpg,sofa,exito,3.062635674296216,6.501458442523705,9.871557413355681,9.973251306232742,9.99999999999966,9.999988095894972,9.999999999999773
C:\Users\damba\.cache\kagglehub\datasets\sunnykusawa\ecommerce-products-image-dataset\versions\1\ecommerce products\sofa\56.jpg,sofa,exito,2.892106122872636,5.918934295618028,9.71511560255766,9.889688592043916,9.999999999994182,9.999910515270738,-9.999999999997097
C:\Users\damba\.cache\kagglehub\datasets\sunnykusawa\ecommerce-products-image-dataset\versions\1\ecommerce products\sofa\57.jpg,sofa,exito,3.052766849636631,6.45159748004166,9.81412023718711,9.967436006383522,9.999999999999414,9.999985770828026,-9.999999999999636
C:\Users\damba\.cache\kagglehub\datasets\sunnykusawa\ecommerce-products-image-dataset\versions\1\ecommerce products\sofa\58.jpg,sofa,exito,3.046309337522703,6.396351739737794,9.985162393114207,9.996373887807094,9.999999999999993,9.99999769530047,10.0
C:\Users\damba\.cache\kagglehub\datasets\sunnykusawa\ecommerce-products-image-dataset\versions\1\ecommerce products\sofa\59.jpg,sofa,exito,2.9198390216445507,6.001308510905778,9.72314699993114,9.903282535878395,9.999999999995609,9.999934824591413,-9.999999999997387
C:\Users\damba\.cache\kagglehub\datasets\sunnykusawa\ecommerce-products-image-dataset\versions\1\ecommerce products\sofa\6.jpg,sofa,exito,3.1254832606566585,6.819362438237433,9.948064694243433,9.997951373041115,-9.999999999999995,-9.99999920286473,-10.0
C:\Users\damba\.cache\kagglehub\datasets\sunnykusawa\ecommerce-products-image-dataset\versions\1\ecommerce products\sofa\60.jpg,sofa,exito,2.9203064741041747,5.986707191525168,9.910013897944566,9.96060493119548,9.999999999999394,9.999959494187356,-9.999999999999936
C:\Users\damba\.cache\kagglehub\datasets\sunnykusawa\ecommerce-products-image-dataset\versions\1\ecommerce products\sofa\61.jpg,sofa,exito,2.9613415938083065,6.125417709413238,9.83777508245279,9.937434841066898,9.999999999998394,9.999966800193045,9.999999999999224
C:\Users\damba\.cache\kagglehub\datasets\sunnykusawa\ecommerce-products-image-dataset\versions\1\ecommerce products\sofa\62.jpg,sofa,exito,2.9334000913538056,6.031554584444768,9.813220904232136,9.919330642648072,9.999999999997192,9.999931203549961,-9.999999999999146
C:\Users\damba\.cache\kagglehub\datasets\sunnykusawa\ecommerce-products-image-dataset\versions\1\ecommerce products\sofa\63.jpg,sofa,exito,3.1285242087676863,6.965401346599602,9.973636514968703,9.9991514291008,9.999999999999998,9.999999744504201,10.0
C:\Users\damba\.cache\kagglehub\datasets\sunnykusawa\ecommerce-products-image-dataset\versions\1\ecommerce products\sofa\64.jpg,sofa,exito,3.013221699209859,6.274670458740677,9.979117005996732,9.99349999008294,9.999999999999982,9.999995571395125,9.999999999999996
C:\Users\damba\.cache\kagglehub\datasets\sunnykusawa\ecommerce-products-image-dataset\versions\1\ecommerce products\sofa\65.jpg,sofa,exito,2.9749155582968334,6.157233620614458,9.958498321622537,9.987072341038248,9.999999999999932,9.999991079442829,9.999999999999977
C:\Users\damba\.cache\kagglehub\datasets\sunnykusawa\ecommerce-products-image-dataset\versions\1\ecommerce products\sofa\66.jpg,sofa,exito,2.935275165069357,6.036601378425561,9.999719606836369,9.999978505696937,10.0,9.999999980238627,10.0
C:\Users\damba\.cache\kagglehub\datasets\sunnykusawa\ecommerce-products-image-dataset\versions\1\ecommerce products\sofa\67.jpg,sofa,exito,2.973188233307662,6.153075568510552,9.734429349081124,9.865192849122197,9.999999999991262,9.999868298675679,9.999999999999408
C:\Users\damba\.cache\kagglehub\datasets\sunnykusawa\ecommerce-products-image-dataset\versions\1\ecommerce products\sofa\68.jpg,sofa,exito,2.975955377815646,6.163442781443932,9.728727605000895,9.893251160114616,9.999999999994117,9.999904372900724,-9.999999999999115
C:\Users\damba\.cache\kagglehub\datasets\sunnykusawa\ecommerce-products-image-dataset\versions\1\ecommerce products\sofa\69.jpg,sofa,exito,2.775360328393033,5.624156387070278,9.8603952548374,9.981394818619973,-9.999999999999785,-9.999972625683348,-9.999999999999885
C:\Users\damba\.cache\kagglehub\datasets\sunnykusawa\ecommerce-products-image-dataset\versions\1\ecommerce products\sofa\7.jpg,sofa,exito,3.05485960203988,6.4477762721014225,9.913495863131764,9.981098411455893,9.999999999999831,9.99999094562054,9.99999999999991
C:\Users\damba\.cache\kagglehub\datasets\sunnykusawa\ecommerce-products-image-dataset\versions\1\ecommerce products\sofa\70.jpg,sofa,exito,2.863722153665714,5.8469685572950985,9.628151940159634,9.854042940384259,9.999999999988994,9.99987765761304,-9.999999999993545
C:\Users\damba\.cache\kagglehub\datasets\sunnykusawa\ecommerce-products-image-dataset\versions\1\ecommerce products\sofa\71.jpg,sofa,exito,2.9571022652953003,6.111648633274031,9.83865716215117,9.9361199370028,9.999999999998328,9.999964002658036,9.999999999999238
C:\Users\damba\.cache\kagglehub\datasets\sunnykusawa\ecommerce-products-image-dataset\versions\1\ecommerce products\sofa\72.jpg,sofa,exito,3.067409349437028,6.543889539608397,9.87298497834447,9.961244961151614,9.999999999999304,9.999981145573425,9.999999999999812
C:\Users\damba\.cache\kagglehub\datasets\sunnykusawa\ecommerce-products-image-dataset\versions\1\ecommerce products\sofa\73.jpg,sofa,exito,2.9927880296476363,6.216933108144526,9.821080873233255,9.943817213419104,9.999999999998433,9.999955408673749,-9.999999999999723
C:\Users\damba\.cache\kagglehub\datasets\sunnykusawa\ecommerce-products-image-dataset\versions\1\ecommerce products\sofa\74.jpg,sofa,exito,3.0656391561082343,6.48917424090294,9.895134000140667,9.979626178227395,9.999999999999767,9.999988607639308,-9.999999999999948
C:\Users\damba\.cache\kagglehub\datasets\sunnykusawa\ecommerce-products-image-dataset\versions\1\ecommerce products\sofa\75.jpg,sofa,exito,2.9803299235371195,6.16010137847137,9.948679941693301,9.98063844834136,9.99999999999985,9.999983693770707,-9.999999999999991
C:\Users\damba\.cache\kagglehub\datasets\sunnykusawa\ecommerce-products-image-dataset\versions\1\ecommerce products\sofa\76.jpg,sofa,exito,3.10361293611599,6.781597065138119,9.780759898034985,9.965529001411763,9.999999999999362,9.99999094363864,-9.99999999999946
C:\Users\damba\.cache\kagglehub\datasets\sunnykusawa\ecommerce-products-image-dataset\versions\1\ecommerce products\sofa\77.jpg,sofa,exito,3.0784234830311386,6.56890077098633,9.907386471496437,9.972568954109274,9.999999999999648,9.999985294243446,9.999999999999998
C:\Users\damba\.cache\kagglehub\datasets\sunnykusawa\ecommerce-products-image-dataset\versions\1\ecommerce products\sofa\78.jpg,sofa,exito,3.0469277209760888,6.409884465045951,9.912382737446311,9.979889960216171,9.999999999999812,9.999989459181366,-9.999999999999904
C:\Users\damba\.cache\kagglehub\datasets\sunnykusawa\ecommerce-products-image-dataset\versions\1\ecommerce products\sofa\79.jpg,sofa,exito,3.0189162481346,6.425750578769998,9.794716424364603,9.907938542046553,9.999999999996401,9.999937213914182,9.999999999998568
C:\Users\damba\.cache\kagglehub\datasets\sunnykusawa\ecommerce-products-image-dataset\versions\1\ecommerce products\sofa\8.jpg,sofa,exito,3.1220188382077176,6.794309263699275,9.984426211132282,9.997004671549387,9.999999999999995,9.999999071368569,10.0
C:\Users\damba\.cache\kagglehub\datasets\sunnykusawa\ecommerce-products-image-dataset\versions\1\ecommerce products\sofa\80.jpg,sofa,exito,3.043138961312083,6.379450390583134,9.952627328904597,9.989396084691052,9.999999999999945,9.999993554941979,-9.999999999999988
C:\Users\damba\.cache\kagglehub\datasets\sunnykusawa\ecommerce-products-image-dataset\versions\1\ecommerce products\sofa\81.jpg,sofa,exito,3.0261582505349263,6.32943541503387,9.892125701112409,9.971973132677324,9.999999999999638,9.999983431261674,9.999999999999837
C:\Users\damba\.cache\kagglehub\datasets\sunnykusawa\ecommerce-products-image-dataset\versions\1\ecommerce products\sofa\82.jpg,sofa,exito,2.923172662896022,6.005839342569691,9.697861455172012,9.834865119012566,9.999999999986489,9.999814637332987,-9.999999999997732
C:\Users\damba\.cache\kagglehub\datasets\sunnykusawa\ecommerce-products-image-dataset\versions\1\ecommerce products\sofa\83.jpg,sofa,exito,2.955807678187822,6.091175141278697,9.845945543067385,9.926115040185488,9.999999999997737,9.999927544886694,9.999999999999945
C:\Users\damba\.cache\kagglehub\datasets\sunnykusawa\ecommerce-products-image-dataset\versions\1\ecommerce products\sofa\84.jpg,sofa,exito,3.0186584262603566,6.29297316466893,9.893241575847437,9.964142924864822,9.999999999999428,9.999974594378678,9.99999999999991
C:\Users\damba\.cache\kagglehub\datasets\sunnykusawa\ecommerce-products-image-dataset\versions\1\ecommerce products\sofa\85.jpg,sofa,exito,3.01765292964352,6.420117256929434,9.792180386215524,9.904985273549038,9.99999999999617,9.999934543876659,9.999999999998495
C:\Users\damba\.cache\kagglehub\datasets\sunnykusawa\ecommerce-products-image-dataset\versions\1\ecommerce products\sofa\86.jpg,sofa,exito,2.9754052682386,6.144237839400432,9.925891350306284,9.967626634883272,9.999999999999599,9.999972342349908,-9.999999999999966
C:\Users\damba\.cache\kagglehub\datasets\sunnykusawa\ecommerce-products-image-dataset\versions\1\ecommerce products\sofa\87.jpg,sofa,exito,3.039871482245242,6.3761706508894855,9.940417655495823,9.986566041608901,9.99999999999991,9.999991374433849,9.999999999999984
C:\Users\damba\.cache\kagglehub\datasets\sunnykusawa\ecommerce-products-image-dataset\versions\1\ecommerce products\sofa\88.jpg,sofa,exito,3.0235027045085014,6.3089187506952005,9.942868111895708,9.986548413851361,9.999999999999918,9.999992636331282,9.99999999999996
C:\Users\damba\.cache\kagglehub\datasets\sunnykusawa\ecommerce-products-image-dataset\versions\1\ecommerce products\sofa\89.jpg,sofa,exito,2.9411106419590216,6.0459270614298015,9.852362211417432,9.931691467770767,9.99999999999808,9.999933937429871,9.999999999999705
C:\Users\damba\.cache\kagglehub\datasets\sunnykusawa\ecommerce-products-image-dataset\versions\1\ecommerce products\sofa\9.jpg,sofa,exito,2.929523702985628,6.013739185926705,9.788119754749102,9.874454961348547,9.999999999993317,9.99985681600669,-9.999999999999945
C:\Users\damba\.cache\kagglehub\datasets\sunnykusawa\ecommerce-products-image-dataset\versions\1\ecommerce products\sofa\90.jpg,sofa,exito,3.0198313362788194,6.310380867791199,9.874362676345699,9.963255093161006,9.999999999999373,9.999976109877206,9.999999999999794
C:\Users\damba\.cache\kagglehub\datasets\sunnykusawa\ecommerce-products-image-dataset\versions\1\ecommerce products\sofa\91.jpg,sofa,exito,3.020509580520425,6.306231819167446,9.888312874113163,9.965777375143743,9.99999999999945,9.999975268030104,9.999999999999952
C:\Users\damba\.cache\kagglehub\datasets\sunnykusawa\ecommerce-products-image-dataset\versions\1\ecommerce products\sofa\92.jpg,sofa,exito,2.946554152395214,6.064954284765781,9.951303675054747,9.979474540235726,9.999999999999844,9.999981957531052,9.999999999999973
C:\Users\damba\.cache\kagglehub\datasets\sunnykusawa\ecommerce-products-image-dataset\versions\1\ecommerce products\sofa\93.jpg,sofa,exito,3.0487493206781155,6.413821033757959,9.981544694119625,9.997780609338879,10.0,9.999999973665641,-9.999999999999996
C:\Users\damba\.cache\kagglehub\datasets\sunnykusawa\ecommerce-products-image-dataset\versions\1\ecommerce products\sofa\94.jpg,sofa,exito,3.033235416491285,6.380447905318002,9.853529010889455,9.949475019137486,9.999999999998849,9.999969590636654,9.999999999999693
C:\Users\damba\.cache\kagglehub\datasets\sunnykusawa\ecommerce-products-image-dataset\versions\1\ecommerce products\sofa\95.jpg,sofa,exito,3.0409627837395083,6.3930161358039905,9.833817672880361,9.957061908572603,9.999999999999014,9.999972139494822,-9.99999999999988
C:\Users\damba\.cache\kagglehub\datasets\sunnykusawa\ecommerce-products-image-dataset\versions\1\ecommerce products\sofa\96.jpg,sofa,exito,2.993483783965326,6.208604269091908,9.918495952387834,9.972381122096362,9.999999999999675,9.999979675051192,-9.999999999999936
C:\Users\damba\.cache\kagglehub\datasets\sunnykusawa\ecommerce-products-image-dataset\versions\1\ecommerce products\sofa\97.jpg,sofa,exito,3.0652829123398018,6.524744057666219,9.859394831100545,9.960093147911282,9.999999999999234,9.999980274167765,9.99999999999976
C:\Users\damba\.cache\kagglehub\datasets\sunnykusawa\ecommerce-products-image-dataset\versions\1\ecommerce products\sofa\98.jpg,sofa,exito,3.001028035871279,6.243283575812943,9.835107090171034,9.952691181676682,9.99999999999888,9.99996522630299,-9.999999999999737
C:\Users\damba\.cache\kagglehub\datasets\sunnykusawa\ecommerce-products-image-dataset\versions\1\ecommerce products\sofa\99.jpg,sofa,exito,3.0169570397116137,6.2865154636271,9.916347619447192,9.969676554475848,9.999999999999611,9.999977542840554,-9.999999999999988
C:\Users\damba\.cache\kagglehub\datasets\sunnykusawa\ecommerce-products-image-dataset\versions\1\ecommerce products\tshirt\1.jpg,tshirt,exito,3.141635187604475,7.304288513359041,9.877100301866905,9.999523967466562,9.999999999999998,-9.999999941662033,10.0
C:\Users\damba\.cache\kagglehub\datasets\sunnykusawa\ecommerce-products-image-dataset\versions\1\ecommerce products\tshirt\10.jpg,tshirt,exito,3.112584752036336,7.015858205134163,9.649921941865038,9.952094992852457,9.999999999998627,9.999989422305179,-9.999999999998652
C:\Users\damba\.cache\kagglehub\datasets\sunnykusawa\ecommerce-products-image-dataset\versions\1\ecommerce products\tshirt\100.jpg,tshirt,exito,3.018744749252538,7.205975721969357,9.662791015743995,9.993571194909007,9.999999999999943,-9.999999743597225,-9.999999999999936
C:\Users\damba\.cache\kagglehub\datasets\sunnykusawa\ecommerce-products-image-dataset\versions\1\ecommerce products\tshirt\101.jpg,tshirt,exito,2.7506267387224397,7.194419305616767,8.220060753422857,9.293272203695555,9.999999997432516,9.999768004485768,9.99999999897324
C:\Users\damba\.cache\kagglehub\datasets\sunnykusawa\ecommerce-products-image-dataset\versions\1\ecommerce products\tshirt\102.jpg,tshirt,exito,3.142353339121493,7.377501650064651,9.879219051602005,9.988180818414353,9.999999999999922,-9.999999380933467,-9.99999999999992
C:\Users\damba\.cache\kagglehub\datasets\sunnykusawa\ecommerce-products-image-dataset\versions\1\ecommerce products\tshirt\103.jpg,tshirt,exito,3.1725631331767543,8.051476141413975,9.977889775258125,9.999966968864273,-10.0,-9.999999997364318,-10.0
C:\Users\damba\.cache\kagglehub\datasets\sunnykusawa\ecommerce-products-image-dataset\versions\1\ecommerce products\tshirt\104.jpg,tshirt,exito,3.0861245668387816,7.3014487569192275,9.502164466503737,9.930206744742678,9.999999999998463,-9.999995061423157,9.99999999999563
C:\Users\damba\.cache\kagglehub\datasets\sunnykusawa\ecommerce-products-image-dataset\versions\1\ecommerce products\tshirt\105.jpg,tshirt,exito,2.841879662943247,6.009079987105974,8.95520190619472,9.321610343273043,9.999999999126729,9.998571091225884,-9.999999999494396
C:\Users\damba\.cache\kagglehub\datasets\sunnykusawa\ecommerce-products-image-dataset\versions\1\ecommerce products\tshirt\106.jpg,tshirt,exito,2.936218846017974,7.786012046603234,8.930688034944756,9.936979572340555,-9.999999999995245,-9.999999732388021,-9.99999999999262
C:\Users\damba\.cache\kagglehub\datasets\sunnykusawa\ecommerce-products-image-dataset\versions\1\ecommerce products\tshirt\107.jpg,tshirt,exito,3.172631303294518,8.807618518346258,9.82796315025677,9.999408245779112,-10.0,9.999999981087873,-9.999999999999998
C:\Users\damba\.cache\kagglehub\datasets\sunnykusawa\ecommerce-products-image-dataset\versions\1\ecommerce products\tshirt\108.jpg,tshirt,exito,2.902708782451468,9.168903160491107,9.990328543244908,9.969698405760859,-9.999999999999945,-9.99999925073673,-9.999999999999886
C:\Users\damba\.cache\kagglehub\datasets\sunnykusawa\ecommerce-products-image-dataset\versions\1\ecommerce products\tshirt\109.jpg,tshirt,exito,3.0823539045747452,7.023611465779381,9.904640361108797,9.946618985085108,9.999999999998995,9.999982529495123,-9.999999999999838
C:\Users\damba\.cache\kagglehub\datasets\sunnykusawa\ecommerce-products-image-dataset\versions\1\ecommerce products\tshirt\11.jpg,tshirt,exito,3.1889011483061496,9.038399695528012,9.994693879606638,9.999976081443123,-10.0,9.999999999439845,10.0
C:\Users\damba\.cache\kagglehub\datasets\sunnykusawa\ecommerce-products-image-dataset\versions\1\ecommerce products\tshirt\110.jpg,tshirt,exito,2.9818683202883527,7.408509862124436,9.99617140358754,9.918758327884834,-9.999999999999673,9.999995237885438,9.999999999999805
C:\Users\damba\.cache\kagglehub\datasets\sunnykusawa\ecommerce-products-image-dataset\versions\1\ecommerce products\tshirt\111.jpg,tshirt,exito,3.1713337729802786,7.884895843114002,9.979625015662583,9.999801989501936,10.0,9.999999977582206,-10.0
C:\Users\damba\.cache\kagglehub\datasets\sunnykusawa\ecommerce-products-image-dataset\versions\1\ecommerce products\tshirt\112.jpg,tshirt,exito,3.174447532561881,8.704696290808114,9.999416961895056,9.999982784076945,-10.0,-9.999999999619583,-10.0
C:\Users\damba\.cache\kagglehub\datasets\sunnykusawa\ecommerce-products-image-dataset\versions\1\ecommerce products\tshirt\113.jpg,tshirt,exito,3.1341068130440934,7.051518420660972,9.903940639366246,9.99183192639973,9.999999999999952,9.999999048845948,9.99999999999997
C:\Users\damba\.cache\kagglehub\datasets\sunnykusawa\ecommerce-products-image-dataset\versions\1\ecommerce products\tshirt\114.jpg,tshirt,exito,2.8023619585868738,6.313296595138937,8.663122031709236,9.471102875304753,9.999999999320366,9.999341373261956,9.9999999997453
C:\Users\damba\.cache\kagglehub\datasets\sunnykusawa\ecommerce-products-image-dataset\versions\1\ecommerce products\tshirt\115.jpg,tshirt,exito,2.922494414013589,6.385188554435362,9.640369179805461,9.89254836613173,-9.999999999999273,9.999982798626927,-9.999999999992703
C:\Users\damba\.cache\kagglehub\datasets\sunnykusawa\ecommerce-products-image-dataset\versions\1\ecommerce products\tshirt\116.jpg,tshirt,exito,3.0775274867604017,7.264199464725638,9.663854500130036,9.994092323886884,-9.99999999999996,-9.999998714041283,-9.999999999999936
C:\Users\damba\.cache\kagglehub\datasets\sunnykusawa\ecommerce-products-image-dataset\versions\1\ecommerce products\tshirt\117.jpg,tshirt,exito,2.8147982124761035,7.1550722691599145,8.589975143447147,9.948922394745974,-9.999999999992106,-9.999997145972385,-9.999999999994683
C:\Users\damba\.cache\kagglehub\datasets\sunnykusawa\ecommerce-products-image-dataset\versions\1\ecommerce products\tshirt\118.jpg,tshirt,exito,3.1331946966820317,7.0099523339424366,9.89784187643708,9.993308962983358,9.999999999999972,9.999998446947407,9.999999999999966
C:\Users\damba\.cache\kagglehub\datasets\sunnykusawa\ecommerce-products-image-dataset\versions\1\ecommerce products\tshirt\119.jpg,tshirt,exito,2.850809391695236,7.33976174928319,9.456501921620188,9.624152129491042,-9.999999999919314,9.999964579394112,-9.999999999924157
C:\Users\damba\.cache\kagglehub\datasets\sunnykusawa\ecommerce-products-image-dataset\versions\1\ecommerce products\tshirt\12.jpg,tshirt,exito,3.037917323020875,7.194095186755206,9.993198735525786,9.999760027149577,10.0,9.999999954121208,-10.0
C:\Users\damba\.cache\kagglehub\datasets\sunnykusawa\ecommerce-products-image-dataset\versions\1\ecommerce products\tshirt\120.jpg,tshirt,exito,3.1735601577241783,8.106210603996976,9.873006978767206,9.999843330653016,-10.0,9.999999987415206,10.0
C:\Users\damba\.cache\kagglehub\datasets\sunnykusawa\ecommerce-products-image-dataset\versions\1\ecommerce products\tshirt\121.jpg,tshirt,exito,3.144219508220953,7.472474043624691,9.821244278550338,9.98366256298827,9.999999999999785,9.999997828623282,9.999999999999913
C:\Users\damba\.cache\kagglehub\datasets\sunnykusawa\ecommerce-products-image-dataset\versions\1\ecommerce products\tshirt\122.jpg,tshirt,exito,3.0805188997599484,7.6221444935676805,9.452223802229053,9.982817027311372,9.99999999999944,9.99999731975233,-9.999999999999995
C:\Users\damba\.cache\kagglehub\datasets\sunnykusawa\ecommerce-products-image-dataset\versions\1\ecommerce products\tshirt\123.jpg,tshirt,exito,2.8430501019214516,7.609530369037729,9.744188870111698,9.825073957502768,9.99999999998729,9.999988397466291,-9.999999999995197
C:\Users\damba\.cache\kagglehub\datasets\sunnykusawa\ecommerce-products-image-dataset\versions\1\ecommerce products\tshirt\124.jpg,tshirt,exito,3.1362044643140083,7.165924678203302,9.962568758999103,9.999786925762793,10.0,9.999999955032916,-10.0
C:\Users\damba\.cache\kagglehub\datasets\sunnykusawa\ecommerce-products-image-dataset\versions\1\ecommerce products\tshirt\125.jpg,tshirt,exito,2.9801282831291824,6.552042664537893,9.890549721947577,9.96985892317769,9.999999999999623,9.999988551303765,-9.999999999999758
C:\Users\damba\.cache\kagglehub\datasets\sunnykusawa\ecommerce-products-image-dataset\versions\1\ecommerce products\tshirt\126.jpg,tshirt,exito,3.1071205116843625,6.922942274937373,9.626600902042389,9.942867276892079,9.999999999997328,9.99997890898548,9.999999999999948
C:\Users\damba\.cache\kagglehub\datasets\sunnykusawa\ecommerce-products-image-dataset\versions\1\ecommerce products\tshirt\127.jpg,tshirt,exito,3.1806348672038,8.894599427051359,9.98862637341428,9.999991590030849,-10.0,-9.999999999929212,-10.0
C:\Users\damba\.cache\kagglehub\datasets\sunnykusawa\ecommerce-products-image-dataset\versions\1\ecommerce products\tshirt\128.jpg,tshirt,exito,2.907391972352016,6.94738493556728,9.03023984031631,9.824724838598607,-9.999999999967462,-9.999935294978654,-9.999999999970477
C:\Users\damba\.cache\kagglehub\datasets\sunnykusawa\ecommerce-products-image-dataset\versions\1\ecommerce products\tshirt\129.jpg,tshirt,exito,3.1725738176678377,7.962112139169737,9.982927039610232,9.999690565185949,10.0,9.999999971587764,10.0
C:\Users\damba\.cache\kagglehub\datasets\sunnykusawa\ecommerce-products-image-dataset\versions\1\ecommerce products\tshirt\13.jpg,tshirt,exito,2.9067264638817902,7.148765314187811,9.374022638857623,9.832843009823959,-9.999999999980457,9.999969357755653,-9.999999999984261
C:\Users\damba\.cache\kagglehub\datasets\sunnykusawa\ecommerce-products-image-dataset\versions\1\ecommerce products\tshirt\130.jpg,tshirt,exito,3.0973532523020477,7.132561624964939,9.943259434209818,9.97171203085455,9.99999999999983,9.99999680800535,9.999999999999774
C:\Users\damba\.cache\kagglehub\datasets\sunnykusawa\ecommerce-products-image-dataset\versions\1\ecommerce products\tshirt\131.jpg,tshirt,exito,3.1000920774289855,7.152626199955421,9.746791270364136,9.996100703234632,-9.999999999999972,-9.99999992497435,9.999999999999982
C:\Users\damba\.cache\kagglehub\datasets\sunnykusawa\ecommerce-products-image-dataset\versions\1\ecommerce products\tshirt\132.jpg,tshirt,exito,3.114077312764212,7.01873694799773,9.695184140934309,9.961637521954458,9.99999999999991,-9.999998792768935,9.999999999998774
C:\Users\damba\.cache\kagglehub\datasets\sunnykusawa\ecommerce-products-image-dataset\versions\1\ecommerce products\tshirt\133.jpg,tshirt,exito,3.07422901219018,7.2928181553546985,9.572595318401737,9.96444750194045,9.999999999998794,9.999993295445012,-9.999999999999288
C:\Users\damba\.cache\kagglehub\datasets\sunnykusawa\ecommerce-products-image-dataset\versions\1\ecommerce products\tshirt\134.jpg,tshirt,exito,3.159676679910416,7.53768411461145,9.873850042080537,9.997036433970719,9.999999999999996,9.99999995859992,-9.999999999999986
C:\Users\damba\.cache\kagglehub\datasets\sunnykusawa\ecommerce-products-image-dataset\versions\1\ecommerce products\tshirt\135.jpg,tshirt,exito,3.1616992323110127,7.434267683193114,9.972414448532623,9.999879872778493,10.0,9.999999982167253,-10.0
C:\Users\damba\.cache\kagglehub\datasets\sunnykusawa\ecommerce-products-image-dataset\versions\1\ecommerce products\tshirt\136.jpg,tshirt,exito,3.1339421565104297,8.036397109830446,9.871487038434228,9.987520183464563,-9.999999999999934,9.999999137312798,-9.999999999999892
C:\Users\damba\.cache\kagglehub\datasets\sunnykusawa\ecommerce-products-image-dataset\versions\1\ecommerce products\tshirt\137.jpg,tshirt,exito,3.1174286289169415,7.08687791404723,9.768209769501343,9.975190249844491,-9.999999999999925,-9.999998812141213,9.999999999999485
C:\Users\damba\.cache\kagglehub\datasets\sunnykusawa\ecommerce-products-image-dataset\versions\1\ecommerce products\tshirt\138.jpg,tshirt,exito,2.960739200848737,6.62183960376566,9.25891493268088,9.665994931045638,9.999999999896707,9.999754406885554,-9.99999999994971
C:\Users\damba\.cache\kagglehub\datasets\sunnykusawa\ecommerce-products-image-dataset\versions\1\ecommerce products\tshirt\139.jpg,tshirt,exito,2.7313457828809953,6.062458340383191,8.895421779130823,9.514552859897599,-9.999999999727324,9.99980740334619,-9.999999999655923
C:\Users\damba\.cache\kagglehub\datasets\sunnykusawa\ecommerce-products-image-dataset\versions\1\ecommerce products\tshirt\14.jpg,tshirt,exito,3.0956228943703463,6.684944246706538,9.968120502133207,9.997957398959912,9.999999999999996,9.999999286651812,9.999999999999998
C:\Users\damba\.cache\kagglehub\datasets\sunnykusawa\ecommerce-products-image-dataset\versions\1\ecommerce products\tshirt\140.jpg,tshirt,exito,3.1654471602758156,7.450428159856922,9.961921685754364,9.998841429321887,9.999999999999998,9.999999784657172,10.0
C:\Users\damba\.cache\kagglehub\datasets\sunnykusawa\ecommerce-products-image-dataset\versions\1\ecommerce products\tshirt\141.jpg,tshirt,exito,3.1384264500847325,7.11107879336144,9.988275051574124,9.997515198987502,-9.999999999999998,-9.999999675634184,9.999999999999996
C:\Users\damba\.cache\kagglehub\datasets\sunnykusawa\ecommerce-products-image-dataset\versions\1\ecommerce products\tshirt\142.jpg,tshirt,exito,3.1707549321306394,8.315526736809824,9.987377391063157,9.999478300467695,-10.0,9.99999996557399,10.0
C:\Users\damba\.cache\kagglehub\datasets\sunnykusawa\ecommerce-products-image-dataset\versions\1\ecommerce products\tshirt\143.jpg,tshirt,exito,2.9967334102213234,8.412685068054866,9.375615923523847,9.908228650938067,9.999999999996101,-9.999993799453481,9.999999999992019
C:\Users\damba\.cache\kagglehub\datasets\sunnykusawa\ecommerce-products-image-dataset\versions\1\ecommerce products\tshirt\144.jpg,tshirt,exito,3.133845351040902,7.360448347443787,9.901333678157359,9.999652566432086,10.0,9.999999937377842,10.0
C:\Users\damba\.cache\kagglehub\datasets\sunnykusawa\ecommerce-products-image-dataset\versions\1\ecommerce products\tshirt\145.jpg,tshirt,exito,2.946944196123454,7.787623728648392,9.637483433169015,9.847661656791239,-9.999999999987235,-9.99998506312301,-9.999999999995584
C:\Users\damba\.cache\kagglehub\datasets\sunnykusawa\ecommerce-products-image-dataset\versions\1\ecommerce products\tshirt\146.jpg,tshirt,exito,3.1611435547282247,7.514006995983346,9.97817889117981,9.99966163969672,10.0,9.999999943971792,-10.0
C:\Users\damba\.cache\kagglehub\datasets\sunnykusawa\ecommerce-products-image-dataset\versions\1\ecommerce products\tshirt\147.jpg,tshirt,exito,2.77331513393367,7.152388950333281,9.804023776823687,9.872281101811247,-9.999999999993758,-9.999961958157384,-9.999999999997991
C:\Users\damba\.cache\kagglehub\datasets\sunnykusawa\ecommerce-products-image-dataset\versions\1\ecommerce products\tshirt\148.jpg,tshirt,exito,2.9741140074269783,6.262454311632092,9.356968716843832,9.68566964861592,9.999999999914907,9.99967301363603,9.999999999979144
C:\Users\damba\.cache\kagglehub\datasets\sunnykusawa\ecommerce-products-image-dataset\versions\1\ecommerce products\tshirt\149.jpg,tshirt,exito,2.9803525371269224,7.620531169993733,9.210048433405126,9.915830348102311,9.999999999998908,-9.999987767607083,9.9999999999903
C:\Users\damba\.cache\kagglehub\datasets\sunnykusawa\ecommerce-products-image-dataset\versions\1\ecommerce products\tshirt\15.jpg,tshirt,exito,3.143895590756572,9.57782200005383,9.74028836819695,9.99437497598344,-9.999999999999943,9.999999932764526,9.999999999999991
C:\Users\damba\.cache\kagglehub\datasets\sunnykusawa\ecommerce-products-image-dataset\versions\1\ecommerce products\tshirt\150.jpg,tshirt,exito,3.0764566936260995,7.2487736658720685,9.592865077612727,9.987783544781951,9.99999999999981,-9.999998250492768,9.999999999999822
C:\Users\damba\.cache\kagglehub\datasets\sunnykusawa\ecommerce-products-image-dataset\versions\1\ecommerce products\tshirt\151.jpg,tshirt,exito,3.1273002078496623,7.370055463639682,9.870958154035247,9.995912651126709,9.999999999999993,-9.999999971337568,-9.999999999999977
C:\Users\damba\.cache\kagglehub\datasets\sunnykusawa\ecommerce-products-image-dataset\versions\1\ecommerce products\tshirt\152.jpg,tshirt,exito,2.84099831301588,6.147019745684762,8.796596440768067,9.659797962199848,9.999999999841512,9.999668108957692,9.999999999850576
C:\Users\damba\.cache\kagglehub\datasets\sunnykusawa\ecommerce-products-image-dataset\versions\1\ecommerce products\tshirt\153.jpg,tshirt,exito,2.78142245881679,6.693587723609953,9.026152921923838,9.458982159769697,-9.999999999695314,9.9997230830341,9.999999999615346
C:\Users\damba\.cache\kagglehub\datasets\sunnykusawa\ecommerce-products-image-dataset\versions\1\ecommerce products\tshirt\154.jpg,tshirt,exito,3.101100870084924,7.392673601261764,9.599433780701716,9.910017185437882,9.999999999994463,9.99998218312906,-9.999999999997948
C:\Users\damba\.cache\kagglehub\datasets\sunnykusawa\ecommerce-products-image-dataset\versions\1\ecommerce products\tshirt\155.jpg,tshirt,exito,2.679685918728324,5.874028550262094,8.665954831145276,9.119518009809324,9.999999996868835,9.997420924442293,9.999999998848581
C:\Users\damba\.cache\kagglehub\datasets\sunnykusawa\ecommerce-products-image-dataset\versions\1\ecommerce products\tshirt\156.jpg,tshirt,exito,3.0159121643012985,7.034338064448186,9.209233125294745,9.999935736399221,-10.0,-9.999999989799589,-10.0
C:\Users\damba\.cache\kagglehub\datasets\sunnykusawa\ecommerce-products-image-dataset\versions\1\ecommerce products\tshirt\157.jpg,tshirt,exito,3.00634657625165,7.881549308218895,9.092092427801761,9.905845310360787,9.999999999986468,-9.999987998792095,-9.999999999997431
C:\Users\damba\.cache\kagglehub\datasets\sunnykusawa\ecommerce-products-image-dataset\versions\1\ecommerce products\tshirt\158.jpg,tshirt,exito,3.158491816040519,7.509542598655038,9.907276452583641,9.99232254748393,9.99999999999995,9.999999037679236,-9.999999999999993
C:\Users\damba\.cache\kagglehub\datasets\sunnykusawa\ecommerce-products-image-dataset\versions\1\ecommerce products\tshirt\159.jpg,tshirt,exito,3.124971269841738,6.975113829212479,9.967418801852281,9.98550041086927,9.999999999999925,9.99999556209729,-9.99999999999999
C:\Users\damba\.cache\kagglehub\datasets\sunnykusawa\ecommerce-products-image-dataset\versions\1\ecommerce products\tshirt\16.jpg,tshirt,exito,2.900466774909744,6.074059021288705,9.969254181631882,9.846912834567897,9.999999999997305,9.99983340450654,-9.999999999998215
C:\Users\damba\.cache\kagglehub\datasets\sunnykusawa\ecommerce-products-image-dataset\versions\1\ecommerce products\tshirt\160.jpg,tshirt,exito,2.491933007018502,5.722522289731217,8.001611593805173,8.243165783198886,-9.999999820373404,9.972137342128713,9.999999975006151
C:\Users\damba\.cache\kagglehub\datasets\sunnykusawa\ecommerce-products-image-dataset\versions\1\ecommerce products\tshirt\161.jpg,tshirt,exito,2.945316022705992,6.436795597020542,9.865989223250203,9.92396030750481,9.999999999999078,9.999967305290602,9.999999999998018
C:\Users\damba\.cache\kagglehub\datasets\sunnykusawa\ecommerce-products-image-dataset\versions\1\ecommerce products\tshirt\162.jpg,tshirt,exito,3.0086818063974285,7.233456764243655,9.364739741845334,9.948807509151887,-9.999999999999133,9.999995700866913,-9.999999999996609
C:\Users\damba\.cache\kagglehub\datasets\sunnykusawa\ecommerce-products-image-dataset\versions\1\ecommerce products\tshirt\163.jpg,tshirt,exito,2.929139670028308,7.401072509416988,9.057546493252012,9.694971623688415,9.999999999949864,-9.999934409004773,-9.99999999988621
C:\Users\damba\.cache\kagglehub\datasets\sunnykusawa\ecommerce-products-image-dataset\versions\1\ecommerce products\tshirt\164.jpg,tshirt,exito,3.1546535523127237,7.445557971454028,9.994765588041739,9.996752175006604,-9.999999999999998,9.999999399550942,9.999999999999998
C:\Users\damba\.cache\kagglehub\datasets\sunnykusawa\ecommerce-products-image-dataset\versions\1\ecommerce products\tshirt\165.jpg,tshirt,exito,2.817822472580537,6.660181004448383,8.821118282041532,9.754273101945364,-9.999999999891857,9.999851745928627,-9.99999999999592
C:\Users\damba\.cache\kagglehub\datasets\sunnykusawa\ecommerce-products-image-dataset\versions\1\ecommerce products\tshirt\166.jpg,tshirt,exito,2.8984104686081373,7.908678242362432,9.197532772958136,9.690453545290605,-9.999999999965969,9.999975446552327,-9.999999999899153
C:\Users\damba\.cache\kagglehub\datasets\sunnykusawa\ecommerce-products-image-dataset\versions\1\ecommerce products\tshirt\167.jpg,tshirt,exito,3.094770805091916,7.266288114769258,9.85660823488053,9.9979452309754,9.999999999999993,9.999999749339478,9.999999999999996
C:\Users\damba\.cache\kagglehub\datasets\sunnykusawa\ecommerce-products-image-dataset\versions\1\ecommerce products\tshirt\168.jpg,tshirt,exito,3.050367517540458,6.983049488414334,9.532962339274407,9.961567167225773,9.999999999998433,9.99999201445367,-9.999999999999341
C:\Users\damba\.cache\kagglehub\datasets\sunnykusawa\ecommerce-products-image-dataset\versions\1\ecommerce products\tshirt\169.jpg,tshirt,exito,2.9956525511469883,7.434287207392356,9.691794478144352,9.973251589720858,9.999999999999522,9.99999583957404,9.999999999999478
C:\Users\damba\.cache\kagglehub\datasets\sunnykusawa\ecommerce-products-image-dataset\versions\1\ecommerce products\tshirt\17.jpg,tshirt,exito,2.869653601377222,6.198191088502131,9.125685906018651,9.310340367173163,9.999999999150141,9.998658036418185,-9.999999999987265
C:\Users\damba\.cache\kagglehub\datasets\sunnykusawa\ecommerce-products-image-dataset\versions\1\ecommerce products\tshirt\170.jpg,tshirt,exito,3.176281382998491,7.85859741434409,9.984179105042625,9.9998735015139,10.0,9.99999998516806,10.0
C:\Users\damba\.cache\kagglehub\datasets\sunnykusawa\ecommerce-products-image-dataset\versions\1\ecommerce products\tshirt\171.jpg,tshirt,exito,2.551500421890434,6.0845156144525685,9.798542976358169,9.247745072207332,9.999999999666416,-9.998171248680164,-9.999999999970948
C:\Users\damba\.cache\kagglehub\datasets\sunnykusawa\ecommerce-products-image-dataset\versions\1\ecommerce products\tshirt\172.jpg,tshirt,exito,2.929284810404458,6.623531468865962,9.423801024728544,9.272967559152647,9.99999999935182,9.999085224382059,9.999999999929866
C:\Users\damba\.cache\kagglehub\datasets\sunnykusawa\ecommerce-products-image-dataset\versions\1\ecommerce products\tshirt\173.jpg,tshirt,exito,2.904601421439803,7.808428473643511,9.487323404159275,9.703995084264443,-9.999999999983947,-9.999961650521929,9.999999999939089
C:\Users\damba\.cache\kagglehub\datasets\sunnykusawa\ecommerce-products-image-dataset\versions\1\ecommerce products\tshirt\174.jpg,tshirt,exito,3.134041393589706,7.988480911334613,9.683620143466596,9.998947897589174,10.0,-9.999999994386572,-9.999999999999995
C:\Users\damba\.cache\kagglehub\datasets\sunnykusawa\ecommerce-products-image-dataset\versions\1\ecommerce products\tshirt\175.jpg,tshirt,exito,2.871768349014682,6.7237039340073705,9.512698133526323,9.706796721333491,9.999999999991436,9.999963955948074,9.99999999994144
C:\Users\damba\.cache\kagglehub\datasets\sunnykusawa\ecommerce-products-image-dataset\versions\1\ecommerce products\tshirt\176.jpg,tshirt,exito,3.1367571871344486,7.286497165455852,9.888529762440369,9.996796199973568,9.999999999999991,9.99999932983131,-9.999999999999988
C:\Users\damba\.cache\kagglehub\datasets\sunnykusawa\ecommerce-products-image-dataset\versions\1\ecommerce products\tshirt\177.jpg,tshirt,exito,3.0628436498049525,6.551465420042453,9.945866675702218,9.996676676996096,9.999999999999995,9.999998997713195,-9.999999999999991
C:\Users\damba\.cache\kagglehub\datasets\sunnykusawa\ecommerce-products-image-dataset\versions\1\ecommerce products\tshirt\178.jpg,tshirt,exito,3.0760279129240886,7.002279432665603,9.877923366309457,9.951951023791661,9.99999999999988,-9.999994272557139,9.999999999999018
C:\Users\damba\.cache\kagglehub\datasets\sunnykusawa\ecommerce-products-image-dataset\versions\1\ecommerce products\tshirt\179.jpg,tshirt,exito,3.169513567332292,7.7071742993425785,9.996884395022573,9.999935242287153,-10.0,-9.999999991330425,-10.0
C:\Users\damba\.cache\kagglehub\datasets\sunnykusawa\ecommerce-products-image-dataset\versions\1\ecommerce products\tshirt\18.jpg,tshirt,exito,3.1687454247312297,8.131055047918723,9.886374413045626,9.995535594087565,-9.999999999999975,-9.99999967254004,9.999999999999996
C:\Users\damba\.cache\kagglehub\datasets\sunnykusawa\ecommerce-products-image-dataset\versions\1\ecommerce products\tshirt\180.jpg,tshirt,exito,3.0013619760916,7.129576082459906,9.522845241707351,9.976774977526203,-9.99999999999932,-9.999996560223199,-9.999999999999599
C:\Users\damba\.cache\kagglehub\datasets\sunnykusawa\ecommerce-products-image-dataset\versions\1\ecommerce products\tshirt\181.jpg,tshirt,exito,3.001942301890958,7.67021560249412,9.102916650519852,9.882122848578332,9.99999999998293,9.999981276386688,-9.999999999989868
C:\Users\damba\.cache\kagglehub\datasets\sunnykusawa\ecommerce-products-image-dataset\versions\1\ecommerce products\tshirt\182.jpg,tshirt,exito,2.9247989989211276,6.527210846228304,9.506933290653121,9.706426825449304,-9.999999999979236,9.999924291379621,-9.99999999994379
C:\Users\damba\.cache\kagglehub\datasets\sunnykusawa\ecommerce-products-image-dataset\versions\1\ecommerce products\tshirt\183.jpg,tshirt,exito,3.1118347177300585,6.85088756837136,9.790803447932845,9.946987450766992,9.999999999998407,9.999979255148173,9.999999999999867
C:\Users\damba\.cache\kagglehub\datasets\sunnykusawa\ecommerce-products-image-dataset\versions\1\ecommerce products\tshirt\184.jpg,tshirt,exito,2.952200734887547,7.073143457557799,9.013413737938379,9.865618528678732,-9.999999999982457,-9.999976697694821,-9.999999999978218
C:\Users\damba\.cache\kagglehub\datasets\sunnykusawa\ecommerce-products-image-dataset\versions\1\ecommerce products\tshirt\185.jpg,tshirt,exito,2.8812971588342284,6.511288476564081,9.419653728693186,9.746783794486383,-9.999999999971752,9.999877450300673,-9.999999999957277
C:\Users\damba\.cache\kagglehub\datasets\sunnykusawa\ecommerce-products-image-dataset\versions\1\ecommerce products\tshirt\186.jpg,tshirt,exito,3.174110710587151,8.267621001097824,9.987890825653905,9.99837538257582,-9.999999999999998,9.99999988153752,-10.0
C:\Users\damba\.cache\kagglehub\datasets\sunnykusawa\ecommerce-products-image-dataset\versions\1\ecommerce products\tshirt\187.jpg,tshirt,exito,3.181213845131987,8.407898514335143,9.99670387884785,9.998353067458199,10.0,-9.999999907601136,-10.0
C:\Users\damba\.cache\kagglehub\datasets\sunnykusawa\ecommerce-products-image-dataset\versions\1\ecommerce products\tshirt\188.jpg,tshirt,exito,3.073225131334562,8.188033979128917,9.97651391486004,9.944130805059366,9.999999999999606,-9.99999547458219,-9.999999999999659
C:\Users\damba\.cache\kagglehub\datasets\sunnykusawa\ecommerce-products-image-dataset\versions\1\ecommerce products\tshirt\189.jpg,tshirt,exito,3.131434053759232,7.238211481724976,9.800494764733408,9.983471561196929,9.99999999999987,9.999999059827573,-9.999999999999783
C:\Users\damba\.cache\kagglehub\datasets\sunnykusawa\ecommerce-products-image-dataset\versions\1\ecommerce products\tshirt\19.jpg,tshirt,exito,3.187904783939101,8.40803159538756,9.995754726051848,9.999893243448657,10.0,9.999999993488396,-10.0
C:\Users\damba\.cache\kagglehub\datasets\sunnykusawa\ecommerce-products-image-dataset\versions\1\ecommerce products\tshirt\190.jpg,tshirt,exito,3.161960766706585,8.529924509482386,9.986661277008476,9.998902960990884,-10.0,9.999999943049696,10.0
C:\Users\damba\.cache\kagglehub\datasets\sunnykusawa\ecommerce-products-image-dataset\versions\1\ecommerce products\tshirt\191.jpg,tshirt,exito,3.1349340282733866,7.460814461437261,9.995751824363904,9.997644883257092,-9.999999999999998,9.9999995687451,-10.0
C:\Users\damba\.cache\kagglehub\datasets\sunnykusawa\ecommerce-products-image-dataset\versions\1\ecommerce products\tshirt\192.jpg,tshirt,exito,2.969327570919224,7.036572752458729,9.089939060411993,9.981571912240794,9.9999999999991,9.999994599734757,-9.999999999999467
C:\Users\damba\.cache\kagglehub\datasets\sunnykusawa\ecommerce-products-image-dataset\versions\1\ecommerce products\tshirt\193.jpg,tshirt,exito,3.0211368399934,7.272539749507498,9.67545311215549,9.897021331868071,9.999999999999385,9.99997398762964,-9.999999999993692
C:\Users\damba\.cache\kagglehub\datasets\sunnykusawa\ecommerce-products-image-dataset\versions\1\ecommerce products\tshirt\194.jpg,tshirt,exito,3.064291488447961,6.686732209330452,9.959881208807507,9.99367068732558,-9.99999999999998,9.999997156116704,9.999999999999986
C:\Users\damba\.cache\kagglehub\datasets\sunnykusawa\ecommerce-products-image-dataset\versions\1\ecommerce products\tshirt\195.jpg,tshirt,exito,3.082646468861573,9.02724789628665,9.68068352803742,9.873498503229495,-9.999999999991708,9.9999995896824,-9.999999999996772
C:\Users\damba\.cache\kagglehub\datasets\sunnykusawa\ecommerce-products-image-dataset\versions\1\ecommerce products\tshirt\196.jpg,tshirt,exito,3.066523581360434,7.072631334282729,9.869525189960818,9.947497716302326,-9.999999999998863,-9.99998392213034,9.999999999999668
C:\Users\damba\.cache\kagglehub\datasets\sunnykusawa\ecommerce-products-image-dataset\versions\1\ecommerce products\tshirt\197.jpg,tshirt,exito,3.0690618238731138,7.950156510165433,9.5370604486867,9.883045517447332,-9.999999999989706,-9.999985987382049,-9.999999999999984
C:\Users\damba\.cache\kagglehub\datasets\sunnykusawa\ecommerce-products-image-dataset\versions\1\ecommerce products\tshirt\198.jpg,tshirt,exito,3.089146282574785,6.670614076037415,9.864088606814686,9.986298309978926,9.999999999999993,-9.99999747434262,9.999999999999849
C:\Users\damba\.cache\kagglehub\datasets\sunnykusawa\ecommerce-products-image-dataset\versions\1\ecommerce products\tshirt\199.jpg,tshirt,exito,3.170839648134441,9.72669759903491,9.794841120757749,9.999695850725693,-10.0,9.999999997181542,10.0
C:\Users\damba\.cache\kagglehub\datasets\sunnykusawa\ecommerce-products-image-dataset\versions\1\ecommerce products\tshirt\2.jpg,tshirt,exito,2.8002062026923884,8.352449463532919,9.952416122028794,9.583007968183413,9.999999999978424,-9.999954380342327,-9.999999999978797
C:\Users\damba\.cache\kagglehub\datasets\sunnykusawa\ecommerce-products-image-dataset\versions\1\ecommerce products\tshirt\20.jpg,tshirt,exito,2.906471712237121,9.023268226765747,9.91504227426898,9.876751040327418,9.999999999999313,9.999998902965931,9.999999999996268
C:\Users\damba\.cache\kagglehub\datasets\sunnykusawa\ecommerce-products-image-dataset\versions\1\ecommerce products\tshirt\21.jpg,tshirt,exito,3.001555287113091,7.901811107387036,9.647733821614686,9.95328698285222,-9.999999999998165,-9.999994711757326,9.999999999999703
C:\Users\damba\.cache\kagglehub\datasets\sunnykusawa\ecommerce-products-image-dataset\versions\1\ecommerce products\tshirt\22.jpg,tshirt,exito,3.066300647117836,7.811543111532236,9.286931580396875,9.995755381247292,9.999999999999986,9.999999508180347,-9.999999999999915
C:\Users\damba\.cache\kagglehub\datasets\sunnykusawa\ecommerce-products-image-dataset\versions\1\ecommerce products\tshirt\23.jpg,tshirt,exito,3.1083646213548306,7.401610860643484,9.960500070818199,9.989440869096224,-9.999999999999968,9.999997952423872,9.99999999999996
C:\Users\damba\.cache\kagglehub\datasets\sunnykusawa\ecommerce-products-image-dataset\versions\1\ecommerce products\tshirt\24.jpg,tshirt,exito,3.0435268784135996,7.409216512335917,9.370833715161595,9.898788114917734,9.999999999990555,9.999986858837271,-9.999999999995323
C:\Users\damba\.cache\kagglehub\datasets\sunnykusawa\ecommerce-products-image-dataset\versions\1\ecommerce products\tshirt\25.jpg,tshirt,exito,2.9151257626082874,7.14498347697956,8.861795624506346,9.903738949889068,9.999999999990372,9.999981255122204,-9.999999999983428
C:\Users\damba\.cache\kagglehub\datasets\sunnykusawa\ecommerce-products-image-dataset\versions\1\ecommerce products\tshirt\26.jpg,tshirt,exito,2.8102924402433027,6.043340560826244,8.973572348632118,9.80694146483504,-9.999999999952454,-9.999880316706347,-9.9999999999696
C:\Users\damba\.cache\kagglehub\datasets\sunnykusawa\ecommerce-products-image-dataset\versions\1\ecommerce products\tshirt\27.jpg,tshirt,exito,2.8998609382992315,7.126488606547384,8.8130107352709,9.676769272984963,9.99999999981211,9.999868977578707,9.999999999964166
C:\Users\damba\.cache\kagglehub\datasets\sunnykusawa\ecommerce-products-image-dataset\versions\1\ecommerce products\tshirt\28.jpg,tshirt,exito,3.132539859703117,7.252029254274589,9.936561108831436,9.98211882943641,9.999999999999904,9.999998582495373,-9.999999999999886
C:\Users\damba\.cache\kagglehub\datasets\sunnykusawa\ecommerce-products-image-dataset\versions\1\ecommerce products\tshirt\29.jpg,tshirt,exito,3.0971865628999824,6.991670362596175,9.699355598307326,9.995258660528519,9.99999999999995,9.99999848042776,-9.999999999999993
C:\Users\damba\.cache\kagglehub\datasets\sunnykusawa\ecommerce-products-image-dataset\versions\1\ecommerce products\tshirt\3.jpg,tshirt,exito,3.0887729726382567,6.951982903181374,9.99797134335388,9.993605155932052,9.999999999999996,9.999998792527137,9.999999999999995
C:\Users\damba\.cache\kagglehub\datasets\sunnykusawa\ecommerce-products-image-dataset\versions\1\ecommerce products\tshirt\30.jpg,tshirt,exito,3.163110213757082,7.389660062778617,9.997316464259123,9.999801119176574,10.0,9.999999971711855,10.0
C:\Users\damba\.cache\kagglehub\datasets\sunnykusawa\ecommerce-products-image-dataset\versions\1\ecommerce products\tshirt\31.jpg,tshirt,exito,3.0420316952476463,6.541495888149959,9.898451915107358,9.973829884592515,9.999999999999678,9.999985927386433,-9.999999999999877
C:\Users\damba\.cache\kagglehub\datasets\sunnykusawa\ecommerce-products-image-dataset\versions\1\ecommerce products\tshirt\32.jpg,tshirt,exito,2.6490037632443926,6.451079786397002,9.376158489255621,9.398023007036898,-9.999999999699945,-9.999785744090282,9.999999999729638
C:\Users\damba\.cache\kagglehub\datasets\sunnykusawa\ecommerce-products-image-dataset\versions\1\ecommerce products\tshirt\33.jpg,tshirt,exito,3.042400327094943,6.569301311395112,9.460561262453831,9.864230390353118,9.999999999993012,9.999977252023317,9.999999999986553
C:\Users\damba\.cache\kagglehub\datasets\sunnykusawa\ecommerce-products-image-dataset\versions\1\ecommerce products\tshirt\34.jpg,tshirt,exito,3.130370668330634,7.173583845889059,9.865167567161796,9.978020869273669,9.999999999999691,9.999994977017531,-9.999999999999991
C:\Users\damba\.cache\kagglehub\datasets\sunnykusawa\ecommerce-products-image-dataset\versions\1\ecommerce products\tshirt\35.jpg,tshirt,exito,3.1717032897399067,8.19587544600582,9.846243178449438,9.999925088891716,10.0,9.999999997297563,10.0
C:\Users\damba\.cache\kagglehub\datasets\sunnykusawa\ecommerce-products-image-dataset\versions\1\ecommerce products\tshirt\36.jpg,tshirt,exito,2.619441646229149,6.149558724261834,8.584713561531185,8.456940565488718,9.999999960364423,9.993835395389699,-9.999999983554499
C:\Users\damba\.cache\kagglehub\datasets\sunnykusawa\ecommerce-products-image-dataset\versions\1\ecommerce products\tshirt\37.jpg,tshirt,exito,2.950689685252564,6.88890024695821,9.713630972098876,9.819565595224118,9.999999999985189,-9.999987534326026,-9.999999999995392
C:\Users\damba\.cache\kagglehub\datasets\sunnykusawa\ecommerce-products-image-dataset\versions\1\ecommerce products\tshirt\38.jpg,tshirt,exito,2.8588761655912363,6.00810702139027,9.75194971362621,9.87637195875308,-9.999999999993731,9.999860660145805,9.99999999999645
C:\Users\damba\.cache\kagglehub\datasets\sunnykusawa\ecommerce-products-image-dataset\versions\1\ecommerce products\tshirt\39.jpg,tshirt,exito,2.8928075810484573,7.470530669649416,9.972345268252148,9.873141014943094,-9.99999999999835,-9.999973994473972,9.999999999998545
C:\Users\damba\.cache\kagglehub\datasets\sunnykusawa\ecommerce-products-image-dataset\versions\1\ecommerce products\tshirt\4.jpg,tshirt,exito,3.114947826898698,7.1935475726643165,9.552423716693664,9.977075608120234,-9.999999999999467,-9.999995234911761,-9.999999999999492
C:\Users\damba\.cache\kagglehub\datasets\sunnykusawa\ecommerce-products-image-dataset\versions\1\ecommerce products\tshirt\40.jpg,tshirt,exito,3.1396270569580373,7.270284438056862,9.801653475344569,9.989289022025481,-9.999999999999897,-9.999997583773146,9.999999999999918
C:\Users\damba\.cache\kagglehub\datasets\sunnykusawa\ecommerce-products-image-dataset\versions\1\ecommerce products\tshirt\41.jpg,tshirt,exito,3.1871608020626296,8.268569697609664,9.986925550943695,9.999812573693593,10.0,9.999999986920363,-10.0
C:\Users\damba\.cache\kagglehub\datasets\sunnykusawa\ecommerce-products-image-dataset\versions\1\ecommerce products\tshirt\42.jpg,tshirt,exito,3.069486204987742,6.797892166353998,9.919172518540863,9.982591104590897,9.99999999999984,9.999992932806665,-9.999999999999973
C:\Users\damba\.cache\kagglehub\datasets\sunnykusawa\ecommerce-products-image-dataset\versions\1\ecommerce products\tshirt\43.jpg,tshirt,exito,2.9500213579825028,7.1114484158100195,9.37256133278501,9.988640769656106,9.999999999999675,9.999997104526097,-9.999999999999911
C:\Users\damba\.cache\kagglehub\datasets\sunnykusawa\ecommerce-products-image-dataset\versions\1\ecommerce products\tshirt\44.jpg,tshirt,exito,2.935143317855103,6.819904356119319,9.702304294159697,9.890262726231612,9.999999999995833,9.999969813759545,-9.999999999994827
C:\Users\damba\.cache\kagglehub\datasets\sunnykusawa\ecommerce-products-image-dataset\versions\1\ecommerce products\tshirt\45.jpg,tshirt,exito,2.9840517715724264,6.576130754317868,9.853636160455318,9.962251785408803,9.999999999999812,9.999986807084383,9.999999999999272
C:\Users\damba\.cache\kagglehub\datasets\sunnykusawa\ecommerce-products-image-dataset\versions\1\ecommerce products\tshirt\46.jpg,tshirt,exito,2.8582361983473996,7.288199981123003,9.727643905327087,9.82025614063539,-9.999999999997996,-9.99998397447873,9.999999999985247
C:\Users\damba\.cache\kagglehub\datasets\sunnykusawa\ecommerce-products-image-dataset\versions\1\ecommerce products\tshirt\47.jpg,tshirt,exito,2.912127361137475,7.156985996262446,9.504302990066359,9.975661927835505,-9.999999999999195,9.999998670720494,9.999999999999648
C:\Users\damba\.cache\kagglehub\datasets\sunnykusawa\ecommerce-products-image-dataset\versions\1\ecommerce products\tshirt\48.jpg,tshirt,exito,3.0961850901325505,7.352908035873766,9.49051059838137,9.964217644684373,-9.999999999999298,-9.999996033142335,-9.999999999998526
C:\Users\damba\.cache\kagglehub\datasets\sunnykusawa\ecommerce-products-image-dataset\versions\1\ecommerce products\tshirt\49.jpg,tshirt,exito,2.8274880850350117,6.803790174545609,9.052347196885831,9.988782342695046,-9.999999999999844,-9.999997407781725,-9.999999999999508
C:\Users\damba\.cache\kagglehub\datasets\sunnykusawa\ecommerce-products-image-dataset\versions\1\ecommerce products\tshirt\5.jpg,tshirt,exito,3.1298562460028676,7.041737020428044,9.85392836447544,9.983706708863881,9.999999999999833,9.999995249885757,9.999999999999881
C:\Users\damba\.cache\kagglehub\datasets\sunnykusawa\ecommerce-products-image-dataset\versions\1\ecommerce products\tshirt\50.jpg,tshirt,exito,3.1449911730124094,7.914120216272055,9.828767360520667,9.985733922499684,9.99999999999982,9.999998617147922,-9.999999999999957
C:\Users\damba\.cache\kagglehub\datasets\sunnykusawa\ecommerce-products-image-dataset\versions\1\ecommerce products\tshirt\51.jpg,tshirt,exito,2.975687847116752,7.1350087711630135,9.957583404009709,9.902602600937605,9.99999999999874,9.999970782953756,9.99999999999878
C:\Users\damba\.cache\kagglehub\datasets\sunnykusawa\ecommerce-products-image-dataset\versions\1\ecommerce products\tshirt\52.jpg,tshirt,exito,2.9388304382315162,7.760281711002574,9.36160577255181,9.98615240959549,-9.999999999999607,9.99999853004954,9.999999999999753
C:\Users\damba\.cache\kagglehub\datasets\sunnykusawa\ecommerce-products-image-dataset\versions\1\ecommerce products\tshirt\53.jpg,tshirt,exito,2.9884981927712913,7.388863602813131,9.174499163793227,9.923290079952604,-9.999999999996753,-9.999996813591077,-9.999999999991823
C:\Users\damba\.cache\kagglehub\datasets\sunnykusawa\ecommerce-products-image-dataset\versions\1\ecommerce products\tshirt\54.jpg,tshirt,exito,2.8416954632286218,7.356461114114609,9.687405316756326,9.8583180336477,-9.999999999991012,-9.999965253500317,-9.999999999994227
C:\Users\damba\.cache\kagglehub\datasets\sunnykusawa\ecommerce-products-image-dataset\versions\1\ecommerce products\tshirt\55.jpg,tshirt,exito,2.8607314321930617,6.065096936163063,9.598001510395402,9.948301453549522,-9.999999999997693,-9.99995684253784,-9.999999999999305
C:\Users\damba\.cache\kagglehub\datasets\sunnykusawa\ecommerce-products-image-dataset\versions\1\ecommerce products\tshirt\56.jpg,tshirt,exito,3.09427223906121,7.034199498158232,9.835622581736633,9.969448187994946,9.999999999999547,9.999995289296365,9.999999999999638
C:\Users\damba\.cache\kagglehub\datasets\sunnykusawa\ecommerce-products-image-dataset\versions\1\ecommerce products\tshirt\57.jpg,tshirt,exito,3.1345086108835876,7.736665497338328,9.708196904163723,9.984678031465513,-9.999999999999828,-9.9999993101474,-9.999999999999767
C:\Users\damba\.cache\kagglehub\datasets\sunnykusawa\ecommerce-products-image-dataset\versions\1\ecommerce products\tshirt\58.jpg,tshirt,exito,3.052390893325512,6.9878768974833685,9.929427287115146,9.707785131539081,9.999999999982926,9.999876551002886,-9.99999999999835
C:\Users\damba\.cache\kagglehub\datasets\sunnykusawa\ecommerce-products-image-dataset\versions\1\ecommerce products\tshirt\59.jpg,tshirt,exito,3.0485106513248685,6.898970807194606,9.595264385284064,9.892670612979773,9.999999999993108,9.999958812186264,-9.99999999999594
C:\Users\damba\.cache\kagglehub\datasets\sunnykusawa\ecommerce-products-image-dataset\versions\1\ecommerce products\tshirt\6.jpg,tshirt,exito,2.9961676566071853,7.222091346220486,9.464677553743167,9.917780114627638,9.999999999997975,9.999990234676734,-9.999999999993884
C:\Users\damba\.cache\kagglehub\datasets\sunnykusawa\ecommerce-products-image-dataset\versions\1\ecommerce products\tshirt\60.jpg,tshirt,exito,3.0374974975978235,6.639639032532545,9.977885612769219,9.994295972612274,-9.999999999999986,-9.99999738243047,-9.999999999999995
C:\Users\damba\.cache\kagglehub\datasets\sunnykusawa\ecommerce-products-image-dataset\versions\1\ecommerce products\tshirt\61.jpg,tshirt,exito,3.086595977558208,8.006066111702754,9.388653799412857,9.995528437647296,-9.999999999999964,9.999999733197905,9.999999999999927
C:\Users\damba\.cache\kagglehub\datasets\sunnykusawa\ecommerce-products-image-dataset\versions\1\ecommerce products\tshirt\62.jpg,tshirt,exito,2.8030219531413794,6.206830637757569,9.061739018466438,9.876898753953721,9.999999999988617,9.999976095218479,9.99999999998051
C:\Users\damba\.cache\kagglehub\datasets\sunnykusawa\ecommerce-products-image-dataset\versions\1\ecommerce products\tshirt\63.jpg,tshirt,exito,3.0802827210992847,7.04131773601779,9.710264105717387,9.992947528881588,10.0,-9.999999221490599,-9.999999999999911
C:\Users\damba\.cache\kagglehub\datasets\sunnykusawa\ecommerce-products-image-dataset\versions\1\ecommerce products\tshirt\64.jpg,tshirt,exito,3.1606512091101195,7.504331904559194,9.99907625414574,9.999965654281214,10.0,-9.999999998770921,-10.0
C:\Users\damba\.cache\kagglehub\datasets\sunnykusawa\ecommerce-products-image-dataset\versions\1\ecommerce products\tshirt\65.jpg,tshirt,exito,3.0579245019833152,7.703546578312101,9.489232423875325,9.919821587845508,-9.99999999999862,-9.999998578856879,-9.999999999994227
C:\Users\damba\.cache\kagglehub\datasets\sunnykusawa\ecommerce-products-image-dataset\versions\1\ecommerce products\tshirt\66.jpg,tshirt,exito,2.9837863689277437,6.524862055142342,9.808871370377108,9.88599918351519,9.999999999995493,9.999930057516574,9.999999999997192
C:\Users\damba\.cache\kagglehub\datasets\sunnykusawa\ecommerce-products-image-dataset\versions\1\ecommerce products\tshirt\67.jpg,tshirt,exito,3.080444656988897,8.573812466952443,9.592640414808885,9.98372292820248,-9.999999999999657,9.999999890829148,9.999999999999785
C:\Users\damba\.cache\kagglehub\datasets\sunnykusawa\ecommerce-products-image-dataset\versions\1\ecommerce products\tshirt\68.jpg,tshirt,exito,2.768385865680947,6.412983173356329,8.79217374928381,9.045511885824196,9.99999999755604,9.998768350791195,-9.99999999705504
C:\Users\damba\.cache\kagglehub\datasets\sunnykusawa\ecommerce-products-image-dataset\versions\1\ecommerce products\tshirt\69.jpg,tshirt,exito,3.0384707843934584,6.803403393210486,9.50425258958833,9.960369353730078,-9.999999999999083,-9.99998438179247,9.999999999998366
C:\Users\damba\.cache\kagglehub\datasets\sunnykusawa\ecommerce-products-image-dataset\versions\1\ecommerce products\tshirt\7.jpg,tshirt,exito,3.0844100942731933,6.811656097312179,9.805239637761751,9.983130470722681,-9.999999999999742,-9.999993351159125,-9.999999999999995
C:\Users\damba\.cache\kagglehub\datasets\sunnykusawa\ecommerce-products-image-dataset\versions\1\ecommerce products\tshirt\70.jpg,tshirt,exito,2.6779452978620806,6.061134284076124,8.489385108112181,9.312288393725684,-9.99999999928924,9.999859952267196,-9.999999998287251
C:\Users\damba\.cache\kagglehub\datasets\sunnykusawa\ecommerce-products-image-dataset\versions\1\ecommerce products\tshirt\71.jpg,tshirt,exito,3.1313142169588954,7.749369426645785,9.71956304837889,9.97419585104541,9.99999999999942,9.999999180363652,-9.999999999999766
C:\Users\damba\.cache\kagglehub\datasets\sunnykusawa\ecommerce-products-image-dataset\versions\1\ecommerce products\tshirt\72.jpg,tshirt,exito,3.1316543357437556,7.846167714685268,9.778238949912229,9.983086120550288,9.99999999999975,-9.99999820132015,9.999999999999872
C:\Users\damba\.cache\kagglehub\datasets\sunnykusawa\ecommerce-products-image-dataset\versions\1\ecommerce products\tshirt\73.jpg,tshirt,exito,3.1663401192792318,8.486804000418678,9.898565035359654,9.999761402328136,10.0,9.999999986584163,-10.0
C:\Users\damba\.cache\kagglehub\datasets\sunnykusawa\ecommerce-products-image-dataset\versions\1\ecommerce products\tshirt\74.jpg,tshirt,exito,2.680795692214817,6.469479906409205,8.391323707788171,8.984874599459811,9.999999992983692,-9.998307110085031,-9.999999996545816
C:\Users\damba\.cache\kagglehub\datasets\sunnykusawa\ecommerce-products-image-dataset\versions\1\ecommerce products\tshirt\75.jpg,tshirt,exito,3.133877769120283,7.348702681712871,9.978414876295702,9.981889342036828,9.999999999999927,9.999998067933458,9.999999999999956
C:\Users\damba\.cache\kagglehub\datasets\sunnykusawa\ecommerce-products-image-dataset\versions\1\ecommerce products\tshirt\76.jpg,tshirt,exito,3.1578456952813623,7.444255946420162,9.972612800734899,9.999507714385045,10.0,9.999999936753673,10.0
C:\Users\damba\.cache\kagglehub\datasets\sunnykusawa\ecommerce-products-image-dataset\versions\1\ecommerce products\tshirt\77.jpg,tshirt,exito,3.109527210141742,7.307698501321055,9.944509604238215,9.99949727164899,-10.0,-9.999999934662187,-10.0
C:\Users\damba\.cache\kagglehub\datasets\sunnykusawa\ecommerce-products-image-dataset\versions\1\ecommerce products\tshirt\78.jpg,tshirt,exito,3.0916246774837437,7.742126925915858,9.42520548906064,9.996426013712755,-9.99999999999996,-9.999999909314257,-9.999999999999964
C:\Users\damba\.cache\kagglehub\datasets\sunnykusawa\ecommerce-products-image-dataset\versions\1\ecommerce products\tshirt\79.jpg,tshirt,exito,3.1272545340837814,6.928369481919626,9.863417128331658,9.98759089578159,9.999999999999885,9.99999666020181,9.999999999999941
C:\Users\damba\.cache\kagglehub\datasets\sunnykusawa\ecommerce-products-image-dataset\versions\1\ecommerce products\tshirt\8.jpg,tshirt,exito,3.164080399023581,7.5006889799706045,9.994707462191297,9.999957052072586,10.0,9.999999997361133,-10.0
C:\Users\damba\.cache\kagglehub\datasets\sunnykusawa\ecommerce-products-image-dataset\versions\1\ecommerce products\tshirt\80.jpg,tshirt,exito,3.133936716021733,7.886871467626121,9.964191429545936,9.995628418983351,-9.999999999999991,9.999999501448315,-9.999999999999991
C:\Users\damba\.cache\kagglehub\datasets\sunnykusawa\ecommerce-products-image-dataset\versions\1\ecommerce products\tshirt\81.jpg,tshirt,exito,3.043941779879952,6.809537968219174,9.676089985317118,9.888400552363047,9.999999999993237,9.999961784507065,9.999999999997383
C:\Users\damba\.cache\kagglehub\datasets\sunnykusawa\ecommerce-products-image-dataset\versions\1\ecommerce products\tshirt\82.jpg,tshirt,exito,2.892151788848269,6.18961531368409,9.594309311748344,9.557068164339848,9.99999999992529,9.99945849567212,9.999999999896767
C:\Users\damba\.cache\kagglehub\datasets\sunnykusawa\ecommerce-products-image-dataset\versions\1\ecommerce products\tshirt\83.jpg,tshirt,exito,3.1690047842915443,8.38722335584591,9.997918626318945,9.995450803927332,10.0,9.999999711375027,-9.999999999999996
C:\Users\damba\.cache\kagglehub\datasets\sunnykusawa\ecommerce-products-image-dataset\versions\1\ecommerce products\tshirt\84.jpg,tshirt,exito,3.1092742749967415,7.534295577311464,9.915938490484603,9.996322326262426,-9.999999999999984,-9.999999388919433,9.999999999999998
C:\Users\damba\.cache\kagglehub\datasets\sunnykusawa\ecommerce-products-image-dataset\versions\1\ecommerce products\tshirt\85.jpg,tshirt,exito,2.9008125814700447,7.274428408102767,9.386503747971169,9.303903408703516,9.999999999409448,-9.999969607073758,9.999999999869349
C:\Users\damba\.cache\kagglehub\datasets\sunnykusawa\ecommerce-products-image-dataset\versions\1\ecommerce products\tshirt\86.jpg,tshirt,exito,2.9905635859747317,6.8848320195445725,9.408921147839465,9.90147787826659,9.999999999990534,9.999973056888937,9.999999999999153
C:\Users\damba\.cache\kagglehub\datasets\sunnykusawa\ecommerce-products-image-dataset\versions\1\ecommerce products\tshirt\87.jpg,tshirt,exito,3.141108580807233,7.442493997585337,9.970144776674735,9.999849792614016,-10.0,9.999999979021565,-10.0
C:\Users\damba\.cache\kagglehub\datasets\sunnykusawa\ecommerce-products-image-dataset\versions\1\ecommerce products\tshirt\88.jpg,tshirt,exito,3.1710591018050405,7.902585397388565,9.98185022491171,9.999929029274844,10.0,9.999999994424385,10.0
C:\Users\damba\.cache\kagglehub\datasets\sunnykusawa\ecommerce-products-image-dataset\versions\1\ecommerce products\tshirt\89.jpg,tshirt,exito,3.1401407557675727,9.812065762043833,9.733808462449954,9.998782362991415,-9.999999999999996,-9.999999995490821,9.999999999999995
C:\Users\damba\.cache\kagglehub\datasets\sunnykusawa\ecommerce-products-image-dataset\versions\1\ecommerce products\tshirt\9.jpg,tshirt,exito,3.1638547980734386,8.129833754330507,9.969398918833903,9.998007191745405,-9.999999999999996,9.999999831937908,-10.0
C:\Users\damba\.cache\kagglehub\datasets\sunnykusawa\ecommerce-products-image-dataset\versions\1\ecommerce products\tshirt\90.jpg,tshirt,exito,3.154486427750109,8.559962565911578,9.937001338206025,9.96130186225585,9.999999999999519,9.999997925862262,9.999999999999922
C:\Users\damba\.cache\kagglehub\datasets\sunnykusawa\ecommerce-products-image-dataset\versions\1\ecommerce products\tshirt\91.jpg,tshirt,exito,3.167497830184379,7.7775180720617705,9.958989119086162,9.999554402239799,-10.0,9.999999981597027,10.0
C:\Users\damba\.cache\kagglehub\datasets\sunnykusawa\ecommerce-products-image-dataset\versions\1\ecommerce products\tshirt\92.jpg,tshirt,exito,2.9242144058758646,8.48450608454179,9.984213408322011,9.923957260762483,-9.999999999999302,-9.999995328895157,-9.999999999999947
C:\Users\damba\.cache\kagglehub\datasets\sunnykusawa\ecommerce-products-image-dataset\versions\1\ecommerce products\tshirt\93.jpg,tshirt,exito,3.180461017053971,8.40879086253739,9.96564825020497,9.999891895150139,10.0,-9.999999994558548,-10.0
C:\Users\damba\.cache\kagglehub\datasets\sunnykusawa\ecommerce-products-image-dataset\versions\1\ecommerce products\tshirt\94.jpg,tshirt,exito,3.1785789062578216,8.63448195478037,9.864454320282942,9.999931938806316,-10.0,9.999999998101815,-10.0
C:\Users\damba\.cache\kagglehub\datasets\sunnykusawa\ecommerce-products-image-dataset\versions\1\ecommerce products\tshirt\95.jpg,tshirt,exito,2.79977257287011,9.008578203398823,9.977181483096127,9.617360595821346,9.999999999983162,-9.999981819104345,-9.999999999998053
C:\Users\damba\.cache\kagglehub\datasets\sunnykusawa\ecommerce-products-image-dataset\versions\1\ecommerce products\tshirt\96.jpg,tshirt,exito,3.155578990493633,7.354261943640952,9.97233279872681,9.999544815009184,10.0,9.999999904792032,-10.0
C:\Users\damba\.cache\kagglehub\datasets\sunnykusawa\ecommerce-products-image-dataset\versions\1\ecommerce products\tshirt\97.jpg,tshirt,exito,3.0543978572536137,6.582866316304273,9.558348424704317,9.938945765457316,9.999999999997058,9.999970083692718,9.99999999999833
C:\Users\damba\.cache\kagglehub\datasets\sunnykusawa\ecommerce-products-image-dataset\versions\1\ecommerce products\tshirt\98.jpg,tshirt,exito,2.8157199884024116,6.633029638225295,8.638912348918403,9.721341037781869,9.9999999999587,9.999940727590733,-9.999999999831312
C:\Users\damba\.cache\kagglehub\datasets\sunnykusawa\ecommerce-products-image-dataset\versions\1\ecommerce products\tshirt\99.jpg,tshirt,exito,3.122735526721511,8.364206801224,9.650045768122574,9.945397267492659,9.99999999999769,-9.999999809517451,-9.999999999999469
C:\Users\damba\.cache\kagglehub\datasets\sunnykusawa\ecommerce-products-image-dataset\versions\1\ecommerce products\tv\1.jpg,tv,exito,3.0941447625551874,6.960508678557505,9.977708272360754,9.997292288771037,10.0,9.999999480797259,-9.999999999999995
C:\Users\damba\.cache\kagglehub\datasets\sunnykusawa\ecommerce-products-image-dataset\versions\1\ecommerce products\tv\10.jpg,tv,exito,3.0981690435552096,6.871996841414757,9.989680315370254,9.99238936688092,9.999999999999988,9.99999725511876,9.99999999999999
C:\Users\damba\.cache\kagglehub\datasets\sunnykusawa\ecommerce-products-image-dataset\versions\1\ecommerce products\tv\100.jpg,tv,exito,3.053659036958188,7.505716415643649,9.995783147220653,9.999718030450321,10.0,9.999999957683807,10.0
C:\Users\damba\.cache\kagglehub\datasets\sunnykusawa\ecommerce-products-image-dataset\versions\1\ecommerce products\tv\101.jpg,tv,exito,2.7875474854765323,6.847736665083449,9.026871463698974,9.958828360463523,-9.999999999998288,9.99999502089334,-9.999999999996444
C:\Users\damba\.cache\kagglehub\datasets\sunnykusawa\ecommerce-products-image-dataset\versions\1\ecommerce products\tv\102.jpg,tv,exito,3.0979454661097288,7.010885893580462,9.990967850529973,9.987164432996547,9.999999999999984,9.999997150559334,9.999999999999972
C:\Users\damba\.cache\kagglehub\datasets\sunnykusawa\ecommerce-products-image-dataset\versions\1\ecommerce products\tv\103.jpg,tv,exito,2.2717447838903717,4.71184171007389,8.328630315304625,8.399173304290525,9.999999928637004,9.933478370594582,9.999999999357886
C:\Users\damba\.cache\kagglehub\datasets\sunnykusawa\ecommerce-products-image-dataset\versions\1\ecommerce products\tv\104.jpg,tv,exito,3.0714372219373405,7.501676432210224,9.892303921605185,9.973398844626447,9.999999999999803,9.999996240860114,-9.999999999999691
C:\Users\damba\.cache\kagglehub\datasets\sunnykusawa\ecommerce-products-image-dataset\versions\1\ecommerce products\tv\105.jpg,tv,exito,2.9934598304418567,6.489900470665729,9.226787174834504,9.440507115965762,9.999999999589445,9.999351650203836,9.999999999997522
C:\Users\damba\.cache\kagglehub\datasets\sunnykusawa\ecommerce-products-image-dataset\versions\1\ecommerce products\tv\106.jpg,tv,exito,2.8875840667885835,6.831153721954443,9.857394515799806,9.77159335872162,-9.999999999984652,-9.999884829913668,-9.999999999997273
C:\Users\damba\.cache\kagglehub\datasets\sunnykusawa\ecommerce-products-image-dataset\versions\1\ecommerce products\tv\107.jpg,tv,exito,2.748787611632847,6.714296221258774,9.802477496981217,9.477490874558384,9.99999999998346,-9.999929452275255,9.99999999988392
C:\Users\damba\.cache\kagglehub\datasets\sunnykusawa\ecommerce-products-image-dataset\versions\1\ecommerce products\tv\108.jpg,tv,exito,2.783953430463829,5.713438920470612,9.959952766989582,9.983461247034805,9.999999999999899,9.99997770544437,9.999999999999984
C:\Users\damba\.cache\kagglehub\datasets\sunnykusawa\ecommerce-products-image-dataset\versions\1\ecommerce products\tv\109.jpg,tv,exito,3.025017065868013,7.604732746410232,9.758538080227865,9.720712826519506,9.999999999971214,-9.999971535662192,-9.999999999985791
C:\Users\damba\.cache\kagglehub\datasets\sunnykusawa\ecommerce-products-image-dataset\versions\1\ecommerce products\tv\11.jpg,tv,exito,2.9699202603228927,6.499720016820353,9.99242848618677,9.976125766902653,9.999999999999972,9.999988967874605,9.999999999999929
C:\Users\damba\.cache\kagglehub\datasets\sunnykusawa\ecommerce-products-image-dataset\versions\1\ecommerce products\tv\110.jpg,tv,exito,3.025943244663924,8.7853673918943,9.618229562981309,9.708584238051918,9.999999999951804,-9.999983716793215,-9.999999999999998
C:\Users\damba\.cache\kagglehub\datasets\sunnykusawa\ecommerce-products-image-dataset\versions\1\ecommerce products\tv\111.jpg,tv,exito,3.051562201194676,6.929429883993697,9.991982194452104,9.98984540037164,9.999999999999984,9.999996478218012,9.999999999999986
C:\Users\damba\.cache\kagglehub\datasets\sunnykusawa\ecommerce-products-image-dataset\versions\1\ecommerce products\tv\112.jpg,tv,exito,3.069101191238228,6.7679793437724545,9.996567013429646,9.988289522247994,-9.999999999999982,-9.999996022840152,9.999999999999998
C:\Users\damba\.cache\kagglehub\datasets\sunnykusawa\ecommerce-products-image-dataset\versions\1\ecommerce products\tv\113.jpg,tv,exito,3.1019271523032286,6.803355537214711,9.996888306464134,9.999479629242323,10.0,-9.999999897602201,-10.0
C:\Users\damba\.cache\kagglehub\datasets\sunnykusawa\ecommerce-products-image-dataset\versions\1\ecommerce products\tv\114.jpg,tv,exito,3.059420720703634,6.729336129456161,9.981719225027957,9.968289604071106,9.99999999999986,9.999987489333979,-9.999999999999876
C:\Users\damba\.cache\kagglehub\datasets\sunnykusawa\ecommerce-products-image-dataset\versions\1\ecommerce products\tv\115.jpg,tv,exito,3.0832533149173216,6.758629915060605,9.996976119320008,9.999538974460057,-10.0,-9.999999897380647,-10.0
C:\Users\damba\.cache\kagglehub\datasets\sunnykusawa\ecommerce-products-image-dataset\versions\1\ecommerce products\tv\116.jpg,tv,exito,2.8379134494723264,6.027526654615921,9.984539980212848,9.976568460178763,9.999999999999897,9.99998024350098,-9.99999999999997
C:\Users\damba\.cache\kagglehub\datasets\sunnykusawa\ecommerce-products-image-dataset\versions\1\ecommerce products\tv\117.jpg,tv,exito,2.96279339059555,7.070726992782667,9.889953850276143,9.966178823506917,-9.999999999999517,-9.999990239381038,9.999999999999766
C:\Users\damba\.cache\kagglehub\datasets\sunnykusawa\ecommerce-products-image-dataset\versions\1\ecommerce products\tv\118.jpg,tv,exito,2.977881716085539,7.450545856475391,9.571876311896656,9.849306306363452,-9.999999999996318,-9.999977551508211,9.99999999998542
C:\Users\damba\.cache\kagglehub\datasets\sunnykusawa\ecommerce-products-image-dataset\versions\1\ecommerce products\tv\119.jpg,tv,exito,3.0221727285294198,6.793072002805855,9.96596094725856,9.824072512108543,9.99999999999596,9.999914070058493,9.999999999998314
C:\Users\damba\.cache\kagglehub\datasets\sunnykusawa\ecommerce-products-image-dataset\versions\1\ecommerce products\tv\12.jpg,tv,exito,3.07468079016635,7.473973671583013,9.94678500656292,9.919257605223033,-9.999999999998982,-9.99999009904579,9.99999999999897
C:\Users\damba\.cache\kagglehub\datasets\sunnykusawa\ecommerce-products-image-dataset\versions\1\ecommerce products\tv\120.jpg,tv,exito,3.120994381591859,6.848211478367714,9.999704612947227,9.999950073211641,-10.0,-9.999999981822935,-10.0
C:\Users\damba\.cache\kagglehub\datasets\sunnykusawa\ecommerce-products-image-dataset\versions\1\ecommerce products\tv\121.jpg,tv,exito,3.0669576534633745,6.799521726104298,9.963132165758456,9.994096514724957,9.999999999999993,9.99999848006323,-9.99999999999998
C:\Users\damba\.cache\kagglehub\datasets\sunnykusawa\ecommerce-products-image-dataset\versions\1\ecommerce products\tv\122.jpg,tv,exito,2.8099633412828986,6.238485789891859,8.93888385605304,9.423934186103079,9.999999999510344,9.999370694921003,-9.999999999575136
C:\Users\damba\.cache\kagglehub\datasets\sunnykusawa\ecommerce-products-image-dataset\versions\1\ecommerce products\tv\123.jpg,tv,exito,3.079402010646928,7.4824674670268365,9.789909755867532,9.947034015343172,9.999999999998424,-9.99998980154501,-9.999999999999721
C:\Users\damba\.cache\kagglehub\datasets\sunnykusawa\ecommerce-products-image-dataset\versions\1\ecommerce products\tv\124.jpg,tv,exito,3.109564773786955,6.930177808523274,9.989362407585022,9.987328099937535,9.999999999999979,9.999995606489465,-9.999999999999972
C:\Users\damba\.cache\kagglehub\datasets\sunnykusawa\ecommerce-products-image-dataset\versions\1\ecommerce products\tv\125.jpg,tv,exito,3.073158934301077,6.721720101276606,9.979454787554616,9.992563416843083,9.999999999999979,9.999996737304834,-9.999999999999993
C:\Users\damba\.cache\kagglehub\datasets\sunnykusawa\ecommerce-products-image-dataset\versions\1\ecommerce products\tv\126.jpg,tv,exito,3.118659275238015,6.9741091838660925,9.96255029437115,9.99203066348377,9.999999999999973,-9.99999935438381,9.99999999999998
C:\Users\damba\.cache\kagglehub\datasets\sunnykusawa\ecommerce-products-image-dataset\versions\1\ecommerce products\tv\127.jpg,tv,exito,3.0832533149173216,6.758629915060605,9.996976119320008,9.999538974460057,-10.0,-9.999999897380647,-10.0
C:\Users\damba\.cache\kagglehub\datasets\sunnykusawa\ecommerce-products-image-dataset\versions\1\ecommerce products\tv\128.jpg,tv,exito,3.138648547675084,7.06085434545084,9.998089132002724,9.999662543477337,-10.0,-9.999999933307455,10.0
C:\Users\damba\.cache\kagglehub\datasets\sunnykusawa\ecommerce-products-image-dataset\versions\1\ecommerce products\tv\129.jpg,tv,exito,3.132071146018477,7.051102024065326,9.807277156809944,9.981843027608068,9.999999999999769,9.999995351524378,9.99999999999983
C:\Users\damba\.cache\kagglehub\datasets\sunnykusawa\ecommerce-products-image-dataset\versions\1\ecommerce products\tv\13.jpg,tv,exito,3.0690505046204763,7.615562606001238,9.799759109771108,9.975547930308938,-9.99999999999981,-9.999997624595082,9.999999999999577
C:\Users\damba\.cache\kagglehub\datasets\sunnykusawa\ecommerce-products-image-dataset\versions\1\ecommerce products\tv\130.jpg,tv,exito,3.120308640714896,6.847058520281342,9.999215732324666,9.999890640045386,-10.0,-9.999999958828782,10.0
C:\Users\damba\.cache\kagglehub\datasets\sunnykusawa\ecommerce-products-image-dataset\versions\1\ecommerce products\tv\131.jpg,tv,exito,3.1431120265258476,7.448056545675761,9.957098164733832,9.994590520571078,9.99999999999998,9.999998991942643,9.999999999999995
C:\Users\damba\.cache\kagglehub\datasets\sunnykusawa\ecommerce-products-image-dataset\versions\1\ecommerce products\tv\132.jpg,tv,exito,3.139073775341624,6.984252450926272,9.999691323097878,9.999969284355954,-10.0,-9.999999990146787,-10.0
C:\Users\damba\.cache\kagglehub\datasets\sunnykusawa\ecommerce-products-image-dataset\versions\1\ecommerce products\tv\133.jpg,tv,exito,2.8506262511221507,6.2751122448427905,8.989554487085508,9.519989807800094,9.999999999692744,9.99952461887242,-9.999999999777968
C:\Users\damba\.cache\kagglehub\datasets\sunnykusawa\ecommerce-products-image-dataset\versions\1\ecommerce products\tv\134.jpg,tv,exito,3.0772760303455367,6.944648844306064,9.988710784696101,9.997212568553245,-10.0,-9.999999911665281,9.999999999999996
C:\Users\damba\.cache\kagglehub\datasets\sunnykusawa\ecommerce-products-image-dataset\versions\1\ecommerce products\tv\135.jpg,tv,exito,3.0772760303455367,6.944648844306064,9.988710784696101,9.997212568553245,-10.0,-9.999999911665281,9.999999999999996
C:\Users\damba\.cache\kagglehub\datasets\sunnykusawa\ecommerce-products-image-dataset\versions\1\ecommerce products\tv\136.jpg,tv,exito,3.1056602323804863,6.9265171542922435,9.998490603993883,9.99582377946541,9.999999999999998,9.999998766527073,-9.999999999999998
C:\Users\damba\.cache\kagglehub\datasets\sunnykusawa\ecommerce-products-image-dataset\versions\1\ecommerce products\tv\137.jpg,tv,exito,3.17295647275861,8.480700258762417,9.847617408086569,9.99763342005012,9.999999999999991,9.999999901222981,-9.999999999999993
C:\Users\damba\.cache\kagglehub\datasets\sunnykusawa\ecommerce-products-image-dataset\versions\1\ecommerce products\tv\138.jpg,tv,exito,3.1424131127871946,7.083289261491444,9.996025241116332,9.999867100324094,-10.0,-9.999999963366532,10.0
C:\Users\damba\.cache\kagglehub\datasets\sunnykusawa\ecommerce-products-image-dataset\versions\1\ecommerce products\tv\139.jpg,tv,exito,3.1471899686401117,8.351461231981439,9.99068834321729,9.99748707976198,-9.999999999999996,-9.999999841704112,-10.0
C:\Users\damba\.cache\kagglehub\datasets\sunnykusawa\ecommerce-products-image-dataset\versions\1\ecommerce products\tv\14.jpg,tv,exito,3.0032916220664374,7.67624607869032,9.928595851125687,9.957400087039256,9.9999999999995,9.999993793656998,9.999999999999655
C:\Users\damba\.cache\kagglehub\datasets\sunnykusawa\ecommerce-products-image-dataset\versions\1\ecommerce products\tv\140.jpg,tv,exito,3.011656764534803,7.7190203626978295,9.667628669965984,9.986121849326482,9.999999999999918,9.99999914892204,9.99999999999974
C:\Users\damba\.cache\kagglehub\datasets\sunnykusawa\ecommerce-products-image-dataset\versions\1\ecommerce products\tv\141.jpg,tv,exito,3.0501089015749168,7.448310696022818,9.501734386274013,9.806872929117311,9.999999999973397,9.99995430150874,-9.999999999997904
C:\Users\damba\.cache\kagglehub\datasets\sunnykusawa\ecommerce-products-image-dataset\versions\1\ecommerce products\tv\142.jpg,tv,exito,3.060266843342422,7.480691427287809,9.775200202613572,9.967913177203831,9.999999999999728,-9.999996236640182,9.999999999999291
C:\Users\damba\.cache\kagglehub\datasets\sunnykusawa\ecommerce-products-image-dataset\versions\1\ecommerce products\tv\143.jpg,tv,exito,3.150763305924032,7.158519545541808,9.999553042304633,9.999990824574311,-10.0,9.999999999029857,-10.0
C:\Users\damba\.cache\kagglehub\datasets\sunnykusawa\ecommerce-products-image-dataset\versions\1\ecommerce products\tv\144.jpg,tv,exito,3.09216220714526,7.733530731039248,9.868381677141006,9.986254824517465,9.999999999999945,-9.999998194484352,-9.999999999999861
C:\Users\damba\.cache\kagglehub\datasets\sunnykusawa\ecommerce-products-image-dataset\versions\1\ecommerce products\tv\145.jpg,tv,exito,2.9882157180852107,6.8006407509718,9.957036245956214,9.992134847099955,-9.999999999999966,-9.99999684384327,10.0
C:\Users\damba\.cache\kagglehub\datasets\sunnykusawa\ecommerce-products-image-dataset\versions\1\ecommerce products\tv\146.jpg,tv,exito,3.1557929818338843,7.160290151881021,9.99499653985194,9.999620211334575,-10.0,-9.99999990023189,-10.0
C:\Users\damba\.cache\kagglehub\datasets\sunnykusawa\ecommerce-products-image-dataset\versions\1\ecommerce products\tv\147.jpg,tv,exito,3.1833008614670835,8.227594388366699,9.996006802104514,9.99984874153332,-10.0,-9.999999988543024,10.0
C:\Users\damba\.cache\kagglehub\datasets\sunnykusawa\ecommerce-products-image-dataset\versions\1\ecommerce products\tv\148.jpg,tv,exito,3.0569570188695994,6.76622619405455,9.908784337325223,9.985981020696304,-9.999999999999881,-9.999997322571682,-9.999999999999964
C:\Users\damba\.cache\kagglehub\datasets\sunnykusawa\ecommerce-products-image-dataset\versions\1\ecommerce products\tv\149.jpg,tv,exito,2.802564454859464,5.68629265979859,9.98650935608966,9.995629465676421,9.999999999999993,9.999993827430005,9.999999999999998
C:\Users\damba\.cache\kagglehub\datasets\sunnykusawa\ecommerce-products-image-dataset\versions\1\ecommerce products\tv\15.jpg,tv,exito,3.0540164647141674,7.674046438204751,9.739980902844469,9.990210090765231,-9.999999999999876,9.999998713247487,-9.999999999999947
C:\Users\damba\.cache\kagglehub\datasets\sunnykusawa\ecommerce-products-image-dataset\versions\1\ecommerce products\tv\150.jpg,tv,exito,3.144256933870952,7.239396926844841,9.983329313894371,9.998467986363798,9.999999999999998,-9.99999998392934,10.0
C:\Users\damba\.cache\kagglehub\datasets\sunnykusawa\ecommerce-products-image-dataset\versions\1\ecommerce products\tv\151.jpg,tv,exito,2.906112987803585,6.5235527839532566,9.851472175308777,9.758973582992551,9.999999999994458,9.999873433723309,-9.999999999983167
C:\Users\damba\.cache\kagglehub\datasets\sunnykusawa\ecommerce-products-image-dataset\versions\1\ecommerce products\tv\152.jpg,tv,exito,3.0395348679292558,6.752091988379534,9.973887085443732,9.999010741012121,10.0,9.999999583508684,9.999999999999998
C:\Users\damba\.cache\kagglehub\datasets\sunnykusawa\ecommerce-products-image-dataset\versions\1\ecommerce products\tv\153.jpg,tv,exito,3.101956707074185,6.755976350897128,9.997318975352737,9.999290924866507,-10.0,-9.99999983110814,10.0
C:\Users\damba\.cache\kagglehub\datasets\sunnykusawa\ecommerce-products-image-dataset\versions\1\ecommerce products\tv\154.jpg,tv,exito,3.1685063596927696,7.544822951327126,9.998345360830514,9.999806832610828,10.0,9.999999992801174,-10.0
C:\Users\damba\.cache\kagglehub\datasets\sunnykusawa\ecommerce-products-image-dataset\versions\1\ecommerce products\tv\155.jpg,tv,exito,3.1025438760358908,6.8721293984622625,9.997824969686997,9.99429620918537,9.999999999999996,9.999997913532273,9.999999999999998
C:\Users\damba\.cache\kagglehub\datasets\sunnykusawa\ecommerce-products-image-dataset\versions\1\ecommerce products\tv\156.jpg,tv,exito,2.98445607309459,7.678484254175315,9.861987449327032,9.915385807204181,9.999999999997577,-9.999993468096358,-9.999999999998925
C:\Users\damba\.cache\kagglehub\datasets\sunnykusawa\ecommerce-products-image-dataset\versions\1\ecommerce products\tv\157.jpg,tv,exito,3.1025438760358908,6.8721293984622625,9.997824969686997,9.99429620918537,9.999999999999996,9.999997913532273,9.999999999999998
C:\Users\damba\.cache\kagglehub\datasets\sunnykusawa\ecommerce-products-image-dataset\versions\1\ecommerce products\tv\158.jpg,tv,exito,3.0181336639786753,8.234014280066996,9.519630516855198,9.837140131455424,9.999999999981434,9.999986007688697,9.99999999999618
C:\Users\damba\.cache\kagglehub\datasets\sunnykusawa\ecommerce-products-image-dataset\versions\1\ecommerce products\tv\159.jpg,tv,exito,3.038188989873479,6.939050841693877,9.88106507219738,9.985605018404824,9.999999999999854,9.999998165227487,-9.999999999999961
C:\Users\damba\.cache\kagglehub\datasets\sunnykusawa\ecommerce-products-image-dataset\versions\1\ecommerce products\tv\16.jpg,tv,exito,3.055624987013834,6.930877830265183,9.992264200906925,9.99104144303658,9.999999999999988,9.999996902551523,-9.999999999999988
C:\Users\damba\.cache\kagglehub\datasets\sunnykusawa\ecommerce-products-image-dataset\versions\1\ecommerce products\tv\160.jpg,tv,exito,3.0886554195093203,7.0640070960515,9.789625969849016,9.973063271778361,9.999999999999547,-9.999993193388304,9.99999999999968
C:\Users\damba\.cache\kagglehub\datasets\sunnykusawa\ecommerce-products-image-dataset\versions\1\ecommerce products\tv\161.jpg,tv,exito,2.930099382674255,6.842461546036158,9.745091978457323,9.858777085607512,-9.999999999991507,-9.999966795147877,-9.999999999996346
C:\Users\damba\.cache\kagglehub\datasets\sunnykusawa\ecommerce-products-image-dataset\versions\1\ecommerce products\tv\162.jpg,tv,exito,3.0793047346351554,7.204091455430045,9.90514763523066,9.980353244705299,-9.999999999999922,-9.9999950583701,9.999999999999801
C:\Users\damba\.cache\kagglehub\datasets\sunnykusawa\ecommerce-products-image-dataset\versions\1\ecommerce products\tv\163.jpg,tv,exito,3.0256529309956948,6.385287800217894,9.604980044379017,9.948718091516609,-9.999999999997668,-9.999965238094514,9.999999999999739
C:\Users\damba\.cache\kagglehub\datasets\sunnykusawa\ecommerce-products-image-dataset\versions\1\ecommerce products\tv\164.jpg,tv,exito,3.0886741663780573,6.782673379652642,9.99616375647485,9.998390301921118,-10.0,-9.999999771846282,-9.999999999999998
C:\Users\damba\.cache\kagglehub\datasets\sunnykusawa\ecommerce-products-image-dataset\versions\1\ecommerce products\tv\165.jpg,tv,exito,3.0028706992049212,6.728792182838945,9.994749617741515,9.95640797133166,9.999999999999865,9.999980287913452,-9.999999999999906
C:\Users\damba\.cache\kagglehub\datasets\sunnykusawa\ecommerce-products-image-dataset\versions\1\ecommerce products\tv\166.jpg,tv,exito,2.9302195521306276,6.997104403939096,9.684677588121321,9.271307738117343,-9.999999999747269,9.999420711286955,-9.999999999680243
C:\Users\damba\.cache\kagglehub\datasets\sunnykusawa\ecommerce-products-image-dataset\versions\1\ecommerce products\tv\167.jpg,tv,exito,2.976525037764401,7.09589646016998,9.84898433760441,9.972103178974926,9.99999999999975,-9.999997501968382,9.999999999999591
C:\Users\damba\.cache\kagglehub\datasets\sunnykusawa\ecommerce-products-image-dataset\versions\1\ecommerce products\tv\168.jpg,tv,exito,2.901480371678724,6.044819887328566,8.747263552208128,8.85999004025284,9.99999999182116,9.994755317023513,-9.999999999984489
C:\Users\damba\.cache\kagglehub\datasets\sunnykusawa\ecommerce-products-image-dataset\versions\1\ecommerce products\tv\169.jpg,tv,exito,2.540431960898573,5.166194995539011,7.9302477243194796,8.024811704935503,9.999999577356537,9.905166180709834,9.99999997638055
C:\Users\damba\.cache\kagglehub\datasets\sunnykusawa\ecommerce-products-image-dataset\versions\1\ecommerce products\tv\17.jpg,tv,exito,3.062313967904935,7.2417374949904625,9.722841625973405,9.957997278787204,-9.99999999999939,-9.999991931138219,9.99999999999882
C:\Users\damba\.cache\kagglehub\datasets\sunnykusawa\ecommerce-products-image-dataset\versions\1\ecommerce products\tv\170.jpg,tv,exito,2.8010989849853196,7.870008383866514,9.82364864969293,9.820374624274201,9.999999999993241,9.999988555160481,-9.999999999990983
C:\Users\damba\.cache\kagglehub\datasets\sunnykusawa\ecommerce-products-image-dataset\versions\1\ecommerce products\tv\171.jpg,tv,exito,2.8214598871379164,5.829847360704264,8.395351361454725,8.487407146254563,9.99999995178216,9.983651796607953,-9.99999999997345
C:\Users\damba\.cache\kagglehub\datasets\sunnykusawa\ecommerce-products-image-dataset\versions\1\ecommerce products\tv\172.jpg,tv,exito,2.9707558616195167,6.4479196275609,9.827348223666842,9.958993556471887,-9.999999999999437,-9.999988220383475,9.999999999999241
C:\Users\damba\.cache\kagglehub\datasets\sunnykusawa\ecommerce-products-image-dataset\versions\1\ecommerce products\tv\173.jpg,tv,exito,3.020636509191853,9.933184483899643,9.598225912482865,9.911472601895202,9.999999999997272,9.999999799657202,-9.999999999994927
C:\Users\damba\.cache\kagglehub\datasets\sunnykusawa\ecommerce-products-image-dataset\versions\1\ecommerce products\tv\174.jpg,tv,exito,2.9649652794550594,8.185383699841715,9.998122099803423,9.94705664988571,-9.999999999999973,-9.999995506509997,-9.999999999999869
C:\Users\damba\.cache\kagglehub\datasets\sunnykusawa\ecommerce-products-image-dataset\versions\1\ecommerce products\tv\175.jpg,tv,exito,3.067871633418593,7.503305804630957,9.993360154154049,9.976324738946898,-9.999999999999956,-9.999997813396574,9.999999999999943
C:\Users\damba\.cache\kagglehub\datasets\sunnykusawa\ecommerce-products-image-dataset\versions\1\ecommerce products\tv\176.jpg,tv,exito,2.955660327011795,6.598073701814077,9.735120832246984,9.854769698349818,9.999999999990038,9.999914803457324,9.99999999999993
C:\Users\damba\.cache\kagglehub\datasets\sunnykusawa\ecommerce-products-image-dataset\versions\1\ecommerce products\tv\177.jpg,tv,exito,2.910478972069727,6.951382702616757,9.92809159096529,9.902786344736366,9.99999999999842,9.999974743745893,9.999999999998307
C:\Users\damba\.cache\kagglehub\datasets\sunnykusawa\ecommerce-products-image-dataset\versions\1\ecommerce products\tv\178.jpg,tv,exito,3.078548955483077,7.0649297216943125,9.895501890529673,9.981362794972824,9.999999999999995,9.999994416924155,-9.999999999999792
C:\Users\damba\.cache\kagglehub\datasets\sunnykusawa\ecommerce-products-image-dataset\versions\1\ecommerce products\tv\179.jpg,tv,exito,3.1833008614670835,8.227594388366699,9.996006802104514,9.99984874153332,-10.0,-9.999999988543024,10.0
C:\Users\damba\.cache\kagglehub\datasets\sunnykusawa\ecommerce-products-image-dataset\versions\1\ecommerce products\tv\18.jpg,tv,exito,2.9966532052831694,6.493206426668773,9.99985117355238,9.999849372662215,-10.0,-9.999999940714257,-10.0
C:\Users\damba\.cache\kagglehub\datasets\sunnykusawa\ecommerce-products-image-dataset\versions\1\ecommerce products\tv\180.jpg,tv,exito,3.090795199153594,9.606148772520108,9.565843490398402,9.958949047732817,9.999999999998224,-9.99999961648095,9.999999999999954
C:\Users\damba\.cache\kagglehub\datasets\sunnykusawa\ecommerce-products-image-dataset\versions\1\ecommerce products\tv\181.jpg,tv,exito,3.060306466689037,7.140723101486424,9.641926645646429,9.888958708187863,9.999999999992452,-9.999978811270024,9.999999999998339
C:\Users\damba\.cache\kagglehub\datasets\sunnykusawa\ecommerce-products-image-dataset\versions\1\ecommerce products\tv\182.jpg,tv,exito,3.1108370247846424,6.821301202928393,9.987147785093699,9.999384967437171,10.0,9.999999815105046,10.0
C:\Users\damba\.cache\kagglehub\datasets\sunnykusawa\ecommerce-products-image-dataset\versions\1\ecommerce products\tv\183.jpg,tv,exito,3.0838655910013446,7.653250239533601,9.714386695394925,9.808848812730579,9.999999999983809,9.999966863654546,9.99999999999413
C:\Users\damba\.cache\kagglehub\datasets\sunnykusawa\ecommerce-products-image-dataset\versions\1\ecommerce products\tv\184.jpg,tv,exito,3.116726681978231,6.861127088605772,9.998207304481562,9.999936755689447,-10.0,9.999999982878565,10.0
C:\Users\damba\.cache\kagglehub\datasets\sunnykusawa\ecommerce-products-image-dataset\versions\1\ecommerce products\tv\185.jpg,tv,exito,3.0879359476473205,7.786207049255316,9.820194621985747,9.829501806000364,9.99999999999047,9.999973993900625,9.999999999995913
C:\Users\damba\.cache\kagglehub\datasets\sunnykusawa\ecommerce-products-image-dataset\versions\1\ecommerce products\tv\186.jpg,tv,exito,3.0872745353893865,7.465315969459118,9.747824179630236,9.947471618550125,9.999999999998224,9.999989813932295,-9.99999999999999
C:\Users\damba\.cache\kagglehub\datasets\sunnykusawa\ecommerce-products-image-dataset\versions\1\ecommerce products\tv\187.jpg,tv,exito,3.1604186350187886,8.030458358806873,9.93351369516875,9.997973671489602,10.0,9.999999931787746,-9.999999999999995
C:\Users\damba\.cache\kagglehub\datasets\sunnykusawa\ecommerce-products-image-dataset\versions\1\ecommerce products\tv\188.jpg,tv,exito,3.0886741663780573,6.782673379652642,9.99616375647485,9.998390301921118,-10.0,-9.999999771846282,-9.999999999999998
C:\Users\damba\.cache\kagglehub\datasets\sunnykusawa\ecommerce-products-image-dataset\versions\1\ecommerce products\tv\189.jpg,tv,exito,2.7921405131310415,6.938030310029901,9.876353085530823,9.976655362825714,-9.99999999999983,-9.999997524020115,-9.999999999999725
C:\Users\damba\.cache\kagglehub\datasets\sunnykusawa\ecommerce-products-image-dataset\versions\1\ecommerce products\tv\19.jpg,tv,exito,2.8710213582752058,5.857793292436165,9.996759750986092,9.998411895643263,10.0,9.999998156029067,-10.0
C:\Users\damba\.cache\kagglehub\datasets\sunnykusawa\ecommerce-products-image-dataset\versions\1\ecommerce products\tv\190.jpg,tv,exito,3.09709688419215,7.065847611248849,9.887959250159309,9.999073540801938,-9.999999999999998,9.999999899323994,-10.0
C:\Users\damba\.cache\kagglehub\datasets\sunnykusawa\ecommerce-products-image-dataset\versions\1\ecommerce products\tv\191.jpg,tv,exito,2.4021036129112843,4.816119590353717,9.500843047843501,9.525836822046676,9.999999999822377,9.99665326523729,-9.999999999999968
C:\Users\damba\.cache\kagglehub\datasets\sunnykusawa\ecommerce-products-image-dataset\versions\1\ecommerce products\tv\192.jpg,tv,exito,2.9463800609055495,7.6105842957202725,9.766024920517578,9.875778920715742,-9.99999999999338,9.999988610127781,-9.999999999997753
C:\Users\damba\.cache\kagglehub\datasets\sunnykusawa\ecommerce-products-image-dataset\versions\1\ecommerce products\tv\193.jpg,tv,exito,2.7824364206174113,5.723326250786039,8.704369550740434,8.769126713821176,9.999999987945568,9.9905596711657,9.999999999863444
C:\Users\damba\.cache\kagglehub\datasets\sunnykusawa\ecommerce-products-image-dataset\versions\1\ecommerce products\tv\194.jpg,tv,exito,3.0965029029124924,8.123209365357887,9.984922814120445,9.985010588367894,9.999999999999995,9.999998800122988,-9.999999999999947
C:\Users\damba\.cache\kagglehub\datasets\sunnykusawa\ecommerce-products-image-dataset\versions\1\ecommerce products\tv\195.jpg,tv,exito,2.958823234309102,6.621757606041133,9.526607206239508,9.977352019153061,9.99999999999929,9.999991079671972,9.99999999999974
C:\Users\damba\.cache\kagglehub\datasets\sunnykusawa\ecommerce-products-image-dataset\versions\1\ecommerce products\tv\196.jpg,tv,exito,2.786258380663905,5.729050099894975,8.762301892750411,8.829668853190396,9.99999999101342,9.991904491981398,9.99999999989564
C:\Users\damba\.cache\kagglehub\datasets\sunnykusawa\ecommerce-products-image-dataset\versions\1\ecommerce products\tv\197.jpg,tv,exito,3.1436981124370096,7.841482607530383,9.996186684979318,9.999029133105358,-10.0,9.999999921202896,10.0
C:\Users\damba\.cache\kagglehub\datasets\sunnykusawa\ecommerce-products-image-dataset\versions\1\ecommerce products\tv\198.jpg,tv,exito,3.132914918595776,6.91496559322716,9.995589102022139,9.999694363101574,-10.0,-9.999999893707603,-10.0
C:\Users\damba\.cache\kagglehub\datasets\sunnykusawa\ecommerce-products-image-dataset\versions\1\ecommerce products\tv\199.jpg,tv,exito,2.9786765939822635,6.758325709022619,9.735277576720339,9.878286551145205,9.999999999992683,9.999968952791196,9.999999999999762
C:\Users\damba\.cache\kagglehub\datasets\sunnykusawa\ecommerce-products-image-dataset\versions\1\ecommerce products\tv\2.jpg,tv,exito,3.0417296995895473,7.81123777962992,9.744242287691467,9.997596327275296,9.999999999999993,-9.999999986219201,9.999999999999986
C:\Users\damba\.cache\kagglehub\datasets\sunnykusawa\ecommerce-products-image-dataset\versions\1\ecommerce products\tv\20.jpg,tv,exito,2.884984394123917,5.89774399366385,9.991542852096039,9.998614141838079,10.0,-9.9999999325108,-10.0
C:\Users\damba\.cache\kagglehub\datasets\sunnykusawa\ecommerce-products-image-dataset\versions\1\ecommerce products\tv\21.jpg,tv,exito,2.8211432892546227,5.730700202105976,9.997203927190546,9.998171290708733,9.999999999999998,9.99999751928342,10.0
C:\Users\damba\.cache\kagglehub\datasets\sunnykusawa\ecommerce-products-image-dataset\versions\1\ecommerce products\tv\22.jpg,tv,exito,2.814319597931142,5.72514212795084,9.797738545869931,9.848829676863353,9.999999999991013,9.999751952842844,-9.99999999999996
C:\Users\damba\.cache\kagglehub\datasets\sunnykusawa\ecommerce-products-image-dataset\versions\1\ecommerce products\tv\23.jpg,tv,exito,2.9637295642464707,6.141724730216569,9.916381655211472,9.953139401737522,9.99999999999923,9.999958577875462,-9.999999999999963
C:\Users\damba\.cache\kagglehub\datasets\sunnykusawa\ecommerce-products-image-dataset\versions\1\ecommerce products\tv\24.jpg,tv,exito,3.073158934301077,6.721720101276606,9.979454787554616,9.992563416843083,9.999999999999979,9.999996737304834,-9.999999999999993
C:\Users\damba\.cache\kagglehub\datasets\sunnykusawa\ecommerce-products-image-dataset\versions\1\ecommerce products\tv\25.jpg,tv,exito,2.9622579347477873,6.461564824362269,9.897476046441273,9.933397905224743,9.999999999998495,9.999960285723269,-9.999999999999845
C:\Users\damba\.cache\kagglehub\datasets\sunnykusawa\ecommerce-products-image-dataset\versions\1\ecommerce products\tv\26.jpg,tv,exito,2.901304534947661,8.508566786271242,9.507739508331147,9.55013642609872,9.999999999857625,9.999959124533323,9.999999999940151
C:\Users\damba\.cache\kagglehub\datasets\sunnykusawa\ecommerce-products-image-dataset\versions\1\ecommerce products\tv\27.jpg,tv,exito,3.129042800820629,6.877496180370968,9.95534096296997,9.997520167718378,9.999999999999998,9.999999766576419,9.999999999999995
C:\Users\damba\.cache\kagglehub\datasets\sunnykusawa\ecommerce-products-image-dataset\versions\1\ecommerce products\tv\28.jpg,tv,exito,2.8438167621440984,7.69914557303233,9.025461576278067,9.883394289477833,9.99999999999151,9.999992761511464,9.999999999980188
C:\Users\damba\.cache\kagglehub\datasets\sunnykusawa\ecommerce-products-image-dataset\versions\1\ecommerce products\tv\29.jpg,tv,exito,2.952522287563696,6.376484111608438,9.890982002728808,9.931904260206425,9.999999999998424,-9.999955053852041,-9.999999999999615
C:\Users\damba\.cache\kagglehub\datasets\sunnykusawa\ecommerce-products-image-dataset\versions\1\ecommerce products\tv\3.jpg,tv,exito,3.1279366503757133,6.993477613521254,9.993934860934703,9.996042676538407,9.999999999999998,9.99999980483439,-9.999999999999996
C:\Users\damba\.cache\kagglehub\datasets\sunnykusawa\ecommerce-products-image-dataset\versions\1\ecommerce products\tv\30.jpg,tv,exito,3.092160571948445,6.833856884658023,9.997192515912987,9.999998620429688,-10.0,9.999999999474133,10.0
C:\Users\damba\.cache\kagglehub\datasets\sunnykusawa\ecommerce-products-image-dataset\versions\1\ecommerce products\tv\31.jpg,tv,exito,2.9525676111503087,6.37955056536788,9.891505516101146,9.930423396972259,9.999999999998382,-9.99995405595474,-9.999999999999568
C:\Users\damba\.cache\kagglehub\datasets\sunnykusawa\ecommerce-products-image-dataset\versions\1\ecommerce products\tv\32.jpg,tv,exito,3.128665475240031,6.900376556773759,9.999617621184255,9.999991329545116,10.0,9.999999998161902,-10.0
C:\Users\damba\.cache\kagglehub\datasets\sunnykusawa\ecommerce-products-image-dataset\versions\1\ecommerce products\tv\33.jpg,tv,exito,3.170174452737863,8.087379715628055,9.945675721833425,9.999513353175535,10.0,-9.9999999800136,10.0
C:\Users\damba\.cache\kagglehub\datasets\sunnykusawa\ecommerce-products-image-dataset\versions\1\ecommerce products\tv\34.jpg,tv,exito,3.0069047251617285,6.529619950883232,9.792230559696653,9.927051346604197,9.999999999999314,9.999975065233862,9.99999999999743
C:\Users\damba\.cache\kagglehub\datasets\sunnykusawa\ecommerce-products-image-dataset\versions\1\ecommerce products\tv\35.jpg,tv,exito,3.1105424233028485,7.143918934060009,9.970407054776437,9.998081528234996,-9.999999999999996,9.999999510597632,9.999999999999998
C:\Users\damba\.cache\kagglehub\datasets\sunnykusawa\ecommerce-products-image-dataset\versions\1\ecommerce products\tv\36.jpg,tv,exito,3.0478957545782146,6.662675923827233,9.97619765858154,9.988575106169796,-9.999999999999957,-9.999995020290143,9.999999999999988
C:\Users\damba\.cache\kagglehub\datasets\sunnykusawa\ecommerce-products-image-dataset\versions\1\ecommerce products\tv\37.jpg,tv,exito,2.933348780141652,7.41102370741401,9.957500270415478,9.91608709728626,9.99999999999864,9.99998586749791,9.999999999999837
C:\Users\damba\.cache\kagglehub\datasets\sunnykusawa\ecommerce-products-image-dataset\versions\1\ecommerce products\tv\38.jpg,tv,exito,3.0131329875897985,6.6784054746421475,9.865245846316505,9.896470186400391,9.999999999997163,9.999973703305686,9.99999999999769
C:\Users\damba\.cache\kagglehub\datasets\sunnykusawa\ecommerce-products-image-dataset\versions\1\ecommerce products\tv\39.jpg,tv,exito,3.0800838304643197,6.741229035231416,9.983598061770588,9.981619575375973,9.999999999999924,9.999992005162404,9.999999999999991
C:\Users\damba\.cache\kagglehub\datasets\sunnykusawa\ecommerce-products-image-dataset\versions\1\ecommerce products\tv\4.jpg,tv,exito,3.1392231804399735,7.0006060996038615,0.0,0.0,0.0,0.0,0.0
C:\Users\damba\.cache\kagglehub\datasets\sunnykusawa\ecommerce-products-image-dataset\versions\1\ecommerce products\tv\40.jpg,tv,exito,3.143593310233616,7.257307130974607,9.95254135066769,9.998431731228605,9.999999999999998,9.999999675742302,9.999999999999998
C:\Users\damba\.cache\kagglehub\datasets\sunnykusawa\ecommerce-products-image-dataset\versions\1\ecommerce products\tv\41.jpg,tv,exito,3.0809594154057285,6.745927231148133,9.99840941130866,9.999315821319623,10.0,9.999999712105886,10.0
C:\Users\damba\.cache\kagglehub\datasets\sunnykusawa\ecommerce-products-image-dataset\versions\1\ecommerce products\tv\42.jpg,tv,exito,3.121312776335442,6.851033276235001,9.999688941377643,9.999947631191255,-10.0,-9.999999980963613,-10.0
C:\Users\damba\.cache\kagglehub\datasets\sunnykusawa\ecommerce-products-image-dataset\versions\1\ecommerce products\tv\43.jpg,tv,exito,3.0795699748288348,6.76222776190937,9.922308027469743,9.963468198889556,9.999999999999522,9.999984158857847,9.999999999999854
C:\Users\damba\.cache\kagglehub\datasets\sunnykusawa\ecommerce-products-image-dataset\versions\1\ecommerce products\tv\44.jpg,tv,exito,2.9072760472556918,7.84465127576083,9.278416048781475,9.73044698965527,9.999999999996044,9.999969277474051,9.999999999928539
C:\Users\damba\.cache\kagglehub\datasets\sunnykusawa\ecommerce-products-image-dataset\versions\1\ecommerce products\tv\45.jpg,tv,exito,2.9999961350608926,6.42219775710264,9.971216906308921,9.979598083533208,9.999999999999925,-9.999996850427593,-9.999999999999906
C:\Users\damba\.cache\kagglehub\datasets\sunnykusawa\ecommerce-products-image-dataset\versions\1\ecommerce products\tv\46.jpg,tv,exito,3.03955629037529,6.990385573215935,9.925291752485965,9.985571623498563,-9.999999999999973,9.999995322399176,-9.999999999999886
C:\Users\damba\.cache\kagglehub\datasets\sunnykusawa\ecommerce-products-image-dataset\versions\1\ecommerce products\tv\47.jpg,tv,exito,3.013515749344162,6.274695191420024,9.935115139659478,9.983222636864717,9.999999999999867,9.99998862370829,9.999999999999975
C:\Users\damba\.cache\kagglehub\datasets\sunnykusawa\ecommerce-products-image-dataset\versions\1\ecommerce products\tv\48.jpg,tv,exito,3.1321344659360326,6.988299313718839,9.960307289567302,9.991398488920971,9.999999999999966,9.999997920281153,9.999999999999984
C:\Users\damba\.cache\kagglehub\datasets\sunnykusawa\ecommerce-products-image-dataset\versions\1\ecommerce products\tv\49.jpg,tv,exito,3.1250830876775217,7.000011232918038,9.999296015665061,9.999312362985691,-10.0,-9.999999783625809,-10.0
C:\Users\damba\.cache\kagglehub\datasets\sunnykusawa\ecommerce-products-image-dataset\versions\1\ecommerce products\tv\5.jpg,tv,exito,3.0023783961062693,7.414333558511574,9.630438480078261,9.856198075517655,9.99999999998947,9.999993621071559,9.999999999993506
C:\Users\damba\.cache\kagglehub\datasets\sunnykusawa\ecommerce-products-image-dataset\versions\1\ecommerce products\tv\50.jpg,tv,exito,3.1476983438672668,7.1151457621810055,9.99955454563566,9.996424587473532,-10.0,9.999999128406184,9.999999999999998
C:\Users\damba\.cache\kagglehub\datasets\sunnykusawa\ecommerce-products-image-dataset\versions\1\ecommerce products\tv\51.jpg,tv,exito,3.0669576534633745,6.799521726104298,9.963132165758456,9.994096514724957,9.999999999999993,9.99999848006323,-9.99999999999998
C:\Users\damba\.cache\kagglehub\datasets\sunnykusawa\ecommerce-products-image-dataset\versions\1\ecommerce products\tv\52.jpg,tv,exito,3.1181056850440174,7.438417500740648,9.937145078958782,9.99267291044445,-9.999999999999975,9.999998598760387,9.99999999999997
C:\Users\damba\.cache\kagglehub\datasets\sunnykusawa\ecommerce-products-image-dataset\versions\1\ecommerce products\tv\53.jpg,tv,exito,3.1267706389485967,6.886773921406642,9.99981588613742,9.99999256505147,-10.0,9.999999999780794,-10.0
C:\Users\damba\.cache\kagglehub\datasets\sunnykusawa\ecommerce-products-image-dataset\versions\1\ecommerce products\tv\54.jpg,tv,exito,2.888075512397246,6.063182069928803,9.335900842324941,9.549706704999892,9.999999999859812,9.999291609710484,9.999999999853499
C:\Users\damba\.cache\kagglehub\datasets\sunnykusawa\ecommerce-products-image-dataset\versions\1\ecommerce products\tv\55.jpg,tv,exito,2.9374807195262354,6.407623684105623,9.974246569660401,9.999131870394033,10.0,9.999999471373407,9.999999999999998
C:\Users\damba\.cache\kagglehub\datasets\sunnykusawa\ecommerce-products-image-dataset\versions\1\ecommerce products\tv\56.jpg,tv,exito,2.935124524790246,8.424053351554301,9.932718391440721,9.992518866388567,9.999999999999964,9.999999961288234,-9.999999999999982
C:\Users\damba\.cache\kagglehub\datasets\sunnykusawa\ecommerce-products-image-dataset\versions\1\ecommerce products\tv\57.jpg,tv,exito,3.121160935300499,6.835114055247118,9.999861791126982,9.999993330258468,10.0,9.9999999989287,-10.0
C:\Users\damba\.cache\kagglehub\datasets\sunnykusawa\ecommerce-products-image-dataset\versions\1\ecommerce products\tv\58.jpg,tv,exito,3.100589082942294,6.8609314164514075,9.999010560691055,9.998535354587275,-10.0,9.999999457558381,10.0
C:\Users\damba\.cache\kagglehub\datasets\sunnykusawa\ecommerce-products-image-dataset\versions\1\ecommerce products\tv\59.jpg,tv,exito,3.1244732034554406,6.866417482587044,9.99991732955945,9.999999913061394,-10.0,-9.999999999973278,-10.0
C:\Users\damba\.cache\kagglehub\datasets\sunnykusawa\ecommerce-products-image-dataset\versions\1\ecommerce products\tv\6.jpg,tv,exito,3.039080645156924,6.634453179820476,9.86167468437167,9.916948603550136,9.999999999998074,9.99996738027863,9.999999999998293
C:\Users\damba\.cache\kagglehub\datasets\sunnykusawa\ecommerce-products-image-dataset\versions\1\ecommerce products\tv\60.jpg,tv,exito,3.0417130973641906,7.39369909378514,9.943856871564131,9.929469160478078,-9.999999999998806,-9.999984732553447,9.999999999999975
C:\Users\damba\.cache\kagglehub\datasets\sunnykusawa\ecommerce-products-image-dataset\versions\1\ecommerce products\tv\61.jpg,tv,exito,2.9254277020525317,7.168762730468046,9.986392870093706,9.952278635946016,9.999999999999694,9.999989187001757,-9.999999999999979
C:\Users\damba\.cache\kagglehub\datasets\sunnykusawa\ecommerce-products-image-dataset\versions\1\ecommerce products\tv\62.jpg,tv,exito,3.009687222817588,7.818645183849334,9.835048552917433,9.948343570650257,-9.99999999999868,9.999993404115413,9.999999999999883
C:\Users\damba\.cache\kagglehub\datasets\sunnykusawa\ecommerce-products-image-dataset\versions\1\ecommerce products\tv\63.jpg,tv,exito,3.1750723118315167,8.326593499352088,9.95358033965582,9.999280350749912,9.999999999999998,9.999999954466304,10.0
C:\Users\damba\.cache\kagglehub\datasets\sunnykusawa\ecommerce-products-image-dataset\versions\1\ecommerce products\tv\64.jpg,tv,exito,3.0038730521300323,6.5339506032370975,9.945149591128585,9.961506678037805,9.999999999999654,9.999985694044666,-9.999999999999714
C:\Users\damba\.cache\kagglehub\datasets\sunnykusawa\ecommerce-products-image-dataset\versions\1\ecommerce products\tv\65.jpg,tv,exito,3.039080645156924,6.634453179820476,9.86167468437167,9.916948603550136,9.999999999998074,9.99996738027863,9.999999999998293
C:\Users\damba\.cache\kagglehub\datasets\sunnykusawa\ecommerce-products-image-dataset\versions\1\ecommerce products\tv\66.jpg,tv,exito,2.9654996355733196,6.144995483225932,9.753199332778907,9.972911826376864,-9.99999999999939,-9.9999766730014,9.999999999999881
C:\Users\damba\.cache\kagglehub\datasets\sunnykusawa\ecommerce-products-image-dataset\versions\1\ecommerce products\tv\67.jpg,tv,exito,2.2429993846552088,4.6485927249764485,8.250384510668663,8.346847362454891,9.999999905863696,9.921024452445623,9.999999999045764
C:\Users\damba\.cache\kagglehub\datasets\sunnykusawa\ecommerce-products-image-dataset\versions\1\ecommerce products\tv\68.jpg,tv,exito,2.7562613508639497,6.3849268508662265,9.522297588316306,9.96289726884517,-9.999999999998675,-9.999985922606298,-9.999999999999037
C:\Users\damba\.cache\kagglehub\datasets\sunnykusawa\ecommerce-products-image-dataset\versions\1\ecommerce products\tv\69.jpg,tv,exito,2.9478385802106883,7.768300565301018,8.996622190325427,9.729052832749243,-9.999999999912294,-9.999952242279262,9.9999999999414
C:\Users\damba\.cache\kagglehub\datasets\sunnykusawa\ecommerce-products-image-dataset\versions\1\ecommerce products\tv\7.jpg,tv,exito,3.0275145907052505,8.195697783396499,9.999596790895879,9.994936463837282,-9.999999999999998,-9.999999906773432,-10.0
C:\Users\damba\.cache\kagglehub\datasets\sunnykusawa\ecommerce-products-image-dataset\versions\1\ecommerce products\tv\70.jpg,tv,exito,2.930099382674255,6.842461546036158,9.745091978457323,9.858777085607512,-9.999999999991507,-9.999966795147877,-9.999999999996346
C:\Users\damba\.cache\kagglehub\datasets\sunnykusawa\ecommerce-products-image-dataset\versions\1\ecommerce products\tv\71.jpg,tv,exito,2.9362821003059296,7.148047535785559,9.795325869437734,9.686524813656293,9.999999999963402,9.999895420936818,-9.999999999997575
C:\Users\damba\.cache\kagglehub\datasets\sunnykusawa\ecommerce-products-image-dataset\versions\1\ecommerce products\tv\72.jpg,tv,exito,3.1294757898979157,6.905517930705357,9.996732687851429,9.99991300747202,10.0,9.999999977181728,10.0
C:\Users\damba\.cache\kagglehub\datasets\sunnykusawa\ecommerce-products-image-dataset\versions\1\ecommerce products\tv\73.jpg,tv,exito,2.977881716085539,7.450545856475391,9.571876311896656,9.849306306363452,-9.999999999996318,-9.999977551508211,9.99999999998542
C:\Users\damba\.cache\kagglehub\datasets\sunnykusawa\ecommerce-products-image-dataset\versions\1\ecommerce products\tv\74.jpg,tv,exito,2.977881716085539,7.450545856475391,9.571876311896656,9.849306306363452,-9.999999999996318,-9.999977551508211,9.99999999998542
C:\Users\damba\.cache\kagglehub\datasets\sunnykusawa\ecommerce-products-image-dataset\versions\1\ecommerce products\tv\75.jpg,tv,exito,2.977881716085539,7.450545856475391,9.571876311896656,9.849306306363452,-9.999999999996318,-9.999977551508211,9.99999999998542
C:\Users\damba\.cache\kagglehub\datasets\sunnykusawa\ecommerce-products-image-dataset\versions\1\ecommerce products\tv\76.jpg,tv,exito,2.977881716085539,7.450545856475391,9.571876311896656,9.849306306363452,-9.999999999996318,-9.999977551508211,9.99999999998542
C:\Users\damba\.cache\kagglehub\datasets\sunnykusawa\ecommerce-products-image-dataset\versions\1\ecommerce products\tv\77.jpg,tv,exito,2.977881716085539,7.450545856475391,9.571876311896656,9.849306306363452,-9.999999999996318,-9.999977551508211,9.99999999998542
C:\Users\damba\.cache\kagglehub\datasets\sunnykusawa\ecommerce-products-image-dataset\versions\1\ecommerce products\tv\78.jpg,tv,exito,3.0015132302844094,7.964718695010129,9.546476525971952,9.93210615567529,9.999999999998536,-9.99999740401079,-9.999999999996168
C:\Users\damba\.cache\kagglehub\datasets\sunnykusawa\ecommerce-products-image-dataset\versions\1\ecommerce products\tv\79.jpg,tv,exito,3.135248188462448,6.9383747756070875,9.971141877557853,9.999465787154303,10.0,9.999999819359308,10.0
C:\Users\damba\.cache\kagglehub\datasets\sunnykusawa\ecommerce-products-image-dataset\versions\1\ecommerce products\tv\8.jpg,tv,exito,3.111065850043331,8.148528373567506,9.98244235652065,9.988141533684976,-9.99999999999996,-9.999999593892015,-9.999999999999998
C:\Users\damba\.cache\kagglehub\datasets\sunnykusawa\ecommerce-products-image-dataset\versions\1\ecommerce products\tv\80.jpg,tv,exito,2.9564557623254113,6.351547660109681,9.65967477864042,9.778058280774468,9.999999999974383,9.999806822957584,-9.999999999996918
C:\Users\damba\.cache\kagglehub\datasets\sunnykusawa\ecommerce-products-image-dataset\versions\1\ecommerce products\tv\81.jpg,tv,exito,2.8772256361652957,5.875240449239712,9.966662194083472,9.985028992955144,9.99999999999992,9.999982459177927,-9.999999999999996
C:\Users\damba\.cache\kagglehub\datasets\sunnykusawa\ecommerce-products-image-dataset\versions\1\ecommerce products\tv\82.jpg,tv,exito,2.977881716085539,7.450545856475391,9.571876311896656,9.849306306363452,-9.999999999996318,-9.999977551508211,9.99999999998542
C:\Users\damba\.cache\kagglehub\datasets\sunnykusawa\ecommerce-products-image-dataset\versions\1\ecommerce products\tv\83.jpg,tv,exito,3.1147558799085386,7.937856979666135,9.691682283387285,9.916103556039046,9.999999999995657,9.99999010390513,9.99999999999992
C:\Users\damba\.cache\kagglehub\datasets\sunnykusawa\ecommerce-products-image-dataset\versions\1\ecommerce products\tv\84.jpg,tv,exito,2.977881716085539,7.450545856475391,9.571876311896656,9.849306306363452,-9.999999999996318,-9.999977551508211,9.99999999998542
C:\Users\damba\.cache\kagglehub\datasets\sunnykusawa\ecommerce-products-image-dataset\versions\1\ecommerce products\tv\85.jpg,tv,exito,3.0094445351402954,8.458722349111136,9.987899393092817,9.99997833398365,10.0,9.999999999941007,10.0
C:\Users\damba\.cache\kagglehub\datasets\sunnykusawa\ecommerce-products-image-dataset\versions\1\ecommerce products\tv\86.jpg,tv,exito,3.0458020942776756,6.7601722910001945,9.951616137259519,9.920649000415734,9.999999999999142,9.999973013404238,-9.999999999998973
C:\Users\damba\.cache\kagglehub\datasets\sunnykusawa\ecommerce-products-image-dataset\versions\1\ecommerce products\tv\87.jpg,tv,exito,3.0086611293294117,6.263076411250674,9.94777259314246,9.99525622634781,-9.999999999999984,-9.999996663464476,9.999999999999993
C:\Users\damba\.cache\kagglehub\datasets\sunnykusawa\ecommerce-products-image-dataset\versions\1\ecommerce products\tv\88.jpg,tv,exito,2.938513239139524,6.385349492133147,8.843674699724893,8.828027318821311,9.999999991818886,9.996155457956748,9.999999999993653
C:\Users\damba\.cache\kagglehub\datasets\sunnykusawa\ecommerce-products-image-dataset\versions\1\ecommerce products\tv\89.jpg,tv,exito,2.8177541221011566,5.723248489474458,9.999016077537613,9.999620600792177,10.0,9.999999507801954,10.0
C:\Users\damba\.cache\kagglehub\datasets\sunnykusawa\ecommerce-products-image-dataset\versions\1\ecommerce products\tv\9.jpg,tv,exito,3.12533083325457,7.8542246585552675,9.868016291217451,9.973406084717215,9.99999999999961,-9.99999685569279,9.999999999999874
C:\Users\damba\.cache\kagglehub\datasets\sunnykusawa\ecommerce-products-image-dataset\versions\1\ecommerce products\tv\90.jpg,tv,exito,3.011443041859145,8.04165347953476,9.964099993412987,9.998382655411229,-9.999999999999996,-9.999999847764817,-10.0
C:\Users\damba\.cache\kagglehub\datasets\sunnykusawa\ecommerce-products-image-dataset\versions\1\ecommerce products\tv\91.jpg,tv,exito,3.1228874807942715,6.853169331364958,9.994452021355173,9.99955190659841,-10.0,-9.999999835335881,10.0
C:\Users\damba\.cache\kagglehub\datasets\sunnykusawa\ecommerce-products-image-dataset\versions\1\ecommerce products\tv\92.jpg,tv,exito,2.5757272939732823,5.747781392805156,8.029378593039624,8.43505981033227,9.999999938639336,9.99229023038259,-9.999999935309301
C:\Users\damba\.cache\kagglehub\datasets\sunnykusawa\ecommerce-products-image-dataset\versions\1\ecommerce products\tv\93.jpg,tv,exito,2.868807484904761,5.8511037148423775,9.988396372606765,9.994706826979444,9.999999999999991,9.99999416841852,9.999999999999998
C:\Users\damba\.cache\kagglehub\datasets\sunnykusawa\ecommerce-products-image-dataset\versions\1\ecommerce products\tv\94.jpg,tv,exito,2.8618842507870483,5.833566277533335,9.999756577425128,9.99996799506529,10.0,9.999999967205476,-10.0
C:\Users\damba\.cache\kagglehub\datasets\sunnykusawa\ecommerce-products-image-dataset\versions\1\ecommerce products\tv\95.jpg,tv,exito,2.825607770935671,5.74344315143962,9.973689239698597,9.986104200630107,9.999999999999936,9.999981028276222,10.0
C:\Users\damba\.cache\kagglehub\datasets\sunnykusawa\ecommerce-products-image-dataset\versions\1\ecommerce products\tv\96.jpg,tv,exito,2.7030463695857296,5.4583001267215545,9.439117587334069,9.554851952444388,9.999999999831523,9.998562108148374,-9.999999999996257
C:\Users\damba\.cache\kagglehub\datasets\sunnykusawa\ecommerce-products-image-dataset\versions\1\ecommerce products\tv\97.jpg,tv,exito,3.024371575151869,6.360871007449131,9.736488504029213,9.957427196948482,9.999999999999488,9.999998402324662,9.999999999998792
C:\Users\damba\.cache\kagglehub\datasets\sunnykusawa\ecommerce-products-image-dataset\versions\1\ecommerce products\tv\98.jpg,tv,exito,3.024371575151869,6.360871007449131,9.736488504029213,9.957427196948482,9.999999999999488,9.999998402324662,9.999999999998792
C:\Users\damba\.cache\kagglehub\datasets\sunnykusawa\ecommerce-products-image-dataset\versions\1\ecommerce products\tv\99.jpg,tv,exito,2.9946427079664333,7.500893760324888,9.933290205454234,9.928840387231526,-9.999999999999543,-9.999988378249874,-9.999999999998751
