rutaImagen,etiqueta,estado,zernike_0,zernike_1,zernike_2,zernike_3,zernike_4,zernike_5,zernike_6,zernike_7,zernike_8,zernike_9,zernike_10,zernike_11,zernike_12,zernike_13,zernike_14,zernike_15,zernike_16,zernike_17,zernike_18,zernike_19,zernike_20,zernike_21,zernike_22,zernike_23,zernike_24
C:\Users\damba\.cache\kagglehub\datasets\sunnykusawa\ecommerce-products-image-dataset\versions\1\ecommerce products\jeans\1.jpg,jeans,exito,0.3183098861837906,0.2887460755609589,0.024778640615341914,0.0853686379377599,0.11290523370106026,0.1328269022468513,0.00193218909488372,0.11455991980620571,0.03429634819431618,0.1089983973900505,0.14933088875480358,0.10876503278282745,0.03956444429286822,0.10714462278780824,0.08704851185469667,0.06178114618296916,0.12525762222393216,0.1508385321494262,0.18681270878693673,0.1229421282290148,0.17875595444521303,0.029784315974949342,0.23921879977116645,0.09146580389343144,0.12510187304047876
C:\Users\damba\.cache\kagglehub\datasets\sunnykusawa\ecommerce-products-image-dataset\versions\1\ecommerce products\jeans\10.jpg,jeans,exito,0.0,0.0,0.0,0.0,0.0,0.0,0.0,0.0,0.0,0.0,0.0,0.0,0.0,0.0,0.0,0.0,0.0,0.0,0.0,0.0,0.0,0.0,0.0,0.0,0.0
C:\Users\damba\.cache\kagglehub\datasets\sunnykusawa\ecommerce-products-image-dataset\versions\1\ecommerce products\jeans\100.jpg,jeans,exito,0.3183098861837905,0.04217848237395816,0.06350309734288422,0.05960915566423888,0.04287402376599445,0.06035492281949215,0.06181151233536126,0.054485449738785746,0.05465222304529904,0.06672745022149056,0.03300258740164734,0.11285780822088941,0.05141156464140119,0.06891040637469087,0.03098334410040346,0.09966015064416148,0.08977026179681317,0.05863271963466677,0.1212677514709911,0.1467945095972853,0.07358103974941511,0.08788451325912128,0.017789513239368445,0.08784536722811849,0.03878636605422939
C:\Users\damba\.cache\kagglehub\datasets\sunnykusawa\ecommerce-products-image-dataset\versions\1\ecommerce products\jeans\101.jpg,jeans,exito,0.3183098861837907,0.24812704581646877,0.07094555783870983,0.07311494453862462,0.10236222220407355,0.13596892892293397,0.061357871714507316,0.061050487739203955,0.028114157409375333,0.10448424874767274,0.046551786480355385,0.018679252290771674,0.09418542700187342,0.128646403823168,0.18279842589241424,0.05795528958179564,0.09883521953499243,0.22369471639709898,0.10035205228941159,0.04501664358662996,0.17489150616935764,0.19187650063724043,0.22271430963662717,0.12363799828751058,0.16908717992402303
C:\Users\damba\.cache\kagglehub\datasets\sunnykusawa\ecommerce-products-image-dataset\versions\1\ecommerce products\jeans\102.jpg,jeans,exito,0.3183098861837906,0.01967595648225115,0.015498617354492289,0.007853548711207175,0.04968739194573951,0.08436405459457447,0.044344490399376546,0.025136236486287128,0.06047518492785325,0.08944381566746469,0.1160443332536835,0.08189963766973735,0.0888256561289511,0.11867207034794823,0.07898497079823705,0.05791351685249719,0.10962733154625612,0.09071463464227164,0.07152220043561708,0.05735650175272473,0.11625868915757552,0.22715635038181745,0.06995116933519281,0.15346292413409532,0.06008557475985739
C:\Users\damba\.cache\kagglehub\datasets\sunnykusawa\ecommerce-products-image-dataset\versions\1\ecommerce products\jeans\103.jpg,jeans,exito,0.0,0.0,0.0,0.0,0.0,0.0,0.0,0.0,0.0,0.0,0.0,0.0,0.0,0.0,0.0,0.0,0.0,0.0,0.0,0.0,0.0,0.0,0.0,0.0,0.0
C:\Users\damba\.cache\kagglehub\datasets\sunnykusawa\ecommerce-products-image-dataset\versions\1\ecommerce products\jeans\104.jpg,jeans,exito,0.0,0.0,0.0,0.0,0.0,0.0,0.0,0.0,0.0,0.0,0.0,0.0,0.0,0.0,0.0,0.0,0.0,0.0,0.0,0.0,0.0,0.0,0.0,0.0,0.0
C:\Users\damba\.cache\kagglehub\datasets\sunnykusawa\ecommerce-products-image-dataset\versions\1\ecommerce products\jeans\105.jpg,jeans,exito,0.3183098861837906,0.05015123492111959,0.002649511164852504,0.06319286423578542,0.10365983162136085,0.06376277152301979,0.04862028257768276,0.08909249293516511,0.009539001456829252,0.14650455928758668,0.1251845129965162,0.040254495914665185,0.1592448758285655,0.08982276778910962,0.04843781888020563,0.09389808696574103,0.1348152090106392,0.1714642329376934,0.05737934123904075,0.1520637787615655,0.29658681589468056,0.08363779383850893,0.13603372587794327,0.20213888270325595,0.11495360544671229
C:\Users\damba\.cache\kagglehub\datasets\sunnykusawa\ecommerce-products-image-dataset\versions\1\ecommerce products\jeans\106.jpg,jeans,exito,0.0,0.0,0.0,0.0,0.0,0.0,0.0,0.0,0.0,0.0,0.0,0.0,0.0,0.0,0.0,0.0,0.0,0.0,0.0,0.0,0.0,0.0,0.0,0.0,0.0
C:\Users\damba\.cache\kagglehub\datasets\sunnykusawa\ecommerce-products-image-dataset\versions\1\ecommerce products\jeans\107.jpg,jeans,exito,0.3183098861837906,0.03736848744724299,0.006953185462046693,0.0035879661425038865,0.08402409837419766,0.008808269609913832,0.00203701459526105,0.013258208027836992,0.011459366237747624,0.12491884387080447,0.036831447983505065,0.15878022271929165,0.015324936910097408,0.02330992475530314,0.038516350039531654,0.15455352290207727,0.09502121842774476,0.03393686248402878,0.15675086726389592,0.0817667473419347,0.019425305283045532,0.02077087992273531,0.06713159938451074,0.15868695526257334,0.07572816595054997
C:\Users\damba\.cache\kagglehub\datasets\sunnykusawa\ecommerce-products-image-dataset\versions\1\ecommerce products\jeans\108.jpg,jeans,exito,0.3183098861837906,0.021699910753206448,0.015103988408735933,0.007686700259577654,0.053440874567577956,0.08426751954027618,0.042053264663557355,0.02744752318194242,0.06178406145527906,0.09466858600736838,0.11752542119677607,0.08301686968493692,0.08156828827981273,0.12629356073332682,0.08512923724471966,0.05969970322642205,0.11734504335024815,0.09774711236384902,0.07647524962390062,0.0587917977180955,0.10064585453265519,0.24266621618836787,0.08252967224987501,0.15937328792930613,0.058554553363628116
C:\Users\damba\.cache\kagglehub\datasets\sunnykusawa\ecommerce-products-image-dataset\versions\1\ecommerce products\jeans\109.jpg,jeans,exito,0.0,0.0,0.0,0.0,0.0,0.0,0.0,0.0,0.0,0.0,0.0,0.0,0.0,0.0,0.0,0.0,0.0,0.0,0.0,0.0,0.0,0.0,0.0,0.0,0.0
C:\Users\damba\.cache\kagglehub\datasets\sunnykusawa\ecommerce-products-image-dataset\versions\1\ecommerce products\jeans\11.jpg,jeans,exito,0.0,0.0,0.0,0.0,0.0,0.0,0.0,0.0,0.0,0.0,0.0,0.0,0.0,0.0,0.0,0.0,0.0,0.0,0.0,0.0,0.0,0.0,0.0,0.0,0.0
C:\Users\damba\.cache\kagglehub\datasets\sunnykusawa\ecommerce-products-image-dataset\versions\1\ecommerce products\jeans\110.jpg,jeans,exito,0.0,0.0,0.0,0.0,0.0,0.0,0.0,0.0,0.0,0.0,0.0,0.0,0.0,0.0,0.0,0.0,0.0,0.0,0.0,0.0,0.0,0.0,0.0,0.0,0.0
C:\Users\damba\.cache\kagglehub\datasets\sunnykusawa\ecommerce-products-image-dataset\versions\1\ecommerce products\jeans\111.jpg,jeans,exito,0.3183098861837905,0.013866906088689832,0.017938189481752156,0.03647941092381553,0.03821510760005054,0.04583806572665732,0.007909633172428855,0.06471146378427658,0.045717745166819805,0.0693770338251552,0.06149383188002733,0.09608319048432688,0.035289748534995995,0.09773341955982694,0.07650657128241867,0.1129655074735578,0.07652438747553705,0.030484467981594456,0.07933408831571445,0.1184463795285108,0.09828831231835407,0.11763658838429837,0.12453980741300816,0.16765758516851775,0.07606871237060787
C:\Users\damba\.cache\kagglehub\datasets\sunnykusawa\ecommerce-products-image-dataset\versions\1\ecommerce products\jeans\112.jpg,jeans,exito,0.31830988618379064,0.23900250234278786,0.07647895032543463,0.05226932064781399,0.16843441021352834,0.10371502587036198,0.0307593498945081,0.07116470353238266,0.019988665585149952,0.11902867325854688,0.0476343180823629,0.0699256806637259,0.08904780641281787,0.14405446676186778,0.08314656758582085,0.1738347883712562,0.12798705257076465,0.09177396371570953,0.15951489495925822,0.24689245320652756,0.07893023369597224,0.0930514908909057,0.0403370202704362,0.07380756998734277,0.21836362555653446
C:\Users\damba\.cache\kagglehub\datasets\sunnykusawa\ecommerce-products-image-dataset\versions\1\ecommerce products\jeans\113.jpg,jeans,exito,0.3183098861837906,0.048616712504390855,0.00239545293808081,0.002579576437535443,0.10596461242782314,0.009024802147232095,0.02224874473062948,0.011835095507955128,0.012209787367233415,0.1586881142225166,0.039542658624334544,0.15993744890691028,0.08422022941715059,0.03561310211175281,0.0632876816666588,0.17363046511536312,0.15018990178338365,0.047200909721082845,0.1882563908537985,0.06363413543208578,0.1476146652323397,0.07996410724508636,0.1323634657279274,0.20459556399421364,0.08760130074512522
C:\Users\damba\.cache\kagglehub\datasets\sunnykusawa\ecommerce-products-image-dataset\versions\1\ecommerce products\jeans\114.jpg,jeans,exito,0.3183098861837906,0.0334032889308672,0.012064998986666055,0.006289449906334093,0.07542662111418978,0.08374750737316748,0.02511157139925569,0.04333337853743981,0.06954005077951253,0.12773903605390718,0.1278895513574693,0.09024779483364889,0.029163670468035162,0.17824669940567975,0.12293825185757323,0.0708790239692945,0.17520758106954953,0.14921212521045205,0.11103607453741497,0.0683738571030163,0.014635242891577869,0.35358636160305085,0.16676076820166225,0.19958137338799503,0.04838961510567744
C:\Users\damba\.cache\kagglehub\datasets\sunnykusawa\ecommerce-products-image-dataset\versions\1\ecommerce products\jeans\115.jpg,jeans,exito,0.0,0.0,0.0,0.0,0.0,0.0,0.0,0.0,0.0,0.0,0.0,0.0,0.0,0.0,0.0,0.0,0.0,0.0,0.0,0.0,0.0,0.0,0.0,0.0,0.0
C:\Users\damba\.cache\kagglehub\datasets\sunnykusawa\ecommerce-products-image-dataset\versions\1\ecommerce products\jeans\116.jpg,jeans,exito,0.0,0.0,0.0,0.0,0.0,0.0,0.0,0.0,0.0,0.0,0.0,0.0,0.0,0.0,0.0,0.0,0.0,0.0,0.0,0.0,0.0,0.0,0.0,0.0,0.0
C:\Users\damba\.cache\kagglehub\datasets\sunnykusawa\ecommerce-products-image-dataset\versions\1\ecommerce products\jeans\117.jpg,jeans,exito,0.3183098861837906,0.019450401366457554,0.015540204894927922,0.007882104904117454,0.023039763290971422,0.0863786638526705,0.05267595609212471,0.006497791386701189,0.035029864673800974,0.01144463362892314,0.0992398729526512,0.06476719097956808,0.1368040815779917,0.01849722815502125,0.032227217812087906,0.027615173305563578,0.024492206959367,0.029255295299757855,0.017787918936446417,0.03720796959112407,0.24148356711218302,0.03807698683032169,0.11974829574083473,0.06921634809440694,0.0847702253982227
C:\Users\damba\.cache\kagglehub\datasets\sunnykusawa\ecommerce-products-image-dataset\versions\1\ecommerce products\jeans\118.jpg,jeans,exito,0.31830988618379064,0.004157942582883583,0.049124771055767784,0.05686367511931281,0.01729037356567071,0.07196899574357386,0.05557657603808521,0.10440560889813927,0.026329240242891298,0.04584183259497547,0.10420567146653861,0.02330410813191705,0.011820672658516742,0.15361087244485688,0.10516025760437774,0.02589726296454728,0.06453397607539907,0.08810379699822146,0.053156609694875914,0.010007567526065181,0.06854266161314249,0.17697671130464104,0.19044239271633326,0.008566027731471275,0.14569236589409937
C:\Users\damba\.cache\kagglehub\datasets\sunnykusawa\ecommerce-products-image-dataset\versions\1\ecommerce products\jeans\119.jpg,jeans,exito,0.3183098861837905,0.028012761192476074,0.02072992042163914,0.03574517373203091,0.06443793351477405,0.048791418158096,0.023296108755902583,0.06365163626953388,0.05008381501701735,0.0974753298038228,0.08000273517271865,0.09437878740716486,0.008039117375076907,0.09258909963757969,0.0768273612104739,0.11558992360998067,0.07159934451026528,0.06320912980093528,0.07320127641436029,0.11225583435795489,0.028792697002029834,0.10107654430112599,0.10382538296187667,0.15720041933471282,0.05205461652749161
C:\Users\damba\.cache\kagglehub\datasets\sunnykusawa\ecommerce-products-image-dataset\versions\1\ecommerce products\jeans\12.jpg,jeans,exito,0.0,0.0,0.0,0.0,0.0,0.0,0.0,0.0,0.0,0.0,0.0,0.0,0.0,0.0,0.0,0.0,0.0,0.0,0.0,0.0,0.0,0.0,0.0,0.0,0.0
C:\Users\damba\.cache\kagglehub\datasets\sunnykusawa\ecommerce-products-image-dataset\versions\1\ecommerce products\jeans\120.jpg,jeans,exito,0.3183098861837905,0.030878428293537923,0.03666478548148295,0.050011089501139264,0.06470562208517461,0.09849440899913779,0.10784842497710892,0.061406273560451315,0.06221513195012406,0.09070080174150826,0.17472455009090893,0.10048050681005806,0.2473061549386628,0.03341533306135126,0.02283102991195973,0.10900753188387503,0.08448461537099944,0.2382418851745167,0.13928810548848108,0.08128936803321041,0.4177205868216884,0.03324258555756104,0.07372216187522249,0.2374045488001199,0.1787250335979713
C:\Users\damba\.cache\kagglehub\datasets\sunnykusawa\ecommerce-products-image-dataset\versions\1\ecommerce products\jeans\121.jpg,jeans,exito,0.0,0.0,0.0,0.0,0.0,0.0,0.0,0.0,0.0,0.0,0.0,0.0,0.0,0.0,0.0,0.0,0.0,0.0,0.0,0.0,0.0,0.0,0.0,0.0,0.0
C:\Users\damba\.cache\kagglehub\datasets\sunnykusawa\ecommerce-products-image-dataset\versions\1\ecommerce products\jeans\122.jpg,jeans,exito,0.0,0.0,0.0,0.0,0.0,0.0,0.0,0.0,0.0,0.0,0.0,0.0,0.0,0.0,0.0,0.0,0.0,0.0,0.0,0.0,0.0,0.0,0.0,0.0,0.0
C:\Users\damba\.cache\kagglehub\datasets\sunnykusawa\ecommerce-products-image-dataset\versions\1\ecommerce products\jeans\123.jpg,jeans,exito,0.3183098861837907,0.016047766317321983,0.10731688071641757,0.0006067926609103513,0.042855227077981846,2.0394521707776967e-05,0.15478589854596914,0.0037107478745353555,0.09333141605821277,0.08713244868346119,0.01405451460869043,0.014116085104405525,0.14337982801475482,0.012558786592620642,0.22026154054276523,0.0012454230425506653,0.14247258873017782,0.06266434204013403,0.06298920550864341,8.371824791276172e-05,0.07387939179051929,0.031179889545536268,0.3374979728417502,0.008736950473525858,0.19897234595797575
C:\Users\damba\.cache\kagglehub\datasets\sunnykusawa\ecommerce-products-image-dataset\versions\1\ecommerce products\jeans\124.jpg,jeans,exito,0.3183098861837906,0.011220224528257564,0.016729728151076612,0.008562442674424343,0.012902899333390701,0.08588150405918472,0.05622213922137576,0.00495517144797984,0.04166170008644151,0.02658560866015821,0.10190295346397442,0.06821305079296457,0.13890089641597514,0.034466693056412215,0.009586188164439204,0.03477650625901461,0.03845914427818776,0.03379035638884449,0.02376403422403387,0.040935088482267776,0.23547493164416067,0.0676739042538713,0.07856490997865546,0.08649008138632706,0.0795495734731478
C:\Users\damba\.cache\kagglehub\datasets\sunnykusawa\ecommerce-products-image-dataset\versions\1\ecommerce products\jeans\125.jpg,jeans,exito,0.3183098861837906,0.021916071812916063,0.002608662733969771,0.046458635227271415,0.01393034860492811,0.07009667109917456,0.0012114630806350063,0.07263517118788371,0.08440005722768364,0.039908309475240156,0.06358256584791319,0.06100784849143443,0.037542494672352336,0.09905453154202974,0.09394982698179084,0.08406680299791022,0.0657244111913566,0.035401959203109144,0.05535797880188929,0.14692818930715124,0.12426153081584979,0.1020513910668993,0.14188746926712809,0.12339853286030995,0.06312326899598598
C:\Users\damba\.cache\kagglehub\datasets\sunnykusawa\ecommerce-products-image-dataset\versions\1\ecommerce products\jeans\126.jpg,jeans,exito,0.3183098861837906,0.03244870325404536,0.012361226207018261,0.00841573332843527,0.07247475753089254,0.08392297899001572,0.027763405846689754,0.028761868631415055,0.06603253918400889,0.11595211882472786,0.12226767736338398,0.08532192389416092,0.04233248300812205,0.1333792649980341,0.10444825022602813,0.06514530015822581,0.1373718684056259,0.11991946997442303,0.08960365556172775,0.06197463800287391,0.031674593586020844,0.2653025579185011,0.1250606085436978,0.1735213051216238,0.059324188856828546
C:\Users\damba\.cache\kagglehub\datasets\sunnykusawa\ecommerce-products-image-dataset\versions\1\ecommerce products\jeans\127.jpg,jeans,exito,0.3183098861837906,0.034033739579004796,0.003744498226352966,0.06475247587689274,0.07470318775288906,0.05742760686181288,0.015330171402618518,0.09200282285326034,0.01639486290023245,0.10847931852654193,0.10389438889682692,0.04222917448769898,0.06737036235479817,0.10157951332879324,0.02622002954463215,0.09045067203378604,0.09139926108173824,0.1202150030667798,0.050831643111793216,0.14837306008333037,0.13059776417621785,0.11757085966705663,0.07209732919934277,0.1870953342132687,0.11830590838298137
C:\Users\damba\.cache\kagglehub\datasets\sunnykusawa\ecommerce-products-image-dataset\versions\1\ecommerce products\jeans\128.jpg,jeans,exito,0.0,0.0,0.0,0.0,0.0,0.0,0.0,0.0,0.0,0.0,0.0,0.0,0.0,0.0,0.0,0.0,0.0,0.0,0.0,0.0,0.0,0.0,0.0,0.0,0.0
C:\Users\damba\.cache\kagglehub\datasets\sunnykusawa\ecommerce-products-image-dataset\versions\1\ecommerce products\jeans\129.jpg,jeans,exito,0.0,0.0,0.0,0.0,0.0,0.0,0.0,0.0,0.0,0.0,0.0,0.0,0.0,0.0,0.0,0.0,0.0,0.0,0.0,0.0,0.0,0.0,0.0,0.0,0.0
C:\Users\damba\.cache\kagglehub\datasets\sunnykusawa\ecommerce-products-image-dataset\versions\1\ecommerce products\jeans\13.jpg,jeans,exito,0.0,0.0,0.0,0.0,0.0,0.0,0.0,0.0,0.0,0.0,0.0,0.0,0.0,0.0,0.0,0.0,0.0,0.0,0.0,0.0,0.0,0.0,0.0,0.0,0.0
C:\Users\damba\.cache\kagglehub\datasets\sunnykusawa\ecommerce-products-image-dataset\versions\1\ecommerce products\jeans\130.jpg,jeans,exito,0.3183098861837906,0.039076689307195364,0.010127227241298447,0.010717711053898833,0.08351049817420708,0.08396999307215999,0.01754830067254144,0.014759460907695478,0.06547728614687685,0.12267005716946769,0.12146217821944844,0.08175621368167083,0.020377444176351726,0.09222010735971813,0.10027904086869636,0.06327436541290955,0.11815568809845553,0.11283516439107835,0.07777651960577955,0.057698046115157095,0.01250623251747474,0.1910195644301859,0.11966013205674006,0.15807650199873283,0.06943567260665899
C:\Users\damba\.cache\kagglehub\datasets\sunnykusawa\ecommerce-products-image-dataset\versions\1\ecommerce products\jeans\131.jpg,jeans,exito,0.31830988618379064,0.2538733412986146,0.16652342694588693,0.035129965661720254,0.21923202515097154,0.04951980999188604,0.18100490948615838,0.05562436161641335,0.007291740659048532,0.06177035411240049,0.1398502957066821,0.024231525121257792,0.2041877224284462,0.09980945920495085,0.0341041364644403,0.003743789075943942,0.20783873563928348,0.09424460351722702,0.12655666436027493,0.037372658893488966,0.036820600089682166,0.13042135319777742,0.08430835512159862,0.04782493418266981,0.08164898860014329
C:\Users\damba\.cache\kagglehub\datasets\sunnykusawa\ecommerce-products-image-dataset\versions\1\ecommerce products\jeans\132.jpg,jeans,exito,0.3183098861837905,0.031882599664676534,0.13704933058721222,0.04183334195613976,0.05008816666851879,0.07000774168748855,0.12786920166403595,0.05294900829603419,0.030680856540482384,0.09408340504072461,0.08376081636488543,0.10009034450038598,0.003932191407440856,0.08833104946762015,0.10959959052481523,0.06339213100036999,0.12054159922550926,0.15500849075138287,0.09801017513075717,0.1703606514151691,0.18770138591522123,0.16562599366636344,0.24827652101740802,0.15444030576811593,0.12923320365648658
C:\Users\damba\.cache\kagglehub\datasets\sunnykusawa\ecommerce-products-image-dataset\versions\1\ecommerce products\jeans\133.jpg,jeans,exito,0.3183098861837905,0.005931349568845835,0.017197825216059923,0.036982744677848775,0.012321090706256907,0.045646687897771765,0.001150904775881832,0.06685247070735571,0.046224214975073744,0.032771334290270106,0.05774405383718902,0.0927293833002037,0.06220275498001157,0.09651925959214554,0.09097193070987399,0.09870837989930457,0.03822950486691883,0.015796431162344828,0.05426483378797797,0.10687734941667598,0.15577888111724295,0.10418176283519809,0.15727677981935095,0.12837439355083838,0.09397250355448276
C:\Users\damba\.cache\kagglehub\datasets\sunnykusawa\ecommerce-products-image-dataset\versions\1\ecommerce products\jeans\134.jpg,jeans,exito,0.0,0.0,0.0,0.0,0.0,0.0,0.0,0.0,0.0,0.0,0.0,0.0,0.0,0.0,0.0,0.0,0.0,0.0,0.0,0.0,0.0,0.0,0.0,0.0,0.0
C:\Users\damba\.cache\kagglehub\datasets\sunnykusawa\ecommerce-products-image-dataset\versions\1\ecommerce products\jeans\135.jpg,jeans,exito,0.0,0.0,0.0,0.0,0.0,0.0,0.0,0.0,0.0,0.0,0.0,0.0,0.0,0.0,0.0,0.0,0.0,0.0,0.0,0.0,0.0,0.0,0.0,0.0,0.0
C:\Users\damba\.cache\kagglehub\datasets\sunnykusawa\ecommerce-products-image-dataset\versions\1\ecommerce products\jeans\136.jpg,jeans,exito,0.31830988618379064,0.006095347827920913,0.049218381619638187,0.0567367571234625,0.02422606051361427,0.07394304391194366,0.05702143819208583,0.10632690207749829,0.023008190324254527,0.05351024220731085,0.11107327577471751,0.022033983117199576,0.01853332561125939,0.15904762889774263,0.09226487744263306,0.02724198051416106,0.059676829270488126,0.09809335950309901,0.05908558820909058,0.008029928534561581,0.0534235993413959,0.18414607941372232,0.16971414381885705,0.004869374706667272,0.1450235019912429
C:\Users\damba\.cache\kagglehub\datasets\sunnykusawa\ecommerce-products-image-dataset\versions\1\ecommerce products\jeans\137.jpg,jeans,exito,0.3183098861837905,0.1083300698641089,0.05816979113379682,0.10205554714214701,0.09303901131069371,0.023077475823872227,0.00433550051252526,0.10160204979607466,0.02854785321745787,0.12871769723406468,0.15947852502056906,0.020634987272553362,0.021445863813389095,0.13864776057560427,0.01370275733163765,0.0038488802442836804,0.13972807104195006,0.10392663242907507,0.042393630966221285,0.019147778755068155,0.018254155133089443,0.10964696278979114,0.16710205911086157,0.09239811982913311,0.10901369664857676
C:\Users\damba\.cache\kagglehub\datasets\sunnykusawa\ecommerce-products-image-dataset\versions\1\ecommerce products\jeans\138.jpg,jeans,exito,0.3183098861837906,0.020775265700101547,0.015289064949673019,0.008264831697755954,0.050851187240316224,0.08441557129890455,0.04359364682164041,0.022199307378460292,0.059850522540263996,0.0884990783936908,0.11537240157076868,0.08091219431378124,0.08818258776693584,0.1097107403437069,0.07595341088212225,0.0569352281304752,0.10358374003502381,0.08719361848878544,0.06780734000868607,0.056140472561883044,0.11943663657045414,0.21090113279966372,0.06493859306985177,0.1489447173552251,0.06232537412657453
C:\Users\damba\.cache\kagglehub\datasets\sunnykusawa\ecommerce-products-image-dataset\versions\1\ecommerce products\jeans\139.jpg,jeans,exito,0.3183098861837905,0.00883573973304998,0.017399936699793096,0.036850277140389034,0.0067078184692434635,0.045200270627162684,0.0010582557435381463,0.06587555614903275,0.045772396770950415,0.020470667491034947,0.05445233895129815,0.09263727417006493,0.06560524694492023,0.09378860658453941,0.09814062278542691,0.09507559228666763,0.033743009405954545,0.012446644252197592,0.05281585782393982,0.10560947649494826,0.16477783381285335,0.10081140942035462,0.17259943374279665,0.12149581869589651,0.10163334596442797
C:\Users\damba\.cache\kagglehub\datasets\sunnykusawa\ecommerce-products-image-dataset\versions\1\ecommerce products\jeans\14.jpg,jeans,exito,0.0,0.0,0.0,0.0,0.0,0.0,0.0,0.0,0.0,0.0,0.0,0.0,0.0,0.0,0.0,0.0,0.0,0.0,0.0,0.0,0.0,0.0,0.0,0.0,0.0
C:\Users\damba\.cache\kagglehub\datasets\sunnykusawa\ecommerce-products-image-dataset\versions\1\ecommerce products\jeans\140.jpg,jeans,exito,0.0,0.0,0.0,0.0,0.0,0.0,0.0,0.0,0.0,0.0,0.0,0.0,0.0,0.0,0.0,0.0,0.0,0.0,0.0,0.0,0.0,0.0,0.0,0.0,0.0
C:\Users\damba\.cache\kagglehub\datasets\sunnykusawa\ecommerce-products-image-dataset\versions\1\ecommerce products\jeans\141.jpg,jeans,exito,0.0,0.0,0.0,0.0,0.0,0.0,0.0,0.0,0.0,0.0,0.0,0.0,0.0,0.0,0.0,0.0,0.0,0.0,0.0,0.0,0.0,0.0,0.0,0.0,0.0
C:\Users\damba\.cache\kagglehub\datasets\sunnykusawa\ecommerce-products-image-dataset\versions\1\ecommerce products\jeans\142.jpg,jeans,exito,0.3183098861837905,0.03594516186366637,0.023120703242717942,0.03456527320731939,0.08001395275746714,0.04940572967245151,0.03648853371434116,0.05857232861422454,0.050771964912770515,0.11883786712016413,0.08490246978258041,0.09658973271063628,0.046303121180152326,0.08470464413190185,0.08228110662128126,0.12266911877151405,0.09649834464849742,0.0784566067242486,0.09077829104887512,0.11802322098523604,0.04058210612830666,0.10052466864623212,0.11227089839864073,0.17601241083324157,0.03873286401615497
C:\Users\damba\.cache\kagglehub\datasets\sunnykusawa\ecommerce-products-image-dataset\versions\1\ecommerce products\jeans\143.jpg,jeans,exito,0.0,0.0,0.0,0.0,0.0,0.0,0.0,0.0,0.0,0.0,0.0,0.0,0.0,0.0,0.0,0.0,0.0,0.0,0.0,0.0,0.0,0.0,0.0,0.0,0.0
C:\Users\damba\.cache\kagglehub\datasets\sunnykusawa\ecommerce-products-image-dataset\versions\1\ecommerce products\jeans\144.jpg,jeans,exito,0.3183098861837906,0.033171328308515775,0.012137770947189139,0.010161163221616401,0.07180149453547832,0.08429024401877709,0.028191424493346,0.014082137816140379,0.06203930137827189,0.10693769736224729,0.1180005626167426,0.07971797866556554,0.0501672478147515,0.0866335968992186,0.08518812398376507,0.058938720262754596,0.10086833532025673,0.09684405482105368,0.06659795511556442,0.05493528408698678,0.06606049585784148,0.17407915077073222,0.0889935796741428,0.14680239522619143,0.06921563678104503
C:\Users\damba\.cache\kagglehub\datasets\sunnykusawa\ecommerce-products-image-dataset\versions\1\ecommerce products\jeans\145.jpg,jeans,exito,0.31830988618379047,0.02133070921167247,0.0457406189618713,0.04144606120004797,0.047427360482071815,0.05547172776468177,0.07444669283821383,0.02456128419121178,0.04177868591984138,0.07392632033846783,0.08901471632983358,0.07075271879167848,0.0867195892307641,0.09663070656405963,0.077831315240313,0.06953173219286334,0.08889760030866452,0.09415161034528723,0.07593652927918798,0.09062818352812936,0.05532914712684805,0.24725337886551832,0.10762508037656587,0.17434395693954646,0.09660757147164502
C:\Users\damba\.cache\kagglehub\datasets\sunnykusawa\ecommerce-products-image-dataset\versions\1\ecommerce products\jeans\146.jpg,jeans,exito,0.0,0.0,0.0,0.0,0.0,0.0,0.0,0.0,0.0,0.0,0.0,0.0,0.0,0.0,0.0,0.0,0.0,0.0,0.0,0.0,0.0,0.0,0.0,0.0,0.0
C:\Users\damba\.cache\kagglehub\datasets\sunnykusawa\ecommerce-products-image-dataset\versions\1\ecommerce products\jeans\147.jpg,jeans,exito,0.0,0.0,0.0,0.0,0.0,0.0,0.0,0.0,0.0,0.0,0.0,0.0,0.0,0.0,0.0,0.0,0.0,0.0,0.0,0.0,0.0,0.0,0.0,0.0,0.0
C:\Users\damba\.cache\kagglehub\datasets\sunnykusawa\ecommerce-products-image-dataset\versions\1\ecommerce products\jeans\148.jpg,jeans,exito,0.3183098861837905,0.035246637247634965,0.02288635979488323,0.03418609056571111,0.07870346990166964,0.04836303798501818,0.035586481689350455,0.056966147624637635,0.048801515141642576,0.1192275093680059,0.0792723476272184,0.09886213565648326,0.045493968432908254,0.09056758457166456,0.07989641690924691,0.12692009864564247,0.11378744780515467,0.06584574336965274,0.10463665521547036,0.1260723276130713,0.04553956079714229,0.1282460088024113,0.10928796747838647,0.19779644872825197,0.041425482901428404
C:\Users\damba\.cache\kagglehub\datasets\sunnykusawa\ecommerce-products-image-dataset\versions\1\ecommerce products\jeans\149.jpg,jeans,exito,0.31830988618379047,0.029963715375898186,0.04365385491741792,0.04137603351291587,0.06217502540755537,0.055412541176350194,0.06336725220526417,0.02281381548451651,0.0442111280543595,0.0876369259060531,0.09285023441040702,0.07340773453165328,0.055593305527327205,0.10010264829282137,0.09358819959392072,0.07364719300368962,0.09863269010965305,0.11249620372116452,0.08918529220205922,0.09622523156563324,0.0013340524825890133,0.2644128403273346,0.14435946742072261,0.19468901152613383,0.0931693972823887
C:\Users\damba\.cache\kagglehub\datasets\sunnykusawa\ecommerce-products-image-dataset\versions\1\ecommerce products\jeans\15.jpg,jeans,exito,0.3183098861837905,0.02702452709477803,0.0822572397240466,0.0772139555624297,0.05258926030845016,0.012916527820662813,0.1276660458727405,0.07251315918748179,0.017058111278632968,0.060309771337985256,0.03161643676829771,0.00457623450106301,0.14363580566277606,0.02486126158729372,0.017797840157572194,0.010910643643221796,0.007953074806531546,0.03228629299073841,0.0024772170818793404,0.0038604140816666066,0.10412682033223865,0.1815040347898323,0.054249964820752186,0.11271581301091382,0.0971166337888031
C:\Users\damba\.cache\kagglehub\datasets\sunnykusawa\ecommerce-products-image-dataset\versions\1\ecommerce products\jeans\150.jpg,jeans,exito,0.3183098861837906,0.03974547799166883,0.009878811895766068,0.010701652754175882,0.0849445645239775,0.083903769109143,0.016145759797729302,0.015708458741766282,0.06611930273529201,0.12505220513226953,0.12209277852573137,0.08234924703279743,0.01608621874508716,0.0956349969390376,0.10320956457018435,0.0641664665246095,0.12258424612538571,0.1160482768393878,0.0806384492469732,0.05847288356307094,0.0036316955991224074,0.19869286595038005,0.12561870049614635,0.16107116533946517,0.06899360902173161
C:\Users\damba\.cache\kagglehub\datasets\sunnykusawa\ecommerce-products-image-dataset\versions\1\ecommerce products\jeans\151.jpg,jeans,exito,0.0,0.0,0.0,0.0,0.0,0.0,0.0,0.0,0.0,0.0,0.0,0.0,0.0,0.0,0.0,0.0,0.0,0.0,0.0,0.0,0.0,0.0,0.0,0.0,0.0
C:\Users\damba\.cache\kagglehub\datasets\sunnykusawa\ecommerce-products-image-dataset\versions\1\ecommerce products\jeans\152.jpg,jeans,exito,0.0,0.0,0.0,0.0,0.0,0.0,0.0,0.0,0.0,0.0,0.0,0.0,0.0,0.0,0.0,0.0,0.0,0.0,0.0,0.0,0.0,0.0,0.0,0.0,0.0
C:\Users\damba\.cache\kagglehub\datasets\sunnykusawa\ecommerce-products-image-dataset\versions\1\ecommerce products\jeans\153.jpg,jeans,exito,0.0,0.0,0.0,0.0,0.0,0.0,0.0,0.0,0.0,0.0,0.0,0.0,0.0,0.0,0.0,0.0,0.0,0.0,0.0,0.0,0.0,0.0,0.0,0.0,0.0
C:\Users\damba\.cache\kagglehub\datasets\sunnykusawa\ecommerce-products-image-dataset\versions\1\ecommerce products\jeans\154.jpg,jeans,exito,0.31830988618379064,0.009715750268975627,0.05113862643174368,0.031095256543536523,0.01028667116154774,0.0013162533070568375,0.06307356252056606,0.04753587582463,0.04651047711063351,0.03564574141829945,0.02572573946463991,0.0882557540123424,0.024722811745087635,0.05558642269937281,0.15835368997749424,0.15201201886491486,0.08199604764226794,0.10920448480943094,0.058563360159322946,0.15760508476609383,0.05022280856758369,0.059932193899221296,0.2758873693237005,0.20019108737282107,0.10508352808362345
C:\Users\damba\.cache\kagglehub\datasets\sunnykusawa\ecommerce-products-image-dataset\versions\1\ecommerce products\jeans\155.jpg,jeans,exito,0.3183098861837906,0.01730108759967174,0.015912438768018372,0.009117558313469129,0.04094721150986736,0.08494813617642895,0.048604874761146014,0.01176146682432453,0.05371945612870164,0.06973246580319044,0.10999839177549699,0.07534934535532994,0.10815745602525012,0.07228527249879531,0.04910855410746407,0.04882854679676044,0.07119356381558116,0.06262458784853665,0.04588132501323958,0.049276528983517066,0.16879876293800386,0.13814777056011052,0.029451648863114167,0.12224666291833103,0.07053592778433325
C:\Users\damba\.cache\kagglehub\datasets\sunnykusawa\ecommerce-products-image-dataset\versions\1\ecommerce products\jeans\156.jpg,jeans,exito,0.3183098861837907,0.5740436419605752,0.6509771650848891,0.7500538701760983,0.6005500519115876,0.8383951491409893,0.3160450793216183,0.45699219821962744,0.8391744532639915,0.03755393408089943,0.2676647776736188,0.7592096572676793,0.5023173398726555,0.3647891688143951,0.11652131747744987,0.6107402778875993,0.8750137783741165,0.6253070367927744,0.1762369356340748,0.411014180801438,1.1871558060254084,1.0915187538513695,0.7726468344131581,0.26741114602523,0.19107897467793833
C:\Users\damba\.cache\kagglehub\datasets\sunnykusawa\ecommerce-products-image-dataset\versions\1\ecommerce products\jeans\157.jpg,jeans,exito,0.31830988618379047,0.006189696962230052,0.03256738798853486,0.0026896108620915785,0.014963251170063314,0.06636010340847079,0.007201735309210257,0.004205877655039183,0.08769884560912426,0.021755296152907843,0.12306040963992274,0.12344025859716111,0.08651455524381364,0.025139622832390913,0.0365889312724937,0.038883720811652756,0.03570521567813268,0.1611166480384249,0.16611666976335068,0.12646137412798023,0.1941539753102905,0.07205091421612557,0.06946397686839155,0.0646112818349329,0.36883836509132684
C:\Users\damba\.cache\kagglehub\datasets\sunnykusawa\ecommerce-products-image-dataset\versions\1\ecommerce products\jeans\158.jpg,jeans,exito,0.31830988618379064,0.020195652618241355,0.05096531661423321,0.05586398160151798,0.027209110695846285,0.06459999827905646,0.060533120340507736,0.09027708167591052,0.03730710318045442,0.01305158622845775,0.07992889097963003,0.029544793775565303,0.01144824474039484,0.11517348175291646,0.14706863188701721,0.019874245538009056,0.015043632333434849,0.05029439833218585,0.01715465240408207,0.01587164341478512,0.09132022147176387,0.11592230349054979,0.2514765722242644,0.014856229987725395,0.14953926156497765
C:\Users\damba\.cache\kagglehub\datasets\sunnykusawa\ecommerce-products-image-dataset\versions\1\ecommerce products\jeans\159.jpg,jeans,exito,0.0,0.0,0.0,0.0,0.0,0.0,0.0,0.0,0.0,0.0,0.0,0.0,0.0,0.0,0.0,0.0,0.0,0.0,0.0,0.0,0.0,0.0,0.0,0.0,0.0
C:\Users\damba\.cache\kagglehub\datasets\sunnykusawa\ecommerce-products-image-dataset\versions\1\ecommerce products\jeans\16.jpg,jeans,exito,0.3183098861837905,0.02048988620512068,0.019010466979731966,0.035929854753189605,0.051005938959738664,0.04615844512633724,0.014437850387206089,0.06294335055427573,0.045825282621160326,0.08616884117688407,0.06464131138335977,0.09760103069760419,0.014579716250782282,0.09888589197132266,0.07365552529271484,0.11891074056492111,0.09517202440949966,0.03653972666786433,0.09099712900540541,0.12352518291136276,0.05811992060684536,0.12854764930277363,0.1132796149507394,0.18460899422617902,0.06738372353764215
C:\Users\damba\.cache\kagglehub\datasets\sunnykusawa\ecommerce-products-image-dataset\versions\1\ecommerce products\jeans\160.jpg,jeans,exito,0.0,0.0,0.0,0.0,0.0,0.0,0.0,0.0,0.0,0.0,0.0,0.0,0.0,0.0,0.0,0.0,0.0,0.0,0.0,0.0,0.0,0.0,0.0,0.0,0.0
C:\Users\damba\.cache\kagglehub\datasets\sunnykusawa\ecommerce-products-image-dataset\versions\1\ecommerce products\jeans\161.jpg,jeans,exito,0.31830988618379047,0.034764241510015205,0.035203357331471286,0.03347980947525638,0.07831825118422148,0.048736386688009024,0.021822929635870077,0.04598045419836169,0.05546373416910147,0.11758455628571239,0.08370784860274932,0.11561136335082857,0.04476972276171274,0.03701897434572405,0.07506939775286502,0.10982017007803203,0.09659540815192154,0.10170536017192769,0.14098167116596944,0.13798299352005425,0.12318659523235682,0.014618010004631426,0.135854774621707,0.1402680242926542,0.18493185865766001
C:\Users\damba\.cache\kagglehub\datasets\sunnykusawa\ecommerce-products-image-dataset\versions\1\ecommerce products\jeans\162.jpg,jeans,exito,0.31830988618379064,0.013464106646458803,0.049897573072212174,0.05642790693239764,0.03876179850793677,0.07648390272742546,0.06178056429177398,0.10838300538322941,0.01886936843852643,0.07261801505182641,0.12081320054331013,0.020615739573543245,0.035361769658349806,0.16658043951343754,0.07586485983388694,0.02892382292395386,0.07559254028947822,0.11901782593831395,0.0661792904932693,0.005600756395636285,0.017728329934665926,0.1993562012813283,0.14477524015139565,0.0014404226880868074,0.14432343248938656
C:\Users\damba\.cache\kagglehub\datasets\sunnykusawa\ecommerce-products-image-dataset\versions\1\ecommerce products\jeans\163.jpg,jeans,exito,0.3183098861837906,0.05479876142353638,0.0006172693173470373,0.0012343531592355634,0.118337859536843,0.009009769726537662,0.03825849991168558,0.008978878116999729,0.012682231510243338,0.17864860677030375,0.039838306660712454,0.16075494851871794,0.12955164334098077,0.03399645559347057,0.07813707748551704,0.18516262215496623,0.18270476937212485,0.050952350257556456,0.20933697295518888,0.0458522191644832,0.23239417728936598,0.09235581028130399,0.1731657252582652,0.22770018962647517,0.09144524570224333
C:\Users\damba\.cache\kagglehub\datasets\sunnykusawa\ecommerce-products-image-dataset\versions\1\ecommerce products\jeans\164.jpg,jeans,exito,0.0,0.0,0.0,0.0,0.0,0.0,0.0,0.0,0.0,0.0,0.0,0.0,0.0,0.0,0.0,0.0,0.0,0.0,0.0,0.0,0.0,0.0,0.0,0.0,0.0
C:\Users\damba\.cache\kagglehub\datasets\sunnykusawa\ecommerce-products-image-dataset\versions\1\ecommerce products\jeans\165.jpg,jeans,exito,0.0,0.0,0.0,0.0,0.0,0.0,0.0,0.0,0.0,0.0,0.0,0.0,0.0,0.0,0.0,0.0,0.0,0.0,0.0,0.0,0.0,0.0,0.0,0.0,0.0
C:\Users\damba\.cache\kagglehub\datasets\sunnykusawa\ecommerce-products-image-dataset\versions\1\ecommerce products\jeans\166.jpg,jeans,exito,0.3183098861837906,0.029715040161985,0.013162024760959158,0.00700454376389935,0.06834614736957123,0.08391163326039984,0.031220312228826725,0.036688963813807506,0.06681419027252451,0.1159409297730649,0.12384356139163723,0.08745183091294968,0.04835808534135936,0.15680896656237814,0.10924715552102242,0.06677966326760182,0.15149939543185276,0.1286837002397428,0.0974408535044604,0.06462700036849947,0.02974619720857013,0.30757761256719574,0.13489450605188047,0.1837553541180614,0.052801219084646515
C:\Users\damba\.cache\kagglehub\datasets\sunnykusawa\ecommerce-products-image-dataset\versions\1\ecommerce products\jeans\167.jpg,jeans,exito,0.31830988618379047,0.02539504959476475,0.044845692052479035,0.041189301523111156,0.0542716403822575,0.054936471249613275,0.06941420648053907,0.022331872119017986,0.04364828799310716,0.08055388823794138,0.09042341452942425,0.07265078593561965,0.07138592826493557,0.10472199122802928,0.08878544281526159,0.07285726655404608,0.097400462378244,0.10605189242762299,0.086467914998222,0.09475001904816285,0.023559957875446836,0.26899194199911736,0.1327576717742393,0.18897332671316702,0.09723239063862812
C:\Users\damba\.cache\kagglehub\datasets\sunnykusawa\ecommerce-products-image-dataset\versions\1\ecommerce products\jeans\168.jpg,jeans,exito,0.31830988618379047,0.04222771417820439,0.03191330427249117,0.09101197922078305,0.0836097706516205,0.06729297583748252,0.005019093598067848,0.12442808799625354,0.06978799990642223,0.10587568145122613,0.1285610692806233,0.06284540350386457,0.09372544630747853,0.1146813433640512,0.041950803987272176,0.07941503639757906,0.07018954872624415,0.17752570244865803,0.10070911254246626,0.09024494060632456,0.23414696556687717,0.09645780415979517,0.022555154167266788,0.16836796986257574,0.04260378300199846
C:\Users\damba\.cache\kagglehub\datasets\sunnykusawa\ecommerce-products-image-dataset\versions\1\ecommerce products\jeans\169.jpg,jeans,exito,0.3183098861837906,0.005806465178847352,0.017164108630252722,0.008634061230681184,0.02328317821336941,0.08511797089525935,0.055312403165330024,0.01038602011208806,0.050870146585273196,0.054116573077631715,0.10723653581273793,0.0743600745456143,0.126848106851662,0.069267185548623,0.03560444713917769,0.045536565257507856,0.06572101421351437,0.05179124722933696,0.04181180081495808,0.04803233234411617,0.20016495532769848,0.13200220168796045,0.013343853567247347,0.11557358252721942,0.07064301346192864
C:\Users\damba\.cache\kagglehub\datasets\sunnykusawa\ecommerce-products-image-dataset\versions\1\ecommerce products\jeans\17.jpg,jeans,exito,0.31830988618379075,0.1367888591815154,0.12456269229350388,0.10455669503632971,0.096149982700915,0.09654293405321965,0.007813196908409595,0.03308802331742194,0.11010840592133173,0.17395935099365606,0.12277912575231906,0.10608813379991223,0.07314032353213977,0.13473284051286694,0.0387600110064919,0.0782162844116228,0.12692737041679586,0.09483689711566622,0.08315401648940299,0.07034915267843665,0.012783392268596594,0.15404395368891657,0.04964100914008749,0.11306490961313562,0.045068583656933524
C:\Users\damba\.cache\kagglehub\datasets\sunnykusawa\ecommerce-products-image-dataset\versions\1\ecommerce products\jeans\170.jpg,jeans,exito,0.0,0.0,0.0,0.0,0.0,0.0,0.0,0.0,0.0,0.0,0.0,0.0,0.0,0.0,0.0,0.0,0.0,0.0,0.0,0.0,0.0,0.0,0.0,0.0,0.0
C:\Users\damba\.cache\kagglehub\datasets\sunnykusawa\ecommerce-products-image-dataset\versions\1\ecommerce products\jeans\171.jpg,jeans,exito,0.0,0.0,0.0,0.0,0.0,0.0,0.0,0.0,0.0,0.0,0.0,0.0,0.0,0.0,0.0,0.0,0.0,0.0,0.0,0.0,0.0,0.0,0.0,0.0,0.0
C:\Users\damba\.cache\kagglehub\datasets\sunnykusawa\ecommerce-products-image-dataset\versions\1\ecommerce products\jeans\172.jpg,jeans,exito,0.3183098861837906,0.03341182105660407,0.012062312571897302,0.0064374523431213635,0.07538764761526281,0.08375017912032283,0.025153247002414836,0.04254633416925826,0.06938793061047412,0.12722324850275002,0.12758672351797495,0.09000319769798856,0.02960272427177701,0.1758332575187664,0.12208454319188869,0.07061295619616598,0.17327108625856427,0.14765492027674204,0.1099856589671133,0.06805417611092529,0.012497052858365765,0.34888665766760474,0.1647335583479111,0.19825340497815677,0.04908105916601792
C:\Users\damba\.cache\kagglehub\datasets\sunnykusawa\ecommerce-products-image-dataset\versions\1\ecommerce products\jeans\173.jpg,jeans,exito,0.3183098861837906,0.04535201460202909,0.003841117302844544,0.002226057151441604,0.09958389909369911,0.00895214617933969,0.014656742292069239,0.007435997855766918,0.012013768392944865,0.14812010895520086,0.03864490175965828,0.15965489911800573,0.06262904775990381,0.0166753304875952,0.056490667198954236,0.1684906363422096,0.12914495058784445,0.042411731193555596,0.1788623299580855,0.06616090494987986,0.105334395962593,0.04508115488014145,0.11328407063796356,0.18772927873071432,0.08407943155313957
C:\Users\damba\.cache\kagglehub\datasets\sunnykusawa\ecommerce-products-image-dataset\versions\1\ecommerce products\jeans\174.jpg,jeans,exito,0.0,0.0,0.0,0.0,0.0,0.0,0.0,0.0,0.0,0.0,0.0,0.0,0.0,0.0,0.0,0.0,0.0,0.0,0.0,0.0,0.0,0.0,0.0,0.0,0.0
C:\Users\damba\.cache\kagglehub\datasets\sunnykusawa\ecommerce-products-image-dataset\versions\1\ecommerce products\jeans\175.jpg,jeans,exito,0.0,0.0,0.0,0.0,0.0,0.0,0.0,0.0,0.0,0.0,0.0,0.0,0.0,0.0,0.0,0.0,0.0,0.0,0.0,0.0,0.0,0.0,0.0,0.0,0.0
C:\Users\damba\.cache\kagglehub\datasets\sunnykusawa\ecommerce-products-image-dataset\versions\1\ecommerce products\jeans\176.jpg,jeans,exito,0.3183098861837906,0.033806600332614546,0.008147859138782227,0.004076746625967713,0.07717858958969155,0.008720217591484898,0.008512865735396,0.015498920439118236,0.011223812733151229,0.11518687401482164,0.03582317971168913,0.15842009379613917,0.003103297612062591,0.027210261812640905,0.030655999168274262,0.1485102127864488,0.08187886070707627,0.029957336799299673,0.14803242131647557,0.08783296496553385,0.013446847926346133,0.011962753663675356,0.04759065852898976,0.14635344071264303,0.0713908372691483
C:\Users\damba\.cache\kagglehub\datasets\sunnykusawa\ecommerce-products-image-dataset\versions\1\ecommerce products\jeans\177.jpg,jeans,exito,0.31830988618379047,0.012282328292057883,0.03203704046553332,0.0024935141574773394,0.02797475365129502,0.06649559683822849,0.003857398306450721,0.005370809776607085,0.08343446674392845,0.041139708864317025,0.11668847966166213,0.11681970589797426,0.09624579831895001,0.020436614082986193,0.01003189258996248,0.028499531188598874,0.03397941554994281,0.14900171302795306,0.15159300184436073,0.12989894352481518,0.20600875555037607,0.049805324827860355,0.14100415310408246,0.052808596057981626,0.38374581509967576
C:\Users\damba\.cache\kagglehub\datasets\sunnykusawa\ecommerce-products-image-dataset\versions\1\ecommerce products\jeans\178.jpg,jeans,exito,0.31830988618379064,0.008052595611775511,0.04934887252871161,0.05681533523750287,0.014750049917793455,0.06970209311231852,0.05551894409637105,0.10129482197440305,0.02994592891543796,0.038599886142089306,0.09659702165228895,0.024979343807457415,0.008069232158682884,0.14509825664797685,0.11908837794747139,0.0242528663261282,0.06575946425137315,0.07838895473961359,0.04509899544833283,0.012065345638944167,0.08005107788837734,0.16486863949648048,0.2118897172333695,0.011911243268813808,0.14665127898575347
C:\Users\damba\.cache\kagglehub\datasets\sunnykusawa\ecommerce-products-image-dataset\versions\1\ecommerce products\jeans\179.jpg,jeans,exito,0.0,0.0,0.0,0.0,0.0,0.0,0.0,0.0,0.0,0.0,0.0,0.0,0.0,0.0,0.0,0.0,0.0,0.0,0.0,0.0,0.0,0.0,0.0,0.0,0.0
C:\Users\damba\.cache\kagglehub\datasets\sunnykusawa\ecommerce-products-image-dataset\versions\1\ecommerce products\jeans\18.jpg,jeans,exito,0.3183098861837905,0.011940303140590004,0.08502696625997244,0.07579032852740242,0.022594720362022352,0.005671333112599287,0.14131004308065737,0.06446463692437807,0.018188964788998126,0.024911568574346624,0.013868125481758597,0.0020642661515169873,0.17714360087635378,0.047006120256330906,0.012934163396390823,0.011479136187074999,0.006756942301238649,0.0125360185502346,0.0010072447789205765,0.0017342519602829673,0.14845172035629528,0.21496363768929158,0.042868918085920714,0.11291045076712737,0.0977318459580474
C:\Users\damba\.cache\kagglehub\datasets\sunnykusawa\ecommerce-products-image-dataset\versions\1\ecommerce products\jeans\180.jpg,jeans,exito,0.0,0.0,0.0,0.0,0.0,0.0,0.0,0.0,0.0,0.0,0.0,0.0,0.0,0.0,0.0,0.0,0.0,0.0,0.0,0.0,0.0,0.0,0.0,0.0,0.0
C:\Users\damba\.cache\kagglehub\datasets\sunnykusawa\ecommerce-products-image-dataset\versions\1\ecommerce products\jeans\181.jpg,jeans,exito,0.3183098861837905,0.040599775125321286,0.024799666546809703,0.033302123042194605,0.08912596234994609,0.04897353278465405,0.04582153519474165,0.053550116810273635,0.04964077413503317,0.1338533508974783,0.08357998632199887,0.09998746422767373,0.07449410251595462,0.0871956301841169,0.08598471777696422,0.13073936008806528,0.13132308649354696,0.0788907774623332,0.11457217562896026,0.1288744255823653,0.09849493930867165,0.13408986761215302,0.12287746256507305,0.20785518174850443,0.0324517087957592
C:\Users\damba\.cache\kagglehub\datasets\sunnykusawa\ecommerce-products-image-dataset\versions\1\ecommerce products\jeans\182.jpg,jeans,exito,0.0,0.0,0.0,0.0,0.0,0.0,0.0,0.0,0.0,0.0,0.0,0.0,0.0,0.0,0.0,0.0,0.0,0.0,0.0,0.0,0.0,0.0,0.0,0.0,0.0
C:\Users\damba\.cache\kagglehub\datasets\sunnykusawa\ecommerce-products-image-dataset\versions\1\ecommerce products\jeans\183.jpg,jeans,exito,0.0,0.0,0.0,0.0,0.0,0.0,0.0,0.0,0.0,0.0,0.0,0.0,0.0,0.0,0.0,0.0,0.0,0.0,0.0,0.0,0.0,0.0,0.0,0.0,0.0
C:\Users\damba\.cache\kagglehub\datasets\sunnykusawa\ecommerce-products-image-dataset\versions\1\ecommerce products\jeans\184.jpg,jeans,exito,0.3183098861837905,0.008649652192546521,0.017384603464542982,0.03690360480557081,0.02574372910265545,0.04618996353861442,0.0035925611971429237,0.0668966214382914,0.046700156615861285,0.050346400457623126,0.062041506777867385,0.09342738155764702,0.051511861320169834,0.09787590880833635,0.08235635619462434,0.10449642861132966,0.047840016707091114,0.023227802973779084,0.060443940098409414,0.10981315101592669,0.13355231515849064,0.10712713962409737,0.13679617971178096,0.1407699178424031,0.08315114187050546
C:\Users\damba\.cache\kagglehub\datasets\sunnykusawa\ecommerce-products-image-dataset\versions\1\ecommerce products\jeans\185.jpg,jeans,exito,0.0,0.0,0.0,0.0,0.0,0.0,0.0,0.0,0.0,0.0,0.0,0.0,0.0,0.0,0.0,0.0,0.0,0.0,0.0,0.0,0.0,0.0,0.0,0.0,0.0
C:\Users\damba\.cache\kagglehub\datasets\sunnykusawa\ecommerce-products-image-dataset\versions\1\ecommerce products\jeans\186.jpg,jeans,exito,0.3183098861837906,0.040829360911791075,0.005677858162531445,0.0034832785002171566,0.09066129939701059,0.0088982391765609,0.004743990704367497,0.013837628904836089,0.011663141104700995,0.13502548240903134,0.03786120947466898,0.1590741799856134,0.03458623710149187,0.03129938470331831,0.045764464372167045,0.15996964117435605,0.11252513441247519,0.038201806191650846,0.16543456080662267,0.07811347440029687,0.05555623881434127,0.05127447967531025,0.08622965644698805,0.17421612503459824,0.07996798192019045
C:\Users\damba\.cache\kagglehub\datasets\sunnykusawa\ecommerce-products-image-dataset\versions\1\ecommerce products\jeans\187.jpg,jeans,exito,0.3183098861837905,0.017523569478694948,0.01847909823663689,0.03743463135880995,0.04115790078665943,0.048521937223746266,0.008889107458253071,0.07238421258772337,0.050502709376790855,0.067672390315208,0.07583339988079167,0.08894676467926942,0.038319779558397486,0.11000445118794491,0.08370470231116649,0.09802492392843441,0.05626257784604994,0.052742143125633044,0.033606403531477126,0.0975409443890509,0.11328499534986834,0.12002364320546897,0.13234614124852587,0.11101468878047673,0.07696579247688998
C:\Users\damba\.cache\kagglehub\datasets\sunnykusawa\ecommerce-products-image-dataset\versions\1\ecommerce products\jeans\188.jpg,jeans,exito,0.0,0.0,0.0,0.0,0.0,0.0,0.0,0.0,0.0,0.0,0.0,0.0,0.0,0.0,0.0,0.0,0.0,0.0,0.0,0.0,0.0,0.0,0.0,0.0,0.0
C:\Users\damba\.cache\kagglehub\datasets\sunnykusawa\ecommerce-products-image-dataset\versions\1\ecommerce products\jeans\189.jpg,jeans,exito,0.0,0.0,0.0,0.0,0.0,0.0,0.0,0.0,0.0,0.0,0.0,0.0,0.0,0.0,0.0,0.0,0.0,0.0,0.0,0.0,0.0,0.0,0.0,0.0,0.0
C:\Users\damba\.cache\kagglehub\datasets\sunnykusawa\ecommerce-products-image-dataset\versions\1\ecommerce products\jeans\19.jpg,jeans,exito,0.0,0.0,0.0,0.0,0.0,0.0,0.0,0.0,0.0,0.0,0.0,0.0,0.0,0.0,0.0,0.0,0.0,0.0,0.0,0.0,0.0,0.0,0.0,0.0,0.0
C:\Users\damba\.cache\kagglehub\datasets\sunnykusawa\ecommerce-products-image-dataset\versions\1\ecommerce products\jeans\190.jpg,jeans,exito,0.3183098861837905,0.01934082338451633,0.018794790419746066,0.03757950131295088,0.04497076204321483,0.04896000876453565,0.010527830343153058,0.07369691499515527,0.05122115415825825,0.0735454858876024,0.0785717651306248,0.08812112046924626,0.0337403776617186,0.1136008981782755,0.08408982751774727,0.09706749219550909,0.06566846125034181,0.06052792234535139,0.02902330732126283,0.0954411218944732,0.10459960968899941,0.12648560778835105,0.1325492540136099,0.10651635058465615,0.07601497838913038
C:\Users\damba\.cache\kagglehub\datasets\sunnykusawa\ecommerce-products-image-dataset\versions\1\ecommerce products\jeans\191.jpg,jeans,exito,0.0,0.0,0.0,0.0,0.0,0.0,0.0,0.0,0.0,0.0,0.0,0.0,0.0,0.0,0.0,0.0,0.0,0.0,0.0,0.0,0.0,0.0,0.0,0.0,0.0
C:\Users\damba\.cache\kagglehub\datasets\sunnykusawa\ecommerce-products-image-dataset\versions\1\ecommerce products\jeans\192.jpg,jeans,exito,0.0,0.0,0.0,0.0,0.0,0.0,0.0,0.0,0.0,0.0,0.0,0.0,0.0,0.0,0.0,0.0,0.0,0.0,0.0,0.0,0.0,0.0,0.0,0.0,0.0
C:\Users\damba\.cache\kagglehub\datasets\sunnykusawa\ecommerce-products-image-dataset\versions\1\ecommerce products\jeans\193.jpg,jeans,exito,0.3183098861837905,0.05272763294036268,0.07259741623235506,0.08204700134285221,0.10424465600347041,0.025735204051013563,0.07997555895587224,0.10025617160120934,0.013167190978350275,0.13257435768233705,0.06768259735381024,0.008288813492741727,0.023353290893146934,0.05457557172561576,0.03523262023855765,0.009069251497785334,0.07814750065590283,0.09190717118353721,0.009006655357239674,0.007115053737013413,0.07610791867030095,0.04536406716566722,0.09983941557112146,0.11117429932046459,0.09510319339620665
C:\Users\damba\.cache\kagglehub\datasets\sunnykusawa\ecommerce-products-image-dataset\versions\1\ecommerce products\jeans\194.jpg,jeans,exito,0.0,0.0,0.0,0.0,0.0,0.0,0.0,0.0,0.0,0.0,0.0,0.0,0.0,0.0,0.0,0.0,0.0,0.0,0.0,0.0,0.0,0.0,0.0,0.0,0.0
C:\Users\damba\.cache\kagglehub\datasets\sunnykusawa\ecommerce-products-image-dataset\versions\1\ecommerce products\jeans\195.jpg,jeans,exito,0.0,0.0,0.0,0.0,0.0,0.0,0.0,0.0,0.0,0.0,0.0,0.0,0.0,0.0,0.0,0.0,0.0,0.0,0.0,0.0,0.0,0.0,0.0,0.0,0.0
C:\Users\damba\.cache\kagglehub\datasets\sunnykusawa\ecommerce-products-image-dataset\versions\1\ecommerce products\jeans\196.jpg,jeans,exito,0.0,0.0,0.0,0.0,0.0,0.0,0.0,0.0,0.0,0.0,0.0,0.0,0.0,0.0,0.0,0.0,0.0,0.0,0.0,0.0,0.0,0.0,0.0,0.0,0.0
C:\Users\damba\.cache\kagglehub\datasets\sunnykusawa\ecommerce-products-image-dataset\versions\1\ecommerce products\jeans\197.jpg,jeans,exito,0.3183098861837906,0.028202189891072794,0.013574924741352783,0.009346292177797687,0.06299905634686134,0.08435659417856822,0.03526454742006843,0.01733868761483372,0.060932426968241284,0.09830562316000067,0.11665858885462993,0.08011774868668067,0.06788116430822903,0.09600732266587816,0.08050885895736438,0.05787583031726201,0.10074068411617035,0.09175517393547988,0.06651469334179064,0.055296971928048444,0.09194647300638847,0.1890898526063777,0.07749809599383051,0.14714029066135384,0.06642515621002046
C:\Users\damba\.cache\kagglehub\datasets\sunnykusawa\ecommerce-products-image-dataset\versions\1\ecommerce products\jeans\198.jpg,jeans,exito,0.3183098861837906,0.03883340753827705,0.01021654636238078,0.009856913073737913,0.08389013231555074,0.08377015068642293,0.017219658097480186,0.022777345984839707,0.06745363564548627,0.12693287844007772,0.12352876126878874,0.08471399532320067,0.01611672749271033,0.11718575949376067,0.11000494592935992,0.0664612175077165,0.13756625779181855,0.12465684809299038,0.09016639051751499,0.06143137040909677,0.005620763466343533,0.24076824338571995,0.13880983970422964,0.1722476320143357,0.06469918882603853
C:\Users\damba\.cache\kagglehub\datasets\sunnykusawa\ecommerce-products-image-dataset\versions\1\ecommerce products\jeans\199.jpg,jeans,exito,0.3183098861837906,0.02230452537377819,0.01497861188129897,0.007527826042904194,0.02771874289334814,0.08653157660451925,0.050722918446221225,0.0061764072061893695,0.03272573922711328,0.009623821972822133,0.09845770451932967,0.06376426828142612,0.1342251357370618,0.012294895327690484,0.040783633034231256,0.02521211197040146,0.01969178858904641,0.028858121263133626,0.01690732964954214,0.03617254769285993,0.24043652245774252,0.028673425378688843,0.13318422597695903,0.0636993113762235,0.08639913422642084
C:\Users\damba\.cache\kagglehub\datasets\sunnykusawa\ecommerce-products-image-dataset\versions\1\ecommerce products\jeans\2.jpg,jeans,exito,0.3183098861837906,0.2887460755609589,0.024778640615341914,0.0853686379377599,0.11290523370106026,0.1328269022468513,0.00193218909488372,0.11455991980620571,0.03429634819431618,0.1089983973900505,0.14933088875480358,0.10876503278282745,0.03956444429286822,0.10714462278780824,0.08704851185469667,0.06178114618296916,0.12525762222393216,0.1508385321494262,0.18681270878693673,0.1229421282290148,0.17875595444521303,0.029784315974949342,0.23921879977116645,0.09146580389343144,0.12510187304047876
C:\Users\damba\.cache\kagglehub\datasets\sunnykusawa\ecommerce-products-image-dataset\versions\1\ecommerce products\jeans\20.jpg,jeans,exito,0.0,0.0,0.0,0.0,0.0,0.0,0.0,0.0,0.0,0.0,0.0,0.0,0.0,0.0,0.0,0.0,0.0,0.0,0.0,0.0,0.0,0.0,0.0,0.0,0.0
C:\Users\damba\.cache\kagglehub\datasets\sunnykusawa\ecommerce-products-image-dataset\versions\1\ecommerce products\jeans\21.jpg,jeans,exito,0.3183098861837905,0.01761871417879217,0.018494854590041732,0.03760254944138758,0.03980360026323603,0.04856469342027287,0.008307858789010103,0.07358597704470944,0.05073136803624601,0.06587563233252546,0.07571379542505809,0.08797722690920237,0.04155168424207379,0.1132564760781503,0.08733711085992303,0.09461266533429614,0.061013446042999304,0.05424131997480222,0.02667428592487199,0.09497796300681234,0.11942974097076263,0.12610548628750845,0.14182087786118075,0.10263991006423522,0.08122801110085
C:\Users\damba\.cache\kagglehub\datasets\sunnykusawa\ecommerce-products-image-dataset\versions\1\ecommerce products\jeans\22.jpg,jeans,exito,0.3183098861837906,0.012622341040493989,0.016572192728855736,0.009029745419558286,0.0291908788493811,0.08530903033138452,0.05313784267182669,0.008737737005908665,0.04922774655688797,0.053785036290273584,0.10657551938730904,0.07246408060310272,0.12387635553219457,0.05713300208367716,0.03064153104675147,0.04342087678954773,0.05677561155654612,0.04912471209096583,0.03557339407163584,0.04580928097188776,0.20098601589882936,0.10844319892479772,0.036013062745099404,0.10786215039378473,0.0739457132693774
C:\Users\damba\.cache\kagglehub\datasets\sunnykusawa\ecommerce-products-image-dataset\versions\1\ecommerce products\jeans\23.jpg,jeans,exito,0.31830988618379064,0.013957231081809851,0.04996129461655044,0.05644744856207692,0.017636293129849406,0.0670363884259356,0.05701408099441583,0.09611428534046867,0.03385082318071876,0.02321826940072535,0.08765759654318014,0.027233020795709925,0.006971508149839171,0.1307510185482334,0.13399767354270664,0.022082249985302494,0.047163065478216484,0.06343452227672361,0.03223875346997563,0.01414128664241512,0.09065413424785028,0.14126183503341275,0.23290033841081348,0.014205080628853334,0.14805301555617112
C:\Users\damba\.cache\kagglehub\datasets\sunnykusawa\ecommerce-products-image-dataset\versions\1\ecommerce products\jeans\24.jpg,jeans,exito,0.3183098861837906,0.02978212294240968,0.013143216508521944,0.008658724498263888,0.06712070516553456,0.0840953558790007,0.03218346334323412,0.024668163970238317,0.06389942418570346,0.10745704027462313,0.11975203594141459,0.08334390885925905,0.05605864716873474,0.11994426248903471,0.09432722972540496,0.062127897614016485,0.12225693870599139,0.10734338608542883,0.08027053518368757,0.05938311173937494,0.06128586281390245,0.2367538413580082,0.10354602394836256,0.16298820994297528,0.06160209879357998
C:\Users\damba\.cache\kagglehub\datasets\sunnykusawa\ecommerce-products-image-dataset\versions\1\ecommerce products\jeans\25.jpg,jeans,exito,0.0,0.0,0.0,0.0,0.0,0.0,0.0,0.0,0.0,0.0,0.0,0.0,0.0,0.0,0.0,0.0,0.0,0.0,0.0,0.0,0.0,0.0,0.0,0.0,0.0
C:\Users\damba\.cache\kagglehub\datasets\sunnykusawa\ecommerce-products-image-dataset\versions\1\ecommerce products\jeans\26.jpg,jeans,exito,0.0,0.0,0.0,0.0,0.0,0.0,0.0,0.0,0.0,0.0,0.0,0.0,0.0,0.0,0.0,0.0,0.0,0.0,0.0,0.0,0.0,0.0,0.0,0.0,0.0
C:\Users\damba\.cache\kagglehub\datasets\sunnykusawa\ecommerce-products-image-dataset\versions\1\ecommerce products\jeans\27.jpg,jeans,exito,0.3183098861837906,0.03902128436950694,0.0020274676536485487,0.06365257555837955,0.08245320131616782,0.059178015222815704,0.024655937859670508,0.0883298926910963,0.014978783539158828,0.11687777617998824,0.11026776648077084,0.04140928378291445,0.09475165432910483,0.09889787529959514,0.024492344433629278,0.09325878639732087,0.11124671440526351,0.13665821996895444,0.05701845161943253,0.1542142103646638,0.18524917193266888,0.13568633365008806,0.07385363009082345,0.20502093002816654,0.12537480331525952
C:\Users\damba\.cache\kagglehub\datasets\sunnykusawa\ecommerce-products-image-dataset\versions\1\ecommerce products\jeans\28.jpg,jeans,exito,0.3183098861837907,0.28061448421965773,0.07339597121267372,0.06207375125205873,0.1565364264788722,0.22400342057999995,0.12505940380578248,0.14481905828536007,0.13913629147114662,0.05673906817245707,0.06797845251580213,0.2655890668665351,0.21466349568511217,0.13416703668304059,0.11142667361116095,0.14916473371956435,0.11452309271657354,0.24582716156408627,0.2007096487403765,0.22035035634477232,0.14749120166156007,0.23206684577228576,0.11671545127646957,0.24229040126330423,0.423595947883842
C:\Users\damba\.cache\kagglehub\datasets\sunnykusawa\ecommerce-products-image-dataset\versions\1\ecommerce products\jeans\29.jpg,jeans,exito,0.3183098861837905,0.04372948994941001,0.04404029567414095,0.05483863744324958,0.05185466189795332,0.10688636509215584,0.022861062621275144,0.026768657346479825,0.09883412546472796,0.07554696921491622,0.09370802562176796,0.03954461764206462,0.05576778817450029,0.11295240296629902,0.06482383939229637,0.08721346585123434,0.06245019019353389,0.08452630290511834,0.0808203101998602,0.058185952402708116,0.1455962103106503,0.1352199940062791,0.04210979307162547,0.10349693180517387,0.08959308057578431
C:\Users\damba\.cache\kagglehub\datasets\sunnykusawa\ecommerce-products-image-dataset\versions\1\ecommerce products\jeans\3.jpg,jeans,exito,0.0,0.0,0.0,0.0,0.0,0.0,0.0,0.0,0.0,0.0,0.0,0.0,0.0,0.0,0.0,0.0,0.0,0.0,0.0,0.0,0.0,0.0,0.0,0.0,0.0
C:\Users\damba\.cache\kagglehub\datasets\sunnykusawa\ecommerce-products-image-dataset\versions\1\ecommerce products\jeans\30.jpg,jeans,exito,0.3183098861837905,0.021918637178874253,0.019295996372834155,0.03578166013434634,0.029431334403776824,0.04334781377906819,0.007639717527727517,0.05889944405154382,0.04345282870415397,0.02428295578151186,0.04243783789480016,0.09473608253417401,0.05653739447923914,0.07698282298494134,0.11960219438226727,0.08890418208885155,0.044478629749770786,0.024543511586685086,0.06673330394816657,0.10686005705134957,0.1575779194589411,0.08236520760900402,0.2171547372625959,0.11651279157586177,0.12432366860325571
C:\Users\damba\.cache\kagglehub\datasets\sunnykusawa\ecommerce-products-image-dataset\versions\1\ecommerce products\jeans\31.jpg,jeans,exito,0.0,0.0,0.0,0.0,0.0,0.0,0.0,0.0,0.0,0.0,0.0,0.0,0.0,0.0,0.0,0.0,0.0,0.0,0.0,0.0,0.0,0.0,0.0,0.0,0.0
C:\Users\damba\.cache\kagglehub\datasets\sunnykusawa\ecommerce-products-image-dataset\versions\1\ecommerce products\jeans\32.jpg,jeans,exito,0.0,0.0,0.0,0.0,0.0,0.0,0.0,0.0,0.0,0.0,0.0,0.0,0.0,0.0,0.0,0.0,0.0,0.0,0.0,0.0,0.0,0.0,0.0,0.0,0.0
C:\Users\damba\.cache\kagglehub\datasets\sunnykusawa\ecommerce-products-image-dataset\versions\1\ecommerce products\jeans\33.jpg,jeans,exito,0.3183098861837905,0.04250681658939498,0.07718433229047166,0.07975321770392721,0.0834235792127621,0.020542440065639624,0.10268018955740263,0.08704646717351147,0.015023946432635025,0.10118190717468221,0.05225712586016536,0.006927732321695445,0.08133563818698851,0.01626952825770281,0.02676571916382691,0.009926103449526455,0.038720144620213746,0.06293124521712141,0.005640908994620041,0.0058935916919064845,0.014899524216222822,0.1139385356351055,0.07682072092025972,0.11205755853495615,0.09604448598259009
C:\Users\damba\.cache\kagglehub\datasets\sunnykusawa\ecommerce-products-image-dataset\versions\1\ecommerce products\jeans\34.jpg,jeans,exito,0.3183098861837906,0.022647861383748066,0.011116478532029328,0.005670298316266052,0.05574601681848224,0.008371595412544066,0.025195770399250174,0.02369427118660071,0.010446512143677214,0.08711083787749622,0.032045789423176645,0.15723117724066027,0.0514202045601637,0.04820454113042744,0.007652668084146634,0.12860734613616623,0.055770335373091576,0.01730033040419225,0.12420682300573395,0.10844117844749811,0.09618550686725988,0.048046943933522074,0.018228487924796994,0.11733532269702408,0.05593393728761979
C:\Users\damba\.cache\kagglehub\datasets\sunnykusawa\ecommerce-products-image-dataset\versions\1\ecommerce products\jeans\35.jpg,jeans,exito,0.3183098861837905,0.01225854915412415,0.017740179340068107,0.03655973626800361,0.012224745296025555,0.043723289893863475,0.0020663431226173026,0.06266696262933259,0.043699356507670505,0.02378806016855368,0.04549742490912333,0.09474868373373103,0.06458382910720024,0.08642101328671267,0.10532735788807111,0.09556111783289165,0.05324728432224565,0.028958779332347445,0.06675566477504562,0.11012273604848491,0.1624009704879053,0.09613728301141478,0.19166428874611788,0.131577874511004,0.11264023716879079
C:\Users\damba\.cache\kagglehub\datasets\sunnykusawa\ecommerce-products-image-dataset\versions\1\ecommerce products\jeans\36.jpg,jeans,exito,0.31830988618379064,0.018523580182491495,0.050660230133843,0.056583405927614426,0.033729937365461767,0.06653026830360786,0.060711615001562504,0.09652660912729787,0.03524361243796401,0.059585788084386145,0.0880008859758506,0.02770855502949121,0.018147717908595255,0.13446171240565455,0.13929084325522845,0.021988651606304064,0.10207135031733992,0.08554578447270034,0.039087685306459063,0.015033231174309757,0.0646089421641809,0.1576431844960138,0.24711162422320448,0.016892416428192614,0.14820376222294188
C:\Users\damba\.cache\kagglehub\datasets\sunnykusawa\ecommerce-products-image-dataset\versions\1\ecommerce products\jeans\37.jpg,jeans,exito,0.0,0.0,0.0,0.0,0.0,0.0,0.0,0.0,0.0,0.0,0.0,0.0,0.0,0.0,0.0,0.0,0.0,0.0,0.0,0.0,0.0,0.0,0.0,0.0,0.0
C:\Users\damba\.cache\kagglehub\datasets\sunnykusawa\ecommerce-products-image-dataset\versions\1\ecommerce products\jeans\38.jpg,jeans,exito,0.0,0.0,0.0,0.0,0.0,0.0,0.0,0.0,0.0,0.0,0.0,0.0,0.0,0.0,0.0,0.0,0.0,0.0,0.0,0.0,0.0,0.0,0.0,0.0,0.0
C:\Users\damba\.cache\kagglehub\datasets\sunnykusawa\ecommerce-products-image-dataset\versions\1\ecommerce products\jeans\39.jpg,jeans,exito,0.3183098861837906,0.022360161314034392,0.014966901774506885,0.008659897122328388,0.052939026850573945,0.0844566990927902,0.04224430765020116,0.019560736532038624,0.05944818113715679,0.08874985920002643,0.11500982892516608,0.08006200488863668,0.08581632567193363,0.10163780802455273,0.07402096135739161,0.056249147473680046,0.09864701688601551,0.08507034090570503,0.06476490977216719,0.05510933423504901,0.11924040558722314,0.19643895457289387,0.06260682912103742,0.14528773707658038,0.06435677644882996
C:\Users\damba\.cache\kagglehub\datasets\sunnykusawa\ecommerce-products-image-dataset\versions\1\ecommerce products\jeans\4.jpg,jeans,exito,0.0,0.0,0.0,0.0,0.0,0.0,0.0,0.0,0.0,0.0,0.0,0.0,0.0,0.0,0.0,0.0,0.0,0.0,0.0,0.0,0.0,0.0,0.0,0.0,0.0
C:\Users\damba\.cache\kagglehub\datasets\sunnykusawa\ecommerce-products-image-dataset\versions\1\ecommerce products\jeans\40.jpg,jeans,exito,0.3183098861837906,0.04518870157928392,0.0004199498117757635,0.06475730488663607,0.09648166680465527,0.06202518545848994,0.037098575828446397,0.09506509825506079,0.01105761498152341,0.13961514604336203,0.11916077202087459,0.04084894855926045,0.1269976032994985,0.10159741122260536,0.043619696482893454,0.09069387608717215,0.12125021880272148,0.1562661279956104,0.04711819143632412,0.14507749670799214,0.2339695422620428,0.08505557684387911,0.12167026486663289,0.18026285105659395,0.10530028924296249
C:\Users\damba\.cache\kagglehub\datasets\sunnykusawa\ecommerce-products-image-dataset\versions\1\ecommerce products\jeans\41.jpg,jeans,exito,0.3183098861837905,0.0016667344716808513,0.017045130128747824,0.0369194993007712,0.012257856826434831,0.044831800485205464,0.0009425720716304759,0.06550668133760051,0.04487179664596367,0.039320548799604824,0.05342263791655279,0.09455336738432331,0.060788925291998384,0.09467169132841038,0.08927402587481235,0.10273103054290733,0.05680455577824032,0.024496787594169022,0.06654827169188181,0.11232789328699348,0.14901428537531597,0.10673771553919119,0.15789793285689668,0.14411539949983282,0.09526119331901295
C:\Users\damba\.cache\kagglehub\datasets\sunnykusawa\ecommerce-products-image-dataset\versions\1\ecommerce products\jeans\42.jpg,jeans,exito,0.0,0.0,0.0,0.0,0.0,0.0,0.0,0.0,0.0,0.0,0.0,0.0,0.0,0.0,0.0,0.0,0.0,0.0,0.0,0.0,0.0,0.0,0.0,0.0,0.0
C:\Users\damba\.cache\kagglehub\datasets\sunnykusawa\ecommerce-products-image-dataset\versions\1\ecommerce products\jeans\43.jpg,jeans,exito,0.0,0.0,0.0,0.0,0.0,0.0,0.0,0.0,0.0,0.0,0.0,0.0,0.0,0.0,0.0,0.0,0.0,0.0,0.0,0.0,0.0,0.0,0.0,0.0,0.0
C:\Users\damba\.cache\kagglehub\datasets\sunnykusawa\ecommerce-products-image-dataset\versions\1\ecommerce products\jeans\44.jpg,jeans,exito,0.0,0.0,0.0,0.0,0.0,0.0,0.0,0.0,0.0,0.0,0.0,0.0,0.0,0.0,0.0,0.0,0.0,0.0,0.0,0.0,0.0,0.0,0.0,0.0,0.0
C:\Users\damba\.cache\kagglehub\datasets\sunnykusawa\ecommerce-products-image-dataset\versions\1\ecommerce products\jeans\45.jpg,jeans,exito,0.3183098861837905,0.024125585202030633,0.08295599843273936,0.07684745500966975,0.0467805022553757,0.011512433380224984,0.13112403362151895,0.07045365721087846,0.017350953578532384,0.05317786825552279,0.028085472643574357,0.004107429733378458,0.1522072300813135,0.030589168389017367,0.016547013435600916,0.011056151215248586,0.006519287877362598,0.027894192427821707,0.0020749229170400818,0.0034611247778366223,0.11577911888404324,0.1902462707050098,0.05124370729504497,0.11277087874292695,0.09727408882749168
C:\Users\damba\.cache\kagglehub\datasets\sunnykusawa\ecommerce-products-image-dataset\versions\1\ecommerce products\jeans\46.jpg,jeans,exito,0.31830988618379064,0.018633345127612864,0.05067944974362216,0.056260848150712646,0.02881388411388492,0.06571046264023932,0.06001385346295738,0.09371866104760875,0.036017276959049944,0.040029456604271506,0.08425201404278322,0.02847152877344505,0.01331101504911034,0.1253915311340784,0.14221626006073798,0.021070160362549696,0.06867507010465414,0.0684157024703609,0.02993676175713091,0.015315826267773393,0.08068140787370691,0.1368980998282773,0.24735162376156317,0.015865017555769138,0.1487809577994675
C:\Users\damba\.cache\kagglehub\datasets\sunnykusawa\ecommerce-products-image-dataset\versions\1\ecommerce products\jeans\47.jpg,jeans,exito,0.3183098861837906,0.015487813324083898,0.016192615129877512,0.008860232647674564,0.03891614662162014,0.08487237269349421,0.049682953219610866,0.013265103050909879,0.05433747947453843,0.06970137219779751,0.11029420761129742,0.07623387878359252,0.10977963177619263,0.07880536343530155,0.051378423742928496,0.049697223315704024,0.07568572979737921,0.0641169595014638,0.048972163568372876,0.050329242001735164,0.1685483622880123,0.15050974911377654,0.02635397683539937,0.12585987470233806,0.06888155068282296
C:\Users\damba\.cache\kagglehub\datasets\sunnykusawa\ecommerce-products-image-dataset\versions\1\ecommerce products\jeans\48.jpg,jeans,exito,0.31830988618379047,0.005746327012967439,0.03259232630135819,0.002668463990455919,0.014699925539408746,0.06636658904236713,0.007275858600715204,0.003854057149149744,0.08747847909886385,0.021385411444666807,0.12267297816931882,0.12310715678482978,0.08634592947108971,0.0239738872832026,0.03510324535958519,0.03820869007652629,0.032509752562980984,0.1601642016503837,0.16527398405027288,0.12658380173778488,0.19322361867642687,0.06963073998386161,0.07324054256727065,0.06189675593029485,0.3695485074106989
C:\Users\damba\.cache\kagglehub\datasets\sunnykusawa\ecommerce-products-image-dataset\versions\1\ecommerce products\jeans\49.jpg,jeans,exito,0.0,0.0,0.0,0.0,0.0,0.0,0.0,0.0,0.0,0.0,0.0,0.0,0.0,0.0,0.0,0.0,0.0,0.0,0.0,0.0,0.0,0.0,0.0,0.0,0.0
C:\Users\damba\.cache\kagglehub\datasets\sunnykusawa\ecommerce-products-image-dataset\versions\1\ecommerce products\jeans\5.jpg,jeans,exito,0.0,0.0,0.0,0.0,0.0,0.0,0.0,0.0,0.0,0.0,0.0,0.0,0.0,0.0,0.0,0.0,0.0,0.0,0.0,0.0,0.0,0.0,0.0,0.0,0.0
C:\Users\damba\.cache\kagglehub\datasets\sunnykusawa\ecommerce-products-image-dataset\versions\1\ecommerce products\jeans\50.jpg,jeans,exito,0.0,0.0,0.0,0.0,0.0,0.0,0.0,0.0,0.0,0.0,0.0,0.0,0.0,0.0,0.0,0.0,0.0,0.0,0.0,0.0,0.0,0.0,0.0,0.0,0.0
C:\Users\damba\.cache\kagglehub\datasets\sunnykusawa\ecommerce-products-image-dataset\versions\1\ecommerce products\jeans\51.jpg,jeans,exito,0.3183098861837906,0.029311320445289658,0.013274321487904861,0.010069454963132997,0.0636030845097323,0.0845886181942588,0.03463118783817633,0.012110532755767515,0.05883726517945785,0.09501608571554682,0.11507812150788675,0.07735348640601053,0.06955732414746868,0.07563743533113013,0.07140430281141658,0.05482143844316547,0.08516222931435327,0.08345251021859666,0.05572659504721718,0.051906781167853376,0.10353119191911173,0.14874165312278773,0.06545233717929255,0.1348715106518317,0.07094522599426913
C:\Users\damba\.cache\kagglehub\datasets\sunnykusawa\ecommerce-products-image-dataset\versions\1\ecommerce products\jeans\52.jpg,jeans,exito,0.31830988618379047,0.021255727791930235,0.03061884523148564,0.0026781913105587045,0.04362213267751819,0.06661478539908648,0.003379338762228424,0.013321715120999032,0.08068036311294191,0.06536509766397328,0.11390983644015718,0.11237655843844555,0.11652342615672091,0.04328903955893327,0.013391803799771024,0.025805115692491647,0.08346512432895371,0.14837301153269916,0.1441500600484845,0.13278205793213232,0.24710938674729663,0.09210941134314683,0.1861242436733939,0.08020664506570915,0.39480824059120795
C:\Users\damba\.cache\kagglehub\datasets\sunnykusawa\ecommerce-products-image-dataset\versions\1\ecommerce products\jeans\53.jpg,jeans,exito,0.3183098861837906,0.03740038067096533,0.010731351610862978,0.007490861498876988,0.08246145142341924,0.0836152313002878,0.01855406416286134,0.039670087143152045,0.07037132325452385,0.13377747111998226,0.12826025513132652,0.0899072705968051,0.013020771469828095,0.1681849420294829,0.12603429131670962,0.07166542735977915,0.17541581593202507,0.1509002173535094,0.1116653784172108,0.0680739185104957,0.03649756424181012,0.33940367958751605,0.1743643496999848,0.19873537712150477,0.05301195848110172
C:\Users\damba\.cache\kagglehub\datasets\sunnykusawa\ecommerce-products-image-dataset\versions\1\ecommerce products\jeans\54.jpg,jeans,exito,0.3183098861837905,0.009520098034201034,0.017459133588560286,0.03701584544837651,0.02566889293384717,0.046600567211029155,0.0036017940617493315,0.06795055907321709,0.047434773713379175,0.04833377475280529,0.06415904104706623,0.09229781172462187,0.05266755891005998,0.0994716160043511,0.08385289833592881,0.1018794201714633,0.04010945306678079,0.02465552026811895,0.05298836321528569,0.10645668783166694,0.13759270077959534,0.10668596069051259,0.1384435901861083,0.1312669049443242,0.08351234961584862
C:\Users\damba\.cache\kagglehub\datasets\sunnykusawa\ecommerce-products-image-dataset\versions\1\ecommerce products\jeans\55.jpg,jeans,exito,0.3183098861837906,0.042785927788675376,0.0005761697380350924,0.06411672729139589,0.0905650435440888,0.06092945970962734,0.03199545509737605,0.09119559203640588,0.012508594836917101,0.12856040841570424,0.11548546118103564,0.04103599425710514,0.11347382230936141,0.09574789547693073,0.035585781096575696,0.09198337471278993,0.10857416126005602,0.14723772883087405,0.051733097865405996,0.14941410719689613,0.2119604319547044,0.09733692377405173,0.10189858474739669,0.1918468312962081,0.1142773391032697
C:\Users\damba\.cache\kagglehub\datasets\sunnykusawa\ecommerce-products-image-dataset\versions\1\ecommerce products\jeans\56.jpg,jeans,exito,0.3183098861837906,0.042785927788675376,0.0005761697380350924,0.06411672729139589,0.0905650435440888,0.06092945970962734,0.03199545509737605,0.09119559203640588,0.012508594836917101,0.12856040841570424,0.11548546118103564,0.04103599425710514,0.11347382230936141,0.09574789547693073,0.035585781096575696,0.09198337471278993,0.10857416126005602,0.14723772883087405,0.051733097865405996,0.14941410719689613,0.2119604319547044,0.09733692377405173,0.10189858474739669,0.1918468312962081,0.1142773391032697
C:\Users\damba\.cache\kagglehub\datasets\sunnykusawa\ecommerce-products-image-dataset\versions\1\ecommerce products\jeans\57.jpg,jeans,exito,0.3183098861837906,0.00048668362671862227,0.01732187082225707,0.008661948515574815,0.013911853002295896,0.08536953302637601,0.057055613735313065,0.006566489136197908,0.04772657767565326,0.042967118830495366,0.10503257413369634,0.07223116259080176,0.134464730979241,0.05627222674635378,0.021847461589638364,0.041761485964430946,0.05558119779683932,0.04338963460413184,0.03480330423658671,0.04551810469281262,0.21796184596491666,0.10837797132468414,0.03494395683299051,0.10522029506857382,0.07361979615355167
C:\Users\damba\.cache\kagglehub\datasets\sunnykusawa\ecommerce-products-image-dataset\versions\1\ecommerce products\jeans\58.jpg,jeans,exito,0.31830988618379047,0.036774908056103645,0.041511746033257,0.04290186712259381,0.07523430797964226,0.05793241239482624,0.053206747868202064,0.032519674557465995,0.04246464558313298,0.10074840062948466,0.09818932885034638,0.07179840188188095,0.032597190180894214,0.06739209562330466,0.08780668799141528,0.06958835794311696,0.0856648299547356,0.11221437022954123,0.07564311287868736,0.09242759806019143,0.023758275016047242,0.19922224819169232,0.13227359682458809,0.18184952701546042,0.07940177857841464
C:\Users\damba\.cache\kagglehub\datasets\sunnykusawa\ecommerce-products-image-dataset\versions\1\ecommerce products\jeans\59.jpg,jeans,exito,0.0,0.0,0.0,0.0,0.0,0.0,0.0,0.0,0.0,0.0,0.0,0.0,0.0,0.0,0.0,0.0,0.0,0.0,0.0,0.0,0.0,0.0,0.0,0.0,0.0
C:\Users\damba\.cache\kagglehub\datasets\sunnykusawa\ecommerce-products-image-dataset\versions\1\ecommerce products\jeans\6.jpg,jeans,exito,0.3183098861837906,0.12197161997163523,0.12500073000993484,0.06547119450015572,0.04707317224857183,0.04431290017992812,0.022094136335052656,0.008927122875497804,0.10162725564708266,0.10406831469765855,0.031219494093859906,0.10296948666336057,0.008753044694884802,0.07496878092563901,0.11067551671354602,0.08024749803577211,0.12927323136582472,0.1149372884752729,0.134110623656761,0.1605490520464386,0.05231987905220895,0.13344102858718088,0.04518666566396228,0.07050385792301815,0.03587833075273757
C:\Users\damba\.cache\kagglehub\datasets\sunnykusawa\ecommerce-products-image-dataset\versions\1\ecommerce products\jeans\60.jpg,jeans,exito,0.3183098861837905,0.030012314967717404,0.021276671866367117,0.036982808017873195,0.06896306699291894,0.05057363090919777,0.02546004050463266,0.0717701801797988,0.05339114773788315,0.10662065786304374,0.09025019060881709,0.08932522070305499,0.012328139709310357,0.10973859263415559,0.08064827381424,0.10633544602941823,0.09116093232077102,0.09030163720736774,0.04322479635873191,0.0977689428355815,0.0213049187400081,0.12266540475360059,0.11296020576863999,0.12095559088453837,0.056072774552643916
C:\Users\damba\.cache\kagglehub\datasets\sunnykusawa\ecommerce-products-image-dataset\versions\1\ecommerce products\jeans\61.jpg,jeans,exito,0.0,0.0,0.0,0.0,0.0,0.0,0.0,0.0,0.0,0.0,0.0,0.0,0.0,0.0,0.0,0.0,0.0,0.0,0.0,0.0,0.0,0.0,0.0,0.0,0.0
C:\Users\damba\.cache\kagglehub\datasets\sunnykusawa\ecommerce-products-image-dataset\versions\1\ecommerce products\jeans\62.jpg,jeans,exito,0.0,0.0,0.0,0.0,0.0,0.0,0.0,0.0,0.0,0.0,0.0,0.0,0.0,0.0,0.0,0.0,0.0,0.0,0.0,0.0,0.0,0.0,0.0,0.0,0.0
C:\Users\damba\.cache\kagglehub\datasets\sunnykusawa\ecommerce-products-image-dataset\versions\1\ecommerce products\jeans\63.jpg,jeans,exito,0.3183098861837906,0.028508846080696076,0.013492972573250887,0.00991458254270883,0.06228805519577591,0.08457488989741234,0.03563777200893762,0.012675512208786748,0.058850766531590874,0.09399290242097086,0.1149806437466898,0.0776290965566462,0.07182949021582483,0.07822047831727966,0.0714154410386574,0.0549132310653287,0.08629700753249947,0.08323452112052808,0.05660293303658926,0.05222670065866099,0.10623180372957183,0.15367664094278963,0.06449070487996308,0.13584487668939063,0.07027234966091028
C:\Users\damba\.cache\kagglehub\datasets\sunnykusawa\ecommerce-products-image-dataset\versions\1\ecommerce products\jeans\64.jpg,jeans,exito,0.31830988618379047,0.02797467629967643,0.044196918752653226,0.041526818544106316,0.05886602384073788,0.055673151494559814,0.0662847831480364,0.02417410356084419,0.04324462343897964,0.08422498468909459,0.09206922712961282,0.07245872528392319,0.06410983527012888,0.09631825937082203,0.08804326099641223,0.0719466855992099,0.09374403405551654,0.10642664262208304,0.08368589549613349,0.0941573019131653,0.015856760412140836,0.2536892319463392,0.13124809049625943,0.18709876756330826,0.09277819893377007
C:\Users\damba\.cache\kagglehub\datasets\sunnykusawa\ecommerce-products-image-dataset\versions\1\ecommerce products\jeans\65.jpg,jeans,exito,0.3183098861837906,0.03883817128003732,0.010214802743852083,0.010572841144487187,0.08318362072482893,0.08394523811399598,0.01787781468363967,0.01589197161335424,0.06568569380300221,0.12277429609573895,0.12164076468100106,0.08215647462577377,0.020775359802149816,0.09580041753393467,0.1013116225297591,0.06363760984441988,0.12044977793755002,0.11397974208197277,0.07933759138155298,0.058191830011296776,0.011713222856666155,0.19803410251933476,0.12145873151092866,0.15988772071495233,0.06871394526649544
C:\Users\damba\.cache\kagglehub\datasets\sunnykusawa\ecommerce-products-image-dataset\versions\1\ecommerce products\jeans\66.jpg,jeans,exito,0.31830988618379064,0.01740345737884742,0.05047059090590867,0.056117793534168535,0.021866925683735498,0.06559716836717215,0.05865150944407295,0.09270687172676106,0.03586621927353079,0.008570466168236356,0.08291745052801267,0.028567812093532218,0.00832775825455497,0.1214534931599745,0.14162916424128102,0.02078453609218409,0.023460272999709007,0.053737606829042876,0.023055936123731878,0.015154010945166146,0.09374330060104727,0.12552081952357685,0.24330233768123885,0.01463065676151952,0.14891597004616092
C:\Users\damba\.cache\kagglehub\datasets\sunnykusawa\ecommerce-products-image-dataset\versions\1\ecommerce products\jeans\67.jpg,jeans,exito,0.3183098861837905,0.20900391721083364,0.02369799342244602,0.05467554068989289,0.025184703607167108,0.0580006988790857,0.1269583046190649,0.10998861802229434,0.1087179477488948,0.09828637933412923,0.07420225939869438,0.18958178756969515,0.010658154499038598,0.06334526896818171,0.050158046687367945,0.15839078298563478,0.121338934910325,0.052370803993751325,0.2059099454662496,0.12386879330993111,0.04878892691756063,0.1665130461964138,0.040443067213015334,0.2878733103858489,0.14190071981510433
C:\Users\damba\.cache\kagglehub\datasets\sunnykusawa\ecommerce-products-image-dataset\versions\1\ecommerce products\jeans\68.jpg,jeans,exito,0.3183098861837905,0.20900391721083364,0.02369799342244602,0.05467554068989289,0.025184703607167108,0.0580006988790857,0.1269583046190649,0.10998861802229434,0.1087179477488948,0.09828637933412923,0.07420225939869438,0.18958178756969515,0.010658154499038598,0.06334526896818171,0.050158046687367945,0.15839078298563478,0.121338934910325,0.052370803993751325,0.2059099454662496,0.12386879330993111,0.04878892691756063,0.1665130461964138,0.040443067213015334,0.2878733103858489,0.14190071981510433
C:\Users\damba\.cache\kagglehub\datasets\sunnykusawa\ecommerce-products-image-dataset\versions\1\ecommerce products\jeans\69.jpg,jeans,exito,0.31830988618379047,0.01210890512133418,0.03205697389465394,0.0025277458452608245,0.027539612792663034,0.06648912517031594,0.0039983744703848915,0.005591607490076855,0.08368491746185933,0.040509671665091465,0.11708695205804252,0.11718562381293736,0.09582768759219623,0.021407805332148484,0.011555150241042794,0.02920092786033355,0.03465588401303725,0.14975680701367866,0.15231081595381318,0.1297836861724451,0.20563455987974003,0.05199030396049704,0.1369561755310429,0.05498616602192428,0.3829051679939321
C:\Users\damba\.cache\kagglehub\datasets\sunnykusawa\ecommerce-products-image-dataset\versions\1\ecommerce products\jeans\7.jpg,jeans,exito,0.0,0.0,0.0,0.0,0.0,0.0,0.0,0.0,0.0,0.0,0.0,0.0,0.0,0.0,0.0,0.0,0.0,0.0,0.0,0.0,0.0,0.0,0.0,0.0,0.0
C:\Users\damba\.cache\kagglehub\datasets\sunnykusawa\ecommerce-products-image-dataset\versions\1\ecommerce products\jeans\70.jpg,jeans,exito,0.3183098861837905,0.014592888735192124,0.0180355536450815,0.03735365001155517,0.028434851682385114,0.04745079032775593,0.004701700917019741,0.07132217626544797,0.04920188259531389,0.046787418638381165,0.06817707917688437,0.08883847130750261,0.05479845038302289,0.10731747405270704,0.09419357531399976,0.09162147806593787,0.04403809850976867,0.0366334384143262,0.029766489603360716,0.09653618890015253,0.14595671147873623,0.11722417827027264,0.15919164801538033,0.10098081548778064,0.09114494859344803
C:\Users\damba\.cache\kagglehub\datasets\sunnykusawa\ecommerce-products-image-dataset\versions\1\ecommerce products\jeans\71.jpg,jeans,exito,0.3183098861837905,0.007799006747162009,0.01731866782721094,0.03705485556225704,0.017253619475538433,0.046181285942893245,0.0018775659006253153,0.06784909267260086,0.04702143847557334,0.03655094571520149,0.06097034458347997,0.09192095931171522,0.06005784151152565,0.09870377867368176,0.08970524891299436,0.09808434008597264,0.03437209827617309,0.01823939957995355,0.049319830987763214,0.10482868225653673,0.15264262877279572,0.10558489886390035,0.15271174055823375,0.12369469119154523,0.09101015015012344
C:\Users\damba\.cache\kagglehub\datasets\sunnykusawa\ecommerce-products-image-dataset\versions\1\ecommerce products\jeans\72.jpg,jeans,exito,0.3183098861837905,0.020176756311029945,0.08378039491097855,0.07644805293605461,0.039122640099246084,0.00961123030972011,0.13514733588624914,0.06815290254924646,0.017667265252372694,0.044069739631483834,0.023267385935304846,0.003455178242672142,0.16199277504833415,0.036960932308366834,0.015174586032105366,0.011214991854816218,0.0034367224807364824,0.022399616420647635,0.0016136225128141391,0.00290814230431534,0.128647061148869,0.20012552355793123,0.04803160712728753,0.1128473329568061,0.09744633629504523
C:\Users\damba\.cache\kagglehub\datasets\sunnykusawa\ecommerce-products-image-dataset\versions\1\ecommerce products\jeans\73.jpg,jeans,exito,0.3183098861837906,0.04237831975276013,0.005070500624188397,0.002685119320214965,0.09376693077018176,0.008905219392247962,0.008101693921372086,0.00897512241895533,0.011809333765935348,0.13918736083180508,0.038023483994289904,0.15933170948885964,0.04406741433858596,0.015074242524281975,0.049814777081137636,0.16334457997346397,0.11493064525691206,0.03926844417189116,0.1702930031361942,0.0718018009536034,0.07107833765086169,0.030431576053531646,0.09568826267372331,0.17606655158769693,0.08113701422973646
C:\Users\damba\.cache\kagglehub\datasets\sunnykusawa\ecommerce-products-image-dataset\versions\1\ecommerce products\jeans\74.jpg,jeans,exito,0.3183098861837906,0.04237831975276013,0.005070500624188397,0.002685119320214965,0.09376693077018176,0.008905219392247962,0.008101693921372086,0.00897512241895533,0.011809333765935348,0.13918736083180508,0.038023483994289904,0.15933170948885964,0.04406741433858596,0.015074242524281975,0.049814777081137636,0.16334457997346397,0.11493064525691206,0.03926844417189116,0.1702930031361942,0.0718018009536034,0.07107833765086169,0.030431576053531646,0.09568826267372331,0.17606655158769693,0.08113701422973646
C:\Users\damba\.cache\kagglehub\datasets\sunnykusawa\ecommerce-products-image-dataset\versions\1\ecommerce products\jeans\75.jpg,jeans,exito,0.31830988618379047,0.019170776219073322,0.0310160397899081,0.0025346451893067446,0.04005555002668417,0.06658818408981633,0.0014276080023634388,0.010912928642243205,0.08103626464546189,0.0596723137630294,0.11396409330516376,0.11303627354439273,0.11108050659257467,0.035696945068871604,0.010641350096483966,0.025188173963911455,0.07021403564346883,0.1470475385242323,0.14511100668657959,0.13211093950382924,0.23504210083951624,0.07623202752405095,0.18004312147999935,0.0696846647414188,0.39302536607864386
C:\Users\damba\.cache\kagglehub\datasets\sunnykusawa\ecommerce-products-image-dataset\versions\1\ecommerce products\jeans\76.jpg,jeans,exito,0.31830988618379047,0.02163327960620593,0.045679359643774675,0.041329179156129416,0.04797492167448494,0.05517479827790996,0.07396513691472024,0.02366658936015409,0.04232935063414487,0.07472553882062724,0.08896450763493362,0.07122833816484603,0.08471232902392681,0.10019387994430497,0.080620867461014,0.07052358275339658,0.09156140727279467,0.09677823655562913,0.07894883916370513,0.09170655663597797,0.04960818741666435,0.2553439244114048,0.1137904985479622,0.17807098882062233,0.09773613816834333
C:\Users\damba\.cache\kagglehub\datasets\sunnykusawa\ecommerce-products-image-dataset\versions\1\ecommerce products\jeans\77.jpg,jeans,exito,0.3183098861837905,0.021485758183369723,0.01920745599812197,0.03618921181363533,0.0354591996366295,0.04156309312742187,0.008615648988239934,0.058337391823070885,0.040733588784173075,0.05584124140448144,0.03284235454335971,0.09799696040846896,0.04866630169432668,0.07706833463666007,0.11697486501159199,0.097306625665785,0.09319567674818593,0.05883304479164245,0.09098262030870423,0.11694736798112768,0.13069898938825386,0.0956295870836909,0.22382343889533837,0.15073885682409255,0.1303036676392628
C:\Users\damba\.cache\kagglehub\datasets\sunnykusawa\ecommerce-products-image-dataset\versions\1\ecommerce products\jeans\78.jpg,jeans,exito,0.3183098861837905,0.033470811639274116,0.0223113059993306,0.035526465831375906,0.07538986319357893,0.04994601977061277,0.03177969319211671,0.06344953823170195,0.05196015867448014,0.11242039159931895,0.08738810996945436,0.09370480445570716,0.03176872939236418,0.09066250503066818,0.08109730427109044,0.11627951064677755,0.08403614895104798,0.08317210542595295,0.07177579186738524,0.10940718485725517,0.01198586815917748,0.09458751781024302,0.10955042268057799,0.1521864235245525,0.04448997911487024
C:\Users\damba\.cache\kagglehub\datasets\sunnykusawa\ecommerce-products-image-dataset\versions\1\ecommerce products\jeans\79.jpg,jeans,exito,0.3183098861837906,0.02054486258179917,0.003071745448482377,0.031999955841206004,0.04583358818389634,0.07143598298161291,0.051178034122343806,0.04748899103457197,0.09346562073633606,0.06610248217670693,0.13426527406813996,0.1695188123272195,0.16608455372891573,0.06278126626530638,0.08569270081525128,0.05911738521600162,0.04986692917442207,0.1819241815926704,0.22559695491707418,0.03964197114349798,0.30201637615413846,0.10753644243032322,0.11399841062672852,0.13048859527310816,0.2796844725522338
C:\Users\damba\.cache\kagglehub\datasets\sunnykusawa\ecommerce-products-image-dataset\versions\1\ecommerce products\jeans\8.jpg,jeans,exito,0.0,0.0,0.0,0.0,0.0,0.0,0.0,0.0,0.0,0.0,0.0,0.0,0.0,0.0,0.0,0.0,0.0,0.0,0.0,0.0,0.0,0.0,0.0,0.0,0.0
C:\Users\damba\.cache\kagglehub\datasets\sunnykusawa\ecommerce-products-image-dataset\versions\1\ecommerce products\jeans\80.jpg,jeans,exito,0.3183098861837906,0.02054486258179917,0.003071745448482377,0.031999955841206004,0.04583358818389634,0.07143598298161291,0.051178034122343806,0.04748899103457197,0.09346562073633606,0.06610248217670693,0.13426527406813996,0.1695188123272195,0.16608455372891573,0.06278126626530638,0.08569270081525128,0.05911738521600162,0.04986692917442207,0.1819241815926704,0.22559695491707418,0.03964197114349798,0.30201637615413846,0.10753644243032322,0.11399841062672852,0.13048859527310816,0.2796844725522338
C:\Users\damba\.cache\kagglehub\datasets\sunnykusawa\ecommerce-products-image-dataset\versions\1\ecommerce products\jeans\81.jpg,jeans,exito,0.3183098861837906,0.008465887857008544,0.016985244160524767,0.008496580291845577,0.00256392506596955,0.0858328255345773,0.05729445493870659,0.0009577899889417656,0.04197177226065163,0.02379495264433862,0.10183056762325773,0.06860951474091682,0.14105327844168117,0.03518438201560293,0.0028415269760771276,0.035136846356899225,0.03992843265273095,0.03321990293952978,0.024805417760099834,0.041381623017561965,0.23791696769213946,0.07091870355948295,0.07449302875026291,0.08787676795722371,0.0788768157277953
C:\Users\damba\.cache\kagglehub\datasets\sunnykusawa\ecommerce-products-image-dataset\versions\1\ecommerce products\jeans\82.jpg,jeans,exito,0.3183098861837905,0.026712870630904065,0.02039469364089353,0.03670867961995194,0.06195193330716884,0.049668323566386334,0.020802419120439467,0.06933693598362745,0.05185377614112358,0.0952310948088785,0.08449743347956597,0.09078613527809812,0.0008145891816058964,0.1032066330557336,0.0784632841346854,0.1078263677707832,0.07179600472131026,0.07414327340604401,0.05035416299106918,0.10199762408188671,0.04592833037699514,0.11001164816060484,0.10927581014006217,0.12981081411492867,0.05789427135532739
C:\Users\damba\.cache\kagglehub\datasets\sunnykusawa\ecommerce-products-image-dataset\versions\1\ecommerce products\jeans\83.jpg,jeans,exito,0.3183098861837906,0.020254062205392585,0.015389837640145895,0.008868754972824255,0.048319039680502,0.08463258669292188,0.044935221434787974,0.01624401190116976,0.057359800153365975,0.08151551665423183,0.11303262062887344,0.07827964574952097,0.09494933590911288,0.09007704804794857,0.06468145090051049,0.05348453140816244,0.08763702344594178,0.07593556791247245,0.05735430070960835,0.05287678406457706,0.13940910381583768,0.1733911169202188,0.0466126215789429,0.13642928922965,0.0667055062985384
C:\Users\damba\.cache\kagglehub\datasets\sunnykusawa\ecommerce-products-image-dataset\versions\1\ecommerce products\jeans\84.jpg,jeans,exito,0.3183098861837906,0.0038901315680624675,0.017251673838228704,0.008637551829476313,0.02037734036049369,0.08518410869951497,0.05599281445833707,0.009354458879908748,0.05002074358051021,0.050908994656583294,0.10659426298002131,0.07379780241725355,0.12940603048947263,0.06585498531446055,0.031817450586837895,0.044509494657706664,0.06295844717360734,0.04926844869906276,0.039882216804062925,0.04736177142237074,0.20572987440170523,0.12575079392637684,0.018373067442298212,0.112778039451564,0.07139782732367685
C:\Users\damba\.cache\kagglehub\datasets\sunnykusawa\ecommerce-products-image-dataset\versions\1\ecommerce products\jeans\85.jpg,jeans,exito,0.0,0.0,0.0,0.0,0.0,0.0,0.0,0.0,0.0,0.0,0.0,0.0,0.0,0.0,0.0,0.0,0.0,0.0,0.0,0.0,0.0,0.0,0.0,0.0,0.0
C:\Users\damba\.cache\kagglehub\datasets\sunnykusawa\ecommerce-products-image-dataset\versions\1\ecommerce products\jeans\86.jpg,jeans,exito,0.0,0.0,0.0,0.0,0.0,0.0,0.0,0.0,0.0,0.0,0.0,0.0,0.0,0.0,0.0,0.0,0.0,0.0,0.0,0.0,0.0,0.0,0.0,0.0,0.0
C:\Users\damba\.cache\kagglehub\datasets\sunnykusawa\ecommerce-products-image-dataset\versions\1\ecommerce products\jeans\87.jpg,jeans,exito,0.3183098861837905,0.006690939900628026,0.08548784809201952,0.07541765970858735,0.007701267439804199,0.0031728012003501226,0.14379094142125662,0.06256838294420443,0.018483207757615396,0.005859008761020143,0.009614048610397394,0.0011629340675343867,0.18378815858960273,0.051622864529169074,0.011559487737180007,0.01162972050318424,0.014329541019672497,0.007690285112193632,0.001435891935878988,0.0009760410314467008,0.15781433694629016,0.22102205485993107,0.03982346175768426,0.11282820556782855,0.09789455342594669
C:\Users\damba\.cache\kagglehub\datasets\sunnykusawa\ecommerce-products-image-dataset\versions\1\ecommerce products\jeans\88.jpg,jeans,exito,0.3183098861837907,0.4747644474135158,0.429802869972293,0.39626388936198326,0.21212399654626082,0.18555179691512305,0.11372095832288667,0.1034877719039723,0.25169175627962714,0.2848622740209112,0.2661073439234047,0.4481307464228167,0.2787293949076133,0.3918416373786381,0.4458893515241129,0.5142867214291111,0.3112252445373449,0.5319634618913133,0.5137911900696531,0.42758127982997174,0.3503817423441901,0.6060305667807783,0.4574185663583719,0.47045579228646145,0.27494060452020724
C:\Users\damba\.cache\kagglehub\datasets\sunnykusawa\ecommerce-products-image-dataset\versions\1\ecommerce products\jeans\89.jpg,jeans,exito,0.3183098861837905,0.11038682486796542,0.08638943976607046,0.08810458270083979,0.0748430946790617,0.07842835584029213,0.054942897196992496,0.02071860331596753,0.06608523576144851,0.08880800395575454,0.1563369809940087,0.097497636796744,0.13450433923951902,0.027408570841574987,0.11310464747225812,0.1153528915700433,0.12843984648868487,0.12799368874662448,0.1860591182210372,0.11860765203485298,0.1251404098101983,0.07277356040743362,0.1058386210840978,0.14175888787706697,0.20491537921593508
C:\Users\damba\.cache\kagglehub\datasets\sunnykusawa\ecommerce-products-image-dataset\versions\1\ecommerce products\jeans\9.jpg,jeans,exito,0.0,0.0,0.0,0.0,0.0,0.0,0.0,0.0,0.0,0.0,0.0,0.0,0.0,0.0,0.0,0.0,0.0,0.0,0.0,0.0,0.0,0.0,0.0,0.0,0.0
C:\Users\damba\.cache\kagglehub\datasets\sunnykusawa\ecommerce-products-image-dataset\versions\1\ecommerce products\jeans\90.jpg,jeans,exito,0.31830988618379047,0.020040968144142975,0.04599206615359102,0.040909454728482286,0.04534681087567496,0.054002942465144435,0.07517306145682034,0.021122656962542286,0.043694014286125876,0.07401490537824788,0.08757121641534885,0.07213415510568018,0.08593220751658529,0.11272960710561547,0.08619454663996104,0.07305996210315298,0.09962815150921313,0.10153294384811438,0.08651099586299872,0.0939794125078785,0.04390479636010006,0.28080317681276346,0.12634400538946228,0.18586705596964084,0.10387262653812447
C:\Users\damba\.cache\kagglehub\datasets\sunnykusawa\ecommerce-products-image-dataset\versions\1\ecommerce products\jeans\91.jpg,jeans,exito,0.0,0.0,0.0,0.0,0.0,0.0,0.0,0.0,0.0,0.0,0.0,0.0,0.0,0.0,0.0,0.0,0.0,0.0,0.0,0.0,0.0,0.0,0.0,0.0,0.0
C:\Users\damba\.cache\kagglehub\datasets\sunnykusawa\ecommerce-products-image-dataset\versions\1\ecommerce products\jeans\92.jpg,jeans,exito,0.0,0.0,0.0,0.0,0.0,0.0,0.0,0.0,0.0,0.0,0.0,0.0,0.0,0.0,0.0,0.0,0.0,0.0,0.0,0.0,0.0,0.0,0.0,0.0,0.0
C:\Users\damba\.cache\kagglehub\datasets\sunnykusawa\ecommerce-products-image-dataset\versions\1\ecommerce products\jeans\93.jpg,jeans,exito,0.31830988618379047,0.03857719983315619,0.040871773052553004,0.04314306901455273,0.07863830482792451,0.05823316763921075,0.05001118677745677,0.03387233735942888,0.04263725058845724,0.10470969177044145,0.0994733318688396,0.0718751523703352,0.024440432669267143,0.06295270372077845,0.08927264681531973,0.0696458515193401,0.08626455342890992,0.1149726312008553,0.07556374919274218,0.0925812040015261,0.036077503417711404,0.1912301045581009,0.13596367742563,0.1826105969358539,0.07736692040372813
C:\Users\damba\.cache\kagglehub\datasets\sunnykusawa\ecommerce-products-image-dataset\versions\1\ecommerce products\jeans\94.jpg,jeans,exito,0.3183098861837906,0.046822620934721844,0.006991744118408257,0.011288902531907832,0.0992876720191692,0.08340153137889167,0.0007870304923498706,0.020226514141600413,0.07090855226423604,0.14677260608322437,0.12708427590754967,0.08604409669180757,0.027798487678875505,0.11179326853428624,0.1252160684055833,0.07066000850150433,0.15630455757212802,0.14139971489364697,0.10098401906229021,0.0635218811852664,0.08058876955389555,0.2403888652585348,0.17457542030500037,0.18106954348568705,0.06873363101956377
C:\Users\damba\.cache\kagglehub\datasets\sunnykusawa\ecommerce-products-image-dataset\versions\1\ecommerce products\jeans\95.jpg,jeans,exito,0.3183098861837905,0.04608538962582853,0.027040508336733934,0.03259812026981054,0.0999790399062696,0.05012530862733247,0.057526561983556934,0.050203403899902355,0.05165384286075293,0.148577479473078,0.09071753834115934,0.09996761498533124,0.10649255393098213,0.07573690618372071,0.09540901027081941,0.13205361558991172,0.1415895229630471,0.09946282436497066,0.11783077997317541,0.1270524254222222,0.15346844171588717,0.1163048190675404,0.14652736292459342,0.2049593088646397,0.021432786850963274
C:\Users\damba\.cache\kagglehub\datasets\sunnykusawa\ecommerce-products-image-dataset\versions\1\ecommerce products\jeans\96.jpg,jeans,exito,0.31830988618379064,0.0193132827584597,0.05080103569515899,0.05630684392294594,0.031599571448641374,0.06569081175248911,0.060719150195864185,0.09399571609606433,0.03618124003156784,0.04764119283757648,0.08461837607298937,0.028496091597693837,0.015647812235026756,0.12667146583233982,0.14284515583141924,0.02113261197606528,0.08074666923951795,0.07373000332038897,0.03220676538868379,0.015435202439761842,0.07491348734639183,0.14112965510510536,0.2496587599082239,0.016423361001010873,0.14876443024974093
C:\Users\damba\.cache\kagglehub\datasets\sunnykusawa\ecommerce-products-image-dataset\versions\1\ecommerce products\jeans\97.jpg,jeans,exito,0.0,0.0,0.0,0.0,0.0,0.0,0.0,0.0,0.0,0.0,0.0,0.0,0.0,0.0,0.0,0.0,0.0,0.0,0.0,0.0,0.0,0.0,0.0,0.0,0.0
C:\Users\damba\.cache\kagglehub\datasets\sunnykusawa\ecommerce-products-image-dataset\versions\1\ecommerce products\jeans\98.jpg,jeans,exito,0.0,0.0,0.0,0.0,0.0,0.0,0.0,0.0,0.0,0.0,0.0,0.0,0.0,0.0,0.0,0.0,0.0,0.0,0.0,0.0,0.0,0.0,0.0,0.0,0.0
C:\Users\damba\.cache\kagglehub\datasets\sunnykusawa\ecommerce-products-image-dataset\versions\1\ecommerce products\jeans\99.jpg,jeans,exito,0.31830988618379064,0.010087902726304441,0.051173356635451576,0.031077560217982962,0.010470736015582018,0.001251100048549715,0.06314581394419796,0.04749451518462247,0.046507246624503396,0.034474529567300745,0.02524115985798633,0.08843589639449102,0.024554883315432093,0.05553812010427667,0.15863234709865787,0.15161249466855845,0.08041196329322789,0.10745275455248467,0.058808475918017675,0.15682028951372795,0.051326048502949785,0.05960102765601953,0.2759310955390761,0.19843565710109193,0.10598660279960677
C:\Users\damba\.cache\kagglehub\datasets\sunnykusawa\ecommerce-products-image-dataset\versions\1\ecommerce products\sofa\1.jpg,sofa,exito,0.3183098861837906,0.01974564815157277,0.002920002953305631,0.0317942258324003,0.043367502721321484,0.07102742043914201,0.050226157576458354,0.04532124616284815,0.09466031269040676,0.06107746359845206,0.13495426560922358,0.16900670010618493,0.1634307502491382,0.05835202771464605,0.08580827821038513,0.05970287516954244,0.05119318659499601,0.18427256959914692,0.22359562853806636,0.04135410437135303,0.2995368501884251,0.1059919082749531,0.09778400112659434,0.13868292758637563,0.27864929157799695
C:\Users\damba\.cache\kagglehub\datasets\sunnykusawa\ecommerce-products-image-dataset\versions\1\ecommerce products\sofa\10.jpg,sofa,exito,0.3183098861837905,0.012808163483081721,0.0849257525670316,0.07578753827962452,0.023659308796156676,0.006083464812408367,0.14089923643260227,0.06453726993241705,0.018192100998507005,0.025909868275478257,0.015186617424032203,0.0022144110513936956,0.1763865038337057,0.046634193562003004,0.01290570407272916,0.011480524360247211,0.010119593488746149,0.013626166479802195,0.0012357959082151767,0.001860370311406871,0.14784575035731243,0.21410405470859759,0.042791844247267743,0.11286550352641425,0.09773311189500807
C:\Users\damba\.cache\kagglehub\datasets\sunnykusawa\ecommerce-products-image-dataset\versions\1\ecommerce products\sofa\100.jpg,sofa,exito,0.3183098861837906,0.03689983083821028,0.010906609873607179,0.007079246773794429,0.08166738519375948,0.08362485899532217,0.019306155252398875,0.041744470520193866,0.0705675950187185,0.13399086801317334,0.12880182555683617,0.0904479721491069,0.014206500278527259,0.17439580495220866,0.1273403252985664,0.07210185014833789,0.1793539642746961,0.15379719830384903,0.11373129017266745,0.06876195243549699,0.037937636164848784,0.350919436017808,0.17745399110851445,0.20154343535943875,0.05116500419288996
C:\Users\damba\.cache\kagglehub\datasets\sunnykusawa\ecommerce-products-image-dataset\versions\1\ecommerce products\sofa\101.jpg,sofa,exito,0.31830988618379047,0.011066316491492164,0.03217083568592884,0.0028047082542215604,0.02379407893261819,0.06641155717498493,0.0050486573872714074,0.006779954174171792,0.08635607080675585,0.03492530205689591,0.12136789165073192,0.12117831620942077,0.09257925418393374,0.0287957622819484,0.028373341532012677,0.036522179908535,0.04534993644997184,0.1584866313443996,0.16092666191647956,0.12830786787981377,0.204512627935335,0.0708640311875928,0.09277544648900543,0.07483449874350674,0.3739195214048321
C:\Users\damba\.cache\kagglehub\datasets\sunnykusawa\ecommerce-products-image-dataset\versions\1\ecommerce products\sofa\102.jpg,sofa,exito,0.3183098861837905,0.01724783037166322,0.018433916629838818,0.03643459920007917,0.027389007222814083,0.04212345425303642,0.005388589416145346,0.060079895252803404,0.041439113049078345,0.047907777198267464,0.03632190594796984,0.09726781696851473,0.05549814326387931,0.0812038680299001,0.11122071145827818,0.09824677193406303,0.0851116354424904,0.0532327184182411,0.08519208499821365,0.11623616943249941,0.14168886754625418,0.09858757279052327,0.21095664258102068,0.1493376657455606,0.1236236309967057
C:\Users\damba\.cache\kagglehub\datasets\sunnykusawa\ecommerce-products-image-dataset\versions\1\ecommerce products\sofa\103.jpg,sofa,exito,0.3183098861837905,0.02330009706236323,0.019590369262498443,0.03678814288290971,0.054896146127803414,0.049045493667471005,0.01631202843208804,0.06915348429818681,0.050902167371993066,0.08538432775308712,0.08034762154030417,0.09107116336739893,0.013892753662420885,0.10262098790770824,0.07777340989411452,0.10682819534080656,0.06146084157794747,0.06292259563256163,0.050437994395026026,0.10306347519215842,0.06919077635750964,0.10878274459260194,0.11098827870469569,0.13063463319894644,0.06241956758163906
C:\Users\damba\.cache\kagglehub\datasets\sunnykusawa\ecommerce-products-image-dataset\versions\1\ecommerce products\sofa\104.jpg,sofa,exito,0.31830988618379047,0.03698469420087072,0.04143882773915736,0.04380747672414112,0.07575438022602211,0.05965836378120156,0.05379775654372219,0.04069505254140599,0.03933669561405018,0.10161512291059435,0.09949851666138852,0.06910533683596327,0.03793583847004733,0.052249263817173555,0.07324569744965086,0.06410188413083152,0.07430844302216724,0.10368686133838158,0.05885387088014561,0.08655822403816636,0.00388948344349534,0.1528499742501832,0.10338483878111451,0.16143641700764866,0.073788441824478
C:\Users\damba\.cache\kagglehub\datasets\sunnykusawa\ecommerce-products-image-dataset\versions\1\ecommerce products\sofa\105.jpg,sofa,exito,0.3183098861837905,0.031087700976194618,0.021586304578619295,0.035405596234889,0.07050199921330487,0.04915606241103047,0.02802222133827108,0.062295486058192316,0.0505823644322951,0.10555720002064,0.08259330651605008,0.09484488654475733,0.02166130254802906,0.08997167612701086,0.07854151163875737,0.11764489838532552,0.0790730601990773,0.0705334510047086,0.07752906015653797,0.11328044749997905,0.004708554077903076,0.09875196795501652,0.1052773895023964,0.16128813528298552,0.04705731521516389
C:\Users\damba\.cache\kagglehub\datasets\sunnykusawa\ecommerce-products-image-dataset\versions\1\ecommerce products\sofa\106.jpg,sofa,exito,0.3183098861837905,0.03972916886634716,0.024470106182280873,0.03424936305299877,0.08759834883103007,0.050159055118085744,0.043636969076853487,0.057405913946651246,0.05204151728001707,0.12942092686568255,0.08972002559782094,0.09646163333269132,0.06613259092762862,0.08022471284076664,0.08724297065569409,0.12355995051698464,0.10576747952005422,0.0921254026577193,0.09214575960243031,0.11674145611740447,0.07500381839753745,0.09079486779115935,0.12342467569903322,0.17410381367158687,0.03280342630664842
C:\Users\damba\.cache\kagglehub\datasets\sunnykusawa\ecommerce-products-image-dataset\versions\1\ecommerce products\sofa\107.jpg,sofa,exito,0.3183098861837906,0.01954569818662085,0.015522692694800886,0.007763648277249964,0.022416459678549022,0.08640402778066171,0.052748712561098754,0.004617064690122935,0.03445028343952411,0.001939557338145605,0.09890829284671575,0.06460639923177357,0.13747216580599653,0.014268484087624588,0.033513077606287724,0.02700083180707348,0.02321249267482111,0.028483729893492057,0.017666886736532772,0.03704809995738402,0.24318025517698116,0.03433517675746483,0.12222017654790449,0.06801624138217456,0.08502293038733136
C:\Users\damba\.cache\kagglehub\datasets\sunnykusawa\ecommerce-products-image-dataset\versions\1\ecommerce products\sofa\108.jpg,sofa,exito,0.3183098861837905,0.040386369134608496,0.024718222665705416,0.03522484376584403,0.08964664010430529,0.051299610236634444,0.044664944389587895,0.06305658419109895,0.05425270993258808,0.13383609699047408,0.09630033672881572,0.09325990602173187,0.06814775305449118,0.08891051454305032,0.08930382083799672,0.11771574514195118,0.11177404818713169,0.108954451480463,0.07325911186733887,0.10672333554175542,0.07746428251997838,0.09092194637565498,0.12802541200645293,0.14820084323578533,0.03648425516805424
C:\Users\damba\.cache\kagglehub\datasets\sunnykusawa\ecommerce-products-image-dataset\versions\1\ecommerce products\sofa\109.jpg,sofa,exito,0.3183098861837905,0.03152810299562531,0.08101460059193634,0.07783219229997637,0.0614667901163495,0.015109855994111179,0.12156424561195081,0.0760510850925185,0.01656547347597503,0.07148377692279323,0.03735063738950613,0.005290204225336743,0.1285866894605899,0.015003149845612412,0.019947557026918448,0.010667611785568009,0.014020942359095978,0.03985933325168461,0.003196800811499463,0.004471252988124564,0.08344626459472042,0.16578489909433575,0.05947169764133713,0.11258325435204936,0.09685267039961594
C:\Users\damba\.cache\kagglehub\datasets\sunnykusawa\ecommerce-products-image-dataset\versions\1\ecommerce products\sofa\11.jpg,sofa,exito,0.3183098861837906,0.04558263790970645,0.0075316941358093735,0.010846274563993716,0.09700005878322479,0.08342604966907032,0.0033797943965855957,0.022681454004962038,0.07076336921402875,0.14452505666207502,0.12702975817375212,0.08649386030943833,0.021606297667095813,0.11885139859382163,0.12491758385049276,0.07069283291799137,0.15772003970747955,0.1417507455100611,0.10204351303858737,0.06403058660879134,0.07260168857984317,0.2529141426630988,0.1734448725271423,0.1830094260538237,0.06700037986326185
C:\Users\damba\.cache\kagglehub\datasets\sunnykusawa\ecommerce-products-image-dataset\versions\1\ecommerce products\sofa\110.jpg,sofa,exito,0.3183098861837905,0.017702327830933295,0.018508771788884968,0.036188229925135124,0.020718415870495166,0.043959093859008584,0.004542337163541319,0.06148714644787851,0.04425342883153779,0.01295994356026677,0.04624693787028778,0.09383602021138358,0.06232990757041121,0.08311861960352704,0.1130763323267995,0.09023185976889737,0.037229118660212585,0.018712305531658195,0.06030877918358595,0.10600786053900554,0.16521036507807302,0.08907183183331009,0.2035645319738371,0.11625856002976385,0.11733515879490602
C:\Users\damba\.cache\kagglehub\datasets\sunnykusawa\ecommerce-products-image-dataset\versions\1\ecommerce products\sofa\111.jpg,sofa,exito,0.3183098861837906,0.026944242814958917,0.013901829261719798,0.009902737201811937,0.05880905073159755,0.08470997112984668,0.03805790633347879,0.011882658145014732,0.057375151572926365,0.08886048877483559,0.11371293604851009,0.07653932886635255,0.07939280460055467,0.07301698607603875,0.06521387146727924,0.053041486637332824,0.07970966361818735,0.07760594316065039,0.05190269174375519,0.050857676155214776,0.12114279853490413,0.1420763851771721,0.05565416034443426,0.13046271891651617,0.07125819936627296
C:\Users\damba\.cache\kagglehub\datasets\sunnykusawa\ecommerce-products-image-dataset\versions\1\ecommerce products\sofa\112.jpg,sofa,exito,0.3183098861837905,0.03143665387986674,0.08104173486386815,0.07782511434055375,0.06131806857495516,0.015065571684461883,0.12168710305539003,0.07599759618706232,0.016570309091317816,0.07130233701070156,0.037216663625301634,0.0052753784022346265,0.12886128251914963,0.015098865036957877,0.0199151391378028,0.010670170756695968,0.013708693474682445,0.03969548954969642,0.0031900179852456367,0.0044586409409699745,0.0837878343512118,0.16608256261871965,0.059403375195851045,0.11258934777238121,0.09685564513991742
C:\Users\damba\.cache\kagglehub\datasets\sunnykusawa\ecommerce-products-image-dataset\versions\1\ecommerce products\sofa\113.jpg,sofa,exito,0.31830988618379047,0.021138764233177624,0.030642212133712193,0.0024458393924081064,0.043746268014057205,0.06662206663447423,0.0034018121113141998,0.011826639691748542,0.07989782556178023,0.06533697125387035,0.11246944820520616,0.11136291541575336,0.11665676001441685,0.038073663327673445,0.01599165856452068,0.023095730204435703,0.0794149132002877,0.145469093005457,0.14259595726701774,0.13269348118342902,0.24559093528655332,0.08116033738382698,0.19800286024457134,0.06925966233184228,0.39717421037146805
C:\Users\damba\.cache\kagglehub\datasets\sunnykusawa\ecommerce-products-image-dataset\versions\1\ecommerce products\sofa\114.jpg,sofa,exito,0.31830988618379047,0.014534716513080425,0.0317524008809801,0.0029060724559445876,0.030191928728008497,0.06645789535797238,0.0028475648708739774,0.00932148101246007,0.08526748072095511,0.0446532662452554,0.12013103540143223,0.11934528993094529,0.0987626582585089,0.03456100758301489,0.022281770336560577,0.034936864122958086,0.05775140565270784,0.15711840050948525,0.15700916745233875,0.12976962270872092,0.21605918475599203,0.07756488964191437,0.11140691673926281,0.08386379949363142,0.3781800051010015
C:\Users\damba\.cache\kagglehub\datasets\sunnykusawa\ecommerce-products-image-dataset\versions\1\ecommerce products\sofa\115.jpg,sofa,exito,0.3183098861837906,0.026114520641374386,0.014109287627546145,0.009826043351217083,0.057210751291606105,0.08473727196854657,0.03915087121352043,0.011904947797803203,0.0569967048226736,0.08700174660985045,0.11333341823303396,0.07639457838140874,0.08239562649733098,0.07287994564899758,0.06359093416211253,0.0525996878467551,0.07862139948242924,0.07604155255997655,0.05115324383539307,0.05066483437328062,0.12620423842623188,0.14145405666476704,0.0529479552589876,0.1295470270107877,0.07119918482828662
C:\Users\damba\.cache\kagglehub\datasets\sunnykusawa\ecommerce-products-image-dataset\versions\1\ecommerce products\sofa\116.jpg,sofa,exito,0.3183098861837905,0.037375062646700555,0.023614753149696383,0.03591249130014812,0.083809364280519,0.05121076850381591,0.03859048598569842,0.06660164959547812,0.054209748502580965,0.12623531158213244,0.09529140831697051,0.09170327658371814,0.05066086719247829,0.097358583988597,0.08581548551646724,0.11384213597207253,0.10585529303286036,0.10514345655115265,0.06205119345070216,0.1029404877553609,0.046414540583863975,0.10399840783972002,0.12010545022801888,0.13745694666095642,0.04268728092462059
C:\Users\damba\.cache\kagglehub\datasets\sunnykusawa\ecommerce-products-image-dataset\versions\1\ecommerce products\sofa\117.jpg,sofa,exito,0.3183098861837905,0.0380343351177523,0.023849031170090615,0.033633231507560306,0.08421163190857764,0.048358029417052056,0.040874866977440444,0.055088165324292046,0.04860259384843828,0.12802688042837435,0.0798712898956106,0.10015762316624613,0.06120745658283351,0.09263706881521996,0.08212972190539772,0.1303635333042653,0.1308306596544107,0.06916164299618689,0.11427879334429324,0.13023492207621967,0.07706352839114376,0.14301359850992706,0.11474311505557536,0.21064019366254866,0.038161257696017484
C:\Users\damba\.cache\kagglehub\datasets\sunnykusawa\ecommerce-products-image-dataset\versions\1\ecommerce products\sofa\118.jpg,sofa,exito,0.3183098861837905,0.01388432793036685,0.01794046781629216,0.03733425124619042,0.027694988552039508,0.04738786697314176,0.004424278092563118,0.07104787504490769,0.04905738250826826,0.046342024674942396,0.06789068973379303,0.08914422062413228,0.054992939081786985,0.10651997721090746,0.0928969853140346,0.09266156177395131,0.042008183770297046,0.0351085629303721,0.031799962351111176,0.09739722191148933,0.145918782750852,0.11569170459669936,0.15646343455699518,0.10377482205448611,0.09018767700147161
C:\Users\damba\.cache\kagglehub\datasets\sunnykusawa\ecommerce-products-image-dataset\versions\1\ecommerce products\sofa\119.jpg,sofa,exito,0.3183098861837906,0.03324543657819041,0.012114576420078493,0.00660150848636131,0.07501657200208887,0.08376058668351846,0.025493616136128893,0.04151663223077154,0.06912110428736497,0.12619260751221004,0.12711980789628702,0.08964808768295379,0.030944607497721727,0.17262564077838355,0.1206607982020781,0.07017648640291457,0.17035871498259647,0.14525621357716229,0.10837607170710213,0.06758481067491538,0.008388347371275117,0.34241229719600785,0.16136477467677415,0.19629036041476355,0.049902364013399626
C:\Users\damba\.cache\kagglehub\datasets\sunnykusawa\ecommerce-products-image-dataset\versions\1\ecommerce products\sofa\12.jpg,sofa,exito,0.3183098861837906,0.0311183675477473,0.012759731944836854,0.006627380179460221,0.07110146121583308,0.08384121651815933,0.028913682681768065,0.03987059961549906,0.06800558837414689,0.12087039811684379,0.12560367417773594,0.08873106686174223,0.04082219715996382,0.16695820805968561,0.11524730479031803,0.068581412453366,0.1619346875231578,0.13759549656430617,0.10346710009798164,0.06632367730932145,0.011494768081096804,0.328754776776443,0.14862187696547108,0.19085011183619532,0.05058169180977192
C:\Users\damba\.cache\kagglehub\datasets\sunnykusawa\ecommerce-products-image-dataset\versions\1\ecommerce products\sofa\120.jpg,sofa,exito,0.3183098861837906,0.02728775993375751,0.004591634451448269,0.031690548969266936,0.05862560542725859,0.07072144133439326,0.059071125796912566,0.04428467838633997,0.09529369984623463,0.0883584179820396,0.13367561659546917,0.16356326176487007,0.18822666075608008,0.05212454474607026,0.0922682748275665,0.07195356660046358,0.09491360414951726,0.1830192259143679,0.2188058898144207,0.037555496263711484,0.34481048022688987,0.08476496942662334,0.15894297986409917,0.16514329251320434,0.2825426729572474
C:\Users\damba\.cache\kagglehub\datasets\sunnykusawa\ecommerce-products-image-dataset\versions\1\ecommerce products\sofa\121.jpg,sofa,exito,0.3183098861837905,0.01665174472692081,0.018338693149719955,0.036626204682957846,0.04194488620441745,0.04734132081018805,0.009627445624385503,0.06666531791022803,0.04817743509556542,0.06903235803008886,0.06985941014269674,0.09337818895741694,0.032366027677787,0.09806530155589763,0.07693899291004641,0.10863760431021438,0.05262247555221232,0.037586397255842285,0.06247698019471552,0.10995833183515495,0.0997207324228392,0.1065952022712314,0.11695200716689831,0.1455155936817567,0.07024861180857826
C:\Users\damba\.cache\kagglehub\datasets\sunnykusawa\ecommerce-products-image-dataset\versions\1\ecommerce products\sofa\122.jpg,sofa,exito,0.3183098861837906,0.014734557835536032,0.016299893451763026,0.00848101016029412,0.039507059878796214,0.08470972553446782,0.049579691089454585,0.01696398256751012,0.056078576105008694,0.07376322909084125,0.11164300110889198,0.07803616184008251,0.10716152181755949,0.09178429273769641,0.05882072724441937,0.052025468676687184,0.08558859306134309,0.07030926866559169,0.05565754501358167,0.05251635132614182,0.1585638707105428,0.17487423094364166,0.03263381763616829,0.13405537808707652,0.06584948392716769
C:\Users\damba\.cache\kagglehub\datasets\sunnykusawa\ecommerce-products-image-dataset\versions\1\ecommerce products\sofa\123.jpg,sofa,exito,0.31830988618379047,0.0357269880236621,0.03488355017928135,0.03322702238621934,0.07970841041544964,0.049016797045569244,0.020098123428713827,0.04513594986658676,0.05600821633529777,0.11887959740831328,0.0852995063399441,0.11506606053028717,0.04974188209665327,0.03492428517688123,0.0764138751809284,0.11087561976056286,0.0987458524507946,0.10525968766323412,0.14148279478404027,0.1368664464511291,0.13266959971572329,0.012654018402459164,0.13942695160633517,0.14389572613984325,0.18761706751402932
C:\Users\damba\.cache\kagglehub\datasets\sunnykusawa\ecommerce-products-image-dataset\versions\1\ecommerce products\sofa\124.jpg,sofa,exito,0.31830988618379047,0.008659935088212146,0.03239452753631536,0.002699096295952796,0.020108969964314605,0.06640411391850094,0.00612244145824501,0.005030962354557632,0.08640742462009104,0.029424647246519876,0.12117056667039064,0.1213620689803231,0.08964316204348834,0.024375025451964124,0.028346800575469833,0.03591701913085434,0.03463085043500277,0.15738209815320775,0.16121482780665966,0.12779412557662453,0.197995138867608,0.06498453849452528,0.09169318920096749,0.06468818574670294,0.373424884734903
C:\Users\damba\.cache\kagglehub\datasets\sunnykusawa\ecommerce-products-image-dataset\versions\1\ecommerce products\sofa\125.jpg,sofa,exito,0.31830988618379064,0.0034538621798605707,0.049099515843169864,0.05683453086022862,0.017827949324518366,0.07246954547731621,0.05567841794632228,0.1048771966368156,0.02545777521495046,0.046079944277536034,0.10583834556210035,0.02296922318448628,0.012728416874426744,0.15476129271528405,0.10179996460128798,0.026235705532261823,0.059983263238471134,0.08948268062557867,0.054541550353521755,0.009483824040787165,0.06643688510574307,0.17779588753598694,0.18476619224343588,0.007581612094734435,0.14551741169628393
C:\Users\damba\.cache\kagglehub\datasets\sunnykusawa\ecommerce-products-image-dataset\versions\1\ecommerce products\sofa\126.jpg,sofa,exito,0.3183098861837906,0.03453366625120515,0.011703113933685193,0.006550060909041437,0.077422355584037,0.08370965440776666,0.023301996776407156,0.042784368140632904,0.06985347176720742,0.1296625631986946,0.12815825303617662,0.09029382997078761,0.024529197463583806,0.17689365965452114,0.1242673092435734,0.07124668378960448,0.17635067742201882,0.15055908225050393,0.11180090500284089,0.06847285897594702,0.021724437687537627,0.3524764929039871,0.16997810373262479,0.20011094492852377,0.0493126617858974
C:\Users\damba\.cache\kagglehub\datasets\sunnykusawa\ecommerce-products-image-dataset\versions\1\ecommerce products\sofa\127.jpg,sofa,exito,0.3183098861837906,0.04834716082545329,0.0025186195878778134,0.0022995398056609995,0.1054529473593056,0.00900762379387686,0.021630937730835326,0.010020307935635448,0.012204033589410286,0.157669057568994,0.039362019151833294,0.1599415616141817,0.08243223308141279,0.03014422523400914,0.06292413271415732,0.1733903957314987,0.14708157972682903,0.046322366374679104,0.18764783875900373,0.06254164161260663,0.14346464214515361,0.07155576561709553,0.13106816469616564,0.20201874015830593,0.08711814143197402
C:\Users\damba\.cache\kagglehub\datasets\sunnykusawa\ecommerce-products-image-dataset\versions\1\ecommerce products\sofa\128.jpg,sofa,exito,0.3183098861837906,0.032087228672865446,0.012471157283511104,0.008031638544692622,0.0720800431503153,0.08389568298361952,0.028104161645062548,0.03139552865044572,0.0665068027938837,0.11697837798004847,0.12298152946059465,0.0861421770465259,0.0421615545614542,0.14132111450200932,0.1069853659276413,0.06596177591502712,0.14309070939113733,0.12379058073790171,0.09290404157901935,0.0630128616599529,0.027423721133441683,0.28028519443729194,0.13037398130636998,0.1775859269317503,0.057397069362460126
C:\Users\damba\.cache\kagglehub\datasets\sunnykusawa\ecommerce-products-image-dataset\versions\1\ecommerce products\sofa\129.jpg,sofa,exito,0.31830988618379064,0.005083040204370323,0.04916505637944657,0.056868561950169344,0.015293204946412852,0.07111895132369324,0.05534109565631018,0.10334291326944371,0.027703322361335443,0.042706514393224704,0.10130820871219724,0.023905950207525964,0.009870910493564937,0.15065778074230976,0.11046735558391325,0.02529335305654514,0.0651352979023256,0.08415116834960301,0.050260133150639326,0.010799363490218702,0.0737217189752435,0.17278092110136561,0.1986749392601259,0.00991186195496156,0.1460295721143974
C:\Users\damba\.cache\kagglehub\datasets\sunnykusawa\ecommerce-products-image-dataset\versions\1\ecommerce products\sofa\13.jpg,sofa,exito,0.3183098861837905,0.018562562169841198,0.08407507369872447,0.07623416595490907,0.03540958073270723,0.008833973811941018,0.1366982550724235,0.06705029963788232,0.01783948059152828,0.03955076520062416,0.02163746669578961,0.0031887087536535195,0.16607575300197464,0.03985989532481854,0.014452843085901224,0.011301279920719706,0.008726729802669723,0.02039184086878213,0.0015323281435322626,0.0026821968778984536,0.13442060318988053,0.20404449894551824,0.04630914578095943,0.11282544257219349,0.0975390659668218
C:\Users\damba\.cache\kagglehub\datasets\sunnykusawa\ecommerce-products-image-dataset\versions\1\ecommerce products\sofa\130.jpg,sofa,exito,0.3183098861837906,0.028190284148512636,0.009788685205401208,0.00493986293529091,0.06639315975429635,0.008560949435500422,0.017601827113147516,0.019915182200439117,0.010835105998118058,0.10070583488643219,0.03406163611927839,0.1578220224836713,0.02919480763480345,0.03851435958475395,0.018234895719615504,0.13860673844085195,0.06667364604579833,0.023592339805902002,0.13531358701035315,0.09835104038586302,0.05851795342719901,0.03176482150676078,0.019427147215896542,0.13053687776221065,0.06402877471182758
C:\Users\damba\.cache\kagglehub\datasets\sunnykusawa\ecommerce-products-image-dataset\versions\1\ecommerce products\sofa\131.jpg,sofa,exito,0.3183098861837906,0.046596460503247866,0.001028844099783679,0.06368244773740481,0.0973663922450722,0.062410090776341735,0.04030903601768225,0.09027071995005456,0.010903184855551518,0.13774015943761064,0.12052107353884046,0.040606719353066444,0.13640320557266405,0.09286839090427065,0.04183904076925327,0.09292173219964418,0.12107188684636262,0.1596797487029487,0.05413791271237651,0.15061835010520655,0.25396844744065894,0.09011900314717208,0.11867050587876823,0.19655910960693768,0.1142129985746119
C:\Users\damba\.cache\kagglehub\datasets\sunnykusawa\ecommerce-products-image-dataset\versions\1\ecommerce products\sofa\132.jpg,sofa,exito,0.3183098861837905,0.03605931222532197,0.02315943595468282,0.03387056915009765,0.0812690497782053,0.04685443030776578,0.037715437595761604,0.05742146670976329,0.04590319975120462,0.13016704930167577,0.07198501315436383,0.10221160003838908,0.055447669972544134,0.110275481531276,0.07735390016392443,0.13395703601599482,0.16066825535393137,0.054905720720062175,0.12681089394105075,0.13904231790005775,0.08034581090430665,0.18367899002617755,0.11058242505949613,0.2351464625419065,0.04971864608724654
C:\Users\damba\.cache\kagglehub\datasets\sunnykusawa\ecommerce-products-image-dataset\versions\1\ecommerce products\sofa\133.jpg,sofa,exito,0.3183098861837906,0.012723797696609593,0.016560074658101494,0.008556618112484165,0.03562315195352902,0.08481791940130289,0.05124620488507337,0.015091898984891425,0.05471401372650515,0.0686961514864125,0.11041699979992846,0.0770105325958576,0.11277749732070773,0.08535052288567267,0.052718520810149064,0.05028684550115594,0.07972385928525688,0.06495706438299766,0.051613654190113524,0.05125004327612408,0.17051154677568428,0.1624034607287246,0.022429124954672287,0.1288946936534806,0.06719842501928942
C:\Users\damba\.cache\kagglehub\datasets\sunnykusawa\ecommerce-products-image-dataset\versions\1\ecommerce products\sofa\134.jpg,sofa,exito,0.31830988618379047,0.03889960436182781,0.04075406288885562,0.04371005786928788,0.07947112915954727,0.05920355690188042,0.049865106977576984,0.03865442233975682,0.041043078635418485,0.10591971839268889,0.10041194282050811,0.07043308340956835,0.025957887141212842,0.0535298422565053,0.0818608671177673,0.06674208492668013,0.08005016364958113,0.11093886833081931,0.06634003571970228,0.08944743051080466,0.027454367051679165,0.16417204736254914,0.12073679065649298,0.17159549115875983,0.0738645225148248
C:\Users\damba\.cache\kagglehub\datasets\sunnykusawa\ecommerce-products-image-dataset\versions\1\ecommerce products\sofa\135.jpg,sofa,exito,0.31830988618379047,0.019979002957082163,0.03086693085695922,0.0018540833691217925,0.04234888664903484,0.06661404459928644,0.002534163392336879,0.005307806683980046,0.07869312519224803,0.06251990864839474,0.10991714605439379,0.10993131920565576,0.1143305643344527,0.01640176254815767,0.020732497507940695,0.017149017260811295,0.06335745872975651,0.13968063204208955,0.1405752722960176,0.13217542313258285,0.23711283295129545,0.03589691307544367,0.21557170920318772,0.034353486929634476,0.40040700773658955
C:\Users\damba\.cache\kagglehub\datasets\sunnykusawa\ecommerce-products-image-dataset\versions\1\ecommerce products\sofa\136.jpg,sofa,exito,0.3183098861837905,0.028883617778623322,0.020963412633971727,0.03747272740663458,0.06669945351778388,0.05072123305473036,0.02337695591553986,0.07471935597404263,0.053776751094313464,0.10518550223990705,0.09082303581035718,0.08777196978652885,0.005730247261169106,0.11762467202257196,0.08140103590960346,0.10254376046945032,0.09820106641562827,0.09254352008947976,0.03295453854433029,0.09401938373870845,0.03155471311060586,0.13719942605555244,0.11776354448054635,0.11082902930878276,0.060920837109997086
C:\Users\damba\.cache\kagglehub\datasets\sunnykusawa\ecommerce-products-image-dataset\versions\1\ecommerce products\sofa\137.jpg,sofa,exito,0.31830988618379047,0.03850153146118307,0.04089925769423693,0.04237204892454525,0.07791857820420553,0.05702050061353511,0.04973113949190823,0.027864256981167193,0.04455432300542211,0.10380736193453728,0.09846062738177233,0.07370545755231928,0.02151563023890264,0.07795791446516652,0.09853734411538943,0.07329969898510352,0.09647525150337215,0.12143194697966876,0.08764946895890496,0.09660210755734107,0.0495609702851297,0.22750411740616455,0.15684428428059052,0.19711959031596213,0.08236946904925277
C:\Users\damba\.cache\kagglehub\datasets\sunnykusawa\ecommerce-products-image-dataset\versions\1\ecommerce products\sofa\138.jpg,sofa,exito,0.31830988618379047,0.015586909964358471,0.03160304747021398,0.0024371620579723805,0.03386957155572123,0.06654286632528451,0.001538355131420562,0.007430528834672548,0.08202350133972244,0.050049669302807166,0.11486006714438146,0.11464772618551167,0.10278711159886209,0.025213607058570793,0.006134012946753067,0.02580856497693163,0.04930878969894682,0.1467633678349118,0.14768683832597437,0.13100520943400265,0.21787651640259928,0.05594331505870473,0.16388851648290495,0.056490356888464176,0.38894968478697933
C:\Users\damba\.cache\kagglehub\datasets\sunnykusawa\ecommerce-products-image-dataset\versions\1\ecommerce products\sofa\139.jpg,sofa,exito,0.3183098861837905,0.030752816064255607,0.036628303871894655,0.05014681050501744,0.06476947701943293,0.0987366272548067,0.10768343103758436,0.06269445615017737,0.061989928566332314,0.09099438854780176,0.17530058455027417,0.10066797465269707,0.24675264716389844,0.03736751449522971,0.021319859729627483,0.10814174511219371,0.08098543894638562,0.23909313247687972,0.13868763401357231,0.0807978561530513,0.41565256934186834,0.02353603767312993,0.07334925241489089,0.23409650558619852,0.17762853817148955
C:\Users\damba\.cache\kagglehub\datasets\sunnykusawa\ecommerce-products-image-dataset\versions\1\ecommerce products\sofa\14.jpg,sofa,exito,0.3183098861837905,0.033469649294259954,0.022310939338188136,0.03654928417814956,0.07602499321076304,0.05091571635192908,0.03133156605034734,0.0697337697828276,0.053838795336271277,0.11594739421562715,0.09289036630475027,0.09029416938436877,0.02960685136964912,0.10490052046037983,0.08239232777555677,0.10972320948897762,0.09791671294468336,0.09777293469240844,0.05119366940319603,0.09980878733072818,0.00920410135509584,0.11558022560018993,0.11400253239089725,0.12788293760402858,0.04985985291084983
C:\Users\damba\.cache\kagglehub\datasets\sunnykusawa\ecommerce-products-image-dataset\versions\1\ecommerce products\sofa\140.jpg,sofa,exito,0.31830988618379047,0.027719466868361877,0.0442638990973851,0.04149223561331477,0.05840638640289038,0.055602975678418425,0.06660878286531802,0.023978911630391828,0.04327983554143475,0.08383460523750266,0.09190498300992175,0.07247722379879545,0.0648706266405747,0.0971443951887992,0.08809875770636112,0.07203014144921557,0.09408020793976818,0.1063597357328131,0.0839460605069966,0.09421255154136968,0.0167035313775226,0.25519545864871734,0.1313506584791022,0.187271849893187,0.09320114699959639
C:\Users\damba\.cache\kagglehub\datasets\sunnykusawa\ecommerce-products-image-dataset\versions\1\ecommerce products\sofa\141.jpg,sofa,exito,0.31830988618379047,0.011844892450338316,0.03208677554244389,0.0024272782353891883,0.027483672784583406,0.06649808532294811,0.0040553207617658035,0.004194230970830574,0.08322461211618006,0.04034052896762625,0.11626247094816734,0.11654607386708553,0.09572843496243277,0.01683276455054537,0.00837777867789107,0.027622611703031805,0.02845488113400705,0.1479623386257314,0.15103665132076166,0.12986404962411024,0.20431997148747424,0.04352055168847564,0.14430657216687112,0.04674256251041875,0.384342889073097
C:\Users\damba\.cache\kagglehub\datasets\sunnykusawa\ecommerce-products-image-dataset\versions\1\ecommerce products\sofa\142.jpg,sofa,exito,0.3183098861837905,0.04670300890483753,0.07542028913418385,0.08062949188968316,0.09189813838541036,0.02265603778720465,0.09397136607224921,0.09209803668240382,0.014318712343311642,0.1135388931598141,0.05839725676953424,0.00750883055325664,0.0592773047707759,0.03089539097890763,0.029972852989895844,0.00959555345202354,0.0527590940596309,0.07383345467725906,0.006862481152543061,0.00640880073789526,0.018812873719249085,0.08849959030421406,0.0853383952871643,0.11175009515227972,0.0956819406848264
C:\Users\damba\.cache\kagglehub\datasets\sunnykusawa\ecommerce-products-image-dataset\versions\1\ecommerce products\sofa\143.jpg,sofa,exito,0.3183098861837905,0.014919833120279634,0.018081023574471573,0.03667347458928181,0.038623813536683156,0.04701910282304246,0.008139788096076832,0.0665897085225047,0.04771561247756873,0.06530352291957232,0.06779649812583777,0.09358170616718847,0.03674154471375069,0.09799911159283904,0.0775331693923193,0.10823790474333829,0.05257116972998189,0.03344163135822742,0.06324348808620951,0.11057088345597575,0.10699904834331683,0.10728087661377578,0.12044933828425648,0.14630722594771892,0.07290196726101623
C:\Users\damba\.cache\kagglehub\datasets\sunnykusawa\ecommerce-products-image-dataset\versions\1\ecommerce products\sofa\144.jpg,sofa,exito,0.3183098861837906,0.05286635084565211,0.0003631582982342906,0.0010595382843807564,0.11447219908537619,0.009005183762719244,0.03309617185636462,0.006750295078560223,0.012547541124645997,0.1720646287455014,0.039650537897788114,0.16053188718303732,0.11487172946385246,0.027351814240085554,0.07373640027287795,0.1817859605615322,0.1700750654143065,0.04917317620423469,0.20277443820091925,0.04971012136990801,0.20377321758516026,0.07959138896745925,0.16052511746603332,0.2186626813508499,0.09010896202128145
C:\Users\damba\.cache\kagglehub\datasets\sunnykusawa\ecommerce-products-image-dataset\versions\1\ecommerce products\sofa\145.jpg,sofa,exito,0.3183098861837906,0.020177617271768294,0.015404402678123498,0.009571227431046384,0.04361603570188912,0.08517935988925066,0.046944336349574456,0.010689289197886667,0.05173853657876077,0.06820012120947255,0.1090558364292451,0.07308896751450934,0.10683356020242954,0.05890829676677819,0.04242303903055017,0.0462267864584334,0.060565903853996114,0.058505349461194976,0.037975942175824,0.046595229534942495,0.17292777108101964,0.11055902283612426,0.03982542619900244,0.11287923780438774,0.07419636212434905
C:\Users\damba\.cache\kagglehub\datasets\sunnykusawa\ecommerce-products-image-dataset\versions\1\ecommerce products\sofa\146.jpg,sofa,exito,0.31830988618379064,0.006441182322910803,0.0492388124863588,0.056830678896994995,0.024390125449203926,0.07336077918886301,0.0569183649686908,0.10612982036361981,0.024168909193572806,0.055840908013009435,0.10930972091914952,0.022373676364281652,0.017819211773833082,0.1590355214183208,0.09672814102813915,0.02688131106849793,0.07305619649685213,0.09811186402316137,0.05810187537491869,0.00878258554189332,0.05415215495857729,0.18685155795776,0.17825526306179268,0.006539281632009407,0.14517078221541593
C:\Users\damba\.cache\kagglehub\datasets\sunnykusawa\ecommerce-products-image-dataset\versions\1\ecommerce products\sofa\147.jpg,sofa,exito,0.31830988618379047,0.003266740779500987,0.08031781810660121,0.030056258947809767,0.016146565182527432,0.04146793964578267,0.1110096613051853,0.04728339625744942,0.08108526326042348,0.05146826791195482,0.0589864196276153,0.05226496946959229,0.08647267725302585,0.0566532665450034,0.1985070680225177,0.07181087472615551,0.10079367916675262,0.09252408121286629,0.07013266822380164,0.08403312456298706,0.012522463951737912,0.049267598769421155,0.3160225346749675,0.08889717724431326,0.18693764726122097
C:\Users\damba\.cache\kagglehub\datasets\sunnykusawa\ecommerce-products-image-dataset\versions\1\ecommerce products\sofa\148.jpg,sofa,exito,0.3183098861837906,0.014157966228189453,0.016378398020486552,0.008357125105369411,0.015220857800171699,0.08607606503030249,0.055353372063767774,0.005446194808831073,0.03914701781460623,0.019572954039244445,0.10078544532387294,0.06682784343867654,0.13929990813483759,0.027754700315885564,0.01683766037105816,0.032012602776355065,0.03291544316001511,0.031297961178505265,0.02088743688670977,0.039410520174378974,0.23974400772627713,0.05528622310707592,0.09447479909070637,0.07970026386734447,0.08159544361801066
C:\Users\damba\.cache\kagglehub\datasets\sunnykusawa\ecommerce-products-image-dataset\versions\1\ecommerce products\sofa\149.jpg,sofa,exito,0.3183098861837906,0.025717483996313725,0.014206264847488144,0.007487404919480122,0.06076626990958804,0.08409996715243141,0.03706795167242019,0.031056572410507178,0.06407479822884996,0.10441896398470023,0.12024496167146177,0.08488909726343088,0.06651127626029432,0.1384312394905911,0.09593788144912278,0.06284097731579287,0.13127964087782204,0.1108153208756834,0.08527123228484107,0.06124211657894501,0.0696917039872536,0.2685982252508119,0.10550844113687691,0.16963219351965916,0.05636755817849977
C:\Users\damba\.cache\kagglehub\datasets\sunnykusawa\ecommerce-products-image-dataset\versions\1\ecommerce products\sofa\15.jpg,sofa,exito,0.31830988618379047,0.03574908184160989,0.041862333683433464,0.04324386807754757,0.07346513614001328,0.058633703152783455,0.055397998818226685,0.03588671277117822,0.0408255110747758,0.09878715111126864,0.09808485304427385,0.0703893545097259,0.04007192776731198,0.06080836264303883,0.07964833021106651,0.06679232316316698,0.07888112181130837,0.10592660186257442,0.0670737945535023,0.08935206337488398,0.006197984504273525,0.1793715771988435,0.11497249349332594,0.17092711365218854,0.07750746350982188
C:\Users\damba\.cache\kagglehub\datasets\sunnykusawa\ecommerce-products-image-dataset\versions\1\ecommerce products\sofa\150.jpg,sofa,exito,0.3183098861837905,0.009357165144593428,0.017444639566361424,0.036717549131968105,0.0051680765563590775,0.04429792778285127,0.0010900228966507044,0.06408819170877487,0.044457355571657316,0.021618551817898395,0.04908819843416786,0.09405134523408731,0.06583200459620452,0.08980942542742969,0.1009708472391202,0.09624267041564151,0.046784111843615035,0.02250755675634623,0.062095769470755374,0.10899795308710993,0.1639265535152399,0.0987430005667878,0.18145892124146645,0.12985439297560894,0.10712172665740768
C:\Users\damba\.cache\kagglehub\datasets\sunnykusawa\ecommerce-products-image-dataset\versions\1\ecommerce products\sofa\151.jpg,sofa,exito,0.3183098861837906,0.036826881196826255,0.010931954690577148,0.008144234400247996,0.08106454709739962,0.08367714580513859,0.019939519287746423,0.034700236995803026,0.0691514821027265,0.12938947403088044,0.12624764778569977,0.08821057214995448,0.018755887730900273,0.15283592952142874,0.11954157622250271,0.06964696113290675,0.16167583961389703,0.14023354702263235,0.10402506376112268,0.06584370646887969,0.018388827113309438,0.3084329782576958,0.15915757037989509,0.1895419831545682,0.05645050074022922
C:\Users\damba\.cache\kagglehub\datasets\sunnykusawa\ecommerce-products-image-dataset\versions\1\ecommerce products\sofa\152.jpg,sofa,exito,0.31830988618379047,0.037918890733414756,0.0341228546673775,0.033275923907414906,0.08369183347071657,0.04931517904486032,0.01600772695410072,0.04588223151602559,0.05643909146827508,0.12449128751052255,0.08697895447580835,0.11612293969848948,0.061289008413287195,0.038473522686274984,0.08336977099774402,0.11386962991206846,0.1067561765036964,0.11061235199168055,0.1487899482041065,0.13351663075695971,0.15330906798078056,0.031131594409591023,0.15742261345383943,0.145390348842101,0.1900538162172023
C:\Users\damba\.cache\kagglehub\datasets\sunnykusawa\ecommerce-products-image-dataset\versions\1\ecommerce products\sofa\153.jpg,sofa,exito,0.3183098861837905,0.025800726035164236,0.02016897023982636,0.035471926850962295,0.06049918358063418,0.047374942600493984,0.020712728766031512,0.0616910772739294,0.04760311867071063,0.09503514597258336,0.07208376589161614,0.09703109056547146,0.002649219551609441,0.09479335776175835,0.07435687881675437,0.11998188585812973,0.08878498394395627,0.04674738784414543,0.0889923425656176,0.12113865859899955,0.0319475660129422,0.11972776371949286,0.10425567732708296,0.1802192756247519,0.05664127478333224
C:\Users\damba\.cache\kagglehub\datasets\sunnykusawa\ecommerce-products-image-dataset\versions\1\ecommerce products\sofa\154.jpg,sofa,exito,0.3183098861837905,0.008289547244134977,0.01735585841229654,0.036751283160549895,0.028409678286625887,0.04504691341236288,0.004192222034017337,0.06507967576612478,0.04476220713590458,0.05973146702864326,0.056175936583503124,0.09605640334814762,0.047111907432628976,0.09731247435053562,0.08064252072557186,0.11013102907742095,0.07618530569663665,0.030608307640816936,0.07802993783869668,0.11804307838174945,0.11885317124921843,0.11669722531415166,0.13954871206755926,0.16409483352512103,0.08531295744895058
C:\Users\damba\.cache\kagglehub\datasets\sunnykusawa\ecommerce-products-image-dataset\versions\1\ecommerce products\sofa\155.jpg,sofa,exito,0.3183098861837906,0.04587140030883344,0.0036178436634425157,0.00293744000999291,0.10053251755164715,0.008993059461264429,0.01574108026638746,0.012573351091872527,0.012010689749781894,0.15014801527399874,0.039060139280054376,0.15961520045883734,0.06577780292375361,0.03432788369028436,0.05697888723315396,0.168711315677818,0.13641084815774654,0.04420627128750864,0.17976886444131565,0.06933906997649768,0.11326130471364214,0.07073598649708583,0.11546262119708532,0.1939550058032456,0.08519261637532519
C:\Users\damba\.cache\kagglehub\datasets\sunnykusawa\ecommerce-products-image-dataset\versions\1\ecommerce products\sofa\156.jpg,sofa,exito,0.3183098861837905,0.016050523460019755,0.018246041460454394,0.036306866856079485,0.04280853154366078,0.045665192596790444,0.009959116282267765,0.0639907665589457,0.04529082753020379,0.07669401109142805,0.06109190741049428,0.0970953407220444,0.028155297026957304,0.09889269665421539,0.07519976357024065,0.11593616396261068,0.08907019996487103,0.033419978320948236,0.08654054831279213,0.12186416051342436,0.0825938988639902,0.12493280885827508,0.1221663931103977,0.17812148728353094,0.07433534015298479
C:\Users\damba\.cache\kagglehub\datasets\sunnykusawa\ecommerce-products-image-dataset\versions\1\ecommerce products\sofa\157.jpg,sofa,exito,0.3183098861837905,0.04326681363073621,0.025853712138411547,0.032506139652729665,0.0948142387636886,0.04805549717132417,0.05190017944217537,0.0526764354188985,0.047624744427640586,0.1473684791750072,0.07964345653988676,0.10319533754537998,0.09478738713860567,0.10660450682280025,0.08630979074551376,0.1380873596481236,0.1763431201400489,0.07361392463684668,0.13679473994512334,0.14095583991301353,0.14994250992158767,0.19211797034697065,0.12759740994233779,0.24380327492466813,0.03638467614737269
C:\Users\damba\.cache\kagglehub\datasets\sunnykusawa\ecommerce-products-image-dataset\versions\1\ecommerce products\sofa\158.jpg,sofa,exito,0.3183098861837906,0.02014412867979167,0.011621362497183391,0.005812653168402431,0.051143079004188144,0.008289411438138446,0.02806477111911519,0.024353292540531705,0.010309632156373925,0.08118928782890854,0.031180002823768416,0.15703384922157027,0.05987127880064492,0.04922218924345838,0.000990966830549002,0.12481125975243311,0.04898125183118302,0.014400725795276556,0.12004884569688133,0.11129526903120204,0.11107687874353869,0.04795132307954928,0.021177373691528317,0.10944904299979402,0.05209529129257747
C:\Users\damba\.cache\kagglehub\datasets\sunnykusawa\ecommerce-products-image-dataset\versions\1\ecommerce products\sofa\159.jpg,sofa,exito,0.3183098861837906,0.04900428203879421,0.0022171600619623633,0.002090618749985731,0.10676301476014279,0.009008098779668218,0.023243918878288305,0.00917728188165262,0.012255984708758681,0.15969095663665728,0.039410831787820476,0.160031196352185,0.08698921971424038,0.028691868474637807,0.06452522676126755,0.17464454661643558,0.14997461985075716,0.04675624718768851,0.18981065624016089,0.06054797199232724,0.15174202645310308,0.07140681958422734,0.1353175176653807,0.20413986559789735,0.08756948946930947
C:\Users\damba\.cache\kagglehub\datasets\sunnykusawa\ecommerce-products-image-dataset\versions\1\ecommerce products\sofa\16.jpg,sofa,exito,0.3183098861837905,0.021215054008376335,0.01915298413608916,0.03587558377263611,0.0291591892155352,0.042968458619359405,0.007279050913697781,0.05875796383564626,0.04285283642139048,0.030311750881050203,0.04037143152946055,0.09546071211544481,0.056256330917173664,0.07676660918950615,0.11842075097290145,0.09091960439179296,0.05527984278355504,0.03229955879684567,0.07186818191945403,0.10910256828419587,0.15441692844904484,0.0841875959787972,0.217017065366691,0.12412479701116362,0.1251116082868808
C:\Users\damba\.cache\kagglehub\datasets\sunnykusawa\ecommerce-products-image-dataset\versions\1\ecommerce products\sofa\160.jpg,sofa,exito,0.3183098861837906,0.0215820565268246,0.015128026129482929,0.008358722355829145,0.05212707700554164,0.08440711882829516,0.04280100251595867,0.021820667770843193,0.05998338869433518,0.08950664289879215,0.11551942211646377,0.08087286038727545,0.08621310182702137,0.10869714372743017,0.07652903271514926,0.05706938319984289,0.10350199423802343,0.08775929821357516,0.06782291015463011,0.05610440461289766,0.1166697666135575,0.2094203002077553,0.06641296188804865,0.14894614399944286,0.06266267498127878
C:\Users\damba\.cache\kagglehub\datasets\sunnykusawa\ecommerce-products-image-dataset\versions\1\ecommerce products\sofa\161.jpg,sofa,exito,0.3183098861837905,0.03133874830802396,0.02166015710822294,0.03567697083709419,0.07109653085264715,0.049584709082535657,0.02825264937952631,0.06391580644813548,0.051388758542862005,0.10642344104347376,0.08498102572942531,0.0936882374253167,0.02176756182594157,0.0919389086483829,0.07930664740125522,0.11548176774442591,0.07789733627014142,0.07636867419163211,0.07054762623159713,0.10969965239784268,0.005614455729654714,0.09684035888564012,0.1065774807013865,0.1519951359538539,0.047548874627744195
C:\Users\damba\.cache\kagglehub\datasets\sunnykusawa\ecommerce-products-image-dataset\versions\1\ecommerce products\sofa\162.jpg,sofa,exito,0.3183098861837906,0.02164391364380613,0.015115425984107924,0.007861931292206782,0.0530924859250096,0.08429896200874384,0.04225934004188281,0.026041614722971094,0.06135092454690048,0.09337067776726378,0.11701204292925162,0.08249456504602774,0.08276469490651722,0.12192755015547592,0.08302681256014063,0.059059627642142405,0.11389588174743563,0.09518650543298672,0.07434819195825344,0.05813390394758728,0.10474288996433287,0.23441315662512505,0.07843452040639956,0.15679734792917882,0.05959354946338118
C:\Users\damba\.cache\kagglehub\datasets\sunnykusawa\ecommerce-products-image-dataset\versions\1\ecommerce products\sofa\163.jpg,sofa,exito,0.3183098861837905,0.04423001865687509,0.02625085997589027,0.03230401937319737,0.09684040106907449,0.04793817375173742,0.054101794408356614,0.052657539236746445,0.047314012194482606,0.15158837386877438,0.0793365065423901,0.10385951089646137,0.10171701698887524,0.11139535303849978,0.08692363383556956,0.13975437512257458,0.18754576095382505,0.07411583154122839,0.14173389226195715,0.1435106408584221,0.16622869695128428,0.20529522312747397,0.13000747820320538,0.2517676652410486,0.03722318159975799
C:\Users\damba\.cache\kagglehub\datasets\sunnykusawa\ecommerce-products-image-dataset\versions\1\ecommerce products\sofa\164.jpg,sofa,exito,0.3183098861837905,0.019293833989835696,0.018786235458484114,0.037368192084085,0.04566358276386957,0.04882416445171711,0.010959778089578173,0.07223742479776801,0.050875930510840536,0.07392812968237379,0.07802937593965742,0.08913012356195059,0.031430675691014896,0.1097440729490809,0.08163399921190448,0.09995540994379518,0.05997582088644378,0.05786800029297734,0.03588984690626789,0.0980413060546161,0.10057396196858968,0.11956251730927676,0.1256725093482387,0.11419394365234276,0.07284224538917512
C:\Users\damba\.cache\kagglehub\datasets\sunnykusawa\ecommerce-products-image-dataset\versions\1\ecommerce products\sofa\165.jpg,sofa,exito,0.31830988618379064,0.004827659744604603,0.05080362503327139,0.03118667011574582,0.006528627569681824,0.0018477724952302907,0.06234020568076766,0.04749194730365471,0.046568717291633706,0.04338057605003545,0.03045048212428415,0.08647237700690434,0.0260933953873216,0.05465771139844292,0.15571905989559573,0.15578893546583145,0.09272195935468994,0.1260130381964163,0.053004527246947306,0.1652979535752813,0.04051986443264403,0.058473859236452735,0.2751384905188072,0.21665119680304387,0.09530608534747091
C:\Users\damba\.cache\kagglehub\datasets\sunnykusawa\ecommerce-products-image-dataset\versions\1\ecommerce products\sofa\166.jpg,sofa,exito,0.31830988618379047,0.04878828737395091,0.036667866686599694,0.04416821449694986,0.09787337131106848,0.05910505811396947,0.028784568503443877,0.03842362022989253,0.04540020323978966,0.12910302639423213,0.10672334834036895,0.0736005449040922,0.03150560723714017,0.043379730725730765,0.10568136405964368,0.07290578697424525,0.1040520681237739,0.13709818950723926,0.08462931706962226,0.09633762098785416,0.12940963830068475,0.16247813686080495,0.17598051590211455,0.19769805397024517,0.06917675935323775
C:\Users\damba\.cache\kagglehub\datasets\sunnykusawa\ecommerce-products-image-dataset\versions\1\ecommerce products\sofa\167.jpg,sofa,exito,0.3183098861837905,0.0492757253461727,0.02847417715114535,0.03151519999081617,0.10626367292585072,0.0497494562787859,0.06530849981012612,0.046768764071219805,0.050697279012741236,0.1602669428207595,0.08941246684429131,0.1025806643553099,0.1299766871234375,0.0855799208139304,0.09901036255352876,0.13808177060494575,0.17348949678758296,0.10009029291389258,0.13653487033263575,0.13594757512243272,0.20461796932295312,0.15990168730185347,0.15888435653345712,0.23178306395335735,0.019412668857076727
C:\Users\damba\.cache\kagglehub\datasets\sunnykusawa\ecommerce-products-image-dataset\versions\1\ecommerce products\sofa\168.jpg,sofa,exito,0.31830988618379047,0.028311107492989207,0.02897086228140681,0.0009580913113568427,0.057485161890676865,0.06668336368849158,0.012274737458976911,0.004858437787947097,0.07412747135310027,0.08562780567060554,0.10379753404578822,0.10367161752437842,0.14159896619812273,0.014813233933492702,0.04735119470216437,0.007402916668342599,0.10582519284022256,0.1350565962718113,0.13473065435074644,0.13329449504534552,0.29122243665159286,0.03222117469995773,0.28384917325973036,0.0220437029970415,0.4166963140247927
C:\Users\damba\.cache\kagglehub\datasets\sunnykusawa\ecommerce-products-image-dataset\versions\1\ecommerce products\sofa\169.jpg,sofa,exito,0.3183098861837906,0.037252699909294196,0.0026631547113046545,0.06407153889798659,0.07974115334316399,0.05858467048564052,0.02124857042356088,0.08973572284029788,0.015374030970200845,0.11383988234977882,0.10802910951187086,0.04169436807782844,0.08480832649242814,0.09960504539837554,0.02467552490947999,0.09224847926504308,0.10323024007940303,0.13079822309790268,0.054687276092735174,0.1520327989466114,0.16511748138094232,0.12788629626713194,0.07276718946482855,0.19828099711691455,0.12254689055065313
C:\Users\damba\.cache\kagglehub\datasets\sunnykusawa\ecommerce-products-image-dataset\versions\1\ecommerce products\sofa\17.jpg,sofa,exito,0.3183098861837905,0.02218437683497385,0.019351225193642328,0.0357558223895451,0.05462076999234135,0.04591566672742483,0.016555998661607996,0.062366638456367335,0.04529869828993304,0.09268443228095859,0.0638125154206197,0.09862522800663358,0.0074133795821628495,0.10130725474619878,0.07318345822899426,0.12159444502003064,0.10886556788159389,0.038455488037565315,0.09823118530955108,0.12709232581651153,0.04172417264989482,0.13882509065209328,0.1132582667429856,0.19531099798868198,0.06687647946666672
C:\Users\damba\.cache\kagglehub\datasets\sunnykusawa\ecommerce-products-image-dataset\versions\1\ecommerce products\sofa\170.jpg,sofa,exito,0.31830988618379047,0.03239664288646795,0.042938899596655956,0.04251483158060817,0.0671289418335039,0.05747149077619152,0.06046628484023031,0.0307608753294109,0.04168445514028138,0.09182787835310999,0.09543295032300769,0.0711866219817254,0.05164598055252193,0.07439172905142866,0.08239540982650005,0.0686933458948155,0.08334862789470204,0.1046035752248107,0.07332107767134931,0.09114793898930769,0.006549298907758578,0.20928930508612295,0.11954008865808163,0.1768772548932014,0.08334988568811147
C:\Users\damba\.cache\kagglehub\datasets\sunnykusawa\ecommerce-products-image-dataset\versions\1\ecommerce products\sofa\171.jpg,sofa,exito,0.31830988618379047,0.04039387619123036,0.040195710700994376,0.04236264332450749,0.08124685041910233,0.056970347528868655,0.0461444022249821,0.027288816432711593,0.045302628728575545,0.10765998026278106,0.09948597212419116,0.07435755751634483,0.011800890234085303,0.07791796917785038,0.10284603588635949,0.07447459294678205,0.10055632641615682,0.12618037049700206,0.09146711321776965,0.09800872765105001,0.06707557518164561,0.23057003225704054,0.16735090339737985,0.20255918606100567,0.08184481704944681
C:\Users\damba\.cache\kagglehub\datasets\sunnykusawa\ecommerce-products-image-dataset\versions\1\ecommerce products\sofa\172.jpg,sofa,exito,0.3183098861837907,0.008773468508035204,0.10646602564428052,0.00018136512484182547,0.023405913833498503,3.3326040237422414e-06,0.14958271736515052,0.0011085720682029877,0.0933316581925869,0.047385899782906325,0.007751939729494983,0.007717403776462297,0.12534421318321534,0.004198426433254077,0.21851914251735524,0.00037224633587568074,0.0765908554844559,0.03452357298665897,0.03434062995675104,1.3680134034809391e-05,0.02822178101828777,0.012217607671108965,0.32527727906228415,0.0026074214812088466,0.1989705567867663
C:\Users\damba\.cache\kagglehub\datasets\sunnykusawa\ecommerce-products-image-dataset\versions\1\ecommerce products\sofa\173.jpg,sofa,exito,0.3183098861837905,0.021751206377002518,0.019261540907068497,0.03580076320231114,0.028690013178782676,0.04358968433419792,0.007422817027995296,0.05933568530633357,0.04381831207810144,0.020424941218310434,0.043819428937261456,0.09429614058870062,0.05732359413445047,0.07800031631556456,0.11932963556067949,0.08818005129735233,0.038726110937471324,0.020411101288097668,0.06364504522744621,0.10577994603484583,0.15970419058512877,0.08278423225472069,0.21566566776377857,0.11318189710185239,0.12313466889038652
C:\Users\damba\.cache\kagglehub\datasets\sunnykusawa\ecommerce-products-image-dataset\versions\1\ecommerce products\sofa\174.jpg,sofa,exito,0.3183098861837906,0.042682182648385386,0.0006179540251047246,0.06269106969702946,0.08800170262947916,0.06031412386516502,0.03207389848396031,0.08514393282851303,0.014614034270306015,0.12361934277402464,0.1148602017005334,0.04081868922908524,0.11628350535653188,0.09903317818425499,0.02547925343898817,0.09540100258198121,0.1318452719823725,0.14899543524867107,0.06222185562152882,0.1591261919303254,0.2302313962312973,0.15763857920289404,0.07738185504168338,0.2203744507245143,0.1323634856349673
C:\Users\damba\.cache\kagglehub\datasets\sunnykusawa\ecommerce-products-image-dataset\versions\1\ecommerce products\sofa\175.jpg,sofa,exito,0.3183098861837906,0.04141711126229008,0.009239462834918694,0.01085622767878471,0.08830059813717774,0.08379704327838722,0.012756669191896013,0.01629872740445124,0.06717721694511686,0.12987530053081867,0.12317423888363492,0.08307772946973617,0.006510642357081918,0.09824019038853747,0.10796598528988288,0.06555361679083276,0.12909306433419276,0.12132229668550261,0.08467755675742773,0.05946717484888223,0.014171506656047826,0.20589494581258294,0.1358510022415943,0.1650314423800325,0.06902122565484216
C:\Users\damba\.cache\kagglehub\datasets\sunnykusawa\ecommerce-products-image-dataset\versions\1\ecommerce products\sofa\176.jpg,sofa,exito,0.3183098861837906,0.039211469170963825,0.006288100273477328,0.0031453815712678425,0.08762021026029235,0.0088431563874884,0.001582389850286402,0.010815694764840117,0.011596929094074112,0.12999250379226843,0.037261110487517554,0.1590017689438555,0.025593125705034064,0.015531956198729092,0.04278440042855617,0.15794634996338217,0.10088532032754094,0.035825338628385606,0.1617106610159723,0.07741279302356499,0.037354025038474806,0.008248915036807605,0.07751302626184738,0.1639688440713357,0.07770597598273238
C:\Users\damba\.cache\kagglehub\datasets\sunnykusawa\ecommerce-products-image-dataset\versions\1\ecommerce products\sofa\177.jpg,sofa,exito,0.3183098861837906,0.05231930029982909,0.000634317962304554,0.0025839977021175206,0.11331969117293918,0.009066898140609694,0.03154849540096077,0.01372939519399956,0.012466006905103041,0.17085225980791496,0.040207694339654085,0.16034436486665946,0.11064966856227089,0.04443537015791735,0.07159781485977634,0.1800416856732208,0.17254063689562046,0.05181200174049548,0.20007722475392123,0.05762034581617769,0.19856539189240857,0.1019427662666033,0.155630051492699,0.22131868659423204,0.09075967765672045
C:\Users\damba\.cache\kagglehub\datasets\sunnykusawa\ecommerce-products-image-dataset\versions\1\ecommerce products\sofa\178.jpg,sofa,exito,0.31830988618379047,0.017506983329074875,0.0313036095365891,0.0025413381862117363,0.037043419745631974,0.06656236634090357,6.392796547039448e-05,0.00969974376095637,0.08174038615546317,0.05501769408493716,0.11479011933904344,0.11412041323456382,0.10688434165883674,0.032237357922166136,0.008102812898732985,0.026208984583805158,0.06167543902442487,0.14766711847452962,0.14685753699712983,0.13157182631833753,0.2268047872211897,0.06944277223380292,0.16871385421855192,0.06673326045877112,0.39033725187432367
C:\Users\damba\.cache\kagglehub\datasets\sunnykusawa\ecommerce-products-image-dataset\versions\1\ecommerce products\sofa\179.jpg,sofa,exito,0.31830988618379047,0.015064165540231078,0.03167855256529111,0.002723203118483885,0.03208367638921923,0.0665046985160513,0.002196571834797542,0.009018831039300545,0.08367268984624582,0.047528151292594474,0.11758096532437243,0.11698976408899575,0.10077533566941432,0.03175853133915156,0.013007411810185245,0.0306516042803508,0.05431213557403985,0.1520297796672972,0.152087763128631,0.13051491359971326,0.2170295600906693,0.07017335147081041,0.1375796634900497,0.07286838234701098,0.3835410217767368
C:\Users\damba\.cache\kagglehub\datasets\sunnykusawa\ecommerce-products-image-dataset\versions\1\ecommerce products\sofa\18.jpg,sofa,exito,0.3183098861837905,0.01955630044121934,0.018834287014668116,0.03601840751237377,0.02439823399059662,0.04376918337700173,0.0057709441802268075,0.060506523269137066,0.04402479705579773,0.01628152875666025,0.045006131219767154,0.09406926146425307,0.060253833896298285,0.08077670482736526,0.11594519597425182,0.08933214966175368,0.038178141754434056,0.019847084007554094,0.061960789299424425,0.10598136666970377,0.16298897726936865,0.08627998274936811,0.20919939941015045,0.11507306089014564,0.12008648324654578
C:\Users\damba\.cache\kagglehub\datasets\sunnykusawa\ecommerce-products-image-dataset\versions\1\ecommerce products\sofa\180.jpg,sofa,exito,0.31830988618379047,0.0316132125234851,0.04317521301214328,0.04281359905850928,0.06568040316350075,0.058140614105976596,0.06210725435570298,0.03371478785827767,0.040186471343706884,0.09015211895737507,0.0954113771860468,0.0699136940305416,0.05771184388999433,0.06760463038708141,0.07494569891020937,0.06613572056895342,0.07729526210193992,0.09877346253484667,0.06567188829651562,0.08835048091658818,0.021596230010983923,0.19065580408430793,0.10407879027737628,0.16710416389400146,0.08148953014832208
C:\Users\damba\.cache\kagglehub\datasets\sunnykusawa\ecommerce-products-image-dataset\versions\1\ecommerce products\sofa\181.jpg,sofa,exito,0.3183098861837905,0.03882302964009398,0.02413468197085377,0.033362009230482284,0.08623689326331897,0.04754216041971578,0.04277270456268486,0.05532805608758819,0.04697187307906202,0.1350491619010728,0.07602385525450298,0.10215965214684722,0.06887094220729596,0.10558625855795387,0.0808558789036777,0.13470118481216456,0.15933945944412614,0.06294297899931114,0.12768419044186557,0.13803632860209358,0.10107593223929842,0.17871410757600129,0.11511068701374953,0.2333646099491432,0.04275688776239407
C:\Users\damba\.cache\kagglehub\datasets\sunnykusawa\ecommerce-products-image-dataset\versions\1\ecommerce products\sofa\182.jpg,sofa,exito,0.3183098861837905,0.047161215864690326,0.027513241744770045,0.03167864285860127,0.1024454162103922,0.04844034451730992,0.06068153129539112,0.050306473944656066,0.04809974854944387,0.15914508012893466,0.08249166720065958,0.10429790316232213,0.11987391303404919,0.10928600211798502,0.0918676823273347,0.14136768272227557,0.19556686911314097,0.08348032097403288,0.14634451420074976,0.14423018492731432,0.1988616723570829,0.20882414459418355,0.14248875539275835,0.25522735393324847,0.032001052297120185
C:\Users\damba\.cache\kagglehub\datasets\sunnykusawa\ecommerce-products-image-dataset\versions\1\ecommerce products\sofa\183.jpg,sofa,exito,0.3183098861837905,0.018707141990085257,0.018681173365420963,0.037515529434833175,0.0436934453768108,0.04880202222679418,0.0099694651491278,0.0731472041994136,0.0509535077045672,0.07150937667855091,0.0776001421520294,0.08846850571159287,0.03523158361903437,0.11208162441118533,0.08377160380735563,0.09758214589483016,0.06193242563546999,0.057658721581060966,0.031024996514048907,0.09632235663248684,0.10747630180433013,0.12368819101411818,0.13195115130829124,0.1085305842858514,0.07611429591207682
C:\Users\damba\.cache\kagglehub\datasets\sunnykusawa\ecommerce-products-image-dataset\versions\1\ecommerce products\sofa\184.jpg,sofa,exito,0.3183098861837905,0.01589278442473713,0.01822229711514095,0.03750709734616986,0.033997352860768375,0.048025964033709304,0.006259611533389025,0.07264567858031068,0.04999980804693113,0.056507372842166066,0.07202232705541929,0.08829547141595914,0.048891645012680125,0.11075187410013412,0.09074210016600148,0.09287822273325806,0.05292912885491679,0.045653070112296995,0.027367136808432432,0.09553361817433745,0.13390201272756466,0.12225070899826644,0.1507390443290806,0.10115888524599753,0.0863132686802657
C:\Users\damba\.cache\kagglehub\datasets\sunnykusawa\ecommerce-products-image-dataset\versions\1\ecommerce products\sofa\185.jpg,sofa,exito,0.31830988618379047,0.023046044398027092,0.0302450858768105,0.001634345508943541,0.047870975669554366,0.06664754123993662,0.005744388650849587,0.006353044479776204,0.07714246535947304,0.07094336136514863,0.10789672127014459,0.10773542232366044,0.12332650768926832,0.01955522346267942,0.029982954959145373,0.0141490480671252,0.0793768776971837,0.1380936611032666,0.13805068792310826,0.13276478991319876,0.2547735930932001,0.042082981190384304,0.23921147214032032,0.03448622354936084,0.40602930300610085
C:\Users\damba\.cache\kagglehub\datasets\sunnykusawa\ecommerce-products-image-dataset\versions\1\ecommerce products\sofa\186.jpg,sofa,exito,0.3183098861837906,0.020238984776216974,0.015392714699928561,0.007905445054075852,0.05056937914740471,0.0843555130845702,0.04381205812676485,0.024982452426531257,0.06059365778376975,0.09018018584988352,0.11617095848731923,0.08191297890239846,0.08745619406388222,0.1183152801170229,0.07950822147997348,0.058048148018391636,0.10982330300988828,0.09124601817946881,0.0716929640398751,0.057381750029333684,0.11418585144386985,0.2267960385620706,0.07117720668172924,0.15364987657282475,0.06024651467261043
C:\Users\damba\.cache\kagglehub\datasets\sunnykusawa\ecommerce-products-image-dataset\versions\1\ecommerce products\sofa\187.jpg,sofa,exito,0.3183098861837906,0.04986807186028103,0.002516047953621255,0.06403693640234394,0.10458442736284375,0.0638365295795068,0.04798430751980434,0.09320856978661082,0.008942608227421425,0.15047986560185636,0.1253426250823797,0.040374863450645206,0.15729016769940238,0.0977373875071112,0.051017626398110104,0.09233727002375683,0.13882557621182273,0.17203318887534066,0.05240477519601576,0.14774905924946097,0.2908522108366428,0.08008839701659104,0.1420116415043712,0.1896888923259713,0.10737606246215707
C:\Users\damba\.cache\kagglehub\datasets\sunnykusawa\ecommerce-products-image-dataset\versions\1\ecommerce products\sofa\188.jpg,sofa,exito,0.3183098861837906,0.013151806616334194,0.01650788499986312,0.008626180173393201,0.01765155555523835,0.08591859564041159,0.05526622480732083,0.006974159075902984,0.0414766154110892,0.029229805381130933,0.10202080461720658,0.06791122108991267,0.13688630715702504,0.034452595228251615,0.013034563577717774,0.0345588238380587,0.03746875312968703,0.03446460264986147,0.022970474450502654,0.040595089127436014,0.23297714693659075,0.0656284773923449,0.08159091246697504,0.08551639836474086,0.0800663023570019
C:\Users\damba\.cache\kagglehub\datasets\sunnykusawa\ecommerce-products-image-dataset\versions\1\ecommerce products\sofa\189.jpg,sofa,exito,0.3183098861837905,0.018390396929197,0.018625800616723035,0.03705638638419779,0.044439220196181614,0.04836172779855326,0.01055877004374411,0.06995343869655661,0.04999784177358728,0.07157174161188949,0.07549889939848888,0.09070659417832799,0.03148668626735759,0.10417069226104604,0.07938978585185807,0.10340472744344764,0.05143633443481623,0.05044542319651595,0.04584554156042822,0.10226804388290148,0.10057038916117021,0.11083322769635734,0.12018930021853473,0.12539989594482331,0.07072959487031645
C:\Users\damba\.cache\kagglehub\datasets\sunnykusawa\ecommerce-products-image-dataset\versions\1\ecommerce products\sofa\19.jpg,sofa,exito,0.3183098861837905,0.03817449269905374,0.02389936535123399,0.03563681384978993,0.08528647506132052,0.05115380947773037,0.04019439001588187,0.0650808682917958,0.05406289252160744,0.12783902446583345,0.09509179591015926,0.09240659210528372,0.05532857693007041,0.09366559900805153,0.08660008740229024,0.11542478138004232,0.10569163422824579,0.10486926354214066,0.06674572525184157,0.10475047291924687,0.05445425815032891,0.09792181814422081,0.12164697746244102,0.14232251542933988,0.04048825081009182
C:\Users\damba\.cache\kagglehub\datasets\sunnykusawa\ecommerce-products-image-dataset\versions\1\ecommerce products\sofa\190.jpg,sofa,exito,0.3183098861837906,0.04801569638256324,0.0016616094025594965,0.06378227014972829,0.100391419362419,0.06302258301904629,0.0435652178805498,0.09123255314321313,0.010075885389233152,0.14280425878937283,0.12255676852963596,0.04049646250710534,0.14521312296273495,0.09389849294312366,0.045644960658897074,0.09274638018588488,0.12726427532451706,0.16475691794129016,0.053582880739940233,0.14959738529875402,0.26930795855906636,0.0833851157364464,0.12837030676052347,0.19417262625129542,0.11161360548206721
C:\Users\damba\.cache\kagglehub\datasets\sunnykusawa\ecommerce-products-image-dataset\versions\1\ecommerce products\sofa\191.jpg,sofa,exito,0.31830988618379047,0.014136960848427419,0.031806142482705094,0.0022587008890134685,0.0317995329121782,0.06653715661021986,0.002460072693281238,0.003993775829237611,0.08177601078112783,0.04670937134450739,0.11414095488726295,0.11440522058655116,0.10027484135894041,0.014337789784356163,0.0035714803859418134,0.024018534306160622,0.03559610721622306,0.14462103404580068,0.14719165439368423,0.13067263462051568,0.21143019698120305,0.035966694857003274,0.16748545312170324,0.04003017334673839,0.3893965694573796
C:\Users\damba\.cache\kagglehub\datasets\sunnykusawa\ecommerce-products-image-dataset\versions\1\ecommerce products\sofa\192.jpg,sofa,exito,0.3183098861837906,0.026080954888088894,0.010328140233982742,0.005361956186857012,0.06223533619077968,0.008488499682845149,0.02072440267425177,0.022201419962317556,0.010661915930629498,0.09551699213379793,0.03328339862158678,0.15754960655887498,0.03832745112288504,0.04515145091701649,0.01417288504594084,0.13434164052544342,0.06427278667591309,0.021153486303505744,0.13065005668672788,0.10345389084923517,0.07346115097069547,0.045293977111867015,0.018631873944957487,0.12719903524323714,0.06107519090779703
C:\Users\damba\.cache\kagglehub\datasets\sunnykusawa\ecommerce-products-image-dataset\versions\1\ecommerce products\sofa\193.jpg,sofa,exito,0.3183098861837906,0.03921268035542315,0.001956905911174082,0.06294480381384782,0.08180827545954185,0.05882996994617203,0.025309165376520157,0.08584345627889252,0.016292619859374528,0.117110560442088,0.1103999160276354,0.04127426998031659,0.09870530122699694,0.10621022329608097,0.01793328637043982,0.09528668174588344,0.13554601501619665,0.1403936785763437,0.0632927252191191,0.15991599204659027,0.20277119461199045,0.17603942938632192,0.05811290935476353,0.22219970610586073,0.13614603494466854
C:\Users\damba\.cache\kagglehub\datasets\sunnykusawa\ecommerce-products-image-dataset\versions\1\ecommerce products\sofa\194.jpg,sofa,exito,0.3183098861837905,0.04953921900872903,0.028596874148946065,0.031757038168182955,0.1068242543748969,0.05027767824422292,0.06579837629296113,0.0468228370818024,0.051798946437236607,0.1596825423363893,0.0921892035502204,0.1014416104506381,0.13026672390864788,0.07554518731035,0.10089968471912593,0.13576115411179554,0.16258735158525772,0.10630441709587858,0.12947851211618924,0.13131983689871818,0.2001956090273,0.1324803051395893,0.16273685099123067,0.21850275997665655,0.016014446736533558
C:\Users\damba\.cache\kagglehub\datasets\sunnykusawa\ecommerce-products-image-dataset\versions\1\ecommerce products\sofa\195.jpg,sofa,exito,0.3183098861837905,0.025800726035164236,0.02016897023982636,0.035471926850962295,0.06049918358063418,0.047374942600493984,0.020712728766031512,0.0616910772739294,0.04760311867071063,0.09503514597258336,0.07208376589161614,0.09703109056547146,0.002649219551609441,0.09479335776175835,0.07435687881675437,0.11998188585812973,0.08878498394395627,0.04674738784414543,0.0889923425656176,0.12113865859899955,0.0319475660129422,0.11972776371949286,0.10425567732708296,0.1802192756247519,0.05664127478333224
C:\Users\damba\.cache\kagglehub\datasets\sunnykusawa\ecommerce-products-image-dataset\versions\1\ecommerce products\sofa\196.jpg,sofa,exito,0.31830988618379064,0.017383700773790468,0.05046735219337804,0.0561185002717819,0.04635289990394003,0.07793708370651549,0.0653563502270164,0.10891749102340134,0.016313892193578504,0.08181223574956902,0.1264354486143062,0.019943808949210457,0.04697513212255035,0.1691092785984161,0.06565552733453693,0.029833714495593886,0.0791664517330338,0.13080518806880573,0.06905431214742781,0.004016846551275294,0.005172396762839083,0.2045360939385649,0.12781356676005437,0.0030887130931503,0.14405907857567826
C:\Users\damba\.cache\kagglehub\datasets\sunnykusawa\ecommerce-products-image-dataset\versions\1\ecommerce products\sofa\197.jpg,sofa,exito,0.3183098861837906,0.019809915424777745,0.01547369124062496,0.009165614425216665,0.046181041462309454,0.08480950742538924,0.045986253414139776,0.013043050270474778,0.05545572320923949,0.07640214775839857,0.11149339432210555,0.07645925719259453,0.09996332833912458,0.07792339971583712,0.056547232781113684,0.050961139771415795,0.07738954174333074,0.06887796792965542,0.050307422344191555,0.05064681174757191,0.15295752307879767,0.14969641765034156,0.03729993785636605,0.12795771874963074,0.06941876266517139
C:\Users\damba\.cache\kagglehub\datasets\sunnykusawa\ecommerce-products-image-dataset\versions\1\ecommerce products\sofa\198.jpg,sofa,exito,0.31830988618379047,0.02845523786501637,0.028932306671778294,0.0007120390583272803,0.057789304904418456,0.06667887139911749,0.012495201311012881,0.0010164176042989981,0.07387877958348135,0.08597278713276227,0.10333861085863494,0.10338087722279597,0.1422078224989425,0.0009603330041762482,0.04864650771617381,0.005468060811258881,0.10533055432154245,0.13430982333385935,0.13457108871931472,0.13321312732135743,0.29201420602545847,0.0003351802506077582,0.28726872940462633,0.007069102187330438,0.41742838774174373
C:\Users\damba\.cache\kagglehub\datasets\sunnykusawa\ecommerce-products-image-dataset\versions\1\ecommerce products\sofa\199.jpg,sofa,exito,0.31830988618379047,0.04155463480655946,0.03974745676222496,0.04414859954233936,0.08459294148335324,0.05970871358876597,0.044850041018517,0.041295781746970635,0.04124578200568813,0.1123443279863819,0.10251734611311247,0.07042157210570926,0.013149007845528984,0.04740100744417383,0.08375735761498405,0.06667548717023675,0.08216100615803616,0.11558103018020084,0.06553452523304963,0.08944604778106469,0.047022372743536905,0.14970165627720106,0.12581471846652234,0.1719075332326028,0.07073226993048884
C:\Users\damba\.cache\kagglehub\datasets\sunnykusawa\ecommerce-products-image-dataset\versions\1\ecommerce products\sofa\2.jpg,sofa,exito,0.3183098861837906,0.02216057228483488,0.015008775356119925,0.00950377383538357,0.04960461925735656,0.08486524990478836,0.04393561303768292,0.011759516800938537,0.05519188245412628,0.0782946672672992,0.11156157870894157,0.07566716998648026,0.09567443666298629,0.07151843737361588,0.05581424370581064,0.050486500134888146,0.07363471546509859,0.06879379586119787,0.04764691788733065,0.04971598301399694,0.1487605634890753,0.13743132006863948,0.041006944429656245,0.12504887436948783,0.07112641388281188
C:\Users\damba\.cache\kagglehub\datasets\sunnykusawa\ecommerce-products-image-dataset\versions\1\ecommerce products\sofa\20.jpg,sofa,exito,0.3183098861837905,0.04209335116395741,0.025381686509178776,0.03375785637753695,0.09223476004507432,0.05027973178081665,0.04855302091594417,0.05517547689947663,0.05216387590010136,0.1362417614923402,0.09081146181472612,0.09739965857536649,0.08023368390564924,0.07696864828526091,0.09029915997613315,0.12602301156633375,0.11599772891335734,0.09633358844289325,0.0993460586242411,0.11924139025735661,0.10131256329902925,0.09242411616965131,0.13144171770321386,0.18177928070366145,0.028531775589736394
C:\Users\damba\.cache\kagglehub\datasets\sunnykusawa\ecommerce-products-image-dataset\versions\1\ecommerce products\sofa\21.jpg,sofa,exito,0.31830988618379047,0.04201168305067333,0.0395674725369394,0.043105745746314435,0.08478918650650463,0.05799376223991815,0.043222138305505635,0.03241232144698929,0.044352989270399906,0.11198704909850234,0.10132520730489786,0.07328788755730363,0.005619489918134519,0.06334010227923698,0.0986801118955352,0.07230936422212111,0.09479094456075525,0.12459421655739035,0.08384344008538133,0.09564306380118975,0.07071190312235655,0.199176761907022,0.1578412245479747,0.1941131126104781,0.07669403568367467
C:\Users\damba\.cache\kagglehub\datasets\sunnykusawa\ecommerce-products-image-dataset\versions\1\ecommerce products\sofa\22.jpg,sofa,exito,0.3183098861837905,0.03211343063497084,0.02189179591572003,0.03644486863165566,0.07310566024393254,0.05054754094169251,0.02910803139004262,0.06878715378490434,0.053203079142911655,0.11108870555942855,0.09052229233414924,0.09083196596026356,0.023299414732692723,0.10229484331175365,0.08114159658189977,0.11022291519863071,0.08944728864966768,0.09103424418872126,0.053615480811349606,0.10145374104928233,0.0026948876365535577,0.11013543270815807,0.11133571472269466,0.1312974385581542,0.05054657978135096
C:\Users\damba\.cache\kagglehub\datasets\sunnykusawa\ecommerce-products-image-dataset\versions\1\ecommerce products\sofa\23.jpg,sofa,exito,0.3183098861837905,0.026832235609960203,0.03556440275923894,0.05040435494376326,0.05672181853743775,0.09881013707869767,0.10221536764330764,0.06416721426008211,0.06414342115935301,0.07580306563713086,0.17691050572701403,0.10333116478866924,0.23171056106734636,0.04133389152398948,0.030333808306335634,0.10787557875907207,0.046550674204455696,0.24184397816672953,0.14367653781049747,0.07467480424185655,0.3876919196366107,0.021371996922062715,0.03311751414658509,0.22734202353458074,0.1746721372001951
C:\Users\damba\.cache\kagglehub\datasets\sunnykusawa\ecommerce-products-image-dataset\versions\1\ecommerce products\sofa\24.jpg,sofa,exito,0.3183098861837906,0.01730394802351279,0.01591197231187037,0.008001334434863608,0.045368266178747285,0.08447224834586277,0.046764375778387796,0.022780633422169648,0.059030056751463424,0.08369718895998972,0.11448806421491244,0.0807205438481155,0.09649957666931845,0.11084436945217355,0.07227218630600549,0.05597839343279149,0.10181185851681648,0.08346251271999144,0.0664025442101813,0.055853844368438973,0.1325134892375963,0.21136684503026765,0.05646355743211775,0.14727326782381592,0.061657575830891743
C:\Users\damba\.cache\kagglehub\datasets\sunnykusawa\ecommerce-products-image-dataset\versions\1\ecommerce products\sofa\25.jpg,sofa,exito,0.3183098861837905,0.01657104393267352,0.018326058738027187,0.036411856747246764,0.018581793825428888,0.044903487636527434,0.003840914801511062,0.06385248906009794,0.04564641512217406,0.0034707152240163056,0.05185337740085272,0.09221001555071175,0.06373965068818457,0.08881029421802608,0.11014814927223293,0.0887506031239537,0.02233070797593445,0.006249094889592441,0.04944344568892148,0.10245266051413399,0.16829131486138257,0.09422543118078956,0.19522321826072564,0.1071232313029656,0.1117033801672094
C:\Users\damba\.cache\kagglehub\datasets\sunnykusawa\ecommerce-products-image-dataset\versions\1\ecommerce products\sofa\26.jpg,sofa,exito,0.3183098861837906,0.01497107866803749,0.01626678419794721,0.00827957264026718,0.04068473984810148,0.08462592526786841,0.049087460107418115,0.019127744476238207,0.057062531109906785,0.07663097451881022,0.11252252589763613,0.07900412663769976,0.10464400909452737,0.09888002574610971,0.06323368088254727,0.05334981390932351,0.09120310400403697,0.0743837273602431,0.05938491512569457,0.05370604940045888,0.15128439519253933,0.18819681999913626,0.03947330429472239,0.13864737112514955,0.06423391420195415
C:\Users\damba\.cache\kagglehub\datasets\sunnykusawa\ecommerce-products-image-dataset\versions\1\ecommerce products\sofa\27.jpg,sofa,exito,0.31830988618379047,0.04081202384722357,0.03304947134216323,0.03300237218137827,0.0885621856571657,0.04988539652691352,0.010306119099770167,0.04560079897582823,0.05744246760185144,0.13083628309525386,0.09023672066137581,0.11637970827712352,0.07739159827499313,0.04036453789179508,0.0907708884338696,0.11753091462736166,0.11708907185723724,0.11946763614686336,0.1558156456849962,0.1293430875477705,0.18316728044985667,0.044781987846165446,0.17706499215148927,0.1513146474155331,0.19502365201685912
C:\Users\damba\.cache\kagglehub\datasets\sunnykusawa\ecommerce-products-image-dataset\versions\1\ecommerce products\sofa\28.jpg,sofa,exito,0.3183098861837906,0.017584753765079068,0.01586580528311977,0.009388294855639343,0.036454610667100464,0.08542108425372624,0.05007092469574021,0.010421229670853087,0.04871096342391778,0.05788282608634488,0.10685730371960026,0.07133215131384288,0.1174648632472189,0.05167596053689627,0.03131250642662991,0.04268091122265231,0.05228598344941894,0.05028857553939922,0.031951423975124404,0.0445026601613079,0.19383578078037858,0.09526974548223754,0.04807878046429236,0.10403721195657471,0.07606030586232519
C:\Users\damba\.cache\kagglehub\datasets\sunnykusawa\ecommerce-products-image-dataset\versions\1\ecommerce products\sofa\29.jpg,sofa,exito,0.3183098861837905,0.027786729483362388,0.020670485631238925,0.03509382524868335,0.06508128781924685,0.04652744080236401,0.023937594101444352,0.06042561968702479,0.0459514522249729,0.10561512201123027,0.06825378195698147,0.0995289354264803,0.014270916051466504,0.10169030282473845,0.0736346268343201,0.1256373149158262,0.12064737849505057,0.04434758386537222,0.10589876138590133,0.12990206756017383,0.002193995635271907,0.14728261418594302,0.10677215033256471,0.20551005980535497,0.05816640751766519
C:\Users\damba\.cache\kagglehub\datasets\sunnykusawa\ecommerce-products-image-dataset\versions\1\ecommerce products\sofa\3.jpg,sofa,exito,0.3183098861837906,0.024286235518171016,0.01454351991195349,0.0073669861878017375,0.05833847500968393,0.08413695829221458,0.03880017936712147,0.03112425246536269,0.06361660180249373,0.10198007056213648,0.11973810645392656,0.08469119088381442,0.07115437181850963,0.1382595959461711,0.09387386520487614,0.06226735465412764,0.12941689120829933,0.1084732970244221,0.08401493893356804,0.060959490993056045,0.07747273879563235,0.26710377196016255,0.10088134293716874,0.16829937119148897,0.05609336106654028
C:\Users\damba\.cache\kagglehub\datasets\sunnykusawa\ecommerce-products-image-dataset\versions\1\ecommerce products\sofa\30.jpg,sofa,exito,0.3183098861837905,0.04493403397011036,0.026546670102267956,0.033958996407347126,0.09834310952295898,0.05128037688060805,0.054594979592444096,0.05657196498726221,0.05404440105600891,0.14570677853578592,0.09690359876566615,0.09604305141482075,0.09664200884315371,0.07504097002158741,0.09563846883654982,0.12417148298645744,0.12538996353904924,0.11307791683341221,0.09298803636726699,0.11401415101852168,0.12955435194676165,0.07543576365732817,0.14475557085008503,0.16882934195084626,0.026457184439542713
C:\Users\damba\.cache\kagglehub\datasets\sunnykusawa\ecommerce-products-image-dataset\versions\1\ecommerce products\sofa\31.jpg,sofa,exito,0.31830988618379047,0.03362248028692457,0.042557532033894105,0.04158391740000724,0.0686661211426002,0.05581954178380876,0.057856382907922915,0.02345213390051122,0.044719277700612445,0.09399270734021112,0.09494815310965767,0.07396071072762492,0.04134609248897037,0.09511964111988509,0.09757179012688233,0.07428406349441442,0.099932253658955,0.11781569063063772,0.09126331825700794,0.09731683699586065,0.023588707500798212,0.2584477717259764,0.1540935268904733,0.19907888739658944,0.08982317677104715
C:\Users\damba\.cache\kagglehub\datasets\sunnykusawa\ecommerce-products-image-dataset\versions\1\ecommerce products\sofa\32.jpg,sofa,exito,0.3183098861837906,0.0035928587135115792,0.017262156499833654,0.008663826560184799,0.01881103860232958,0.08524454273999695,0.056276744108018056,0.008438662293645061,0.04929657795422489,0.04857840481533299,0.10610007201663374,0.07326904780321392,0.13090282623093988,0.06255935394572723,0.028733146726267294,0.043630691803827525,0.06041762571401168,0.04735876533779967,0.03812646605518852,0.04673675835082804,0.20955704238375678,0.1197145904401334,0.024120723711693992,0.11027052691249223,0.07216921832190556
C:\Users\damba\.cache\kagglehub\datasets\sunnykusawa\ecommerce-products-image-dataset\versions\1\ecommerce products\sofa\33.jpg,sofa,exito,0.3183098861837906,0.017361080719788074,0.015902639394588115,0.008184055004070713,0.020615821037323605,0.08623874615804324,0.05374966002133806,0.007307532803228866,0.037150252045095984,0.017866302026857524,0.1001142414841711,0.06569678066022418,0.1374220031188593,0.024380716750337865,0.025144393893462163,0.029862194890132265,0.028684220024364993,0.03055915042333771,0.01892788359492544,0.03818539805609236,0.23972381977486465,0.046953182519319736,0.10775446734856627,0.07431453539877979,0.0833303148017398
C:\Users\damba\.cache\kagglehub\datasets\sunnykusawa\ecommerce-products-image-dataset\versions\1\ecommerce products\sofa\34.jpg,sofa,exito,0.31830988618379064,0.007413719015149975,0.0493023091000525,0.05685826969539176,0.026317125145503696,0.0734083547588147,0.0573207389875999,0.10640232578532233,0.024215565079803828,0.05943933044754365,0.1096998617969278,0.022331132465020307,0.019256888888269534,0.1602519941425806,0.09686686608720849,0.02693555996732226,0.08091725857418774,0.1007486246787749,0.058745641614355325,0.008850100872309878,0.050438532669620055,0.1905029312371094,0.17946234433378974,0.006820538781101468,0.14512916379114651
C:\Users\damba\.cache\kagglehub\datasets\sunnykusawa\ecommerce-products-image-dataset\versions\1\ecommerce products\sofa\35.jpg,sofa,exito,0.3183098861837906,0.008802806287716396,0.016957826815427388,0.008570557739707394,0.008527637347295655,0.08579357362368348,0.05698268817217959,0.0033542615882153396,0.04259793914439463,0.027402130080728983,0.10222932990174884,0.0688825296243615,0.13971918375467973,0.03720829017746325,0.005732614263286772,0.035832048710852105,0.04110341807374789,0.0344362110088622,0.025412036530685682,0.041685257875384595,0.23506847246035723,0.07373733297494298,0.07129267511366226,0.08942059051433261,0.07851821764094545
C:\Users\damba\.cache\kagglehub\datasets\sunnykusawa\ecommerce-products-image-dataset\versions\1\ecommerce products\sofa\36.jpg,sofa,exito,0.3183098861837906,0.03097143029279232,0.012802724504217112,0.006620979754939315,0.07083665644274303,0.08384635611950346,0.029138306618687545,0.0398092033179959,0.06793988724665823,0.12054436899843449,0.12552003451273122,0.08868491938929575,0.041451598410306434,0.16672743531080428,0.11493590080269026,0.0684907645759184,0.1614972217314264,0.1371776452616909,0.10320596780674318,0.06625934040538509,0.012683431679796579,0.328133942900453,0.1478936177019874,0.1905684807346707,0.05058833540968794
C:\Users\damba\.cache\kagglehub\datasets\sunnykusawa\ecommerce-products-image-dataset\versions\1\ecommerce products\sofa\37.jpg,sofa,exito,0.3183098861837905,0.01157219926766399,0.08506775219016659,0.07579589972706353,0.02221069163576123,0.00549663015772405,0.14146852621091555,0.0644534928982091,0.01818415157765845,0.024584215162236522,0.013268671818614072,0.0020004600430188874,0.17741152961800927,0.047122743297715985,0.012963435322248593,0.011476774852241129,0.004223411542285411,0.012060481269176746,0.0008781660222598008,0.001680675481387217,0.14861813884673938,0.21528456463802806,0.04293984498800823,0.11293184327553847,0.09772939673026301
C:\Users\damba\.cache\kagglehub\datasets\sunnykusawa\ecommerce-products-image-dataset\versions\1\ecommerce products\sofa\38.jpg,sofa,exito,0.3183098861837905,0.04438233071994137,0.026314461816420043,0.03461042330203019,0.09766629498819261,0.05170591354771382,0.05325688285018483,0.06022835735006464,0.05490571306180248,0.14565304190349515,0.09929481874291046,0.09433946488545633,0.09260965764919395,0.08219963068473421,0.09517761971226131,0.12085903469257743,0.1269293242581502,0.11877636616899133,0.0824093750948457,0.10892332723023578,0.12215569705781333,0.08134668094808839,0.14317325328459438,0.1553247227486779,0.03037859871885296
C:\Users\damba\.cache\kagglehub\datasets\sunnykusawa\ecommerce-products-image-dataset\versions\1\ecommerce products\sofa\39.jpg,sofa,exito,0.31830988618379047,0.011587253952050432,0.03211522434315421,0.002524479292465739,0.02665555271448757,0.06648313630698754,0.0043047672666665536,0.005178066343266509,0.08384382137284921,0.03917441695895928,0.1172774099325042,0.11744041650056036,0.09496745871844155,0.020453871904865462,0.012346881726058622,0.029458557196630267,0.03202610006402714,0.14995955774134967,0.15279702596505698,0.1296182714858195,0.2040292504692268,0.050852152601606526,0.13432915419616487,0.053744830003337005,0.38229926004966364
C:\Users\damba\.cache\kagglehub\datasets\sunnykusawa\ecommerce-products-image-dataset\versions\1\ecommerce products\sofa\4.jpg,sofa,exito,0.3183098861837906,0.017303476667396483,0.01591204918234467,0.007960751535526223,0.04545900507791061,0.0844625698546632,0.04672215429285194,0.023135087501755764,0.05915207187469865,0.0840451124570742,0.11461492661147443,0.08085874592464505,0.09621327194616432,0.1119563911076807,0.07284505744107471,0.05615191022763216,0.10266791561640826,0.08407923631960243,0.06694726118398192,0.05602566133907599,0.13152367585616764,0.21344173360882446,0.05749579136955651,0.14793728991360489,0.06139535415668417
C:\Users\damba\.cache\kagglehub\datasets\sunnykusawa\ecommerce-products-image-dataset\versions\1\ecommerce products\sofa\40.jpg,sofa,exito,0.3183098861837905,0.04527204727446422,0.026690354874173018,0.03256737349159457,0.09831869969813782,0.049747041156550514,0.05576270513296229,0.050336458391333515,0.05092062561531921,0.14669892779440077,0.08856493985456654,0.10049223353882562,0.10205589633968878,0.08032032961100553,0.09340798671213117,0.13292675984030117,0.14400195862141982,0.09391294744809627,0.12058636191945842,0.12929103849958049,0.14747635111976762,0.1292361835285057,0.14174884368043947,0.2109556247173162,0.023581301038546935
C:\Users\damba\.cache\kagglehub\datasets\sunnykusawa\ecommerce-products-image-dataset\versions\1\ecommerce products\sofa\41.jpg,sofa,exito,0.3183098861837906,0.0410899708541224,0.009366656813295649,0.00918041606902756,0.08886454539030007,0.08352671418931254,0.012156208039969625,0.03141369806620318,0.07034415187495979,0.1374799077413224,0.1272144890984519,0.0881395928083962,0.0010155842672998723,0.14405237670595014,0.12440970766899168,0.07091823642894576,0.16480855572796851,0.14454301448966178,0.10619194320552558,0.06593056062047847,0.048140475974816285,0.2969536091320829,0.1710686866999182,0.1902924161460535,0.060238437674008924
C:\Users\damba\.cache\kagglehub\datasets\sunnykusawa\ecommerce-products-image-dataset\versions\1\ecommerce products\sofa\42.jpg,sofa,exito,0.31830988618379064,0.01864867513449663,0.0506821430323892,0.0562977118417186,0.029487707696401345,0.06579344848937227,0.06011456056068818,0.09402660547630015,0.03594624946332146,0.042846070608351446,0.08465578380817788,0.02839386883710861,0.013910790709341387,0.12639798329473495,0.14194942689587461,0.021170472104104894,0.07341579849136527,0.07061898903469127,0.031124199111129302,0.01529323239314147,0.07876159072290134,0.1392626794224875,0.24744565576230745,0.016016618808172983,0.1487202437802125
C:\Users\damba\.cache\kagglehub\datasets\sunnykusawa\ecommerce-products-image-dataset\versions\1\ecommerce products\sofa\43.jpg,sofa,exito,0.3183098861837905,0.003378109456633693,0.017085815103091935,0.03689376451531806,0.02007260099876181,0.0443808778420814,0.0020141304595160552,0.06493396848229857,0.044003066954975516,0.051817512291824054,0.05160608724690721,0.09605364942928485,0.05504714022808834,0.0956866431867653,0.08588340249218616,0.1073267204672058,0.0758317391463969,0.03406852541275599,0.07722982499296775,0.11741480005976253,0.13352839311288173,0.1142961342205271,0.15437421062066822,0.1600564038347418,0.09367346446805945
C:\Users\damba\.cache\kagglehub\datasets\sunnykusawa\ecommerce-products-image-dataset\versions\1\ecommerce products\sofa\44.jpg,sofa,exito,0.31830988618379047,0.012534723555992269,0.0320075234447474,0.002658611896292442,0.027699548574973882,0.06647487796378158,0.0038858686739371914,0.006939972313337619,0.0843430910342071,0.0408296876940034,0.11826193063680655,0.11810965969571333,0.0960495930175969,0.02621593780598829,0.01590886549178732,0.03138637076510189,0.042025515964772,0.15235924393990158,0.15422372047843586,0.12964889310005245,0.2076882865677922,0.0614589105403293,0.1263408623056255,0.0650419105035509,0.38083943572000456
C:\Users\damba\.cache\kagglehub\datasets\sunnykusawa\ecommerce-products-image-dataset\versions\1\ecommerce products\sofa\45.jpg,sofa,exito,0.3183098861837906,0.019387137219772362,0.0028538903443840235,0.032143182202999804,0.04404088427111855,0.07178761533798012,0.05008799491970237,0.04914338313295451,0.09252663270266111,0.06338681954045229,0.1342950169130218,0.17118754162194705,0.16306978542492048,0.06762767773540855,0.08479208472604563,0.05577656818656588,0.04090930272574323,0.18146960795326558,0.22854918819431078,0.03949534316576941,0.2958775469034907,0.11585539083813828,0.11105515257678272,0.11890720017936793,0.27947718303578917
C:\Users\damba\.cache\kagglehub\datasets\sunnykusawa\ecommerce-products-image-dataset\versions\1\ecommerce products\sofa\46.jpg,sofa,exito,0.3183098861837905,0.011123910250120458,0.017615156606265694,0.0366991001449121,0.016285310490897414,0.042991269883226775,0.00219510186492938,0.06232489370662389,0.042524542872997007,0.039537105127060164,0.04177080561322302,0.09627898518283107,0.06155645819631032,0.08673623768543631,0.10311822258385399,0.09973942746336444,0.0745482833509422,0.04373692415351419,0.07781232169281777,0.11508863288313664,0.15110359604384568,0.10241810190804355,0.19246523251841394,0.14756826439931234,0.11389358361952523
C:\Users\damba\.cache\kagglehub\datasets\sunnykusawa\ecommerce-products-image-dataset\versions\1\ecommerce products\sofa\47.jpg,sofa,exito,0.31830988618379064,0.010871101634419043,0.04960021512113888,0.0568484810037548,0.021448112962831282,0.06919661166174476,0.05665495390897697,0.10095851881976599,0.030960947709238486,0.04828011541239727,0.09551887417177667,0.02537556209381323,0.010950383682582707,0.14510018967232927,0.12294480976543419,0.0239502093226416,0.08349563691185037,0.08343961580530677,0.0451103981867726,0.012685101108228385,0.07372614885229369,0.16868282656202493,0.21979236062428037,0.013190194563923788,0.14684109101041484
C:\Users\damba\.cache\kagglehub\datasets\sunnykusawa\ecommerce-products-image-dataset\versions\1\ecommerce products\sofa\48.jpg,sofa,exito,0.3183098861837906,0.033768275147344415,0.011949466783181796,0.008634946530720817,0.07484231646074067,0.08388409110289334,0.025694618629827328,0.028146692406681603,0.06643412425871835,0.11840169070352118,0.12267166313032433,0.08538643168393435,0.03698154937381134,0.13191414248686315,0.10616954729406987,0.06560714251925402,0.1386059550320902,0.12172247942167522,0.09046502340709504,0.062099886746367454,0.023308100061863703,0.2638799691837035,0.12906493109082198,0.1741999295163753,0.06004794698389275
C:\Users\damba\.cache\kagglehub\datasets\sunnykusawa\ecommerce-products-image-dataset\versions\1\ecommerce products\sofa\49.jpg,sofa,exito,0.3183098861837906,0.017540061836666638,0.01587320277128688,0.009351332488597446,0.03865393371458652,0.08521621008143936,0.04937019704995641,0.010088907791491254,0.05092669593796153,0.06319259224809971,0.1081871556447083,0.07296781057178274,0.113328854056073,0.058971417008552234,0.03859713815402498,0.04533542039572821,0.05953923777221043,0.05520016115656705,0.03740228097419225,0.04642984621495605,0.18333077223740632,0.11115614797414378,0.0369051586545506,0.11150114199794937,0.07390589438283016
C:\Users\damba\.cache\kagglehub\datasets\sunnykusawa\ecommerce-products-image-dataset\versions\1\ecommerce products\sofa\5.jpg,sofa,exito,0.3183098861837906,0.047406925406430156,0.0013878642639395895,0.06184862684702077,0.0959290680702453,0.0620136168595944,0.042275104339077905,0.08250985023053416,0.013532019731089098,0.13347882913439846,0.12085259604209342,0.04018222814317865,0.14418787762798232,0.09458799189945775,0.03341456475000118,0.09681884191276888,0.14619881054384348,0.16328354728212874,0.06552072679971933,0.1617781176476143,0.2827896976871352,0.1595609568036798,0.09701335943599967,0.22956110859261214,0.13472847342719704
C:\Users\damba\.cache\kagglehub\datasets\sunnykusawa\ecommerce-products-image-dataset\versions\1\ecommerce products\sofa\50.jpg,sofa,exito,0.31830988618379047,0.0019318251158734223,0.03273034428540253,0.002621939259056082,0.00939349026750482,0.06634383927528326,0.00806403295578657,0.0030411577936218805,0.08812972540111305,0.013596035856627492,0.12356776793752508,0.12419630217545223,0.08411041942928216,0.023964100130669266,0.03925719341278424,0.03953056302190303,0.03126423431385114,0.161835234714089,0.1678945005727112,0.12571279745059635,0.18989514377169683,0.07361585752412915,0.06181760801621181,0.058002054089830855,0.3671632094836995
C:\Users\damba\.cache\kagglehub\datasets\sunnykusawa\ecommerce-products-image-dataset\versions\1\ecommerce products\sofa\51.jpg,sofa,exito,0.31830988618379047,0.04091844913799253,0.039994707301677805,0.04267864561553382,0.08246967593490843,0.05741217035902201,0.045234812094139466,0.02948109619939319,0.04483443850412072,0.10911359597900933,0.10016570935691249,0.07384993809345153,0.010078795897647416,0.07159222422473628,0.10070051987313039,0.07344932506604138,0.09752697381366357,0.12495837113382678,0.08788428448634104,0.09688198350109896,0.06688969168207173,0.21692170107585976,0.16231196972471545,0.19848846524260025,0.07964752888555532
C:\Users\damba\.cache\kagglehub\datasets\sunnykusawa\ecommerce-products-image-dataset\versions\1\ecommerce products\sofa\52.jpg,sofa,exito,0.31830988618379047,0.02376221000932482,0.030087114995666988,0.0037579031129505807,0.045806757053820576,0.0665085513409178,0.005028143596067019,0.01750249248366127,0.08554794372211914,0.06894798543276862,0.12281895835723844,0.11897428638811272,0.12039041616191265,0.060658399844160556,0.02719505004264297,0.04085081474825697,0.10823030775405057,0.1682576960379144,0.1570906156637754,0.13298642435385014,0.26679014420197616,0.12872399222381958,0.1087055244633818,0.1338621388060629,0.3798388269499614
C:\Users\damba\.cache\kagglehub\datasets\sunnykusawa\ecommerce-products-image-dataset\versions\1\ecommerce products\sofa\53.jpg,sofa,exito,0.3183098861837906,0.035580915051008875,0.01135709541067701,0.006306994209536833,0.07945216564909482,0.08366551545499068,0.021389822701834968,0.04492306755864421,0.0706580788028658,0.13324483491284528,0.12944652053858027,0.09116293775284198,0.01850683892089662,0.18377168842678077,0.1283991354933807,0.07249314992786053,0.18412778740887484,0.15719099600130282,0.1161170257556168,0.06965090560831395,0.035991376528464056,0.3674613985484776,0.17997280540107516,0.20513605108892552,0.04789335389085716
C:\Users\damba\.cache\kagglehub\datasets\sunnykusawa\ecommerce-products-image-dataset\versions\1\ecommerce products\sofa\54.jpg,sofa,exito,0.3183098861837905,0.01874824730516036,0.01868842863290594,0.036259302826944666,0.02851161109236399,0.04222783728843175,0.0061342774055197094,0.05943649669913911,0.041651134071432463,0.044558957470282295,0.03663632205476992,0.09695349142981312,0.05525091928592438,0.07921541301575197,0.11383483742701125,0.09630959374700528,0.07921867383679616,0.049286094221482876,0.08283817471525154,0.11459200368309456,0.1443690210804086,0.09393690145780452,0.21418732031319365,0.14334818396070118,0.12506478779462066
C:\Users\damba\.cache\kagglehub\datasets\sunnykusawa\ecommerce-products-image-dataset\versions\1\ecommerce products\sofa\55.jpg,sofa,exito,0.3183098861837906,0.04227295380849469,0.005112532124430173,0.003470735633081106,0.09345167705846452,0.008935007635482838,0.007740120004369969,0.014319498994379462,0.011750109722705415,0.13937330852124022,0.038288932659058306,0.15919973506429166,0.04309851859917505,0.03499437184893236,0.0487806820421718,0.16225946472008362,0.12025304500980062,0.040101941109823465,0.16923224798719805,0.07664522139048484,0.07170573343916231,0.06176293765257721,0.09422648112137345,0.18086098557405358,0.08167984940850447
C:\Users\damba\.cache\kagglehub\datasets\sunnykusawa\ecommerce-products-image-dataset\versions\1\ecommerce products\sofa\56.jpg,sofa,exito,0.3183098861837905,0.020380064619475467,0.01898931587981512,0.03595646078664116,0.050577344787374696,0.04635917823941954,0.014227036897382457,0.06310640432213185,0.046176253501922754,0.08462352846049677,0.06564137704795926,0.09716683897772418,0.01562651071740131,0.09794097183222594,0.07380848195285708,0.11802744282621683,0.08964407271461597,0.036522205662904726,0.08811900704979089,0.12202335883631343,0.06159081046458423,0.12453614885810434,0.11228486397250947,0.18037996210799537,0.06665749065963397
C:\Users\damba\.cache\kagglehub\datasets\sunnykusawa\ecommerce-products-image-dataset\versions\1\ecommerce products\sofa\57.jpg,sofa,exito,0.31830988618379047,0.018834285367551454,0.031076303495610403,0.0017987657335110816,0.04042912943847816,0.06660118881126716,0.0014960235683723067,0.0020801729185895832,0.07894824219125073,0.05947235787392221,0.11008364655498314,0.11035061837942342,0.11143589776988216,0.005136734656269907,0.018847521153198255,0.016920358074729407,0.055054342555734784,0.13923618063494447,0.1410963101080487,0.13188107642483476,0.23085348904410435,0.015107083065322355,0.2114504350886193,0.02367732979103527,0.3992851847757867
C:\Users\damba\.cache\kagglehub\datasets\sunnykusawa\ecommerce-products-image-dataset\versions\1\ecommerce products\sofa\58.jpg,sofa,exito,0.3183098861837905,0.014542147189123174,0.018028587052940893,0.036424367781146154,0.01703895379640716,0.04339528750779873,0.003105838624301049,0.06165802982408549,0.043284427365843786,0.026145922964729472,0.043408270448005874,0.0951260262346207,0.06295585696715815,0.08396318747972467,0.10858611294236725,0.0948093332567262,0.05649002696375467,0.03227713529650106,0.06936440810731928,0.11050270727091697,0.16047220605996573,0.09384760468987034,0.19874579092226624,0.13164244744091447,0.1163530098720899
C:\Users\damba\.cache\kagglehub\datasets\sunnykusawa\ecommerce-products-image-dataset\versions\1\ecommerce products\sofa\59.jpg,sofa,exito,0.3183098861837905,0.02633174728153141,0.020299425429054357,0.037964368584825055,0.06085699017067687,0.05053413554789308,0.01903535986128266,0.07749743557789485,0.05368592042392397,0.09863945878857575,0.08903091992695174,0.0861646549740144,0.008153654132076037,0.1250664016946678,0.08357062473341335,0.09723522124048808,0.1010694297022864,0.08942675536633272,0.020827660783670692,0.09046200256119219,0.05510886556152295,0.15045159504426356,0.1280865363060709,0.09941107877833591,0.0690043118637749
C:\Users\damba\.cache\kagglehub\datasets\sunnykusawa\ecommerce-products-image-dataset\versions\1\ecommerce products\sofa\6.jpg,sofa,exito,0.3183098861837905,0.03987980221509778,0.02452661604778501,0.03322884046672051,0.08792775023668946,0.0482365116851591,0.04462038382487302,0.05400549194314381,0.048235847398116316,0.13465712880623298,0.07969093306669864,0.10126965193858195,0.07261638210035759,0.09669190515317867,0.08350614034410328,0.13315772359472006,0.1463752314911542,0.07038699865362391,0.12239011340545727,0.13406718345699042,0.1015118899760885,0.1592927175107864,0.1188624779280049,0.22233716007253887,0.03706509600833203
C:\Users\damba\.cache\kagglehub\datasets\sunnykusawa\ecommerce-products-image-dataset\versions\1\ecommerce products\sofa\60.jpg,sofa,exito,0.3183098861837905,0.028419135384158592,0.035977577429397084,0.05024574017645837,0.059827817524450724,0.09865171315720538,0.10433724589710483,0.06297004342172119,0.06335299863240243,0.08156676883956845,0.17586853838936842,0.10215554463638571,0.23756172035453862,0.037606365293938945,0.026232841200755,0.10841276628419334,0.06205197092767136,0.23988750746763074,0.14187851823960804,0.07735090977936149,0.3986700423774139,0.022290104604310274,0.049392802266858424,0.2314939373081012,0.17635839944804793
C:\Users\damba\.cache\kagglehub\datasets\sunnykusawa\ecommerce-products-image-dataset\versions\1\ecommerce products\sofa\61.jpg,sofa,exito,0.3183098861837907,0.01541470191193422,0.10722302044248583,0.0005598625239444903,0.04116009637012845,1.8074868323522047e-05,0.15421173462890997,0.00342357035698189,0.09333185421979151,0.08364667060092312,0.013649075078388547,0.013559235849615298,0.14138722795231037,0.012436224262851766,0.22007605402767486,0.00114910075735658,0.13665231812949083,0.06096330241939812,0.06048599570444664,7.419622445440772e-05,0.06882599397805834,0.034490035882710324,0.3361990332228644,0.008059879118669023,0.19896910840539764
C:\Users\damba\.cache\kagglehub\datasets\sunnykusawa\ecommerce-products-image-dataset\versions\1\ecommerce products\sofa\62.jpg,sofa,exito,0.31830988618379047,0.01639266078817904,0.03148162067859803,0.002729428537952026,0.034530234781523596,0.06652642173719188,0.0011573051053159423,0.009993585739307361,0.08311389182964717,0.05128432921725037,0.11690652344168939,0.11610483580444408,0.1037067629238946,0.034281742398947435,0.010913010907241599,0.029748199142804514,0.06027224702752231,0.15131320423685907,0.15043297966407754,0.13103162810797045,0.22254900863267188,0.07439481018772337,0.14678910851449672,0.07518729541343921,0.3856655350824534
C:\Users\damba\.cache\kagglehub\datasets\sunnykusawa\ecommerce-products-image-dataset\versions\1\ecommerce products\sofa\63.jpg,sofa,exito,0.3183098861837906,0.02082861997504743,0.00285639737190974,0.08479419525569255,0.04222054936012363,0.07964042243578377,0.049653532942861046,0.11315667012033875,0.12078645174699784,0.04609376187780081,0.14879379598724204,0.10808378851926068,0.163365338250668,0.09130694122532183,0.10953022394983931,0.04077660016027045,0.019891853460568855,0.20276372337023113,0.15914552154604406,0.06460913833158104,0.31345308330495203,0.024567175216053914,0.07157310360929209,0.1619336857537395,0.09422509723307912
C:\Users\damba\.cache\kagglehub\datasets\sunnykusawa\ecommerce-products-image-dataset\versions\1\ecommerce products\sofa\64.jpg,sofa,exito,0.3183098861837906,0.04199382311881398,0.009012777722819096,0.009626342753958276,0.09042461696865105,0.08351653299368558,0.010532581235122632,0.028809975827533276,0.07024314727598864,0.13827970399415085,0.12687079045243357,0.08752775308759007,0.0044218787543824955,0.13640714201876997,0.12351393952367141,0.07056051238797802,0.1610656440041314,0.14233286612919416,0.10411336634949944,0.06518110363228541,0.050354836839091276,0.28302797211487596,0.16922450384975246,0.18734785161195264,0.062185145525585385
C:\Users\damba\.cache\kagglehub\datasets\sunnykusawa\ecommerce-products-image-dataset\versions\1\ecommerce products\sofa\65.jpg,sofa,exito,0.3183098861837905,0.005857279098772553,0.017193710408580556,0.03699368861574151,0.014735479393423285,0.045769148784865404,0.0014123346562339297,0.06700419095562231,0.046348765421607444,0.036026744939900254,0.05865301082245399,0.09278263716162785,0.06071738990210748,0.09702821678351817,0.08921686217917,0.09968468373173141,0.0395108350343567,0.01699943443268678,0.05488636716665047,0.10724409498483453,0.15250369348262838,0.10485194406975724,0.1532856954395057,0.1302400452290554,0.09191710252976427
C:\Users\damba\.cache\kagglehub\datasets\sunnykusawa\ecommerce-products-image-dataset\versions\1\ecommerce products\sofa\66.jpg,sofa,exito,0.3183098861837906,0.020635009926834803,0.0030892390435763766,0.03216956100090614,0.046641806771861014,0.07178234417588858,0.05137168017392358,0.049283559960934364,0.09248852300676938,0.06815806713810436,0.13396307838800808,0.17043063851025492,0.16667720772210703,0.06725993906939019,0.08558238351438045,0.05772478629529665,0.04876410759912355,0.18083686972771276,0.22794994934804216,0.03874478287211522,0.3019208682439328,0.11263216935336853,0.12190172371017735,0.1224172490100721,0.28013196884810504
C:\Users\damba\.cache\kagglehub\datasets\sunnykusawa\ecommerce-products-image-dataset\versions\1\ecommerce products\sofa\67.jpg,sofa,exito,0.3183098861837906,0.01783634492885088,0.002581863500436081,0.03264430180457057,0.042604807131533445,0.07332059575965118,0.04876863895073075,0.05581822019426107,0.08837606574791244,0.0629258736767891,0.13459005358730727,0.17724381292633704,0.15949351359933522,0.087785769859896,0.0819852256590598,0.04467221568257327,0.03184056435671168,0.18100053533648022,0.24106613934590534,0.03899325350555474,0.2885270225912518,0.15152650818187005,0.11214733584467151,0.07384162352209302,0.2798547821589935
C:\Users\damba\.cache\kagglehub\datasets\sunnykusawa\ecommerce-products-image-dataset\versions\1\ecommerce products\sofa\68.jpg,sofa,exito,0.3183098861837905,0.010923277846880136,0.01759431191753029,0.036634651663511854,0.010642443727427457,0.04370570349577759,0.0016630437424832152,0.06295373011859812,0.04362012192424365,0.02660305159298621,0.04557694891818646,0.09493286715745324,0.0646324186371967,0.0873252580169966,0.10345142635477134,0.09679011340278147,0.056488092978118076,0.030734001231031406,0.06811543432102984,0.11102594181654682,0.16094331525819916,0.09801711765404034,0.18865918783890986,0.13495854790755404,0.11129103000825308
C:\Users\damba\.cache\kagglehub\datasets\sunnykusawa\ecommerce-products-image-dataset\versions\1\ecommerce products\sofa\69.jpg,sofa,exito,0.3183098861837905,0.004755150139314416,0.01713859305548619,0.03692855238721722,0.008037447964291969,0.045159652641086304,0.000729779386539621,0.06600734274640285,0.045512074881583084,0.030798696583617016,0.05481819287022042,0.09343696405922133,0.06353468480495666,0.09472847997864771,0.09241983914498356,0.09918390550271627,0.04377563352308344,0.01768372941731647,0.058696753235863125,0.10865358906964338,0.15741465855383335,0.10350555023481445,0.16214694050678494,0.13248981783931485,0.09695311962783969
C:\Users\damba\.cache\kagglehub\datasets\sunnykusawa\ecommerce-products-image-dataset\versions\1\ecommerce products\sofa\7.jpg,sofa,exito,0.3183098861837905,0.012599976055577953,0.017780175125333225,0.03701417382120891,0.032398514933057974,0.04718715681412674,0.005654886650708807,0.0685372119241709,0.048253240378683435,0.056226155813731714,0.06796493950009276,0.09185145630486032,0.04612018986270123,0.100862176406596,0.08152685509513731,0.10276521238773634,0.04169938223669701,0.03232843303067803,0.0510595431414461,0.10538391193363861,0.12610396442555993,0.1075425461743813,0.13054232233985247,0.13027537271433975,0.07858513900229326
C:\Users\damba\.cache\kagglehub\datasets\sunnykusawa\ecommerce-products-image-dataset\versions\1\ecommerce products\sofa\70.jpg,sofa,exito,0.31830988618379047,0.0005080142988786831,0.03274671451093403,0.002619820466872108,0.00753455279103706,0.06633015278308835,0.008229757364404266,0.003304780254902482,0.0885582624683491,0.010864971210433174,0.12424438301920263,0.12488603114154899,0.0835984685100111,0.02533020263480584,0.042092614883132574,0.040624500117725955,0.034690003496558444,0.16337143821984104,0.1696465206181755,0.12527455354634234,0.18987142493341072,0.07771729730134336,0.054293789114735716,0.05933029800969708,0.36569041003383357
C:\Users\damba\.cache\kagglehub\datasets\sunnykusawa\ecommerce-products-image-dataset\versions\1\ecommerce products\sofa\71.jpg,sofa,exito,0.3183098861837906,0.0033525668425552113,0.01727002114388297,0.008646101811648254,0.008662689867501296,0.08553987264221648,0.057477795444286085,0.004309841841687613,0.04563703291554322,0.036034461513040586,0.10376803415300209,0.07085034783746627,0.13771290373320777,0.04804594875556505,0.013009422593250558,0.0393110636249258,0.04941845489843919,0.03900952623285577,0.030677733280802116,0.04391967239763081,0.2267569389915055,0.09361346653811793,0.04981929825810165,0.09863410664614024,0.0756109973306498
C:\Users\damba\.cache\kagglehub\datasets\sunnykusawa\ecommerce-products-image-dataset\versions\1\ecommerce products\sofa\72.jpg,sofa,exito,0.3183098861837906,0.01328555283930315,0.01649122247793432,0.008570317270354033,0.03652693448173166,0.08480419943717783,0.05086275826621478,0.015233284669206,0.05490846785263235,0.06959581616512542,0.11060186874056843,0.07711537175531254,0.11165519999565131,0.08585306016402038,0.05360500703131231,0.05052374067389824,0.08033113211479788,0.06572957756004316,0.05205061325008691,0.05138148280402542,0.16847592857600177,0.16344470502854783,0.024259248110527654,0.1294854742248741,0.06711617166890525
C:\Users\damba\.cache\kagglehub\datasets\sunnykusawa\ecommerce-products-image-dataset\versions\1\ecommerce products\sofa\73.jpg,sofa,exito,0.3183098861837906,0.015463461661769378,0.016196166928122063,0.00835190627827494,0.018147521321129692,0.08612217712865809,0.05464940763290868,0.006840108974306585,0.038706897374900635,0.020918668965601645,0.10072001634273936,0.06649406703747722,0.13808473405566646,0.027557034917607356,0.019579678751180767,0.03153350203989938,0.0318043776571777,0.03148681347902516,0.020214215854418082,0.039043568663013825,0.23862377341611704,0.05327826817492232,0.09814561660869309,0.07832076277703637,0.08212191343568583
C:\Users\damba\.cache\kagglehub\datasets\sunnykusawa\ecommerce-products-image-dataset\versions\1\ecommerce products\sofa\74.jpg,sofa,exito,0.3183098861837905,0.03214776350866868,0.02190219272504618,0.03537441166965384,0.07262303031760138,0.04941211842342622,0.029697609958425058,0.062314881973564926,0.05100844496874875,0.10840140411595033,0.08419392052302671,0.09463615354293992,0.026278350977727932,0.0894839728446358,0.07949997046595993,0.11761508326302064,0.08090620804264032,0.07479415208812172,0.07677200003476316,0.11246268438835708,0.0030505112348341978,0.09671834898641203,0.10668880708589235,0.15959242982878533,0.04555752267470968
C:\Users\damba\.cache\kagglehub\datasets\sunnykusawa\ecommerce-products-image-dataset\versions\1\ecommerce products\sofa\75.jpg,sofa,exito,0.3183098861837906,0.03276205831628373,0.012264932674501346,0.006143114977937505,0.07430290474634357,0.08376832353656785,0.026111123387866572,0.04363698063422069,0.06936600257009573,0.12667483461771528,0.12773986747086605,0.09022253707580154,0.03172115497132796,0.17899086027146738,0.1222002623132171,0.07067468466663704,0.17458426915498107,0.1484613907798664,0.11061649415443489,0.06831963737900221,0.010737388755504442,0.35418566537803914,0.1649790997724407,0.1992871589165959,0.04787369567603836
C:\Users\damba\.cache\kagglehub\datasets\sunnykusawa\ecommerce-products-image-dataset\versions\1\ecommerce products\sofa\76.jpg,sofa,exito,0.3183098861837907,0.017673064648493362,0.10757514984034364,0.0007359272228733474,0.04720989206571889,2.72398899122177e-05,0.15636602561085344,0.004501114032311279,0.09333200431939388,0.09611017308495962,0.015671562114143545,0.015545764699173813,0.1488666251942555,0.01631123120352009,0.22080124199312995,0.0015104683447486158,0.15778857442009755,0.07009726216913414,0.0694279917598668,0.00011181808037170544,0.08784027785670463,0.04512424367613773,0.34129429411584417,0.010601226239003681,0.19896799942426532
C:\Users\damba\.cache\kagglehub\datasets\sunnykusawa\ecommerce-products-image-dataset\versions\1\ecommerce products\sofa\77.jpg,sofa,exito,0.3183098861837905,0.03832859241649815,0.023954920194069505,0.03381549807144452,0.084651121992781,0.04900027276416352,0.041211858263808986,0.05542513291857778,0.049836948314743716,0.12663472264945222,0.08323545816492146,0.0988152372144199,0.06087398762531894,0.08584484509811775,0.08374867747005797,0.12775741028041704,0.11667908179453196,0.07634922278495075,0.10592105551266202,0.1251703282267728,0.07119459403150631,0.12098728035393551,0.11680237913977254,0.1965526904955896,0.03538123055700528
C:\Users\damba\.cache\kagglehub\datasets\sunnykusawa\ecommerce-products-image-dataset\versions\1\ecommerce products\sofa\78.jpg,sofa,exito,0.31830988618379047,0.02328306088082789,0.04533016154778496,0.041221739620785,0.0507381819396274,0.05494829337562314,0.07198574997911568,0.02277428347379261,0.043088380073396174,0.07738147788747744,0.08951380631642215,0.07200431248313184,0.07862500005119671,0.10363680492274832,0.08507346489720594,0.07188259551766306,0.09502907244805589,0.10162914474808504,0.08325681921700052,0.09339288179020462,0.036854663521673214,0.26442535428907804,0.12400452208053649,0.18403317102863434,0.098041988427519
C:\Users\damba\.cache\kagglehub\datasets\sunnykusawa\ecommerce-products-image-dataset\versions\1\ecommerce products\sofa\79.jpg,sofa,exito,0.31830988618379047,0.008655512365862357,0.03239488841773828,0.0027949294836020935,0.0167061163954011,0.06631434925543254,0.006681756370095088,0.005660963698294073,0.08916176128632211,0.024133886248048828,0.12561639221716467,0.12569177393053454,0.08770363712824195,0.031338290724726006,0.04644474426164918,0.0432391434451491,0.052551657954254004,0.16754582719911895,0.17203988399053455,0.12551970673821966,0.20054001632474253,0.08653913639214922,0.04412241510273525,0.07969569430742036,0.3640863645739321
C:\Users\damba\.cache\kagglehub\datasets\sunnykusawa\ecommerce-products-image-dataset\versions\1\ecommerce products\sofa\8.jpg,sofa,exito,0.3183098861837906,0.008447796171673867,0.01698668613764797,0.00856865497150846,0.007723827622028956,0.08578342093630041,0.05708350594350879,0.0030998728496210858,0.042700444257304744,0.027438536740462455,0.10226200525070785,0.06896183276729581,0.13984740231406706,0.03754679478278529,0.005194280254353177,0.0359488061283526,0.04142228708198243,0.034498331546102746,0.025615533714291813,0.041774525065275715,0.23506839847027214,0.07448423988291902,0.07043823595218061,0.08975826369298473,0.07839372667353711
C:\Users\damba\.cache\kagglehub\datasets\sunnykusawa\ecommerce-products-image-dataset\versions\1\ecommerce products\sofa\80.jpg,sofa,exito,0.31830988618379047,0.027513525496411024,0.044317501382697085,0.041759243969605266,0.05817446142124294,0.0561415472007367,0.06711762017348122,0.025948942769606805,0.04236824399826897,0.0832362381790158,0.09214171389995073,0.07167444301667697,0.06736054198363087,0.09044609409605733,0.0836135736710538,0.0703458440260383,0.08909749548437397,0.10229343632181424,0.07865783390181187,0.0923967019211605,0.025054987494876252,0.24010666157658603,0.12121174968945271,0.18084715694399847,0.0909570971716751
C:\Users\damba\.cache\kagglehub\datasets\sunnykusawa\ecommerce-products-image-dataset\versions\1\ecommerce products\sofa\81.jpg,sofa,exito,0.3183098861837906,0.028447540622496433,0.013509426998022642,0.008053342319805024,0.06522342956291792,0.08406145970801723,0.03370223807308263,0.028575124250035666,0.06441403718273181,0.10763965261008213,0.12047117997365307,0.0844886753543456,0.05848786592763467,0.13158311194241604,0.09712888597533177,0.06307914305975948,0.12954305549936004,0.11144216444428591,0.08453433512211844,0.06079868357409446,0.05975419128524813,0.2579192197826776,0.10870990091427393,0.1682970096813898,0.05865745652843518
C:\Users\damba\.cache\kagglehub\datasets\sunnykusawa\ecommerce-products-image-dataset\versions\1\ecommerce products\sofa\82.jpg,sofa,exito,0.31830988618379047,0.0340944796253494,0.03542068774836272,0.03335616237692284,0.07696553745946086,0.04871152344034818,0.023003077160151937,0.04537466096742216,0.05548547726098524,0.11550137357594906,0.0835836474079898,0.11487086029667988,0.04147618781552465,0.03543398317517458,0.07224561354267359,0.10880026272580605,0.0942108189290895,0.10079104614081123,0.13776290237104366,0.13912946945437668,0.11772284205032081,0.007950985608085985,0.12872391271868114,0.141321602771568,0.1848800532801719
C:\Users\damba\.cache\kagglehub\datasets\sunnykusawa\ecommerce-products-image-dataset\versions\1\ecommerce products\sofa\83.jpg,sofa,exito,0.3183098861837906,0.017424778244908973,0.002513475881169755,0.03245627886227123,0.04126624696735453,0.07273405068997883,0.04836772326137705,0.053273157532005455,0.08999671995854137,0.0596840161829674,0.1345637286578477,0.17533317416571798,0.15832046412637363,0.08026122858602604,0.08274777516181377,0.04762420164952215,0.025138613377740492,0.18115879306582686,0.23650399039423892,0.039332798308482624,0.2865937214933763,0.13892890062200947,0.10650044021574569,0.08874872015194937,0.2793233477085764
C:\Users\damba\.cache\kagglehub\datasets\sunnykusawa\ecommerce-products-image-dataset\versions\1\ecommerce products\sofa\84.jpg,sofa,exito,0.3183098861837905,0.007227622623583578,0.08545264724360405,0.07538878668751722,0.007744643027780897,0.0034268557647323702,0.14369212515478066,0.062477578601927874,0.018505992561862212,0.005054510127800009,0.010526532580539809,0.0012567312477123238,0.1837567687013959,0.05168636192854276,0.011424642955441827,0.011641422986075086,0.016025876154886834,0.008374729881042053,0.0016087581491198186,0.001054683888345483,0.15808941055949266,0.22087849633410178,0.03953501530826488,0.1127904722671652,0.09790718928608572
C:\Users\damba\.cache\kagglehub\datasets\sunnykusawa\ecommerce-products-image-dataset\versions\1\ecommerce products\sofa\85.jpg,sofa,exito,0.31830988618379047,0.015064165540231078,0.03167855256529111,0.002723203118483885,0.03208367638921923,0.0665046985160513,0.002196571834797542,0.009018831039300545,0.08367268984624582,0.047528151292594474,0.11758096532437243,0.11698976408899575,0.10077533566941432,0.03175853133915156,0.013007411810185245,0.0306516042803508,0.05431213557403985,0.1520297796672972,0.152087763128631,0.13051491359971326,0.2170295600906693,0.07017335147081041,0.1375796634900497,0.07286838234701098,0.3835410217767368
C:\Users\damba\.cache\kagglehub\datasets\sunnykusawa\ecommerce-products-image-dataset\versions\1\ecommerce products\sofa\86.jpg,sofa,exito,0.31830988618379047,0.040243887500677096,0.033266480668631054,0.032342113404194635,0.08668899286757265,0.05007949626279774,0.011553564696431453,0.04239845612315189,0.058054615271492915,0.12669447625162658,0.09140907087381155,0.11385173428932623,0.07388741680374405,0.02875882021245994,0.08484798983308561,0.11599561898110494,0.11180359814316101,0.11965923909910771,0.14744513964230854,0.13150159024694089,0.17814921757970598,0.017567869468033508,0.16150304326800832,0.1579446694910835,0.1975623887321057
C:\Users\damba\.cache\kagglehub\datasets\sunnykusawa\ecommerce-products-image-dataset\versions\1\ecommerce products\sofa\87.jpg,sofa,exito,0.3183098861837906,0.00971865601041556,0.016877891144972266,0.008465017927625752,0.03128583368285434,0.08486749355567186,0.05296560916870653,0.014717445393322487,0.05395864066591256,0.06484398901921401,0.10967857018472757,0.07667394087201879,0.11763905391413927,0.0840460122840754,0.049206495519789936,0.04938432078872944,0.0777732870960012,0.06192936484236733,0.05016926751501308,0.05082411636000624,0.17892200061125071,0.1595476257793312,0.013214830188824673,0.1268390822397354,0.06734612800097461
C:\Users\damba\.cache\kagglehub\datasets\sunnykusawa\ecommerce-products-image-dataset\versions\1\ecommerce products\sofa\88.jpg,sofa,exito,0.3183098861837906,0.013908707301789279,0.016411365276054277,0.008429631673816999,0.015808338583191948,0.08603931036785693,0.05534082173948562,0.005991787036297233,0.0397150030900645,0.02226548399817784,0.10108585527381077,0.06707778519353404,0.13873986495905455,0.029523835735145436,0.015630304565088016,0.032629595213813326,0.034002764667285613,0.03204318773002691,0.02132768390178281,0.039681120345556556,0.2381540201205733,0.05781178500829935,0.0914163378026853,0.08108202029854925,0.08123819528347784
C:\Users\damba\.cache\kagglehub\datasets\sunnykusawa\ecommerce-products-image-dataset\versions\1\ecommerce products\sofa\89.jpg,sofa,exito,0.3183098861837906,0.03391269610084959,0.0037832551418302577,0.06445883374990694,0.07402726970913033,0.057296340301395486,0.015290410686190714,0.09075206501995894,0.016663778025133316,0.10737924702680415,0.10370392232268726,0.04221126534706368,0.06806909050651103,0.10217385825532636,0.023541539633581157,0.09133182719965002,0.09749647791166871,0.12084796765951043,0.05373911929137315,0.1506838106995465,0.1348563644706538,0.1298056319220055,0.06622134189056618,0.19390737735208213,0.12245882963889071
C:\Users\damba\.cache\kagglehub\datasets\sunnykusawa\ecommerce-products-image-dataset\versions\1\ecommerce products\sofa\9.jpg,sofa,exito,0.31830988618379047,0.02412564756538798,0.045141920709833486,0.04076402972639574,0.051883405038706254,0.05392453366736252,0.07063626217378856,0.020157453870324922,0.04475049878983046,0.0795971246887857,0.08920046030497739,0.07346542218491353,0.07295693659545274,0.116496883490705,0.09336274026158185,0.07502364058799468,0.10491379773750328,0.11042377620510266,0.09324819251781417,0.09677227058409409,0.019030406458536736,0.29273443279624833,0.14365875593819308,0.1960337158630674,0.10273034333286912
C:\Users\damba\.cache\kagglehub\datasets\sunnykusawa\ecommerce-products-image-dataset\versions\1\ecommerce products\sofa\90.jpg,sofa,exito,0.3183098861837905,0.01306206888467732,0.01783605579757258,0.03653202258786385,0.03665623834528472,0.04579528002335088,0.007252703147193818,0.06487932773447863,0.04569716864222655,0.06739914755963562,0.0610952215263584,0.09592349707148246,0.03744963786710113,0.09763784957206377,0.07702618133858127,0.11226718734605749,0.07460872671362073,0.02981106243579527,0.0780945756111965,0.11790118020717111,0.10249068355689454,0.11666184718081764,0.12618730623938063,0.1657867941615616,0.07715447606049605
C:\Users\damba\.cache\kagglehub\datasets\sunnykusawa\ecommerce-products-image-dataset\versions\1\ecommerce products\sofa\91.jpg,sofa,exito,0.3183098861837906,0.03237372418310479,0.012384129950805265,0.006455507163066035,0.07347207290534798,0.0837893481148218,0.02685818550234987,0.04169888761624882,0.06883723757363334,0.12458219825105459,0.12682261478474002,0.08954177040279233,0.034535868650537385,0.17292893697145528,0.11939621990454836,0.06981883646443188,0.16896957554144415,0.14377434008583864,0.10750510437330796,0.06741772138215395,0.0024836811769089495,0.3418807451158957,0.15834172106280886,0.1955024530552633,0.04943640878795599
C:\Users\damba\.cache\kagglehub\datasets\sunnykusawa\ecommerce-products-image-dataset\versions\1\ecommerce products\sofa\92.jpg,sofa,exito,0.3183098861837905,0.02363365161160064,0.08306671305642063,0.07681231867745182,0.0459457331264954,0.01127596148366856,0.13163478608590334,0.07021590474032972,0.01737748599601917,0.052209752967208437,0.02741670805109237,0.004025696801284295,0.1533676236953213,0.03125227734982598,0.016415323022009192,0.01106973073525027,0.004495137569720161,0.027166603801366526,0.0020169126657179955,0.0033919257343571463,0.11719562257779624,0.19146124918685417,0.050955338993022334,0.1127926519356349,0.09728914479940251
C:\Users\damba\.cache\kagglehub\datasets\sunnykusawa\ecommerce-products-image-dataset\versions\1\ecommerce products\sofa\93.jpg,sofa,exito,0.3183098861837905,0.02280341638052265,0.01948246156553718,0.037930130923301435,0.052320735848626315,0.049801386899713945,0.014047712546722544,0.07668435601615868,0.052630041124973555,0.0857127330684329,0.08388937740319549,0.08638329716489855,0.023890723278714988,0.12226707106295914,0.08553378279040398,0.09486096248087278,0.08733022798573467,0.07637871293941909,0.01940683770022196,0.09115804225626166,0.08498113037714705,0.14363124888456286,0.13554897931200927,0.09740961600630109,0.07513483704233521
C:\Users\damba\.cache\kagglehub\datasets\sunnykusawa\ecommerce-products-image-dataset\versions\1\ecommerce products\sofa\94.jpg,sofa,exito,0.3183098861837905,0.007285409514944524,0.08544869513727041,0.07543233833236061,0.009358159414345795,0.003454918443855943,0.14360712612952892,0.06266026666541898,0.018471764522904666,0.008232329830895273,0.010199673777842026,0.001265993460125175,0.18336549676804023,0.05135820044760148,0.011609009642984683,0.01162381356861428,0.014503691599620712,0.008257112375405948,0.0014577327462717568,0.0010625783967727553,0.1573160913098327,0.22060592780236596,0.03993010964021866,0.11282259169091126,0.09788813903997563
C:\Users\damba\.cache\kagglehub\datasets\sunnykusawa\ecommerce-products-image-dataset\versions\1\ecommerce products\sofa\95.jpg,sofa,exito,0.3183098861837906,0.04341415149990617,0.004651726800721697,0.002722452129438173,0.09576689918731376,0.008930539142576495,0.010309250145826813,0.009867120345278067,0.011869378008023278,0.14237511777767786,0.038321755170552516,0.15941737007138493,0.050334618542241846,0.021353965769816637,0.051957291043273915,0.1649432551451994,0.12101840434838326,0.04063768145436625,0.17305766848749365,0.07092142140300622,0.08312437129333755,0.043936628155207075,0.10154489060571062,0.18120442395372588,0.08234147406742152
C:\Users\damba\.cache\kagglehub\datasets\sunnykusawa\ecommerce-products-image-dataset\versions\1\ecommerce products\sofa\96.jpg,sofa,exito,0.31830988618379064,0.021163490858090363,0.05115394864717307,0.05578485516371742,0.029355531567579023,0.06428878239079251,0.061307659950293546,0.08953357034571473,0.037774168264503014,0.018191591434546215,0.0790856457117511,0.029859916099625017,0.0129976358865642,0.11334833199600623,0.14883241255133894,0.019597463110804878,0.020426209592309653,0.050501328783885066,0.01600481821975619,0.01610552426497494,0.08927704851978445,0.11348178500997286,0.2543699315569754,0.014978903732562596,0.1497361045843866
C:\Users\damba\.cache\kagglehub\datasets\sunnykusawa\ecommerce-products-image-dataset\versions\1\ecommerce products\sofa\97.jpg,sofa,exito,0.31830988618379064,0.008447401279920875,0.04937957040794818,0.05665989380900273,0.004720574150590679,0.06877308413193556,0.05501179166118365,0.0992337344449779,0.03113550612459685,0.018288381463955353,0.09295123597154015,0.02573756071029895,0.004413670060332861,0.13860582442634076,0.12367339568251196,0.023452822061658565,0.038234436127391636,0.06659636997634777,0.039121840947022854,0.012659147426444787,0.09142449603929477,0.15130454329544424,0.2166034496144573,0.012329953691034266,0.14715281378815587
C:\Users\damba\.cache\kagglehub\datasets\sunnykusawa\ecommerce-products-image-dataset\versions\1\ecommerce products\sofa\98.jpg,sofa,exito,0.3183098861837905,0.007571779380146602,0.017302209039349252,0.03704042084085419,0.01582147322461794,0.046068738878659685,0.0016673081918277383,0.06766665306971899,0.046875317848424365,0.0347223564676021,0.060222862602385005,0.09199727002285617,0.060960086700972686,0.09824593381369237,0.09054168087075644,0.0977691456226773,0.03411318492101758,0.01706367385569869,0.0496531615664502,0.10493656567380993,0.1544240497522951,0.1051597081795082,0.15482158029526777,0.12351343383520806,0.09216616999322141
C:\Users\damba\.cache\kagglehub\datasets\sunnykusawa\ecommerce-products-image-dataset\versions\1\ecommerce products\sofa\99.jpg,sofa,exito,0.31830988618379064,0.005377820058592841,0.049179587741794394,0.05687067696355925,0.015462361380507932,0.07102341018729846,0.05537099711154635,0.10323871232535922,0.027868115561326876,0.04287761103085977,0.10101107694505239,0.023974780823133313,0.00983158560593603,0.15041534843234577,0.11109980975069936,0.025227626275606027,0.0661380148038053,0.08403257307104679,0.04999636179422574,0.010896676586123071,0.07387964374521255,0.17262747235136444,0.19974913149927434,0.01008694530547222,0.14606664488880094
C:\Users\damba\.cache\kagglehub\datasets\sunnykusawa\ecommerce-products-image-dataset\versions\1\ecommerce products\tshirt\1.jpg,tshirt,exito,0.3183098861837906,0.03390152907742216,0.01190697391183876,0.007696666843529528,0.07572188232471268,0.08378447255605281,0.024898482274543943,0.035228063882695296,0.06807368431761938,0.12334751321973196,0.1251014484221863,0.08776780752902844,0.03192956704742968,0.15357576810561407,0.11472509196246412,0.06829108546124367,0.15625593985614536,0.13464366239857198,0.10063671519333146,0.06516474691543069,0.003732201688939413,0.3061511998765501,0.1477754970953936,0.1864600355348844,0.05510551277148842
C:\Users\damba\.cache\kagglehub\datasets\sunnykusawa\ecommerce-products-image-dataset\versions\1\ecommerce products\tshirt\10.jpg,tshirt,exito,0.3183098861837906,0.03713387132400719,0.007035555451224933,0.003823854567640044,0.08352122405786418,0.008809088354858328,0.0025331458336247717,0.014775180210157775,0.011424317489286838,0.12441135254562924,0.03682265227436214,0.15871467232976927,0.013913908017726824,0.029220070493606753,0.037773778801623165,0.15381327771969694,0.09615097683182926,0.033799862175937785,0.15590511362983125,0.0835786080572254,0.017635997396322267,0.034898909408474704,0.06589455830879624,0.15967503341254805,0.07561643460462891
C:\Users\damba\.cache\kagglehub\datasets\sunnykusawa\ecommerce-products-image-dataset\versions\1\ecommerce products\tshirt\100.jpg,tshirt,exito,0.3183098861837905,0.021037038184656492,0.01911753970918591,0.03597841909659209,0.03080295483403327,0.042420624214322154,0.007500420578406744,0.05846673251858352,0.04201466549652494,0.04002436693991518,0.03739351603153293,0.0964675659608515,0.05418588227858558,0.07642219014068274,0.11769765547968569,0.09341172764536382,0.07003914045678963,0.04274161580590324,0.07926178188174525,0.11212805181102044,0.1471192512513487,0.08737227017076299,0.21895656827748455,0.13428078700211524,0.1269735158897061
C:\Users\damba\.cache\kagglehub\datasets\sunnykusawa\ecommerce-products-image-dataset\versions\1\ecommerce products\tshirt\101.jpg,tshirt,exito,0.31830988618379064,0.43147494344551224,0.1640584801514741,0.364971370330893,0.1022049080450388,0.2315768272532485,0.34388275275286423,0.13102275739676714,0.13588771521166682,0.22228817218198277,0.06219514094936482,0.11593863704528273,0.04784821806127992,0.024577267573031678,0.27087720078915517,0.14341785823082737,0.04789262461714285,0.07869368276433292,0.2973291755960267,0.1620812033290278,0.05283130152890337,0.19521444883355188,0.12986053343290432,0.10681057006011829,0.12958383053105316
C:\Users\damba\.cache\kagglehub\datasets\sunnykusawa\ecommerce-products-image-dataset\versions\1\ecommerce products\tshirt\102.jpg,tshirt,exito,0.31830988618379047,0.03846538924424404,0.03392614119536278,0.03227211680960068,0.08331332771211636,0.049861615218002114,0.015104450582179189,0.04185191507896893,0.05775950513127493,0.12188118840953588,0.09025760428443258,0.11252756562276633,0.06398755789341913,0.02894875426277967,0.07773235977004612,0.113267080373427,0.10678104779842026,0.11569650800534655,0.1398151741985252,0.13508849257360256,0.16134073911488858,0.024971818183568802,0.1428820437712877,0.15928458705736234,0.19623678602060662
C:\Users\damba\.cache\kagglehub\datasets\sunnykusawa\ecommerce-products-image-dataset\versions\1\ecommerce products\tshirt\103.jpg,tshirt,exito,0.31830988618379047,0.045380065754502256,0.038180291987843396,0.04400021062938468,0.09157092954971462,0.05910856355155031,0.03648268686907611,0.03832012483147155,0.043941537117147676,0.12085559631415321,0.10448939784948617,0.07255227589127447,0.010753875664583119,0.04759163389570664,0.09768362911482198,0.0708555742604122,0.09449374841518118,0.12815150564172553,0.07827324347268844,0.09406141570623877,0.09252277973403816,0.16456008426906704,0.15666534570298923,0.188855801375078,0.07071399609419592
C:\Users\damba\.cache\kagglehub\datasets\sunnykusawa\ecommerce-products-image-dataset\versions\1\ecommerce products\tshirt\104.jpg,tshirt,exito,0.3183098861837906,0.11768469532543137,0.016285351886254643,0.08751920261681681,0.07552407922750777,0.10571536445053216,0.028988827248108952,0.09649914076111947,0.03842843986258233,0.061573762802479566,0.09354512345444715,0.05883674446341651,0.12738116706185143,0.017816843252646025,0.05189178032156602,0.10232648872822243,0.09762552124536633,0.07282265205389807,0.05933821748937064,0.10327681457631643,0.1651470518315495,0.1697071786712114,0.09870598441058495,0.14157793006584857,0.1248195856161939
C:\Users\damba\.cache\kagglehub\datasets\sunnykusawa\ecommerce-products-image-dataset\versions\1\ecommerce products\tshirt\105.jpg,tshirt,exito,0.3183098861837907,0.49074069215763594,0.33909308503496116,0.5241257957326833,0.1839567482731748,0.46110501819319494,0.05143780208394108,0.3002637563246706,0.3740644492503222,0.15298475618734395,0.44064394698321735,0.3301762720009577,0.014552753676242168,0.15750014330408596,0.4581706107619592,0.32143665472217214,0.07413736919504034,0.12899241226986313,0.354266183494747,0.2858592989952613,0.17318271655998396,0.33678300263963007,0.2741627530701561,0.2061463443778839,0.1887306376357028
C:\Users\damba\.cache\kagglehub\datasets\sunnykusawa\ecommerce-products-image-dataset\versions\1\ecommerce products\tshirt\106.jpg,tshirt,exito,0.0,0.0,0.0,0.0,0.0,0.0,0.0,0.0,0.0,0.0,0.0,0.0,0.0,0.0,0.0,0.0,0.0,0.0,0.0,0.0,0.0,0.0,0.0,0.0,0.0
C:\Users\damba\.cache\kagglehub\datasets\sunnykusawa\ecommerce-products-image-dataset\versions\1\ecommerce products\tshirt\107.jpg,tshirt,exito,0.3183098861837905,0.024150425858361316,0.019780507306159514,0.03555098690602373,0.032983108064058575,0.043702329216138404,0.009391123681699776,0.05846510029447661,0.044061859935459136,0.021853820651382954,0.044313145640750784,0.09401151620599253,0.05407041364779692,0.0759966611510217,0.1230043742146204,0.08591670935572406,0.032126269122051326,0.01549216364541721,0.061894358274800096,0.10416904347269541,0.1571024472985892,0.07926861383021701,0.2215261975356451,0.10671206451795118,0.12513695265982377
C:\Users\damba\.cache\kagglehub\datasets\sunnykusawa\ecommerce-products-image-dataset\versions\1\ecommerce products\tshirt\108.jpg,tshirt,exito,0.3183098861837906,0.024661718454982825,0.014456910342286473,0.009797286367165156,0.053911714733029525,0.08485984958587821,0.04124311119055769,0.011406421563730187,0.05561701750433811,0.08223528884966448,0.11218942495863853,0.0754335029979384,0.08899532568393693,0.06851400924477766,0.057918704888739216,0.050884852963699365,0.07312589942859886,0.07114337341655391,0.04716203408641311,0.049470326211432554,0.13910843582826035,0.13174756634419574,0.04665938447367656,0.12479688310015905,0.0720938296698173
C:\Users\damba\.cache\kagglehub\datasets\sunnykusawa\ecommerce-products-image-dataset\versions\1\ecommerce products\tshirt\109.jpg,tshirt,exito,0.3183098861837905,0.023190816033910464,0.0195664276178117,0.035724371538388415,0.03389459973094607,0.04250326030214941,0.009117775038432155,0.05748997088449982,0.0421995811677556,0.03881049336952259,0.03765074624298374,0.09623634028145796,0.05190424695642599,0.07390954350887687,0.12113725960995253,0.09128354177343222,0.06461798907216007,0.03850100312907575,0.07765751182266828,0.11053455440950621,0.14648687049271755,0.08244481032773168,0.22397768425558343,0.12810821726819518,0.129012096664147
C:\Users\damba\.cache\kagglehub\datasets\sunnykusawa\ecommerce-products-image-dataset\versions\1\ecommerce products\tshirt\11.jpg,tshirt,exito,0.3183098861837906,0.02928335257319378,0.009492640594729733,0.0048498518455664325,0.06844916816016226,0.00859410942396739,0.015974089995116566,0.01952714247469986,0.010899906761105187,0.10350389273153554,0.03442041486804766,0.15791694112075466,0.024511462632059493,0.03804988736646249,0.02063079971464347,0.1403432536291801,0.0703215063498562,0.02482945495889001,0.13754993321654696,0.0969211814145859,0.05019792235270541,0.033109265064795515,0.02558716717696781,0.1343295494030687,0.06556054435113148
C:\Users\damba\.cache\kagglehub\datasets\sunnykusawa\ecommerce-products-image-dataset\versions\1\ecommerce products\tshirt\110.jpg,tshirt,exito,0.3183098861837905,0.04910068261178345,0.07433782514791701,0.08115346407544627,0.09672731151299599,0.02387296396850053,0.0886427812341601,0.09515754518313163,0.013901268240389883,0.12081952728703901,0.0620449359836816,0.007829926471215881,0.04575059868150384,0.03997609956888803,0.031949980905406766,0.009401259350981217,0.06204941993719286,0.08065065883379202,0.007613544684346272,0.006696326399273383,0.03994565062590116,0.07263505374050369,0.09066416340800391,0.11154197334399994,0.0954671141011218
C:\Users\damba\.cache\kagglehub\datasets\sunnykusawa\ecommerce-products-image-dataset\versions\1\ecommerce products\tshirt\111.jpg,tshirt,exito,0.3183098861837905,0.006844881995282815,0.017252825872628105,0.03682681338126163,0.010531894662803123,0.04359155417590068,0.001033471290497262,0.06363341076597612,0.043262975750982764,0.03768445644236232,0.04562450998619245,0.09572658384510918,0.06288760560298653,0.09011960257694886,0.09760979242641614,0.10109276213843,0.06905162525951727,0.0373055547239797,0.07400812146087148,0.11450158723059273,0.15251458079046706,0.10496862343353819,0.17974296131652862,0.14739156823016644,0.10715087884098083
C:\Users\damba\.cache\kagglehub\datasets\sunnykusawa\ecommerce-products-image-dataset\versions\1\ecommerce products\tshirt\112.jpg,tshirt,exito,0.3183098861837905,0.0017405962415251712,0.017046316102642328,0.03691293010706792,0.014965723470457515,0.04481731532397528,0.001250123044038194,0.0654539069274573,0.04478039662072364,0.04296326344587263,0.05358374737394507,0.0948580114799766,0.05904983227375492,0.095071649104945,0.0877130247189472,0.10407621758908642,0.06071983179112063,0.026147274225666848,0.06880624156843947,0.11345490733947794,0.14469780498276394,0.10837368036221466,0.1550469442650229,0.14796051611470742,0.09382675957646423
C:\Users\damba\.cache\kagglehub\datasets\sunnykusawa\ecommerce-products-image-dataset\versions\1\ecommerce products\tshirt\113.jpg,tshirt,exito,0.31830988618379047,0.015122037111039703,0.046807141675626635,0.040651018848990826,0.038150850776778676,0.051987738535025065,0.07909508694808756,0.019769627799817138,0.04518864661217484,0.07195671476828036,0.08392064848689429,0.07204474614390308,0.09462172230668225,0.12663776550456057,0.08895794581450733,0.075547799648488,0.10867115515031367,0.10233800850098318,0.09252434653597093,0.09470251594870359,0.050009892075017916,0.3060691615740938,0.13247969019527783,0.18797888606109905,0.11673077322183907
C:\Users\damba\.cache\kagglehub\datasets\sunnykusawa\ecommerce-products-image-dataset\versions\1\ecommerce products\tshirt\114.jpg,tshirt,exito,0.0,0.0,0.0,0.0,0.0,0.0,0.0,0.0,0.0,0.0,0.0,0.0,0.0,0.0,0.0,0.0,0.0,0.0,0.0,0.0,0.0,0.0,0.0,0.0,0.0
C:\Users\damba\.cache\kagglehub\datasets\sunnykusawa\ecommerce-products-image-dataset\versions\1\ecommerce products\tshirt\115.jpg,tshirt,exito,0.3183098861837906,0.04635887437120262,0.003405975283179377,0.0037901934415966814,0.10138459915606507,0.009049119347827839,0.01671153224926735,0.017732468577897988,0.011985208066120358,0.1522913273112275,0.03961138209917293,0.1595230174395865,0.06864162344284262,0.0501998691749364,0.05705336309124678,0.16853459100959842,0.14546227587501448,0.04634987992974794,0.1802715444847192,0.07436528685075895,0.12170441490351287,0.09670200676953096,0.11688560723788845,0.20189412936412787,0.08659398407333518
C:\Users\damba\.cache\kagglehub\datasets\sunnykusawa\ecommerce-products-image-dataset\versions\1\ecommerce products\tshirt\116.jpg,tshirt,exito,0.3183098861837905,0.04131727002028589,0.025076637499898267,0.03290284164709361,0.09092817837287301,0.04800221506133988,0.04770905939288993,0.05356498169445762,0.047670057436976276,0.1408382253506007,0.07888998056433814,0.10240110123719998,0.08241803536005123,0.10312863112767347,0.08423938669594773,0.13590178388989888,0.163378552099347,0.07024102343297656,0.13051868090477575,0.13825419635121927,0.1244099545022288,0.17900480976509323,0.12193712409293128,0.2350556351276509,0.03772640390671539
C:\Users\damba\.cache\kagglehub\datasets\sunnykusawa\ecommerce-products-image-dataset\versions\1\ecommerce products\tshirt\117.jpg,tshirt,exito,0.31830988618379047,0.04606586251248332,0.0378847624243986,0.04421563249153881,0.09297868264105104,0.059374457056369206,0.03505820697956436,0.039796594244651685,0.04380182020455278,0.12280957789666964,0.10520734051065338,0.07233367974087795,0.01418150382555154,0.044337432432149305,0.09720972141141046,0.07044593471777004,0.09467564237104663,0.12893480200341956,0.07672818517197885,0.09360117618448355,0.09703253927359935,0.15618222806716456,0.15591239802201617,0.18729314588742457,0.06938543990793662
C:\Users\damba\.cache\kagglehub\datasets\sunnykusawa\ecommerce-products-image-dataset\versions\1\ecommerce products\tshirt\118.jpg,tshirt,exito,0.3183098861837906,0.02392505243697011,0.014625577219728651,0.009103613649231254,0.05490849734874414,0.08452825821490564,0.04089775765692064,0.016450114262382694,0.05879212323027031,0.08859180154671294,0.11449522419358453,0.07891617500861575,0.08379872701797059,0.09161368043679761,0.07104799550520141,0.05521122384601598,0.09212153506329111,0.0821660893673409,0.0605708568227937,0.053718645457526165,0.12036662004749833,0.17798096968789964,0.05920029316855593,0.14034602245804947,0.06676948134765887
C:\Users\damba\.cache\kagglehub\datasets\sunnykusawa\ecommerce-products-image-dataset\versions\1\ecommerce products\tshirt\119.jpg,tshirt,exito,0.3183098861837906,0.2544047383431525,0.06311931387814754,0.018318721584243216,0.18603395350281268,0.11490456282942911,0.07043314559039825,0.0359856225685507,0.0895871696629354,0.10693411030637699,0.14549701804066495,0.1377613166100817,0.10809222724687931,0.16796711678447954,0.09873266196883179,0.1294565837353229,0.2426076424927688,0.15332674914286876,0.10634935941197123,0.18413374843765265,0.001176673993095379,0.21589137471727424,0.13641039991535042,0.17224960711684636,0.1415911870035785
C:\Users\damba\.cache\kagglehub\datasets\sunnykusawa\ecommerce-products-image-dataset\versions\1\ecommerce products\tshirt\12.jpg,tshirt,exito,0.0,0.0,0.0,0.0,0.0,0.0,0.0,0.0,0.0,0.0,0.0,0.0,0.0,0.0,0.0,0.0,0.0,0.0,0.0,0.0,0.0,0.0,0.0,0.0,0.0
C:\Users\damba\.cache\kagglehub\datasets\sunnykusawa\ecommerce-products-image-dataset\versions\1\ecommerce products\tshirt\120.jpg,tshirt,exito,0.3183098861837906,0.034971336333808875,0.01155976183463118,0.005814730018535743,0.07846748301797694,0.08368549407971451,0.022291888065110833,0.046892710923593435,0.0707988864259247,0.13329801481601586,0.12997451902398402,0.09164879504304085,0.020111021309861286,0.18965347605168897,0.12945908173179038,0.07284828546451691,0.18764014609555998,0.15989141362153292,0.11790611592737942,0.070268615889478,0.03675538710947096,0.3781436559930569,0.18256416334306685,0.20767829451259173,0.045814687783145014
C:\Users\damba\.cache\kagglehub\datasets\sunnykusawa\ecommerce-products-image-dataset\versions\1\ecommerce products\tshirt\121.jpg,tshirt,exito,0.31830988618379047,0.01808318545474745,0.031206971958886994,0.002284341082230165,0.03853328186091435,0.06658389066622736,0.0006027766784004561,0.008150589516084793,0.08055404814741336,0.057067108875403255,0.11282814234436633,0.11248595723494938,0.10884415922566783,0.02650045372355175,0.011113634393051226,0.022615365175188914,0.059690196799398715,0.14412578696190462,0.14417841304295403,0.1317866622834374,0.22862370512695376,0.057310286400144274,0.18715005933742584,0.05385101545589088,0.39419580428526957
C:\Users\damba\.cache\kagglehub\datasets\sunnykusawa\ecommerce-products-image-dataset\versions\1\ecommerce products\tshirt\122.jpg,tshirt,exito,0.3183098861837905,0.03984938410155119,0.024515187508108948,0.03458837980666108,0.08805131616152978,0.050571951704536176,0.04375996920531496,0.05924640891753091,0.05284975456678535,0.1302432720609746,0.0920404868252864,0.0953011618803069,0.06604041782845191,0.08181197650137591,0.08793287862584048,0.12137968928410446,0.10476283803389787,0.09784168310273128,0.0851623528168371,0.11300064679032217,0.07373711019053758,0.0853288344531059,0.12474002363086717,0.164218383365647,0.03383459449737792
C:\Users\damba\.cache\kagglehub\datasets\sunnykusawa\ecommerce-products-image-dataset\versions\1\ecommerce products\tshirt\123.jpg,tshirt,exito,0.0,0.0,0.0,0.0,0.0,0.0,0.0,0.0,0.0,0.0,0.0,0.0,0.0,0.0,0.0,0.0,0.0,0.0,0.0,0.0,0.0,0.0,0.0,0.0,0.0
C:\Users\damba\.cache\kagglehub\datasets\sunnykusawa\ecommerce-products-image-dataset\versions\1\ecommerce products\tshirt\124.jpg,tshirt,exito,0.3183098861837906,0.045558192786232854,0.0005779570602843981,0.06469600401216431,0.09710843114546583,0.06216963139528112,0.03792715537413835,0.0948909920935144,0.010883666556543657,0.14040519374721333,0.11964745184081291,0.04080747518412989,0.1293196397719852,0.10122541215041406,0.04410201081026389,0.09084032960741921,0.12245230405543873,0.15749178171924866,0.04754738953378759,0.1453261676368121,0.23831256501851739,0.08465837880307901,0.12306214309418982,0.18109870232180797,0.10550963197303795
C:\Users\damba\.cache\kagglehub\datasets\sunnykusawa\ecommerce-products-image-dataset\versions\1\ecommerce products\tshirt\125.jpg,tshirt,exito,0.0,0.0,0.0,0.0,0.0,0.0,0.0,0.0,0.0,0.0,0.0,0.0,0.0,0.0,0.0,0.0,0.0,0.0,0.0,0.0,0.0,0.0,0.0,0.0,0.0
C:\Users\damba\.cache\kagglehub\datasets\sunnykusawa\ecommerce-products-image-dataset\versions\1\ecommerce products\tshirt\126.jpg,tshirt,exito,0.3183098861837906,0.02745653465046216,0.013770499343846299,0.007431480040591124,0.06394969335819758,0.08402959661161785,0.03469743577724236,0.03247100773505293,0.06503014280527317,0.108643096748371,0.12141848322997237,0.08565818838167029,0.05950900871113495,0.14325005498949525,0.10046735651100479,0.06416145515640224,0.13737795814296083,0.11653245262258874,0.08905066817627667,0.06226410338588665,0.05556767923732631,0.27931887608225586,0.11541335054318867,0.17394871761113836,0.05559785953414809
C:\Users\damba\.cache\kagglehub\datasets\sunnykusawa\ecommerce-products-image-dataset\versions\1\ecommerce products\tshirt\127.jpg,tshirt,exito,0.3183098861837906,0.01041227782746228,0.016812090856415995,0.008407497876881928,0.005606051521034357,0.08593795432534955,0.05689936504114589,0.0006326506954371152,0.04063274010366211,0.01933872873008928,0.10121126389795414,0.06783956290771126,0.141450221370547,0.030913273757218918,0.008182892965268421,0.03364789087690973,0.03675508107961767,0.03169616770887299,0.023059139621986174,0.04052688423920135,0.24058101544465738,0.06346238271230008,0.08322106862715717,0.08414822161284534,0.08002075938757683
C:\Users\damba\.cache\kagglehub\datasets\sunnykusawa\ecommerce-products-image-dataset\versions\1\ecommerce products\tshirt\128.jpg,tshirt,exito,0.0,0.0,0.0,0.0,0.0,0.0,0.0,0.0,0.0,0.0,0.0,0.0,0.0,0.0,0.0,0.0,0.0,0.0,0.0,0.0,0.0,0.0,0.0,0.0,0.0
C:\Users\damba\.cache\kagglehub\datasets\sunnykusawa\ecommerce-products-image-dataset\versions\1\ecommerce products\tshirt\129.jpg,tshirt,exito,0.31830988618379047,0.006179255352514393,0.032567996601925116,0.0025949099182548028,0.017048872899531074,0.06640636706081252,0.006902528341584726,0.0028132720257946424,0.08617991481632052,0.024879234527528726,0.12058029965401354,0.12109821989145518,0.08755063927887864,0.019273219389346515,0.026564790264450938,0.034681627259601694,0.020223511949341494,0.15556828368931633,0.16049191540582017,0.12756572303403277,0.1927192202201912,0.05777719731035883,0.09536764420693533,0.053085840308119976,0.3739356067848967
C:\Users\damba\.cache\kagglehub\datasets\sunnykusawa\ecommerce-products-image-dataset\versions\1\ecommerce products\tshirt\13.jpg,tshirt,exito,0.3183098861837907,0.6160194131222758,0.8333273222154921,0.894128490383432,0.9967040059472206,1.1535938861454416,1.0222503603463675,1.1106814369239966,1.3953309722102896,0.9816387800541015,1.1795136894131328,1.6202154012571566,0.785222072491259,0.8848024268853224,1.2071915078901263,1.8290847188936923,0.537987412100763,0.7407998449644922,1.1974561807233923,2.0227399129686634,0.161730826131808,0.2544797775849108,0.5578746999309749,1.1538127501032103,2.201946902518305
C:\Users\damba\.cache\kagglehub\datasets\sunnykusawa\ecommerce-products-image-dataset\versions\1\ecommerce products\tshirt\130.jpg,tshirt,exito,0.3183098861837906,0.0399051624392689,0.009818875168679022,0.009362735168048667,0.08640275052834794,0.08362073543357809,0.014701836455463734,0.028454669704495113,0.0692066409644065,0.13287722548799574,0.1257216317420262,0.08689461750854065,0.007036655452949135,0.1347497626875764,0.11874837098874148,0.0691889409061981,0.15427427323778933,0.1365613041641064,0.10010359944140027,0.06427001401956056,0.02956005455641848,0.27688384033010655,0.15800010549111593,0.18352532371079136,0.06163161061754808
C:\Users\damba\.cache\kagglehub\datasets\sunnykusawa\ecommerce-products-image-dataset\versions\1\ecommerce products\tshirt\131.jpg,tshirt,exito,0.3183098861837906,0.03697712347291925,0.010879701451857713,0.007373912529408467,0.08170210553176487,0.08363017509392877,0.01928830868220037,0.04001480216006246,0.07026730031326789,0.133060773845036,0.12819434444887662,0.08992530496166196,0.014860201849752418,0.16911783171347863,0.12562358007910432,0.07155786546045895,0.17522395401061053,0.1505914543840798,0.1115073220192043,0.06808094520597027,0.03385403695854952,0.34063554408719043,0.17335512405988152,0.19872504355987036,0.05256950991737988
C:\Users\damba\.cache\kagglehub\datasets\sunnykusawa\ecommerce-products-image-dataset\versions\1\ecommerce products\tshirt\132.jpg,tshirt,exito,0.3183098861837906,0.036885653459400244,0.002791389274160402,0.06462637746067208,0.07994668955253456,0.05858756885215902,0.020365774396379717,0.09204982429063228,0.015105073553511992,0.11492776876307859,0.10766697451698547,0.041812095607643436,0.08124173420165627,0.09975066305857007,0.02850769074872905,0.09076242915040421,0.09454901190979123,0.12863430431867887,0.05015092772830586,0.14822628036015,0.1543152368811448,0.10934041628060867,0.08068620045061123,0.1870575958159092,0.11602913439845383
C:\Users\damba\.cache\kagglehub\datasets\sunnykusawa\ecommerce-products-image-dataset\versions\1\ecommerce products\tshirt\133.jpg,tshirt,exito,0.0,0.0,0.0,0.0,0.0,0.0,0.0,0.0,0.0,0.0,0.0,0.0,0.0,0.0,0.0,0.0,0.0,0.0,0.0,0.0,0.0,0.0,0.0,0.0,0.0
C:\Users\damba\.cache\kagglehub\datasets\sunnykusawa\ecommerce-products-image-dataset\versions\1\ecommerce products\tshirt\134.jpg,tshirt,exito,0.3183098861837906,0.02535801048308191,0.0038422163552747483,0.0852877826677045,0.053799446010400126,0.08206212715118306,0.054712973379689285,0.11856737827756553,0.11790744945536005,0.0706365841582076,0.1522703066811627,0.10298417647063629,0.1762596671361391,0.10928742973752971,0.09273461974455835,0.035515358305716775,0.0282473011066903,0.20732857462060816,0.1444120751212257,0.06677939298988729,0.33053709161257694,0.06098068224883912,0.027124647133334758,0.14965692277500414,0.09001240084916226
C:\Users\damba\.cache\kagglehub\datasets\sunnykusawa\ecommerce-products-image-dataset\versions\1\ecommerce products\tshirt\135.jpg,tshirt,exito,0.31830988618379047,0.0383850099609572,0.04094147568153109,0.04362409566895545,0.07848363034170307,0.059097289822123165,0.05079364250144172,0.038122187788253534,0.04102635317094652,0.10471439973945479,0.10001148512234057,0.070447888050944,0.028302868453697946,0.054820573169868506,0.08159249059011776,0.06678820029488053,0.07984131169550111,0.11014002145708629,0.06658634142363898,0.08947745659126316,0.023976479183358202,0.16709624931776712,0.11996710468553881,0.17164218502756065,0.07449963002366342
C:\Users\damba\.cache\kagglehub\datasets\sunnykusawa\ecommerce-products-image-dataset\versions\1\ecommerce products\tshirt\136.jpg,tshirt,exito,0.31830988618379064,0.010695761915598323,0.05123289079738702,0.030983782700226038,0.006945630480798996,0.000785685087852698,0.06306722863426253,0.047140912985797166,0.04650876921202386,0.025376353169696823,0.023676419119218587,0.08899813952056602,0.02296538690379282,0.05466465709204719,0.15948699174720404,0.1502532724636452,0.07036762325105426,0.1016631419047207,0.05716423103989176,0.1542489927979446,0.05746588792065622,0.05610666416411882,0.2753258245103867,0.19218860190666687,0.1083836642804474
C:\Users\damba\.cache\kagglehub\datasets\sunnykusawa\ecommerce-products-image-dataset\versions\1\ecommerce products\tshirt\137.jpg,tshirt,exito,0.31830988618379047,0.04391198003189855,0.03879803141371891,0.04407099205206963,0.08894101663176154,0.05933577041375098,0.039738799927196325,0.039494876832439275,0.04293647341935706,0.11761633748484712,0.10374818838745187,0.07174100075081352,0.001541399152319997,0.0472925997633824,0.09244805074620042,0.06927633162872748,0.08948586745432639,0.12339501371653033,0.07332169590048418,0.09230689398491801,0.07493732097536573,0.158677682271333,0.14473752610809734,0.1823321608659795,0.07062470324134257
C:\Users\damba\.cache\kagglehub\datasets\sunnykusawa\ecommerce-products-image-dataset\versions\1\ecommerce products\tshirt\138.jpg,tshirt,exito,0.3183098861837907,0.4383653704577729,0.31866859650643126,0.3185036273540248,0.10170285148563579,0.09289319985851885,0.056952868955373256,0.009451021605437357,0.05973448681952827,0.017384817846350816,0.0774455395461656,0.06526213970012988,0.004467467153313781,0.17725447302847844,0.17945452470073886,0.0019314482360960241,0.02660009083951703,0.29659686362978116,0.10211405655247176,0.003660414434851713,0.273294537192609,0.008914344428548037,0.15142601863840913,0.18840516201466356,0.14868510546550626
C:\Users\damba\.cache\kagglehub\datasets\sunnykusawa\ecommerce-products-image-dataset\versions\1\ecommerce products\tshirt\139.jpg,tshirt,exito,0.0,0.0,0.0,0.0,0.0,0.0,0.0,0.0,0.0,0.0,0.0,0.0,0.0,0.0,0.0,0.0,0.0,0.0,0.0,0.0,0.0,0.0,0.0,0.0,0.0
C:\Users\damba\.cache\kagglehub\datasets\sunnykusawa\ecommerce-products-image-dataset\versions\1\ecommerce products\tshirt\14.jpg,tshirt,exito,0.3183098861837907,0.018596254987362684,0.10773293704836881,0.0008148208268860054,0.0496852199930071,3.17355644577299e-05,0.15733156195545403,0.004984095735352578,0.09333048389596618,0.10122909612805403,0.016031109597219238,0.01635777767890113,0.15222154376100527,0.01568436813646733,0.22110025083502588,0.001672393262202229,0.16637758443958997,0.07135902332240131,0.07309131953076227,0.00013027248850624984,0.0963629152581864,0.03269481261207289,0.3433838860055023,0.011740969190594249,0.1989792335488808
C:\Users\damba\.cache\kagglehub\datasets\sunnykusawa\ecommerce-products-image-dataset\versions\1\ecommerce products\tshirt\140.jpg,tshirt,exito,0.3183098861837905,0.04803072295735353,0.027903286491553356,0.03377135943513302,0.10483284400760083,0.05188644089492028,0.061768410579741806,0.05605000622418201,0.05516165434085802,0.15617645654872597,0.10088318486931028,0.09598607912257842,0.11683088111775415,0.07256412173250436,0.10124838345781197,0.12481564028171736,0.1410810901644334,0.12516119817929683,0.09488757267152176,0.11291418796726853,0.166968185768589,0.06856705081423892,0.1599014274284045,0.16701051564774827,0.023713177318674162
C:\Users\damba\.cache\kagglehub\datasets\sunnykusawa\ecommerce-products-image-dataset\versions\1\ecommerce products\tshirt\141.jpg,tshirt,exito,0.31830988618379047,0.024476143770296235,0.04506164637268148,0.04184420308894459,0.052791764223394225,0.05640226108763641,0.07124916542569358,0.027257428265572477,0.041047317884886844,0.07791605478425455,0.09088322263380874,0.0703977424226773,0.07958856331118583,0.08692361812978146,0.07585289257371325,0.0681275055845594,0.08405978027414564,0.09415612365865349,0.0718981901146672,0.08964593549074724,0.04875908368809415,0.22862939163535884,0.10395539990864609,0.17111227803272272,0.09139457060704505
C:\Users\damba\.cache\kagglehub\datasets\sunnykusawa\ecommerce-products-image-dataset\versions\1\ecommerce products\tshirt\142.jpg,tshirt,exito,0.3183098861837906,0.015793455283792467,0.01614756059974279,0.009224375844808794,0.03534772255832498,0.08524449328402164,0.05081655327803241,0.009663009502441734,0.050364247799517314,0.059903065254851694,0.10762200627145167,0.07283884659660886,0.11728223455101262,0.05866561155219459,0.035945893653445346,0.044708387765529475,0.05873414468880829,0.053058698309076315,0.036892132232250095,0.0462659562243861,0.1897931249701494,0.11085242050724951,0.03576638445495208,0.11040841766603131,0.07382112713427567
C:\Users\damba\.cache\kagglehub\datasets\sunnykusawa\ecommerce-products-image-dataset\versions\1\ecommerce products\tshirt\143.jpg,tshirt,exito,0.0,0.0,0.0,0.0,0.0,0.0,0.0,0.0,0.0,0.0,0.0,0.0,0.0,0.0,0.0,0.0,0.0,0.0,0.0,0.0,0.0,0.0,0.0,0.0,0.0
C:\Users\damba\.cache\kagglehub\datasets\sunnykusawa\ecommerce-products-image-dataset\versions\1\ecommerce products\tshirt\144.jpg,tshirt,exito,0.3183098861837905,0.010287755267245893,0.01753078848769125,0.0367594236722112,0.030278731225818936,0.046065665066238805,0.004937856583684829,0.06606953546363464,0.04634253602346852,0.05729090258890799,0.061859531249454626,0.09441815487656686,0.04609691213237034,0.09737294326889455,0.07972444188726083,0.10776766038960604,0.05772731544564752,0.025759586595241857,0.06748723216563295,0.11298679156016625,0.12169289369121555,0.10962819937040985,0.13126478686547438,0.1507474367098977,0.08018442973430275
C:\Users\damba\.cache\kagglehub\datasets\sunnykusawa\ecommerce-products-image-dataset\versions\1\ecommerce products\tshirt\145.jpg,tshirt,exito,0.3183098861837905,0.005871360715830295,0.01719448869833065,0.036899318943357934,0.005407910520924123,0.04505868464679066,0.0006754216243947822,0.06579473662090364,0.0454300614285589,0.027193559463965237,0.054010602525220906,0.09333937225654292,0.06464654237943958,0.09401405847312407,0.09452437566435196,0.0979966476433087,0.04192978831693341,0.016913184718742588,0.05780922648047109,0.10807415294001711,0.16036948291391823,0.10239687881694515,0.16651623541559235,0.12993770862994708,0.09913324251281448
C:\Users\damba\.cache\kagglehub\datasets\sunnykusawa\ecommerce-products-image-dataset\versions\1\ecommerce products\tshirt\146.jpg,tshirt,exito,0.3183098861837906,0.009609893151174212,0.016887797662314526,0.008684120900419387,0.013927251194687153,0.08573440073084705,0.05637629288633397,0.00520537351158897,0.04354828555414823,0.03252361724143455,0.10286149885030728,0.06929126329869062,0.13737634093297055,0.04008083810874717,0.009808910416547661,0.03689036591722194,0.042863672473018345,0.03643057718575124,0.02635781928960602,0.042143086453856685,0.23028047275546068,0.07782367934364942,0.0666028750601254,0.0917548761112347,0.078004045975747
C:\Users\damba\.cache\kagglehub\datasets\sunnykusawa\ecommerce-products-image-dataset\versions\1\ecommerce products\tshirt\147.jpg,tshirt,exito,0.0,0.0,0.0,0.0,0.0,0.0,0.0,0.0,0.0,0.0,0.0,0.0,0.0,0.0,0.0,0.0,0.0,0.0,0.0,0.0,0.0,0.0,0.0,0.0,0.0
C:\Users\damba\.cache\kagglehub\datasets\sunnykusawa\ecommerce-products-image-dataset\versions\1\ecommerce products\tshirt\148.jpg,tshirt,exito,0.3183098861837905,0.010362813362638865,0.08519276195071643,0.07572285151492439,0.019680171769965102,0.004920603344383961,0.14209729241289026,0.06405502148074448,0.018242038676879894,0.021682758264495724,0.011976997086139553,0.0017932787942381212,0.17898298943340998,0.04817836135473606,0.012711864263207853,0.011506274438556455,0.0054360957086779125,0.010773086941661748,0.0008502518364953736,0.0015063136651237686,0.150684593264562,0.21678193508064056,0.042369429450837624,0.11293173581067568,0.09776124127203084
C:\Users\damba\.cache\kagglehub\datasets\sunnykusawa\ecommerce-products-image-dataset\versions\1\ecommerce products\tshirt\149.jpg,tshirt,exito,0.31830988618379064,0.006098122620567277,0.049218541060266414,0.05686838486469403,0.015480320693434912,0.07070780667608573,0.05541021674654398,0.1028354600235763,0.028385858441854372,0.042486300515520166,0.0999826928246746,0.0242067995496174,0.009474847329222292,0.1493646651297673,0.11309078611001555,0.02500304084291701,0.06745080621798781,0.08306094490426694,0.048970041000901264,0.011195020850358707,0.07504787436801835,0.1713655050185041,0.20293361662123832,0.010591387963639443,0.14619680248429087
C:\Users\damba\.cache\kagglehub\datasets\sunnykusawa\ecommerce-products-image-dataset\versions\1\ecommerce products\tshirt\15.jpg,tshirt,exito,0.3183098861837906,0.039428197610091885,0.0018770381461775457,0.06505816491621744,0.0856304804789052,0.059689845629498355,0.0250111281204408,0.09470004083518431,0.013804871542559624,0.12406039165600843,0.11125366952094026,0.04152843126756453,0.09329785052527831,0.10167990533427046,0.03500219195193488,0.0897256941018864,0.099649918329626,0.13656248609282937,0.045638840341006584,0.14468370074528275,0.17271675457572397,0.0922176633270412,0.09727454491281448,0.177392910553167,0.10826158277790499
C:\Users\damba\.cache\kagglehub\datasets\sunnykusawa\ecommerce-products-image-dataset\versions\1\ecommerce products\tshirt\150.jpg,tshirt,exito,0.3183098861837905,0.01594924598426448,0.01823076928694639,0.036321729959286626,0.01755739523369479,0.043944081296752466,0.0035730766632269136,0.06200727441360912,0.04417023404146155,0.014469648035850954,0.04632474883435344,0.09399586641407405,0.06359568616853369,0.08441572144289534,0.1105139467419268,0.09171838356489945,0.0408896135459423,0.020991481837497022,0.06140722116507866,0.10697708223279485,0.1655077967587385,0.09123689228117615,0.19928618213945334,0.120178048821833,0.11557752914450907
C:\Users\damba\.cache\kagglehub\datasets\sunnykusawa\ecommerce-products-image-dataset\versions\1\ecommerce products\tshirt\151.jpg,tshirt,exito,0.3183098861837906,0.013593590664475737,0.01645220487307754,0.008286098596178126,0.03838569624107934,0.08467152402885747,0.05015412197884723,0.018431839887569183,0.05645060391315773,0.07405336166396288,0.11192275243113999,0.07859087298896891,0.10790696133666615,0.09647651307902465,0.06044236663227292,0.05257231969312705,0.08868452924947895,0.07174639833615942,0.05764657244267673,0.05318611611947443,0.1576633236932876,0.18333405588816867,0.03383862000890045,0.1364449304353697,0.06468908126518942
C:\Users\damba\.cache\kagglehub\datasets\sunnykusawa\ecommerce-products-image-dataset\versions\1\ecommerce products\tshirt\152.jpg,tshirt,exito,0.3183098861837905,0.005707548179209195,0.08554530422705504,0.07557136983811362,0.010999567790201292,0.00270832076500131,0.14378361960133837,0.0631531683071896,0.018361576165013757,0.012124142522523931,0.006483700247271209,0.0009898334522620345,0.18295482514013703,0.050738547535933744,0.01221706617154601,0.011567420288914096,0.0016066103243146585,0.005787837807829593,0.00039972629001031984,0.0008310996904704503,0.15553216601403422,0.2206694307428661,0.04125302294323992,0.11297078844167859,0.09782734007277671
C:\Users\damba\.cache\kagglehub\datasets\sunnykusawa\ecommerce-products-image-dataset\versions\1\ecommerce products\tshirt\153.jpg,tshirt,exito,0.31830988618379047,0.012827811288132639,0.03197249414715985,0.002233170703162915,0.029694690518859767,0.06652484397255098,0.0033012663036660855,0.000827530524597848,0.08205905923803154,0.043481324402133904,0.11440386858194806,0.11487022086658652,0.09793107026253303,0.007165203993933551,0.0004049410414530108,0.024216372328483428,0.025311720017208356,0.1445767639038686,0.14795645040808006,0.13033149046006404,0.20665095068228811,0.026566243418233694,0.16285856506345486,0.033008951556332745,0.3882352150342804
C:\Users\damba\.cache\kagglehub\datasets\sunnykusawa\ecommerce-products-image-dataset\versions\1\ecommerce products\tshirt\154.jpg,tshirt,exito,0.3183098861837906,0.04113694728942145,0.0055590507318404704,0.00401226292553719,0.09115077575293733,0.008928682806260788,0.005251847577021835,0.017232424352452865,0.011634973385022692,0.13634522504908667,0.038154834928441385,0.1589964372388487,0.036058178079217455,0.04299123954718223,0.045758207959142934,0.15965144549970497,0.1189011911960501,0.0391375830788758,0.165585524827128,0.08151275134194676,0.06036091939868688,0.07219676940640553,0.0873910199048686,0.1799808403897598,0.08085242040610642
C:\Users\damba\.cache\kagglehub\datasets\sunnykusawa\ecommerce-products-image-dataset\versions\1\ecommerce products\tshirt\155.jpg,tshirt,exito,0.0,0.0,0.0,0.0,0.0,0.0,0.0,0.0,0.0,0.0,0.0,0.0,0.0,0.0,0.0,0.0,0.0,0.0,0.0,0.0,0.0,0.0,0.0,0.0,0.0
C:\Users\damba\.cache\kagglehub\datasets\sunnykusawa\ecommerce-products-image-dataset\versions\1\ecommerce products\tshirt\156.jpg,tshirt,exito,0.3183098861837906,0.033816731684791976,0.011934034013623182,0.00654308334303968,0.07609552974989026,0.08373720167495946,0.024517481271804045,0.04227013953431412,0.069483729975063,0.1278543961322297,0.12765230674578967,0.08999407479578986,0.028008797278455483,0.1751047966347509,0.1224694591853225,0.07071611138177117,0.17346987376520592,0.1479753074463501,0.11014572503727946,0.06805591219182126,0.01478305912033938,0.34800427264367856,0.16566664855567456,0.1983037893774995,0.04947261226417681
C:\Users\damba\.cache\kagglehub\datasets\sunnykusawa\ecommerce-products-image-dataset\versions\1\ecommerce products\tshirt\157.jpg,tshirt,exito,0.3183098861837905,0.027615629061029327,0.06829277613256729,0.06375636886529254,0.06367968607262423,0.08118537067938805,0.05910413863482108,0.08287568885811421,0.08355365514271203,0.09700616157317195,0.11369150506303471,0.07864801865688499,0.02802896495099279,0.06248641434236946,0.057113376073809556,0.14431073505453182,0.08008023424926856,0.13434095009143113,0.11122533044365,0.06692268496856565,0.1501628364357133,0.0063460483080264585,0.1086098793390375,0.15881463754533376,0.11497985936913631
C:\Users\damba\.cache\kagglehub\datasets\sunnykusawa\ecommerce-products-image-dataset\versions\1\ecommerce products\tshirt\158.jpg,tshirt,exito,0.3183098861837905,0.012980970174904566,0.017826102964070008,0.037300474721684074,0.029204123288598748,0.047456561154285835,0.004666535792661354,0.07064908714716087,0.048985062290607825,0.050324185512354236,0.06875631187820291,0.08984388621722283,0.0521130050235746,0.10540179015993874,0.08798863214757709,0.09619341506237278,0.04081793258219657,0.03526128863975462,0.03706947518418874,0.09957061754279953,0.13922842487162215,0.11323335565728616,0.14533639386349864,0.11200889959029983,0.08528082964469229
C:\Users\damba\.cache\kagglehub\datasets\sunnykusawa\ecommerce-products-image-dataset\versions\1\ecommerce products\tshirt\159.jpg,tshirt,exito,0.3183098861837906,0.022576360821780946,0.014921119718777664,0.008777711715059115,0.05307847993498311,0.0844834786600295,0.04213305935949828,0.018603805517464517,0.0591639926633173,0.08821295736510197,0.11475159796200936,0.0796849918111096,0.08600498674305555,0.09855830697971271,0.07272288165691433,0.05583181459144903,0.09639903774232199,0.08374915515241717,0.06331606464103762,0.05464564022955295,0.1209352011338003,0.19067177217517065,0.06064708162180197,0.14356936028334585,0.0650702168780726
C:\Users\damba\.cache\kagglehub\datasets\sunnykusawa\ecommerce-products-image-dataset\versions\1\ecommerce products\tshirt\16.jpg,tshirt,exito,0.3183098861837905,0.023124672618987523,0.01955199138106747,0.035860106236389785,0.05515104092375897,0.047437342779474354,0.017082233089436027,0.06327827493627103,0.047897394173140546,0.08709097561733332,0.07181335030378523,0.09580278224197075,0.00867440104025105,0.09487385311391365,0.07443979761881134,0.11649102705916155,0.07534312642311287,0.04455838904875424,0.0801914307480746,0.11727399275571625,0.05442298645352652,0.11226139062350773,0.10598418350905868,0.16849076763364143,0.06011264065040093
C:\Users\damba\.cache\kagglehub\datasets\sunnykusawa\ecommerce-products-image-dataset\versions\1\ecommerce products\tshirt\160.jpg,tshirt,exito,0.0,0.0,0.0,0.0,0.0,0.0,0.0,0.0,0.0,0.0,0.0,0.0,0.0,0.0,0.0,0.0,0.0,0.0,0.0,0.0,0.0,0.0,0.0,0.0,0.0
C:\Users\damba\.cache\kagglehub\datasets\sunnykusawa\ecommerce-products-image-dataset\versions\1\ecommerce products\tshirt\161.jpg,tshirt,exito,0.31830988618379047,0.011683855570284622,0.03210463076625538,0.0023281869583797543,0.027560550199839037,0.06650606754691758,0.0040607835809561765,0.002025638628855133,0.08278903801744919,0.04035701543132524,0.11548933724845702,0.11594277483330781,0.095764503036431,0.010774693642107817,0.005101570673436904,0.026112962058228845,0.02173251862345913,0.14632425826163742,0.14987536388785608,0.12994234731075383,0.20336995802683122,0.033494644066208286,0.1512134969377063,0.03788722246032684,0.3857086644645858
C:\Users\damba\.cache\kagglehub\datasets\sunnykusawa\ecommerce-products-image-dataset\versions\1\ecommerce products\tshirt\162.jpg,tshirt,exito,0.31830988618379075,0.1635426881312327,0.08669855803109926,0.09352031692521717,0.028778945642431362,0.08167652425853679,0.02795103220396058,0.10282890374822076,0.08612576267440238,0.044864383886521024,0.10011699950050418,0.06674573390055166,0.1567274311895452,0.036373423107297076,0.09126865688982512,0.05369988757226438,0.02769293770618066,0.030346592626989567,0.025137011923700343,0.03854658026396618,0.2113942875137647,0.06819512468070234,0.14342846883594307,0.016316048393891804,0.05968104604943775
C:\Users\damba\.cache\kagglehub\datasets\sunnykusawa\ecommerce-products-image-dataset\versions\1\ecommerce products\tshirt\163.jpg,tshirt,exito,0.31830988618379047,0.00359861964291724,0.03268690494159242,0.0026361014192182023,0.00682443096911266,0.06629521355505917,0.00817770550203249,0.004532754539516625,0.0896724879741179,0.009748461973303894,0.12611466561381673,0.12666144803064852,0.08357653089765202,0.02992882199557054,0.049593801607331164,0.04371397619118932,0.04665988500241196,0.16800127034871104,0.17438756687257992,0.12425630073909535,0.1927893756474397,0.08949086935081005,0.03457239378906309,0.06707133313305814,0.36197417706447704
C:\Users\damba\.cache\kagglehub\datasets\sunnykusawa\ecommerce-products-image-dataset\versions\1\ecommerce products\tshirt\164.jpg,tshirt,exito,0.3183098861837906,0.020639780225836228,0.0030901668804052796,0.03184549990902221,0.04542724694479603,0.0711204763140584,0.05117774219417747,0.04585297020966437,0.09435439111118486,0.0648884207140794,0.1345744597026501,0.16865527030339672,0.16606119131570485,0.058894733726389724,0.08597096542216498,0.060598686476445486,0.05331478826803665,0.18315204049108602,0.22354270493870596,0.0405119230933389,0.30329124128440615,0.10380063751885868,0.10746832962294117,0.1383421444395346,0.27931228645689976
C:\Users\damba\.cache\kagglehub\datasets\sunnykusawa\ecommerce-products-image-dataset\versions\1\ecommerce products\tshirt\165.jpg,tshirt,exito,0.0,0.0,0.0,0.0,0.0,0.0,0.0,0.0,0.0,0.0,0.0,0.0,0.0,0.0,0.0,0.0,0.0,0.0,0.0,0.0,0.0,0.0,0.0,0.0,0.0
C:\Users\damba\.cache\kagglehub\datasets\sunnykusawa\ecommerce-products-image-dataset\versions\1\ecommerce products\tshirt\166.jpg,tshirt,exito,0.0,0.0,0.0,0.0,0.0,0.0,0.0,0.0,0.0,0.0,0.0,0.0,0.0,0.0,0.0,0.0,0.0,0.0,0.0,0.0,0.0,0.0,0.0,0.0,0.0
C:\Users\damba\.cache\kagglehub\datasets\sunnykusawa\ecommerce-products-image-dataset\versions\1\ecommerce products\tshirt\167.jpg,tshirt,exito,0.3183098861837905,0.01374564192553142,0.0179224104594552,0.0365251032651187,0.03753747492688213,0.04612255631292886,0.007662207894423206,0.06511253762748276,0.046208028476596115,0.06712928173905772,0.06293342249505558,0.09543338906328072,0.03663300851303304,0.09733769866504849,0.07680804233720274,0.11161184661692412,0.06904539276286102,0.02963835152716656,0.07502207126272464,0.11633306474676985,0.10258372435075462,0.11386777474497785,0.12350768340304195,0.16172299778839327,0.07537999935963068
C:\Users\damba\.cache\kagglehub\datasets\sunnykusawa\ecommerce-products-image-dataset\versions\1\ecommerce products\tshirt\168.jpg,tshirt,exito,0.3183098861837906,0.014863806362839876,0.01249246258879003,0.006266591337739613,0.041120724244558475,0.008085181652300768,0.03336942221471162,0.026758873516314983,0.00996213116302887,0.06900155641145445,0.02906608357027312,0.1565164446403048,0.07609051826548914,0.05539029945043425,0.01129191295883897,0.11553665422080794,0.041246471405167726,0.008672912942842448,0.11165390112045845,0.11952827003615048,0.13855999943171707,0.058669052129092944,0.04621312638499105,0.09808362322919559,0.043433338569807786
C:\Users\damba\.cache\kagglehub\datasets\sunnykusawa\ecommerce-products-image-dataset\versions\1\ecommerce products\tshirt\169.jpg,tshirt,exito,0.0,0.0,0.0,0.0,0.0,0.0,0.0,0.0,0.0,0.0,0.0,0.0,0.0,0.0,0.0,0.0,0.0,0.0,0.0,0.0,0.0,0.0,0.0,0.0,0.0
C:\Users\damba\.cache\kagglehub\datasets\sunnykusawa\ecommerce-products-image-dataset\versions\1\ecommerce products\tshirt\17.jpg,tshirt,exito,0.0,0.0,0.0,0.0,0.0,0.0,0.0,0.0,0.0,0.0,0.0,0.0,0.0,0.0,0.0,0.0,0.0,0.0,0.0,0.0,0.0,0.0,0.0,0.0,0.0
C:\Users\damba\.cache\kagglehub\datasets\sunnykusawa\ecommerce-products-image-dataset\versions\1\ecommerce products\tshirt\170.jpg,tshirt,exito,0.3183098861837905,0.004928011710804484,0.017146480871638267,0.03687272564230542,0.003997282639837568,0.04463000314220402,0.0005501218873836483,0.0651145475117477,0.04476647993585979,0.029756926348122287,0.05160201992927217,0.09412980630464456,0.06447806639141783,0.09279631183703212,0.09469154127689358,0.09933147045021513,0.05028480190356904,0.022510573031936976,0.06309823425456201,0.11028368544321314,0.15848804497745209,0.10291808240953507,0.16884278229475794,0.1360693686516072,0.10080857477093462
C:\Users\damba\.cache\kagglehub\datasets\sunnykusawa\ecommerce-products-image-dataset\versions\1\ecommerce products\tshirt\171.jpg,tshirt,exito,0.31830988618379086,0.13688665048322163,0.02165231502560914,0.09535223244311418,0.08487826183707212,0.10062927085310334,0.019495613491352013,0.10981728085601808,0.09628785744980742,0.033228872800437737,0.09467103212331746,0.11039931657650541,0.1441852006319059,0.0558771950723899,0.046959392835927115,0.041035384523414146,0.03994691783164888,0.10085909967012965,0.06595199884464922,0.04920569375795174,0.15245828139147077,0.14254381696768745,0.06256468428584705,0.16172351617842556,0.04474498724048917
C:\Users\damba\.cache\kagglehub\datasets\sunnykusawa\ecommerce-products-image-dataset\versions\1\ecommerce products\tshirt\172.jpg,tshirt,exito,0.3183098861837906,0.022451977191517092,0.01494751281112231,0.007526006289979258,0.02805910049634376,0.0865367840353404,0.05059302904931475,0.006455825712269917,0.03268152889422155,0.010561677766155467,0.09846499248989608,0.06372974467469351,0.13395981921153147,0.012841265386813908,0.04107804563914288,0.025168027832748234,0.019653932000853126,0.028963544680786706,0.01688067931492575,0.03613584834719101,0.24009128498464558,0.02889523848727093,0.13359523042467872,0.06356283735189593,0.08645554417509305
C:\Users\damba\.cache\kagglehub\datasets\sunnykusawa\ecommerce-products-image-dataset\versions\1\ecommerce products\tshirt\173.jpg,tshirt,exito,0.31830988618379064,0.3444797719842694,0.15174005964638382,0.12066575794796383,0.023488884594755063,0.09556116183025234,0.08856951648121517,0.05891078658997212,0.0862512113775467,0.2010436411457119,0.23148647401089237,0.11638579822802986,0.17907835630613794,0.24532597919755264,0.28905642061135134,0.1280938233241791,0.11222470783245553,0.28433996575012466,0.15632667584952709,0.11457467907490076,0.07916016743618423,0.26628953814098344,0.30792124649462443,0.06599662845564908,0.23000289418674846
C:\Users\damba\.cache\kagglehub\datasets\sunnykusawa\ecommerce-products-image-dataset\versions\1\ecommerce products\tshirt\174.jpg,tshirt,exito,0.3183098861837906,0.02534462092077429,0.01429598483880462,0.007712302921941596,0.05987296722794111,0.08414124866937804,0.037703028839784006,0.02920755818831708,0.06346413216098296,0.10231634529690455,0.11945457104936821,0.0841850874156236,0.06903057664899669,0.13264826962347928,0.09292858110711909,0.06193094792701167,0.12627447022071908,0.10684733992744483,0.0822480249727712,0.060339487558684346,0.07678972040745423,0.2573065226855366,0.0992343771283267,0.16601135214113028,0.05769875244603159
C:\Users\damba\.cache\kagglehub\datasets\sunnykusawa\ecommerce-products-image-dataset\versions\1\ecommerce products\tshirt\175.jpg,tshirt,exito,0.31830988618379064,0.4399970631415751,0.43375881181476955,0.24964218693723367,0.2158834641992214,0.10848494217284975,0.12445403434987583,0.1691796589623452,0.33145118221313175,0.03897215304299058,0.36411409643622195,0.2476417174060818,0.15192838601216102,0.2631170821477106,0.3409104881822364,0.25191733846022424,0.34764871107111306,0.39918026865842476,0.21379826623656248,0.5138282085140459,0.08168987638081374,0.632500880923167,0.2608143669584585,0.45745733580613,0.43812654515861776
C:\Users\damba\.cache\kagglehub\datasets\sunnykusawa\ecommerce-products-image-dataset\versions\1\ecommerce products\tshirt\176.jpg,tshirt,exito,0.3183098861837906,0.04404006615378415,6.302917210362731e-05,0.06320473800226191,0.09146047904055428,0.06117700460886529,0.03476316561231095,0.08739205929326216,0.01285350306420642,0.1280773727318917,0.1168102300831115,0.04077590178019726,0.1220950166817753,0.09312194064923995,0.0329859567390462,0.09400574297441806,0.118361572773254,0.15147027128012372,0.05772587576918128,0.15461077357312653,0.2327500451592648,0.12005686789690848,0.09640446580352785,0.20732332363630837,0.12297448501903084
C:\Users\damba\.cache\kagglehub\datasets\sunnykusawa\ecommerce-products-image-dataset\versions\1\ecommerce products\tshirt\177.jpg,tshirt,exito,0.3183098861837906,0.032332824200404224,0.012396601272735798,0.010113653998668872,0.07010140132037132,0.08434186090679271,0.029601415704787394,0.013805578566333585,0.061473855792420685,0.10459848126710442,0.11745353176262843,0.0793402026840795,0.0542416134502916,0.08511758373655819,0.0827214712419558,0.05821770408031621,0.09810342933464415,0.0943323745759921,0.06473450151982278,0.054440548244653095,0.07362398201688038,0.17033217955989827,0.0843529682582143,0.14481039822795108,0.06937617720352324
C:\Users\damba\.cache\kagglehub\datasets\sunnykusawa\ecommerce-products-image-dataset\versions\1\ecommerce products\tshirt\178.jpg,tshirt,exito,0.3183098861837906,0.04392415926761791,0.008231225243152855,0.010040515884372386,0.09408672162732153,0.08343318801280329,0.006592422659440472,0.02781658756466213,0.07095784006843767,0.14271160193040197,0.1275574609595979,0.08770400453553653,0.014754781792525254,0.13389305606226215,0.12660519760467073,0.07140050731761917,0.1645414076024315,0.1455708005952076,0.1061449960790108,0.06550318371044787,0.06733014206396894,0.2807650832318096,0.1767461135750662,0.18877247541179076,0.06354433395081868
C:\Users\damba\.cache\kagglehub\datasets\sunnykusawa\ecommerce-products-image-dataset\versions\1\ecommerce products\tshirt\179.jpg,tshirt,exito,0.3183098861837905,0.003466930532324477,0.017088680159321842,0.03692768723620038,0.019899494798929995,0.04389956362380305,0.0019202418660280505,0.06456950362360273,0.04333679599500404,0.053484908848906366,0.048796807230027515,0.09661728230529917,0.05534647993623343,0.0952503304198563,0.08771518505665757,0.10759678747530672,0.08309631129839214,0.04006227556665046,0.08100745834229374,0.11897090485893827,0.13244246931882264,0.11636285195386668,0.16105472837151552,0.16398021291412282,0.09734453481530358
C:\Users\damba\.cache\kagglehub\datasets\sunnykusawa\ecommerce-products-image-dataset\versions\1\ecommerce products\tshirt\18.jpg,tshirt,exito,0.3183098861837905,0.04376746491067249,0.07667180566376329,0.08001005524996932,0.0859704395158872,0.021175223946909016,0.10014781747846041,0.08852069863526862,0.014816813649967708,0.10484056925578046,0.05407097422805693,0.007104938932204011,0.07493085443511703,0.020488603296062998,0.027695414313182808,0.009828590724817027,0.04264453319181165,0.06607354009834746,0.0059936694062836995,0.006050024861070219,0.005210944491289169,0.10662453463293087,0.07927174333339636,0.11197262914841963,0.09593781023771848
C:\Users\damba\.cache\kagglehub\datasets\sunnykusawa\ecommerce-products-image-dataset\versions\1\ecommerce products\tshirt\180.jpg,tshirt,exito,0.3183098861837905,0.02692231048679999,0.009454927644447652,0.08907967216852285,0.08335430788375446,0.11135902288554121,0.05993218815413377,0.042877473623302804,0.10403102928005296,0.16278589998511314,0.04619302316841343,0.11480936904017272,0.06860563953371486,0.09328193247297979,0.08501113690521597,0.11445915387883063,0.15333364228493837,0.0510294753655197,0.07441463646640681,0.18241303490426466,0.08278946031492358,0.15150535082547753,0.15236638340486228,0.22121797173047494,0.021243244755000137
C:\Users\damba\.cache\kagglehub\datasets\sunnykusawa\ecommerce-products-image-dataset\versions\1\ecommerce products\tshirt\181.jpg,tshirt,exito,0.3183098861837905,0.014788425391467947,0.01806262690373922,0.037185207434417965,0.0360714219852939,0.04780769168478319,0.00693243179839627,0.07016097072505714,0.04929312191060341,0.060436072927577425,0.07157458036308216,0.09052903397965241,0.04319523748783356,0.10440409773473609,0.08237509979331285,0.10057781974009741,0.04448897445509115,0.04093623245103818,0.043021608863520876,0.10172806950989309,0.12186708964608255,0.11132024953999435,0.13062384482847503,0.12113597741092978,0.077588845949508
C:\Users\damba\.cache\kagglehub\datasets\sunnykusawa\ecommerce-products-image-dataset\versions\1\ecommerce products\tshirt\182.jpg,tshirt,exito,0.3183098861837906,0.024959700720850485,0.004018442159561371,0.03196975787086702,0.05471296797274619,0.07123004537197694,0.056215926662852786,0.046937133436689496,0.09390741030137295,0.08206548927993287,0.1335003883664962,0.1663220075058758,0.1802731178827688,0.059245951588097784,0.08989379490560875,0.06664957039050173,0.07874418024584015,0.18137187835534602,0.22283800685722846,0.03736090470943423,0.32792204250949625,0.09467598725884536,0.15011722828492863,0.14760034889351978,0.2818259198787823
C:\Users\damba\.cache\kagglehub\datasets\sunnykusawa\ecommerce-products-image-dataset\versions\1\ecommerce products\tshirt\183.jpg,tshirt,exito,0.3183098861837905,0.024048693796703543,0.08297345400751235,0.07683336207270217,0.046594588986033865,0.011475028819994376,0.1312183265878584,0.0703831604916724,0.017362518979308458,0.052942665844133596,0.02800920603241194,0.004095196528528753,0.15246269199885615,0.03078318213869789,0.016501570876849756,0.011061847346210118,0.006839545545131752,0.027785614869905967,0.002064213747768286,0.00345066677213432,0.1161552828072947,0.1904957779733333,0.05112986279227912,0.11276921632734482,0.09728017242379829
C:\Users\damba\.cache\kagglehub\datasets\sunnykusawa\ecommerce-products-image-dataset\versions\1\ecommerce products\tshirt\184.jpg,tshirt,exito,0.31830988618379064,0.2945919538743524,0.34555109594288713,0.07837664397139167,0.08398114473788885,0.09418566934065355,0.06163380605988919,0.19561195099359704,0.20727352053983839,0.060969842187651765,0.10785103134186194,0.12138370460504838,0.08619522793247551,0.1330521344740954,0.277259466537196,0.16282812487182366,0.10884087418931618,0.14807741797759327,0.19176357577340902,0.17053793407427031,0.10623367154851132,0.1362089511657286,0.3533709330921399,0.17381685097381885,0.32502473407859744
C:\Users\damba\.cache\kagglehub\datasets\sunnykusawa\ecommerce-products-image-dataset\versions\1\ecommerce products\tshirt\185.jpg,tshirt,exito,0.0,0.0,0.0,0.0,0.0,0.0,0.0,0.0,0.0,0.0,0.0,0.0,0.0,0.0,0.0,0.0,0.0,0.0,0.0,0.0,0.0,0.0,0.0,0.0,0.0
C:\Users\damba\.cache\kagglehub\datasets\sunnykusawa\ecommerce-products-image-dataset\versions\1\ecommerce products\tshirt\186.jpg,tshirt,exito,0.3183098861837906,0.009353742224154188,0.01691068834051165,0.008636062649156522,0.011993678339158514,0.08576393160161574,0.05661717860296563,0.004577766976426539,0.043098194306515694,0.03034480084502071,0.10257224146439281,0.06908387488985489,0.13838204020908823,0.038738450929381565,0.008183128934009907,0.03638742388017396,0.04197971276931453,0.035523912625801436,0.02586239101424122,0.041910015421041474,0.23241333479617668,0.07579058368594772,0.06894009267739255,0.09061462185969794,0.07827129761138917
C:\Users\damba\.cache\kagglehub\datasets\sunnykusawa\ecommerce-products-image-dataset\versions\1\ecommerce products\tshirt\187.jpg,tshirt,exito,0.3183098861837905,0.023972373824853354,0.019740129849880685,0.0355683721312659,0.03269124027830844,0.04366502572420819,0.00924342025513656,0.0584804029256245,0.04399925666348918,0.022013399282491332,0.04410944408755709,0.0940852828250916,0.05428571130068438,0.0760207108280552,0.12273732400591657,0.08618036749759801,0.03333137734817686,0.016372039672661966,0.062379640425006114,0.10441857579796454,0.15716312924995118,0.07944482357332484,0.22120110261923764,0.10760482223472995,0.12511445138596206
C:\Users\damba\.cache\kagglehub\datasets\sunnykusawa\ecommerce-products-image-dataset\versions\1\ecommerce products\tshirt\188.jpg,tshirt,exito,0.31830988618379075,0.07018796553764482,0.04554005557623402,0.06339028307617481,0.03619775693301537,0.12432576698395734,0.01232298574228182,0.06550168744583124,0.06445443379500539,0.019236990410202666,0.06655210034795299,0.06382234709393471,0.05868053370787884,0.14749252598766066,0.10006377470704728,0.08876043623204201,0.07804954315186653,0.08428253430940139,0.05018349206544294,0.042821565916221785,0.23051255002174015,0.13004206274230928,0.06454294427600059,0.1196007123926564,0.084296807119649
C:\Users\damba\.cache\kagglehub\datasets\sunnykusawa\ecommerce-products-image-dataset\versions\1\ecommerce products\tshirt\189.jpg,tshirt,exito,0.3183098861837905,0.033327826788009864,0.022266297060896317,0.034304446223832996,0.07589502624253257,0.04675261589849666,0.032811866932419186,0.05837114682034965,0.04593474264644843,0.12175340699590327,0.07076988037172066,0.10127962506163239,0.04083508702283646,0.10662220144694143,0.0757187459908357,0.1311419841393357,0.1461100629981412,0.05117555703779679,0.11949237969608299,0.13582038395586857,0.05067957816378938,0.16969466563199684,0.10789985623224521,0.22467836661104923,0.05218030686068056
C:\Users\damba\.cache\kagglehub\datasets\sunnykusawa\ecommerce-products-image-dataset\versions\1\ecommerce products\tshirt\19.jpg,tshirt,exito,0.31830988618379047,0.049054396505196475,0.03654517100825626,0.043864756266807976,0.0980766118911265,0.058686596035479835,0.02807708509659544,0.03602956445523816,0.04613712046330608,0.12915556077693469,0.1064237328969855,0.07435394580641583,0.03397922338231737,0.047948087536107825,0.10938826454477193,0.07431915052731672,0.10761227471552869,0.13929872274201238,0.08961289920558924,0.09795083472841602,0.13642511789179476,0.17590320059680856,0.18473324300426378,0.20371708107330225,0.07082752045635231
C:\Users\damba\.cache\kagglehub\datasets\sunnykusawa\ecommerce-products-image-dataset\versions\1\ecommerce products\tshirt\190.jpg,tshirt,exito,0.3183098861837905,0.010592931325056823,0.08517003742905786,0.07573691953750385,0.02017519312969247,0.005030183070497186,0.14198175055443898,0.06413067302557567,0.018230888672263322,0.02225344809451804,0.01221525153717687,0.0018327299415769726,0.17869085728748463,0.047980663433682846,0.012760741291107233,0.011500589913520569,0.005153188558145273,0.011013172201503107,0.000850790073640149,0.0015395105986197835,0.15029588555063472,0.21650572932022707,0.04248003048311849,0.1129323626424008,0.09775510618991057
C:\Users\damba\.cache\kagglehub\datasets\sunnykusawa\ecommerce-products-image-dataset\versions\1\ecommerce products\tshirt\191.jpg,tshirt,exito,0.31830988618379064,0.012301243623716162,0.04975638248531402,0.05648630331274015,0.012552548078457635,0.06744563063607568,0.05615912357120364,0.09675486048774896,0.03315381444111932,0.013517835888061599,0.08870140378366138,0.02686858910694766,0.005146023884918669,0.13207921330350927,0.1313547397936873,0.02238275780483063,0.03565932380375555,0.06138547148941546,0.03300525288080283,0.01375069937983302,0.09369976248858733,0.14177299846051353,0.228137173217544,0.013602547735546948,0.14784509412903374
C:\Users\damba\.cache\kagglehub\datasets\sunnykusawa\ecommerce-products-image-dataset\versions\1\ecommerce products\tshirt\192.jpg,tshirt,exito,0.3183098861837906,0.026032152507799045,0.014129528394449224,0.007189295300926852,0.06158753675700844,0.0840586927095829,0.036473436309557454,0.033287455794016964,0.06474102730615842,0.10668680081811982,0.12116103634130877,0.08570215568412569,0.06394603150652502,0.14535922783658828,0.09928098573410356,0.06385627011374499,0.1371281521448703,0.11543832072435632,0.08874725284855631,0.06228622005970327,0.06185502877674226,0.2820441715293579,0.11259491882594647,0.1738321740834651,0.0547002850086206
C:\Users\damba\.cache\kagglehub\datasets\sunnykusawa\ecommerce-products-image-dataset\versions\1\ecommerce products\tshirt\193.jpg,tshirt,exito,0.3183098861837906,0.014853151195149112,0.01628335812265676,0.009171981695254353,0.03308807082510618,0.08529804604982817,0.05167822266072865,0.009314896045659115,0.04964183207304213,0.05707335177074568,0.10706451886181635,0.07244908619044414,0.12008132496422284,0.05682816965958124,0.033011722233522375,0.04386361839017996,0.05685573397841052,0.05095781659821079,0.03556013830894812,0.045800882882902155,0.19514574990295774,0.10730438512215881,0.03768690921190827,0.10835857729927055,0.074225231401634
C:\Users\damba\.cache\kagglehub\datasets\sunnykusawa\ecommerce-products-image-dataset\versions\1\ecommerce products\tshirt\194.jpg,tshirt,exito,0.31830988618379064,0.019816708716620862,0.05089386529756638,0.05647045918546834,0.035428080028585544,0.06597816837773877,0.06156447857375288,0.09529647507974445,0.03603751246667229,0.059770438483556586,0.08632271867659742,0.028231090615480552,0.019411010061210758,0.13118884420537202,0.14231319112294039,0.021531303334639335,0.1012090291570873,0.08414173990582523,0.03732746177769051,0.015435802045950296,0.06401877731618826,0.152545220674588,0.25158382860325246,0.017307924538371076,0.14853281486662642
C:\Users\damba\.cache\kagglehub\datasets\sunnykusawa\ecommerce-products-image-dataset\versions\1\ecommerce products\tshirt\195.jpg,tshirt,exito,0.31830988618379047,0.006456436281319525,0.03255149205920514,0.0026765307595749553,0.016008453123540923,0.06637513701241933,0.007031995172705166,0.004077692256541299,0.08723071065590299,0.023322492033159673,0.12231937194030311,0.1227022009804625,0.08704547850812813,0.02389482850864361,0.0335212137984617,0.037665793769598166,0.032568352957340806,0.15948044029129352,0.16431087932128743,0.12686937402202303,0.19417115370156918,0.0682154544229686,0.07753628428568192,0.06247134296271947,0.37043961995954905
C:\Users\damba\.cache\kagglehub\datasets\sunnykusawa\ecommerce-products-image-dataset\versions\1\ecommerce products\tshirt\196.jpg,tshirt,exito,0.3183098861837906,0.03359016986171385,0.0038858506616433496,0.0637349710869931,0.07251038600934631,0.056737062601698356,0.015237888603989879,0.08813099451143719,0.01799163472946509,0.10713802124965925,0.1032285212756959,0.04218816400723855,0.07075270278115067,0.1099425217903682,0.01574351074423455,0.09377808981775025,0.12588774399977903,0.12467871553649756,0.06201910763118425,0.15735785154018234,0.1516318368634098,0.17341925280023995,0.047900132257143305,0.21407598573986514,0.13511827598503984
C:\Users\damba\.cache\kagglehub\datasets\sunnykusawa\ecommerce-products-image-dataset\versions\1\ecommerce products\tshirt\197.jpg,tshirt,exito,0.3183098861837905,0.03424329085401566,0.02255780040144312,0.034553412857623526,0.07665644924456075,0.04876959071399949,0.033612821589856456,0.05836671501687222,0.049646358025315605,0.11494956787783403,0.08117220836314674,0.09741858661556356,0.03886708513249824,0.0876529725784593,0.07989211729111337,0.12374701388046944,0.09904748903514148,0.06909447868489545,0.09505294985812787,0.12117148330587672,0.029750867046697816,0.11196156878352395,0.10816328465821524,0.18385390194026568,0.04182043795385132
C:\Users\damba\.cache\kagglehub\datasets\sunnykusawa\ecommerce-products-image-dataset\versions\1\ecommerce products\tshirt\198.jpg,tshirt,exito,0.3183098861837906,0.015546257244206161,0.01618406802144593,0.009155905100454378,0.02984180226455653,0.08561867966192814,0.052391477900947454,0.009882941883983986,0.04603140862710419,0.048261032440010135,0.10499791574017786,0.06994898508102405,0.1256826810660741,0.04575129832645596,0.022431046762175583,0.039623293343320876,0.04619084277660046,0.043829504319840694,0.027812213979015316,0.0428917069104785,0.21008218168680917,0.08374953501964447,0.05959609251137376,0.09681999899132043,0.07759652591374083
C:\Users\damba\.cache\kagglehub\datasets\sunnykusawa\ecommerce-products-image-dataset\versions\1\ecommerce products\tshirt\199.jpg,tshirt,exito,0.3183098861837905,0.037151846995633536,0.02353635986042125,0.03488191121869696,0.08262160774604192,0.05017253067511188,0.03851399409942046,0.06043040694953768,0.05220003317935093,0.12236818917819874,0.08932751007190043,0.09502024657071692,0.05122584922900702,0.08480880037425319,0.08450249551015049,0.12002403438993933,0.09538346340973995,0.08967461196235778,0.08183918066330557,0.112724453118762,0.04716345785424473,0.08979275861983461,0.11660420984993845,0.16240411043249295,0.03787393960826284
C:\Users\damba\.cache\kagglehub\datasets\sunnykusawa\ecommerce-products-image-dataset\versions\1\ecommerce products\tshirt\2.jpg,tshirt,exito,0.0,0.0,0.0,0.0,0.0,0.0,0.0,0.0,0.0,0.0,0.0,0.0,0.0,0.0,0.0,0.0,0.0,0.0,0.0,0.0,0.0,0.0,0.0,0.0,0.0
C:\Users\damba\.cache\kagglehub\datasets\sunnykusawa\ecommerce-products-image-dataset\versions\1\ecommerce products\tshirt\20.jpg,tshirt,exito,0.3183098861837905,0.01204068076873393,0.017715231792634113,0.0372389543660215,0.024350622080447148,0.04704149411306047,0.003487684847968269,0.07001017378262567,0.04846014849602085,0.04243040778392567,0.06588767509557525,0.0899921898722557,0.05695734588958801,0.10378313278046977,0.091611425359521,0.09439081497370544,0.03610846359622098,0.029030353963822267,0.037095655675509924,0.0996146083535459,0.1489930964184372,0.11140384409872968,0.1543176668207765,0.10973242571508304,0.090068240033908
C:\Users\damba\.cache\kagglehub\datasets\sunnykusawa\ecommerce-products-image-dataset\versions\1\ecommerce products\tshirt\21.jpg,tshirt,exito,0.3183098861837905,0.031163321019475138,0.06731010350326304,0.06437700398889766,0.061883104286612894,0.0713208070389269,0.06174184672221659,0.07649311796380802,0.06858733100791319,0.10314917963177174,0.07019611786678535,0.09533043388999243,0.0003948564564361296,0.05817489239526576,0.0481428339056929,0.13103268841521096,0.09711118819288829,0.06501049992681239,0.12973866954301727,0.11053523498915313,0.07100515739316599,0.003817072367627326,0.11069243464262055,0.12658688841905796,0.09338106166250174
C:\Users\damba\.cache\kagglehub\datasets\sunnykusawa\ecommerce-products-image-dataset\versions\1\ecommerce products\tshirt\22.jpg,tshirt,exito,0.31830988618379047,0.014764773933470254,0.04685745800671463,0.040689989569124764,0.037868744552139635,0.05143738218911222,0.07933572370336874,0.019750562853701553,0.04565644426759946,0.07277535737597335,0.08304421623364551,0.07193065699262208,0.09502533248489482,0.1288717146376089,0.08985113511821245,0.07622797486522576,0.11094256693123143,0.10269100465471719,0.0939585019930401,0.09477468640416574,0.049283399383573984,0.31041798277365074,0.13448786814371136,0.1881213830333088,0.12031450513415183
C:\Users\damba\.cache\kagglehub\datasets\sunnykusawa\ecommerce-products-image-dataset\versions\1\ecommerce products\tshirt\23.jpg,tshirt,exito,0.3183098861837906,0.008792155149569865,0.016958709947116384,0.008543585233765093,0.029186313089438,0.08494367972595937,0.053649467835142926,0.013278270917747767,0.05303235485719576,0.06173794250275052,0.10892287388689259,0.07593492261463523,0.120390895858204,0.07917160212567749,0.04511832707332654,0.048210198287253515,0.0738067089824831,0.058700303191600356,0.04743913688332029,0.04992730318908058,0.185491485330046,0.15042524943349392,0.008261708511578935,0.12326587854669478,0.0684354183534026
C:\Users\damba\.cache\kagglehub\datasets\sunnykusawa\ecommerce-products-image-dataset\versions\1\ecommerce products\tshirt\24.jpg,tshirt,exito,0.3183098861837905,0.044588002548157354,0.026400692366716223,0.03231596946662086,0.09711514311704506,0.048738245229304665,0.054567524006479955,0.050846438612397946,0.048901046821664636,0.14819689570145683,0.08329459955427433,0.10245302108537523,0.10085821309729197,0.09659338270490195,0.08981527588361306,0.13682579747318643,0.16576511705120142,0.08208865819558932,0.13268765300303964,0.13730487702677688,0.15481880548494312,0.17230347887338895,0.134813071119237,0.23369993914269543,0.030072456810680683
C:\Users\damba\.cache\kagglehub\datasets\sunnykusawa\ecommerce-products-image-dataset\versions\1\ecommerce products\tshirt\25.jpg,tshirt,exito,0.3183098861837907,0.4958180913864354,0.29785725878132574,0.5562477418005789,0.03972683800516136,0.5416300210356828,0.3250516274877583,0.14294127386244848,0.4930490976404624,0.405879149807286,0.17077203566274246,0.44147372600186796,0.25219694212140353,0.30761491736050056,0.06938710106192718,0.4057567176134704,0.0629914521142883,0.2319411421923373,0.1189251058636154,0.3942673071182975,0.27547797369017535,0.15253679693876346,0.2609235665243505,0.29652257174720537,0.4071592710810433
C:\Users\damba\.cache\kagglehub\datasets\sunnykusawa\ecommerce-products-image-dataset\versions\1\ecommerce products\tshirt\26.jpg,tshirt,exito,0.3183098861837905,0.03617539861914258,0.02319895153739595,0.03460153815192668,0.08048900694424665,0.04953372405760481,0.036874378589208966,0.05878120041294987,0.05100759325987366,0.11940434373340407,0.08563834052820274,0.09635556785026295,0.04724632507905176,0.08439541435363085,0.08268230013902232,0.1222867473987867,0.09589861179906405,0.0802973751982826,0.0894583998395573,0.117201873206825,0.041797975197948034,0.09818333059148357,0.11300590114477554,0.17389766311969954,0.03841369209996269
C:\Users\damba\.cache\kagglehub\datasets\sunnykusawa\ecommerce-products-image-dataset\versions\1\ecommerce products\tshirt\27.jpg,tshirt,exito,0.3183098861837906,0.044686533003033234,0.00020726782851340913,0.06332328277803297,0.09293726600420031,0.06149893744465179,0.036124825197870324,0.08806144131380617,0.012328030847972623,0.13032381754818373,0.11772971943379879,0.04073210126372442,0.1255223679866775,0.09237240300660063,0.035331631251033085,0.09370793879803187,0.11757262555896032,0.15333996285733698,0.05672139553851485,0.15353240577646207,0.23738901597750037,0.1109338290408573,0.10231322228651628,0.20435894777070218,0.12059922763614354
C:\Users\damba\.cache\kagglehub\datasets\sunnykusawa\ecommerce-products-image-dataset\versions\1\ecommerce products\tshirt\28.jpg,tshirt,exito,0.3183098861837906,0.05073913022206766,0.0014017297922863617,0.0018268201240522414,0.11021206359157217,0.009017342237389632,0.027570579274328513,0.008857082477516175,0.012382397066951933,0.1652427771076761,0.0396180501234301,0.16024122574424887,0.09924716963601148,0.030047069065598897,0.06855972240422428,0.17776691581535028,0.15932116444030753,0.04830657629707208,0.19544070694489774,0.056537875043526704,0.1747946089133909,0.07776508634878515,0.14637795501840398,0.21108467598781422,0.08889199452716758
C:\Users\damba\.cache\kagglehub\datasets\sunnykusawa\ecommerce-products-image-dataset\versions\1\ecommerce products\tshirt\29.jpg,tshirt,exito,0.3183098861837905,0.019309884029447756,0.018789155213243352,0.037481693984170256,0.045326322504190414,0.04890409914920401,0.01073877830769231,0.07301673278412436,0.05106887615844795,0.07377284851907358,0.07837065305284596,0.08859673814396919,0.03259470645780162,0.11177339427066624,0.08282977993558398,0.09847620944729055,0.06290454748280896,0.059337660245615625,0.032290952356127174,0.09665930652534116,0.10260282754635688,0.12313276353174743,0.12903859609992704,0.11017361247730123,0.07441415810290948
C:\Users\damba\.cache\kagglehub\datasets\sunnykusawa\ecommerce-products-image-dataset\versions\1\ecommerce products\tshirt\3.jpg,tshirt,exito,0.3183098861837905,0.02025242233053879,0.018964875434208692,0.03666707050419732,0.04880901481736939,0.04824479172572531,0.012996391650187802,0.0677326653181989,0.04959806703626603,0.07707842664022471,0.07539596964562961,0.09223222743424768,0.023064765056978295,0.09967421292680642,0.07697598364859269,0.10787272979662334,0.05350890210385879,0.050166719644885484,0.056451998116936165,0.10649869513144039,0.08483798735005815,0.10579031657092801,0.1123080438237696,0.13804884509190554,0.06552908333072452
C:\Users\damba\.cache\kagglehub\datasets\sunnykusawa\ecommerce-products-image-dataset\versions\1\ecommerce products\tshirt\30.jpg,tshirt,exito,0.3183098861837905,0.02563063184292706,0.08260310917021105,0.07699948256397728,0.04959443264974761,0.01223876500248363,0.12943135404150385,0.07136719977124249,0.017232110133630033,0.05655429033779944,0.030010130589468068,0.004354032737377417,0.1481641780997724,0.02808001925419838,0.017087760737184658,0.010996390126396404,0.008890081307620448,0.030147600412575512,0.002258087082162056,0.0036705406080312225,0.11051599497219239,0.1860834654401249,0.05249588423577647,0.1127251122353685,0.0972088175984657
C:\Users\damba\.cache\kagglehub\datasets\sunnykusawa\ecommerce-products-image-dataset\versions\1\ecommerce products\tshirt\31.jpg,tshirt,exito,0.3183098861837905,0.013179318721301271,0.017850554868492727,0.03665625906763075,0.035706718188052364,0.04650435506190776,0.006936039167244042,0.06601968799717968,0.04691315442803559,0.06299834338422512,0.06476253295271789,0.0943150498662507,0.039847607954418544,0.09748380705566967,0.07783980818081172,0.10899147807128827,0.05760915055576608,0.02921539904958736,0.06753570867835978,0.11278791533439747,0.11096124687016769,0.1092641683399803,0.12405758603701818,0.15159551332831936,0.07558759421765861
C:\Users\damba\.cache\kagglehub\datasets\sunnykusawa\ecommerce-products-image-dataset\versions\1\ecommerce products\tshirt\32.jpg,tshirt,exito,0.0,0.0,0.0,0.0,0.0,0.0,0.0,0.0,0.0,0.0,0.0,0.0,0.0,0.0,0.0,0.0,0.0,0.0,0.0,0.0,0.0,0.0,0.0,0.0,0.0
C:\Users\damba\.cache\kagglehub\datasets\sunnykusawa\ecommerce-products-image-dataset\versions\1\ecommerce products\tshirt\33.jpg,tshirt,exito,0.3183098861837906,0.03920260508416999,0.010080779116677744,0.009336039093367648,0.08501988227721888,0.08366186977879625,0.016095929950934864,0.02785577387246664,0.06875927724505648,0.13081486026514408,0.12519282077709476,0.0865268446147839,0.011055681732456987,0.13272673231253873,0.11662717880882968,0.06856129519560637,0.1509188147257502,0.1338422437561296,0.0981165987453209,0.06376677082602493,0.021611468902163526,0.27196387353438317,0.15312404133225868,0.1814539672579886,0.06176335067202595
C:\Users\damba\.cache\kagglehub\datasets\sunnykusawa\ecommerce-products-image-dataset\versions\1\ecommerce products\tshirt\34.jpg,tshirt,exito,0.3183098861837906,0.04596640019146114,0.0007540167032721729,0.06423303797945372,0.09708963424979315,0.0622682997055967,0.0388679424817205,0.09273995598880716,0.010830476501919855,0.13886826885010767,0.11995144203373315,0.04072730389839596,0.1321289816013932,0.09694862810954452,0.042944876566927616,0.0917963382033419,0.1204873280366465,0.15816486462131138,0.05061130655072495,0.147742973663887,0.2444141958667546,0.08479793984644456,0.12083439287630036,0.18809927743461233,0.10946099878838703
C:\Users\damba\.cache\kagglehub\datasets\sunnykusawa\ecommerce-products-image-dataset\versions\1\ecommerce products\tshirt\35.jpg,tshirt,exito,0.31830988618379047,0.018225982433333482,0.03118253897850651,0.0030060731241989547,0.037122418964291116,0.0665208769098487,0.0001315621867663644,0.012376862009794506,0.08384447044426552,0.055390366223265264,0.11854978860380401,0.11700132898956261,0.10715687787086749,0.042542504908542826,0.015661643432551643,0.032972220465765555,0.07389487875256247,0.15568897062299025,0.15233154474177768,0.13141229728151618,0.23223293134361359,0.09110347134040804,0.1353857778092183,0.0926220319179949,0.38377191891535967
C:\Users\damba\.cache\kagglehub\datasets\sunnykusawa\ecommerce-products-image-dataset\versions\1\ecommerce products\tshirt\36.jpg,tshirt,exito,0.0,0.0,0.0,0.0,0.0,0.0,0.0,0.0,0.0,0.0,0.0,0.0,0.0,0.0,0.0,0.0,0.0,0.0,0.0,0.0,0.0,0.0,0.0,0.0,0.0
C:\Users\damba\.cache\kagglehub\datasets\sunnykusawa\ecommerce-products-image-dataset\versions\1\ecommerce products\tshirt\37.jpg,tshirt,exito,0.3183098861837906,0.016533944257707323,0.016034755041598722,0.0092928874801075,0.036172740928408983,0.08528305578518562,0.05040252356040626,0.009789415608164698,0.05005302556923135,0.0599293843478025,0.10751893747429883,0.07248025532982967,0.11670120726633207,0.056778282518059366,0.035145540593058404,0.04431011849921467,0.05717231531837197,0.05266494511126262,0.03570496959884493,0.04584644698604492,0.1898162642135398,0.1067628563930996,0.03887603574179001,0.10897860534763483,0.07440834086745111
C:\Users\damba\.cache\kagglehub\datasets\sunnykusawa\ecommerce-products-image-dataset\versions\1\ecommerce products\tshirt\38.jpg,tshirt,exito,0.31830988618379047,0.02114875924998311,0.0457770416650043,0.040614433859427534,0.047004841371099344,0.05325357753893166,0.07378584354102827,0.01976215579498396,0.04493521175448459,0.0764742730319969,0.08746554299224331,0.07322849290327159,0.08069340756133364,0.12199597178059786,0.09250409175221054,0.07541203009156633,0.1069886336897222,0.10866722055755836,0.09400651528664032,0.09652978967812322,0.028926402655470036,0.3013514756814542,0.14151580134031316,0.19487759811541444,0.10733350179311182
C:\Users\damba\.cache\kagglehub\datasets\sunnykusawa\ecommerce-products-image-dataset\versions\1\ecommerce products\tshirt\39.jpg,tshirt,exito,0.31830988618379047,0.03726890740281315,0.03377096752531762,0.09085606039285685,0.07424606126105905,0.06461550465283798,0.014272309951852935,0.12181870635514049,0.07111155899323503,0.09264869982909998,0.12090484380173654,0.06351097395866845,0.06978120204185422,0.11021595096300568,0.049845238734416895,0.08008122723827521,0.06580407469500796,0.1639330066551602,0.10271741624844452,0.09222586565980737,0.19531971420408759,0.11201835865308235,0.030370856103101244,0.1751319494089553,0.04869886351284842
C:\Users\damba\.cache\kagglehub\datasets\sunnykusawa\ecommerce-products-image-dataset\versions\1\ecommerce products\tshirt\4.jpg,tshirt,exito,0.3183098861837906,0.0045112979566495695,0.01722708136154158,0.008701897327366091,0.01803080411424974,0.08530850697296001,0.05635192759873019,0.0075935668190023784,0.048567572495372954,0.046560437094275896,0.10564722776972964,0.07270747603376765,0.1319176935218615,0.05908215855782196,0.025802314439503374,0.04274715946165997,0.05777424244192475,0.04565133311974722,0.036308539583334784,0.04607734026417031,0.21271250816528645,0.11329581479107702,0.030309327319589238,0.10768693988178239,0.07301781319130093
C:\Users\damba\.cache\kagglehub\datasets\sunnykusawa\ecommerce-products-image-dataset\versions\1\ecommerce products\tshirt\40.jpg,tshirt,exito,0.3183098861837906,0.024542562133538177,0.003921134606958617,0.03142464588463211,0.051997491932433866,0.07031905991352927,0.05532480169346971,0.04166358535490254,0.09649267878054017,0.07558972117391144,0.13471586125676363,0.16431560017413804,0.17756331753045132,0.04799322415413491,0.08855483997572901,0.06926862461023937,0.08016550067548533,0.1852807746805382,0.21666676062879672,0.04110151569694388,0.32719435556102056,0.08986996672948741,0.11958227585177875,0.16612916524975793,0.2804067988548403
C:\Users\damba\.cache\kagglehub\datasets\sunnykusawa\ecommerce-products-image-dataset\versions\1\ecommerce products\tshirt\41.jpg,tshirt,exito,0.3183098861837905,0.011701829651702933,0.01767731979307181,0.03669873846868207,0.00965313899691071,0.04496311538954617,0.0017286348554649588,0.06500104532725826,0.04554615877059971,0.012859193039466775,0.05268694915884588,0.09261947911651515,0.06592723235612508,0.09156210878351316,0.1029115300143682,0.09280137817621915,0.03077635783480861,0.010992797580912605,0.052349504223773796,0.1047873366696479,0.1676750105061293,0.0980636509106822,0.1821132726574031,0.11702183822167192,0.10619496361093642
C:\Users\damba\.cache\kagglehub\datasets\sunnykusawa\ecommerce-products-image-dataset\versions\1\ecommerce products\tshirt\42.jpg,tshirt,exito,0.3183098861837906,0.046717420908887516,0.0010820341769884462,0.06193767737773621,0.09471000489642298,0.06174259495407157,0.040736629318069685,0.08277783074773017,0.013770126217026949,0.1319644848328065,0.11997208746798133,0.04026091340195161,0.14009587299966306,0.09578168017074265,0.031849358219825825,0.09670827587512308,0.1451597436807627,0.16130637251358743,0.06524623765458826,0.161678983942639,0.27560764732394194,0.16178701183391334,0.09305241174129728,0.22905173712807192,0.13492627316229808
C:\Users\damba\.cache\kagglehub\datasets\sunnykusawa\ecommerce-products-image-dataset\versions\1\ecommerce products\tshirt\43.jpg,tshirt,exito,0.0,0.0,0.0,0.0,0.0,0.0,0.0,0.0,0.0,0.0,0.0,0.0,0.0,0.0,0.0,0.0,0.0,0.0,0.0,0.0,0.0,0.0,0.0,0.0,0.0
C:\Users\damba\.cache\kagglehub\datasets\sunnykusawa\ecommerce-products-image-dataset\versions\1\ecommerce products\tshirt\44.jpg,tshirt,exito,0.0,0.0,0.0,0.0,0.0,0.0,0.0,0.0,0.0,0.0,0.0,0.0,0.0,0.0,0.0,0.0,0.0,0.0,0.0,0.0,0.0,0.0,0.0,0.0,0.0
C:\Users\damba\.cache\kagglehub\datasets\sunnykusawa\ecommerce-products-image-dataset\versions\1\ecommerce products\tshirt\45.jpg,tshirt,exito,0.3183098861837905,0.03659312273331018,0.023342194808060594,0.033827787380947036,0.08150966249997997,0.04799621072501407,0.03824066501907762,0.055963438955511834,0.04800644536710108,0.12508045679327934,0.07771504504879635,0.10027623414564889,0.05418852065456302,0.09561284622590023,0.08017009963062043,0.13017324803949115,0.13155767192057094,0.06390187038205573,0.11432846257403582,0.13106300388300182,0.06610858597010343,0.14782685316274238,0.11127879476164307,0.21239264721794837,0.041527786575826044
C:\Users\damba\.cache\kagglehub\datasets\sunnykusawa\ecommerce-products-image-dataset\versions\1\ecommerce products\tshirt\46.jpg,tshirt,exito,0.0,0.0,0.0,0.0,0.0,0.0,0.0,0.0,0.0,0.0,0.0,0.0,0.0,0.0,0.0,0.0,0.0,0.0,0.0,0.0,0.0,0.0,0.0,0.0,0.0
C:\Users\damba\.cache\kagglehub\datasets\sunnykusawa\ecommerce-products-image-dataset\versions\1\ecommerce products\tshirt\47.jpg,tshirt,exito,0.0,0.0,0.0,0.0,0.0,0.0,0.0,0.0,0.0,0.0,0.0,0.0,0.0,0.0,0.0,0.0,0.0,0.0,0.0,0.0,0.0,0.0,0.0,0.0,0.0
C:\Users\damba\.cache\kagglehub\datasets\sunnykusawa\ecommerce-products-image-dataset\versions\1\ecommerce products\tshirt\48.jpg,tshirt,exito,0.31830988618379064,0.00799383884521152,0.049344429515890686,0.05672731056199877,0.00916962852273498,0.06919159382603073,0.05512104177516252,0.10013326523326865,0.030577780805361325,0.027570432014765035,0.09453494801330112,0.02539332271295406,0.005682725073467222,0.14135032242833023,0.1215320637020371,0.023810366003652005,0.04996071338180752,0.07134357076666872,0.04173253544678331,0.012374385781977894,0.0871874513093872,0.1567699507992026,0.21416425538112951,0.012101088789850516,0.14692841468229426
C:\Users\damba\.cache\kagglehub\datasets\sunnykusawa\ecommerce-products-image-dataset\versions\1\ecommerce products\tshirt\49.jpg,tshirt,exito,0.0,0.0,0.0,0.0,0.0,0.0,0.0,0.0,0.0,0.0,0.0,0.0,0.0,0.0,0.0,0.0,0.0,0.0,0.0,0.0,0.0,0.0,0.0,0.0,0.0
C:\Users\damba\.cache\kagglehub\datasets\sunnykusawa\ecommerce-products-image-dataset\versions\1\ecommerce products\tshirt\5.jpg,tshirt,exito,0.3183098861837906,0.019666971022877667,0.015500283251274293,0.008124444307818396,0.049163887070020146,0.08442266675552812,0.04461567886516908,0.022843328257284495,0.0597253259360843,0.08731033313340565,0.11523171838657541,0.081021229062023,0.09064525905842827,0.11150072385931128,0.0754269770848407,0.05682944920702803,0.10405865855898595,0.08670697052492639,0.06801707296174624,0.05625957523269987,0.12263992971525657,0.21369832635731317,0.06339510467834067,0.14921674639448934,0.06177240953500909
C:\Users\damba\.cache\kagglehub\datasets\sunnykusawa\ecommerce-products-image-dataset\versions\1\ecommerce products\tshirt\50.jpg,tshirt,exito,0.3183098861837906,0.020280542556273495,0.003020894190337904,0.032326956948918004,0.04648654998253798,0.07214391985595274,0.051085691936666566,0.051045209201801035,0.09149279071929589,0.0684897144608677,0.13385478507889373,0.17172683302894823,0.16593384801838146,0.07218596206175691,0.0851262020644178,0.05548595307694176,0.046057294862248604,0.1802404664412982,0.23073467112004706,0.03828859967843804,0.29984232596624494,0.12029612180387443,0.12490083711140344,0.11268214752911479,0.2803035863300039
C:\Users\damba\.cache\kagglehub\datasets\sunnykusawa\ecommerce-products-image-dataset\versions\1\ecommerce products\tshirt\51.jpg,tshirt,exito,0.31830988618379064,0.010285918841265946,0.04954187233220508,0.056926386554345745,0.023058244588263745,0.06983316216122326,0.056766642881390134,0.10220226281794385,0.030083698502908054,0.05337996063824037,0.09783805287484343,0.02486064840249319,0.012605311627204388,0.14887199513814367,0.11956132852972877,0.02445956619934508,0.09046571421617029,0.0884482244566086,0.048162033070612474,0.01222970795694639,0.06818349476173842,0.17588615760770965,0.21560614208189174,0.012669083336559429,0.1465160913446216
C:\Users\damba\.cache\kagglehub\datasets\sunnykusawa\ecommerce-products-image-dataset\versions\1\ecommerce products\tshirt\52.jpg,tshirt,exito,0.0,0.0,0.0,0.0,0.0,0.0,0.0,0.0,0.0,0.0,0.0,0.0,0.0,0.0,0.0,0.0,0.0,0.0,0.0,0.0,0.0,0.0,0.0,0.0,0.0
C:\Users\damba\.cache\kagglehub\datasets\sunnykusawa\ecommerce-products-image-dataset\versions\1\ecommerce products\tshirt\53.jpg,tshirt,exito,0.3183098861837906,0.016281092116394953,0.016073855392740408,0.00805277703230684,0.016542733502254367,0.08623826122664979,0.05464050470868407,0.0036936049668007905,0.03673833029810677,0.007736752353863743,0.09968161673647108,0.06572365713679394,0.13984964016554466,0.02007840452015307,0.024365575297399508,0.029419348400202192,0.028062376546791445,0.02906826618563601,0.019116233657765276,0.03822752702796635,0.2437644351361743,0.044178473040249515,0.10814884766759668,0.07376534271112284,0.0832526683766809
C:\Users\damba\.cache\kagglehub\datasets\sunnykusawa\ecommerce-products-image-dataset\versions\1\ecommerce products\tshirt\54.jpg,tshirt,exito,0.0,0.0,0.0,0.0,0.0,0.0,0.0,0.0,0.0,0.0,0.0,0.0,0.0,0.0,0.0,0.0,0.0,0.0,0.0,0.0,0.0,0.0,0.0,0.0,0.0
C:\Users\damba\.cache\kagglehub\datasets\sunnykusawa\ecommerce-products-image-dataset\versions\1\ecommerce products\tshirt\55.jpg,tshirt,exito,0.3183098861837905,0.009649682314288548,0.017470839644327187,0.036737965481064117,0.0296840086948924,0.045741796828310095,0.004709245342598365,0.06566096050413238,0.04582502606827235,0.05799199825726755,0.06006769284475606,0.09499737152054623,0.04632375648416927,0.09718636404061758,0.07978957388532212,0.10870534110461752,0.06372110732920838,0.0262836932497091,0.0711992180555184,0.11476567540464437,0.12063524753694449,0.11171549405377006,0.13326626775379763,0.15547265249936304,0.08151061694234635
C:\Users\damba\.cache\kagglehub\datasets\sunnykusawa\ecommerce-products-image-dataset\versions\1\ecommerce products\tshirt\56.jpg,tshirt,exito,0.3183098861837907,0.017666865269579262,0.1075741174236992,0.0007354110145512155,0.04719327442160474,2.7211234242195726e-05,0.15635970844438335,0.0044979541234689245,0.0933324852958096,0.0960758477874695,0.015812256331790724,0.015540327554306956,0.14884468066052847,0.017020796181408306,0.22080698172676874,0.00150940936137284,0.1577869016144967,0.07084609814072865,0.06940377279539975,0.00011170046704762173,0.0877915270372548,0.04960720934304263,0.34133848519646354,0.010593786618941833,0.19896444543188807
C:\Users\damba\.cache\kagglehub\datasets\sunnykusawa\ecommerce-products-image-dataset\versions\1\ecommerce products\tshirt\57.jpg,tshirt,exito,0.3183098861837905,0.015045529566108756,0.018098772974118646,0.03724477265157413,0.03626768823513832,0.047908754027627884,0.006989178938692717,0.07062485368193888,0.049489576592242505,0.06065699914916598,0.07209968896373205,0.09016450822286019,0.04338049055554638,0.10548986427505566,0.08305189866211782,0.09969072194594429,0.045736236694245556,0.04245655693529735,0.04064917909834119,0.10072783489536372,0.12240135544217345,0.11285206386045873,0.13211369426232408,0.11834145982396009,0.07815178608261085
C:\Users\damba\.cache\kagglehub\datasets\sunnykusawa\ecommerce-products-image-dataset\versions\1\ecommerce products\tshirt\58.jpg,tshirt,exito,0.3183098861837905,0.030746666741646212,0.02148693143386903,0.036618677330824204,0.0703366409691466,0.05041659825129053,0.026821336064299088,0.06959727517289786,0.05303361415277731,0.10742062217209765,0.08951191085524463,0.09045857027070765,0.016593322393346346,0.1041839667298631,0.08041322621847845,0.1089277761088819,0.08662242734430145,0.08812459222211684,0.05055884858996656,0.10064273083427683,0.014547771716664153,0.11286387249139124,0.11076673158151137,0.12856082512599903,0.052966388102278196
C:\Users\damba\.cache\kagglehub\datasets\sunnykusawa\ecommerce-products-image-dataset\versions\1\ecommerce products\tshirt\59.jpg,tshirt,exito,0.31830988618379047,0.020718732985416863,0.030725062796924243,0.0024142791702587776,0.043030930393522314,0.06661664600432435,0.002995598415363993,0.01129067309758439,0.07996832364178143,0.0641869729417875,0.11247533180913133,0.11149323545658434,0.11552348695483917,0.03637124100929257,0.015408464952420289,0.022935199784372324,0.07662166406663959,0.14517742750467882,0.1427715637311376,0.1325637230873705,0.24305998594480277,0.07756405048458881,0.1968011186578555,0.06691462648365507,0.3968159341345991
C:\Users\damba\.cache\kagglehub\datasets\sunnykusawa\ecommerce-products-image-dataset\versions\1\ecommerce products\tshirt\6.jpg,tshirt,exito,0.31830988618379075,0.2862319126664001,0.05549363942199357,0.10863353380447596,0.27527150601993117,0.22079210226680995,0.14942173056662628,0.26720840047353944,0.07890869482311627,0.12634872232430602,0.07585309857939018,0.11316364538567227,0.02592539041868191,0.09625239138638221,0.20432402092558735,0.06736900588577223,0.021482542301968652,0.046539291948219104,0.12691475305212746,0.15926861474691897,0.07924085787727314,0.054590078667866276,0.17674919691277471,0.21670918729264912,0.10824754746231745
C:\Users\damba\.cache\kagglehub\datasets\sunnykusawa\ecommerce-products-image-dataset\versions\1\ecommerce products\tshirt\60.jpg,tshirt,exito,0.0,0.0,0.0,0.0,0.0,0.0,0.0,0.0,0.0,0.0,0.0,0.0,0.0,0.0,0.0,0.0,0.0,0.0,0.0,0.0,0.0,0.0,0.0,0.0,0.0
C:\Users\damba\.cache\kagglehub\datasets\sunnykusawa\ecommerce-products-image-dataset\versions\1\ecommerce products\tshirt\61.jpg,tshirt,exito,0.3183098861837905,0.047819512593723176,0.027807886235465647,0.03353737299597359,0.10420087109432083,0.05164050749092368,0.061295564291962215,0.054686503380821136,0.054674232075551235,0.15479963077355063,0.09941849127062681,0.09663580903970863,0.11559166504125751,0.0703418741494692,0.10064648437908275,0.12598115462590223,0.1387379892447842,0.12136617424074773,0.09863030626855483,0.11503952741633956,0.16474273790349478,0.06896421991977411,0.15849706358068424,0.17259155239018562,0.022410437416620476
C:\Users\damba\.cache\kagglehub\datasets\sunnykusawa\ecommerce-products-image-dataset\versions\1\ecommerce products\tshirt\62.jpg,tshirt,exito,0.3183098861837905,0.038819334406057664,0.024133329954852616,0.03520003647509852,0.08631687077691029,0.050914235833327125,0.04156398040900296,0.06258333440017255,0.053567595081986295,0.12846932562400934,0.09381280726063342,0.09361485200151494,0.05942172561256777,0.08800029576452126,0.0871020142287853,0.11789025412420871,0.10357222972963885,0.10178482404624302,0.07436885389186218,0.10810821234596937,0.0614425934654311,0.08962516727212791,0.12260389412497405,0.15110613639086373,0.037631529526675915
C:\Users\damba\.cache\kagglehub\datasets\sunnykusawa\ecommerce-products-image-dataset\versions\1\ecommerce products\tshirt\63.jpg,tshirt,exito,0.3183098861837906,0.012759884818507044,0.0165557409908298,0.008464062534792444,0.01388523666197122,0.08598519191858373,0.055817858288352985,0.00521963097675641,0.04033830285536761,0.02289172590194563,0.10130184408947819,0.06746774593682345,0.13924798585956158,0.030841910723086407,0.012968734145176545,0.033313943708368814,0.03547596248755837,0.032375267183737594,0.022142965875506206,0.04011061185210181,0.23796595019046898,0.0609416422550545,0.08702699092057323,0.08286581877199506,0.08064473274522066
C:\Users\damba\.cache\kagglehub\datasets\sunnykusawa\ecommerce-products-image-dataset\versions\1\ecommerce products\tshirt\64.jpg,tshirt,exito,0.31830988618379047,0.023952229011909482,0.03004438941359164,0.0036680946127378095,0.04660613151686498,0.0665491273774289,0.005429412218042948,0.018075978002935596,0.08450211198854812,0.07038773280031752,0.12120972760230428,0.11741260341218504,0.1216850133592382,0.06147143268729336,0.02196372279369786,0.038412723822572624,0.10855425162623915,0.16505697683012707,0.15370402670404584,0.13339679916446254,0.26766635974637176,0.1304271352115842,0.1260869044204056,0.12861372414444308,0.383441702883696
C:\Users\damba\.cache\kagglehub\datasets\sunnykusawa\ecommerce-products-image-dataset\versions\1\ecommerce products\tshirt\65.jpg,tshirt,exito,0.3183098861837905,0.02014678222427734,0.018944764012380672,0.03606370713528478,0.029330065402449524,0.04245627797010753,0.0068465293346715635,0.05887824629037931,0.042042288761053745,0.039559896566096896,0.03767739101806125,0.09644763720284827,0.055274837826957315,0.07745519873054069,0.11635284079660196,0.09399816757439541,0.07052378129228802,0.043165533213201095,0.0790774218590521,0.11242768984844524,0.14810704005187145,0.08893048910115896,0.2166089940380652,0.1355995495236539,0.12586724228151805
C:\Users\damba\.cache\kagglehub\datasets\sunnykusawa\ecommerce-products-image-dataset\versions\1\ecommerce products\tshirt\66.jpg,tshirt,exito,0.3183098861837906,0.039979151279296354,0.009791022368789743,0.009586051840589508,0.08640550714954484,0.08364588137957374,0.014704363414266003,0.02660738360730731,0.06885070889368301,0.13199858236650297,0.12520968408583122,0.08630343349756647,0.007762176673139466,0.12917490568227752,0.11684910136300668,0.06857274898646902,0.14998048858054114,0.1336637398921212,0.09760824922688155,0.06351314206227679,0.025644477886295317,0.26594230804466135,0.15383072376582865,0.1805286857978274,0.06277489738545623
C:\Users\damba\.cache\kagglehub\datasets\sunnykusawa\ecommerce-products-image-dataset\versions\1\ecommerce products\tshirt\67.jpg,tshirt,exito,0.3183098861837906,0.03509647947281845,0.0033982910638834843,0.06420334998872909,0.07586681507954762,0.057707635537396176,0.017412755152038155,0.0899150829444633,0.016336418822879135,0.10938194724806914,0.10522003780494203,0.042008561805543417,0.07439892651482452,0.10182448879578378,0.022573884946387415,0.09202152310677525,0.10252416481620165,0.12481497661803378,0.055199591047139555,0.15212389509744306,0.14767244273981228,0.13480221680386553,0.06566849478058907,0.19829431369730108,0.1242089131767679
C:\Users\damba\.cache\kagglehub\datasets\sunnykusawa\ecommerce-products-image-dataset\versions\1\ecommerce products\tshirt\68.jpg,tshirt,exito,0.0,0.0,0.0,0.0,0.0,0.0,0.0,0.0,0.0,0.0,0.0,0.0,0.0,0.0,0.0,0.0,0.0,0.0,0.0,0.0,0.0,0.0,0.0,0.0,0.0
C:\Users\damba\.cache\kagglehub\datasets\sunnykusawa\ecommerce-products-image-dataset\versions\1\ecommerce products\tshirt\69.jpg,tshirt,exito,0.3183098861837906,0.04576650352587715,0.007452545009883347,0.010795611585870762,0.09741279444000737,0.08340152965368972,0.0029108250705688,0.023494553499773647,0.07101628256830413,0.14543152336146675,0.1273348824667243,0.08680946429413497,0.023183655316909402,0.12132331784853269,0.12618777047014476,0.07109162006408516,0.16025507985076967,0.14347373605115005,0.10354214433715854,0.06444630191258162,0.07650374357123592,0.2581623165390617,0.17634637605163284,0.18466140837226688,0.06665596444486496
C:\Users\damba\.cache\kagglehub\datasets\sunnykusawa\ecommerce-products-image-dataset\versions\1\ecommerce products\tshirt\7.jpg,tshirt,exito,0.3183098861837905,0.023485571090396944,0.019631261141936685,0.03564215693596857,0.05748915852311696,0.04565512669506122,0.018295272258085016,0.062103826373838225,0.044771463299832115,0.0983241328236608,0.0628284894783125,0.0995078376036161,0.0014222242421217189,0.10428329770842944,0.0729071639995179,0.12381974260717038,0.12151235053906961,0.040374482307256966,0.10448608847706703,0.13028092559689106,0.027279296070194567,0.14919730916755927,0.1142667262816251,0.20487217546161307,0.06723726348341938
C:\Users\damba\.cache\kagglehub\datasets\sunnykusawa\ecommerce-products-image-dataset\versions\1\ecommerce products\tshirt\70.jpg,tshirt,exito,0.0,0.0,0.0,0.0,0.0,0.0,0.0,0.0,0.0,0.0,0.0,0.0,0.0,0.0,0.0,0.0,0.0,0.0,0.0,0.0,0.0,0.0,0.0,0.0,0.0
C:\Users\damba\.cache\kagglehub\datasets\sunnykusawa\ecommerce-products-image-dataset\versions\1\ecommerce products\tshirt\71.jpg,tshirt,exito,0.3183098861837905,0.016984282023710287,0.018391402320386125,0.03630410078259295,0.045808808623001115,0.04479318534613004,0.011157267859875298,0.06371165331427031,0.04383296310534782,0.08540259265537614,0.05683602092280337,0.09882238844160439,0.0227546554329169,0.10319906923993379,0.07508107057832285,0.11947924031102088,0.1132009615194691,0.040791072070178756,0.09837838197556914,0.12793331798644045,0.06548048211088267,0.14141965585767577,0.12884762156608706,0.1955992760772559,0.07829740441584752
C:\Users\damba\.cache\kagglehub\datasets\sunnykusawa\ecommerce-products-image-dataset\versions\1\ecommerce products\tshirt\72.jpg,tshirt,exito,0.31830988618379064,0.004977697433869438,0.0508105577733339,0.031185317771892488,0.006526856825908938,0.0018318887908019717,0.062350043562493025,0.04749822492306901,0.04656686023836875,0.043152000492202615,0.030327390635767122,0.08651893705752134,0.02603119585805563,0.05469675347142402,0.15578394468251033,0.15569156906027495,0.09243074353851809,0.12557807380044028,0.05315763197720017,0.16509520893108803,0.04082715216606848,0.05855798232326338,0.27514224714820695,0.21622133648658023,0.09556997550206905
C:\Users\damba\.cache\kagglehub\datasets\sunnykusawa\ecommerce-products-image-dataset\versions\1\ecommerce products\tshirt\73.jpg,tshirt,exito,0.3183098861837906,0.029656273267143735,0.005058316447545603,0.06433032873003922,0.06613189149368712,0.05535682879316172,0.008844962929710772,0.0897740207609441,0.019028380958269968,0.10010817696654237,0.09821310348686853,0.04288284793302101,0.0520224739290799,0.10992416805518714,0.019986314328342924,0.09223766962295916,0.1141906133686503,0.11273327521323034,0.06003093422492453,0.15435361865220534,0.11486876287355169,0.16257302974234977,0.05151934031990976,0.2049545135964712,0.13235730529109463
C:\Users\damba\.cache\kagglehub\datasets\sunnykusawa\ecommerce-products-image-dataset\versions\1\ecommerce products\tshirt\74.jpg,tshirt,exito,0.0,0.0,0.0,0.0,0.0,0.0,0.0,0.0,0.0,0.0,0.0,0.0,0.0,0.0,0.0,0.0,0.0,0.0,0.0,0.0,0.0,0.0,0.0,0.0,0.0
C:\Users\damba\.cache\kagglehub\datasets\sunnykusawa\ecommerce-products-image-dataset\versions\1\ecommerce products\tshirt\75.jpg,tshirt,exito,0.3183098861837907,0.012889830285868924,0.10688624810205336,0.0003914763537282581,0.03440458611599611,1.0568451226330276e-05,0.15215200390742845,0.0023934254079161646,0.09333148822364126,0.0698001186349616,0.01129059001288077,0.011338273865486862,0.13424394756326533,0.007979302968900658,0.21937885953078182,0.0008034930678763102,0.11345025015877326,0.05027020174909539,0.05052242500291227,4.338283839374287e-05,0.05071233415846458,0.019223659497802404,0.33130318428913874,0.005632355369337324,0.19897181267878436
C:\Users\damba\.cache\kagglehub\datasets\sunnykusawa\ecommerce-products-image-dataset\versions\1\ecommerce products\tshirt\76.jpg,tshirt,exito,0.3183098861837905,0.0403387572203399,0.024700110703296294,0.03308515504171695,0.08937106876954563,0.04743109834383947,0.04590979385794731,0.055051748979505995,0.04663807859192998,0.14102802861033414,0.07588817169606442,0.10302502406381463,0.07860171409546617,0.11071729296117716,0.0817939016982643,0.13695192985902915,0.17347146372740374,0.06419989034839428,0.13416130224797487,0.14125852078996284,0.12294955662539771,0.19404708882852126,0.11818067022673961,0.2434273663497845,0.04293619722135973
C:\Users\damba\.cache\kagglehub\datasets\sunnykusawa\ecommerce-products-image-dataset\versions\1\ecommerce products\tshirt\77.jpg,tshirt,exito,0.0,0.0,0.0,0.0,0.0,0.0,0.0,0.0,0.0,0.0,0.0,0.0,0.0,0.0,0.0,0.0,0.0,0.0,0.0,0.0,0.0,0.0,0.0,0.0,0.0
C:\Users\damba\.cache\kagglehub\datasets\sunnykusawa\ecommerce-products-image-dataset\versions\1\ecommerce products\tshirt\78.jpg,tshirt,exito,0.3183098861837906,0.04290294652362921,0.008649067811698441,0.011036701177068876,0.09125499339799636,0.08370923434020695,0.009668328109596792,0.016523391920876342,0.06803161763588442,0.134037178255958,0.1240551401277353,0.0836075369506826,0.0020685504814582792,0.09952906647101345,0.11179741242350612,0.06665619603970332,0.13433337217990401,0.1255962413149726,0.08783908818937189,0.060208756450946845,0.029776810947079464,0.2103104059224277,0.14433460567140355,0.16800569569376375,0.06927765059196936
C:\Users\damba\.cache\kagglehub\datasets\sunnykusawa\ecommerce-products-image-dataset\versions\1\ecommerce products\tshirt\79.jpg,tshirt,exito,0.31830988618379064,0.005364694083074468,0.04917892326677926,0.05682360909431296,0.011190044870456444,0.0704200145332627,0.0549887129982034,0.10218008704564778,0.028718866354481867,0.035702600292911474,0.09874507742312867,0.024430221090384563,0.007547667718302585,0.14710696976081686,0.11439744460364575,0.024757496089322904,0.056851861337771856,0.07845145106306319,0.04709200543108573,0.011350928352352423,0.08031429271836354,0.16611318217337137,0.20388121897958808,0.010679114224499337,0.1463481547898537
C:\Users\damba\.cache\kagglehub\datasets\sunnykusawa\ecommerce-products-image-dataset\versions\1\ecommerce products\tshirt\8.jpg,tshirt,exito,0.3183098861837905,0.043472889482479,0.02593794589445324,0.03448487182722883,0.09562672741775186,0.05138584246992429,0.051286617935375894,0.0593065814315049,0.0543052651594286,0.14205973915672537,0.09728553905899442,0.09484037736856774,0.08710287691538768,0.08042261423360861,0.09357005616812737,0.12153972007621507,0.12077647642352388,0.11310440252513246,0.08476038704142717,0.1106747643362271,0.11185008230771422,0.07950534658703153,0.13899361064950652,0.159524714538723,0.030248534747444118
C:\Users\damba\.cache\kagglehub\datasets\sunnykusawa\ecommerce-products-image-dataset\versions\1\ecommerce products\tshirt\80.jpg,tshirt,exito,0.3183098861837905,0.032991857359436556,0.0221612985012222,0.03570850386802719,0.07450164709107368,0.05002906532622922,0.030898592010290327,0.06443573344680487,0.05214796654243827,0.11138623800595879,0.08776098260961017,0.09317184782860022,0.029083258484733816,0.0925334680952274,0.08088910222072243,0.11508259724113712,0.08328471097778967,0.08393462099127884,0.06827511807338275,0.10790841561436976,0.00706297716544826,0.09617243655981679,0.10932010365026641,0.1481006275359925,0.04579750531472278
C:\Users\damba\.cache\kagglehub\datasets\sunnykusawa\ecommerce-products-image-dataset\versions\1\ecommerce products\tshirt\81.jpg,tshirt,exito,0.31830988618379047,0.03538401226945095,0.04198470748971771,0.042927947808498394,0.07271445003278541,0.058064793470923734,0.055739707901928615,0.03323831392012901,0.04171725010559631,0.09790347915237772,0.09748567092890899,0.07117393123075078,0.03981693341217227,0.06667260534802458,0.08372330021675113,0.0684145005268757,0.08254857843909433,0.10815643290935954,0.07212312765219742,0.09107241585983959,0.01024978522504565,0.19481478180637768,0.12318038733339953,0.17690487431014199,0.07963430615694901
C:\Users\damba\.cache\kagglehub\datasets\sunnykusawa\ecommerce-products-image-dataset\versions\1\ecommerce products\tshirt\82.jpg,tshirt,exito,0.31830988618379064,0.007709305635045844,0.049323374250396554,0.05669118498053336,0.004116790976793367,0.06905388294670997,0.05489152439020573,0.09974104881136259,0.030713812498148144,0.020693712151299774,0.09389435551612112,0.02550757832414005,0.004607926876660336,0.13999827184474242,0.12206259876409765,0.02367670324923023,0.04022219180121343,0.06816989955894763,0.04045556438980158,0.01242982158105525,0.09024204980137743,0.15351313506324,0.21427688222380603,0.012047087641312397,0.14701193660189535
C:\Users\damba\.cache\kagglehub\datasets\sunnykusawa\ecommerce-products-image-dataset\versions\1\ecommerce products\tshirt\83.jpg,tshirt,exito,0.3183098861837905,0.037975566660858565,0.023827981000915596,0.033806446905893406,0.08397787857633497,0.04881318063272547,0.040586468387068746,0.05544587692688532,0.049493122139297976,0.1261010410952777,0.08218816350461706,0.09909370846044134,0.05939426309723892,0.08747981167833724,0.08304179628556418,0.12820916573463884,0.11890040417189252,0.0738467225345388,0.10748564858726063,0.1262708340363012,0.06965612314620398,0.12596066239764556,0.1155331236698753,0.19947217809445844,0.036392480023639644
C:\Users\damba\.cache\kagglehub\datasets\sunnykusawa\ecommerce-products-image-dataset\versions\1\ecommerce products\tshirt\84.jpg,tshirt,exito,0.3183098861837905,0.03082784708121243,0.02151048696964282,0.036664577455741594,0.07053084508677819,0.05047301586929863,0.026924522966199873,0.06990547209942947,0.053138384529840856,0.1078685139458978,0.08984766661052766,0.09029098869208271,0.016848665327169395,0.10497669474163238,0.08054558591786654,0.108629987495692,0.08790578753336577,0.08907145850224485,0.049588170985862164,0.10018544455932563,0.013963432481822986,0.11430936202581314,0.11116424152325313,0.12745652125243098,0.053165188089376175
C:\Users\damba\.cache\kagglehub\datasets\sunnykusawa\ecommerce-products-image-dataset\versions\1\ecommerce products\tshirt\85.jpg,tshirt,exito,0.3183098861837905,0.05036466732061241,0.02898548363564709,0.0327393514213866,0.10910064548558245,0.05160869483544938,0.06757983470475294,0.050715142066599966,0.05454029187766849,0.16222114310371247,0.09961419983824693,0.09824874384257502,0.1335859757071704,0.06350028510075433,0.10498694131603308,0.12958873198208729,0.15120173041829438,0.12394216924685632,0.11031363965250011,0.11949412360630109,0.19918966429311405,0.07048778760819621,0.17129638596218866,0.18556047195971928,0.01663417082823399
C:\Users\damba\.cache\kagglehub\datasets\sunnykusawa\ecommerce-products-image-dataset\versions\1\ecommerce products\tshirt\86.jpg,tshirt,exito,0.3183098861837906,0.007551741459672403,0.017054245118879843,0.008768116508409788,0.0228271713274464,0.0852437219429008,0.055255878023053304,0.008614550993786543,0.0495061135617683,0.050856129328336185,0.1063881310211525,0.07319485264358475,0.12835248147121614,0.06181260652111757,0.030229194268208713,0.04384549366376708,0.0600716375454077,0.04843476119684188,0.03791256711310953,0.04665536726909884,0.20586975504584026,0.118100311075322,0.026501086081562153,0.11032902831877947,0.07247249197881539
C:\Users\damba\.cache\kagglehub\datasets\sunnykusawa\ecommerce-products-image-dataset\versions\1\ecommerce products\tshirt\87.jpg,tshirt,exito,0.3183098861837905,0.04032619938954476,0.02469533716222746,0.03419152312081124,0.08880307635573838,0.0502656918451505,0.04483204408360035,0.0571781301912214,0.0522224751454414,0.13116660655099993,0.09041621136033952,0.09647803067385377,0.06947025724660803,0.079488968960977,0.08809504915117598,0.12376193548745076,0.10767746140098823,0.09417744448188407,0.09260857392222915,0.11664763614928028,0.0809284625489727,0.08939668619129358,0.12550580761058427,0.1740893470971298,0.0318982874483027
C:\Users\damba\.cache\kagglehub\datasets\sunnykusawa\ecommerce-products-image-dataset\versions\1\ecommerce products\tshirt\88.jpg,tshirt,exito,0.3183098861837905,0.01174465161941026,0.08504880345838672,0.07575913877170931,0.02193389261871359,0.005577635430453268,0.1414491304251133,0.06432038427229483,0.01821389845039267,0.02407585987069794,0.013787817843166834,0.0020313564557793116,0.1775717606640545,0.04733234802893632,0.012819686244233458,0.011491790251379266,0.008222112262008956,0.01237450109561664,0.0010739346476110658,0.0017064565761157184,0.14913267189541224,0.2153312385992178,0.04260709975794507,0.11289696363197206,0.09774545208256682
C:\Users\damba\.cache\kagglehub\datasets\sunnykusawa\ecommerce-products-image-dataset\versions\1\ecommerce products\tshirt\89.jpg,tshirt,exito,0.3183098861837906,0.03575307558662577,0.007509819635153579,0.003915642644928264,0.08088370714707538,0.008772398592030604,0.005075341912166144,0.01496308867368834,0.011341361004563701,0.12053056283629254,0.03640833135333166,0.15859329301870134,0.006683886940068827,0.02787733831495388,0.03484040106390523,0.15161818418428083,0.08998029982914262,0.03218009084344245,0.15258240428289305,0.0852782598522529,0.004342765184274888,0.02590021750426218,0.058348848699502666,0.15399139288593516,0.07387901836484916
C:\Users\damba\.cache\kagglehub\datasets\sunnykusawa\ecommerce-products-image-dataset\versions\1\ecommerce products\tshirt\9.jpg,tshirt,exito,0.3183098861837905,0.01031923145386313,0.017533845081538012,0.036826364574173265,0.029610519690510637,0.046321689921947046,0.004737997080214404,0.06664422577775649,0.04679928789117471,0.055232644832109865,0.06314637457122525,0.09373036230633106,0.0473726804394851,0.09782730956796497,0.08042204767959829,0.10619981168282377,0.05126269634052565,0.025529976975209798,0.0629175170129993,0.11086404038665154,0.12546135961561788,0.10784775148721511,0.13160362194802297,0.14472962346287563,0.08018848631544662
C:\Users\damba\.cache\kagglehub\datasets\sunnykusawa\ecommerce-products-image-dataset\versions\1\ecommerce products\tshirt\90.jpg,tshirt,exito,0.31830988618379047,0.018209514875814976,0.046322187719945354,0.04085841929634764,0.042460743785849436,0.053700291810202326,0.07685872819898787,0.02087561039883009,0.04371669522146357,0.07217763249946599,0.08665257028163037,0.07188875386105832,0.09028801965769809,0.11461417125527487,0.08522230507980849,0.07308117262798712,0.10018542463380903,0.09987990209345694,0.08625210193051942,0.09359104988380502,0.050267584801570835,0.28324000576414243,0.12393297543717396,0.18440995748996297,0.10610939377140693
C:\Users\damba\.cache\kagglehub\datasets\sunnykusawa\ecommerce-products-image-dataset\versions\1\ecommerce products\tshirt\91.jpg,tshirt,exito,0.3183098861837906,0.02942759657816906,0.013242136181616198,0.006718130390968377,0.06798699880642439,0.08390644889434742,0.031507987959188945,0.03824855538615668,0.06705691225583914,0.11651275727520659,0.12430615657428765,0.08790944145857683,0.04847620529808316,0.16150205662120148,0.11062519221711048,0.0672177818812342,0.15478120902121634,0.13109087019897733,0.09926154115279258,0.06521001367811258,0.027381324711560965,0.3162938799481738,0.1379395606720354,0.1860872807846107,0.051453051028548774
C:\Users\damba\.cache\kagglehub\datasets\sunnykusawa\ecommerce-products-image-dataset\versions\1\ecommerce products\tshirt\92.jpg,tshirt,exito,0.31830988618379047,0.03193004825274521,0.027943518252494758,0.0002650918033297854,0.06410566114672173,0.06668954154106324,0.01746840983165118,0.0012829560568243027,0.07206824866735305,0.09592137366779094,0.10100783336819884,0.10100088585240524,0.15611737088118452,0.003839178034163512,0.058956169495464096,0.0019052176164259464,0.12513622318849427,0.13360041487995308,0.1335844788374917,0.13337250250215826,0.3212332800482854,0.008437396609711097,0.31362398444981465,0.005405713191244256,0.4239531922340416
C:\Users\damba\.cache\kagglehub\datasets\sunnykusawa\ecommerce-products-image-dataset\versions\1\ecommerce products\tshirt\93.jpg,tshirt,exito,0.3183098861837906,0.0493246117186893,0.0022620159291576497,0.06311146118908098,0.10184522526078926,0.06339404782832339,0.04663352241902537,0.08841118664745357,0.010083262601298975,0.14337978949665142,0.12398408263438115,0.04030244157175038,0.1539031476742523,0.08922827863095688,0.04596557243301277,0.0940485298380198,0.13126819148796046,0.1684649111235302,0.05771796439234053,0.1528117398734713,0.2874046910856651,0.08930075948527562,0.12970013445041986,0.203944022960119,0.11673672207417533
C:\Users\damba\.cache\kagglehub\datasets\sunnykusawa\ecommerce-products-image-dataset\versions\1\ecommerce products\tshirt\94.jpg,tshirt,exito,0.3183098861837905,0.0441442274160387,0.07651572271964362,0.0800861952153047,0.0867251659754336,0.02136453872988537,0.0993798267145498,0.08896266790120222,0.014755941846684821,0.1059320513404612,0.054620735726572354,0.007157682832714317,0.07299492575759618,0.02179343186819341,0.027976255777364047,0.00979989222029991,0.04386880181944764,0.06703329748944135,0.006097467589843596,0.006096635776285893,0.0022763748538365248,0.10440551893439179,0.08001076385137769,0.11194575374963281,0.0959062688930017
C:\Users\damba\.cache\kagglehub\datasets\sunnykusawa\ecommerce-products-image-dataset\versions\1\ecommerce products\tshirt\95.jpg,tshirt,exito,0.0,0.0,0.0,0.0,0.0,0.0,0.0,0.0,0.0,0.0,0.0,0.0,0.0,0.0,0.0,0.0,0.0,0.0,0.0,0.0,0.0,0.0,0.0,0.0,0.0
C:\Users\damba\.cache\kagglehub\datasets\sunnykusawa\ecommerce-products-image-dataset\versions\1\ecommerce products\tshirt\96.jpg,tshirt,exito,0.31830988618379047,0.026247927183178466,0.04463813423191817,0.04148873183310382,0.0558750650959245,0.05558505968392031,0.06857231229693145,0.024196110210867115,0.04289461965247503,0.08144749030272527,0.09121337962463814,0.07206167933803594,0.07029532929087333,0.09699390788011432,0.08557313279940688,0.0713960214174834,0.09259988758052712,0.103373963987346,0.08191003801594134,0.09334020604292828,0.026312833199334095,0.25315072647348674,0.12543618712936888,0.1840652965156884,0.09391051416203706
C:\Users\damba\.cache\kagglehub\datasets\sunnykusawa\ecommerce-products-image-dataset\versions\1\ecommerce products\tshirt\97.jpg,tshirt,exito,0.3183098861837905,0.015552409723204347,0.01817185971575135,0.03741738611125804,0.030594851066875796,0.04766203826729199,0.005352986978986926,0.07196622907314823,0.049550571297727886,0.04992320565959818,0.06945978998704021,0.0883893183008827,0.053126719996476765,0.10909315858664492,0.09454655819814543,0.09092206363408167,0.048607841737504175,0.04053408817276081,0.027094388700958365,0.09543719665386483,0.1428911557564772,0.12024032831264463,0.1597139204990086,0.09830556421109958,0.09083050881727367
C:\Users\damba\.cache\kagglehub\datasets\sunnykusawa\ecommerce-products-image-dataset\versions\1\ecommerce products\tshirt\98.jpg,tshirt,exito,0.0,0.0,0.0,0.0,0.0,0.0,0.0,0.0,0.0,0.0,0.0,0.0,0.0,0.0,0.0,0.0,0.0,0.0,0.0,0.0,0.0,0.0,0.0,0.0,0.0
C:\Users\damba\.cache\kagglehub\datasets\sunnykusawa\ecommerce-products-image-dataset\versions\1\ecommerce products\tshirt\99.jpg,tshirt,exito,0.3183098861837905,0.009645176461281903,0.017470429950183792,0.0370211549528524,0.014634172161026101,0.046064086047698155,0.00175142297958086,0.0677749539624787,0.04703035460725347,0.028805214015917978,0.05974461356472215,0.09135639810854852,0.06293493040609112,0.09826708703291269,0.09508216708970244,0.09452693087614362,0.029241601255869477,0.01552253958108532,0.04491949822096591,0.1026823591066087,0.160220736719524,0.10486743635865892,0.1639205289627235,0.1152704845148122,0.09620554444873329
C:\Users\damba\.cache\kagglehub\datasets\sunnykusawa\ecommerce-products-image-dataset\versions\1\ecommerce products\tv\1.jpg,tv,exito,0.0,0.0,0.0,0.0,0.0,0.0,0.0,0.0,0.0,0.0,0.0,0.0,0.0,0.0,0.0,0.0,0.0,0.0,0.0,0.0,0.0,0.0,0.0,0.0,0.0
C:\Users\damba\.cache\kagglehub\datasets\sunnykusawa\ecommerce-products-image-dataset\versions\1\ecommerce products\tv\10.jpg,tv,exito,0.31830988618379047,0.01354162896125151,0.03188379297906567,0.0024598925493649936,0.030254486005824074,0.0665147065118451,0.0030197929561689295,0.006010524789451317,0.0828380553129847,0.04456216154807932,0.11587817734731853,0.1159073264501487,0.09861792187506968,0.021601319523689835,0.007235060643726969,0.027242746572561087,0.039162464819351796,0.14785830909292103,0.14989551016148153,0.13034370373749032,0.21009058337651257,0.050527457045747314,0.1506975256647831,0.05317003052290411,0.3859048715746439
C:\Users\damba\.cache\kagglehub\datasets\sunnykusawa\ecommerce-products-image-dataset\versions\1\ecommerce products\tv\100.jpg,tv,exito,0.0,0.0,0.0,0.0,0.0,0.0,0.0,0.0,0.0,0.0,0.0,0.0,0.0,0.0,0.0,0.0,0.0,0.0,0.0,0.0,0.0,0.0,0.0,0.0,0.0
C:\Users\damba\.cache\kagglehub\datasets\sunnykusawa\ecommerce-products-image-dataset\versions\1\ecommerce products\tv\101.jpg,tv,exito,0.3183098861837905,0.002821774376241231,0.01706956107036957,0.03692981871021191,0.01129164965999201,0.04504480647884192,0.0008883396297044077,0.06581477173919632,0.04522919681061372,0.03667095095464403,0.054512867745700945,0.0940588541710426,0.06155811686995485,0.09492521446782029,0.08980633287870615,0.10156530237539742,0.05113544243463206,0.02133648677824834,0.06316060912447974,0.11079915604918134,0.15172860745608174,0.10544552345392341,0.15777072320857258,0.13960334563570806,0.09498997734491282
C:\Users\damba\.cache\kagglehub\datasets\sunnykusawa\ecommerce-products-image-dataset\versions\1\ecommerce products\tv\102.jpg,tv,exito,0.3183098861837906,0.020571385983929553,0.0030768845103312254,0.031814354557206624,0.04516135997959937,0.07105865635514735,0.0510852655582193,0.045525165444096655,0.09453304055934648,0.06432418360197027,0.1346689858961395,0.16855001786030607,0.1658032861381558,0.05821273412124798,0.08600153466306137,0.06075674707804649,0.0537716493704031,0.18349022313649085,0.22321535879337984,0.04075344773795234,0.30316615115041395,0.10350755824092202,0.10535819665741104,0.13968841900537401,0.27918160437494155
C:\Users\damba\.cache\kagglehub\datasets\sunnykusawa\ecommerce-products-image-dataset\versions\1\ecommerce products\tv\103.jpg,tv,exito,0.0,0.0,0.0,0.0,0.0,0.0,0.0,0.0,0.0,0.0,0.0,0.0,0.0,0.0,0.0,0.0,0.0,0.0,0.0,0.0,0.0,0.0,0.0,0.0,0.0
C:\Users\damba\.cache\kagglehub\datasets\sunnykusawa\ecommerce-products-image-dataset\versions\1\ecommerce products\tv\104.jpg,tv,exito,0.3183098861837906,0.02096542198408764,0.015251661521101167,0.007654890745195396,0.02520811908149474,0.08646858819611827,0.05173839263195117,0.005611932190445875,0.033602590981811384,0.0070390212792464275,0.09869211595118314,0.0641773749341477,0.13584942352664767,0.013444239093968894,0.03717927933431184,0.02611889691958241,0.02147586108603555,0.028673660152165898,0.01723360816167957,0.036599458532281776,0.2418098461368286,0.03154378830672752,0.1277094485628456,0.0658626226411376,0.08571958042519541
C:\Users\damba\.cache\kagglehub\datasets\sunnykusawa\ecommerce-products-image-dataset\versions\1\ecommerce products\tv\105.jpg,tv,exito,0.3183098861837905,0.014688304139270145,0.018048719479562093,0.03649944795900212,0.02090893119780868,0.04273228212487951,0.003610566392493197,0.06111733717663476,0.04227458434141156,0.038732581844470135,0.03984333007253135,0.0963568593704575,0.06005557606372025,0.08334029824287655,0.10824240206378433,0.09756003334764157,0.07343959695757409,0.044490350147878346,0.07832221618974362,0.11417818107216472,0.15125608713720268,0.09767122253398085,0.2021650057433335,0.14332454465776842,0.11882342543859119
C:\Users\damba\.cache\kagglehub\datasets\sunnykusawa\ecommerce-products-image-dataset\versions\1\ecommerce products\tv\106.jpg,tv,exito,0.0,0.0,0.0,0.0,0.0,0.0,0.0,0.0,0.0,0.0,0.0,0.0,0.0,0.0,0.0,0.0,0.0,0.0,0.0,0.0,0.0,0.0,0.0,0.0,0.0
C:\Users\damba\.cache\kagglehub\datasets\sunnykusawa\ecommerce-products-image-dataset\versions\1\ecommerce products\tv\107.jpg,tv,exito,0.0,0.0,0.0,0.0,0.0,0.0,0.0,0.0,0.0,0.0,0.0,0.0,0.0,0.0,0.0,0.0,0.0,0.0,0.0,0.0,0.0,0.0,0.0,0.0,0.0
C:\Users\damba\.cache\kagglehub\datasets\sunnykusawa\ecommerce-products-image-dataset\versions\1\ecommerce products\tv\108.jpg,tv,exito,0.0,0.0,0.0,0.0,0.0,0.0,0.0,0.0,0.0,0.0,0.0,0.0,0.0,0.0,0.0,0.0,0.0,0.0,0.0,0.0,0.0,0.0,0.0,0.0,0.0
C:\Users\damba\.cache\kagglehub\datasets\sunnykusawa\ecommerce-products-image-dataset\versions\1\ecommerce products\tv\109.jpg,tv,exito,0.3183098861837906,0.03404990299852206,0.011859462567426846,0.007633400242269922,0.07603669333338023,0.08377360178682233,0.024612519954604728,0.03577936958768159,0.06824916998017867,0.12402420697096662,0.1253609842653866,0.08797619592687254,0.03093285662669067,0.15530419676222534,0.11561996746147289,0.06856403884147784,0.15793468795838325,0.1359901718797672,0.10159844785909189,0.0654393331976062,0.0011210354234209533,0.3096978558334374,0.1498182695948246,0.18759070524281649,0.054740494973488554
C:\Users\damba\.cache\kagglehub\datasets\sunnykusawa\ecommerce-products-image-dataset\versions\1\ecommerce products\tv\11.jpg,tv,exito,0.0,0.0,0.0,0.0,0.0,0.0,0.0,0.0,0.0,0.0,0.0,0.0,0.0,0.0,0.0,0.0,0.0,0.0,0.0,0.0,0.0,0.0,0.0,0.0,0.0
C:\Users\damba\.cache\kagglehub\datasets\sunnykusawa\ecommerce-products-image-dataset\versions\1\ecommerce products\tv\110.jpg,tv,exito,0.3183098861837906,0.006143758806533122,0.01714511424188475,0.008646304529715527,0.009136678857162463,0.0856347758076247,0.057245486751547746,0.0038850055199709643,0.04454522909703573,0.03324454359093591,0.10321546394357559,0.07009100534925848,0.13833580891011452,0.04379877517513411,0.009504906747468064,0.0380444835112808,0.04615300412312149,0.03728955400646135,0.028541195682466887,0.04305125795464289,0.22973864241921593,0.08571235043864134,0.058049224163106206,0.09515552697157798,0.07675000051653541
C:\Users\damba\.cache\kagglehub\datasets\sunnykusawa\ecommerce-products-image-dataset\versions\1\ecommerce products\tv\111.jpg,tv,exito,0.0,0.0,0.0,0.0,0.0,0.0,0.0,0.0,0.0,0.0,0.0,0.0,0.0,0.0,0.0,0.0,0.0,0.0,0.0,0.0,0.0,0.0,0.0,0.0,0.0
C:\Users\damba\.cache\kagglehub\datasets\sunnykusawa\ecommerce-products-image-dataset\versions\1\ecommerce products\tv\112.jpg,tv,exito,0.3183098861837905,0.006952880567015006,0.017259847985580827,0.03693201156357963,0.008228453105364684,0.04540212648672001,0.0009134400099314523,0.06640896444905703,0.045967905372212355,0.026538792682095427,0.05596090610714946,0.09269007557870719,0.06438379264836097,0.09523782816697848,0.09450430228241473,0.09690525573355917,0.036124099140221404,0.013942425724963535,0.05353890039803511,0.10629148137367422,0.16099627915515025,0.10262397904478343,0.16505337465524095,0.1250715639576125,0.09792409016682246
C:\Users\damba\.cache\kagglehub\datasets\sunnykusawa\ecommerce-products-image-dataset\versions\1\ecommerce products\tv\113.jpg,tv,exito,0.3183098861837905,0.019174428066655175,0.018764589861488837,0.037697682074054537,0.043659120511464485,0.04894375146343193,0.009903084935810666,0.07450065875023218,0.05130658825112939,0.07190287135339941,0.078203850520752,0.0874932852293205,0.036591166017963944,0.1158351653299437,0.08657942343452153,0.0947155491535007,0.06857585034384876,0.060878613685195176,0.02438999475289882,0.0938336268453291,0.10981779465516814,0.13081101954283506,0.13938697193823973,0.10106567832177568,0.07921084527249506
C:\Users\damba\.cache\kagglehub\datasets\sunnykusawa\ecommerce-products-image-dataset\versions\1\ecommerce products\tv\114.jpg,tv,exito,0.0,0.0,0.0,0.0,0.0,0.0,0.0,0.0,0.0,0.0,0.0,0.0,0.0,0.0,0.0,0.0,0.0,0.0,0.0,0.0,0.0,0.0,0.0,0.0,0.0
C:\Users\damba\.cache\kagglehub\datasets\sunnykusawa\ecommerce-products-image-dataset\versions\1\ecommerce products\tv\115.jpg,tv,exito,0.31830988618379047,0.027292087918488396,0.02923786974954605,0.0010029660422599793,0.05565013732391563,0.06667624179554657,0.010931335054975424,0.004009393192867067,0.07460793426311975,0.08273225699728302,0.10437828628224308,0.10432804498360444,0.1378399684791334,0.01199823647248051,0.0445392202261343,0.007899664569335458,0.09982159341923366,0.13514838240180463,0.13514399819559947,0.1331824683371584,0.28332255368019754,0.02598318038911607,0.2767103703666379,0.019271499575515744,0.414915131407562
C:\Users\damba\.cache\kagglehub\datasets\sunnykusawa\ecommerce-products-image-dataset\versions\1\ecommerce products\tv\116.jpg,tv,exito,0.0,0.0,0.0,0.0,0.0,0.0,0.0,0.0,0.0,0.0,0.0,0.0,0.0,0.0,0.0,0.0,0.0,0.0,0.0,0.0,0.0,0.0,0.0,0.0,0.0
C:\Users\damba\.cache\kagglehub\datasets\sunnykusawa\ecommerce-products-image-dataset\versions\1\ecommerce products\tv\117.jpg,tv,exito,0.3183098861837906,0.013330909388412415,0.016485533536456858,0.008477910018568704,0.0370981009613788,0.08475810311317444,0.05065683565588178,0.016284416538630563,0.05543386879785838,0.07106506311774217,0.11103473507641319,0.07761548613750616,0.11047015805185485,0.08940726102077105,0.055905094660763,0.051217195729277985,0.08311405880017148,0.06768435356447848,0.053927294158343485,0.05199089449985904,0.16498218487452834,0.17010136054308797,0.02703145576755134,0.13182410314373494,0.06630166789820424
C:\Users\damba\.cache\kagglehub\datasets\sunnykusawa\ecommerce-products-image-dataset\versions\1\ecommerce products\tv\118.jpg,tv,exito,0.3183098861837905,0.048940502713962025,0.07441182957440243,0.08112949293341225,0.09644367067279802,0.02379269226134497,0.08898712625143775,0.09498799254053689,0.013915844195253551,0.12039663181376312,0.06178319424179459,0.0078070379185080085,0.046570837524760815,0.03931922193860615,0.031829099898347105,0.009409108594803895,0.061417702269020547,0.08019144481536322,0.0075908758602299,0.006676280141718494,0.038720865576424686,0.07352294394433789,0.0903696590415717,0.11155670506834509,0.09547676715570484
C:\Users\damba\.cache\kagglehub\datasets\sunnykusawa\ecommerce-products-image-dataset\versions\1\ecommerce products\tv\119.jpg,tv,exito,0.31830988618379047,0.0092827715494637,0.08067359523886784,0.030232609073700293,0.027544530515760134,0.04134540020780441,0.11303106790913862,0.048372426522698006,0.08303528478346783,0.06824784942013642,0.06420751653980084,0.04762798071834277,0.0930375086954588,0.06293725111147849,0.20196421224015232,0.07062248677624594,0.12564901614634236,0.11450789007329816,0.05163284751890352,0.08328945556010718,0.028509282430171718,0.07343291137760594,0.32341167746567806,0.08134354585149017,0.17982217607603035
C:\Users\damba\.cache\kagglehub\datasets\sunnykusawa\ecommerce-products-image-dataset\versions\1\ecommerce products\tv\12.jpg,tv,exito,0.3183098861837905,0.008557030298581977,0.017377093257083233,0.036848060481352786,0.02644950829319411,0.04598260849361207,0.0037675389731786552,0.06640046573023556,0.04632352811240027,0.05234020790704091,0.061019697603687514,0.09402234787016346,0.05034075269166372,0.09738067206380517,0.08157070083265922,0.10593614954557745,0.053306723294244615,0.02372360187587873,0.0644338503240083,0.11163973420547788,0.13019733777001619,0.10829718116840902,0.1360325380456828,0.14603656752205882,0.0829261098803452
C:\Users\damba\.cache\kagglehub\datasets\sunnykusawa\ecommerce-products-image-dataset\versions\1\ecommerce products\tv\120.jpg,tv,exito,0.31830988618379047,0.02879324826235567,0.028841119195126275,0.0006683227719438242,0.058402245511260574,0.0666803711397857,0.012955474345011419,0.0010386173767427734,0.07370287614288347,0.08693042469497149,0.10311122380542728,0.10314701585592384,0.14349464593834102,0.0015351363536331797,0.049656241004372194,0.005098699321334801,0.10721803524818026,0.13422092123051615,0.13444462379349317,0.13323614919574311,0.2946870531664528,0.0026701088339997395,0.28984362582251566,0.006780420855205492,0.41806206931104956
C:\Users\damba\.cache\kagglehub\datasets\sunnykusawa\ecommerce-products-image-dataset\versions\1\ecommerce products\tv\121.jpg,tv,exito,0.3183098861837907,0.5720914858395311,0.6404335024354034,0.7505145256603384,0.6023553002946411,0.8511972222578114,0.3701445035599863,0.5226022371675495,0.8799425360900126,0.19347926289432388,0.5070722566907314,0.8508585507712356,0.1286385490229562,0.31510824753386546,0.6250365171555794,0.7875547657047478,0.3021206919593049,0.49302055975663545,0.8214036196177424,0.7251840910013254,0.31266748750869117,0.35459327522412615,0.5874440513518038,1.0201213811053544,0.7073248237648289
C:\Users\damba\.cache\kagglehub\datasets\sunnykusawa\ecommerce-products-image-dataset\versions\1\ecommerce products\tv\122.jpg,tv,exito,0.0,0.0,0.0,0.0,0.0,0.0,0.0,0.0,0.0,0.0,0.0,0.0,0.0,0.0,0.0,0.0,0.0,0.0,0.0,0.0,0.0,0.0,0.0,0.0,0.0
C:\Users\damba\.cache\kagglehub\datasets\sunnykusawa\ecommerce-products-image-dataset\versions\1\ecommerce products\tv\123.jpg,tv,exito,0.31830988618379047,0.028681709225537404,0.044008150204618735,0.042094058009093945,0.06032484395242746,0.05680281487066406,0.06579481505876286,0.028333542745956203,0.041616103136438855,0.08499021039638674,0.09310368134217711,0.07107227494028698,0.06505547939592315,0.08264101986411446,0.08050808950932288,0.06889691682291531,0.08470847090256849,0.10046897660164728,0.07417566820001233,0.09099537705874189,0.025607997937310514,0.22373122666705705,0.11467094949792583,0.17603506628535406,0.0877516729227728
C:\Users\damba\.cache\kagglehub\datasets\sunnykusawa\ecommerce-products-image-dataset\versions\1\ecommerce products\tv\124.jpg,tv,exito,0.31830988618379047,0.015944314859974027,0.031549941607313774,0.0023685718361050163,0.03464626743447969,0.06655211407527871,0.0012136574717239198,0.007099467876345993,0.08161658705964618,0.05117243566732872,0.11422299819238192,0.11406816493592478,0.10372542125790639,0.02383333600794621,0.006302336432373235,0.024680962831828995,0.04951448936335388,0.14567436971866451,0.14668933268249423,0.13114717859563127,0.21911187167034976,0.052873083704872016,0.17030499885292968,0.05310583772166652,0.39031831410466356
C:\Users\damba\.cache\kagglehub\datasets\sunnykusawa\ecommerce-products-image-dataset\versions\1\ecommerce products\tv\125.jpg,tv,exito,0.31830988618379075,0.13507239658513945,0.06363021920508102,0.11423881142980177,0.05127745101754156,0.06390151156974479,0.024278641272419937,0.05084573382064685,0.12017170527022474,0.058804302390970724,0.1622851569707474,0.09044825160884079,0.04059636261242498,0.11653562221138462,0.07103261145627121,0.14689003793803637,0.045981286069332265,0.12043327560798525,0.2024548924323552,0.13007633890506445,0.22495159344749738,0.06779943173113644,0.05784130534885436,0.12152462566209879,0.3302575216630549
C:\Users\damba\.cache\kagglehub\datasets\sunnykusawa\ecommerce-products-image-dataset\versions\1\ecommerce products\tv\126.jpg,tv,exito,0.3183098861837906,0.02762546295433323,0.013726650995900962,0.008438733435240355,0.06326197483866369,0.08416001669028345,0.03517881928713649,0.024932920150360922,0.06312037980453085,0.1032858735706394,0.1189126657727099,0.08303550647232437,0.06407528167607823,0.1200971120734727,0.09086774146469574,0.06117476147734302,0.11928391780880247,0.1035534024492182,0.07824276704234243,0.058938090335113415,0.07464447432621221,0.23521542449600033,0.09592547899490754,0.16090723759039957,0.06109720728469143
C:\Users\damba\.cache\kagglehub\datasets\sunnykusawa\ecommerce-products-image-dataset\versions\1\ecommerce products\tv\127.jpg,tv,exito,0.31830988618379047,0.027292087918488396,0.02923786974954605,0.0010029660422599793,0.05565013732391563,0.06667624179554657,0.010931335054975424,0.004009393192867067,0.07460793426311975,0.08273225699728302,0.10437828628224308,0.10432804498360444,0.1378399684791334,0.01199823647248051,0.0445392202261343,0.007899664569335458,0.09982159341923366,0.13514838240180463,0.13514399819559947,0.1331824683371584,0.28332255368019754,0.02598318038911607,0.2767103703666379,0.019271499575515744,0.414915131407562
C:\Users\damba\.cache\kagglehub\datasets\sunnykusawa\ecommerce-products-image-dataset\versions\1\ecommerce products\tv\128.jpg,tv,exito,0.3183098861837905,0.01417272980872173,0.01797859909262517,0.037369058005920316,0.031976111365558876,0.04774423997335204,0.005512122917664195,0.07135064821414605,0.049432002788643015,0.05419718959810964,0.07055257952962408,0.08937983745426523,0.049640634319321836,0.10720965678601241,0.08766709287114147,0.09583944244748181,0.045135288096038687,0.039978761600395304,0.03445988996468569,0.09842309788617577,0.13470480471385524,0.11590548752403448,0.14397391628483888,0.10965707134144007,0.08406530971307168
C:\Users\damba\.cache\kagglehub\datasets\sunnykusawa\ecommerce-products-image-dataset\versions\1\ecommerce products\tv\129.jpg,tv,exito,0.31830988618379047,0.02858456563785555,0.028897544175840777,0.000737845025783176,0.05801717753918172,0.06668030970995577,0.012666695489421669,0.0021653539785025135,0.07383871740229511,0.08634939646767033,0.10330862333586723,0.10332107326068064,0.14268859385084012,0.0060551101177432134,0.04889768965610508,0.005654891712610922,0.1062584335863865,0.13438702587549606,0.1345369978852745,0.13323687544304644,0.29308652873187196,0.013053090593906778,0.2878921691452149,0.010813909115154646,0.41759879496763924
C:\Users\damba\.cache\kagglehub\datasets\sunnykusawa\ecommerce-products-image-dataset\versions\1\ecommerce products\tv\13.jpg,tv,exito,0.3183098861837905,0.00973928219269663,0.017479026236721967,0.03679770315743747,0.01678601890982363,0.04291847722677629,0.0019935212563704403,0.06268981376545342,0.042340291795983004,0.04416926399120854,0.041693414627475354,0.09664117702383154,0.06053535528456732,0.0882668681707161,0.10069807128335184,0.10163846104709973,0.08044731619168573,0.04689265293643718,0.08053124597130082,0.11672223776604468,0.14664546432191988,0.10633388915042187,0.18920726615978434,0.15333086565937415,0.11231788870600337
C:\Users\damba\.cache\kagglehub\datasets\sunnykusawa\ecommerce-products-image-dataset\versions\1\ecommerce products\tv\130.jpg,tv,exito,0.31830988618379047,0.012574313957969733,0.03200283896777253,0.002439243572773715,0.02866828841281584,0.06650513519481585,0.0036253668812071325,0.004991007679574348,0.0830555225100383,0.042140677044203836,0.1160876865459356,0.116268308665938,0.09692872981517565,0.01884216108024142,0.007774427104275539,0.02743508849379391,0.03315489637599697,0.1478848941806694,0.1505352936203225,0.1300679998980804,0.20669264224316564,0.046298063909808604,0.14709968292736364,0.04941431961755459,0.3850185473135172
C:\Users\damba\.cache\kagglehub\datasets\sunnykusawa\ecommerce-products-image-dataset\versions\1\ecommerce products\tv\131.jpg,tv,exito,0.3183098861837905,0.018416817242809247,0.018630383217753486,0.036127801140139706,0.04782333229166267,0.04539281251637009,0.012435798155845846,0.06335045126943471,0.04469069736921003,0.08527671912378755,0.06025014936936257,0.09830564315064846,0.019593941920337532,0.10142171668993587,0.0741664362093055,0.11928665093388313,0.10520841200730659,0.03712115992352037,0.09516567701911659,0.12608002153398923,0.06305765542481483,0.13606570719681974,0.12126432360110427,0.1909322735984637,0.07336196004037686
C:\Users\damba\.cache\kagglehub\datasets\sunnykusawa\ecommerce-products-image-dataset\versions\1\ecommerce products\tv\132.jpg,tv,exito,0.3183098861837906,0.03633028480220989,0.011103153826006417,0.010239881784815696,0.07834132203481119,0.0840552508196057,0.022464718248516483,0.016330677453095473,0.06449966148903225,0.11661543523529237,0.12040176085416225,0.0816286412931868,0.03320390626042983,0.09605159235682163,0.09612257600829864,0.06219159429954083,0.11489106651875511,0.10834866666022556,0.07587211784801973,0.05743030453156118,0.03307595528698445,0.1959504264229071,0.11023521501676993,0.1566430732362571,0.0680286933533057
C:\Users\damba\.cache\kagglehub\datasets\sunnykusawa\ecommerce-products-image-dataset\versions\1\ecommerce products\tv\133.jpg,tv,exito,0.0,0.0,0.0,0.0,0.0,0.0,0.0,0.0,0.0,0.0,0.0,0.0,0.0,0.0,0.0,0.0,0.0,0.0,0.0,0.0,0.0,0.0,0.0,0.0,0.0
C:\Users\damba\.cache\kagglehub\datasets\sunnykusawa\ecommerce-products-image-dataset\versions\1\ecommerce products\tv\134.jpg,tv,exito,0.3183098861837907,0.5207375013668142,0.5881755323850135,0.5065514374913748,0.4428054336933644,0.26464259313769367,0.2305407367114299,0.13954905022751243,0.13097563532216722,0.09477996636976992,0.2981276674069561,0.5073408029368781,0.23351284694694463,0.3612275504135659,0.6071311066184929,0.7226734705925743,0.33559491980873174,0.49348053676342774,0.7359228328481406,0.6704623383731961,0.24513201277369442,0.32010660273879843,0.4201716899151697,0.6508119863676167,0.34910918284329306
C:\Users\damba\.cache\kagglehub\datasets\sunnykusawa\ecommerce-products-image-dataset\versions\1\ecommerce products\tv\135.jpg,tv,exito,0.3183098861837907,0.5207375013668142,0.5881755323850135,0.5065514374913748,0.4428054336933644,0.26464259313769367,0.2305407367114299,0.13954905022751243,0.13097563532216722,0.09477996636976992,0.2981276674069561,0.5073408029368781,0.23351284694694463,0.3612275504135659,0.6071311066184929,0.7226734705925743,0.33559491980873174,0.49348053676342774,0.7359228328481406,0.6704623383731961,0.24513201277369442,0.32010660273879843,0.4201716899151697,0.6508119863676167,0.34910918284329306
C:\Users\damba\.cache\kagglehub\datasets\sunnykusawa\ecommerce-products-image-dataset\versions\1\ecommerce products\tv\136.jpg,tv,exito,0.3183098861837905,0.01593870936254051,0.018229185965138117,0.03635100372857295,0.0435446470098534,0.04495647435457546,0.010098667469103203,0.06384541230102338,0.044156123912725,0.08130256172791663,0.05741876815853321,0.09827423773989309,0.02651418611556147,0.10160480174786116,0.07546582198150256,0.11800775620727423,0.10535802575069772,0.03838710573324304,0.09443414652339067,0.1259542569104327,0.07454930329581301,0.13563373349562968,0.12842827755715028,0.18956658437198096,0.07820474877113576
C:\Users\damba\.cache\kagglehub\datasets\sunnykusawa\ecommerce-products-image-dataset\versions\1\ecommerce products\tv\137.jpg,tv,exito,0.3183098861837905,0.0202183585010919,0.01895837898294055,0.0368501629538741,0.048542916133655044,0.04848272846519504,0.012734578226681663,0.06893479254173845,0.0500617153668548,0.07682071350603331,0.07662530025694829,0.09136746142948733,0.024400205328012035,0.102042851389498,0.0778664932116077,0.105944066933068,0.05382356101024299,0.05318922154607595,0.0509195604289297,0.10404894358652868,0.08770882623319612,0.10808625097434177,0.11447378620904496,0.13143384477470002,0.06668822017561035
C:\Users\damba\.cache\kagglehub\datasets\sunnykusawa\ecommerce-products-image-dataset\versions\1\ecommerce products\tv\138.jpg,tv,exito,0.3183098861837906,0.04683284422837095,0.003197828753000281,0.002328945945145618,0.10247254860762813,0.00898390782417854,0.018041472872904453,0.009238653107988666,0.01210352071262491,0.1528407055712866,0.03903799142061484,0.1597859444859999,0.07224452198527971,0.025597881107351856,0.059598146198412305,0.17083870155112624,0.1383166263417618,0.04445048394421067,0.1830845078435173,0.06478299744104911,0.12398677927908307,0.06109895418241089,0.12191757702699542,0.1951482269978746,0.08567113456894503
C:\Users\damba\.cache\kagglehub\datasets\sunnykusawa\ecommerce-products-image-dataset\versions\1\ecommerce products\tv\139.jpg,tv,exito,0.3183098861837905,0.009344875635230955,0.01744355647603705,0.03678689937574746,0.028539061377629005,0.045920608969946215,0.004372225024323401,0.06605073279070996,0.04615460554609417,0.05554910687021161,0.060905596597053635,0.09446688467105734,0.04790649498856884,0.09726087992856326,0.08042658931012586,0.1073901401165694,0.057991500309942795,0.02503760116565567,0.06759344487024756,0.11307956308500691,0.12479723417382285,0.10969352586961696,0.13372735334061323,0.15055304335361025,0.08168450145694676
C:\Users\damba\.cache\kagglehub\datasets\sunnykusawa\ecommerce-products-image-dataset\versions\1\ecommerce products\tv\14.jpg,tv,exito,0.0,0.0,0.0,0.0,0.0,0.0,0.0,0.0,0.0,0.0,0.0,0.0,0.0,0.0,0.0,0.0,0.0,0.0,0.0,0.0,0.0,0.0,0.0,0.0,0.0
C:\Users\damba\.cache\kagglehub\datasets\sunnykusawa\ecommerce-products-image-dataset\versions\1\ecommerce products\tv\140.jpg,tv,exito,0.0,0.0,0.0,0.0,0.0,0.0,0.0,0.0,0.0,0.0,0.0,0.0,0.0,0.0,0.0,0.0,0.0,0.0,0.0,0.0,0.0,0.0,0.0,0.0,0.0
C:\Users\damba\.cache\kagglehub\datasets\sunnykusawa\ecommerce-products-image-dataset\versions\1\ecommerce products\tv\141.jpg,tv,exito,0.31830988618379047,0.028550403831782516,0.04404356326654331,0.042395217875790044,0.06004662002622929,0.057465139486614976,0.06636458380507904,0.03099505057852515,0.04038920927935246,0.08441835666462826,0.0934122494554865,0.07003657921183501,0.06814929655165054,0.07528614797761653,0.07456930285623609,0.06673885507203262,0.07929482220901854,0.09592966648993427,0.06770629923975385,0.08868840921379281,0.03557195543186774,0.2058964159241108,0.10232455342109775,0.1680524933197713,0.08544129984788386
C:\Users\damba\.cache\kagglehub\datasets\sunnykusawa\ecommerce-products-image-dataset\versions\1\ecommerce products\tv\142.jpg,tv,exito,0.3183098861837906,0.013546370713609694,0.016458244024067196,0.00831145343359085,0.03820706617731461,0.08468237916109084,0.05022663723532282,0.018151047417588412,0.05632077169489607,0.07366084805398769,0.11180559619021449,0.07846594251025896,0.10825560014050771,0.09556250367220046,0.05985716681974461,0.052398353806365136,0.0879604210060381,0.0712071082330605,0.057165729367645246,0.053032524847724354,0.15864065132448882,0.18162214184924164,0.032887338255704925,0.13584843295943194,0.06489722373861988
C:\Users\damba\.cache\kagglehub\datasets\sunnykusawa\ecommerce-products-image-dataset\versions\1\ecommerce products\tv\143.jpg,tv,exito,0.3183098861837906,0.005339548557129848,0.017188633123388735,0.008712099925325538,0.019643465419120303,0.08527495285432389,0.05603381410901775,0.00808640041534786,0.04900703023391255,0.04826487200185443,0.1059623423968857,0.07297836036816975,0.13069185544376133,0.06067990787137409,0.0277625813753238,0.04326784236064944,0.059041882598516546,0.04683000562493547,0.03718592403506244,0.046396509216629335,0.21006704006671434,0.11617089361575698,0.0277194752382218,0.10904548490556039,0.07266115683260325
C:\Users\damba\.cache\kagglehub\datasets\sunnykusawa\ecommerce-products-image-dataset\versions\1\ecommerce products\tv\144.jpg,tv,exito,0.3183098861837905,0.009178397470599947,0.08530182981978914,0.07542354089648759,0.012492591102071354,0.004352448358759073,0.1430184995792594,0.06274265021791424,0.018479255684180323,0.011596621581788483,0.012637981162723244,0.0015951482853375754,0.18230882098519968,0.05082915484039655,0.01152877055626357,0.011627535450170869,0.017310198846064835,0.010339371871052426,0.001746448824366965,0.0013388110192668488,0.15654103642021966,0.219395145963177,0.039752555674309555,0.11275227613427767,0.09789201857380665
C:\Users\damba\.cache\kagglehub\datasets\sunnykusawa\ecommerce-products-image-dataset\versions\1\ecommerce products\tv\145.jpg,tv,exito,0.0,0.0,0.0,0.0,0.0,0.0,0.0,0.0,0.0,0.0,0.0,0.0,0.0,0.0,0.0,0.0,0.0,0.0,0.0,0.0,0.0,0.0,0.0,0.0,0.0
C:\Users\damba\.cache\kagglehub\datasets\sunnykusawa\ecommerce-products-image-dataset\versions\1\ecommerce products\tv\146.jpg,tv,exito,0.3183098861837906,0.023756969051876502,0.014663344923126247,0.0074034973166534936,0.05737130216992078,0.08415917707272999,0.03946803743753069,0.030589430621990737,0.06330485719132532,0.10065777248268926,0.11935657542425586,0.0844264440193497,0.07318982838311215,0.13648042093824758,0.09239021682656624,0.06183441270973,0.12742290200247713,0.10662604965301124,0.08277191679941344,0.06061243699034372,0.08174407701556358,0.2633261135317671,0.09769651313702533,0.16684682805053974,0.05642786224746026
C:\Users\damba\.cache\kagglehub\datasets\sunnykusawa\ecommerce-products-image-dataset\versions\1\ecommerce products\tv\147.jpg,tv,exito,0.3183098861837905,0.03560738483197993,0.023006810423731535,0.03559703669482166,0.07986358762776803,0.050534781726057555,0.0354464512772269,0.0642996095556658,0.05298475430468107,0.1192479217127689,0.0910896633452496,0.09299295870211358,0.04194485621552471,0.09195256105025047,0.0834923426228316,0.1156613689366863,0.09283215151738772,0.09342479086037983,0.06867945318476076,0.10693044820211112,0.029996667747245572,0.09492286191364886,0.11449232568307396,0.14674921369302757,0.04258095452432646
C:\Users\damba\.cache\kagglehub\datasets\sunnykusawa\ecommerce-products-image-dataset\versions\1\ecommerce products\tv\148.jpg,tv,exito,0.3183098861837905,0.04458267515049265,0.026398453757357467,0.033773706891508444,0.09746660029704483,0.051013210068202586,0.05385465562132077,0.055508827141200694,0.053523230451857466,0.14413468051560926,0.09532506717340945,0.09665618022651798,0.09472540371114764,0.07401398078176329,0.09479368076553833,0.12524156305198636,0.12365404237885656,0.108956486519434,0.09644961770873356,0.1160819658537235,0.1264159238271377,0.07867248149839806,0.142745772857958,0.17421129937356195,0.02584482780643111
C:\Users\damba\.cache\kagglehub\datasets\sunnykusawa\ecommerce-products-image-dataset\versions\1\ecommerce products\tv\149.jpg,tv,exito,0.3183098861837905,0.03884440053020076,0.024142503698298033,0.03557878956669604,0.0866581465418223,0.05125298950579981,0.041508644668460125,0.06487135857275252,0.054226129375561156,0.12988573350752586,0.09578016937325078,0.0924722349848199,0.05907883664178571,0.09318972675008097,0.08742178948138586,0.11576705321970117,0.10835615396292538,0.10694551729531367,0.0675673542724076,0.10479834280402042,0.061276395016425754,0.09739825549716051,0.12357884642405755,0.14272050357350183,0.039626219068891265
C:\Users\damba\.cache\kagglehub\datasets\sunnykusawa\ecommerce-products-image-dataset\versions\1\ecommerce products\tv\15.jpg,tv,exito,0.31830988618379064,0.02230101733518104,0.05138693871925186,0.05640447364826965,0.04110336376762375,0.06532329956989183,0.06383278553914658,0.09429865054868876,0.037189317811184154,0.06890903441496585,0.08506233182557428,0.02887993674918574,0.025068206705900868,0.12942368793099424,0.1467107226989314,0.021111714767112016,0.11449757906050811,0.08998597830352445,0.038724884178252594,0.016070243256180488,0.053159698553544195,0.15334489448131855,0.2603764876333325,0.01865498866491097,0.1488907390310958
C:\Users\damba\.cache\kagglehub\datasets\sunnykusawa\ecommerce-products-image-dataset\versions\1\ecommerce products\tv\150.jpg,tv,exito,0.3183098861837907,0.011414050508822082,0.10671722801814758,0.00030696631177530695,0.030459482602017713,7.338192830727979e-06,0.15111848528192892,0.0018765630763759296,0.09333176497927323,0.06174390751820305,0.01011752621693539,0.010040140518883765,0.13066251835886855,0.007120193640593278,0.21903647216928543,0.0006300389538028166,0.10016446360210438,0.04512330480117695,0.04471328052858929,3.0122830094149123e-05,0.041655709522488205,0.02077325973577119,0.3289042307963857,0.0044151351225645615,0.19896976775185782
C:\Users\damba\.cache\kagglehub\datasets\sunnykusawa\ecommerce-products-image-dataset\versions\1\ecommerce products\tv\151.jpg,tv,exito,0.31830988618379086,0.1678349362401073,0.038804451563786535,0.08381226722850614,0.024106965678392604,0.08447529507913212,0.05346139853616123,0.09289381130171358,0.07594206264275488,0.035142171490308544,0.1526812700419002,0.05851020417723334,0.07654339123880971,0.032751137162596256,0.08634640741050437,0.070572767585729,0.024275753702720584,0.1023659878931815,0.10023211008271969,0.06040603029028373,0.05995052314557749,0.03996495727545922,0.08988677083276028,0.10754543770852908,0.05051354689918107
C:\Users\damba\.cache\kagglehub\datasets\sunnykusawa\ecommerce-products-image-dataset\versions\1\ecommerce products\tv\152.jpg,tv,exito,0.31830988618379047,0.03910061338862708,0.03369395331904632,0.033986297419252534,0.08659227248396566,0.04913275327391773,0.013739504125398263,0.04955351067720615,0.055837884262901004,0.1303840784556957,0.08604222144895905,0.11865687156179647,0.06761968930248602,0.052829040358798394,0.08948234154922362,0.11576091668721256,0.11765705987136947,0.1113529452851038,0.1576211684055891,0.1320167057445857,0.16476321694613122,0.06634682048373845,0.17309824699055498,0.14331923965958174,0.18820347134204127
C:\Users\damba\.cache\kagglehub\datasets\sunnykusawa\ecommerce-products-image-dataset\versions\1\ecommerce products\tv\153.jpg,tv,exito,0.3183098861837906,0.024084878652810823,0.014589417901677773,0.009729358809664286,0.052894251038670466,0.08486311632863383,0.04189655023781629,0.011460652342508598,0.055495848805588326,0.08125463124417677,0.11202495813861432,0.07547097606226469,0.09064199583764174,0.06911844196506127,0.057342929639585136,0.05076461600018765,0.07313382291950202,0.0705176866214413,0.047206251757524256,0.04950653068421386,0.14155402863092126,0.13288865494528287,0.045311048991728886,0.12477525913515836,0.07188875878857871
C:\Users\damba\.cache\kagglehub\datasets\sunnykusawa\ecommerce-products-image-dataset\versions\1\ecommerce products\tv\154.jpg,tv,exito,0.3183098861837905,0.009762868391312202,0.017481193848931376,0.0367725388478589,0.02934090411665983,0.045973103553265345,0.004626988369128414,0.06603775059657366,0.046217098940654136,0.05641453449262544,0.06126874412657963,0.09447474097852775,0.04706053218675701,0.09730322539928568,0.08008367517670925,0.10762411667233578,0.05817111334667311,0.025370504922339904,0.06774131409980752,0.11313150452799789,0.12326999757220322,0.10976706725885754,0.1326325614006858,0.15090294969239149,0.0810282698954222
C:\Users\damba\.cache\kagglehub\datasets\sunnykusawa\ecommerce-products-image-dataset\versions\1\ecommerce products\tv\155.jpg,tv,exito,0.3183098861837906,0.04798788852143865,0.0016490289527886343,0.06322268156512004,0.09934692260870304,0.06286539551718971,0.04349948848647775,0.0885133845630311,0.010664571094732666,0.1397044312613018,0.12219607572839498,0.04042344838402458,0.14536965638144686,0.09008672651414788,0.04306146566920908,0.09384009388318287,0.12630050920025232,0.164005527034723,0.05697217872304288,0.152709996548181,0.2718686631861891,0.09384514298651449,0.12217046739145591,0.2031146702544223,0.1172501545889005
C:\Users\damba\.cache\kagglehub\datasets\sunnykusawa\ecommerce-products-image-dataset\versions\1\ecommerce products\tv\156.jpg,tv,exito,0.0,0.0,0.0,0.0,0.0,0.0,0.0,0.0,0.0,0.0,0.0,0.0,0.0,0.0,0.0,0.0,0.0,0.0,0.0,0.0,0.0,0.0,0.0,0.0,0.0
C:\Users\damba\.cache\kagglehub\datasets\sunnykusawa\ecommerce-products-image-dataset\versions\1\ecommerce products\tv\157.jpg,tv,exito,0.3183098861837906,0.04798788852143865,0.0016490289527886343,0.06322268156512004,0.09934692260870304,0.06286539551718971,0.04349948848647775,0.0885133845630311,0.010664571094732666,0.1397044312613018,0.12219607572839498,0.04042344838402458,0.14536965638144686,0.09008672651414788,0.04306146566920908,0.09384009388318287,0.12630050920025232,0.164005527034723,0.05697217872304288,0.152709996548181,0.2718686631861891,0.09384514298651449,0.12217046739145591,0.2031146702544223,0.1172501545889005
C:\Users\damba\.cache\kagglehub\datasets\sunnykusawa\ecommerce-products-image-dataset\versions\1\ecommerce products\tv\158.jpg,tv,exito,0.0,0.0,0.0,0.0,0.0,0.0,0.0,0.0,0.0,0.0,0.0,0.0,0.0,0.0,0.0,0.0,0.0,0.0,0.0,0.0,0.0,0.0,0.0,0.0,0.0
C:\Users\damba\.cache\kagglehub\datasets\sunnykusawa\ecommerce-products-image-dataset\versions\1\ecommerce products\tv\159.jpg,tv,exito,0.0,0.0,0.0,0.0,0.0,0.0,0.0,0.0,0.0,0.0,0.0,0.0,0.0,0.0,0.0,0.0,0.0,0.0,0.0,0.0,0.0,0.0,0.0,0.0,0.0
C:\Users\damba\.cache\kagglehub\datasets\sunnykusawa\ecommerce-products-image-dataset\versions\1\ecommerce products\tv\16.jpg,tv,exito,0.0,0.0,0.0,0.0,0.0,0.0,0.0,0.0,0.0,0.0,0.0,0.0,0.0,0.0,0.0,0.0,0.0,0.0,0.0,0.0,0.0,0.0,0.0,0.0,0.0
C:\Users\damba\.cache\kagglehub\datasets\sunnykusawa\ecommerce-products-image-dataset\versions\1\ecommerce products\tv\160.jpg,tv,exito,0.31830988618379047,0.03149344433028982,0.043210830050435314,0.0413674525205361,0.06479333574167759,0.055425738665325935,0.06109013901130619,0.022473179925362578,0.04464177997887743,0.09023767137657224,0.09360656604325455,0.07385358152033744,0.049411177229774714,0.10023348271580981,0.09633088447463425,0.07435403185776204,0.10062316002315409,0.11576029868668655,0.09151950601120466,0.09716819828032167,0.01228423207891902,0.2666816502560497,0.15100625362500555,0.1982732430867986,0.09251854858681333
C:\Users\damba\.cache\kagglehub\datasets\sunnykusawa\ecommerce-products-image-dataset\versions\1\ecommerce products\tv\161.jpg,tv,exito,0.0,0.0,0.0,0.0,0.0,0.0,0.0,0.0,0.0,0.0,0.0,0.0,0.0,0.0,0.0,0.0,0.0,0.0,0.0,0.0,0.0,0.0,0.0,0.0,0.0
C:\Users\damba\.cache\kagglehub\datasets\sunnykusawa\ecommerce-products-image-dataset\versions\1\ecommerce products\tv\162.jpg,tv,exito,0.31830988618379047,0.020324341240143786,0.030801342471438595,0.0026435490604447332,0.04196723680850365,0.0666007356899301,0.0024612232052813607,0.01243421952985257,0.08096709881882287,0.06274581153535283,0.11415273833755055,0.11284306624750201,0.1139493980528795,0.040574775799808796,0.011853310646187713,0.025921091446174986,0.0780453405041048,0.1481903750124552,0.1448529166849191,0.1324785236415571,0.24166662370553857,0.0863682587905669,0.18143149870959258,0.07709509462007734,0.3936051238786254
C:\Users\damba\.cache\kagglehub\datasets\sunnykusawa\ecommerce-products-image-dataset\versions\1\ecommerce products\tv\163.jpg,tv,exito,0.3183098861837906,0.004800653090175011,0.017214384013978117,0.008705377646257513,0.018605721731168326,0.08529635366310949,0.056242620059182805,0.007772370504246184,0.048726127468762356,0.04717070490857561,0.10575981206342307,0.0728056862063682,0.1314883467954034,0.0596629619101934,0.026508496065561642,0.042934912527816664,0.05823217908680979,0.04607080322001185,0.036624868141875905,0.04619291003001882,0.21177684148714257,0.11433970673815896,0.029354054469441875,0.10817782677361576,0.0728875015518717
C:\Users\damba\.cache\kagglehub\datasets\sunnykusawa\ecommerce-products-image-dataset\versions\1\ecommerce products\tv\164.jpg,tv,exito,0.31830988618379064,0.30819670584930114,0.11161348578062408,0.09622718248599306,0.21607193825052223,0.4574418728532685,0.009487468067155044,0.40518226325086504,0.3552715801981156,0.2841331533546318,0.2641609432170549,0.22011770201800626,0.6638965095011381,0.29661333563687803,0.28632354538641974,0.6098027048632939,0.6233637252682125,0.17460879773035842,0.5428597985233116,0.4162799391066405,0.3488543981347977,0.5953399076941098,0.5882730768509695,0.42320735271190546,0.3611778672385601
C:\Users\damba\.cache\kagglehub\datasets\sunnykusawa\ecommerce-products-image-dataset\versions\1\ecommerce products\tv\165.jpg,tv,exito,0.31830988618379086,0.14023333655811746,0.11640786832586368,0.07324156378833675,0.04700500015908423,0.08508512051853201,0.06097699695176044,0.04067580420378229,0.07236747225783222,0.06079840578907686,0.18288665227372283,0.16474101832933785,0.15191798968989412,0.08746621147537571,0.11317631072552431,0.13234797314509453,0.14272896792518858,0.1487749531029804,0.1547048921128006,0.10449771548691558,0.3417768926529363,0.18860750718598238,0.08192725970205293,0.2205306774347135,0.28599867567703874
C:\Users\damba\.cache\kagglehub\datasets\sunnykusawa\ecommerce-products-image-dataset\versions\1\ecommerce products\tv\166.jpg,tv,exito,0.31830988618379064,0.021733431187225878,0.051269160365048964,0.056428492318641034,0.03991112694088294,0.06549164350386473,0.06330657533791138,0.0945978784151622,0.03690978134200493,0.06718680459879078,0.08542827419382289,0.02871155911435042,0.023820013325871938,0.13005132893582258,0.1456434690156173,0.021228009342855167,0.11212884040081054,0.08898995241508338,0.03853565329435459,0.015920558947214666,0.055399266530011884,0.1536614995017237,0.2583579463851899,0.018366944601406827,0.14879391905271575
C:\Users\damba\.cache\kagglehub\datasets\sunnykusawa\ecommerce-products-image-dataset\versions\1\ecommerce products\tv\167.jpg,tv,exito,0.31830988618379047,0.04262415794783044,0.03932319488364613,0.04282167178752549,0.08562689655213991,0.05756380472696719,0.04186684330581172,0.03006762712062255,0.04524333661986406,0.11292242639632431,0.10129988726260601,0.0741389200300111,0.0012876408413104038,0.0685483508921365,0.10323770544792878,0.07394662275916294,0.09979242828303343,0.12826460175779097,0.0893727545999712,0.09749634841243911,0.08133246209797294,0.21289252266542333,0.16861175389613056,0.2010047574538866,0.07828822567461365
C:\Users\damba\.cache\kagglehub\datasets\sunnykusawa\ecommerce-products-image-dataset\versions\1\ecommerce products\tv\168.jpg,tv,exito,0.3183098861837905,0.01712359007478499,0.018413793242226254,0.0362228186052346,0.02064774086281292,0.04352103335665329,0.004343354398804835,0.060990586234449196,0.04356648953802994,0.021221412887303857,0.04382135768319719,0.09468139720070769,0.06186776326881588,0.08206598896036353,0.11238423851858742,0.09216515982458445,0.048478814139409084,0.027075313842433366,0.06618855922010596,0.10842005241324337,0.16213198886916158,0.089700413570983,0.20433710817850453,0.12390960657021931,0.11858783522753343
C:\Users\damba\.cache\kagglehub\datasets\sunnykusawa\ecommerce-products-image-dataset\versions\1\ecommerce products\tv\169.jpg,tv,exito,0.3183098861837906,0.04576034526210581,0.0006649490264195253,0.06275720486406773,0.09410937100097018,0.06174081889305019,0.03851756853097827,0.08583863216849795,0.012605652865340688,0.1312249139429283,0.11895137535566838,0.04053160849545387,0.13267885105846985,0.09169942627439007,0.03466742296466375,0.09490549759629352,0.12636691024193905,0.1570176005633412,0.06017854915124355,0.15661187543689753,0.25397401690589555,0.1264754484302481,0.10082993794072735,0.21371900822795292,0.12572600589605182
C:\Users\damba\.cache\kagglehub\datasets\sunnykusawa\ecommerce-products-image-dataset\versions\1\ecommerce products\tv\17.jpg,tv,exito,0.3183098861837906,0.023567922731162393,0.010916101359734899,0.00559999291674979,0.05747027643143484,0.008402869363966326,0.024056709509003057,0.023358256585418662,0.01050164493088576,0.08933633422898601,0.03237574719947998,0.15731190170514966,0.048074164121584995,0.047566027854484515,0.009387594599915824,0.1300970559306072,0.05810595689434519,0.0183338476352872,0.12585434041177948,0.10721361744656455,0.09034829315488178,0.04760819622459915,0.017499056369017,0.12006480818896766,0.057332420226287116
C:\Users\damba\.cache\kagglehub\datasets\sunnykusawa\ecommerce-products-image-dataset\versions\1\ecommerce products\tv\170.jpg,tv,exito,0.3183098861837906,0.034621999691627436,0.00788492368333565,0.004296089361305996,0.07863123911455522,0.008748654949180526,0.007183907676552197,0.017130125907667774,0.011239340027486467,0.11762200917551512,0.03612222480589494,0.15842341782303723,0.0006603992749371089,0.03482088299983862,0.03212464077823854,0.1492147225872551,0.08857052055697949,0.030960113869242568,0.14950767073324392,0.08893529920682955,0.005455699755697209,0.03948549901905943,0.052815694267048796,0.15252639065643925,0.07266231683503022
C:\Users\damba\.cache\kagglehub\datasets\sunnykusawa\ecommerce-products-image-dataset\versions\1\ecommerce products\tv\171.jpg,tv,exito,0.3183098861837906,0.025499894506389297,0.014258781422125213,0.007348496985607034,0.06050474866335454,0.08409279045557247,0.037261207222233486,0.031908832937250456,0.06421864325972186,0.10469259799381095,0.12046583214770296,0.08514813612816005,0.06666357661359161,0.14098808780686042,0.0967101091351408,0.06308780379683528,0.13301599893303095,0.11197765157245645,0.08627468573249535,0.06156713469107636,0.06863428825908285,0.2732723214773727,0.10706349591182053,0.17088980033419854,0.05567970395425192
C:\Users\damba\.cache\kagglehub\datasets\sunnykusawa\ecommerce-products-image-dataset\versions\1\ecommerce products\tv\172.jpg,tv,exito,0.31830988618379047,0.026139963190302526,0.04466478753143171,0.04128005017169774,0.05558360554338701,0.05514787914998761,0.06854069257581738,0.022807465582253685,0.0435325702571758,0.08155448815603546,0.09089113552626409,0.07260471103697717,0.06935546421141205,0.10238241433410959,0.08858717014881133,0.07260135861453716,0.09635801505205545,0.10614670244402134,0.08570096985883324,0.09459506390163619,0.021429069339079773,0.2647688671590675,0.13234699206047645,0.18848879589870426,0.09593936647468779
C:\Users\damba\.cache\kagglehub\datasets\sunnykusawa\ecommerce-products-image-dataset\versions\1\ecommerce products\tv\173.jpg,tv,exito,0.31830988618379047,0.03494221408149225,0.035144896201192294,0.03354236350723387,0.07871219894411886,0.04872639485310574,0.021507812415344288,0.04627514265451635,0.055419165737293656,0.11826234485881916,0.08364965275376983,0.11590406926785854,0.045639684528782906,0.03794858490128904,0.0759503953417984,0.11010627680773731,0.09746220741357088,0.10182008990077886,0.14207720789292835,0.13767728272593652,0.12460122485015471,0.0183218056712454,0.13807149715101177,0.13977937068042054,0.1847840276616786
C:\Users\damba\.cache\kagglehub\datasets\sunnykusawa\ecommerce-products-image-dataset\versions\1\ecommerce products\tv\174.jpg,tv,exito,0.0,0.0,0.0,0.0,0.0,0.0,0.0,0.0,0.0,0.0,0.0,0.0,0.0,0.0,0.0,0.0,0.0,0.0,0.0,0.0,0.0,0.0,0.0,0.0,0.0
C:\Users\damba\.cache\kagglehub\datasets\sunnykusawa\ecommerce-products-image-dataset\versions\1\ecommerce products\tv\175.jpg,tv,exito,0.3183098861837906,0.013563965710584642,0.016455996184895134,0.00871162596775966,0.036153181527265286,0.08487180536126843,0.050950788923467855,0.01375929026181224,0.054174741501993744,0.06780300739828213,0.11004106606559835,0.07638699079842506,0.11284167090903854,0.08068333110855472,0.0504766015796807,0.049555260927554905,0.076380110802647,0.06320400513332725,0.04937266241417412,0.05049967985025163,0.17267507642166097,0.15377164451083256,0.022130116680703006,0.12616151086542368,0.06832378835398724
C:\Users\damba\.cache\kagglehub\datasets\sunnykusawa\ecommerce-products-image-dataset\versions\1\ecommerce products\tv\176.jpg,tv,exito,0.31830988618379075,0.08978364714688523,0.04095379743649634,0.03965779622826886,0.04913185177065735,0.12126125408046866,0.03339045279395332,0.06821725973608227,0.027713604338658798,0.03686853546985648,0.09290500676957215,0.07781886176489496,0.02841956971570364,0.12406234780303722,0.037825773985505066,0.05765856800905383,0.020977113357276235,0.05986550175831839,0.042898564227649656,0.04758569956638181,0.24251158693883546,0.06823268460524795,0.11392364321671357,0.04610999626322661,0.09443253646121658
C:\Users\damba\.cache\kagglehub\datasets\sunnykusawa\ecommerce-products-image-dataset\versions\1\ecommerce products\tv\177.jpg,tv,exito,0.3183098861837906,0.3002908461799251,0.0568242812446465,0.0470043561330086,0.08887242922664364,0.11555845189428096,0.024994248619040767,0.014955271159075174,0.08350709216140996,0.11407267785941011,0.1820504618600059,0.13601009269694944,0.02489851087681197,0.029570812787298867,0.1682189808638921,0.12839055855948917,0.17936987521385,0.16467689390586135,0.05339575450566284,0.18062715318560169,0.13768934070293115,0.2251985674045129,0.15861364250760462,0.22737878770152714,0.20064492048334956
C:\Users\damba\.cache\kagglehub\datasets\sunnykusawa\ecommerce-products-image-dataset\versions\1\ecommerce products\tv\178.jpg,tv,exito,0.31830988618379047,0.024338086588765354,0.04509340389273266,0.04075332192635811,0.05222329058385546,0.05391510002186854,0.07037994960486979,0.020088781852681894,0.04481477919022414,0.07990425153860783,0.08928588181000974,0.073541279902907,0.07222600694859707,0.11675291387901626,0.09377748040179448,0.07514285462295855,0.10526380978263208,0.11093804732587334,0.09365647134416905,0.09693389030712316,0.01760245114960806,0.29349992293248206,0.1446760296631667,0.19663078494992295,0.1027030662915016
C:\Users\damba\.cache\kagglehub\datasets\sunnykusawa\ecommerce-products-image-dataset\versions\1\ecommerce products\tv\179.jpg,tv,exito,0.3183098861837905,0.03560738483197993,0.023006810423731535,0.03559703669482166,0.07986358762776803,0.050534781726057555,0.0354464512772269,0.0642996095556658,0.05298475430468107,0.1192479217127689,0.0910896633452496,0.09299295870211358,0.04194485621552471,0.09195256105025047,0.0834923426228316,0.1156613689366863,0.09283215151738772,0.09342479086037983,0.06867945318476076,0.10693044820211112,0.029996667747245572,0.09492286191364886,0.11449232568307396,0.14674921369302757,0.04258095452432646
C:\Users\damba\.cache\kagglehub\datasets\sunnykusawa\ecommerce-products-image-dataset\versions\1\ecommerce products\tv\18.jpg,tv,exito,0.0,0.0,0.0,0.0,0.0,0.0,0.0,0.0,0.0,0.0,0.0,0.0,0.0,0.0,0.0,0.0,0.0,0.0,0.0,0.0,0.0,0.0,0.0,0.0,0.0
C:\Users\damba\.cache\kagglehub\datasets\sunnykusawa\ecommerce-products-image-dataset\versions\1\ecommerce products\tv\180.jpg,tv,exito,0.31830988618379047,0.035887869137553534,0.034829256493357504,0.03335964185250262,0.08016670642114693,0.04896847457287865,0.01980081420063922,0.04571861297886272,0.05587189679015215,0.11980516595713574,0.085016397267777,0.11561741666007407,0.05054178702138603,0.036647804999003705,0.0777270007977024,0.11122042016348754,0.09977850495960001,0.10503864824716604,0.14325143672299373,0.13645485453940834,0.13376343088092876,0.018377747874848457,0.14274242443521515,0.1425103672646899,0.18704333848510585
C:\Users\damba\.cache\kagglehub\datasets\sunnykusawa\ecommerce-products-image-dataset\versions\1\ecommerce products\tv\181.jpg,tv,exito,0.3183098861837906,0.023324242633785044,0.01475935176257634,0.007423937453253219,0.056591926719737284,0.084176219641751,0.03999824564825853,0.030220990493012193,0.06306822367754093,0.09963658741383781,0.11907137010233229,0.08423435763895797,0.0747822091575457,0.13523823878926794,0.09127055142524605,0.061509332768880216,0.12597530025754988,0.10525425970229091,0.08186179956209712,0.06036021265206274,0.08500345910872259,0.26065292538740825,0.09529508117370447,0.16578533201161033,0.05665083162191585
C:\Users\damba\.cache\kagglehub\datasets\sunnykusawa\ecommerce-products-image-dataset\versions\1\ecommerce products\tv\182.jpg,tv,exito,0.3183098861837905,0.04420115007357207,0.026238829800241226,0.03235537581815575,0.0964385602029096,0.04850830455632402,0.05378827195347157,0.05138637547701732,0.04846255078433821,0.14804279381865976,0.08207183036558616,0.10274293584578748,0.0991564455529477,0.10015751716616526,0.08868489658265968,0.13734883197618947,0.16967675640173221,0.07923887133855892,0.13434766005730073,0.1386652665377408,0.1538463749052514,0.1797630409823264,0.13245340716935913,0.2374987119999079,0.03211894139573936
C:\Users\damba\.cache\kagglehub\datasets\sunnykusawa\ecommerce-products-image-dataset\versions\1\ecommerce products\tv\183.jpg,tv,exito,0.31830988618379064,0.007789637299196218,0.04932924143799831,0.056829170069334405,0.02733698351151321,0.07373065694946723,0.05761114361009814,0.10667900401891284,0.023668377282036298,0.06050519823726878,0.11082446191551747,0.02213142431943817,0.0204801118655594,0.16105489294417924,0.09473300549392896,0.027149294681345852,0.08013239569910223,0.10231911462834543,0.05961440662575362,0.008525216230948044,0.04780376678342621,0.19155332921396745,0.17600218231621395,0.006232789089925994,0.14502774286697906
C:\Users\damba\.cache\kagglehub\datasets\sunnykusawa\ecommerce-products-image-dataset\versions\1\ecommerce products\tv\184.jpg,tv,exito,0.31830988618379047,0.011862833034818346,0.032084771219909304,0.002878383343468271,0.024676066938490532,0.06640002531794173,0.004723786933732779,0.0074084823966033145,0.08678484531378117,0.036208883895464276,0.12217097573960424,0.1217933135358779,0.09340000990867373,0.0312436263400174,0.031264505309802466,0.03796173991496606,0.051075457145157245,0.1605126917054858,0.16243455041024596,0.1282178441715581,0.2073944811828518,0.07578207593178846,0.08560094520999126,0.08128596260261432,0.372600494003128
C:\Users\damba\.cache\kagglehub\datasets\sunnykusawa\ecommerce-products-image-dataset\versions\1\ecommerce products\tv\185.jpg,tv,exito,0.3183098861837906,0.006650268816716013,0.017114576533147234,0.008757649054650459,0.01692092536279407,0.08545067442011277,0.056351953810292586,0.006278634860815777,0.04695787630541945,0.04233526588704053,0.10471658103229788,0.07150380760147765,0.1337244537912772,0.05199033664613493,0.01976568718326285,0.04082453009622843,0.052301735211580845,0.04232363290987317,0.03255930401120718,0.04467541888900076,0.21880183647300638,0.1000510230643699,0.043113822150040816,0.10217978233756601,0.07481827764899082
C:\Users\damba\.cache\kagglehub\datasets\sunnykusawa\ecommerce-products-image-dataset\versions\1\ecommerce products\tv\186.jpg,tv,exito,0.3183098861837905,0.00742199760809676,0.017291625982156295,0.03704271700775953,0.017597339929141448,0.046143192069780556,0.001900167210450129,0.06770496484259117,0.04692644370414919,0.03770783675859375,0.06084951340692131,0.09214121052175973,0.0595330197502495,0.09847060372038018,0.0888358381797431,0.09887296771477917,0.03585425660484689,0.018393498448311996,0.050869182138422106,0.10552374396609403,0.15118748669207277,0.105532977205989,0.15104708751154455,0.12595809690646853,0.09029984066089752
C:\Users\damba\.cache\kagglehub\datasets\sunnykusawa\ecommerce-products-image-dataset\versions\1\ecommerce products\tv\187.jpg,tv,exito,0.3183098861837905,0.03963381902265009,0.024434446363882038,0.035300004311978515,0.0881114631248488,0.051192560189204726,0.04313711118964855,0.06334972867736818,0.054074943052375125,0.13153746853641587,0.09555592325738603,0.09316652907072033,0.06380055110407765,0.08960829563206674,0.08829578374096565,0.11730919839012115,0.10874316605266511,0.10667376005585325,0.07221085881230137,0.10661982965639723,0.06954467552050463,0.09184038885081452,0.1255475750837624,0.14763939255722297,0.03747642426266425
C:\Users\damba\.cache\kagglehub\datasets\sunnykusawa\ecommerce-products-image-dataset\versions\1\ecommerce products\tv\188.jpg,tv,exito,0.31830988618379064,0.30819670584930114,0.11161348578062408,0.09622718248599306,0.21607193825052223,0.4574418728532685,0.009487468067155044,0.40518226325086504,0.3552715801981156,0.2841331533546318,0.2641609432170549,0.22011770201800626,0.6638965095011381,0.29661333563687803,0.28632354538641974,0.6098027048632939,0.6233637252682125,0.17460879773035842,0.5428597985233116,0.4162799391066405,0.3488543981347977,0.5953399076941098,0.5882730768509695,0.42320735271190546,0.3611778672385601
C:\Users\damba\.cache\kagglehub\datasets\sunnykusawa\ecommerce-products-image-dataset\versions\1\ecommerce products\tv\189.jpg,tv,exito,0.0,0.0,0.0,0.0,0.0,0.0,0.0,0.0,0.0,0.0,0.0,0.0,0.0,0.0,0.0,0.0,0.0,0.0,0.0,0.0,0.0,0.0,0.0,0.0,0.0
C:\Users\damba\.cache\kagglehub\datasets\sunnykusawa\ecommerce-products-image-dataset\versions\1\ecommerce products\tv\19.jpg,tv,exito,0.31830988618379047,0.023175556886863385,0.030216876222255672,0.001392401241919643,0.04822833728640743,0.06664490269630359,0.00594898713904189,0.0027259798861662275,0.07669872499938807,0.07127559127526052,0.10707505450663486,0.10719190788110596,0.12390604318238545,0.0071537247317861805,0.032280651524241324,0.01191821686596975,0.07737919100635815,0.1366144253052794,0.13749721306429238,0.13266720629580162,0.25501671355375816,0.015881272460885307,0.2455681947913935,0.018795677477534006,0.4073460769790346
C:\Users\damba\.cache\kagglehub\datasets\sunnykusawa\ecommerce-products-image-dataset\versions\1\ecommerce products\tv\190.jpg,tv,exito,0.3183098861837905,0.05171731573233637,0.029636175170385304,0.031475463590624725,0.11125966780769445,0.05073979852440849,0.07120342886145747,0.045254315294520675,0.052679521462269015,0.16628505595039536,0.0950431844812992,0.10145643955164296,0.1451160894406291,0.06933173726215137,0.10558934335877296,0.13618712490086873,0.16933301198271092,0.11499928816179958,0.13117917473500443,0.13047518082304033,0.2266686752062994,0.1227831562048177,0.17568738760448913,0.21696827781113082,0.01143534396142557
C:\Users\damba\.cache\kagglehub\datasets\sunnykusawa\ecommerce-products-image-dataset\versions\1\ecommerce products\tv\191.jpg,tv,exito,0.3183098861837905,0.007989771737280596,0.01733286128915939,0.036970740325380606,0.011094614548868868,0.04570603024901803,0.0012216215947207945,0.06700653391668958,0.04644431226104011,0.02729274247433777,0.057713701626264595,0.09211866493296109,0.0638102380646312,0.09652629998751408,0.09445737363227988,0.09600376467941318,0.03227282045056027,0.013440059756705106,0.04984709598919554,0.10476227249594691,0.16074462588044044,0.10337319086430438,0.16384315412394307,0.1210100489859037,0.09685518822204013
C:\Users\damba\.cache\kagglehub\datasets\sunnykusawa\ecommerce-products-image-dataset\versions\1\ecommerce products\tv\192.jpg,tv,exito,0.3183098861837906,0.028442203132493547,0.01351085790757852,0.007292894169237188,0.06584399461595963,0.08397994277956702,0.03322949829566496,0.034019604712202056,0.06574971659392953,0.1116165708748613,0.12236215848178565,0.08634754868244723,0.054893689195017165,0.1482727310260435,0.10396869087854238,0.06520045109113241,0.14276536925172367,0.1212297872877075,0.09229312641074167,0.06317189459130686,0.04524334108166849,0.28987121462718707,0.12310898240356045,0.1777176434865202,0.05460699425713745
C:\Users\damba\.cache\kagglehub\datasets\sunnykusawa\ecommerce-products-image-dataset\versions\1\ecommerce products\tv\193.jpg,tv,exito,0.3183098861837906,0.030721315535230526,0.012875437920462588,0.006902471411897242,0.07023906663814528,0.08386818934323835,0.029650063624612234,0.03797990413863907,0.06745949261534326,0.11878186221847567,0.12473157213423577,0.0880513612958846,0.04359235235544208,0.16105203774431115,0.1124118144390694,0.06771827127013534,0.15653102656323292,0.13314396851530255,0.10040102880815184,0.06543064896521364,0.019429648909273144,0.3168758657451761,0.1421212836050083,0.18714976679423923,0.05202893683171472
C:\Users\damba\.cache\kagglehub\datasets\sunnykusawa\ecommerce-products-image-dataset\versions\1\ecommerce products\tv\194.jpg,tv,exito,0.3183098861837907,0.331036453474167,0.30272752798521235,0.016546882903085036,0.08027782136410894,0.24174539550605634,0.011620173271365388,0.1446343421001487,0.1791608109340841,0.18149933854813335,0.1465494150379135,0.21260088788148926,0.2586089720519543,0.22757659477896436,0.25742782368387007,0.1791936708789073,0.444043394674536,0.3719230003187343,0.19059531985732225,0.1456323962998721,0.16126915382849596,0.544230761010515,0.39070863666921885,0.3119786025241285,0.05311234621588031
C:\Users\damba\.cache\kagglehub\datasets\sunnykusawa\ecommerce-products-image-dataset\versions\1\ecommerce products\tv\195.jpg,tv,exito,0.3183098861837905,0.004084369119512303,0.017110651502300032,0.03688900808877817,0.01096579075955804,0.04384937034312153,0.0008535341055820765,0.06422802273441669,0.043527513256976465,0.040617472408596415,0.04748914081047059,0.09570408776463392,0.06183402049177852,0.09205432532412618,0.0939466187469974,0.10274394845724999,0.06981685334242443,0.03576335702332053,0.07406334606105769,0.11508480483477168,0.1491529538122752,0.10761355618995282,0.17202166873479616,0.15033860620279746,0.10310803235959243
C:\Users\damba\.cache\kagglehub\datasets\sunnykusawa\ecommerce-products-image-dataset\versions\1\ecommerce products\tv\196.jpg,tv,exito,0.3183098861837906,0.04866032158865583,0.001955284531956558,0.06345111735492516,0.10110166791738968,0.06321021761309008,0.04507059512067296,0.08983340612130128,0.010044081078652362,0.14303767279904808,0.12325906933137254,0.04040255242669498,0.14947581912321603,0.09145651141275153,0.04578179286716571,0.09339532701598324,0.12890843889978099,0.1665617706787719,0.055649968702754814,0.15118642008663888,0.27810258493858137,0.08559358847309435,0.12901228594883865,0.1989881104200991,0.11412609034419938
C:\Users\damba\.cache\kagglehub\datasets\sunnykusawa\ecommerce-products-image-dataset\versions\1\ecommerce products\tv\197.jpg,tv,exito,0.3183098861837905,0.010473293817613433,0.01754894049200454,0.0371690123809143,0.022183109647847626,0.04677495283751599,0.002907415223931627,0.06921497108276149,0.04798047978059102,0.040720593054253997,0.06442781770636949,0.09073476085947045,0.05777310976198093,0.1018192975579953,0.09011122345625883,0.09616757938169317,0.03373449775883878,0.024900606341348174,0.041894538142798074,0.10165654762676238,0.14968748926079417,0.10868786351313767,0.15173404902236307,0.11554777030953589,0.08949218933157524
C:\Users\damba\.cache\kagglehub\datasets\sunnykusawa\ecommerce-products-image-dataset\versions\1\ecommerce products\tv\198.jpg,tv,exito,0.3183098861837905,0.007601840408448317,0.017304358523077334,0.036776982621587795,0.005853880463467332,0.04400900232509186,0.0008646587531432768,0.06393814290492202,0.04394636886764859,0.02917385642084501,0.047714470495015725,0.09480545855666322,0.0648520171168676,0.09000755951245998,0.09887444232018598,0.09865404562191138,0.056793494012270955,0.02907910036323393,0.067436148158158,0.11152794984102789,0.15931362258563825,0.10132811773986523,0.17936886174777505,0.13806897041608357,0.10655431617767197
C:\Users\damba\.cache\kagglehub\datasets\sunnykusawa\ecommerce-products-image-dataset\versions\1\ecommerce products\tv\199.jpg,tv,exito,0.3183098861837906,0.12493528083812387,0.04920929134139467,0.13031487125576824,0.018006894359414244,0.029185533707820337,0.08587918947811846,0.08357572094352968,0.039696873664485696,0.06991524425614214,0.05925757765188794,0.1265843739512709,0.013797366345972764,0.11500846059860946,0.11664253928414382,0.12394051013635037,0.09428946415702273,0.08970386094301702,0.030626390681484202,0.13183576616078582,0.11267565388653895,0.10961156372318111,0.2551028829386333,0.14737693772534463,0.12561978213206357
C:\Users\damba\.cache\kagglehub\datasets\sunnykusawa\ecommerce-products-image-dataset\versions\1\ecommerce products\tv\2.jpg,tv,exito,0.3183098861837906,0.005167470482143563,0.017197153252774825,0.008638030492096552,0.02220736588805943,0.085144315931816,0.055574200608267926,0.009974858254885179,0.050535246469488336,0.052877194550654566,0.10698295131915002,0.07413352975915571,0.12784457035732857,0.06788441576022435,0.034120565122182506,0.045129951495297214,0.06460001301108555,0.050787852369889266,0.04102881512247777,0.04776178309631711,0.20235808447464088,0.12945887438937184,0.015324040753717507,0.11445368158373273,0.07095026884669392
C:\Users\damba\.cache\kagglehub\datasets\sunnykusawa\ecommerce-products-image-dataset\versions\1\ecommerce products\tv\20.jpg,tv,exito,0.3183098861837906,0.052084239029744926,0.0007499657773172719,0.00044329321123786215,0.11292264945898108,0.008991342934583316,0.031075850116543114,0.003277392565253391,0.012500008439221713,0.16934526038606043,0.03946015431151182,0.16046238128980858,0.10910488634273587,0.01990111638413478,0.07210121187880243,0.18054807456583652,0.164184687225966,0.047882314874460645,0.20031395708880614,0.05010244254215227,0.19214189220149036,0.06936904173296359,0.1556824900847674,0.2142408633468317,0.08936641449719475
C:\Users\damba\.cache\kagglehub\datasets\sunnykusawa\ecommerce-products-image-dataset\versions\1\ecommerce products\tv\21.jpg,tv,exito,0.3183098861837906,0.03136107360458484,0.005446729394694618,0.08608938780113379,0.0692079356085799,0.08529267430481814,0.06318544295050305,0.1267448423117074,0.11396433564303002,0.10400397864335706,0.15749436043911813,0.096426817895759,0.19963509333364135,0.136708131934762,0.07042683961845067,0.028939637962257354,0.09611283741227711,0.2174013515924759,0.12708941677435223,0.06920788476700479,0.37107171536837535,0.11945776451646306,0.031072132137454918,0.1354788649767742,0.08424180924388038
C:\Users\damba\.cache\kagglehub\datasets\sunnykusawa\ecommerce-products-image-dataset\versions\1\ecommerce products\tv\22.jpg,tv,exito,0.31830988618379047,0.0019732657800106625,0.03272958168156618,0.0026207139679895464,0.005218770099432426,0.06630228470041344,0.008332205262550177,0.0041605728143901234,0.08944236952905592,0.0074340826844534495,0.12569575605005595,0.12630545700798132,0.08319212953666744,0.028725281233039825,0.04801500458948279,0.04299582632583184,0.0433078484323282,0.1668771768096982,0.1733934700709473,0.12440624494838079,0.19132115737117905,0.08690232695066825,0.038627874228270666,0.06399169070016691,0.3627063719054672
C:\Users\damba\.cache\kagglehub\datasets\sunnykusawa\ecommerce-products-image-dataset\versions\1\ecommerce products\tv\23.jpg,tv,exito,0.3183098861837905,0.029363110865394743,0.021095024492057777,0.034893781247942464,0.06782007746995455,0.046977436054029445,0.0261597241915746,0.059701256022887575,0.046637145781790165,0.10775027811653329,0.07088717276404913,0.0992870056666069,0.020092561491750656,0.09919131290880186,0.07455507098604261,0.12575920129773252,0.11705043015894186,0.047903574720283906,0.104862892324311,0.12875882902443722,0.005860980891401209,0.14256921090563845,0.10507151014560148,0.2029139732792482,0.05417353533537375
C:\Users\damba\.cache\kagglehub\datasets\sunnykusawa\ecommerce-products-image-dataset\versions\1\ecommerce products\tv\24.jpg,tv,exito,0.31830988618379075,0.13507239658513945,0.06363021920508102,0.11423881142980177,0.05127745101754156,0.06390151156974479,0.024278641272419937,0.05084573382064685,0.12017170527022474,0.058804302390970724,0.1622851569707474,0.09044825160884079,0.04059636261242498,0.11653562221138462,0.07103261145627121,0.14689003793803637,0.045981286069332265,0.12043327560798525,0.2024548924323552,0.13007633890506445,0.22495159344749738,0.06779943173113644,0.05784130534885436,0.12152462566209879,0.3302575216630549
C:\Users\damba\.cache\kagglehub\datasets\sunnykusawa\ecommerce-products-image-dataset\versions\1\ecommerce products\tv\25.jpg,tv,exito,0.31830988618379064,0.4388465092058614,0.20018606036823242,0.3667152486107285,0.07315259590719767,0.18042010460160043,0.23948369949796064,0.22771773885600508,0.05899942702093758,0.23756908469600402,0.2054387665709045,0.12478023219690187,0.2776277267024337,0.11955713818531566,0.08355461314502112,0.07924272799439139,0.3049623793473709,0.15826912011829278,0.18377866329414336,0.06586703581329828,0.46510851002262216,0.2698935438957023,0.25053797179578713,0.22896796541630485,0.23239802876888585
C:\Users\damba\.cache\kagglehub\datasets\sunnykusawa\ecommerce-products-image-dataset\versions\1\ecommerce products\tv\26.jpg,tv,exito,0.0,0.0,0.0,0.0,0.0,0.0,0.0,0.0,0.0,0.0,0.0,0.0,0.0,0.0,0.0,0.0,0.0,0.0,0.0,0.0,0.0,0.0,0.0,0.0,0.0
C:\Users\damba\.cache\kagglehub\datasets\sunnykusawa\ecommerce-products-image-dataset\versions\1\ecommerce products\tv\27.jpg,tv,exito,0.31830988618379047,0.04081739431531801,0.03304740548650731,0.03395643697038154,0.08962337449523637,0.049437304519734576,0.010289528186383045,0.05014464528735361,0.05631975545663474,0.13472981791724245,0.08780626546145318,0.11909382098201697,0.07744426182626267,0.056914230726794364,0.09421181263719207,0.11801256755013993,0.1255237587706599,0.11681354582262135,0.16262388508987607,0.1295726721334436,0.183312158760779,0.0787569509244599,0.18580388441695997,0.14677450062942343,0.1908529317058122
C:\Users\damba\.cache\kagglehub\datasets\sunnykusawa\ecommerce-products-image-dataset\versions\1\ecommerce products\tv\28.jpg,tv,exito,0.31830988618379047,0.022901962727865627,0.04541310443436706,0.04145778414455635,0.05012283319496988,0.05550143911055387,0.0726778450305041,0.02445534973430837,0.04213025692190145,0.07626448592282291,0.08968761539239054,0.07117859096384581,0.08170543114402892,0.09691229243247208,0.08030381551108666,0.0701294207142163,0.09001562535385894,0.09707364591027459,0.07784859515892932,0.0915084138279602,0.04636525065047872,0.24939374780190018,0.11325522046682111,0.17745046255829783,0.09575955568151441
C:\Users\damba\.cache\kagglehub\datasets\sunnykusawa\ecommerce-products-image-dataset\versions\1\ecommerce products\tv\29.jpg,tv,exito,0.3183098861837905,0.025461886868280256,0.020087117075021636,0.03540337569074193,0.06107834088462215,0.0459353504285697,0.020832556492335043,0.06144249390882408,0.045098997794450875,0.10237978162687172,0.06472611857502687,0.09972268773756858,0.0059374594893662975,0.1042477630962498,0.07292147130440504,0.12507400861158322,0.12413927336936134,0.04153614679572604,0.10646941071463378,0.13092052519206993,0.01432416477475436,0.15132478736459604,0.11097589228312683,0.20747816149474016,0.06379431070180037
C:\Users\damba\.cache\kagglehub\datasets\sunnykusawa\ecommerce-products-image-dataset\versions\1\ecommerce products\tv\3.jpg,tv,exito,0.3183098861837906,0.0017193214049417219,0.0173090568699153,0.008659685277697358,0.016245437111710573,0.08530332085974016,0.05673413567845929,0.007537693762678696,0.04854632044471646,0.04579588182699929,0.10557185445948657,0.07278163911117265,0.13280579535647846,0.05961281515160443,0.025400758229205473,0.04273590658371829,0.05812304517618505,0.04536945227045995,0.03654149743943281,0.04616237796928877,0.2138649588631317,0.11440029604772158,0.02908196415286059,0.10787088551010886,0.07283721939391305
C:\Users\damba\.cache\kagglehub\datasets\sunnykusawa\ecommerce-products-image-dataset\versions\1\ecommerce products\tv\30.jpg,tv,exito,0.0,0.0,0.0,0.0,0.0,0.0,0.0,0.0,0.0,0.0,0.0,0.0,0.0,0.0,0.0,0.0,0.0,0.0,0.0,0.0,0.0,0.0,0.0,0.0,0.0
C:\Users\damba\.cache\kagglehub\datasets\sunnykusawa\ecommerce-products-image-dataset\versions\1\ecommerce products\tv\31.jpg,tv,exito,0.3183098861837905,0.03993253514046376,0.024546449258494377,0.03475291411454339,0.08833685964361866,0.05076012774455032,0.04387636726603653,0.0601901196586001,0.05321588005515405,0.1308755445338846,0.09311894710389648,0.09476282422332931,0.06621208936661972,0.08320081393906846,0.08824719347961898,0.12038683982761142,0.10549700642888402,0.10057515450887901,0.08196421501267245,0.11131323427983032,0.07380260371879314,0.0849378691660581,0.1254173147555582,0.15983267140249727,0.0344698169617419
C:\Users\damba\.cache\kagglehub\datasets\sunnykusawa\ecommerce-products-image-dataset\versions\1\ecommerce products\tv\32.jpg,tv,exito,0.3183098861837905,0.03464763719669764,0.022689067741904507,0.035322143306928504,0.07770189166001688,0.05001350828879766,0.03387027321927053,0.06248340835202572,0.05202487824726877,0.11555498376324073,0.08798338945952651,0.09413795390817399,0.037835003413132035,0.0887579041102307,0.08206162965459855,0.11751793059068841,0.0873967295062147,0.08514837634930603,0.07505639508544372,0.11050374763157737,0.022910988119422195,0.09285039287177668,0.11134855486882392,0.15554628553525002,0.042352534451136827
C:\Users\damba\.cache\kagglehub\datasets\sunnykusawa\ecommerce-products-image-dataset\versions\1\ecommerce products\tv\33.jpg,tv,exito,0.31830988618379047,0.021947653765162094,0.04561479652523904,0.040990617366732256,0.048449999932148324,0.05433655560170292,0.07326921344183314,0.021478769711882235,0.043659971189259884,0.0761304752894576,0.08856259139214975,0.07233895084096963,0.08109976270751655,0.11017958717694941,0.08708746291122962,0.07298392898325463,0.09884539916218975,0.10311167755022466,0.08654270715196928,0.09428530284447316,0.03711409661734937,0.277139974213167,0.1285624727011664,0.18706499707481375,0.10148158154300671
C:\Users\damba\.cache\kagglehub\datasets\sunnykusawa\ecommerce-products-image-dataset\versions\1\ecommerce products\tv\34.jpg,tv,exito,0.3183098861837906,0.0411611216835919,0.005549675405883747,0.0034719214848902688,0.09130264113476515,0.008906459779330422,0.00542520714835174,0.013892719056095003,0.011683558696094054,0.13601299392894178,0.037957156037676264,0.15910408354636119,0.03652103047062043,0.03198240010378467,0.046465240191745236,0.16050357112676825,0.11422120380110015,0.03862440482356379,0.16630570545857254,0.07772869421042071,0.05919367276885218,0.05346809011571693,0.08806940775242679,0.1756831370190826,0.08035839620857924
C:\Users\damba\.cache\kagglehub\datasets\sunnykusawa\ecommerce-products-image-dataset\versions\1\ecommerce products\tv\35.jpg,tv,exito,0.3183098861837906,0.01675667592209945,0.012210409858270847,0.0061053681327512795,0.044751694114253254,0.008162671249393343,0.031596358365710536,0.0258903518136467,0.010091262071526889,0.07335491754937802,0.02986308813363514,0.1567090582062671,0.07056675233897101,0.05309315956484609,0.006655321807641505,0.11897834501362788,0.04345576728299137,0.010589999952591047,0.11455870803188309,0.11646447624921222,0.1292519473756445,0.05449811675346561,0.03663557022780228,0.10174244853556567,0.04664249606795656
C:\Users\damba\.cache\kagglehub\datasets\sunnykusawa\ecommerce-products-image-dataset\versions\1\ecommerce products\tv\36.jpg,tv,exito,0.3183098861837905,0.04488454698282855,0.026525724235521974,0.03378252483164879,0.09811249570223382,0.05110269149464942,0.054519927716182935,0.055596558550027764,0.05369099013299904,0.1451612811479468,0.09588123933497321,0.09656001234529725,0.09655993530801664,0.0738282807337718,0.09535536531266024,0.12513489383748136,0.12491963573942697,0.11052897483140686,0.09607455753754458,0.11568313491375569,0.1296822890684525,0.07727374334418224,0.14419506848148897,0.17325582507340537,0.025628099247915336
C:\Users\damba\.cache\kagglehub\datasets\sunnykusawa\ecommerce-products-image-dataset\versions\1\ecommerce products\tv\37.jpg,tv,exito,0.31830988618379075,0.06799759673811566,0.17273416176516723,0.22947158660072703,0.06051365722751608,0.10067089260835818,0.08219238990585706,0.06460408107338243,0.051934672752664224,0.0717913762444577,0.0683720814829263,0.04209367974883538,0.03427377234853926,0.11005801889963532,0.06197621438048815,0.11753184612901349,0.10809542079584995,0.0137037785416071,0.12786923090510005,0.09200476866869857,0.2340842118768698,0.13055674654131205,0.20655049832300626,0.079081374173001,0.1567974202921029
C:\Users\damba\.cache\kagglehub\datasets\sunnykusawa\ecommerce-products-image-dataset\versions\1\ecommerce products\tv\38.jpg,tv,exito,0.31830988618379047,0.004548235021262676,0.03265044811692224,0.002574844960311939,0.014880373393820387,0.06639722548611662,0.007342215503238025,0.0016990684198535523,0.0864233300673799,0.021673231369132667,0.12087793193309507,0.12150700672849361,0.08631888583780778,0.018257670339841884,0.028041616736116222,0.0350875070784354,0.015363970604228467,0.1559783272026918,0.16139064465894767,0.12722887730219448,0.19054191370900064,0.05792907119113037,0.09118760978908906,0.05014401305014751,0.3730068765219125
C:\Users\damba\.cache\kagglehub\datasets\sunnykusawa\ecommerce-products-image-dataset\versions\1\ecommerce products\tv\39.jpg,tv,exito,0.31830988618379064,0.00986396718368273,0.04950180629195288,0.05668986707324732,0.012886765268520893,0.06865020134682047,0.055646148683719025,0.09930697822160715,0.03146094484216457,0.02958817832429612,0.09290314295838195,0.025835475611353367,0.00631082812140508,0.13934999443634474,0.12489882071564912,0.023407285217886292,0.05495062794824487,0.07091631307001123,0.039933897702831116,0.012872220612028959,0.08692261998296893,0.15470374247324012,0.21968909030066322,0.012857688574505099,0.14718475949445367
C:\Users\damba\.cache\kagglehub\datasets\sunnykusawa\ecommerce-products-image-dataset\versions\1\ecommerce products\tv\4.jpg,tv,exito,0.3183098861837905,2.6504622345529306e-17,0.04024607756346777,7.40826716032043e-18,2.208718528794109e-18,0.0,0.1280557013383065,0.0,0.043362777172760006,0.0,0.0,0.0,0.3046987922378967,1.5730458046415257e-17,0.21247760814652356,1.5461029701558764e-17,1.1043592643970545e-18,5.521796321985272e-19,1.7807258072580878e-17,0.0,0.5087447492674912,0.0,0.4996355547572437,1.987846675914698e-17,0.5947927602196896
C:\Users\damba\.cache\kagglehub\datasets\sunnykusawa\ecommerce-products-image-dataset\versions\1\ecommerce products\tv\40.jpg,tv,exito,0.3183098861837905,0.04075550981055209,0.02485937175975454,0.033001028641428884,0.09010191666913153,0.04756744270052292,0.04671693065169251,0.05461978790406578,0.046866927919907916,0.1415888410029222,0.07664953276239707,0.10296422052307168,0.08064326779063893,0.1093753213700755,0.08252216661414803,0.13693883529552806,0.17239728376930327,0.0658209769786178,0.1339580084512225,0.14085254186407836,0.12568295054871315,0.19202613644534605,0.11940250578489492,0.24241309219649163,0.041592864352576676
C:\Users\damba\.cache\kagglehub\datasets\sunnykusawa\ecommerce-products-image-dataset\versions\1\ecommerce products\tv\41.jpg,tv,exito,0.31830988618379047,0.010572833421236405,0.032221157186768934,0.002464152687680204,0.025221710243821402,0.06647972397719171,0.004802922638952728,0.0036022404297378833,0.08381449292052363,0.03697004158854094,0.11708520273068092,0.11744830583974264,0.09360623737613183,0.016235324140015873,0.011722308354868753,0.028938427867567517,0.0232509342035972,0.14921502231290046,0.15276413004746384,0.12942202331790714,0.2008319112608655,0.044398703339666494,0.13468871882522349,0.046892629233127606,0.382229660768257
C:\Users\damba\.cache\kagglehub\datasets\sunnykusawa\ecommerce-products-image-dataset\versions\1\ecommerce products\tv\42.jpg,tv,exito,0.3183098861837907,0.006362697349458292,0.10629407136159318,9.538798349817115e-05,0.016971006353313067,1.2711404747698963e-06,0.148531636462812,0.0005829900878998396,0.09333158655055071,0.03432854744966597,0.005583257874761061,0.00559681692249555,0.12170681276077924,0.0018207781383960035,0.21816504140372966,0.00019578088983565335,0.05533613503541197,0.024818581569546763,0.02489039218199364,5.217953158184199e-06,0.019049328009949403,0.0037076089183567034,0.3227961306665127,0.0013709355331240469,0.1989710861417815
C:\Users\damba\.cache\kagglehub\datasets\sunnykusawa\ecommerce-products-image-dataset\versions\1\ecommerce products\tv\43.jpg,tv,exito,0.3183098861837906,0.026837334116180563,0.010139520764435805,0.005132632860998964,0.06379609729387178,0.008517698263917971,0.019581964366144726,0.020911136800161656,0.010740381989378663,0.09733503003328711,0.03359524008257113,0.1576771912963759,0.03493979624098606,0.04108712492706622,0.015344930424226869,0.1361833174458656,0.06370496660284374,0.022038404293955274,0.132466852645375,0.10086536283438323,0.068297420300153,0.03618204790152475,0.014438589928431484,0.1271425972117242,0.062132382905039606
C:\Users\damba\.cache\kagglehub\datasets\sunnykusawa\ecommerce-products-image-dataset\versions\1\ecommerce products\tv\44.jpg,tv,exito,0.31830988618379047,0.0036883529912023426,0.032683823583700145,0.002602409141140734,0.013023464662594157,0.06637756948895691,0.007627270814847213,0.002326935029176035,0.08706138725986491,0.018942456407740088,0.12188291883525144,0.12250225601783549,0.08545201922232966,0.0205067513709611,0.03222389863924714,0.03676525617300312,0.02201434371011549,0.15811946472648783,0.16373472460861,0.12670168668839601,0.19017936767203525,0.06377002795631247,0.0803107033505932,0.053556348386607576,0.37082575817985236
C:\Users\damba\.cache\kagglehub\datasets\sunnykusawa\ecommerce-products-image-dataset\versions\1\ecommerce products\tv\45.jpg,tv,exito,0.3183098861837905,0.03282118712673869,0.02210836740433595,0.03543450646843125,0.07401375860233371,0.04967127389210037,0.03075103259650519,0.0627863917039956,0.05146724626379612,0.11035220538876304,0.08574440469638592,0.09420950233344258,0.02905842068815273,0.08981284461848191,0.08028615651143961,0.11702504808025434,0.08206827496115343,0.07883662524505956,0.07450575755755003,0.11104016262768482,0.007516830806250709,0.09517995764373872,0.1080235739100673,0.15615312570262013,0.04489864247675383
C:\Users\damba\.cache\kagglehub\datasets\sunnykusawa\ecommerce-products-image-dataset\versions\1\ecommerce products\tv\46.jpg,tv,exito,0.3183098861837906,0.04079937203801139,0.005689393872897995,0.003644689924873675,0.09057340471305796,0.008904015334684304,0.004647696349879945,0.014860569064928268,0.011647993531525045,0.13505194597974968,0.03791115766848152,0.15904163062940324,0.03432117996361034,0.03479487573026635,0.0455146507771007,0.15969089680541892,0.11376986082270114,0.038326630334217814,0.16517013318186666,0.07922537539232473,0.05563579157883553,0.057263498490716484,0.0859153040268959,0.17535224494688081,0.08007937917037043
C:\Users\damba\.cache\kagglehub\datasets\sunnykusawa\ecommerce-products-image-dataset\versions\1\ecommerce products\tv\47.jpg,tv,exito,0.3183098861837905,0.019040143985989712,0.08399044687996632,0.07619513085471072,0.035683594942486,0.00905967745379727,0.13641337735054415,0.06696971728232036,0.017873568719808088,0.03965981732023596,0.022535225440887593,0.003272689540956476,0.16574755813250452,0.03990557435203382,0.014328523882323665,0.0113178028868941,0.012567543170380793,0.02109544362746006,0.0016786494991399038,0.002752491548855408,0.13453221825406605,0.20354624379903583,0.045962647476485555,0.11276469362417325,0.09755615445912746
C:\Users\damba\.cache\kagglehub\datasets\sunnykusawa\ecommerce-products-image-dataset\versions\1\ecommerce products\tv\48.jpg,tv,exito,0.31830988618379047,0.02302106804694694,0.04538732918764515,0.0411725730311195,0.0502845670760183,0.05482500846465782,0.07224128625498494,0.022485095214493978,0.04320762445893235,0.07711996796172049,0.08932536003292631,0.07207908740030712,0.07910864286226886,0.10498605045733615,0.08550871517793816,0.07211263826767572,0.09581393304572529,0.10194401629430146,0.08394810462409873,0.09358632672300168,0.03686837363552929,0.2670704264078795,0.12498001487381283,0.18469240930183603,0.09872151355020371
C:\Users\damba\.cache\kagglehub\datasets\sunnykusawa\ecommerce-products-image-dataset\versions\1\ecommerce products\tv\49.jpg,tv,exito,0.3183098861837905,0.0363859564456405,0.023270949118401267,0.034676360552280384,0.08094467213881042,0.04970260540152771,0.037211816391133044,0.05919497602016143,0.051324565262700524,0.11995345786446573,0.08659630374100227,0.09599065853042076,0.04799872958985636,0.08426684548985801,0.08312597244132526,0.1216467444473743,0.09500640596657042,0.08266822618023943,0.08733051098709209,0.11596756093271095,0.04254003792085704,0.09525160636095709,0.11381385354998545,0.17067947505515985,0.03823543821753332
C:\Users\damba\.cache\kagglehub\datasets\sunnykusawa\ecommerce-products-image-dataset\versions\1\ecommerce products\tv\5.jpg,tv,exito,0.3183098861837905,0.047300179087294315,0.027575099672016164,0.032811442791121644,0.10261113453418283,0.05080207171607997,0.06021340661592975,0.0509298276996151,0.05298844698769164,0.15196488885693818,0.09459964039810437,0.09881335710123129,0.11325006899989704,0.06943393433682445,0.0985866425109068,0.13003815744768984,0.13902647301552953,0.10942586778825361,0.11150994064467985,0.12249737522630696,0.16272851322582055,0.09173645468461221,0.15412831918827552,0.19271362906789025,0.019489648540202454
C:\Users\damba\.cache\kagglehub\datasets\sunnykusawa\ecommerce-products-image-dataset\versions\1\ecommerce products\tv\50.jpg,tv,exito,0.3183098861837907,0.011204812404233941,0.1066949255628549,0.00029581508412901213,0.029900325692342605,6.941982572874024e-06,0.15098212210955672,0.001808369758518649,0.09333154958266521,0.06060366476657463,0.009830702481518785,0.009856083869028772,0.13019012587937953,0.006077108852657359,0.21898717835750084,0.0006071513071601901,0.09824480298630671,0.04375605698907833,0.043890285587029794,2.849640948336554e-05,0.0404583234587209,0.014873501757766968,0.3285568455732316,0.004254572553951053,0.19897135929703016
C:\Users\damba\.cache\kagglehub\datasets\sunnykusawa\ecommerce-products-image-dataset\versions\1\ecommerce products\tv\51.jpg,tv,exito,0.3183098861837907,0.5720914858395311,0.6404335024354034,0.7505145256603384,0.6023553002946411,0.8511972222578114,0.3701445035599863,0.5226022371675495,0.8799425360900126,0.19347926289432388,0.5070722566907314,0.8508585507712356,0.1286385490229562,0.31510824753386546,0.6250365171555794,0.7875547657047478,0.3021206919593049,0.49302055975663545,0.8214036196177424,0.7251840910013254,0.31266748750869117,0.35459327522412615,0.5874440513518038,1.0201213811053544,0.7073248237648289
C:\Users\damba\.cache\kagglehub\datasets\sunnykusawa\ecommerce-products-image-dataset\versions\1\ecommerce products\tv\52.jpg,tv,exito,0.31830988618379047,0.04033160744245291,0.04021939834821417,0.043947236096435555,0.08222828003349548,0.059484055247517216,0.047206327252323745,0.040097330029385876,0.04112987690818342,0.10934310754943534,0.10153892142476593,0.07041473495978667,0.01919351254383141,0.05012083497734651,0.0827855777283827,0.06667349365252587,0.08097717813740744,0.11334098614892478,0.06581704342772952,0.08941785931939572,0.03768217313646926,0.15626535220515458,0.1232622489931481,0.17165955353834073,0.07214853285469819
C:\Users\damba\.cache\kagglehub\datasets\sunnykusawa\ecommerce-products-image-dataset\versions\1\ecommerce products\tv\53.jpg,tv,exito,0.3183098861837905,0.018961345500227392,0.084004557939463,0.07629871682839652,0.03644143743990358,0.009026326514461211,0.13630585120898622,0.06736731549222878,0.01778726411570249,0.04083267266399942,0.021979430371708325,0.0032541368036277424,0.16498728792056155,0.03905447287743901,0.014671258092898343,0.01127513719801571,0.006849941877899968,0.020862090435184815,0.0015285416291958244,0.0027377452406788,0.1328087050360962,0.20302821877080962,0.046833651141100816,0.11283995076691047,0.09751104199256722
C:\Users\damba\.cache\kagglehub\datasets\sunnykusawa\ecommerce-products-image-dataset\versions\1\ecommerce products\tv\54.jpg,tv,exito,0.3183098861837906,0.020828932950117653,0.003127130482904651,0.03232938987125778,0.047584927663414905,0.07211126634157221,0.05166017297383069,0.05097989730496386,0.09156245443512359,0.07047318644267012,0.1337323862146691,0.17130765567042103,0.16755771376744868,0.0717152140670161,0.08561769459480417,0.05652411498735371,0.05006180707791147,0.18009985136162063,0.230310256889756,0.03799754592115461,0.3027029147782304,0.11854784856551154,0.12939559865523442,0.11516808032379569,0.2805533575797241
C:\Users\damba\.cache\kagglehub\datasets\sunnykusawa\ecommerce-products-image-dataset\versions\1\ecommerce products\tv\55.jpg,tv,exito,0.0,0.0,0.0,0.0,0.0,0.0,0.0,0.0,0.0,0.0,0.0,0.0,0.0,0.0,0.0,0.0,0.0,0.0,0.0,0.0,0.0,0.0,0.0,0.0,0.0
C:\Users\damba\.cache\kagglehub\datasets\sunnykusawa\ecommerce-products-image-dataset\versions\1\ecommerce products\tv\56.jpg,tv,exito,0.0,0.0,0.0,0.0,0.0,0.0,0.0,0.0,0.0,0.0,0.0,0.0,0.0,0.0,0.0,0.0,0.0,0.0,0.0,0.0,0.0,0.0,0.0,0.0,0.0
C:\Users\damba\.cache\kagglehub\datasets\sunnykusawa\ecommerce-products-image-dataset\versions\1\ecommerce products\tv\57.jpg,tv,exito,0.3183098861837905,0.016787153642336277,0.01836003049340948,0.03757404398109559,0.036803399395458014,0.048301365877043624,0.0072046381796304175,0.0732637596494669,0.050394466388839994,0.06106796779143775,0.07385549657449351,0.08801240630898235,0.04565316724347766,0.11241292355060045,0.08950301180532995,0.09330609363554174,0.05762013699901268,0.05018088965634352,0.026117172456324673,0.09494053831970495,0.12749245863314893,0.12492840180181305,0.14748852159304357,0.10083904595730452,0.0842915158693449
C:\Users\damba\.cache\kagglehub\datasets\sunnykusawa\ecommerce-products-image-dataset\versions\1\ecommerce products\tv\58.jpg,tv,exito,0.31830988618379047,0.0024396038309340584,0.08029557596769765,0.03003930067761805,0.011958855405546063,0.04121242327446973,0.11059396593118727,0.04686560781756981,0.08073285079112087,0.044372412408364446,0.056735628984733034,0.05281223834196497,0.08418856126965105,0.055453697770934174,0.19808297919021461,0.07120924952247484,0.09062893034241642,0.08375836241191356,0.06919489706748512,0.08284151010431322,0.005319408379602598,0.04713465330395554,0.3134203481799472,0.0867087136175445,0.1881435917066525
C:\Users\damba\.cache\kagglehub\datasets\sunnykusawa\ecommerce-products-image-dataset\versions\1\ecommerce products\tv\59.jpg,tv,exito,0.31830988618379064,0.009780394734458226,0.04949406983366074,0.056700979993918696,0.013178191875120435,0.0687164788301092,0.055652068421699015,0.09945075067634224,0.03137216716402321,0.030610823309818843,0.09314959975186837,0.025780101266949282,0.006479131781442397,0.13978293588862836,0.1245584837657854,0.023463941933288046,0.056329287970315424,0.07159759985825936,0.040334848360766624,0.012826994246384626,0.08631742664117292,0.15554869034647337,0.21929242200684404,0.012821867894310569,0.147148721003561
C:\Users\damba\.cache\kagglehub\datasets\sunnykusawa\ecommerce-products-image-dataset\versions\1\ecommerce products\tv\6.jpg,tv,exito,0.3183098861837905,0.03186290634650696,0.03695585781216503,0.05035643201952615,0.06777824216161794,0.09925711237722734,0.10942037289413717,0.06506940599437058,0.060818502266010384,0.09725714967221832,0.17619839409251095,0.10021807052897569,0.2514392820322165,0.04524206114686283,0.01685789535953996,0.10633115301814014,0.0874578750151377,0.24077515617830283,0.1359073294399555,0.08179117816134912,0.4229255424115492,0.006594129531166704,0.086106703105783,0.2293756280469693,0.1762145651560507
C:\Users\damba\.cache\kagglehub\datasets\sunnykusawa\ecommerce-products-image-dataset\versions\1\ecommerce products\tv\60.jpg,tv,exito,0.3183098861837907,0.516655468288996,0.4444329307920366,0.5582102730090701,0.20471320283450697,0.4509455783648621,0.25246811651473294,0.0818309822181559,0.23761875396272764,0.6144992034647111,0.29138527303340234,0.02004743795235171,0.9131354705270516,0.7382377378079502,0.341722983220462,0.2582133436424933,0.8676301186333798,0.5857496652951936,0.21607957014898632,0.42521483378941316,0.6204847412418056,0.5297738360027533,0.22380647114270708,0.0370411760111451,0.49058721671449784
C:\Users\damba\.cache\kagglehub\datasets\sunnykusawa\ecommerce-products-image-dataset\versions\1\ecommerce products\tv\61.jpg,tv,exito,0.0,0.0,0.0,0.0,0.0,0.0,0.0,0.0,0.0,0.0,0.0,0.0,0.0,0.0,0.0,0.0,0.0,0.0,0.0,0.0,0.0,0.0,0.0,0.0,0.0
C:\Users\damba\.cache\kagglehub\datasets\sunnykusawa\ecommerce-products-image-dataset\versions\1\ecommerce products\tv\62.jpg,tv,exito,0.3183098861837905,0.019912402462052583,0.018900519099219543,0.036065453563991885,0.024601350708950896,0.04445849922423181,0.005909086099789151,0.06177193915462598,0.04508972169169157,0.007284274491673259,0.048963602285652975,0.09277682037752935,0.060635607273863905,0.08386753722659171,0.11591201198256015,0.08702473182732984,0.022717650780635746,0.0078455267531418,0.05324555063831079,0.10271609614671107,0.16568513345687716,0.08838678317603552,0.20670764416174178,0.10523726564628154,0.11735885200835837
C:\Users\damba\.cache\kagglehub\datasets\sunnykusawa\ecommerce-products-image-dataset\versions\1\ecommerce products\tv\63.jpg,tv,exito,0.31830988618379064,0.012393739660833746,0.049767146468100765,0.05684209098957079,0.02431039805482023,0.06877977171823996,0.05733442925587129,0.10046448618102995,0.0317002619016937,0.051977150978589265,0.09444008066910685,0.025716627717851714,0.012378764605951336,0.14416996782243388,0.12576545068178394,0.02367117261973534,0.09034377010094789,0.08513433179330958,0.044512133394440156,0.013113550027308154,0.0711206427399583,0.16897402554199406,0.22496610314157767,0.013982984869104731,0.14702463033018603
C:\Users\damba\.cache\kagglehub\datasets\sunnykusawa\ecommerce-products-image-dataset\versions\1\ecommerce products\tv\64.jpg,tv,exito,0.3183098861837906,0.04748067046288571,0.0014208391639569874,0.06315322690766377,0.09820818161990581,0.0626299940441038,0.04233415270889333,0.08803343727693735,0.01102863882633021,0.13779781489778734,0.12146123622941767,0.040454120550700294,0.14229474471716202,0.089990780314007,0.04143231135363047,0.09398640759801744,0.12495568690169552,0.1622692950106704,0.05739789790941564,0.15331846594827064,0.26691741911385314,0.09879910321224172,0.1180284169666925,0.20468499860266234,0.11863775086167225
C:\Users\damba\.cache\kagglehub\datasets\sunnykusawa\ecommerce-products-image-dataset\versions\1\ecommerce products\tv\65.jpg,tv,exito,0.3183098861837905,0.03186290634650696,0.03695585781216503,0.05035643201952615,0.06777824216161794,0.09925711237722734,0.10942037289413717,0.06506940599437058,0.060818502266010384,0.09725714967221832,0.17619839409251095,0.10021807052897569,0.2514392820322165,0.04524206114686283,0.01685789535953996,0.10633115301814014,0.0874578750151377,0.24077515617830283,0.1359073294399555,0.08179117816134912,0.4229255424115492,0.006594129531166704,0.086106703105783,0.2293756280469693,0.1762145651560507
C:\Users\damba\.cache\kagglehub\datasets\sunnykusawa\ecommerce-products-image-dataset\versions\1\ecommerce products\tv\66.jpg,tv,exito,0.3183098861837906,0.030105068193690954,0.0049319274096202995,0.06418743772421516,0.06680095032298593,0.05545080518738248,0.009620404037073264,0.08936165362463289,0.019064303921936,0.10125462568442391,0.09878542645601826,0.04279972935953464,0.05472777325854344,0.11122594254567629,0.01864672803169866,0.09273583049408038,0.11973126377363648,0.11494518684325167,0.06135180308930982,0.15554489616927475,0.12180439254411236,0.16937418865457832,0.04904660541415403,0.20860658357024103,0.13426446000030248
C:\Users\damba\.cache\kagglehub\datasets\sunnykusawa\ecommerce-products-image-dataset\versions\1\ecommerce products\tv\67.jpg,tv,exito,0.0,0.0,0.0,0.0,0.0,0.0,0.0,0.0,0.0,0.0,0.0,0.0,0.0,0.0,0.0,0.0,0.0,0.0,0.0,0.0,0.0,0.0,0.0,0.0,0.0
C:\Users\damba\.cache\kagglehub\datasets\sunnykusawa\ecommerce-products-image-dataset\versions\1\ecommerce products\tv\68.jpg,tv,exito,0.31830988618379075,0.0042593124066893605,0.19443721727750404,0.23872289371493655,0.006508896265378896,0.0063888836552687,0.06324546939505961,0.08823399562943623,0.07324975469779317,0.00852000087824281,0.0060975397062410525,0.0029411049919110936,0.09130884714642416,0.15811468221497021,0.01715395247193378,0.10274154963457843,0.005217926234515963,0.0031172373483558235,0.006831850951560291,0.0054985994657546795,0.3996282912713749,0.1309573266456445,0.22423948795627704,0.046315527425878605,0.19178552947881103
C:\Users\damba\.cache\kagglehub\datasets\sunnykusawa\ecommerce-products-image-dataset\versions\1\ecommerce products\tv\69.jpg,tv,exito,0.31830988618379075,0.058415904545694,0.0764414330573222,0.05997255028838657,0.0746868047718879,0.026832161759808546,0.01710261318653422,0.0349202856369056,0.03298134225546968,0.08095061309875218,0.09102449263357949,0.06161301631784621,0.10488814839576908,0.032585738400726386,0.06686423822179499,0.04326422174712029,0.09885118417738369,0.13292455349086832,0.11064624571228451,0.21492303773234336,0.20938421596877205,0.11165964081881007,0.21100058621578188,0.13607710580256757,0.3461293000240186
C:\Users\damba\.cache\kagglehub\datasets\sunnykusawa\ecommerce-products-image-dataset\versions\1\ecommerce products\tv\7.jpg,tv,exito,0.0,0.0,0.0,0.0,0.0,0.0,0.0,0.0,0.0,0.0,0.0,0.0,0.0,0.0,0.0,0.0,0.0,0.0,0.0,0.0,0.0,0.0,0.0,0.0,0.0
C:\Users\damba\.cache\kagglehub\datasets\sunnykusawa\ecommerce-products-image-dataset\versions\1\ecommerce products\tv\70.jpg,tv,exito,0.0,0.0,0.0,0.0,0.0,0.0,0.0,0.0,0.0,0.0,0.0,0.0,0.0,0.0,0.0,0.0,0.0,0.0,0.0,0.0,0.0,0.0,0.0,0.0,0.0
C:\Users\damba\.cache\kagglehub\datasets\sunnykusawa\ecommerce-products-image-dataset\versions\1\ecommerce products\tv\71.jpg,tv,exito,0.3183098861837907,0.5018550669184417,0.23192560006738588,0.5934276293093791,0.13619555524775181,0.6237415708086719,0.6549541757345517,0.5086230222533717,0.6146287810733813,0.896421042472342,0.8353336099431437,0.5814231629817775,0.7319364387515355,0.8806180980075707,1.0940010828273516,0.5347333974477196,0.25756765342887916,0.6652117787248157,1.2790908623966046,0.48175634877965956,0.48421281805547167,0.3138553073343486,0.3177341301292127,1.3946313647248052,0.427246151538084
C:\Users\damba\.cache\kagglehub\datasets\sunnykusawa\ecommerce-products-image-dataset\versions\1\ecommerce products\tv\72.jpg,tv,exito,0.31830988618379047,0.023682997390368856,0.04524164666546192,0.04107692990140265,0.051347118166112156,0.05462601055890043,0.07139091055899709,0.02183860621855434,0.04366451513356302,0.07827435811474423,0.08947877263425826,0.07251970199638445,0.07633353094579169,0.10771881733783395,0.08801368950259425,0.07295287789114967,0.09822864385502075,0.10465916726977866,0.08663292585999238,0.09456780740747453,0.03035017615742236,0.2736086298282211,0.1308418120793655,0.1881886180991898,0.09939476131685346
C:\Users\damba\.cache\kagglehub\datasets\sunnykusawa\ecommerce-products-image-dataset\versions\1\ecommerce products\tv\73.jpg,tv,exito,0.3183098861837905,0.048940502713962025,0.07441182957440243,0.08112949293341225,0.09644367067279802,0.02379269226134497,0.08898712625143775,0.09498799254053689,0.013915844195253551,0.12039663181376312,0.06178319424179459,0.0078070379185080085,0.046570837524760815,0.03931922193860615,0.031829099898347105,0.009409108594803895,0.061417702269020547,0.08019144481536322,0.0075908758602299,0.006676280141718494,0.038720865576424686,0.07352294394433789,0.0903696590415717,0.11155670506834509,0.09547676715570484
C:\Users\damba\.cache\kagglehub\datasets\sunnykusawa\ecommerce-products-image-dataset\versions\1\ecommerce products\tv\74.jpg,tv,exito,0.3183098861837905,0.048940502713962025,0.07441182957440243,0.08112949293341225,0.09644367067279802,0.02379269226134497,0.08898712625143775,0.09498799254053689,0.013915844195253551,0.12039663181376312,0.06178319424179459,0.0078070379185080085,0.046570837524760815,0.03931922193860615,0.031829099898347105,0.009409108594803895,0.061417702269020547,0.08019144481536322,0.0075908758602299,0.006676280141718494,0.038720865576424686,0.07352294394433789,0.0903696590415717,0.11155670506834509,0.09547676715570484
C:\Users\damba\.cache\kagglehub\datasets\sunnykusawa\ecommerce-products-image-dataset\versions\1\ecommerce products\tv\75.jpg,tv,exito,0.3183098861837905,0.048940502713962025,0.07441182957440243,0.08112949293341225,0.09644367067279802,0.02379269226134497,0.08898712625143775,0.09498799254053689,0.013915844195253551,0.12039663181376312,0.06178319424179459,0.0078070379185080085,0.046570837524760815,0.03931922193860615,0.031829099898347105,0.009409108594803895,0.061417702269020547,0.08019144481536322,0.0075908758602299,0.006676280141718494,0.038720865576424686,0.07352294394433789,0.0903696590415717,0.11155670506834509,0.09547676715570484
C:\Users\damba\.cache\kagglehub\datasets\sunnykusawa\ecommerce-products-image-dataset\versions\1\ecommerce products\tv\76.jpg,tv,exito,0.3183098861837905,0.048940502713962025,0.07441182957440243,0.08112949293341225,0.09644367067279802,0.02379269226134497,0.08898712625143775,0.09498799254053689,0.013915844195253551,0.12039663181376312,0.06178319424179459,0.0078070379185080085,0.046570837524760815,0.03931922193860615,0.031829099898347105,0.009409108594803895,0.061417702269020547,0.08019144481536322,0.0075908758602299,0.006676280141718494,0.038720865576424686,0.07352294394433789,0.0903696590415717,0.11155670506834509,0.09547676715570484
C:\Users\damba\.cache\kagglehub\datasets\sunnykusawa\ecommerce-products-image-dataset\versions\1\ecommerce products\tv\77.jpg,tv,exito,0.3183098861837905,0.048940502713962025,0.07441182957440243,0.08112949293341225,0.09644367067279802,0.02379269226134497,0.08898712625143775,0.09498799254053689,0.013915844195253551,0.12039663181376312,0.06178319424179459,0.0078070379185080085,0.046570837524760815,0.03931922193860615,0.031829099898347105,0.009409108594803895,0.061417702269020547,0.08019144481536322,0.0075908758602299,0.006676280141718494,0.038720865576424686,0.07352294394433789,0.0903696590415717,0.11155670506834509,0.09547676715570484
C:\Users\damba\.cache\kagglehub\datasets\sunnykusawa\ecommerce-products-image-dataset\versions\1\ecommerce products\tv\78.jpg,tv,exito,0.31830988618379075,0.3804470104909456,0.031041978880716387,0.29653012496242753,0.10308176931264729,0.18855919259485412,0.025678649582395522,0.09038589166244056,0.12964460807135883,0.24309951736810595,0.27886527275205614,0.12493279283431102,0.25868685476073505,0.33379483159490486,0.4194132035467407,0.14782294770039542,0.20001217314952133,0.3001901989887501,0.4163048923224672,0.16858966512261492,0.24290022630448974,0.1423715159490422,0.29282870264748745,0.3052738555513628,0.15940452242195866
C:\Users\damba\.cache\kagglehub\datasets\sunnykusawa\ecommerce-products-image-dataset\versions\1\ecommerce products\tv\79.jpg,tv,exito,0.3183098861837906,0.023928827960991394,0.014624725816036226,0.007315694707876016,0.03055713024137524,0.0866118596370629,0.04942935064217177,0.005951779048058749,0.03147457029722846,0.01109538733943316,0.09807771350345663,0.06324479171492092,0.1322453190497107,0.008144014676762961,0.045504981219164534,0.0239230172504807,0.01689595756162486,0.028954016855867005,0.016627326944879513,0.035646017929078046,0.23893861281098625,0.023314613290147966,0.14046967840803676,0.06075038482418443,0.08727412389037961
C:\Users\damba\.cache\kagglehub\datasets\sunnykusawa\ecommerce-products-image-dataset\versions\1\ecommerce products\tv\8.jpg,tv,exito,0.3183098861837906,0.17926970315224613,0.006833059528187105,0.0813877907069418,0.04812428788864485,0.07009755176184061,0.13468384984163356,0.06835158193314289,0.010827271558661271,0.06350540865603116,0.1284988806998867,0.051055483021061,0.018795848949153163,0.048367407471557954,0.20831404092310843,0.025341707301867206,0.0978863114157292,0.12019551141535378,0.03321943584830897,0.01044771971068069,0.08612837914190921,0.1076202325809772,0.26256038917736296,0.04371969320262765,0.14575335419119817
C:\Users\damba\.cache\kagglehub\datasets\sunnykusawa\ecommerce-products-image-dataset\versions\1\ecommerce products\tv\80.jpg,tv,exito,0.31830988618379075,0.14406167829568597,0.1510124040653206,0.0918411649229149,0.10497973446579772,0.0378682351738129,0.028285477010049798,0.09483098830511182,0.006841152525609659,0.1683396783018521,0.1221952592940469,0.07758153557161906,0.12391186422934375,0.18486136980103704,0.031114984169608624,0.1313522838347352,0.2314941621415402,0.060876107904676624,0.06416742464340139,0.22743445377410917,0.3871284654546401,0.30926791790127367,0.03642477097444924,0.25418733780151886,0.23076851782959554
C:\Users\damba\.cache\kagglehub\datasets\sunnykusawa\ecommerce-products-image-dataset\versions\1\ecommerce products\tv\81.jpg,tv,exito,0.3183098861837905,0.012236792407358569,0.0177376679244645,0.03661095329310218,0.03690820943836828,0.044547061591512505,0.0070299778904935025,0.06434954435996985,0.04375581106478603,0.07394821772526432,0.054407855605491544,0.09788421678281903,0.03631117946066819,0.10039346270658,0.07809868965487783,0.11536836104720125,0.1004886903904145,0.03964763078635577,0.09110478294746678,0.12441123241758066,0.09283075997599521,0.1310571666347617,0.1378601641876758,0.18366098740758086,0.08410536509206885
C:\Users\damba\.cache\kagglehub\datasets\sunnykusawa\ecommerce-products-image-dataset\versions\1\ecommerce products\tv\82.jpg,tv,exito,0.3183098861837905,0.048940502713962025,0.07441182957440243,0.08112949293341225,0.09644367067279802,0.02379269226134497,0.08898712625143775,0.09498799254053689,0.013915844195253551,0.12039663181376312,0.06178319424179459,0.0078070379185080085,0.046570837524760815,0.03931922193860615,0.031829099898347105,0.009409108594803895,0.061417702269020547,0.08019144481536322,0.0075908758602299,0.006676280141718494,0.038720865576424686,0.07352294394433789,0.0903696590415717,0.11155670506834509,0.09547676715570484
C:\Users\damba\.cache\kagglehub\datasets\sunnykusawa\ecommerce-products-image-dataset\versions\1\ecommerce products\tv\83.jpg,tv,exito,0.3183098861837905,0.009999683037053526,0.08522760648556267,0.07565593205665977,0.01817376213271447,0.004746774055303832,0.14234632741242784,0.06375462024584225,0.018295406424509282,0.019730558881410974,0.011968651950162734,0.001732108702306855,0.17980806353824555,0.048824027793609365,0.012459065923916043,0.011533426948290057,0.00914430649774839,0.010543658033846649,0.0010566809384600481,0.001454665908440248,0.152063384383034,0.21746106399997997,0.04179810425131744,0.11289709600311205,0.0977904572232099
C:\Users\damba\.cache\kagglehub\datasets\sunnykusawa\ecommerce-products-image-dataset\versions\1\ecommerce products\tv\84.jpg,tv,exito,0.3183098861837905,0.048940502713962025,0.07441182957440243,0.08112949293341225,0.09644367067279802,0.02379269226134497,0.08898712625143775,0.09498799254053689,0.013915844195253551,0.12039663181376312,0.06178319424179459,0.0078070379185080085,0.046570837524760815,0.03931922193860615,0.031829099898347105,0.009409108594803895,0.061417702269020547,0.08019144481536322,0.0075908758602299,0.006676280141718494,0.038720865576424686,0.07352294394433789,0.0903696590415717,0.11155670506834509,0.09547676715570484
C:\Users\damba\.cache\kagglehub\datasets\sunnykusawa\ecommerce-products-image-dataset\versions\1\ecommerce products\tv\85.jpg,tv,exito,0.31830988618379075,0.3265338074264091,0.03330084043654494,0.10508179058421016,0.274036819800388,0.14936908426982465,0.32652221446357316,0.17768450587467344,0.18825694067401152,0.10609769326436037,0.08247755019142695,0.12236936760300898,0.022212795675021213,0.10724658889682927,0.08143214720723027,0.15908878571774543,0.04879339374229472,0.051621841942548444,0.07521258418858409,0.1728039759981671,0.021510728274352346,0.06259691517649002,0.06619629387407713,0.11873899760671502,0.08640275685172766
C:\Users\damba\.cache\kagglehub\datasets\sunnykusawa\ecommerce-products-image-dataset\versions\1\ecommerce products\tv\86.jpg,tv,exito,0.31830988618379047,0.012670745941022854,0.031991366981067124,0.0023647607044132803,0.029070046418718423,0.06651330182850246,0.0035004758263676486,0.004064535781933207,0.08266829490154744,0.04267669755454976,0.11543693761334287,0.11572107261968755,0.09731689531639548,0.015680673519885554,0.005313803213478377,0.02621577379708427,0.030447476212462896,0.14659900803150452,0.14950366521368064,0.1301811481048947,0.20667543349173903,0.04024966675827481,0.15325828458731067,0.04390553710278491,0.38627437153959104
C:\Users\damba\.cache\kagglehub\datasets\sunnykusawa\ecommerce-products-image-dataset\versions\1\ecommerce products\tv\87.jpg,tv,exito,0.3183098861837906,0.039877101106773595,0.006040021842272167,0.004096952650149647,0.08869961401985488,0.008896764029251176,0.0026781194870543067,0.017347848977938157,0.011551818080001004,0.13264574840338209,0.03778326525087047,0.15887221730599246,0.02873806997932813,0.04189368356065535,0.04305976313543929,0.15752294102452494,0.11310144070849794,0.0374994188128968,0.16224630709747087,0.08327966553496818,0.04679798679469518,0.06718718600842362,0.08058615700692912,0.17494689398015037,0.07937481165702763
C:\Users\damba\.cache\kagglehub\datasets\sunnykusawa\ecommerce-products-image-dataset\versions\1\ecommerce products\tv\88.jpg,tv,exito,0.0,0.0,0.0,0.0,0.0,0.0,0.0,0.0,0.0,0.0,0.0,0.0,0.0,0.0,0.0,0.0,0.0,0.0,0.0,0.0,0.0,0.0,0.0,0.0,0.0
C:\Users\damba\.cache\kagglehub\datasets\sunnykusawa\ecommerce-products-image-dataset\versions\1\ecommerce products\tv\89.jpg,tv,exito,0.3183098861837905,0.017571593214241354,0.01848704050085148,0.036208733682514115,0.02032158267576736,0.044082609222563296,0.004439669989573067,0.06175683154801857,0.04443708448127224,0.010796118115846333,0.04696699566048994,0.09361888216290504,0.06261607781022901,0.08375329221484377,0.11279043237665884,0.08996576816996237,0.03477274951654073,0.01675580684461467,0.05882220465611266,0.10550290028723684,0.1659295990627108,0.08950599719695436,0.2025898831785707,0.11484975052880701,0.11665211394508228
C:\Users\damba\.cache\kagglehub\datasets\sunnykusawa\ecommerce-products-image-dataset\versions\1\ecommerce products\tv\9.jpg,tv,exito,0.3183098861837905,0.01633553747898965,0.018289539079225342,0.036664701519452975,0.041249164947173365,0.04734524121757794,0.009294342021404703,0.06685881635502013,0.04820915512012449,0.06807759815652271,0.06980336298896504,0.0932265317705885,0.033494018476737324,0.09832390982960529,0.07721390141541024,0.10814959963402186,0.05149837759731402,0.03732419840078513,0.06139112313570176,0.1095059013927635,0.10191319440926389,0.10653715779355011,0.11780469422069713,0.14410735532786695,0.07082794145122902
C:\Users\damba\.cache\kagglehub\datasets\sunnykusawa\ecommerce-products-image-dataset\versions\1\ecommerce products\tv\90.jpg,tv,exito,0.3183098861837907,0.016530983151416625,0.10739106597201456,0.0006438852887088049,0.04414950031877687,2.2292860555271935e-05,0.155239738690429,0.0039377489142152665,0.09333109818681816,0.08979722843765808,0.014376369229180033,0.014541126874542032,0.1449552720271755,0.012766633372940369,0.22040860967299317,0.001321554206072326,0.1469420253368497,0.06402896840078982,0.0649014696076955,9.151080235093862e-05,0.07787792765064339,0.028897394937321696,0.3385283507212525,0.009272254209114147,0.19897469465476608
C:\Users\damba\.cache\kagglehub\datasets\sunnykusawa\ecommerce-products-image-dataset\versions\1\ecommerce products\tv\91.jpg,tv,exito,0.31830988618379064,0.005939784295834374,0.049209558954633636,0.05679307615132154,0.009258234660532248,0.07001972478957418,0.054905538330522086,0.10150326139383796,0.02930952645041531,0.031985457962941465,0.09731839623973886,0.024738222197318527,0.0065577024226383465,0.14511704404185016,0.1166726026494998,0.0244476645427321,0.05282362722217483,0.07553218856914315,0.04526261423737823,0.011673366372335433,0.08339468943321236,0.16258681649154277,0.20700091433794673,0.011120333933620408,0.14653546022908173
C:\Users\damba\.cache\kagglehub\datasets\sunnykusawa\ecommerce-products-image-dataset\versions\1\ecommerce products\tv\92.jpg,tv,exito,0.3183098861837905,0.046090817904625526,0.02704286621898002,0.033300880984907175,0.10034903150927503,0.05095951418710866,0.05732875515259894,0.05321727617841251,0.05335687492060921,0.14842561110036467,0.09527037575888375,0.09767896162234019,0.10476279778260324,0.0708333944535594,0.09698349836039442,0.12756333781441007,0.13108481018775078,0.10997213306205994,0.10370960316082298,0.11900575126033554,0.1456588911458169,0.08187020896032791,0.14908627934639812,0.18267007753095119,0.02245773490149947
C:\Users\damba\.cache\kagglehub\datasets\sunnykusawa\ecommerce-products-image-dataset\versions\1\ecommerce products\tv\93.jpg,tv,exito,0.3183098861837905,0.024130897398055583,0.019776064183534538,0.036704254201267696,0.05662383869695311,0.049125362450381696,0.01741363579011112,0.06878008865815992,0.05099163068790769,0.08761720789860471,0.08097000292950604,0.09126573813937469,0.010540369060035288,0.10182298059119395,0.07763708641780778,0.10763946388668585,0.06290746223002863,0.06457892347869408,0.0520551655274368,0.1035403413228528,0.06323626096721999,0.10773240504721916,0.10968501544054321,0.13236569528673592,0.060890589431554794
C:\Users\damba\.cache\kagglehub\datasets\sunnykusawa\ecommerce-products-image-dataset\versions\1\ecommerce products\tv\94.jpg,tv,exito,0.3183098861837907,0.012347414517924742,0.10682173983456673,0.0003592222199849875,0.032954307567094984,9.289617542988041e-06,0.15175753315790527,0.0021961477732666858,0.09333172879066175,0.06683616508158101,0.010917069264090992,0.010861154600231694,0.13287676959612332,0.008041803377325912,0.2192503883443102,0.0007372925859607472,0.10857373599956781,0.0486828480087957,0.04838625305106167,3.813330805592251e-05,0.04725560566403105,0.02251571502793102,0.3304040357747587,0.00516770615226623,0.19897003515157138
C:\Users\damba\.cache\kagglehub\datasets\sunnykusawa\ecommerce-products-image-dataset\versions\1\ecommerce products\tv\95.jpg,tv,exito,0.3183098861837906,0.03919484229254967,0.01008364699672475,0.010604347651314997,0.08389702073246488,0.08392337006922758,0.01718176254081123,0.016003852203040993,0.06590805612475469,0.12378155329734959,0.12186766403629257,0.08230577241357509,0.01880975427125295,0.09632637283566786,0.10230613064420027,0.06392693183730462,0.1217512638314293,0.11507194810149417,0.08015676614020564,0.0583947449906029,0.008081131185120077,0.19948613696958542,0.1235647789664494,0.16070064178819368,0.0687143897333427
C:\Users\damba\.cache\kagglehub\datasets\sunnykusawa\ecommerce-products-image-dataset\versions\1\ecommerce products\tv\96.jpg,tv,exito,0.3183098861837905,0.0216361791283303,0.01923802263855863,0.035816332088274644,0.02930118617903127,0.04318311288435239,0.007490856690958332,0.05880844706871617,0.043192714458049765,0.026803772510590358,0.041533360614493274,0.09504989684654197,0.056438728374080954,0.07680240072254627,0.11914457523012435,0.08974270791603046,0.04910023678283343,0.027866137662156492,0.0689408035394906,0.10780665189086142,0.15633427763890254,0.08296719947728173,0.2171471810454501,0.11970378949448661,0.1247017710303482
C:\Users\damba\.cache\kagglehub\datasets\sunnykusawa\ecommerce-products-image-dataset\versions\1\ecommerce products\tv\97.jpg,tv,exito,0.3183098861837906,0.03493460251695515,0.011571862834629108,0.006697502076991184,0.07811474375527545,0.08369706508423135,0.022666730333828784,0.042281349082385525,0.06990760961814266,0.13015873232738023,0.12813834846482441,0.09021579824324434,0.023028749670897884,0.17546793034032176,0.12441605007508524,0.0712758080693848,0.17601215828320071,0.15043874108095304,0.11166986862816626,0.0683848950077798,0.02346149289493046,0.35023715582577647,0.17035208075475813,0.19978584920230744,0.04990117880026561
C:\Users\damba\.cache\kagglehub\datasets\sunnykusawa\ecommerce-products-image-dataset\versions\1\ecommerce products\tv\98.jpg,tv,exito,0.3183098861837906,0.03493460251695515,0.011571862834629108,0.006697502076991184,0.07811474375527545,0.08369706508423135,0.022666730333828784,0.042281349082385525,0.06990760961814266,0.13015873232738023,0.12813834846482441,0.09021579824324434,0.023028749670897884,0.17546793034032176,0.12441605007508524,0.0712758080693848,0.17601215828320071,0.15043874108095304,0.11166986862816626,0.0683848950077798,0.02346149289493046,0.35023715582577647,0.17035208075475813,0.19978584920230744,0.04990117880026561
C:\Users\damba\.cache\kagglehub\datasets\sunnykusawa\ecommerce-products-image-dataset\versions\1\ecommerce products\tv\99.jpg,tv,exito,0.3183098861837906,0.02221889138755841,0.014996578889972903,0.007518852493305326,0.05455861291442378,0.08422534839654434,0.041344128960124564,0.028974147803495685,0.06237972055951142,0.0967954613256352,0.11824299173048054,0.08363701109468161,0.07896732443590262,0.13112812174492075,0.08799833144646399,0.060554214699355895,0.12161506653629725,0.1012608378818885,0.07912540827806577,0.05958333762362031,0.0939695377564009,0.25211241139266,0.08837530260277793,0.16255723565076954,0.05746220430703344
